#
# There is insufficient memory for the Java Runtime Environment to continue.
# Native memory allocation (mmap) failed to map 65536 bytes. Error detail: Failed to commit metaspace.
# Possible reasons:
#   The system is out of physical RAM or swap space
#   This process is running with CompressedOops enabled, and the Java Heap may be blocking the growth of the native heap
# Possible solutions:
#   Reduce memory load on the system
#   Increase physical memory or swap space
#   Check if swap backing store is full
#   Decrease Java heap size (-Xmx/-Xms)
#   Decrease number of Java threads
#   Decrease Java thread stack sizes (-Xss)
#   Set larger code cache with -XX:ReservedCodeCacheSize=
#   JVM is running with Unscaled Compressed Oops mode in which the Java heap is
#     placed in the first 4GB address space. The Java Heap base address is the
#     maximum limit for the native heap growth. Please use -XX:HeapBaseMinAddress
#     to set the Java Heap base and to place the Java Heap above 4GB virtual address.
# This output file may be truncated or incomplete.
#
#  Out of Memory Error (virtualSpaceNode.cpp:113), pid=15608, tid=21912
#
# JRE version: OpenJDK Runtime Environment Temurin-21.0.12.1+1 (21.0.12.1+1) (build 21.0.12.1+1-LTS)
# Java VM: OpenJDK 64-Bit Server VM Temurin-21.0.12.1+1 (21.0.12.1+1-LTS, mixed mode, sharing, tiered, compressed oops, compressed class ptrs, g1 gc, windows-amd64)
# No core dump will be written. Minidumps are not enabled by default on client versions of Windows
#

---------------  S U M M A R Y ------------

Command Line: --add-opens=java.base/java.lang=ALL-UNNAMED --add-opens=java.base/java.lang.invoke=ALL-UNNAMED --add-opens=java.base/java.util=ALL-UNNAMED --add-opens=java.prefs/java.util.prefs=ALL-UNNAMED --add-exports=jdk.compiler/com.sun.tools.javac.api=ALL-UNNAMED --add-exports=jdk.compiler/com.sun.tools.javac.util=ALL-UNNAMED --add-opens=java.base/java.util=ALL-UNNAMED --add-opens=java.prefs/java.util.prefs=ALL-UNNAMED --add-opens=java.base/java.nio.charset=ALL-UNNAMED --add-opens=java.base/java.net=ALL-UNNAMED --add-opens=java.base/java.util.concurrent.atomic=ALL-UNNAMED --add-opens=java.xml/javax.xml.namespace=ALL-UNNAMED -XX:MaxMetaspaceSize=512m -XX:ReservedCodeCacheSize=256m -XX:+HeapDumpOnOutOfMemoryError -Xmx2G -Dfile.encoding=UTF-8 -Duser.country=IN -Duser.language=en -Duser.variant -javaagent:D:\gradle_cache\wrapper\dists\gradle-8.12-all\ejduaidbjup3bmmkhw3rie4zb\gradle-8.12\lib\agents\gradle-instrumentation-agent-8.12.jar org.gradle.launcher.daemon.bootstrap.GradleDaemon 8.12

Host: 12th Gen Intel(R) Core(TM) i5-12450H, 12 cores, 7G,  Windows 11 , 64 bit Build 26100 (10.0.26100.9444)
Time: Sun Sep 13 16:23:44 2026 India Standard Time elapsed time: 1.737216 seconds (0d 0h 0m 1s)

---------------  T H R E A D  ---------------

Current thread (0x000001cd6fa76400):  JavaThread "Daemon worker"        [_thread_in_vm, id=21912, stack(0x0000003772000000,0x0000003772100000) (1024K)]

Stack: [0x0000003772000000,0x0000003772100000]
Native frames: (J=compiled Java code, j=interpreted, Vv=VM code, C=native code)
V  [jvm.dll+0x6d83e9]
V  [jvm.dll+0x8b5736]
V  [jvm.dll+0x8b7cee]
V  [jvm.dll+0x8b83d3]
V  [jvm.dll+0x284596]
V  [jvm.dll+0x8b147e]
V  [jvm.dll+0x679ad4]
V  [jvm.dll+0x1e849b]
V  [jvm.dll+0x1e825e]
V  [jvm.dll+0x67c3d2]
V  [jvm.dll+0x67c202]
V  [jvm.dll+0x67a4ae]
V  [jvm.dll+0x26f864]
V  [jvm.dll+0x21a11f]
V  [jvm.dll+0x20f80e]
V  [jvm.dll+0x5b6a7f]
V  [jvm.dll+0x82f606]
V  [jvm.dll+0x4792f8]
V  [jvm.dll+0x47f128]
C  [java.dll+0x17ec]

Java frames: (J=compiled Java code, j=interpreted, Vv=VM code)
J 758  java.lang.ClassLoader.defineClass1(Ljava/lang/ClassLoader;Ljava/lang/String;[BIILjava/security/ProtectionDomain;Ljava/lang/String;)Ljava/lang/Class; java.base@21.0.12.1 (0 bytes) @ 0x000001cd40d59911 [0x000001cd40d59840+0x00000000000000d1]
J 1007 c1 java.lang.ClassLoader.defineClass(Ljava/lang/String;[BIILjava/security/ProtectionDomain;)Ljava/lang/Class; java.base@21.0.12.1 (43 bytes) @ 0x000001cd38c043f4 [0x000001cd38c040a0+0x0000000000000354]
J 1095 c1 java.security.SecureClassLoader.defineClass(Ljava/lang/String;[BIILjava/security/CodeSource;)Ljava/lang/Class; java.base@21.0.12.1 (16 bytes) @ 0x000001cd38c1e91c [0x000001cd38c1e840+0x00000000000000dc]
J 1439 c1 java.net.URLClassLoader.defineClass(Ljava/lang/String;Ljdk/internal/loader/Resource;)Ljava/lang/Class; java.base@21.0.12.1 (224 bytes) @ 0x000001cd38cfbe44 [0x000001cd38cfa700+0x0000000000001744]
J 861 c1 java.net.URLClassLoader$1.run()Ljava/lang/Class; java.base@21.0.12.1 (81 bytes) @ 0x000001cd38bbe67c [0x000001cd38bbda40+0x0000000000000c3c]
J 860 c1 java.net.URLClassLoader$1.run()Ljava/lang/Object; java.base@21.0.12.1 (5 bytes) @ 0x000001cd38bbd4d4 [0x000001cd38bbd440+0x0000000000000094]
J 676 c1 java.security.AccessController.doPrivileged(Ljava/security/PrivilegedExceptionAction;Ljava/security/AccessControlContext;)Ljava/lang/Object; java.base@21.0.12.1 (26 bytes) @ 0x000001cd38b49f8c [0x000001cd38b49da0+0x00000000000001ec]
J 812 c1 java.net.URLClassLoader.findClass(Ljava/lang/String;)Ljava/lang/Class; java.base@21.0.12.1 (47 bytes) @ 0x000001cd38ba4ac4 [0x000001cd38ba4920+0x00000000000001a4]
J 759 c1 java.lang.ClassLoader.loadClass(Ljava/lang/String;Z)Ljava/lang/Class; java.base@21.0.12.1 (121 bytes) @ 0x000001cd38b89924 [0x000001cd38b89360+0x00000000000005c4]
J 853 c1 java.lang.ClassLoader.loadClass(Ljava/lang/String;)Ljava/lang/Class; java.base@21.0.12.1 (7 bytes) @ 0x000001cd38bbaa54 [0x000001cd38bba940+0x0000000000000114]
v  ~StubRoutines::call_stub 0x000001cd4077100d
j  org.gradle.internal.instantiation.generator.AsmBackedClassGenerator$ClassInspectionVisitorImpl.builder()Lorg/gradle/internal/instantiation/generator/AbstractClassGenerator$ClassGenerationVisitor;+173
j  org.gradle.internal.instantiation.generator.AbstractClassGenerator.generateUnderLock(Ljava/lang/Class;)Lorg/gradle/internal/instantiation/generator/AbstractClassGenerator$GeneratedClassImpl;+393
j  org.gradle.internal.instantiation.generator.AbstractClassGenerator$$Lambda+0x000001cd501b0000.apply(Ljava/lang/Object;)Ljava/lang/Object;+8
j  org.gradle.cache.internal.DefaultCrossBuildInMemoryCacheFactory$AbstractCrossBuildInMemoryCache.get(Ljava/lang/Object;Ljava/util/function/Function;)Ljava/lang/Object;+26
j  org.gradle.internal.instantiation.generator.AbstractClassGenerator.generate(Ljava/lang/Class;)Lorg/gradle/internal/instantiation/generator/ClassGenerator$GeneratedClass;+12
j  org.gradle.internal.instantiation.generator.AsmBackedClassGenerator.generate(Ljava/lang/Class;)Lorg/gradle/internal/instantiation/generator/ClassGenerator$GeneratedClass;+2
j  org.gradle.internal.instantiation.generator.Jsr330ConstructorSelector.lambda$forType$0(Ljava/lang/Class;)Lorg/gradle/internal/instantiation/generator/Jsr330ConstructorSelector$CachedConstructor;+9
j  org.gradle.internal.instantiation.generator.Jsr330ConstructorSelector$$Lambda+0x000001cd501cc3e8.get()Ljava/lang/Object;+8
j  org.gradle.cache.Cache.lambda$get$0(Ljava/util/function/Supplier;Ljava/lang/Object;)Ljava/lang/Object;+1
j  org.gradle.cache.Cache$$Lambda+0x000001cd5010e410.apply(Ljava/lang/Object;)Ljava/lang/Object;+5
j  org.gradle.cache.internal.DefaultCrossBuildInMemoryCacheFactory$AbstractCrossBuildInMemoryCache.get(Ljava/lang/Object;Ljava/util/function/Function;)Ljava/lang/Object;+26
j  org.gradle.cache.Cache.get(Ljava/lang/Object;Ljava/util/function/Supplier;)Ljava/lang/Object;+8
j  org.gradle.internal.instantiation.generator.Jsr330ConstructorSelector.forType(Ljava/lang/Class;)Lorg/gradle/internal/instantiation/generator/ClassGenerator$GeneratedConstructor;+12
j  org.gradle.internal.instantiation.generator.Jsr330ConstructorSelector.forParams(Ljava/lang/Class;[Ljava/lang/Object;)Lorg/gradle/internal/instantiation/generator/ClassGenerator$GeneratedConstructor;+2
j  org.gradle.internal.instantiation.generator.DependencyInjectingInstantiator.doCreate(Ljava/lang/Class;Lorg/gradle/api/Describable;[Ljava/lang/Object;)Ljava/lang/Object;+6
j  org.gradle.internal.instantiation.generator.DependencyInjectingInstantiator.newInstance(Ljava/lang/Class;[Ljava/lang/Object;)Ljava/lang/Object;+4
j  org.gradle.api.internal.model.DefaultObjectFactory.newInstance(Ljava/lang/Class;[Ljava/lang/Object;)Ljava/lang/Object;+6
j  org.gradle.internal.service.scopes.GradleUserHomeScopeServices.createCachesConfiguration(Lorg/gradle/api/model/ObjectFactory;Lorg/gradle/cache/internal/LegacyCacheCleanupEnablement;)Lorg/gradle/api/internal/cache/CacheConfigurationsInternal;+12
j  java.lang.invoke.LambdaForm$DMH+0x000001cd50098800.invokeVirtual(Ljava/lang/Object;Ljava/lang/Object;Ljava/lang/Object;Ljava/lang/Object;)Ljava/lang/Object;+14 java.base@21.0.12.1
j  java.lang.invoke.LambdaForm$MH+0x000001cd500f1400.invoke(Ljava/lang/Object;Ljava/lang/Object;Ljava/lang/Object;Ljava/lang/Object;)Ljava/lang/Object;+73 java.base@21.0.12.1
J 2377 c1 jdk.internal.reflect.DirectMethodHandleAccessor.invoke(Ljava/lang/Object;[Ljava/lang/Object;)Ljava/lang/Object; java.base@21.0.12.1 (92 bytes) @ 0x000001cd38ebbd64 [0x000001cd38eba7c0+0x00000000000015a4]
J 2376 c1 java.lang.reflect.Method.invoke(Ljava/lang/Object;[Ljava/lang/Object;)Ljava/lang/Object; java.base@21.0.12.1 (108 bytes) @ 0x000001cd38eb9f54 [0x000001cd38eb9a40+0x0000000000000514]
j  org.gradle.internal.reflect.JavaMethod.invoke(Ljava/lang/Object;[Ljava/lang/Object;)Ljava/lang/Object;+6
j  org.gradle.internal.service.ReflectionBasedServiceMethod.invoke(Ljava/lang/Object;[Ljava/lang/Object;)Ljava/lang/Object;+6
j  org.gradle.internal.service.DefaultServiceRegistry$FactoryMethodService.invokeMethod([Ljava/lang/Object;)Ljava/lang/Object;+28
j  org.gradle.internal.service.DefaultServiceRegistry$FactoryService.createServiceInstance()Ljava/lang/Object;+7
j  org.gradle.internal.service.DefaultServiceRegistry$FactoryMethodService.createServiceInstance()Ljava/lang/Object;+1
j  org.gradle.internal.service.DefaultServiceRegistry$ManagedObjectServiceProvider.getInstance()Ljava/lang/Object;+24
j  org.gradle.internal.service.DefaultServiceRegistry$SingletonService.get()Ljava/lang/Object;+1
j  org.gradle.internal.service.DefaultServiceRegistry.applyConfigureMethod(Lorg/gradle/internal/service/ServiceAccessToken;Lorg/gradle/internal/service/ServiceMethod;Ljava/lang/Object;)V+130
j  org.gradle.internal.service.DefaultServiceRegistry.findProviderMethods(Lorg/gradle/internal/service/ServiceRegistrationProvider;Lorg/gradle/internal/service/ServiceAccessToken;)V+215
j  org.gradle.internal.service.DefaultServiceRegistry.addProvider(Lorg/gradle/internal/service/ServiceRegistrationProvider;)Lorg/gradle/internal/service/DefaultServiceRegistry;+18
j  org.gradle.internal.service.DefaultServiceRegistry$1.addProvider(Lorg/gradle/internal/service/ServiceRegistrationProvider;)V+5
j  org.gradle.internal.service.scopes.GradleUserHomeScopeServices.configure(Lorg/gradle/internal/service/ServiceRegistration;)V+13
j  java.lang.invoke.DirectMethodHandle$Holder.invokeVirtual(Ljava/lang/Object;Ljava/lang/Object;Ljava/lang/Object;)V+11 java.base@21.0.12.1
j  java.lang.invoke.LambdaForm$MH+0x000001cd5002e000.invoke(Ljava/lang/Object;Ljava/lang/Object;)Ljava/lang/Object;+39 java.base@21.0.12.1
j  java.lang.invoke.LambdaForm$MH+0x000001cd5002d800.invoke(Ljava/lang/Object;Ljava/lang/Object;Ljava/lang/Object;)Ljava/lang/Object;+45 java.base@21.0.12.1
j  java.lang.invoke.Invokers$Holder.invokeExact_MT(Ljava/lang/Object;Ljava/lang/Object;Ljava/lang/Object;Ljava/lang/Object;)Ljava/lang/Object;+20 java.base@21.0.12.1
j  java.lang.invoke.MethodHandle.invokeWithArguments([Ljava/lang/Object;)Ljava/lang/Object;+28 java.base@21.0.12.1
j  org.gradle.internal.service.MethodHandleBasedServiceMethod.invoke(Ljava/lang/Object;[Ljava/lang/Object;)Ljava/lang/Object;+9
j  org.gradle.internal.service.DefaultServiceRegistry.applyConfigureMethod(Lorg/gradle/internal/service/ServiceAccessToken;Lorg/gradle/internal/service/ServiceMethod;Ljava/lang/Object;)V+146
j  org.gradle.internal.service.DefaultServiceRegistry.findProviderMethods(Lorg/gradle/internal/service/ServiceRegistrationProvider;Lorg/gradle/internal/service/ServiceAccessToken;)V+215
j  org.gradle.internal.service.DefaultServiceRegistry.addProvider(Lorg/gradle/internal/service/ServiceRegistrationProvider;)Lorg/gradle/internal/service/DefaultServiceRegistry;+18
j  org.gradle.internal.service.ServiceRegistryBuilder.build()Lorg/gradle/internal/service/CloseableServiceRegistry;+93
j  org.gradle.internal.service.scopes.DefaultGradleUserHomeScopeServiceRegistry.getServicesFor(Ljava/io/File;)Lorg/gradle/internal/service/ServiceRegistry;+152
j  org.gradle.internal.session.BuildSessionState.<init>(Lorg/gradle/internal/service/scopes/GradleUserHomeScopeServiceRegistry;Lorg/gradle/internal/session/CrossBuildSessionState;Lorg/gradle/api/internal/StartParameterInternal;Lorg/gradle/initialization/BuildRequestMetaData;Lorg/gradle/internal/classpath/ClassPath;Lorg/gradle/initialization/BuildCancellationToken;Lorg/gradle/initialization/BuildClientMetaData;Lorg/gradle/initialization/BuildEventConsumer;)V+15
j  org.gradle.internal.buildprocess.execution.BuildSessionLifecycleBuildActionExecutor.execute(Lorg/gradle/internal/invocation/BuildAction;Lorg/gradle/launcher/exec/BuildActionParameters;Lorg/gradle/initialization/BuildRequestContext;)Lorg/gradle/launcher/exec/BuildActionResult;+86
j  org.gradle.internal.buildprocess.execution.BuildSessionLifecycleBuildActionExecutor.execute(Lorg/gradle/internal/invocation/BuildAction;Ljava/lang/Object;Ljava/lang/Object;)Lorg/gradle/launcher/exec/BuildActionResult;+10
j  org.gradle.internal.buildprocess.execution.StartParamsValidatingActionExecutor.execute(Lorg/gradle/internal/invocation/BuildAction;Lorg/gradle/launcher/exec/BuildActionParameters;Lorg/gradle/initialization/BuildRequestContext;)Lorg/gradle/launcher/exec/BuildActionResult;+203
j  org.gradle.internal.buildprocess.execution.StartParamsValidatingActionExecutor.execute(Lorg/gradle/internal/invocation/BuildAction;Ljava/lang/Object;Ljava/lang/Object;)Lorg/gradle/launcher/exec/BuildActionResult;+10
j  org.gradle.internal.buildprocess.execution.SessionFailureReportingActionExecutor.execute(Lorg/gradle/internal/invocation/BuildAction;Lorg/gradle/launcher/exec/BuildActionParameters;Lorg/gradle/initialization/BuildRequestContext;)Lorg/gradle/launcher/exec/BuildActionResult;+7
j  org.gradle.internal.buildprocess.execution.SessionFailureReportingActionExecutor.execute(Lorg/gradle/internal/invocation/BuildAction;Ljava/lang/Object;Ljava/lang/Object;)Lorg/gradle/launcher/exec/BuildActionResult;+10
j  org.gradle.internal.buildprocess.execution.SetupLoggingActionExecutor.execute(Lorg/gradle/internal/invocation/BuildAction;Lorg/gradle/launcher/exec/BuildActionParameters;Lorg/gradle/initialization/BuildRequestContext;)Lorg/gradle/launcher/exec/BuildActionResult;+50
j  org.gradle.internal.buildprocess.execution.SetupLoggingActionExecutor.execute(Lorg/gradle/internal/invocation/BuildAction;Ljava/lang/Object;Ljava/lang/Object;)Lorg/gradle/launcher/exec/BuildActionResult;+10
j  org.gradle.launcher.daemon.server.exec.ExecuteBuild.doBuild(Lorg/gradle/launcher/daemon/server/api/DaemonCommandExecution;Lorg/gradle/launcher/daemon/protocol/Build;)V+147
j  org.gradle.launcher.daemon.server.exec.BuildCommandOnly.execute(Lorg/gradle/launcher/daemon/server/api/DaemonCommandExecution;)V+49
j  org.gradle.launcher.daemon.server.api.DaemonCommandExecution.proceed()Z+23
j  org.gradle.launcher.daemon.server.exec.WatchForDisconnection.execute(Lorg/gradle/launcher/daemon/server/api/DaemonCommandExecution;)V+19
j  org.gradle.launcher.daemon.server.api.DaemonCommandExecution.proceed()Z+23
j  org.gradle.launcher.daemon.server.exec.ResetDeprecationLogger.execute(Lorg/gradle/launcher/daemon/server/api/DaemonCommandExecution;)V+7
j  org.gradle.launcher.daemon.server.api.DaemonCommandExecution.proceed()Z+23
j  org.gradle.launcher.daemon.server.exec.RequestStopIfSingleUsedDaemon.execute(Lorg/gradle/launcher/daemon/server/api/DaemonCommandExecution;)V+33
j  org.gradle.launcher.daemon.server.api.DaemonCommandExecution.proceed()Z+23
j  org.gradle.launcher.daemon.server.exec.ForwardClientInput.lambda$execute$0(Lorg/gradle/launcher/daemon/server/api/DaemonCommandExecution;Lorg/gradle/internal/daemon/clientinput/StdinHandler;)Ljava/lang/Object;+11
j  org.gradle.launcher.daemon.server.exec.ForwardClientInput$$Lambda+0x000001cd5018dd10.apply(Ljava/lang/Object;)Ljava/lang/Object;+8
j  org.gradle.internal.daemon.clientinput.ClientInputForwarder.forwardInput(Ljava/util/function/Function;)Ljava/lang/Object;+46
j  org.gradle.launcher.daemon.server.exec.ForwardClientInput.execute(Lorg/gradle/launcher/daemon/server/api/DaemonCommandExecution;)V+10
j  org.gradle.launcher.daemon.server.api.DaemonCommandExecution.proceed()Z+23
j  org.gradle.launcher.daemon.server.exec.LogAndCheckHealth.execute(Lorg/gradle/launcher/daemon/server/api/DaemonCommandExecution;)V+51
j  org.gradle.launcher.daemon.server.api.DaemonCommandExecution.proceed()Z+23
j  org.gradle.launcher.daemon.server.exec.LogToClient.doBuild(Lorg/gradle/launcher/daemon/server/api/DaemonCommandExecution;Lorg/gradle/launcher/daemon/protocol/Build;)V+87
j  org.gradle.launcher.daemon.server.exec.BuildCommandOnly.execute(Lorg/gradle/launcher/daemon/server/api/DaemonCommandExecution;)V+49
j  org.gradle.launcher.daemon.server.api.DaemonCommandExecution.proceed()Z+23
j  org.gradle.launcher.daemon.server.exec.EstablishBuildEnvironment.doBuild(Lorg/gradle/launcher/daemon/server/api/DaemonCommandExecution;Lorg/gradle/launcher/daemon/protocol/Build;)V+356
j  org.gradle.launcher.daemon.server.exec.BuildCommandOnly.execute(Lorg/gradle/launcher/daemon/server/api/DaemonCommandExecution;)V+49
j  org.gradle.launcher.daemon.server.api.DaemonCommandExecution.proceed()Z+23
j  org.gradle.launcher.daemon.server.exec.StartBuildOrRespondWithBusy$1.run()V+44
j  org.gradle.launcher.daemon.server.DaemonStateCoordinator.lambda$runCommand$0(Ljava/lang/Runnable;)V+1
j  org.gradle.launcher.daemon.server.DaemonStateCoordinator$$Lambda+0x000001cd5018c698.run()V+8
j  org.gradle.internal.concurrent.ExecutorPolicy$CatchAndRecordFailures.onExecute(Ljava/lang/Runnable;)V+1
j  org.gradle.internal.concurrent.AbstractManagedExecutor$1.run()V+25
j  java.util.concurrent.ThreadPoolExecutor.runWorker(Ljava/util/concurrent/ThreadPoolExecutor$Worker;)V+92 java.base@21.0.12.1
j  java.util.concurrent.ThreadPoolExecutor$Worker.run()V+5 java.base@21.0.12.1
j  java.lang.Thread.runWith(Ljava/lang/Object;Ljava/lang/Runnable;)V+5 java.base@21.0.12.1
j  java.lang.Thread.run()V+19 java.base@21.0.12.1
v  ~StubRoutines::call_stub 0x000001cd4077100d

Compiled method (n/a) 1924  758     n 0       java.lang.ClassLoader::defineClass1 (native)
 total in heap  [0x000001cd40d59690,0x000001cd40d59c28] = 1432
 relocation     [0x000001cd40d597f0,0x000001cd40d59828] = 56
 main code      [0x000001cd40d59840,0x000001cd40d59c21] = 993
 stub code      [0x000001cd40d59c21,0x000001cd40d59c28] = 7

[Constant Pool (empty)]

[MachCode]
[Entry Point]
  # {method} {0x000001cd4f434c38} 'defineClass1' '(Ljava/lang/ClassLoader;Ljava/lang/String;[BIILjava/security/ProtectionDomain;Ljava/lang/String;)Ljava/lang/Class;' in 'java/lang/ClassLoader'
  # parm0:    rdx:rdx   = 'java/lang/ClassLoader'
  # parm1:    r8:r8     = 'java/lang/String'
  # parm2:    r9:r9     = '[B'
  # parm3:    rdi       = int
  # parm4:    rsi       = int
  # parm5:    rcx:rcx   = 'java/security/ProtectionDomain'
  # parm6:    [sp+0xa0]   = 'java/lang/String'  (sp of caller)
  0x000001cd40d59840: 448b 5208 | 49bb 0000 | 004f cd01 | 0000 4d03 | d349 3bc2 | 0f84 0600 

  0x000001cd40d59858: ;   {runtime_call ic_miss_stub}
  0x000001cd40d59858: 0000 e921 | 4fa6 ff90 
[Verified Entry Point]
  0x000001cd40d59860: 8984 2400 | 80ff ff55 | 488b ec48 | 81ec 9000 | 0000 6690 | 4181 7f20 | 0100 0000 

  0x000001cd40d5987c: ;   {runtime_call StubRoutines (final stubs)}
  0x000001cd40d5987c: 7405 e81d | cca4 ff48 | 837d 1000 | 488d 4510 | 480f 4445 | 1048 8944 | 2440 4889 | 4c24 7048 
  0x000001cd40d5989c: 83f9 0048 | 8d44 2470 | 480f 4444 | 2470 4889 | 4424 3848 | 8974 2430 | 4889 7c24 | 284c 894c 
  0x000001cd40d598bc: 2458 4983 | f900 488d | 4424 5848 | 0f44 4424 | 5848 8944 | 2420 4c89 | 4424 5049 | 83f8 004c 
  0x000001cd40d598dc: 8d4c 2450 | 4c0f 444c | 2450 4889 | 5424 4848 | 83fa 004c | 8d44 2448 | 4c0f 4444 

  0x000001cd40d598f8: ;   {oop(a 'java/lang/Class'{0x00000000800e2ff8} = 'java/lang/ClassLoader')}
  0x000001cd40d598f8: 2448 49be | f82f 0e80 | 0000 0000 | 4c89 7424 | 784c 8d74 | 2478 498b | d6c5 f877 

  0x000001cd40d59914: ;   {internal_word}
  0x000001cd40d59914: 49ba 1199 | d540 cd01 | 0000 4d89 | 97a8 0300 | 0049 89a7 | a003 0000 

  0x000001cd40d5992c: ;   {external_word}
  0x000001cd40d5992c: 49ba 066d | d895 ff7f | 0000 4180 | 3a00 0f84 | 4e00 0000 | 5241 5041 

  0x000001cd40d59944: ;   {metadata({method} {0x000001cd4f434c38} 'defineClass1' '(Ljava/lang/ClassLoader;Ljava/lang/String;[BIILjava/security/ProtectionDomain;Ljava/lang/String;)Ljava/lang/Class;' in 'java/lang/ClassLoader')}
  0x000001cd40d59944: 5148 ba30 | 4c43 4fcd | 0100 0049 | 8bcf 4883 | ec20 40f6 | c40f 0f84 | 1900 0000 | 4883 ec08 
  0x000001cd40d59964: ;   {runtime_call}
  0x000001cd40d59964: 48b8 e0ea | 8195 ff7f | 0000 ffd0 | 4883 c408 | e90c 0000 

  0x000001cd40d59978: ;   {runtime_call}
  0x000001cd40d59978: 0048 b8e0 | ea81 95ff | 7f00 00ff | d048 83c4 | 2041 5941 | 585a 498d | 8fc0 0300 | 0041 c787 
  0x000001cd40d59998: 4c04 0000 | 0400 0000 

  0x000001cd40d599a0: ;   {runtime_call}
  0x000001cd40d599a0: 48b8 ac16 | b301 f87f | 0000 ffd0 | c5f8 7741 | c787 4c04 | 0000 0500 | 0000 f083 | 4424 c000 
  0x000001cd40d599c0: 493b af50 | 0400 000f | 870e 0000 | 0041 83bf | 4804 0000 | 000f 842b | 0000 00c5 | f877 4889 
  0x000001cd40d599e0: 45f8 498b | cf4c 8be4 | 4883 ec20 | 4883 e4f0 

  0x000001cd40d599f0: ;   {runtime_call}
  0x000001cd40d599f0: 48b8 0058 | 4d95 ff7f | 0000 ffd0 | 498b e44d | 33e4 488b | 45f8 41c7 | 874c 0400 | 0008 0000 
  0x000001cd40d59a10: 0041 83bf | c804 0000 | 020f 84d5 

  0x000001cd40d59a1c: ;   {external_word}
  0x000001cd40d59a1c: 0100 0049 | ba06 6dd8 | 95ff 7f00 | 0041 803a | 000f 844c | 0000 0048 

  0x000001cd40d59a34: ;   {metadata({method} {0x000001cd4f434c38} 'defineClass1' '(Ljava/lang/ClassLoader;Ljava/lang/String;[BIILjava/security/ProtectionDomain;Ljava/lang/String;)Ljava/lang/Class;' in 'java/lang/ClassLoader')}
  0x000001cd40d59a34: 8945 f848 | ba30 4c43 | 4fcd 0100 | 0049 8bcf | 4883 ec20 | 40f6 c40f | 0f84 1900 | 0000 4883 
  0x000001cd40d59a54: ;   {runtime_call}
  0x000001cd40d59a54: ec08 48b8 | e0ea 8195 | ff7f 0000 | ffd0 4883 | c408 e90c 

  0x000001cd40d59a68: ;   {runtime_call}
  0x000001cd40d59a68: 0000 0048 | b8e0 ea81 | 95ff 7f00 | 00ff d048 | 83c4 2048 | 8b45 f849 | c787 a003 | 0000 0000 
  0x000001cd40d59a88: 0000 49c7 | 87a8 0300 | 0000 0000 | 00c5 f877 | 4885 c00f | 8430 0100 | 00a8 030f | 8508 0000 
  0x000001cd40d59aa8: 0048 8b00 | e920 0100 | 00a8 010f | 8509 0000 | 0048 8b40 | fee9 0f01 | 0000 488b | 40ff 4180 
  0x000001cd40d59ac8: 7f40 000f | 8400 0100 | 0048 83f8 | 000f 84f6 | 0000 0049 | 8b4f 2848 | 83f9 000f | 8414 0000 
  0x000001cd40d59ae8: 0048 83e9 | 0849 894f | 2849 034f | 3848 8901 | e9d4 0000 | 0048 83ec | 7048 8904 | 2448 894c 
  0x000001cd40d59b08: 2408 4889 | 5424 104c | 8944 2418 | 4c89 4c24 | 204c 8954 | 2428 4c89 | 5c24 30c5 | fb11 4424 
  0x000001cd40d59b28: 40c5 fb11 | 4c24 48c5 | fb11 5424 | 50c5 fb11 | 5c24 58c5 | fb11 6424 | 60c5 fb11 | 6c24 6849 
  0x000001cd40d59b48: 8bd7 488b | c848 83ec | 2040 f6c4 | 0f0f 8419 | 0000 0048 

  0x000001cd40d59b5c: ;   {runtime_call}
  0x000001cd40d59b5c: 83ec 0848 | b820 a440 | 95ff 7f00 | 00ff d048 | 83c4 08e9 | 0c00 0000 

  0x000001cd40d59b74: ;   {runtime_call}
  0x000001cd40d59b74: 48b8 20a4 | 4095 ff7f | 0000 ffd0 | 4883 c420 | c5fb 106c | 2468 c5fb | 1064 2460 | c5fb 105c 
  0x000001cd40d59b94: 2458 c5fb | 1054 2450 | c5fb 104c | 2448 c5fb | 1044 2440 | 4c8b 5c24 | 304c 8b54 | 2428 4c8b 
  0x000001cd40d59bb4: 4c24 204c | 8b44 2418 | 488b 5424 | 1048 8b4c | 2408 488b | 0424 4883 | c470 c5f8 | 7749 8b8f 
  0x000001cd40d59bd4: 3004 0000 | c781 0001 | 0000 0000 | 0000 c949 | 837f 0800 | 0f85 0100 

  0x000001cd40d59bec: ;   {runtime_call StubRoutines (initial stubs)}
  0x000001cd40d59bec: 0000 c3e9 | 0c73 a1ff | c5f8 7748 | 8945 f84c | 8be4 4883 | ec20 4883 

  0x000001cd40d59c04: ;   {runtime_call}
  0x000001cd40d59c04: e4f0 48b8 | 3022 8295 | ff7f 0000 | ffd0 498b | e44d 33e4 | 488b 45f8 | e9fe fdff | fff4 f4f4 
  0x000001cd40d59c24: f4f4 f4f4 
[/MachCode]


Compiled method (c1) 1951 1007       3       java.lang.ClassLoader::defineClass (43 bytes)
 total in heap  [0x000001cd38c03e90,0x000001cd38c047e0] = 2384
 relocation     [0x000001cd38c03ff0,0x000001cd38c04090] = 160
 main code      [0x000001cd38c040a0,0x000001cd38c04538] = 1176
 stub code      [0x000001cd38c04538,0x000001cd38c045b0] = 120
 metadata       [0x000001cd38c045b0,0x000001cd38c045e0] = 48
 scopes data    [0x000001cd38c045e0,0x000001cd38c046d0] = 240
 scopes pcs     [0x000001cd38c046d0,0x000001cd38c047b0] = 224
 dependencies   [0x000001cd38c047b0,0x000001cd38c047b8] = 8
 nul chk table  [0x000001cd38c047b8,0x000001cd38c047e0] = 40

[Constant Pool (empty)]

[MachCode]
[Entry Point]
  # {method} {0x000001cd4f434fb8} 'defineClass' '(Ljava/lang/String;[BIILjava/security/ProtectionDomain;)Ljava/lang/Class;' in 'java/lang/ClassLoader'
  # this:     rdx:rdx   = 'java/lang/ClassLoader'
  # parm0:    r8:r8     = 'java/lang/String'
  # parm1:    r9:r9     = '[B'
  # parm2:    rdi       = int
  # parm3:    rsi       = int
  # parm4:    rcx:rcx   = 'java/security/ProtectionDomain'
  #           [sp+0xc0]  (sp of caller)
  0x000001cd38c040a0: 448b 5208 | 49bb 0000 | 004f cd01 | 0000 4d03 | d34c 3bd0 

  0x000001cd38c040b4: ;   {runtime_call ic_miss_stub}
  0x000001cd38c040b4: 0f85 c6a6 | bb07 660f | 1f44 0000 
[Verified Entry Point]
  0x000001cd38c040c0: 8984 2400 | 80ff ff55 | 4881 ecb0 | 0000 0090 | 4181 7f20 | 0100 0000 

  0x000001cd38c040d8: ;   {runtime_call StubRoutines (final stubs)}
  0x000001cd38c040d8: 7405 e8c1 | 23ba 0748 | 8954 2478 

  0x000001cd38c040e4: ;   {metadata(method data for {method} {0x000001cd4f434fb8} 'defineClass' '(Ljava/lang/String;[BIILjava/security/ProtectionDomain;)Ljava/lang/Class;' in 'java/lang/ClassLoader')}
  0x000001cd38c040e4: 48bb 88eb | 176a cd01 | 0000 8b83 | cc00 0000 | 83c0 0289 | 83cc 0000 | 0025 fe07 | 0000 85c0 
  0x000001cd38c04104: 0f84 5003 | 0000 89b4 | 2494 0000 | 0089 bc24 | 9000 0000 | 4c89 8c24 | 8800 0000 

  0x000001cd38c04120: ;   {metadata(method data for {method} {0x000001cd4f434fb8} 'defineClass' '(Ljava/lang/String;[BIILjava/security/ProtectionDomain;)Ljava/lang/Class;' in 'java/lang/ClassLoader')}
  0x000001cd38c04120: 488b da48 | b888 eb17 | 6acd 0100 | 0048 8380 | 1001 0000 | 0149 8bd8 | 4c8b c34c | 8bc9 488b 
  0x000001cd38c04140: ca48 8bd1 | 4889 9c24 | 8000 0000 

  0x000001cd38c0414c: ;   {optimized virtual_call}
  0x000001cd38c0414c: 6666 90e8 

  0x000001cd38c04150: ; ImmutableOopMap {[120]=Oop [128]=Oop [136]=Oop }
                      ;*invokevirtual preDefineClass {reexecute=0 rethrow=0 return_oop=0}
                      ; - java.lang.ClassLoader::defineClass@4
  0x000001cd38c04150: cc14 0500 

  0x000001cd38c04154: ;   {other}
  0x000001cd38c04154: 0f1f 8400 | c402 0000 | 4889 8424 | 9800 0000 | 488b 5424 

  0x000001cd38c04168: ;   {metadata(method data for {method} {0x000001cd4f434fb8} 'defineClass' '(Ljava/lang/String;[BIILjava/security/ProtectionDomain;)Ljava/lang/Class;' in 'java/lang/ClassLoader')}
  0x000001cd38c04168: 7849 b888 | eb17 6acd | 0100 0049 | 8380 4801 

  0x000001cd38c04178: ;   {metadata(method data for {method} {0x000001cd4f434ca0} 'defineClassSourceLocation' '(Ljava/security/ProtectionDomain;)Ljava/lang/String;' in 'java/lang/ClassLoader')}
  0x000001cd38c04178: 0000 0149 | b8a0 f217 | 6acd 0100 | 0041 8b90 | cc00 0000 | 83c2 0241 | 8990 cc00 | 0000 81e2 
  0x000001cd38c04198: feff 1f00 | 85d2 0f84 | d702 0000 

  0x000001cd38c041a4: ; implicit exception: dispatches to 0x000001cd38c0449c
  0x000001cd38c041a4: 483b 004c 

  0x000001cd38c041a8: ;   {metadata(method data for {method} {0x000001cd4f434ca0} 'defineClassSourceLocation' '(Ljava/security/ProtectionDomain;)Ljava/lang/String;' in 'java/lang/ClassLoader')}
  0x000001cd38c041a8: 8bc0 48ba | a0f2 176a | cd01 0000 | 4883 8210 | 0100 0001 | 448b 4010 

  0x000001cd38c041c0: ;   {metadata(method data for {method} {0x000001cd4f434ca0} 'defineClassSourceLocation' '(Ljava/security/ProtectionDomain;)Ljava/lang/String;' in 'java/lang/ClassLoader')}
  0x000001cd38c041c0: 4d85 c048 | baa0 f217 | 6acd 0100 | 0048 c7c6 | 5801 0000 | 7507 48c7 | c648 0100 | 0048 8b3c 
  0x000001cd38c041e0: 3248 8d7f | 0148 893c | 320f 850f 

  0x000001cd38c041ec: ;   {oop(nullptr)}
  0x000001cd38c041ec: 0000 0048 | bb00 0000 | 0000 0000 | 00e9 a101 | 0000 493b | 0049 8bd0 

  0x000001cd38c04204: ;   {metadata(method data for {method} {0x000001cd4f434ca0} 'defineClassSourceLocation' '(Ljava/security/ProtectionDomain;)Ljava/lang/String;' in 'java/lang/ClassLoader')}
  0x000001cd38c04204: 48be a0f2 | 176a cd01 | 0000 4883 | 8668 0100 | 0001 418b | 500c 4885 

  0x000001cd38c0421c: ;   {metadata(method data for {method} {0x000001cd4f434ca0} 'defineClassSourceLocation' '(Ljava/security/ProtectionDomain;)Ljava/lang/String;' in 'java/lang/ClassLoader')}
  0x000001cd38c0421c: d248 bea0 | f217 6acd | 0100 0048 | c7c7 b001 | 0000 7507 | 48c7 c7a0 | 0100 0048 | 8b1c 3e48 
  0x000001cd38c0423c: 8d5b 0148 | 891c 3e0f | 850f 0000 

  0x000001cd38c04248: ;   {oop(nullptr)}
  0x000001cd38c04248: 0048 bb00 | 0000 0000 | 0000 00e9 | 4701 0000 

  0x000001cd38c04258: ;   {metadata(method data for {method} {0x000001cd4f434ca0} 'defineClassSourceLocation' '(Ljava/security/ProtectionDomain;)Ljava/lang/String;' in 'java/lang/ClassLoader')}
  0x000001cd38c04258: 48be a0f2 | 176a cd01 | 0000 4883 | 86c0 0100 | 0001 483b | 024c 8bc2 

  0x000001cd38c04270: ;   {metadata(method data for {method} {0x000001cd4f434ca0} 'defineClassSourceLocation' '(Ljava/security/ProtectionDomain;)Ljava/lang/String;' in 'java/lang/ClassLoader')}
  0x000001cd38c04270: 48be a0f2 | 176a cd01 | 0000 4883 | 86f8 0100 

  0x000001cd38c04280: ;   {metadata(method data for {method} {0x000001cd4f01abf0} 'toString' '()Ljava/lang/String;' in 'java/net/URL')}
  0x000001cd38c04280: 0001 49b8 | d0c0 0d6a | cd01 0000 | 418b b0cc | 0000 0083 | c602 4189 | b0cc 0000 | 0081 e6fe 
  0x000001cd38c042a0: ff1f 0085 | f60f 8400 | 0200 004c 

  0x000001cd38c042ac: ;   {metadata(method data for {method} {0x000001cd4f01abf0} 'toString' '()Ljava/lang/String;' in 'java/net/URL')}
  0x000001cd38c042ac: 8bc2 48be | d0c0 0d6a | cd01 0000 | 4883 8610 | 0100 0001 

  0x000001cd38c042c0: ;   {metadata(method data for {method} {0x000001cd4f428840} 'toExternalForm' '()Ljava/lang/String;' in 'java/net/URL')}
  0x000001cd38c042c0: 49b8 58c2 | 0d6a cd01 | 0000 418b | b0cc 0000 | 0083 c602 | 4189 b0cc | 0000 0081 | e6fe ff1f 
  0x000001cd38c042e0: 0085 f60f | 84e3 0100 | 008b 7238 

  0x000001cd38c042ec: ; implicit exception: dispatches to 0x000001cd38c044ed
  0x000001cd38c042ec: 483b 064c 

  0x000001cd38c042f0: ;   {metadata(method data for {method} {0x000001cd4f428840} 'toExternalForm' '()Ljava/lang/String;' in 'java/net/URL')}
  0x000001cd38c042f0: 8bc6 48bf | 58c2 0d6a | cd01 0000 | 458b 4008 | 49ba 0000 | 004f cd01 | 0000 4d03 | c24c 3b87 
  0x000001cd38c04310: 2001 0000 | 750d 4883 | 8728 0100 | 0001 e960 | 0000 004c | 3b87 3001 | 0000 750d | 4883 8738 
  0x000001cd38c04330: 0100 0001 | e94a 0000 | 0048 83bf | 2001 0000 | 0075 174c | 8987 2001 | 0000 48c7 | 8728 0100 
  0x000001cd38c04350: 0001 0000 | 00e9 2900 | 0000 4883 | bf30 0100 | 0000 7517 | 4c89 8730 | 0100 0048 | c787 3801 
  0x000001cd38c04370: 0000 0100 | 0000 e908 | 0000 0048 | 8387 1001 | 0000 014c | 8bc2 488b | d666 0f1f 

  0x000001cd38c0438c: ;   {optimized virtual_call}
  0x000001cd38c0438c: 4400 00e8 

  0x000001cd38c04390: ; ImmutableOopMap {[120]=Oop [128]=Oop [136]=Oop [152]=Oop }
                      ;*invokevirtual toExternalForm {reexecute=0 rethrow=0 return_oop=0}
                      ; - java.net.URL::toExternalForm@5
                      ; - java.net.URL::toString@1
                      ; - java.lang.ClassLoader::defineClassSourceLocation@22
                      ; - java.lang.ClassLoader::defineClass@12
  0x000001cd38c04390: 0c63 faff 

  0x000001cd38c04394: ;   {other}
  0x000001cd38c04394: 0f1f 8400 | 0405 0001 | 488b d848 | 8b84 2498 | 0000 008b | b424 9400 | 0000 8bbc | 2490 0000 
  0x000001cd38c043b4: 004c 8b8c | 2488 0000 | 004c 8b84 | 2480 0000 | 0048 8b54 

  0x000001cd38c043c8: ;   {metadata(method data for {method} {0x000001cd4f434fb8} 'defineClass' '(Ljava/lang/String;[BIILjava/security/ProtectionDomain;)Ljava/lang/Class;' in 'java/lang/ClassLoader')}
  0x000001cd38c043c8: 2478 48b9 | 88eb 176a | cd01 0000 | 4883 8180 | 0100 0001 | 4c8b da49 | 8bd3 488b | c848 891c 
  0x000001cd38c043e8: 2466 0f1f 

  0x000001cd38c043ec: ;   {static_call}
  0x000001cd38c043ec: 4400 00e8 

  0x000001cd38c043f0: ; ImmutableOopMap {[120]=Oop [152]=Oop }
                      ;*invokestatic defineClass1 {reexecute=0 rethrow=0 return_oop=0}
                      ; - java.lang.ClassLoader::defineClass@27
  0x000001cd38c043f0: 6c54 1508 

  0x000001cd38c043f4: ;   {other}
  0x000001cd38c043f4: 0f1f 8400 | 6405 0002 | 488b 5424 

  0x000001cd38c04400: ;   {metadata(method data for {method} {0x000001cd4f434fb8} 'defineClass' '(Ljava/lang/String;[BIILjava/security/ProtectionDomain;)Ljava/lang/Class;' in 'java/lang/ClassLoader')}
  0x000001cd38c04400: 7849 b888 | eb17 6acd | 0100 0049 | 8380 9001 | 0000 014c | 8bc0 4c8b | 8c24 9800 | 0000 488b 
  0x000001cd38c04420: 5424 7848 | 8984 24a0 | 0000 000f 

  0x000001cd38c0442c: ;   {optimized virtual_call}
  0x000001cd38c0442c: 1f40 00e8 

  0x000001cd38c04430: ; ImmutableOopMap {[160]=Oop }
                      ;*invokevirtual postDefineClass {reexecute=0 rethrow=0 return_oop=0}
                      ; - java.lang.ClassLoader::defineClass@37
  0x000001cd38c04430: 6c53 fcff 

  0x000001cd38c04434: ;   {other}
  0x000001cd38c04434: 0f1f 8400 | a405 0003 | 488b 8424 | a000 0000 | 4881 c4b0 | 0000 005d 

  0x000001cd38c0444c: ;   {poll_return}
  0x000001cd38c0444c: 493b a750 | 0400 000f | 8799 0000 

  0x000001cd38c04458: ;   {metadata({method} {0x000001cd4f434fb8} 'defineClass' '(Ljava/lang/String;[BIILjava/security/ProtectionDomain;)Ljava/lang/Class;' in 'java/lang/ClassLoader')}
  0x000001cd38c04458: 00c3 49ba | b04f 434f | cd01 0000 | 4c89 5424 | 0848 c704 | 24ff ffff 

  0x000001cd38c04470: ;   {runtime_call counter_overflow Runtime1 stub}
  0x000001cd38c04470: ffe8 0a03 

  0x000001cd38c04474: ; ImmutableOopMap {rdx=Oop r8=Oop r9=Oop rcx=Oop [120]=Oop }
                      ;*synchronization entry
                      ; - java.lang.ClassLoader::defineClass@-1
  0x000001cd38c04474: c907 e98f 

  0x000001cd38c04478: ;   {metadata({method} {0x000001cd4f434ca0} 'defineClassSourceLocation' '(Ljava/security/ProtectionDomain;)Ljava/lang/String;' in 'java/lang/ClassLoader')}
  0x000001cd38c04478: fcff ff49 | ba98 4c43 | 4fcd 0100 | 004c 8954 | 2408 48c7 | 0424 ffff 

  0x000001cd38c04490: ;   {runtime_call counter_overflow Runtime1 stub}
  0x000001cd38c04490: ffff e8e9 

  0x000001cd38c04494: ; ImmutableOopMap {rax=Oop [120]=Oop [128]=Oop [136]=Oop [152]=Oop }
                      ;*synchronization entry
                      ; - java.lang.ClassLoader::defineClassSourceLocation@-1
                      ; - java.lang.ClassLoader::defineClass@12
  0x000001cd38c04494: 02c9 07e9 | 08fd ffff 

  0x000001cd38c0449c: ;   {runtime_call throw_null_pointer_exception Runtime1 stub}
  0x000001cd38c0449c: e8df b1c8 

  0x000001cd38c044a0: ; ImmutableOopMap {rax=Oop [120]=Oop [128]=Oop [136]=Oop [152]=Oop }
                      ;*invokevirtual getCodeSource {reexecute=0 rethrow=0 return_oop=0}
                      ; - java.lang.ClassLoader::defineClassSourceLocation@1
                      ; - java.lang.ClassLoader::defineClass@12
                      ;   {runtime_call throw_null_pointer_exception Runtime1 stub}
  0x000001cd38c044a0: 07e8 dab1 

  0x000001cd38c044a4: ; ImmutableOopMap {rax=Oop r8=Oop [120]=Oop [128]=Oop [136]=Oop [152]=Oop }
                      ;*invokevirtual getLocation {reexecute=0 rethrow=0 return_oop=0}
                      ; - java.lang.ClassLoader::defineClassSourceLocation@12
                      ; - java.lang.ClassLoader::defineClass@12
                      ;   {runtime_call throw_null_pointer_exception Runtime1 stub}
  0x000001cd38c044a4: c807 e8d5 

  0x000001cd38c044a8: ; ImmutableOopMap {rdx=Oop [120]=Oop [128]=Oop [136]=Oop [152]=Oop }
                      ;*invokevirtual toString {reexecute=0 rethrow=0 return_oop=0}
                      ; - java.lang.ClassLoader::defineClassSourceLocation@22
                      ; - java.lang.ClassLoader::defineClass@12
                      ;   {metadata({method} {0x000001cd4f01abf0} 'toString' '()Ljava/lang/String;' in 'java/net/URL')}
  0x000001cd38c044a8: b1c8 0749 | bae8 ab01 | 4fcd 0100 | 004c 8954 | 2408 48c7 | 0424 ffff 

  0x000001cd38c044c0: ;   {runtime_call counter_overflow Runtime1 stub}
  0x000001cd38c044c0: ffff e8b9 

  0x000001cd38c044c4: ; ImmutableOopMap {rdx=Oop [120]=Oop [128]=Oop [136]=Oop [152]=Oop }
                      ;*synchronization entry
                      ; - java.net.URL::toString@-1
                      ; - java.lang.ClassLoader::defineClassSourceLocation@22
                      ; - java.lang.ClassLoader::defineClass@12
  0x000001cd38c044c4: 02c9 07e9 | dffd ffff 

  0x000001cd38c044cc: ;   {metadata({method} {0x000001cd4f428840} 'toExternalForm' '()Ljava/lang/String;' in 'java/net/URL')}
  0x000001cd38c044cc: 49ba 3888 | 424f cd01 | 0000 4c89 | 5424 0848 | c704 24ff 

  0x000001cd38c044e0: ;   {runtime_call counter_overflow Runtime1 stub}
  0x000001cd38c044e0: ffff ffe8 

  0x000001cd38c044e4: ; ImmutableOopMap {rdx=Oop [120]=Oop [128]=Oop [136]=Oop [152]=Oop }
                      ;*synchronization entry
                      ; - java.net.URL::toExternalForm@-1
                      ; - java.net.URL::toString@1
                      ; - java.lang.ClassLoader::defineClassSourceLocation@22
                      ; - java.lang.ClassLoader::defineClass@12
  0x000001cd38c044e4: 9802 c907 | e9fc fdff 

  0x000001cd38c044ec: ;   {runtime_call throw_null_pointer_exception Runtime1 stub}
  0x000001cd38c044ec: ffe8 8eb1 

  0x000001cd38c044f0: ; ImmutableOopMap {rdx=Oop rsi=Oop [120]=Oop [128]=Oop [136]=Oop [152]=Oop }
                      ;*invokevirtual toExternalForm {reexecute=0 rethrow=0 return_oop=0}
                      ; - java.net.URL::toExternalForm@5
                      ; - java.net.URL::toString@1
                      ; - java.lang.ClassLoader::defineClassSourceLocation@22
                      ; - java.lang.ClassLoader::defineClass@12
                      ;   {internal_word}
  0x000001cd38c044f0: c807 49ba | 4c44 c038 | cd01 0000 | 4d89 9768 

  0x000001cd38c04500: ;   {runtime_call SafepointBlob}
  0x000001cd38c04500: 0400 00e9 | 780f bc07 | 498b 8700 | 0500 0049 | c787 0005 | 0000 0000 | 0000 49c7 | 8708 0500 
  0x000001cd38c04520: 0000 0000 | 0048 81c4 | b000 0000 

  0x000001cd38c0452c: ;   {runtime_call unwind_exception Runtime1 stub}
  0x000001cd38c0452c: 5de9 4ea2 | c807 f4f4 | f4f4 f4f4 
[Stub Code]
  0x000001cd38c04538: ;   {no_reloc}
  0x000001cd38c04538: 0f1f 4400 

  0x000001cd38c0453c: ;   {static_stub}
  0x000001cd38c0453c: 0048 bb00 | 0000 0000 

  0x000001cd38c04544: ;   {runtime_call nmethod}
  0x000001cd38c04544: 0000 00e9 | fbff ffff 

  0x000001cd38c0454c: ;   {static_stub}
  0x000001cd38c0454c: 48bb f04c | 434f cd01 

  0x000001cd38c04554: ;   {runtime_call I2C/C2I adapters}
  0x000001cd38c04554: 0000 e910 

  0x000001cd38c04558: ;   {static_stub}
  0x000001cd38c04558: 69bb 0748 | bb00 0000 | 0000 0000 

  0x000001cd38c04564: ;   {runtime_call nmethod}
  0x000001cd38c04564: 00e9 fbff 

  0x000001cd38c04568: ;   {static_stub}
  0x000001cd38c04568: ffff 48bb | 0000 0000 | 0000 0000 

  0x000001cd38c04574: ;   {runtime_call nmethod}
  0x000001cd38c04574: e9fb ffff 

  0x000001cd38c04578: ;   {runtime_call handle_exception_from_callee Runtime1 stub}
  0x000001cd38c04578: ffe8 02cf 

  0x000001cd38c0457c: ;   {external_word}
  0x000001cd38c0457c: c807 48b9 | 5063 ae95 | ff7f 0000 | 4883 e4f0 

  0x000001cd38c0458c: ;   {runtime_call}
  0x000001cd38c0458c: 48b8 c0c9 | 7095 ff7f | 0000 ffd0 

  0x000001cd38c04598: ;   {section_word}
  0x000001cd38c04598: f449 ba99 | 45c0 38cd | 0100 0041 

  0x000001cd38c045a4: ;   {runtime_call DeoptimizationBlob}
  0x000001cd38c045a4: 52e9 7601 | bc07 f4f4 | f4f4 f4f4 
[/MachCode]


Compiled method (c1) 1994 1095       3       java.security.SecureClassLoader::defineClass (16 bytes)
 total in heap  [0x000001cd38c1e690,0x000001cd38c1ea90] = 1024
 relocation     [0x000001cd38c1e7f0,0x000001cd38c1e840] = 80
 main code      [0x000001cd38c1e840,0x000001cd38c1e998] = 344
 stub code      [0x000001cd38c1e998,0x000001cd38c1e9e8] = 80
 metadata       [0x000001cd38c1e9e8,0x000001cd38c1e9f0] = 8
 scopes data    [0x000001cd38c1e9f0,0x000001cd38c1ea38] = 72
 scopes pcs     [0x000001cd38c1ea38,0x000001cd38c1ea88] = 80
 dependencies   [0x000001cd38c1ea88,0x000001cd38c1ea90] = 8

[Constant Pool (empty)]

[MachCode]
[Entry Point]
  # {method} {0x000001cd4f04e0e8} 'defineClass' '(Ljava/lang/String;[BIILjava/security/CodeSource;)Ljava/lang/Class;' in 'java/security/SecureClassLoader'
  # this:     rdx:rdx   = 'java/security/SecureClassLoader'
  # parm0:    r8:r8     = 'java/lang/String'
  # parm1:    r9:r9     = '[B'
  # parm2:    rdi       = int
  # parm3:    rsi       = int
  # parm4:    rcx:rcx   = 'java/security/CodeSource'
  #           [sp+0x80]  (sp of caller)
  0x000001cd38c1e840: 448b 5208 | 49bb 0000 | 004f cd01 | 0000 4d03 | d34c 3bd0 

  0x000001cd38c1e854: ;   {runtime_call ic_miss_stub}
  0x000001cd38c1e854: 0f85 26ff | b907 660f | 1f44 0000 
[Verified Entry Point]
  0x000001cd38c1e860: 8984 2400 | 80ff ff55 | 4883 ec70 | 4181 7f20 | 0100 0000 

  0x000001cd38c1e874: ;   {runtime_call StubRoutines (final stubs)}
  0x000001cd38c1e874: 7405 e825 

  0x000001cd38c1e878: ;   {metadata(method data for {method} {0x000001cd4f04e0e8} 'defineClass' '(Ljava/lang/String;[BIILjava/security/CodeSource;)Ljava/lang/Class;' in 'java/security/SecureClassLoader')}
  0x000001cd38c1e878: 7cb8 0748 | bba0 d717 | 6acd 0100 | 008b 83cc | 0000 0083 | c002 8983 | cc00 0000 | 25fe 0700 
  0x000001cd38c1e898: 0085 c00f | 8496 0000 | 0089 7424 | 5c89 7c24 | 584c 894c | 2450 4c89 | 4424 4848 

  0x000001cd38c1e8b4: ;   {metadata(method data for {method} {0x000001cd4f04e0e8} 'defineClass' '(Ljava/lang/String;[BIILjava/security/CodeSource;)Ljava/lang/Class;' in 'java/security/SecureClassLoader')}
  0x000001cd38c1e8b4: 8bda 48b8 | a0d7 176a | cd01 0000 | 4883 8010 | 0100 0001 | 4c8b c148 | 8bc2 488b | d048 8944 
  0x000001cd38c1e8d4: ;   {optimized virtual_call}
  0x000001cd38c1e8d4: 2440 90e8 

  0x000001cd38c1e8d8: ; ImmutableOopMap {[64]=Oop [72]=Oop [80]=Oop }
                      ;*invokevirtual getProtectionDomain {reexecute=0 rethrow=0 return_oop=0}
                      ; - java.security.SecureClassLoader::defineClass@9
  0x000001cd38c1e8d8: c42b 1100 

  0x000001cd38c1e8dc: ;   {other}
  0x000001cd38c1e8dc: 0f1f 8400 | 4c02 0000 | 488b 5424 

  0x000001cd38c1e8e8: ;   {metadata(method data for {method} {0x000001cd4f04e0e8} 'defineClass' '(Ljava/lang/String;[BIILjava/security/CodeSource;)Ljava/lang/Class;' in 'java/security/SecureClassLoader')}
  0x000001cd38c1e8e8: 4049 b8a0 | d717 6acd | 0100 0049 | 8380 4801 | 0000 014c | 8b44 2448 | 4c8b 4c24 | 508b 7c24 
  0x000001cd38c1e908: 588b 7424 | 5c48 8bc8 | 488b 5424 

  0x000001cd38c1e914: ;   {optimized virtual_call}
  0x000001cd38c1e914: 4066 90e8 

  0x000001cd38c1e918: ; ImmutableOopMap {}
                      ;*invokevirtual defineClass {reexecute=0 rethrow=0 return_oop=0}
                      ; - java.security.SecureClassLoader::defineClass@12
  0x000001cd38c1e918: a457 feff 

  0x000001cd38c1e91c: ;   {other}
  0x000001cd38c1e91c: 0f1f 8400 | 8c02 0001 | 4883 c470 

  0x000001cd38c1e928: ;   {poll_return}
  0x000001cd38c1e928: 5d49 3ba7 | 5004 0000 | 0f87 2200 

  0x000001cd38c1e934: ;   {metadata({method} {0x000001cd4f04e0e8} 'defineClass' '(Ljava/lang/String;[BIILjava/security/CodeSource;)Ljava/lang/Class;' in 'java/security/SecureClassLoader')}
  0x000001cd38c1e934: 0000 c349 | bae0 e004 | 4fcd 0100 | 004c 8954 | 2408 48c7 | 0424 ffff 

  0x000001cd38c1e94c: ;   {runtime_call counter_overflow Runtime1 stub}
  0x000001cd38c1e94c: ffff e82d 

  0x000001cd38c1e950: ; ImmutableOopMap {rdx=Oop r8=Oop r9=Oop rcx=Oop }
                      ;*synchronization entry
                      ; - java.security.SecureClassLoader::defineClass@-1
  0x000001cd38c1e950: 5ec7 07e9 | 49ff ffff 

  0x000001cd38c1e958: ;   {internal_word}
  0x000001cd38c1e958: 49ba 29e9 | c138 cd01 | 0000 4d89 | 9768 0400 

  0x000001cd38c1e968: ;   {runtime_call SafepointBlob}
  0x000001cd38c1e968: 00e9 126b | ba07 498b | 8700 0500 | 0049 c787 | 0005 0000 | 0000 0000 | 49c7 8708 | 0500 0000 
  0x000001cd38c1e988: 0000 0048 | 83c4 705d 

  0x000001cd38c1e990: ;   {runtime_call unwind_exception Runtime1 stub}
  0x000001cd38c1e990: e9eb fdc6 | 07f4 f4f4 
[Stub Code]
  0x000001cd38c1e998: ;   {no_reloc}
  0x000001cd38c1e998: 48bb 30e0 | 044f cd01 

  0x000001cd38c1e9a0: ;   {runtime_call I2C/C2I adapters}
  0x000001cd38c1e9a0: 0000 e940 

  0x000001cd38c1e9a4: ;   {static_stub}
  0x000001cd38c1e9a4: 56ba 0748 | bb00 0000 | 0000 0000 

  0x000001cd38c1e9b0: ;   {runtime_call nmethod}
  0x000001cd38c1e9b0: 00e9 fbff 

  0x000001cd38c1e9b4: ;   {runtime_call handle_exception_from_callee Runtime1 stub}
  0x000001cd38c1e9b4: ffff e8c5 

  0x000001cd38c1e9b8: ;   {external_word}
  0x000001cd38c1e9b8: 2ac7 0748 | b950 63ae | 95ff 7f00 | 0048 83e4 

  0x000001cd38c1e9c8: ;   {runtime_call}
  0x000001cd38c1e9c8: f048 b8c0 | c970 95ff | 7f00 00ff 

  0x000001cd38c1e9d4: ;   {section_word}
  0x000001cd38c1e9d4: d0f4 49ba | d6e9 c138 | cd01 0000 

  0x000001cd38c1e9e0: ;   {runtime_call DeoptimizationBlob}
  0x000001cd38c1e9e0: 4152 e939 | 5dba 07f4 
[/MachCode]


---------------  P R O C E S S  ---------------

Threads class SMR info:
_java_thread_list=0x000001cd6f9c0870, length=21, elements={
0x000001cd3583ec50, 0x000001cd4e3e6b00, 0x000001cd4e3e7660, 0x000001cd4e3ed670,
0x000001cd4e3ee890, 0x000001cd4e3f0680, 0x000001cd4e3f4610, 0x000001cd4e3f6590,
0x000001cd4e3fbfd0, 0x000001cd4e3f1eb0, 0x000001cd4e3f3f80, 0x000001cd4e3f3260,
0x000001cd4e3f4ca0, 0x000001cd4e3f38f0, 0x000001cd4e3f2bd0, 0x000001cd6fa72f80,
0x000001cd6fa749c0, 0x000001cd6fa76400, 0x000001cd6fa76a90, 0x000001cd6fa74330,
0x000001cd6fa73610
}

Java Threads: ( => current thread )
  0x000001cd3583ec50 JavaThread "main"                              [_thread_blocked, id=36424, stack(0x0000003770100000,0x0000003770200000) (1024K)]
  0x000001cd4e3e6b00 JavaThread "Reference Handler"          daemon [_thread_blocked, id=36392, stack(0x0000003770900000,0x0000003770a00000) (1024K)]
  0x000001cd4e3e7660 JavaThread "Finalizer"                  daemon [_thread_blocked, id=35844, stack(0x0000003770a00000,0x0000003770b00000) (1024K)]
  0x000001cd4e3ed670 JavaThread "Signal Dispatcher"          daemon [_thread_blocked, id=36360, stack(0x0000003770b00000,0x0000003770c00000) (1024K)]
  0x000001cd4e3ee890 JavaThread "Attach Listener"            daemon [_thread_blocked, id=36432, stack(0x0000003770c00000,0x0000003770d00000) (1024K)]
  0x000001cd4e3f0680 JavaThread "Service Thread"             daemon [_thread_blocked, id=35876, stack(0x0000003770d00000,0x0000003770e00000) (1024K)]
  0x000001cd4e3f4610 JavaThread "Monitor Deflation Thread"   daemon [_thread_blocked, id=36388, stack(0x0000003770e00000,0x0000003770f00000) (1024K)]
  0x000001cd4e3f6590 JavaThread "C2 CompilerThread0"         daemon [_thread_blocked, id=36352, stack(0x0000003770f00000,0x0000003771000000) (1024K)]
  0x000001cd4e3fbfd0 JavaThread "C1 CompilerThread0"         daemon [_thread_blocked, id=35868, stack(0x0000003771000000,0x0000003771100000) (1024K)]
  0x000001cd4e3f1eb0 JavaThread "Common-Cleaner"             daemon [_thread_blocked, id=36436, stack(0x0000003771100000,0x0000003771200000) (1024K)]
  0x000001cd4e3f3f80 JavaThread "Notification Thread"        daemon [_thread_blocked, id=36408, stack(0x0000003771200000,0x0000003771300000) (1024K)]
  0x000001cd4e3f3260 JavaThread "Daemon health stats"               [_thread_blocked, id=30992, stack(0x0000003771a00000,0x0000003771b00000) (1024K)]
  0x000001cd4e3f4ca0 JavaThread "Incoming local TCP Connector on port 59838"        [_thread_in_native, id=37672, stack(0x0000003771b00000,0x0000003771c00000) (1024K)]
  0x000001cd4e3f38f0 JavaThread "Daemon periodic checks"            [_thread_blocked, id=26580, stack(0x0000003771c00000,0x0000003771d00000) (1024K)]
  0x000001cd4e3f2bd0 JavaThread "Daemon"                            [_thread_blocked, id=35376, stack(0x0000003771d00000,0x0000003771e00000) (1024K)]
  0x000001cd6fa72f80 JavaThread "Handler for socket connection from /127.0.0.1:59838 to /127.0.0.1:59840"        [_thread_in_native, id=24956, stack(0x0000003771e00000,0x0000003771f00000) (1024K)]
  0x000001cd6fa749c0 JavaThread "Cancel handler"                    [_thread_blocked, id=24236, stack(0x0000003771f00000,0x0000003772000000) (1024K)]
=>0x000001cd6fa76400 JavaThread "Daemon worker"                     [_thread_in_vm, id=21912, stack(0x0000003772000000,0x0000003772100000) (1024K)]
  0x000001cd6fa76a90 JavaThread "Asynchronous log dispatcher for DefaultDaemonConnection: socket connection from /127.0.0.1:59838 to /127.0.0.1:59840"        [_thread_blocked, id=20356, stack(0x0000003772100000,0x0000003772200000) (1024K)]
  0x000001cd6fa74330 JavaThread "Stdin handler"                     [_thread_blocked, id=21500, stack(0x0000003772200000,0x0000003772300000) (1024K)]
  0x000001cd6fa73610 JavaThread "Daemon client event forwarder"        [_thread_blocked, id=20824, stack(0x0000003772300000,0x0000003772400000) (1024K)]
Total: 21

Other Threads:
  0x000001cd4e3c2700 VMThread "VM Thread"                           [id=36412, stack(0x0000003770800000,0x0000003770900000) (1024K)]
  0x000001cd4e3b4940 WatcherThread "VM Periodic Task Thread"        [id=36372, stack(0x0000003770700000,0x0000003770800000) (1024K)]
  0x000001cd3589a490 WorkerThread "GC Thread#0"                     [id=35884, stack(0x0000003770200000,0x0000003770300000) (1024K)]
  0x000001cd4e7d6130 WorkerThread "GC Thread#1"                     [id=35024, stack(0x0000003771300000,0x0000003771400000) (1024K)]
  0x000001cd6e1c4560 WorkerThread "GC Thread#2"                     [id=36416, stack(0x0000003771400000,0x0000003771500000) (1024K)]
  0x000001cd6ea036a0 WorkerThread "GC Thread#3"                     [id=22432, stack(0x0000003771500000,0x0000003771600000) (1024K)]
  0x000001cd6ea03a50 WorkerThread "GC Thread#4"                     [id=34720, stack(0x0000003771600000,0x0000003771700000) (1024K)]
  0x000001cd6fa72b80 WorkerThread "GC Thread#5"                     [id=15500, stack(0x0000003771700000,0x0000003771800000) (1024K)]
  0x000001cd6f554180 WorkerThread "GC Thread#6"                     [id=16900, stack(0x0000003771800000,0x0000003771900000) (1024K)]
  0x000001cd6f554530 WorkerThread "GC Thread#7"                     [id=35188, stack(0x0000003771900000,0x0000003771a00000) (1024K)]
  0x000001cd358ac210 ConcurrentGCThread "G1 Main Marker"            [id=36376, stack(0x0000003770300000,0x0000003770400000) (1024K)]
  0x000001cd358ae280 WorkerThread "G1 Conc#0"                       [id=35848, stack(0x0000003770400000,0x0000003770500000) (1024K)]
  0x000001cd358fe890 ConcurrentGCThread "G1 Refine#0"               [id=36420, stack(0x0000003770500000,0x0000003770600000) (1024K)]
  0x000001cd4e2885b0 ConcurrentGCThread "G1 Service"                [id=35872, stack(0x0000003770600000,0x0000003770700000) (1024K)]
Total: 14

Threads with active compile tasks:
Total: 0

VM state: not at safepoint (normal execution)

VM Mutex/Monitor currently owned by a thread:  ([mutex/lock_event])
[0x00007fff95d9d530] Metaspace_lock - owner thread: 0x000001cd6fa76400

Heap address: 0x0000000080000000, size: 2048 MB, Compressed Oops mode: 32-bit

CDS archive(s) mapped at: [0x000001cd4f000000-0x000001cd4fba0000-0x000001cd4fba0000), size 12189696, SharedBaseAddress: 0x000001cd4f000000, ArchiveRelocationMode: 1.
Compressed class space mapped at: 0x000001cd50000000-0x000001cd6a000000, reserved size: 436207616
Narrow klass base: 0x000001cd4f000000, Narrow klass shift: 0, Narrow klass range: 0x100000000

GC Precious Log:
 CardTable entry size: 512
 Card Set container configuration: InlinePtr #cards 5 size 8 Array Of Cards #cards 12 size 40 Howl #buckets 4 coarsen threshold 1843 Howl Bitmap #cards 512 size 80 coarsen threshold 460 Card regions per heap region 1 cards per card region 2048
 CPUs: 12 total, 12 available
 Memory: 7832M
 Large Page Support: Disabled
 NUMA Support: Disabled
 Compressed Oops: Enabled (32-bit)
 Heap Region Size: 1M
 Heap Min Capacity: 8M
 Heap Initial Capacity: 124M
 Heap Max Capacity: 2G
 Pre-touch: Disabled
 Parallel Workers: 10
 Concurrent Workers: 3
 Concurrent Refinement Workers: 10
 Periodic GC: Disabled

Heap:
 garbage-first heap   total 126976K, used 46710K [0x0000000080000000, 0x0000000100000000)
  region size 1024K, 35 young (35840K), 6 survivors (6144K)
 Metaspace       used 12424K, committed 12864K, reserved 491520K
  class space    used 1709K, committed 1920K, reserved 425984K

Heap Regions: E=young(eden), S=young(survivor), O=old, HS=humongous(starts), HC=humongous(continues), CS=collection set, F=free, TAMS=top-at-mark-start, PB=parsable bottom
|   0|0x0000000080000000, 0x0000000080100000, 0x0000000080100000|100%| O|  |TAMS 0x0000000080000000| PB 0x0000000080000000| Untracked 
|   1|0x0000000080100000, 0x0000000080200000, 0x0000000080200000|100%|HS|  |TAMS 0x0000000080100000| PB 0x0000000080100000| Complete 
|   2|0x0000000080200000, 0x0000000080300000, 0x0000000080300000|100%|HC|  |TAMS 0x0000000080200000| PB 0x0000000080200000| Complete 
|   3|0x0000000080300000, 0x0000000080400000, 0x0000000080400000|100%|HC|  |TAMS 0x0000000080300000| PB 0x0000000080300000| Complete 
|   4|0x0000000080400000, 0x0000000080500000, 0x0000000080500000|100%| O|  |TAMS 0x0000000080400000| PB 0x0000000080400000| Untracked 
|   5|0x0000000080500000, 0x0000000080600000, 0x0000000080600000|100%| O|  |TAMS 0x0000000080500000| PB 0x0000000080500000| Untracked 
|   6|0x0000000080600000, 0x0000000080700000, 0x0000000080700000|100%| O|  |TAMS 0x0000000080600000| PB 0x0000000080600000| Untracked 
|   7|0x0000000080700000, 0x0000000080800000, 0x0000000080800000|100%|HS|  |TAMS 0x0000000080700000| PB 0x0000000080700000| Complete 
|   8|0x0000000080800000, 0x0000000080800000, 0x0000000080900000|  0%| F|  |TAMS 0x0000000080800000| PB 0x0000000080800000| Untracked 
|   9|0x0000000080900000, 0x0000000080a00000, 0x0000000080a00000|100%| O|  |TAMS 0x0000000080900000| PB 0x0000000080900000| Untracked 
|  10|0x0000000080a00000, 0x0000000080b00000, 0x0000000080b00000|100%| O|  |TAMS 0x0000000080a00000| PB 0x0000000080a00000| Untracked 
|  11|0x0000000080b00000, 0x0000000080c00000, 0x0000000080c00000|100%| O|  |TAMS 0x0000000080b00000| PB 0x0000000080b00000| Untracked 
|  12|0x0000000080c00000, 0x0000000080ce1440, 0x0000000080d00000| 87%| O|  |TAMS 0x0000000080c00000| PB 0x0000000080c00000| Untracked 
|  13|0x0000000080d00000, 0x0000000080d00000, 0x0000000080e00000|  0%| F|  |TAMS 0x0000000080d00000| PB 0x0000000080d00000| Untracked 
|  14|0x0000000080e00000, 0x0000000080e00000, 0x0000000080f00000|  0%| F|  |TAMS 0x0000000080e00000| PB 0x0000000080e00000| Untracked 
|  15|0x0000000080f00000, 0x0000000080f00000, 0x0000000081000000|  0%| F|  |TAMS 0x0000000080f00000| PB 0x0000000080f00000| Untracked 
|  16|0x0000000081000000, 0x0000000081000000, 0x0000000081100000|  0%| F|  |TAMS 0x0000000081000000| PB 0x0000000081000000| Untracked 
|  17|0x0000000081100000, 0x0000000081100000, 0x0000000081200000|  0%| F|  |TAMS 0x0000000081100000| PB 0x0000000081100000| Untracked 
|  18|0x0000000081200000, 0x0000000081200000, 0x0000000081300000|  0%| F|  |TAMS 0x0000000081200000| PB 0x0000000081200000| Untracked 
|  19|0x0000000081300000, 0x0000000081300000, 0x0000000081400000|  0%| F|  |TAMS 0x0000000081300000| PB 0x0000000081300000| Untracked 
|  20|0x0000000081400000, 0x0000000081400000, 0x0000000081500000|  0%| F|  |TAMS 0x0000000081400000| PB 0x0000000081400000| Untracked 
|  21|0x0000000081500000, 0x0000000081500000, 0x0000000081600000|  0%| F|  |TAMS 0x0000000081500000| PB 0x0000000081500000| Untracked 
|  22|0x0000000081600000, 0x0000000081600000, 0x0000000081700000|  0%| F|  |TAMS 0x0000000081600000| PB 0x0000000081600000| Untracked 
|  23|0x0000000081700000, 0x0000000081700000, 0x0000000081800000|  0%| F|  |TAMS 0x0000000081700000| PB 0x0000000081700000| Untracked 
|  24|0x0000000081800000, 0x0000000081800000, 0x0000000081900000|  0%| F|  |TAMS 0x0000000081800000| PB 0x0000000081800000| Untracked 
|  25|0x0000000081900000, 0x0000000081900000, 0x0000000081a00000|  0%| F|  |TAMS 0x0000000081900000| PB 0x0000000081900000| Untracked 
|  26|0x0000000081a00000, 0x0000000081a00000, 0x0000000081b00000|  0%| F|  |TAMS 0x0000000081a00000| PB 0x0000000081a00000| Untracked 
|  27|0x0000000081b00000, 0x0000000081b00000, 0x0000000081c00000|  0%| F|  |TAMS 0x0000000081b00000| PB 0x0000000081b00000| Untracked 
|  28|0x0000000081c00000, 0x0000000081c00000, 0x0000000081d00000|  0%| F|  |TAMS 0x0000000081c00000| PB 0x0000000081c00000| Untracked 
|  29|0x0000000081d00000, 0x0000000081d00000, 0x0000000081e00000|  0%| F|  |TAMS 0x0000000081d00000| PB 0x0000000081d00000| Untracked 
|  30|0x0000000081e00000, 0x0000000081e00000, 0x0000000081f00000|  0%| F|  |TAMS 0x0000000081e00000| PB 0x0000000081e00000| Untracked 
|  31|0x0000000081f00000, 0x0000000081f00000, 0x0000000082000000|  0%| F|  |TAMS 0x0000000081f00000| PB 0x0000000081f00000| Untracked 
|  32|0x0000000082000000, 0x0000000082000000, 0x0000000082100000|  0%| F|  |TAMS 0x0000000082000000| PB 0x0000000082000000| Untracked 
|  33|0x0000000082100000, 0x0000000082100000, 0x0000000082200000|  0%| F|  |TAMS 0x0000000082100000| PB 0x0000000082100000| Untracked 
|  34|0x0000000082200000, 0x0000000082200000, 0x0000000082300000|  0%| F|  |TAMS 0x0000000082200000| PB 0x0000000082200000| Untracked 
|  35|0x0000000082300000, 0x0000000082300000, 0x0000000082400000|  0%| F|  |TAMS 0x0000000082300000| PB 0x0000000082300000| Untracked 
|  36|0x0000000082400000, 0x0000000082400000, 0x0000000082500000|  0%| F|  |TAMS 0x0000000082400000| PB 0x0000000082400000| Untracked 
|  37|0x0000000082500000, 0x0000000082500000, 0x0000000082600000|  0%| F|  |TAMS 0x0000000082500000| PB 0x0000000082500000| Untracked 
|  38|0x0000000082600000, 0x0000000082600000, 0x0000000082700000|  0%| F|  |TAMS 0x0000000082600000| PB 0x0000000082600000| Untracked 
|  39|0x0000000082700000, 0x0000000082700000, 0x0000000082800000|  0%| F|  |TAMS 0x0000000082700000| PB 0x0000000082700000| Untracked 
|  40|0x0000000082800000, 0x0000000082800000, 0x0000000082900000|  0%| F|  |TAMS 0x0000000082800000| PB 0x0000000082800000| Untracked 
|  41|0x0000000082900000, 0x0000000082900000, 0x0000000082a00000|  0%| F|  |TAMS 0x0000000082900000| PB 0x0000000082900000| Untracked 
|  42|0x0000000082a00000, 0x0000000082a00000, 0x0000000082b00000|  0%| F|  |TAMS 0x0000000082a00000| PB 0x0000000082a00000| Untracked 
|  43|0x0000000082b00000, 0x0000000082b00000, 0x0000000082c00000|  0%| F|  |TAMS 0x0000000082b00000| PB 0x0000000082b00000| Untracked 
|  44|0x0000000082c00000, 0x0000000082c00000, 0x0000000082d00000|  0%| F|  |TAMS 0x0000000082c00000| PB 0x0000000082c00000| Untracked 
|  45|0x0000000082d00000, 0x0000000082d00000, 0x0000000082e00000|  0%| F|  |TAMS 0x0000000082d00000| PB 0x0000000082d00000| Untracked 
|  46|0x0000000082e00000, 0x0000000082e00000, 0x0000000082f00000|  0%| F|  |TAMS 0x0000000082e00000| PB 0x0000000082e00000| Untracked 
|  47|0x0000000082f00000, 0x0000000082f00000, 0x0000000083000000|  0%| F|  |TAMS 0x0000000082f00000| PB 0x0000000082f00000| Untracked 
|  48|0x0000000083000000, 0x0000000083000000, 0x0000000083100000|  0%| F|  |TAMS 0x0000000083000000| PB 0x0000000083000000| Untracked 
|  49|0x0000000083100000, 0x0000000083100000, 0x0000000083200000|  0%| F|  |TAMS 0x0000000083100000| PB 0x0000000083100000| Untracked 
|  50|0x0000000083200000, 0x0000000083200000, 0x0000000083300000|  0%| F|  |TAMS 0x0000000083200000| PB 0x0000000083200000| Untracked 
|  51|0x0000000083300000, 0x0000000083300000, 0x0000000083400000|  0%| F|  |TAMS 0x0000000083300000| PB 0x0000000083300000| Untracked 
|  52|0x0000000083400000, 0x0000000083400000, 0x0000000083500000|  0%| F|  |TAMS 0x0000000083400000| PB 0x0000000083400000| Untracked 
|  53|0x0000000083500000, 0x0000000083500000, 0x0000000083600000|  0%| F|  |TAMS 0x0000000083500000| PB 0x0000000083500000| Untracked 
|  54|0x0000000083600000, 0x0000000083600000, 0x0000000083700000|  0%| F|  |TAMS 0x0000000083600000| PB 0x0000000083600000| Untracked 
|  55|0x0000000083700000, 0x0000000083700000, 0x0000000083800000|  0%| F|  |TAMS 0x0000000083700000| PB 0x0000000083700000| Untracked 
|  56|0x0000000083800000, 0x0000000083800000, 0x0000000083900000|  0%| F|  |TAMS 0x0000000083800000| PB 0x0000000083800000| Untracked 
|  57|0x0000000083900000, 0x0000000083900000, 0x0000000083a00000|  0%| F|  |TAMS 0x0000000083900000| PB 0x0000000083900000| Untracked 
|  58|0x0000000083a00000, 0x0000000083a00000, 0x0000000083b00000|  0%| F|  |TAMS 0x0000000083a00000| PB 0x0000000083a00000| Untracked 
|  59|0x0000000083b00000, 0x0000000083b00000, 0x0000000083c00000|  0%| F|  |TAMS 0x0000000083b00000| PB 0x0000000083b00000| Untracked 
|  60|0x0000000083c00000, 0x0000000083c00000, 0x0000000083d00000|  0%| F|  |TAMS 0x0000000083c00000| PB 0x0000000083c00000| Untracked 
|  61|0x0000000083d00000, 0x0000000083d00000, 0x0000000083e00000|  0%| F|  |TAMS 0x0000000083d00000| PB 0x0000000083d00000| Untracked 
|  62|0x0000000083e00000, 0x0000000083e00000, 0x0000000083f00000|  0%| F|  |TAMS 0x0000000083e00000| PB 0x0000000083e00000| Untracked 
|  63|0x0000000083f00000, 0x0000000083f00000, 0x0000000084000000|  0%| F|  |TAMS 0x0000000083f00000| PB 0x0000000083f00000| Untracked 
|  64|0x0000000084000000, 0x0000000084000000, 0x0000000084100000|  0%| F|  |TAMS 0x0000000084000000| PB 0x0000000084000000| Untracked 
|  65|0x0000000084100000, 0x0000000084100000, 0x0000000084200000|  0%| F|  |TAMS 0x0000000084100000| PB 0x0000000084100000| Untracked 
|  66|0x0000000084200000, 0x0000000084200000, 0x0000000084300000|  0%| F|  |TAMS 0x0000000084200000| PB 0x0000000084200000| Untracked 
|  67|0x0000000084300000, 0x0000000084300000, 0x0000000084400000|  0%| F|  |TAMS 0x0000000084300000| PB 0x0000000084300000| Untracked 
|  68|0x0000000084400000, 0x00000000844bc7a8, 0x0000000084500000| 73%| S|CS|TAMS 0x0000000084400000| PB 0x0000000084400000| Complete 
|  69|0x0000000084500000, 0x0000000084600000, 0x0000000084600000|100%| S|CS|TAMS 0x0000000084500000| PB 0x0000000084500000| Complete 
|  70|0x0000000084600000, 0x0000000084700000, 0x0000000084700000|100%| S|CS|TAMS 0x0000000084600000| PB 0x0000000084600000| Complete 
|  71|0x0000000084700000, 0x0000000084800000, 0x0000000084800000|100%| S|CS|TAMS 0x0000000084700000| PB 0x0000000084700000| Complete 
|  72|0x0000000084800000, 0x0000000084900000, 0x0000000084900000|100%| S|CS|TAMS 0x0000000084800000| PB 0x0000000084800000| Complete 
|  73|0x0000000084900000, 0x0000000084a00000, 0x0000000084a00000|100%| S|CS|TAMS 0x0000000084900000| PB 0x0000000084900000| Complete 
|  74|0x0000000084a00000, 0x0000000084a00000, 0x0000000084b00000|  0%| F|  |TAMS 0x0000000084a00000| PB 0x0000000084a00000| Untracked 
|  75|0x0000000084b00000, 0x0000000084b00000, 0x0000000084c00000|  0%| F|  |TAMS 0x0000000084b00000| PB 0x0000000084b00000| Untracked 
|  76|0x0000000084c00000, 0x0000000084c00000, 0x0000000084d00000|  0%| F|  |TAMS 0x0000000084c00000| PB 0x0000000084c00000| Untracked 
|  77|0x0000000084d00000, 0x0000000084d00000, 0x0000000084e00000|  0%| F|  |TAMS 0x0000000084d00000| PB 0x0000000084d00000| Untracked 
|  78|0x0000000084e00000, 0x0000000084e00000, 0x0000000084f00000|  0%| F|  |TAMS 0x0000000084e00000| PB 0x0000000084e00000| Untracked 
|  79|0x0000000084f00000, 0x0000000084f00000, 0x0000000085000000|  0%| F|  |TAMS 0x0000000084f00000| PB 0x0000000084f00000| Untracked 
|  80|0x0000000085000000, 0x0000000085000000, 0x0000000085100000|  0%| F|  |TAMS 0x0000000085000000| PB 0x0000000085000000| Untracked 
|  81|0x0000000085100000, 0x0000000085100000, 0x0000000085200000|  0%| F|  |TAMS 0x0000000085100000| PB 0x0000000085100000| Untracked 
|  82|0x0000000085200000, 0x0000000085200000, 0x0000000085300000|  0%| F|  |TAMS 0x0000000085200000| PB 0x0000000085200000| Untracked 
|  83|0x0000000085300000, 0x0000000085300000, 0x0000000085400000|  0%| F|  |TAMS 0x0000000085300000| PB 0x0000000085300000| Untracked 
|  84|0x0000000085400000, 0x0000000085400000, 0x0000000085500000|  0%| F|  |TAMS 0x0000000085400000| PB 0x0000000085400000| Untracked 
|  85|0x0000000085500000, 0x0000000085500000, 0x0000000085600000|  0%| F|  |TAMS 0x0000000085500000| PB 0x0000000085500000| Untracked 
|  86|0x0000000085600000, 0x0000000085600000, 0x0000000085700000|  0%| F|  |TAMS 0x0000000085600000| PB 0x0000000085600000| Untracked 
|  87|0x0000000085700000, 0x0000000085700000, 0x0000000085800000|  0%| F|  |TAMS 0x0000000085700000| PB 0x0000000085700000| Untracked 
|  88|0x0000000085800000, 0x0000000085800000, 0x0000000085900000|  0%| F|  |TAMS 0x0000000085800000| PB 0x0000000085800000| Untracked 
|  89|0x0000000085900000, 0x0000000085900000, 0x0000000085a00000|  0%| F|  |TAMS 0x0000000085900000| PB 0x0000000085900000| Untracked 
|  90|0x0000000085a00000, 0x0000000085a00000, 0x0000000085b00000|  0%| F|  |TAMS 0x0000000085a00000| PB 0x0000000085a00000| Untracked 
|  91|0x0000000085b00000, 0x0000000085b00000, 0x0000000085c00000|  0%| F|  |TAMS 0x0000000085b00000| PB 0x0000000085b00000| Untracked 
|  92|0x0000000085c00000, 0x0000000085c00000, 0x0000000085d00000|  0%| F|  |TAMS 0x0000000085c00000| PB 0x0000000085c00000| Untracked 
|  93|0x0000000085d00000, 0x0000000085d00000, 0x0000000085e00000|  0%| F|  |TAMS 0x0000000085d00000| PB 0x0000000085d00000| Untracked 
|  94|0x0000000085e00000, 0x0000000085e00000, 0x0000000085f00000|  0%| F|  |TAMS 0x0000000085e00000| PB 0x0000000085e00000| Untracked 
|  95|0x0000000085f00000, 0x0000000085fe8278, 0x0000000086000000| 90%| E|  |TAMS 0x0000000085f00000| PB 0x0000000085f00000| Complete 
|  96|0x0000000086000000, 0x0000000086100000, 0x0000000086100000|100%| E|CS|TAMS 0x0000000086000000| PB 0x0000000086000000| Complete 
|  97|0x0000000086100000, 0x0000000086200000, 0x0000000086200000|100%| E|CS|TAMS 0x0000000086100000| PB 0x0000000086100000| Complete 
|  98|0x0000000086200000, 0x0000000086300000, 0x0000000086300000|100%| E|CS|TAMS 0x0000000086200000| PB 0x0000000086200000| Complete 
|  99|0x0000000086300000, 0x0000000086400000, 0x0000000086400000|100%| E|CS|TAMS 0x0000000086300000| PB 0x0000000086300000| Complete 
| 100|0x0000000086400000, 0x0000000086500000, 0x0000000086500000|100%| E|CS|TAMS 0x0000000086400000| PB 0x0000000086400000| Complete 
| 101|0x0000000086500000, 0x0000000086600000, 0x0000000086600000|100%| E|CS|TAMS 0x0000000086500000| PB 0x0000000086500000| Complete 
| 102|0x0000000086600000, 0x0000000086700000, 0x0000000086700000|100%| E|CS|TAMS 0x0000000086600000| PB 0x0000000086600000| Complete 
| 103|0x0000000086700000, 0x0000000086800000, 0x0000000086800000|100%| E|CS|TAMS 0x0000000086700000| PB 0x0000000086700000| Complete 
| 104|0x0000000086800000, 0x0000000086900000, 0x0000000086900000|100%| E|CS|TAMS 0x0000000086800000| PB 0x0000000086800000| Complete 
| 105|0x0000000086900000, 0x0000000086a00000, 0x0000000086a00000|100%| E|CS|TAMS 0x0000000086900000| PB 0x0000000086900000| Complete 
| 106|0x0000000086a00000, 0x0000000086b00000, 0x0000000086b00000|100%| E|CS|TAMS 0x0000000086a00000| PB 0x0000000086a00000| Complete 
| 107|0x0000000086b00000, 0x0000000086c00000, 0x0000000086c00000|100%| E|CS|TAMS 0x0000000086b00000| PB 0x0000000086b00000| Complete 
| 108|0x0000000086c00000, 0x0000000086d00000, 0x0000000086d00000|100%| E|CS|TAMS 0x0000000086c00000| PB 0x0000000086c00000| Complete 
| 109|0x0000000086d00000, 0x0000000086e00000, 0x0000000086e00000|100%| E|CS|TAMS 0x0000000086d00000| PB 0x0000000086d00000| Complete 
| 110|0x0000000086e00000, 0x0000000086f00000, 0x0000000086f00000|100%| E|CS|TAMS 0x0000000086e00000| PB 0x0000000086e00000| Complete 
| 111|0x0000000086f00000, 0x0000000087000000, 0x0000000087000000|100%| E|CS|TAMS 0x0000000086f00000| PB 0x0000000086f00000| Complete 
| 112|0x0000000087000000, 0x0000000087100000, 0x0000000087100000|100%| E|CS|TAMS 0x0000000087000000| PB 0x0000000087000000| Complete 
| 113|0x0000000087100000, 0x0000000087200000, 0x0000000087200000|100%| E|CS|TAMS 0x0000000087100000| PB 0x0000000087100000| Complete 
| 114|0x0000000087200000, 0x0000000087300000, 0x0000000087300000|100%| E|CS|TAMS 0x0000000087200000| PB 0x0000000087200000| Complete 
| 115|0x0000000087300000, 0x0000000087400000, 0x0000000087400000|100%| E|CS|TAMS 0x0000000087300000| PB 0x0000000087300000| Complete 
| 116|0x0000000087400000, 0x0000000087500000, 0x0000000087500000|100%| E|CS|TAMS 0x0000000087400000| PB 0x0000000087400000| Complete 
| 117|0x0000000087500000, 0x0000000087600000, 0x0000000087600000|100%| E|CS|TAMS 0x0000000087500000| PB 0x0000000087500000| Complete 
| 118|0x0000000087600000, 0x0000000087700000, 0x0000000087700000|100%| E|CS|TAMS 0x0000000087600000| PB 0x0000000087600000| Complete 
| 119|0x0000000087700000, 0x0000000087800000, 0x0000000087800000|100%| E|CS|TAMS 0x0000000087700000| PB 0x0000000087700000| Complete 
| 120|0x0000000087800000, 0x0000000087900000, 0x0000000087900000|100%| E|CS|TAMS 0x0000000087800000| PB 0x0000000087800000| Complete 
| 121|0x0000000087900000, 0x0000000087a00000, 0x0000000087a00000|100%| E|CS|TAMS 0x0000000087900000| PB 0x0000000087900000| Complete 
| 122|0x0000000087a00000, 0x0000000087b00000, 0x0000000087b00000|100%| E|CS|TAMS 0x0000000087a00000| PB 0x0000000087a00000| Complete 
| 123|0x0000000087b00000, 0x0000000087c00000, 0x0000000087c00000|100%| E|CS|TAMS 0x0000000087b00000| PB 0x0000000087b00000| Complete 

Card table byte_map: [0x000001cd49390000,0x000001cd49790000] _byte_map_base: 0x000001cd48f90000

Marking Bits: (CMBitMap*) 0x000001cd3589aab0
 Bits: [0x000001cd49790000, 0x000001cd4b790000)

Polling page: 0x000001cd33690000

Metaspace:

Usage:
  Non-class:     10.46 MB used.
      Class:      1.67 MB used.
       Both:     12.13 MB used.

Virtual space:
  Non-class space:       64.00 MB reserved,      10.69 MB ( 17%) committed,  1 nodes.
      Class space:      416.00 MB reserved,       1.88 MB ( <1%) committed,  1 nodes.
             Both:      480.00 MB reserved,      12.56 MB (  3%) committed. 

Chunk freelists:
   Non-Class:  5.00 MB
       Class:  14.16 MB
        Both:  19.15 MB

MaxMetaspaceSize: 512.00 MB
CompressedClassSpaceSize: 416.00 MB
Initial GC threshold: 21.00 MB
Current GC threshold: 21.00 MB
CDS: on
 - commit_granule_bytes: 65536.
 - commit_granule_words: 8192.
 - virtual_space_node_default_size: 8388608.
 - enlarge_chunks_in_place: 1.
 - use_allocation_guard: 0.


Internal statistics:

num_allocs_failed_limit: 0.
num_arena_births: 386.
num_arena_deaths: 0.
num_vsnodes_births: 2.
num_vsnodes_deaths: 0.
num_space_committed: 201.
num_space_uncommitted: 0.
num_chunks_returned_to_freelist: 0.
num_chunks_taken_from_freelist: 762.
num_chunk_merges: 0.
num_chunk_splits: 501.
num_chunks_enlarged: 359.
num_inconsistent_stats: 0.

CodeHeap 'non-profiled nmethods': size=128192Kb used=1152Kb max_used=1152Kb free=127039Kb
 bounds [0x000001cd40d10000, 0x000001cd40f80000, 0x000001cd48a40000]
CodeHeap 'profiled nmethods': size=128192Kb used=4965Kb max_used=4965Kb free=123226Kb
 bounds [0x000001cd38a40000, 0x000001cd38f20000, 0x000001cd40770000]
CodeHeap 'non-nmethods': size=5760Kb used=1375Kb max_used=1393Kb free=4384Kb
 bounds [0x000001cd40770000, 0x000001cd409e0000, 0x000001cd40d10000]
CodeCache: size=262144Kb, used=7492Kb, max_used=7510Kb, free=254649Kb
 total_blobs=3059, nmethods=2524, adapters=439, full_count=0
Compilation: enabled, stopped_count=0, restarted_count=0

Compilation events (20 events):
Event: 1.731 Thread 0x000001cd4e3fbfd0 2513       3       java.lang.invoke.DelegatingMethodHandle::whichKind (44 bytes)
Event: 1.731 Thread 0x000001cd4e3fbfd0 nmethod 2513 0x000001cd38f16610 code [0x000001cd38f167c0, 0x000001cd38f16998]
Event: 1.731 Thread 0x000001cd4e3fbfd0 2518       3       java.lang.Class::privateGetDeclaredMethods (64 bytes)
Event: 1.732 Thread 0x000001cd4e3fbfd0 nmethod 2518 0x000001cd38f16a10 code [0x000001cd38f16c40, 0x000001cd38f173f8]
Event: 1.732 Thread 0x000001cd4e3fbfd0 2520       3       java.util.stream.AbstractPipeline::isParallel (8 bytes)
Event: 1.732 Thread 0x000001cd4e3fbfd0 nmethod 2520 0x000001cd38f17610 code [0x000001cd38f177a0, 0x000001cd38f178b8]
Event: 1.732 Thread 0x000001cd4e3f6590 nmethod 2516 0x000001cd40e2e810 code [0x000001cd40e2e9c0, 0x000001cd40e2ec38]
Event: 1.732 Thread 0x000001cd4e3f6590 2517       4       java.lang.String::<init> (15 bytes)
Event: 1.733 Thread 0x000001cd4e3f6590 nmethod 2517 0x000001cd40e2ee10 code [0x000001cd40e2efa0, 0x000001cd40e2f100]
Event: 1.733 Thread 0x000001cd4e3f6590 2519       4       jdk.internal.util.StrongReferenceKey::hashCode (8 bytes)
Event: 1.734 Thread 0x000001cd4e3fbfd0 2521       3       java.lang.reflect.Modifier::isAbstract (14 bytes)
Event: 1.734 Thread 0x000001cd4e3fbfd0 nmethod 2521 0x000001cd38f17990 code [0x000001cd38f17b20, 0x000001cd38f17c68]
Event: 1.734 Thread 0x000001cd4e3fbfd0 2523       3       java.lang.invoke.MemberName::isProtected (8 bytes)
Event: 1.734 Thread 0x000001cd4e3fbfd0 nmethod 2523 0x000001cd38f17d10 code [0x000001cd38f17ec0, 0x000001cd38f18080]
Event: 1.735 Thread 0x000001cd4e3fbfd0 2524       3       java.util.concurrent.ConcurrentHashMap::get (162 bytes)
Event: 1.735 Thread 0x000001cd4e3fbfd0 nmethod 2524 0x000001cd38f18110 code [0x000001cd38f18380, 0x000001cd38f18dc0]
Event: 1.735 Thread 0x000001cd4e3fbfd0 2525       3       java.util.stream.PipelineHelper::<init> (5 bytes)
Event: 1.735 Thread 0x000001cd4e3fbfd0 nmethod 2525 0x000001cd38f19090 code [0x000001cd38f19240, 0x000001cd38f193a8]
Event: 1.735 Thread 0x000001cd4e3fbfd0 2526       1       java.util.stream.AbstractPipeline::getStreamAndOpFlags (5 bytes)
Event: 1.735 Thread 0x000001cd4e3fbfd0 nmethod 2526 0x000001cd40e2f490 code [0x000001cd40e2f620, 0x000001cd40e2f6e8]

GC Heap History (6 events):
Event: 0.308 GC heap before
{Heap before GC invocations=0 (full 0):
 garbage-first heap   total 126976K, used 22528K [0x0000000080000000, 0x0000000100000000)
  region size 1024K, 23 young (23552K), 0 survivors (0K)
 Metaspace       used 1067K, committed 1216K, reserved 491520K
  class space    used 81K, committed 128K, reserved 425984K
}
Event: 0.312 GC heap after
{Heap after GC invocations=1 (full 0):
 garbage-first heap   total 126976K, used 3882K [0x0000000080000000, 0x0000000100000000)
  region size 1024K, 3 young (3072K), 3 survivors (3072K)
 Metaspace       used 1067K, committed 1216K, reserved 491520K
  class space    used 81K, committed 128K, reserved 425984K
}
Event: 0.768 GC heap before
{Heap before GC invocations=1 (full 0):
 garbage-first heap   total 126976K, used 40746K [0x0000000080000000, 0x0000000100000000)
  region size 1024K, 36 young (36864K), 3 survivors (3072K)
 Metaspace       used 4363K, committed 4544K, reserved 491520K
  class space    used 559K, committed 640K, reserved 425984K
}
Event: 0.776 GC heap after
{Heap after GC invocations=2 (full 0):
 garbage-first heap   total 126976K, used 11414K [0x0000000080000000, 0x0000000100000000)
  region size 1024K, 5 young (5120K), 5 survivors (5120K)
 Metaspace       used 4363K, committed 4544K, reserved 491520K
  class space    used 559K, committed 640K, reserved 425984K
}
Event: 1.141 GC heap before
{Heap before GC invocations=2 (full 0):
 garbage-first heap   total 126976K, used 59542K [0x0000000080000000, 0x0000000100000000)
  region size 1024K, 50 young (51200K), 5 survivors (5120K)
 Metaspace       used 5902K, committed 6144K, reserved 491520K
  class space    used 799K, committed 896K, reserved 425984K
}
Event: 1.150 GC heap after
{Heap after GC invocations=3 (full 0):
 garbage-first heap   total 126976K, used 18038K [0x0000000080000000, 0x0000000100000000)
  region size 1024K, 6 young (6144K), 6 survivors (6144K)
 Metaspace       used 5902K, committed 6144K, reserved 491520K
  class space    used 799K, committed 896K, reserved 425984K
}

Dll operation events (20 events):
Event: 0.111 Attempting to load shared library C:\Users\user5\.vscode\extensions\redhat.java-1.56.0-win32-x64\jre\21.0.12.1-win32-x86_64\bin\nio.dll
Event: 0.112 Loaded shared library C:\Users\user5\.vscode\extensions\redhat.java-1.56.0-win32-x64\jre\21.0.12.1-win32-x86_64\bin\nio.dll
Event: 0.114 Attempting to load shared library C:\Users\user5\.vscode\extensions\redhat.java-1.56.0-win32-x64\jre\21.0.12.1-win32-x86_64\bin\zip.dll
Event: 0.114 Loaded shared library C:\Users\user5\.vscode\extensions\redhat.java-1.56.0-win32-x64\jre\21.0.12.1-win32-x86_64\bin\zip.dll
Event: 0.256 Attempting to load shared library C:\Users\user5\.vscode\extensions\redhat.java-1.56.0-win32-x64\jre\21.0.12.1-win32-x86_64\bin\jimage.dll
Event: 0.256 Loaded shared library C:\Users\user5\.vscode\extensions\redhat.java-1.56.0-win32-x64\jre\21.0.12.1-win32-x86_64\bin\jimage.dll
Event: 0.354 Attempting to load shared library C:\Users\user5\.vscode\extensions\redhat.java-1.56.0-win32-x64\jre\21.0.12.1-win32-x86_64\bin\verify.dll
Event: 0.354 Loaded shared library C:\Users\user5\.vscode\extensions\redhat.java-1.56.0-win32-x64\jre\21.0.12.1-win32-x86_64\bin\verify.dll
Event: 0.477 Attempting to load shared library D:\gradle_cache\native\1def1411415f61bf3af743bc5b6707747c0891f09f0c88961ee8f79bc544acac\windows-amd64\native-platform.dll
Event: 0.479 Loaded shared library D:\gradle_cache\native\1def1411415f61bf3af743bc5b6707747c0891f09f0c88961ee8f79bc544acac\windows-amd64\native-platform.dll
Event: 0.483 Attempting to load shared library D:\gradle_cache\native\0.2.5\x86_64-windows-gnu\gradle-fileevents.dll
Event: 0.484 Loaded shared library D:\gradle_cache\native\0.2.5\x86_64-windows-gnu\gradle-fileevents.dll
Event: 1.165 Attempting to load shared library C:\Users\user5\.vscode\extensions\redhat.java-1.56.0-win32-x64\jre\21.0.12.1-win32-x86_64\bin\management.dll
Event: 1.165 Loaded shared library C:\Users\user5\.vscode\extensions\redhat.java-1.56.0-win32-x64\jre\21.0.12.1-win32-x86_64\bin\management.dll
Event: 1.167 Attempting to load shared library C:\Users\user5\.vscode\extensions\redhat.java-1.56.0-win32-x64\jre\21.0.12.1-win32-x86_64\bin\management_ext.dll
Event: 1.168 Loaded shared library C:\Users\user5\.vscode\extensions\redhat.java-1.56.0-win32-x64\jre\21.0.12.1-win32-x86_64\bin\management_ext.dll
Event: 1.330 Attempting to load shared library C:\Users\user5\.vscode\extensions\redhat.java-1.56.0-win32-x64\jre\21.0.12.1-win32-x86_64\bin\extnet.dll
Event: 1.331 Loaded shared library C:\Users\user5\.vscode\extensions\redhat.java-1.56.0-win32-x64\jre\21.0.12.1-win32-x86_64\bin\extnet.dll
Event: 1.506 Attempting to load shared library C:\Users\user5\.vscode\extensions\redhat.java-1.56.0-win32-x64\jre\21.0.12.1-win32-x86_64\bin\sunmscapi.dll
Event: 1.509 Loaded shared library C:\Users\user5\.vscode\extensions\redhat.java-1.56.0-win32-x64\jre\21.0.12.1-win32-x86_64\bin\sunmscapi.dll

Deoptimization events (20 events):
Event: 1.670 Thread 0x000001cd6fa76400 Uncommon trap: trap_request=0xffffffde fr.pc=0x000001cd40e26a4c relative=0x000000000000012c
Event: 1.670 Thread 0x000001cd6fa76400 Uncommon trap: reason=class_check action=maybe_recompile pc=0x000001cd40e26a4c method=jdk.internal.misc.Unsafe.allocateUninitializedArray(Ljava/lang/Class;I)Ljava/lang/Object; @ 51 c2
Event: 1.670 Thread 0x000001cd6fa76400 DEOPT PACKING pc=0x000001cd40e26a4c sp=0x00000037720fb950
Event: 1.670 Thread 0x000001cd6fa76400 DEOPT UNPACKING pc=0x000001cd407c4422 sp=0x00000037720fb8c8 mode 2
Event: 1.704 Thread 0x000001cd6fa76400 Uncommon trap: trap_request=0xffffffcc fr.pc=0x000001cd40e2638c relative=0x000000000000034c
Event: 1.704 Thread 0x000001cd6fa76400 Uncommon trap: reason=intrinsic_or_type_checked_inlining action=make_not_entrant pc=0x000001cd40e2638c method=java.util.Arrays.copyOf([Ljava/lang/Object;ILjava/lang/Class;)[Ljava/lang/Object; @ 35 c2
Event: 1.704 Thread 0x000001cd6fa76400 DEOPT PACKING pc=0x000001cd40e2638c sp=0x00000037720fcb80
Event: 1.704 Thread 0x000001cd6fa76400 DEOPT UNPACKING pc=0x000001cd407c4422 sp=0x00000037720fcb10 mode 2
Event: 1.722 Thread 0x000001cd6fa76400 Uncommon trap: trap_request=0xffffff45 fr.pc=0x000001cd40dc11c0 relative=0x00000000000001e0
Event: 1.722 Thread 0x000001cd6fa76400 Uncommon trap: reason=unstable_if action=reinterpret pc=0x000001cd40dc11c0 method=java.util.HashMap.getNode(Ljava/lang/Object;)Ljava/util/HashMap$Node; @ 66 c2
Event: 1.722 Thread 0x000001cd6fa76400 DEOPT PACKING pc=0x000001cd40dc11c0 sp=0x00000037720fc5a0
Event: 1.722 Thread 0x000001cd6fa76400 DEOPT UNPACKING pc=0x000001cd407c4422 sp=0x00000037720fc4c0 mode 2
Event: 1.722 Thread 0x000001cd6fa76400 Uncommon trap: trap_request=0xffffff45 fr.pc=0x000001cd40d76ba0 relative=0x00000000000001c0
Event: 1.722 Thread 0x000001cd6fa76400 Uncommon trap: reason=unstable_if action=reinterpret pc=0x000001cd40d76ba0 method=java.util.HashMap.getNode(Ljava/lang/Object;)Ljava/util/HashMap$Node; @ 66 c2
Event: 1.722 Thread 0x000001cd6fa76400 DEOPT PACKING pc=0x000001cd40d76ba0 sp=0x00000037720fc540
Event: 1.722 Thread 0x000001cd6fa76400 DEOPT UNPACKING pc=0x000001cd407c4422 sp=0x00000037720fc4c0 mode 2
Event: 1.729 Thread 0x000001cd6fa76400 Uncommon trap: trap_request=0xffffff45 fr.pc=0x000001cd40dcb874 relative=0x00000000000002b4
Event: 1.729 Thread 0x000001cd6fa76400 Uncommon trap: reason=unstable_if action=reinterpret pc=0x000001cd40dcb874 method=java.util.concurrent.ConcurrentHashMap.get(Ljava/lang/Object;)Ljava/lang/Object; @ 152 c2
Event: 1.729 Thread 0x000001cd6fa76400 DEOPT PACKING pc=0x000001cd40dcb874 sp=0x00000037720fbaa0
Event: 1.729 Thread 0x000001cd6fa76400 DEOPT UNPACKING pc=0x000001cd407c4422 sp=0x00000037720fba08 mode 2

Classes loaded (20 events):
Event: 1.722 Loading class java/lang/CloneNotSupportedException
Event: 1.722 Loading class java/lang/CloneNotSupportedException done
Event: 1.725 Loading class sun/reflect/generics/tree/BottomSignature
Event: 1.725 Loading class sun/reflect/generics/tree/BottomSignature done
Event: 1.725 Loading class sun/reflect/generics/tree/Wildcard
Event: 1.725 Loading class sun/reflect/generics/tree/Wildcard done
Event: 1.725 Loading class sun/reflect/generics/reflectiveObjects/WildcardTypeImpl
Event: 1.725 Loading class sun/reflect/generics/reflectiveObjects/WildcardTypeImpl done
Event: 1.729 Loading class jdk/internal/vm/annotation/IntrinsicCandidate
Event: 1.729 Loading class jdk/internal/vm/annotation/IntrinsicCandidate done
Event: 1.731 Loading class java/util/stream/MatchOps$MatchKind
Event: 1.731 Loading class java/util/stream/MatchOps$MatchKind done
Event: 1.731 Loading class java/util/stream/MatchOps
Event: 1.731 Loading class java/util/stream/MatchOps done
Event: 1.731 Loading class java/util/stream/MatchOps$MatchOp
Event: 1.731 Loading class java/util/stream/MatchOps$MatchOp done
Event: 1.731 Loading class java/util/stream/MatchOps$BooleanTerminalSink
Event: 1.731 Loading class java/util/stream/MatchOps$BooleanTerminalSink done
Event: 1.732 Loading class java/util/stream/MatchOps$1MatchSink
Event: 1.732 Loading class java/util/stream/MatchOps$1MatchSink done

Classes unloaded (0 events):
No events

Classes redefined (0 events):
No events

Internal exceptions (20 events):
Event: 1.185 Thread 0x000001cd3583ec50 Exception <a 'java/lang/NoSuchMethodError'{0x0000000087a690d8}: 'java.lang.Object java.lang.invoke.DirectMethodHandle$Holder.invokeVirtual(java.lang.Object, java.lang.Object, java.lang.Object, java.lang.Object, java.lang.Object)'> (0x0000000087a690d8) 
thrown [s\src\hotspot\share\interpreter\linkResolver.cpp, line 773]
Event: 1.187 Thread 0x000001cd3583ec50 Exception <a 'java/lang/NoSuchMethodError'{0x0000000087a7c2c8}: 'java.lang.Object java.lang.invoke.Invokers$Holder.invokeExact_MT(java.lang.Object, java.lang.Object, java.lang.Object, java.lang.Object, java.lang.Object, java.lang.Object)'> (0x0000000087a7c2c8) 
thrown [s\src\hotspot\share\interpreter\linkResolver.cpp, line 773]
Event: 1.201 Thread 0x000001cd3583ec50 Exception <a 'java/lang/NoSuchMethodError'{0x000000008797c178}: 'java.lang.Object java.lang.invoke.DelegatingMethodHandle$Holder.reinvoke_L(java.lang.Object, java.lang.Object, java.lang.Object, java.lang.Object, java.lang.Object, java.lang.Object, java.lang.Object, java.lang.Object, java.lang.Object, java.lang.Object, java.lang.Object, java.lang.Object, java.lang.Object, java.lang.Object)'> (0x000000008797c178) 
thrown [s\src\hotspot\share\interpreter\linkResolver.cpp, line 773]
Event: 1.206 Thread 0x000001cd3583ec50 Exception <a 'java/lang/NoSuchMethodError'{0x00000000879c8dd8}: 'java.lang.Object java.lang.invoke.DirectMethodHandle$Holder.invokeStatic(java.lang.Object, java.lang.Object, java.lang.Object, java.lang.Object, java.lang.Object, java.lang.Object, java.lang.Object, java.lang.Object, java.lang.Object, java.lang.Object, java.lang.Object, java.lang.Object, java.lang.Object)'> (0x00000000879c8dd8) 
thrown [s\src\hotspot\share\interpreter\linkResolver.cpp, line 773]
Event: 1.208 Thread 0x000001cd3583ec50 Exception <a 'java/lang/NoSuchMethodError'{0x00000000879e83e0}: 'java.lang.Object java.lang.invoke.DirectMethodHandle$Holder.invokeStatic(java.lang.Object, java.lang.Object, java.lang.Object, java.lang.Object, java.lang.Object, java.lang.Object, java.lang.Object, java.lang.Object, java.lang.Object, java.lang.Object, java.lang.Object, java.lang.Object, java.lang.Object, java.lang.Object)'> (0x00000000879e83e0) 
thrown [s\src\hotspot\share\interpreter\linkResolver.cpp, line 773]
Event: 1.209 Thread 0x000001cd3583ec50 Exception <a 'java/lang/NoSuchMethodError'{0x0000000087809438}: 'java.lang.Object java.lang.invoke.DirectMethodHandle$Holder.invokeStatic(java.lang.Object, java.lang.Object, java.lang.Object, java.lang.Object, java.lang.Object, java.lang.Object, java.lang.Object, java.lang.Object, java.lang.Object, java.lang.Object, java.lang.Object, java.lang.Object, java.lang.Object, java.lang.Object, java.lang.Object)'> (0x0000000087809438) 
thrown [s\src\hotspot\share\interpreter\linkResolver.cpp, line 773]
Event: 1.210 Thread 0x000001cd3583ec50 Exception <a 'java/lang/NoSuchMethodError'{0x000000008782c008}: 'java.lang.Object java.lang.invoke.DirectMethodHandle$Holder.invokeStatic(java.lang.Object, java.lang.Object, java.lang.Object, java.lang.Object, java.lang.Object, java.lang.Object, java.lang.Object, java.lang.Object, java.lang.Object, java.lang.Object, java.lang.Object, java.lang.Object, java.lang.Object, java.lang.Object, java.lang.Object, java.lang.Object)'> (0x000000008782c008) 
thrown [s\src\hotspot\share\interpreter\linkResolver.cpp, lin
Event: 1.253 Thread 0x000001cd3583ec50 Exception <a 'java/lang/NoSuchMethodError'{0x00000000876759f8}: 'java.lang.Object java.lang.invoke.DirectMethodHandle$Holder.invokeVirtual(java.lang.Object, java.lang.Object, java.lang.Object, java.lang.Object, java.lang.Object, java.lang.Object, java.lang.Object)'> (0x00000000876759f8) 
thrown [s\src\hotspot\share\interpreter\linkResolver.cpp, line 773]
Event: 1.263 Thread 0x000001cd3583ec50 Exception <a 'java/lang/NoSuchMethodError'{0x0000000087504b50}: 'java.lang.Object java.lang.invoke.DirectMethodHandle$Holder.invokeVirtual(java.lang.Object, java.lang.Object, java.lang.Object, java.lang.Object, java.lang.Object, java.lang.Object, java.lang.Object, java.lang.Object, java.lang.Object)'> (0x0000000087504b50) 
thrown [s\src\hotspot\share\interpreter\linkResolver.cpp, line 773]
Event: 1.299 Thread 0x000001cd3583ec50 Exception <a 'java/lang/NoSuchMethodError'{0x000000008749a990}: 'java.lang.Object java.lang.invoke.DirectMethodHandle$Holder.invokeStaticInit(java.lang.Object, int, int, int, int)'> (0x000000008749a990) 
thrown [s\src\hotspot\share\interpreter\linkResolver.cpp, line 773]
Event: 1.319 Thread 0x000001cd3583ec50 Exception <a 'java/lang/NoSuchMethodError'{0x0000000087311d00}: 'java.lang.Object java.lang.invoke.DirectMethodHandle$Holder.invokeStaticInit(java.lang.Object, java.lang.Object, int, int, int, int)'> (0x0000000087311d00) 
thrown [s\src\hotspot\share\interpreter\linkResolver.cpp, line 773]
Event: 1.431 Thread 0x000001cd3583ec50 Exception <a 'java/io/IOException'{0x00000000870bc2d0}> (0x00000000870bc2d0) 
thrown [s\src\hotspot\share\prims\jni.cpp, line 520]
Event: 1.435 Thread 0x000001cd3583ec50 Implicit null exception at 0x000001cd40d70120 to 0x000001cd40d706c8
Event: 1.439 Thread 0x000001cd3583ec50 Exception <a 'java/lang/NoSuchMethodError'{0x0000000086f1f6a0}: 'java.lang.Object java.lang.invoke.DirectMethodHandle$Holder.newInvokeSpecial(java.lang.Object, java.lang.Object, java.lang.Object, java.lang.Object, java.lang.Object)'> (0x0000000086f1f6a0) 
thrown [s\src\hotspot\share\interpreter\linkResolver.cpp, line 773]
Event: 1.575 Thread 0x000001cd4e3f2bd0 Exception <a 'java/lang/NoSuchMethodError'{0x0000000086c72108}: 'void java.lang.invoke.DirectMethodHandle$Holder.invokeSpecial(java.lang.Object, java.lang.Object, java.lang.Object)'> (0x0000000086c72108) 
thrown [s\src\hotspot\share\interpreter\linkResolver.cpp, line 773]
Event: 1.628 Thread 0x000001cd6fa76400 Exception <a 'java/lang/NoSuchMethodError'{0x00000000866d1538}: 'long java.lang.invoke.DirectMethodHandle$Holder.invokeInterface(java.lang.Object, java.lang.Object)'> (0x00000000866d1538) 
thrown [s\src\hotspot\share\interpreter\linkResolver.cpp, line 773]
Event: 1.695 Thread 0x000001cd6fa76400 Exception <a 'java/lang/NoSuchMethodError'{0x000000008616af98}: 'void java.lang.invoke.DirectMethodHandle$Holder.invokeStatic(java.lang.Object, java.lang.Object)'> (0x000000008616af98) 
thrown [s\src\hotspot\share\interpreter\linkResolver.cpp, line 773]
Event: 1.701 Thread 0x000001cd6fa76400 Exception <a 'java/lang/NoSuchMethodError'{0x00000000861aeb18}: 'java.lang.Object java.lang.invoke.DirectMethodHandle$Holder.invokeVirtual(java.lang.Object, java.lang.Object, java.lang.Object, java.lang.Object, java.lang.Object, java.lang.Object, java.lang.Object, java.lang.Object, java.lang.Object, java.lang.Object, java.lang.Object, java.lang.Object)'> (0x00000000861aeb18) 
thrown [s\src\hotspot\share\interpreter\linkResolver.cpp, line 773]
Event: 1.701 Thread 0x000001cd6fa76400 Exception <a 'java/lang/NoSuchMethodError'{0x00000000861b3b40}: 'java.lang.Object java.lang.invoke.DirectMethodHandle$Holder.invokeSpecial(java.lang.Object, java.lang.Object, java.lang.Object, java.lang.Object, java.lang.Object, java.lang.Object, java.lang.Object, java.lang.Object, java.lang.Object, java.lang.Object, java.lang.Object, java.lang.Object, java.lang.Object)'> (0x00000000861b3b40) 
thrown [s\src\hotspot\share\interpreter\linkResolver.cpp, line 773]
Event: 1.734 Thread 0x000001cd6fa76400 Exception <a 'java/lang/NoSuchMethodError'{0x0000000085f9b2b8}: 'int java.lang.invoke.DirectMethodHandle$Holder.invokeVirtual(java.lang.Object, java.lang.Object, java.lang.Object)'> (0x0000000085f9b2b8) 
thrown [s\src\hotspot\share\interpreter\linkResolver.cpp, line 773]

ZGC Phase Switch (0 events):
No events

VM Operations (20 events):
Event: 1.193 Executing non-safepoint VM operation: HandshakeAllThreads (Deoptimize)
Event: 1.193 Executing non-safepoint VM operation: HandshakeAllThreads (Deoptimize) done
Event: 1.196 Executing non-safepoint VM operation: HandshakeAllThreads (Deoptimize)
Event: 1.196 Executing non-safepoint VM operation: HandshakeAllThreads (Deoptimize) done
Event: 1.196 Executing non-safepoint VM operation: HandshakeAllThreads (Deoptimize)
Event: 1.196 Executing non-safepoint VM operation: HandshakeAllThreads (Deoptimize) done
Event: 1.226 Executing non-safepoint VM operation: HandshakeAllThreads (Deoptimize)
Event: 1.226 Executing non-safepoint VM operation: HandshakeAllThreads (Deoptimize) done
Event: 1.250 Executing non-safepoint VM operation: HandshakeAllThreads (Deoptimize)
Event: 1.250 Executing non-safepoint VM operation: HandshakeAllThreads (Deoptimize) done
Event: 1.282 Executing non-safepoint VM operation: HandshakeAllThreads (Deoptimize)
Event: 1.282 Executing non-safepoint VM operation: HandshakeAllThreads (Deoptimize) done
Event: 1.315 Executing non-safepoint VM operation: HandshakeAllThreads (Deoptimize)
Event: 1.315 Executing non-safepoint VM operation: HandshakeAllThreads (Deoptimize) done
Event: 1.397 Executing non-safepoint VM operation: HandshakeAllThreads (Deoptimize)
Event: 1.397 Executing non-safepoint VM operation: HandshakeAllThreads (Deoptimize) done
Event: 1.491 Executing non-safepoint VM operation: HandshakeAllThreads (Deoptimize)
Event: 1.491 Executing non-safepoint VM operation: HandshakeAllThreads (Deoptimize) done
Event: 1.638 Executing safepoint VM operation: ICBufferFull
Event: 1.638 Executing safepoint VM operation: ICBufferFull done

Memory protections (0 events):
No events

Nmethod flushes (0 events):
No events

Events (20 events):
Event: 0.054 Thread 0x000001cd3583ec50 Thread added: 0x000001cd4e3e6b00
Event: 0.055 Thread 0x000001cd3583ec50 Thread added: 0x000001cd4e3e7660
Event: 0.055 Thread 0x000001cd3583ec50 Thread added: 0x000001cd4e3ed670
Event: 0.055 Thread 0x000001cd3583ec50 Thread added: 0x000001cd4e3ee890
Event: 0.055 Thread 0x000001cd3583ec50 Thread added: 0x000001cd4e3f0680
Event: 0.055 Thread 0x000001cd3583ec50 Thread added: 0x000001cd4e3f4610
Event: 0.055 Thread 0x000001cd3583ec50 Thread added: 0x000001cd4e3f6590
Event: 0.055 Thread 0x000001cd3583ec50 Thread added: 0x000001cd4e3fbfd0
Event: 0.099 Thread 0x000001cd3583ec50 Thread added: 0x000001cd4e3f1eb0
Event: 0.125 Thread 0x000001cd3583ec50 Thread added: 0x000001cd4e3f3f80
Event: 1.197 Thread 0x000001cd3583ec50 Thread added: 0x000001cd4e3f3260
Event: 1.373 Thread 0x000001cd3583ec50 Thread added: 0x000001cd4e3f4ca0
Event: 1.443 Thread 0x000001cd3583ec50 Thread added: 0x000001cd4e3f38f0
Event: 1.532 Thread 0x000001cd4e3f4ca0 Thread added: 0x000001cd4e3f2bd0
Event: 1.536 Thread 0x000001cd4e3f2bd0 Thread added: 0x000001cd6fa72f80
Event: 1.566 Thread 0x000001cd4e3f2bd0 Thread added: 0x000001cd6fa749c0
Event: 1.575 Thread 0x000001cd4e3f2bd0 Thread added: 0x000001cd6fa76400
Event: 1.584 Thread 0x000001cd6fa76400 Thread added: 0x000001cd6fa76a90
Event: 1.589 Thread 0x000001cd6fa76400 Thread added: 0x000001cd6fa74330
Event: 1.590 Thread 0x000001cd6fa76400 Thread added: 0x000001cd6fa73610


Dynamic libraries:
0x00007ff7a95b0000 - 0x00007ff7a95be000 	C:\Users\user5\.vscode\extensions\redhat.java-1.56.0-win32-x64\jre\21.0.12.1-win32-x86_64\bin\java.exe
0x00007ff8236e0000 - 0x00007ff823947000 	C:\WINDOWS\SYSTEM32\ntdll.dll
0x00007ff822840000 - 0x00007ff82290b000 	C:\WINDOWS\System32\KERNEL32.DLL
0x00007ff820b10000 - 0x00007ff820f12000 	C:\WINDOWS\System32\KERNELBASE.dll
0x00007ff8212a0000 - 0x00007ff8213ec000 	C:\WINDOWS\System32\ucrtbase.dll
0x00007ff810520000 - 0x00007ff810538000 	C:\Users\user5\.vscode\extensions\redhat.java-1.56.0-win32-x64\jre\21.0.12.1-win32-x86_64\bin\jli.dll
0x00007ff813580000 - 0x00007ff81359e000 	C:\Users\user5\.vscode\extensions\redhat.java-1.56.0-win32-x64\jre\21.0.12.1-win32-x86_64\bin\VCRUNTIME140.dll
0x00007ff822450000 - 0x00007ff82261f000 	C:\WINDOWS\System32\USER32.dll
0x00007ff820f20000 - 0x00007ff820f47000 	C:\WINDOWS\System32\win32u.dll
0x00007ff800850000 - 0x00007ff800ae0000 	C:\WINDOWS\WinSxS\amd64_microsoft.windows.common-controls_6595b64144ccf1df_6.0.26100.9278_none_3e0d1ba8e3303201\COMCTL32.dll
0x00007ff822760000 - 0x00007ff82278b000 	C:\WINDOWS\System32\GDI32.dll
0x00007ff822910000 - 0x00007ff8229b9000 	C:\WINDOWS\System32\msvcrt.dll
0x00007ff820f50000 - 0x00007ff821079000 	C:\WINDOWS\System32\gdi32full.dll
0x00007ff820a60000 - 0x00007ff820b03000 	C:\WINDOWS\System32\msvcp_win.dll
0x00007ff821400000 - 0x00007ff821431000 	C:\WINDOWS\System32\IMM32.DLL
0x00007ff818840000 - 0x00007ff81884c000 	C:\Users\user5\.vscode\extensions\redhat.java-1.56.0-win32-x64\jre\21.0.12.1-win32-x86_64\bin\vcruntime140_1.dll
0x00007fffefad0000 - 0x00007fffefb5d000 	C:\Users\user5\.vscode\extensions\redhat.java-1.56.0-win32-x64\jre\21.0.12.1-win32-x86_64\bin\msvcp140.dll
0x00007fff950e0000 - 0x00007fff95e82000 	C:\Users\user5\.vscode\extensions\redhat.java-1.56.0-win32-x64\jre\21.0.12.1-win32-x86_64\bin\server\jvm.dll
0x00007ff822680000 - 0x00007ff82273c000 	C:\WINDOWS\System32\ADVAPI32.dll
0x00007ff8234d0000 - 0x00007ff823579000 	C:\WINDOWS\System32\sechost.dll
0x00007ff823580000 - 0x00007ff823698000 	C:\WINDOWS\System32\RPCRT4.dll
0x00007ff8227b0000 - 0x00007ff822830000 	C:\WINDOWS\System32\WS2_32.dll
0x00007ff81ffb0000 - 0x00007ff82000e000 	C:\WINDOWS\SYSTEM32\POWRPROF.dll
0x00007ff8142c0000 - 0x00007ff8142cb000 	C:\WINDOWS\SYSTEM32\VERSION.dll
0x00007ff80c220000 - 0x00007ff80c256000 	C:\WINDOWS\SYSTEM32\WINMM.dll
0x00007ff81ff70000 - 0x00007ff81ff85000 	C:\WINDOWS\SYSTEM32\UMPDC.dll
0x00007ff81f5b0000 - 0x00007ff81f5cb000 	C:\WINDOWS\SYSTEM32\kernel.appcore.dll
0x00007ff816440000 - 0x00007ff81644a000 	C:\Users\user5\.vscode\extensions\redhat.java-1.56.0-win32-x64\jre\21.0.12.1-win32-x86_64\bin\jimage.dll
0x00007ff81de40000 - 0x00007ff81e08c000 	C:\WINDOWS\SYSTEM32\DBGHELP.DLL
0x00007ff8215c0000 - 0x00007ff821945000 	C:\WINDOWS\System32\combase.dll
0x00007ff821950000 - 0x00007ff821a29000 	C:\WINDOWS\System32\OLEAUT32.dll
0x00007ffff9420000 - 0x00007ffff945b000 	C:\WINDOWS\SYSTEM32\dbgcore.DLL
0x00007ff8208e0000 - 0x00007ff82098c000 	C:\WINDOWS\System32\bcryptPrimitives.dll
0x00007ff804240000 - 0x00007ff80424f000 	C:\Users\user5\.vscode\extensions\redhat.java-1.56.0-win32-x64\jre\21.0.12.1-win32-x86_64\bin\instrument.dll
0x00007ff801b30000 - 0x00007ff801b50000 	C:\Users\user5\.vscode\extensions\redhat.java-1.56.0-win32-x64\jre\21.0.12.1-win32-x86_64\bin\java.dll
0x00007ff822d30000 - 0x00007ff8234c8000 	C:\WINDOWS\System32\SHELL32.dll
0x00007ff81e340000 - 0x00007ff81ebee000 	C:\WINDOWS\SYSTEM32\windows.storage.dll
0x00007ff822b30000 - 0x00007ff822c2b000 	C:\WINDOWS\System32\SHCORE.dll
0x00007ff822ac0000 - 0x00007ff822b26000 	C:\WINDOWS\System32\shlwapi.dll
0x00007ff820800000 - 0x00007ff820829000 	C:\WINDOWS\SYSTEM32\profapi.dll
0x00007ffffca20000 - 0x00007ffffca38000 	C:\Users\user5\.vscode\extensions\redhat.java-1.56.0-win32-x64\jre\21.0.12.1-win32-x86_64\bin\zip.dll
0x00007ff8047d0000 - 0x00007ff8047e0000 	C:\Users\user5\.vscode\extensions\redhat.java-1.56.0-win32-x64\jre\21.0.12.1-win32-x86_64\bin\net.dll
0x00007ff816de0000 - 0x00007ff816f0a000 	C:\WINDOWS\SYSTEM32\WINHTTP.dll
0x00007ff81fbe0000 - 0x00007ff81fc4c000 	C:\WINDOWS\system32\mswsock.dll
0x00007ffffc410000 - 0x00007ffffc426000 	C:\Users\user5\.vscode\extensions\redhat.java-1.56.0-win32-x64\jre\21.0.12.1-win32-x86_64\bin\nio.dll
0x00007ff8039a0000 - 0x00007ff8039b0000 	C:\Users\user5\.vscode\extensions\redhat.java-1.56.0-win32-x64\jre\21.0.12.1-win32-x86_64\bin\verify.dll
0x00007ffffbfd0000 - 0x00007ffffbff7000 	D:\gradle_cache\native\1def1411415f61bf3af743bc5b6707747c0891f09f0c88961ee8f79bc544acac\windows-amd64\native-platform.dll
0x000000006bd40000 - 0x000000006bdb3000 	D:\gradle_cache\native\0.2.5\x86_64-windows-gnu\gradle-fileevents.dll
0x00007ff8163f0000 - 0x00007ff8163fa000 	C:\Users\user5\.vscode\extensions\redhat.java-1.56.0-win32-x64\jre\21.0.12.1-win32-x86_64\bin\management.dll
0x00007ff8163e0000 - 0x00007ff8163ec000 	C:\Users\user5\.vscode\extensions\redhat.java-1.56.0-win32-x64\jre\21.0.12.1-win32-x86_64\bin\management_ext.dll
0x00007ff822440000 - 0x00007ff822448000 	C:\WINDOWS\System32\PSAPI.DLL
0x00007ff81fef0000 - 0x00007ff81ff0b000 	C:\WINDOWS\SYSTEM32\CRYPTSP.dll
0x00007ff81f510000 - 0x00007ff81f549000 	C:\WINDOWS\system32\rsaenh.dll
0x00007ff81fc90000 - 0x00007ff81fcc4000 	C:\WINDOWS\SYSTEM32\USERENV.dll
0x00007ff8207d0000 - 0x00007ff8207fa000 	C:\WINDOWS\SYSTEM32\bcrypt.dll
0x00007ff81ff10000 - 0x00007ff81ff1c000 	C:\WINDOWS\SYSTEM32\CRYPTBASE.dll
0x00007ff81efb0000 - 0x00007ff81efe3000 	C:\WINDOWS\SYSTEM32\IPHLPAPI.DLL
0x00007ff822750000 - 0x00007ff82275a000 	C:\WINDOWS\System32\NSI.dll
0x00007ffffce70000 - 0x00007ffffce79000 	C:\Users\user5\.vscode\extensions\redhat.java-1.56.0-win32-x64\jre\21.0.12.1-win32-x86_64\bin\extnet.dll
0x00007ffffa2f0000 - 0x00007ffffa2fe000 	C:\Users\user5\.vscode\extensions\redhat.java-1.56.0-win32-x64\jre\21.0.12.1-win32-x86_64\bin\sunmscapi.dll
0x00007ff821080000 - 0x00007ff8211fe000 	C:\WINDOWS\System32\CRYPT32.dll
0x00007ff8201c0000 - 0x00007ff8201f0000 	C:\WINDOWS\SYSTEM32\ncrypt.dll
0x00007ff820170000 - 0x00007ff8201af000 	C:\WINDOWS\SYSTEM32\NTASN1.dll
0x00007ff813c90000 - 0x00007ff813c98000 	C:\WINDOWS\system32\wshunix.dll

JVMTI agents:
D:\gradle_cache\wrapper\dists\gradle-8.12-all\ejduaidbjup3bmmkhw3rie4zb\gradle-8.12\lib\agents\gradle-instrumentation-agent-8.12.jar path:C:\Users\user5\.vscode\extensions\redhat.java-1.56.0-win32-x64\jre\21.0.12.1-win32-x86_64\bin\instrument.dll, loaded, initialized, instrumentlib options:none

dbghelp: loaded successfully - version: 4.0.5 - missing functions: none
symbol engine: initialized successfully - sym options: 0x614 - pdb path: .;C:\Users\user5\.vscode\extensions\redhat.java-1.56.0-win32-x64\jre\21.0.12.1-win32-x86_64\bin;C:\WINDOWS\SYSTEM32;C:\WINDOWS\WinSxS\amd64_microsoft.windows.common-controls_6595b64144ccf1df_6.0.26100.9278_none_3e0d1ba8e3303201;C:\Users\user5\.vscode\extensions\redhat.java-1.56.0-win32-x64\jre\21.0.12.1-win32-x86_64\bin\server;D:\gradle_cache\native\1def1411415f61bf3af743bc5b6707747c0891f09f0c88961ee8f79bc544acac\windows-amd64;D:\gradle_cache\native\0.2.5\x86_64-windows-gnu

VM Arguments:
jvm_args: --add-opens=java.base/java.lang=ALL-UNNAMED --add-opens=java.base/java.lang.invoke=ALL-UNNAMED --add-opens=java.base/java.util=ALL-UNNAMED --add-opens=java.prefs/java.util.prefs=ALL-UNNAMED --add-exports=jdk.compiler/com.sun.tools.javac.api=ALL-UNNAMED --add-exports=jdk.compiler/com.sun.tools.javac.util=ALL-UNNAMED --add-opens=java.base/java.util=ALL-UNNAMED --add-opens=java.prefs/java.util.prefs=ALL-UNNAMED --add-opens=java.base/java.nio.charset=ALL-UNNAMED --add-opens=java.base/java.net=ALL-UNNAMED --add-opens=java.base/java.util.concurrent.atomic=ALL-UNNAMED --add-opens=java.xml/javax.xml.namespace=ALL-UNNAMED -XX:MaxMetaspaceSize=512m -XX:ReservedCodeCacheSize=256m -XX:+HeapDumpOnOutOfMemoryError -Xmx2G -Dfile.encoding=UTF-8 -Duser.country=IN -Duser.language=en -Duser.variant -javaagent:D:\gradle_cache\wrapper\dists\gradle-8.12-all\ejduaidbjup3bmmkhw3rie4zb\gradle-8.12\lib\agents\gradle-instrumentation-agent-8.12.jar 
java_command: org.gradle.launcher.daemon.bootstrap.GradleDaemon 8.12
java_class_path (initial): D:\gradle_cache\wrapper\dists\gradle-8.12-all\ejduaidbjup3bmmkhw3rie4zb\gradle-8.12\lib\gradle-daemon-main-8.12.jar
Launcher Type: SUN_STANDARD

[Global flags]
     intx CICompilerCount                          = 4                                         {product} {ergonomic}
   size_t CompressedClassSpaceSize                 = 436207616                                 {product} {ergonomic}
     uint ConcGCThreads                            = 3                                         {product} {ergonomic}
     uint G1ConcRefinementThreads                  = 10                                        {product} {ergonomic}
   size_t G1HeapRegionSize                         = 1048576                                   {product} {ergonomic}
    uintx GCDrainStackTargetSize                   = 64                                        {product} {ergonomic}
     bool HeapDumpOnOutOfMemoryError               = true                                   {manageable} {command line}
   size_t InitialHeapSize                          = 130023424                                 {product} {ergonomic}
   size_t MarkStackSize                            = 4194304                                   {product} {ergonomic}
   size_t MaxHeapSize                              = 2147483648                                {product} {command line}
   size_t MaxMetaspaceSize                         = 536870912                                 {product} {command line}
   size_t MaxNewSize                               = 1287651328                                {product} {ergonomic}
   size_t MinHeapDeltaBytes                        = 1048576                                   {product} {ergonomic}
   size_t MinHeapSize                              = 8388608                                   {product} {ergonomic}
    uintx NonNMethodCodeHeapSize                   = 5839372                                {pd product} {ergonomic}
    uintx NonProfiledCodeHeapSize                  = 131298042                              {pd product} {ergonomic}
    uintx ProfiledCodeHeapSize                     = 131298042                              {pd product} {ergonomic}
    uintx ReservedCodeCacheSize                    = 268435456                              {pd product} {command line}
     bool SegmentedCodeCache                       = true                                      {product} {ergonomic}
   size_t SoftMaxHeapSize                          = 2147483648                             {manageable} {ergonomic}
     bool UseCompressedOops                        = true                           {product lp64_product} {ergonomic}
     bool UseG1GC                                  = true                                      {product} {ergonomic}
     bool UseLargePagesIndividualAllocation        = false                                  {pd product} {ergonomic}

Logging:
Log output configuration:
 #0: stdout all=warning uptime,level,tags foldmultilines=false
 #1: stderr all=off uptime,level,tags foldmultilines=false

Release file:
JAVA_VERSION="21.0.12.1" 
MODULES="java.base java.compiler java.datatransfer java.xml java.prefs java.desktop java.instrument java.logging java.management java.security.sasl java.naming java.rmi java.management.rmi java.net.http java.scripting java.security.jgss java.transaction.xa java.sql java.sql.rowset java.xml.crypto java.se java.smartcardio jdk.accessibility jdk.internal.jvmstat jdk.attach jdk.charsets jdk.internal.opt jdk.zipfs jdk.compiler jdk.crypto.ec jdk.crypto.cryptoki jdk.crypto.mscapi jdk.dynalink jdk.internal.ed jdk.editpad jdk.hotspot.agent jdk.httpserver jdk.internal.le jdk.internal.vm.ci jdk.internal.vm.compiler jdk.internal.vm.compiler.management jdk.jartool jdk.javadoc jdk.jcmd jdk.management jdk.management.agent jdk.jconsole jdk.jdeps jdk.jdwp.agent jdk.jdi jdk.jfr jdk.jshell jdk.jsobject jdk.jstatd jdk.localedata jdk.management.jfr jdk.naming.dns jdk.naming.rmi jdk.net jdk.nio.mapmode jdk.random jdk.sctp jdk.security.auth jdk.security.jgss jdk.unsupported jdk.unsupported.desktop jdk.xml.dom" 

Environment Variables:
PATH=C:\Program Files\Common Files\Oracle\Java\javapath;C:\windows\system32;C:\windows;C:\windows\System32\Wbem;C:\windows\System32\WindowsPowerShell\v1.0\;C:\windows\System32\OpenSSH\;C:\Program Files (x86)\NVIDIA Corporation\PhysX\Common;C:\Program Files\NVIDIA Corporation\NVIDIA NvDLISR;C:\Users\Administrator\AppData\Local\Microsoft\WindowsApps;C:\Program Files\HP\OMEN-Broadcast\Common;C:\WINDOWS\system32;C:\WINDOWS;C:\WINDOWS\System32\Wbem;C:\WINDOWS\System32\WindowsPowerShell\v1.0\;C:\WINDOWS\System32\OpenSSH\;C:\src\flutter\bin;C:\Users\user5\AppData\Local\Android\Sdk\platform-tools;C:\Program Files\MySQL\MySQL Server 8.0\bin;C:\Program Files\Git\cmd;C:\Program Files\Git\mingw64\bin;C:\src\flutter\bin;C:\Program Files\Git\usr\bin;C:\Program Files\nodejs\;C:\Program Files\MySQL\MySQL Shell 8.0\bin\;C:\Users\user5\AppData\Local\Microsoft\WindowsApps;C:\Users\user5\AppData\Local\Programs\Microsoft VS Code\bin;C:\MinGW\bin;C:\Program Files\JetBrains\IntelliJ IDEA Community Edition 2025.1.1.1\bin;C:\Program Files\Git\cmd;;C:\Users\user5\AppData\Local\Programs\Antigravity IDE\bin;C:\Users\user5\AppData\Roaming\npm
USERNAME=User
OS=Windows_NT
PROCESSOR_IDENTIFIER=Intel64 Family 6 Model 154 Stepping 3, GenuineIntel
TMP=D:\temp
TEMP=D:\temp




Periodic native trim disabled

---------------  S Y S T E M  ---------------

OS:
 Windows 11 , 64 bit Build 26100 (10.0.26100.9444)
OS uptime: 0 days 2:11 hours
Hyper-V role detected

CPU: total 12 (initial active 12) (6 cores per cpu, 2 threads per core) family 6 model 154 stepping 3 microcode 0x435, cx8, cmov, fxsr, ht, mmx, 3dnowpref, sse, sse2, sse3, ssse3, sse4.1, sse4.2, popcnt, lzcnt, tsc, tscinvbit, avx, avx2, aes, erms, clmul, bmi1, bmi2, adx, sha, fma, vzeroupper, clflush, clflushopt, clwb, hv, serialize, rdtscp, rdpid, fsrm, f16c, cet_ibt, cet_ss
Processor Information for processor 0
  Max Mhz: 2000, Current Mhz: 2000, Mhz Limit: 2000
Processor Information for processor 1
  Max Mhz: 2000, Current Mhz: 2000, Mhz Limit: 2000
Processor Information for processor 2
  Max Mhz: 2000, Current Mhz: 2000, Mhz Limit: 2000
Processor Information for processor 3
  Max Mhz: 2000, Current Mhz: 2000, Mhz Limit: 2000
Processor Information for processor 4
  Max Mhz: 2000, Current Mhz: 2000, Mhz Limit: 2000
Processor Information for processor 5
  Max Mhz: 2000, Current Mhz: 2000, Mhz Limit: 2000
Processor Information for processor 6
  Max Mhz: 2000, Current Mhz: 2000, Mhz Limit: 2000
Processor Information for processor 7
  Max Mhz: 2000, Current Mhz: 2000, Mhz Limit: 2000
Processor Information for processor 8
  Max Mhz: 2000, Current Mhz: 2000, Mhz Limit: 2000
Processor Information for processor 9
  Max Mhz: 2000, Current Mhz: 2000, Mhz Limit: 2000
Processor Information for processor 10
  Max Mhz: 2000, Current Mhz: 2000, Mhz Limit: 2000
Processor Information for processor 11
  Max Mhz: 2000, Current Mhz: 1466, Mhz Limit: 2000

Memory: 4k page, system-wide physical 7832M (257M free)
TotalPageFile size 28212M (AvailPageFile size 0M)
current process WorkingSet (physical memory assigned to process): 156M, peak: 156M
current process commit charge ("private bytes"): 255M, peak: 255M

vm_info: OpenJDK 64-Bit Server VM (21.0.12.1+1-LTS) for windows-amd64 JRE (21.0.12.1+1-LTS), built on 2026-08-18T00:00:00Z by "admin" with MS VC++ 17.12 (VS2022)

END.
