#
# There is insufficient memory for the Java Runtime Environment to continue.
# Native memory allocation (mmap) failed to map 65536 bytes. Error detail: Failed to commit metaspace.
# Possible reasons:
#   The system is out of physical RAM or swap space
#   This process is running with CompressedOops enabled, and the Java Heap may be blocking the growth of the native heap
# Possible solutions:
#   Reduce memory load on the system
#   Increase physical memory or swap space
#   Check if swap backing store is full
#   Decrease Java heap size (-Xmx/-Xms)
#   Decrease number of Java threads
#   Decrease Java thread stack sizes (-Xss)
#   Set larger code cache with -XX:ReservedCodeCacheSize=
#   JVM is running with Unscaled Compressed Oops mode in which the Java heap is
#     placed in the first 4GB address space. The Java Heap base address is the
#     maximum limit for the native heap growth. Please use -XX:HeapBaseMinAddress
#     to set the Java Heap base and to place the Java Heap above 4GB virtual address.
# This output file may be truncated or incomplete.
#
#  Out of Memory Error (virtualSpaceNode.cpp:113), pid=24228, tid=22404
#
# JRE version: OpenJDK Runtime Environment Temurin-21.0.12.1+1 (21.0.12.1+1) (build 21.0.12.1+1-LTS)
# Java VM: OpenJDK 64-Bit Server VM Temurin-21.0.12.1+1 (21.0.12.1+1-LTS, mixed mode, sharing, tiered, compressed oops, compressed class ptrs, g1 gc, windows-amd64)
# No core dump will be written. Minidumps are not enabled by default on client versions of Windows
#

---------------  S U M M A R Y ------------

Command Line: --add-opens=java.base/java.lang=ALL-UNNAMED --add-opens=java.base/java.lang.invoke=ALL-UNNAMED --add-opens=java.base/java.util=ALL-UNNAMED --add-opens=java.prefs/java.util.prefs=ALL-UNNAMED --add-exports=jdk.compiler/com.sun.tools.javac.api=ALL-UNNAMED --add-exports=jdk.compiler/com.sun.tools.javac.util=ALL-UNNAMED --add-opens=java.base/java.util=ALL-UNNAMED --add-opens=java.prefs/java.util.prefs=ALL-UNNAMED --add-opens=java.base/java.nio.charset=ALL-UNNAMED --add-opens=java.base/java.net=ALL-UNNAMED --add-opens=java.base/java.util.concurrent.atomic=ALL-UNNAMED --add-opens=java.xml/javax.xml.namespace=ALL-UNNAMED -XX:MaxMetaspaceSize=512m -XX:ReservedCodeCacheSize=256m -XX:+HeapDumpOnOutOfMemoryError -Xmx2G -Dfile.encoding=UTF-8 -Duser.country=IN -Duser.language=en -Duser.variant -javaagent:D:\gradle_cache\wrapper\dists\gradle-8.12-all\ejduaidbjup3bmmkhw3rie4zb\gradle-8.12\lib\agents\gradle-instrumentation-agent-8.12.jar org.gradle.launcher.daemon.bootstrap.GradleDaemon 8.12

Host: 12th Gen Intel(R) Core(TM) i5-12450H, 12 cores, 7G,  Windows 11 , 64 bit Build 26100 (10.0.26100.9444)
Time: Sun Sep 13 16:58:04 2026 India Standard Time elapsed time: 48.884058 seconds (0d 0h 0m 48s)

---------------  T H R E A D  ---------------

Current thread (0x000001fb4ca6b390):  JavaThread "Daemon worker"        [_thread_in_vm, id=22404, stack(0x0000005d24900000,0x0000005d24a00000) (1024K)]

Stack: [0x0000005d24900000,0x0000005d24a00000]
Native frames: (J=compiled Java code, j=interpreted, Vv=VM code, C=native code)
V  [jvm.dll+0x6d83e9]
V  [jvm.dll+0x8b5736]
V  [jvm.dll+0x8b7cee]
V  [jvm.dll+0x8b83d3]
V  [jvm.dll+0x284596]
V  [jvm.dll+0x8b147e]
V  [jvm.dll+0x679ad4]
V  [jvm.dll+0x1e849b]
V  [jvm.dll+0x1e825e]
V  [jvm.dll+0x67c3d2]
V  [jvm.dll+0x67c202]
V  [jvm.dll+0x67a4ae]
V  [jvm.dll+0x26e440]
V  [jvm.dll+0x684715]
V  [jvm.dll+0x21973e]
V  [jvm.dll+0x219be5]
V  [jvm.dll+0x21a5d8]
V  [jvm.dll+0x20f80e]
V  [jvm.dll+0x5b6a7f]
V  [jvm.dll+0x82f77d]
V  [jvm.dll+0x479a6e]
V  [jvm.dll+0x48cde6]
C  [java.dll+0x1657]

Java frames: (J=compiled Java code, j=interpreted, Vv=VM code)
J 1828  java.lang.ClassLoader.defineClass0(Ljava/lang/ClassLoader;Ljava/lang/Class;Ljava/lang/String;[BIILjava/security/ProtectionDomain;ZILjava/lang/Object;)Ljava/lang/Class; java.base@21.0.12.1 (0 bytes) @ 0x000001fb1de5e8bc [0x000001fb1de5e7c0+0x00000000000000fc]
J 2742 c1 java.lang.System$2.defineClass(Ljava/lang/ClassLoader;Ljava/lang/Class;Ljava/lang/String;[BLjava/security/ProtectionDomain;ZILjava/lang/Object;)Ljava/lang/Class; java.base@21.0.12.1 (21 bytes) @ 0x000001fb16018bf4 [0x000001fb16018b40+0x00000000000000b4]
J 2741 c1 java.lang.invoke.MethodHandles$Lookup$ClassDefiner.defineClass(ZLjava/lang/Object;)Ljava/lang/Class; java.base@21.0.12.1 (213 bytes) @ 0x000001fb16017efc [0x000001fb160179a0+0x000000000000055c]
J 3421 c1 java.lang.invoke.InnerClassLambdaMetafactory.generateInnerClass()Ljava/lang/Class; java.base@21.0.12.1 (506 bytes) @ 0x000001fb1617886c [0x000001fb16176ec0+0x00000000000019ac]
J 3694 c1 java.lang.invoke.InnerClassLambdaMetafactory.spinInnerClass()Ljava/lang/Class; java.base@21.0.12.1 (118 bytes) @ 0x000001fb1621931c [0x000001fb16219160+0x00000000000001bc]
J 3342 c1 java.lang.invoke.InnerClassLambdaMetafactory.buildCallSite()Ljava/lang/invoke/CallSite; java.base@21.0.12.1 (150 bytes) @ 0x000001fb1614d1ac [0x000001fb1614d120+0x000000000000008c]
J 3345 c1 java.lang.invoke.LambdaMetafactory.metafactory(Ljava/lang/invoke/MethodHandles$Lookup;Ljava/lang/String;Ljava/lang/invoke/MethodType;Ljava/lang/invoke/MethodType;Ljava/lang/invoke/MethodHandle;Ljava/lang/invoke/MethodType;)Ljava/lang/invoke/CallSite; java.base@21.0.12.1 (71 bytes) @ 0x000001fb161508a4 [0x000001fb16150420+0x0000000000000484]
J 3743 c1 java.lang.invoke.LambdaForm$DMH+0x000001fb2d1d8400.invokeStatic(Ljava/lang/Object;Ljava/lang/Object;Ljava/lang/Object;Ljava/lang/Object;Ljava/lang/Object;Ljava/lang/Object;Ljava/lang/Object;)Ljava/lang/Object; java.base@21.0.12.1 (31 bytes) @ 0x000001fb1622a2f4 [0x000001fb16229fe0+0x0000000000000314]
J 3657 c1 java.lang.invoke.BootstrapMethodInvoker.invoke(Ljava/lang/Class;Ljava/lang/invoke/MethodHandle;Ljava/lang/String;Ljava/lang/Object;Ljava/lang/Object;Ljava/lang/Class;)Ljava/lang/Object; java.base@21.0.12.1 (974 bytes) @ 0x000001fb161fecfc [0x000001fb161f8b40+0x00000000000061bc]
J 3656 c1 java.lang.invoke.CallSite.makeSite(Ljava/lang/invoke/MethodHandle;Ljava/lang/String;Ljava/lang/invoke/MethodType;Ljava/lang/Object;Ljava/lang/Class;)Ljava/lang/invoke/CallSite; java.base@21.0.12.1 (91 bytes) @ 0x000001fb161f6234 [0x000001fb161f61a0+0x0000000000000094]
J 3326 c1 java.lang.invoke.MethodHandleNatives.linkCallSiteImpl(Ljava/lang/Class;Ljava/lang/invoke/MethodHandle;Ljava/lang/String;Ljava/lang/invoke/MethodType;Ljava/lang/Object;[Ljava/lang/Object;)Ljava/lang/invoke/MemberName; java.base@21.0.12.1 (119 bytes) @ 0x000001fb1613895c [0x000001fb161388e0+0x000000000000007c]
J 3325 c1 java.lang.invoke.MethodHandleNatives.linkCallSite(Ljava/lang/Object;Ljava/lang/Object;Ljava/lang/Object;Ljava/lang/Object;Ljava/lang/Object;[Ljava/lang/Object;)Ljava/lang/invoke/MemberName; java.base@21.0.12.1 (65 bytes) @ 0x000001fb161383bc [0x000001fb16137f80+0x000000000000043c]
v  ~StubRoutines::call_stub 0x000001fb1d80100d
j  org.gradle.api.internal.provider.AbstractCollectionProperty$CollectingSupplier$1.visitDependencies(Lorg/gradle/api/internal/tasks/TaskDependencyResolveContext;)V+8
j  org.gradle.api.internal.provider.AbstractMinimalProvider.visitDependencies(Lorg/gradle/api/internal/tasks/TaskDependencyResolveContext;)V+5
j  org.gradle.internal.flow.services.FlowParametersInstantiator$validate$3.visitInputProperty(Ljava/lang/String;Lorg/gradle/internal/properties/PropertyValue;Z)V+37
j  org.gradle.internal.execution.model.annotations.InputPropertyAnnotationHandler.visitPropertyValue(Ljava/lang/String;Lorg/gradle/internal/properties/PropertyValue;Lorg/gradle/internal/properties/annotations/PropertyMetadata;Lorg/gradle/internal/properties/PropertyVisitor;)V+12
j  org.gradle.internal.properties.bean.DefaultPropertyWalker$1.visitLeaf(Ljava/lang/Object;Ljava/lang/String;Lorg/gradle/internal/properties/annotations/PropertyMetadata;)V+103
j  org.gradle.internal.properties.annotations.AbstractTypeMetadataWalker$InstanceTypeMetadataWalker.walkLeaf(Ljava/lang/Object;Ljava/lang/String;Lorg/gradle/internal/properties/annotations/TypeMetadataWalker$InstanceMetadataVisitor;Lorg/gradle/internal/properties/annotations/PropertyMetadata;)V+15
j  org.gradle.internal.properties.annotations.AbstractTypeMetadataWalker$InstanceTypeMetadataWalker.walkLeaf(Ljava/lang/Object;Ljava/lang/String;Lorg/gradle/internal/properties/annotations/TypeMetadataWalker$TypeMetadataVisitor;Lorg/gradle/internal/properties/annotations/PropertyMetadata;)V+9
j  org.gradle.internal.properties.annotations.AbstractTypeMetadataWalker.lambda$walkChildren$4(Ljava/lang/Object;Ljava/lang/String;Lorg/gradle/internal/properties/annotations/TypeMetadataWalker$TypeMetadataVisitor;Ljava/util/Map;Lorg/gradle/internal/properties/annotations/PropertyMetadata;)V+54
j  org.gradle.internal.properties.annotations.AbstractTypeMetadataWalker$$Lambda+0x000001fb2d7bb1a0.accept(Ljava/lang/Object;)V+24
j  java.lang.Iterable.forEach(Ljava/util/function/Consumer;)V+30 java.base@21.0.12.1
j  org.gradle.internal.properties.annotations.AbstractTypeMetadataWalker.walkChildren(Ljava/lang/Object;Lorg/gradle/internal/properties/annotations/TypeMetadata;Ljava/lang/String;Lorg/gradle/internal/properties/annotations/TypeMetadataWalker$TypeMetadataVisitor;Ljava/util/Map;)V+18
j  org.gradle.internal.properties.annotations.AbstractTypeMetadataWalker.walk(Ljava/lang/Object;Lorg/gradle/internal/properties/annotations/TypeMetadataWalker$TypeMetadataVisitor;)V+60
j  org.gradle.internal.properties.bean.DefaultPropertyWalker.visitProperties(Ljava/lang/Object;Lorg/gradle/internal/reflect/validation/TypeValidationContext;Lorg/gradle/internal/properties/PropertyVisitor;)V+15
j  org.gradle.internal.flow.services.FlowParametersInstantiator.validate(Ljava/lang/Class;Lorg/gradle/api/flow/FlowParameters;)V+59
j  org.gradle.internal.flow.services.FlowParametersInstantiator.newInstance(Ljava/lang/Class;Lkotlin/jvm/functions/Function1;)Lorg/gradle/api/flow/FlowParameters;+55
j  org.gradle.internal.flow.services.BuildFlowScope.configureParametersFor(Ljava/lang/Class;Lorg/gradle/api/Action;)Lorg/gradle/api/flow/FlowParameters;+30
j  org.gradle.internal.flow.services.BuildFlowScope.always(Ljava/lang/Class;Lorg/gradle/api/Action;)Lorg/gradle/api/flow/FlowScope$Registration;+15
j  org.jetbrains.kotlin.gradle.plugin.StatisticsBuildFlowManager.subscribeForBuildResultAndConfigurationTimeMetrics(Lorg/gradle/api/provider/Provider;)V+24
j  org.jetbrains.kotlin.gradle.plugin.statistics.FlowActionBuildFusService$Companion.registerIfAbsentImpl$kotlin_gradle_plugin_common(Lorg/gradle/api/Project;Lorg/gradle/api/provider/Provider;Lorg/gradle/api/provider/Provider;)Lorg/gradle/api/provider/Provider;+80
j  org.jetbrains.kotlin.gradle.plugin.statistics.BuildFusService$Companion.registerIfAbsentImpl(Lorg/gradle/api/Project;Ljava/lang/String;Lorg/gradle/api/provider/Provider;)Lorg/gradle/api/provider/Provider;+162
j  org.jetbrains.kotlin.gradle.plugin.statistics.BuildFusService$Companion.registerIfAbsent(Lorg/gradle/api/Project;Ljava/lang/String;Lorg/gradle/api/provider/Provider;)Lorg/gradle/api/provider/Provider;+29
j  org.jetbrains.kotlin.gradle.plugin.DefaultKotlinBasePlugin.apply(Lorg/gradle/api/Project;)V+74
j  org.jetbrains.kotlin.gradle.plugin.KotlinBasePluginWrapper.apply(Lorg/gradle/api/Project;)V+8
j  org.jetbrains.kotlin.gradle.plugin.KotlinPluginWrapper.apply(Lorg/gradle/api/Project;)V+12
j  org.jetbrains.kotlin.gradle.plugin.KotlinPluginWrapper.apply(Ljava/lang/Object;)V+5
j  org.gradle.api.internal.plugins.ImperativeOnlyPluginTarget.applyImperative(Ljava/lang/String;Lorg/gradle/api/Plugin;)V+13
j  org.gradle.api.internal.plugins.RuleBasedPluginTarget.applyImperative(Ljava/lang/String;Lorg/gradle/api/Plugin;)V+6
j  org.gradle.api.internal.plugins.DefaultPluginManager.addPlugin(Ljava/lang/Runnable;Lorg/gradle/api/internal/plugins/PluginImplementation;Ljava/lang/String;Ljava/lang/Class;)V+54
j  org.gradle.api.internal.plugins.DefaultPluginManager.access$100(Lorg/gradle/api/internal/plugins/DefaultPluginManager;Ljava/lang/Runnable;Lorg/gradle/api/internal/plugins/PluginImplementation;Ljava/lang/String;Ljava/lang/Class;)V+6
j  org.gradle.api.internal.plugins.DefaultPluginManager$AddPluginBuildOperation.run(Lorg/gradle/internal/operations/BuildOperationContext;)V+20
j  org.gradle.internal.operations.DefaultBuildOperationRunner$1.execute(Lorg/gradle/internal/operations/RunnableBuildOperation;Lorg/gradle/internal/operations/BuildOperationContext;)V+2
j  org.gradle.internal.operations.DefaultBuildOperationRunner$1.execute(Lorg/gradle/internal/operations/BuildOperation;Lorg/gradle/internal/operations/BuildOperationContext;)V+6
J 6904 c1 org.gradle.internal.operations.DefaultBuildOperationRunner$2.execute(Lorg/gradle/internal/operations/BuildOperationDescriptor;Lorg/gradle/internal/operations/BuildOperationState;Lorg/gradle/internal/operations/BuildOperationState;Lorg/gradle/internal/operations/DefaultBuildOperationRunner$ReadableBuildOperationContext;Lorg/gradle/internal/operations/DefaultBuildOperationRunner$BuildOperationExecutionListener;)Lorg/gradle/internal/operations/BuildOperation; (110 bytes) @ 0x000001fb166920c4 [0x000001fb16691ec0+0x0000000000000204]
J 6740 c1 org.gradle.internal.operations.DefaultBuildOperationRunner$2.execute(Lorg/gradle/internal/operations/BuildOperationDescriptor;Lorg/gradle/internal/operations/BuildOperationState;Lorg/gradle/internal/operations/BuildOperationState;Lorg/gradle/internal/operations/DefaultBuildOperationRunner$ReadableBuildOperationContext;Lorg/gradle/internal/operations/DefaultBuildOperationRunner$BuildOperationExecutionListener;)Ljava/lang/Object; (12 bytes) @ 0x000001fb16634a3c [0x000001fb166349c0+0x000000000000007c]
J 6531 c1 org.gradle.internal.operations.DefaultBuildOperationRunner.execute(Lorg/gradle/internal/operations/BuildOperationDescriptor$Builder;Lorg/gradle/internal/operations/BuildOperationState;Lorg/gradle/internal/operations/DefaultBuildOperationRunner$BuildOperationExecution;)Ljava/lang/Object; (147 bytes) @ 0x000001fb165d7514 [0x000001fb165d6980+0x0000000000000b94]
J 6530 c1 org.gradle.internal.operations.DefaultBuildOperationRunner.execute(Lorg/gradle/internal/operations/BuildOperation;Lorg/gradle/internal/operations/BuildOperationWorker;Lorg/gradle/internal/operations/BuildOperationState;)V (23 bytes) @ 0x000001fb165d6314 [0x000001fb165d6060+0x00000000000002b4]
j  org.gradle.internal.operations.DefaultBuildOperationRunner.run(Lorg/gradle/internal/operations/RunnableBuildOperation;)V+9
j  org.gradle.api.internal.plugins.DefaultPluginManager.lambda$doApply$0(Ljava/lang/Runnable;Lorg/gradle/api/internal/plugins/PluginImplementation;Ljava/lang/String;Ljava/lang/Class;Lorg/gradle/internal/code/UserCodeApplicationId;)V+20
j  org.gradle.api.internal.plugins.DefaultPluginManager$$Lambda+0x000001fb2d706a58.execute(Ljava/lang/Object;)V+24
j  org.gradle.internal.code.DefaultUserCodeApplicationContext.apply(Lorg/gradle/internal/code/UserCodeSource;Lorg/gradle/api/Action;)V+37
j  org.gradle.api.internal.plugins.DefaultPluginManager.doApply(Lorg/gradle/api/internal/plugins/PluginImplementation;)V+144
j  org.gradle.api.internal.plugins.DefaultPluginManager.addImperativePlugin(Lorg/gradle/api/internal/plugins/PluginImplementation;)Lorg/gradle/api/Plugin;+2
j  org.gradle.api.internal.plugins.DefaultPluginManager.addImperativePlugin(Ljava/lang/Class;)Lorg/gradle/api/Plugin;+11
j  org.gradle.api.internal.plugins.DefaultPluginContainer.apply(Ljava/lang/Class;)Lorg/gradle/api/Plugin;+5
j  org.gradle.kotlin.dsl.plugins.embedded.EmbeddedKotlinPlugin.apply(Lorg/gradle/api/Project;)V+18
j  org.gradle.kotlin.dsl.plugins.embedded.EmbeddedKotlinPlugin.apply(Ljava/lang/Object;)V+5
j  org.gradle.api.internal.plugins.ImperativeOnlyPluginTarget.applyImperative(Ljava/lang/String;Lorg/gradle/api/Plugin;)V+13
j  org.gradle.api.internal.plugins.RuleBasedPluginTarget.applyImperative(Ljava/lang/String;Lorg/gradle/api/Plugin;)V+6
j  org.gradle.api.internal.plugins.DefaultPluginManager.addPlugin(Ljava/lang/Runnable;Lorg/gradle/api/internal/plugins/PluginImplementation;Ljava/lang/String;Ljava/lang/Class;)V+54
j  org.gradle.api.internal.plugins.DefaultPluginManager.access$100(Lorg/gradle/api/internal/plugins/DefaultPluginManager;Ljava/lang/Runnable;Lorg/gradle/api/internal/plugins/PluginImplementation;Ljava/lang/String;Ljava/lang/Class;)V+6
j  org.gradle.api.internal.plugins.DefaultPluginManager$AddPluginBuildOperation.run(Lorg/gradle/internal/operations/BuildOperationContext;)V+20
j  org.gradle.internal.operations.DefaultBuildOperationRunner$1.execute(Lorg/gradle/internal/operations/RunnableBuildOperation;Lorg/gradle/internal/operations/BuildOperationContext;)V+2
j  org.gradle.internal.operations.DefaultBuildOperationRunner$1.execute(Lorg/gradle/internal/operations/BuildOperation;Lorg/gradle/internal/operations/BuildOperationContext;)V+6
J 6904 c1 org.gradle.internal.operations.DefaultBuildOperationRunner$2.execute(Lorg/gradle/internal/operations/BuildOperationDescriptor;Lorg/gradle/internal/operations/BuildOperationState;Lorg/gradle/internal/operations/BuildOperationState;Lorg/gradle/internal/operations/DefaultBuildOperationRunner$ReadableBuildOperationContext;Lorg/gradle/internal/operations/DefaultBuildOperationRunner$BuildOperationExecutionListener;)Lorg/gradle/internal/operations/BuildOperation; (110 bytes) @ 0x000001fb166920c4 [0x000001fb16691ec0+0x0000000000000204]
J 6740 c1 org.gradle.internal.operations.DefaultBuildOperationRunner$2.execute(Lorg/gradle/internal/operations/BuildOperationDescriptor;Lorg/gradle/internal/operations/BuildOperationState;Lorg/gradle/internal/operations/BuildOperationState;Lorg/gradle/internal/operations/DefaultBuildOperationRunner$ReadableBuildOperationContext;Lorg/gradle/internal/operations/DefaultBuildOperationRunner$BuildOperationExecutionListener;)Ljava/lang/Object; (12 bytes) @ 0x000001fb16634a3c [0x000001fb166349c0+0x000000000000007c]
J 6531 c1 org.gradle.internal.operations.DefaultBuildOperationRunner.execute(Lorg/gradle/internal/operations/BuildOperationDescriptor$Builder;Lorg/gradle/internal/operations/BuildOperationState;Lorg/gradle/internal/operations/DefaultBuildOperationRunner$BuildOperationExecution;)Ljava/lang/Object; (147 bytes) @ 0x000001fb165d7514 [0x000001fb165d6980+0x0000000000000b94]
J 6530 c1 org.gradle.internal.operations.DefaultBuildOperationRunner.execute(Lorg/gradle/internal/operations/BuildOperation;Lorg/gradle/internal/operations/BuildOperationWorker;Lorg/gradle/internal/operations/BuildOperationState;)V (23 bytes) @ 0x000001fb165d6314 [0x000001fb165d6060+0x00000000000002b4]
j  org.gradle.internal.operations.DefaultBuildOperationRunner.run(Lorg/gradle/internal/operations/RunnableBuildOperation;)V+9
j  org.gradle.api.internal.plugins.DefaultPluginManager.lambda$doApply$0(Ljava/lang/Runnable;Lorg/gradle/api/internal/plugins/PluginImplementation;Ljava/lang/String;Ljava/lang/Class;Lorg/gradle/internal/code/UserCodeApplicationId;)V+20
j  org.gradle.api.internal.plugins.DefaultPluginManager$$Lambda+0x000001fb2d706a58.execute(Ljava/lang/Object;)V+24
j  org.gradle.internal.code.DefaultUserCodeApplicationContext.apply(Lorg/gradle/internal/code/UserCodeSource;Lorg/gradle/api/Action;)V+37
j  org.gradle.api.internal.plugins.DefaultPluginManager.doApply(Lorg/gradle/api/internal/plugins/PluginImplementation;)V+144
j  org.gradle.api.internal.plugins.DefaultPluginManager.apply(Ljava/lang/Class;)V+11
j  org.gradle.api.internal.plugins.DefaultObjectConfigurationAction.applyType(Ljava/lang/Class;)V+43
j  org.gradle.api.internal.plugins.DefaultObjectConfigurationAction.applyPlugin(Ljava/lang/Class;)V+2
j  org.gradle.api.internal.plugins.DefaultObjectConfigurationAction.access$100(Lorg/gradle/api/internal/plugins/DefaultObjectConfigurationAction;Ljava/lang/Class;)V+2
j  org.gradle.api.internal.plugins.DefaultObjectConfigurationAction$2.run()V+8
j  org.gradle.api.internal.plugins.DefaultObjectConfigurationAction.execute()V+58
j  org.gradle.api.internal.project.AbstractPluginAware.apply(Lorg/gradle/api/Action;)V+13
j  org.gradle.api.internal.project.DefaultProject.apply(Lorg/gradle/api/Action;)V+6
j  org.gradle.kotlin.dsl.plugins.base.KotlinDslBasePlugin.apply(Lorg/gradle/api/Project;)V+34
j  org.gradle.kotlin.dsl.plugins.base.KotlinDslBasePlugin.apply(Ljava/lang/Object;)V+5
j  org.gradle.api.internal.plugins.ImperativeOnlyPluginTarget.applyImperative(Ljava/lang/String;Lorg/gradle/api/Plugin;)V+13
j  org.gradle.api.internal.plugins.RuleBasedPluginTarget.applyImperative(Ljava/lang/String;Lorg/gradle/api/Plugin;)V+6
j  org.gradle.api.internal.plugins.DefaultPluginManager.addPlugin(Ljava/lang/Runnable;Lorg/gradle/api/internal/plugins/PluginImplementation;Ljava/lang/String;Ljava/lang/Class;)V+54
j  org.gradle.api.internal.plugins.DefaultPluginManager.access$100(Lorg/gradle/api/internal/plugins/DefaultPluginManager;Ljava/lang/Runnable;Lorg/gradle/api/internal/plugins/PluginImplementation;Ljava/lang/String;Ljava/lang/Class;)V+6
j  org.gradle.api.internal.plugins.DefaultPluginManager$AddPluginBuildOperation.run(Lorg/gradle/internal/operations/BuildOperationContext;)V+20
j  org.gradle.internal.operations.DefaultBuildOperationRunner$1.execute(Lorg/gradle/internal/operations/RunnableBuildOperation;Lorg/gradle/internal/operations/BuildOperationContext;)V+2
j  org.gradle.internal.operations.DefaultBuildOperationRunner$1.execute(Lorg/gradle/internal/operations/BuildOperation;Lorg/gradle/internal/operations/BuildOperationContext;)V+6
J 6904 c1 org.gradle.internal.operations.DefaultBuildOperationRunner$2.execute(Lorg/gradle/internal/operations/BuildOperationDescriptor;Lorg/gradle/internal/operations/BuildOperationState;Lorg/gradle/internal/operations/BuildOperationState;Lorg/gradle/internal/operations/DefaultBuildOperationRunner$ReadableBuildOperationContext;Lorg/gradle/internal/operations/DefaultBuildOperationRunner$BuildOperationExecutionListener;)Lorg/gradle/internal/operations/BuildOperation; (110 bytes) @ 0x000001fb166920c4 [0x000001fb16691ec0+0x0000000000000204]
J 6740 c1 org.gradle.internal.operations.DefaultBuildOperationRunner$2.execute(Lorg/gradle/internal/operations/BuildOperationDescriptor;Lorg/gradle/internal/operations/BuildOperationState;Lorg/gradle/internal/operations/BuildOperationState;Lorg/gradle/internal/operations/DefaultBuildOperationRunner$ReadableBuildOperationContext;Lorg/gradle/internal/operations/DefaultBuildOperationRunner$BuildOperationExecutionListener;)Ljava/lang/Object; (12 bytes) @ 0x000001fb16634a3c [0x000001fb166349c0+0x000000000000007c]
J 6531 c1 org.gradle.internal.operations.DefaultBuildOperationRunner.execute(Lorg/gradle/internal/operations/BuildOperationDescriptor$Builder;Lorg/gradle/internal/operations/BuildOperationState;Lorg/gradle/internal/operations/DefaultBuildOperationRunner$BuildOperationExecution;)Ljava/lang/Object; (147 bytes) @ 0x000001fb165d7514 [0x000001fb165d6980+0x0000000000000b94]
J 6530 c1 org.gradle.internal.operations.DefaultBuildOperationRunner.execute(Lorg/gradle/internal/operations/BuildOperation;Lorg/gradle/internal/operations/BuildOperationWorker;Lorg/gradle/internal/operations/BuildOperationState;)V (23 bytes) @ 0x000001fb165d6314 [0x000001fb165d6060+0x00000000000002b4]
j  org.gradle.internal.operations.DefaultBuildOperationRunner.run(Lorg/gradle/internal/operations/RunnableBuildOperation;)V+9
j  org.gradle.api.internal.plugins.DefaultPluginManager.lambda$doApply$0(Ljava/lang/Runnable;Lorg/gradle/api/internal/plugins/PluginImplementation;Ljava/lang/String;Ljava/lang/Class;Lorg/gradle/internal/code/UserCodeApplicationId;)V+20
j  org.gradle.api.internal.plugins.DefaultPluginManager$$Lambda+0x000001fb2d706a58.execute(Ljava/lang/Object;)V+24
j  org.gradle.internal.code.DefaultUserCodeApplicationContext.apply(Lorg/gradle/internal/code/UserCodeSource;Lorg/gradle/api/Action;)V+37
j  org.gradle.api.internal.plugins.DefaultPluginManager.doApply(Lorg/gradle/api/internal/plugins/PluginImplementation;)V+144
j  org.gradle.api.internal.plugins.DefaultPluginManager.apply(Ljava/lang/Class;)V+11
j  org.gradle.api.internal.plugins.DefaultObjectConfigurationAction.applyType(Ljava/lang/Class;)V+43
j  org.gradle.api.internal.plugins.DefaultObjectConfigurationAction.applyPlugin(Ljava/lang/Class;)V+2
j  org.gradle.api.internal.plugins.DefaultObjectConfigurationAction.access$100(Lorg/gradle/api/internal/plugins/DefaultObjectConfigurationAction;Ljava/lang/Class;)V+2
j  org.gradle.api.internal.plugins.DefaultObjectConfigurationAction$2.run()V+8
j  org.gradle.api.internal.plugins.DefaultObjectConfigurationAction.execute()V+58
j  org.gradle.api.internal.project.AbstractPluginAware.apply(Lorg/gradle/api/Action;)V+13
j  org.gradle.api.internal.project.DefaultProject.apply(Lorg/gradle/api/Action;)V+6
j  org.gradle.kotlin.dsl.plugins.dsl.KotlinDslPlugin.apply(Lorg/gradle/api/Project;)V+70
j  org.gradle.kotlin.dsl.plugins.dsl.KotlinDslPlugin.apply(Ljava/lang/Object;)V+5
j  org.gradle.api.internal.plugins.ImperativeOnlyPluginTarget.applyImperative(Ljava/lang/String;Lorg/gradle/api/Plugin;)V+13
j  org.gradle.api.internal.plugins.RuleBasedPluginTarget.applyImperative(Ljava/lang/String;Lorg/gradle/api/Plugin;)V+6
j  org.gradle.api.internal.plugins.DefaultPluginManager.addPlugin(Ljava/lang/Runnable;Lorg/gradle/api/internal/plugins/PluginImplementation;Ljava/lang/String;Ljava/lang/Class;)V+54
j  org.gradle.api.internal.plugins.DefaultPluginManager.access$100(Lorg/gradle/api/internal/plugins/DefaultPluginManager;Ljava/lang/Runnable;Lorg/gradle/api/internal/plugins/PluginImplementation;Ljava/lang/String;Ljava/lang/Class;)V+6
j  org.gradle.api.internal.plugins.DefaultPluginManager$AddPluginBuildOperation.run(Lorg/gradle/internal/operations/BuildOperationContext;)V+20
j  org.gradle.internal.operations.DefaultBuildOperationRunner$1.execute(Lorg/gradle/internal/operations/RunnableBuildOperation;Lorg/gradle/internal/operations/BuildOperationContext;)V+2
j  org.gradle.internal.operations.DefaultBuildOperationRunner$1.execute(Lorg/gradle/internal/operations/BuildOperation;Lorg/gradle/internal/operations/BuildOperationContext;)V+6
J 6904 c1 org.gradle.internal.operations.DefaultBuildOperationRunner$2.execute(Lorg/gradle/internal/operations/BuildOperationDescriptor;Lorg/gradle/internal/operations/BuildOperationState;Lorg/gradle/internal/operations/BuildOperationState;Lorg/gradle/internal/operations/DefaultBuildOperationRunner$ReadableBuildOperationContext;Lorg/gradle/internal/operations/DefaultBuildOperationRunner$BuildOperationExecutionListener;)Lorg/gradle/internal/operations/BuildOperation; (110 bytes) @ 0x000001fb166920c4 [0x000001fb16691ec0+0x0000000000000204]
J 6740 c1 org.gradle.internal.operations.DefaultBuildOperationRunner$2.execute(Lorg/gradle/internal/operations/BuildOperationDescriptor;Lorg/gradle/internal/operations/BuildOperationState;Lorg/gradle/internal/operations/BuildOperationState;Lorg/gradle/internal/operations/DefaultBuildOperationRunner$ReadableBuildOperationContext;Lorg/gradle/internal/operations/DefaultBuildOperationRunner$BuildOperationExecutionListener;)Ljava/lang/Object; (12 bytes) @ 0x000001fb16634a3c [0x000001fb166349c0+0x000000000000007c]
J 6531 c1 org.gradle.internal.operations.DefaultBuildOperationRunner.execute(Lorg/gradle/internal/operations/BuildOperationDescriptor$Builder;Lorg/gradle/internal/operations/BuildOperationState;Lorg/gradle/internal/operations/DefaultBuildOperationRunner$BuildOperationExecution;)Ljava/lang/Object; (147 bytes) @ 0x000001fb165d7514 [0x000001fb165d6980+0x0000000000000b94]
J 6530 c1 org.gradle.internal.operations.DefaultBuildOperationRunner.execute(Lorg/gradle/internal/operations/BuildOperation;Lorg/gradle/internal/operations/BuildOperationWorker;Lorg/gradle/internal/operations/BuildOperationState;)V (23 bytes) @ 0x000001fb165d6314 [0x000001fb165d6060+0x00000000000002b4]
j  org.gradle.internal.operations.DefaultBuildOperationRunner.run(Lorg/gradle/internal/operations/RunnableBuildOperation;)V+9
j  org.gradle.api.internal.plugins.DefaultPluginManager.lambda$doApply$0(Ljava/lang/Runnable;Lorg/gradle/api/internal/plugins/PluginImplementation;Ljava/lang/String;Ljava/lang/Class;Lorg/gradle/internal/code/UserCodeApplicationId;)V+20
j  org.gradle.api.internal.plugins.DefaultPluginManager$$Lambda+0x000001fb2d706a58.execute(Ljava/lang/Object;)V+24
j  org.gradle.internal.code.DefaultUserCodeApplicationContext.apply(Lorg/gradle/internal/code/UserCodeSource;Lorg/gradle/api/Action;)V+37
j  org.gradle.api.internal.plugins.DefaultPluginManager.doApply(Lorg/gradle/api/internal/plugins/PluginImplementation;)V+144
j  org.gradle.api.internal.plugins.DefaultPluginManager.apply(Ljava/lang/String;)V+52
j  org.gradle.plugin.use.resolve.internal.ArtifactRepositoriesPluginResolver$ExternalPluginResolution.applyTo(Lorg/gradle/api/internal/plugins/PluginManagerInternal;)V+55
j  org.gradle.plugin.use.internal.DefaultPluginRequestApplicator$ApplyAction.apply(Lorg/gradle/api/internal/plugins/PluginManagerInternal;)V+21
j  org.gradle.plugin.use.internal.DefaultPluginRequestApplicator.lambda$applyPlugins$1(Lorg/gradle/api/internal/plugins/PluginManagerInternal;Lorg/gradle/plugin/use/internal/DefaultPluginRequestApplicator$ApplyAction;)V+2
j  org.gradle.plugin.use.internal.DefaultPluginRequestApplicator$$Lambda+0x000001fb2d7d6430.accept(Ljava/lang/Object;)V+8
j  java.util.ArrayList.forEach(Ljava/util/function/Consumer;)V+46 java.base@21.0.12.1
j  org.gradle.plugin.use.internal.DefaultPluginRequestApplicator.applyPlugins(Lorg/gradle/plugin/management/internal/PluginRequests;Lorg/gradle/api/internal/initialization/ScriptHandlerInternal;Lorg/gradle/api/internal/plugins/PluginManagerInternal;Lorg/gradle/api/internal/initialization/ClassLoaderScope;)V+375
j  org.gradle.kotlin.dsl.provider.PluginRequestsHandler.handle(Lorg/gradle/plugin/management/internal/PluginRequests;Lorg/gradle/api/internal/initialization/ScriptHandlerInternal;Lorg/gradle/api/internal/plugins/PluginAwareInternal;Lorg/gradle/api/internal/initialization/ClassLoaderScope;)V+65
j  org.gradle.kotlin.dsl.provider.StandardKotlinScriptEvaluator$InterpreterHost.applyPluginsTo(Lorg/gradle/kotlin/dsl/support/KotlinScriptHost;Lorg/gradle/plugin/management/internal/PluginRequests;)V+52
j  org.gradle.kotlin.dsl.execution.Interpreter$ProgramHost.applyPluginsTo(Lorg/gradle/kotlin/dsl/support/KotlinScriptHost;Lorg/gradle/plugin/management/internal/PluginRequests;)V+21
j  Program.execute(Lorg/gradle/kotlin/dsl/execution/ExecutableProgram$Host;Lorg/gradle/kotlin/dsl/support/KotlinScriptHost;)V+38
j  org.gradle.kotlin.dsl.execution.Interpreter$ProgramHost.eval(Lorg/gradle/kotlin/dsl/execution/CompiledScript;Lorg/gradle/kotlin/dsl/support/KotlinScriptHost;)V+88
j  org.gradle.kotlin.dsl.execution.Interpreter.eval(Ljava/lang/Object;Lorg/gradle/groovy/scripts/ScriptSource;Lorg/gradle/internal/hash/HashCode;Lorg/gradle/api/initialization/dsl/ScriptHandler;Lorg/gradle/api/internal/initialization/ClassLoaderScope;Lorg/gradle/api/internal/initialization/ClassLoaderScope;ZLjava/util/EnumSet;)V+213
j  org.gradle.kotlin.dsl.provider.StandardKotlinScriptEvaluator.evaluate(Ljava/lang/Object;Lorg/gradle/groovy/scripts/ScriptSource;Lorg/gradle/api/initialization/dsl/ScriptHandler;Lorg/gradle/api/internal/initialization/ClassLoaderScope;Lorg/gradle/api/internal/initialization/ClassLoaderScope;ZLjava/util/EnumSet;)V+163
j  org.gradle.kotlin.dsl.provider.KotlinScriptPluginFactory$create$1.invoke(Ljava/lang/Object;)V+253
j  org.gradle.kotlin.dsl.provider.KotlinScriptPluginFactory$create$1.invoke(Ljava/lang/Object;)Ljava/lang/Object;+2
j  org.gradle.kotlin.dsl.provider.KotlinScriptPlugin.apply(Ljava/lang/Object;)V+22
j  org.gradle.configuration.BuildOperationScriptPlugin$1.run(Lorg/gradle/internal/operations/BuildOperationContext;)V+11
j  org.gradle.internal.operations.DefaultBuildOperationRunner$1.execute(Lorg/gradle/internal/operations/RunnableBuildOperation;Lorg/gradle/internal/operations/BuildOperationContext;)V+2
j  org.gradle.internal.operations.DefaultBuildOperationRunner$1.execute(Lorg/gradle/internal/operations/BuildOperation;Lorg/gradle/internal/operations/BuildOperationContext;)V+6
j  org.gradle.internal.operations.DefaultBuildOperationRunner$2.execute(Lorg/gradle/internal/operations/BuildOperationDescriptor;Lorg/gradle/internal/operations/BuildOperationState;Lorg/gradle/internal/operations/BuildOperationState;Lorg/gradle/internal/operations/DefaultBuildOperationRunner$ReadableBuildOperationContext;Lorg/gradle/internal/operations/DefaultBuildOperationRunner$BuildOperationExecutionListener;)Lorg/gradle/internal/operations/BuildOperation;+22
j  org.gradle.internal.operations.DefaultBuildOperationRunner$2.execute(Lorg/gradle/internal/operations/BuildOperationDescriptor;Lorg/gradle/internal/operations/BuildOperationState;Lorg/gradle/internal/operations/BuildOperationState;Lorg/gradle/internal/operations/DefaultBuildOperationRunner$ReadableBuildOperationContext;Lorg/gradle/internal/operations/DefaultBuildOperationRunner$BuildOperationExecutionListener;)Ljava/lang/Object;+8
j  org.gradle.internal.operations.DefaultBuildOperationRunner.execute(Lorg/gradle/internal/operations/BuildOperationDescriptor$Builder;Lorg/gradle/internal/operations/BuildOperationState;Lorg/gradle/internal/operations/DefaultBuildOperationRunner$BuildOperationExecution;)Ljava/lang/Object;+141
j  org.gradle.internal.operations.DefaultBuildOperationRunner.execute(Lorg/gradle/internal/operations/BuildOperation;Lorg/gradle/internal/operations/BuildOperationWorker;Lorg/gradle/internal/operations/BuildOperationState;)V+18
j  org.gradle.internal.operations.DefaultBuildOperationRunner.run(Lorg/gradle/internal/operations/RunnableBuildOperation;)V+9
j  org.gradle.configuration.BuildOperationScriptPlugin.lambda$apply$0(Ljava/lang/Object;Lorg/gradle/internal/code/UserCodeApplicationId;)V+14
j  org.gradle.configuration.BuildOperationScriptPlugin$$Lambda+0x000001fb2d51eec0.execute(Ljava/lang/Object;)V+12
j  org.gradle.internal.code.DefaultUserCodeApplicationContext.apply(Lorg/gradle/internal/code/UserCodeSource;Lorg/gradle/api/Action;)V+37
j  org.gradle.configuration.BuildOperationScriptPlugin.apply(Ljava/lang/Object;)V+71
j  org.gradle.configuration.project.BuildScriptProcessor$$Lambda+0x000001fb2d732d60.accept(Ljava/lang/Object;)V+8
j  org.gradle.api.internal.project.DefaultProjectStateRegistry$ProjectStateImpl.lambda$applyToMutableState$1(Ljava/util/function/Consumer;Lorg/gradle/api/internal/project/ProjectInternal;)Ljava/lang/Object;+2
j  org.gradle.api.internal.project.DefaultProjectStateRegistry$ProjectStateImpl$$Lambda+0x000001fb2d6ec238.apply(Ljava/lang/Object;)Ljava/lang/Object;+8
j  org.gradle.api.internal.project.DefaultProjectStateRegistry$ProjectStateImpl.fromMutableState(Ljava/util/function/Function;)Ljava/lang/Object;+97
j  org.gradle.api.internal.project.DefaultProjectStateRegistry$ProjectStateImpl.applyToMutableState(Ljava/util/function/Consumer;)V+7
j  org.gradle.configuration.project.BuildScriptProcessor.execute(Lorg/gradle/api/internal/project/ProjectInternal;)V+88
j  org.gradle.configuration.project.BuildScriptProcessor.execute(Ljava/lang/Object;)V+5
j  org.gradle.configuration.project.ConfigureActionsProjectEvaluator.evaluate(Lorg/gradle/api/internal/project/ProjectInternal;Lorg/gradle/api/internal/project/ProjectStateInternal;)V+33
j  org.gradle.configuration.project.LifecycleProjectEvaluator$EvaluateProject.lambda$run$0(Lorg/gradle/internal/operations/BuildOperationContext;Lorg/gradle/api/internal/project/ProjectInternal;)V+67
j  org.gradle.configuration.project.LifecycleProjectEvaluator$EvaluateProject$$Lambda+0x000001fb2d6ec000.accept(Ljava/lang/Object;)V+12
j  org.gradle.api.internal.project.DefaultProjectStateRegistry$ProjectStateImpl.lambda$applyToMutableState$1(Ljava/util/function/Consumer;Lorg/gradle/api/internal/project/ProjectInternal;)Ljava/lang/Object;+2
j  org.gradle.api.internal.project.DefaultProjectStateRegistry$ProjectStateImpl$$Lambda+0x000001fb2d6ec238.apply(Ljava/lang/Object;)Ljava/lang/Object;+8
j  org.gradle.api.internal.project.DefaultProjectStateRegistry$ProjectStateImpl.lambda$fromMutableState$2(Ljava/util/function/Function;)Ljava/lang/Object;+5
j  org.gradle.api.internal.project.DefaultProjectStateRegistry$ProjectStateImpl$$Lambda+0x000001fb2d6ec480.create()Ljava/lang/Object;+8
j  org.gradle.internal.work.DefaultWorkerLeaseService.withReplacedLocks(Ljava/util/Collection;Lorg/gradle/internal/resources/ResourceLock;Lorg/gradle/internal/Factory;)Ljava/lang/Object;+40
j  org.gradle.api.internal.project.DefaultProjectStateRegistry$ProjectStateImpl.fromMutableState(Ljava/util/function/Function;)Ljava/lang/Object;+133
j  org.gradle.api.internal.project.DefaultProjectStateRegistry$ProjectStateImpl.applyToMutableState(Ljava/util/function/Consumer;)V+7
j  org.gradle.configuration.project.LifecycleProjectEvaluator$EvaluateProject.run(Lorg/gradle/internal/operations/BuildOperationContext;)V+16
j  org.gradle.internal.operations.DefaultBuildOperationRunner$1.execute(Lorg/gradle/internal/operations/RunnableBuildOperation;Lorg/gradle/internal/operations/BuildOperationContext;)V+2
j  org.gradle.internal.operations.DefaultBuildOperationRunner$1.execute(Lorg/gradle/internal/operations/BuildOperation;Lorg/gradle/internal/operations/BuildOperationContext;)V+6
j  org.gradle.internal.operations.DefaultBuildOperationRunner$2.execute(Lorg/gradle/internal/operations/BuildOperationDescriptor;Lorg/gradle/internal/operations/BuildOperationState;Lorg/gradle/internal/operations/BuildOperationState;Lorg/gradle/internal/operations/DefaultBuildOperationRunner$ReadableBuildOperationContext;Lorg/gradle/internal/operations/DefaultBuildOperationRunner$BuildOperationExecutionListener;)Lorg/gradle/internal/operations/BuildOperation;+22
j  org.gradle.internal.operations.DefaultBuildOperationRunner$2.execute(Lorg/gradle/internal/operations/BuildOperationDescriptor;Lorg/gradle/internal/operations/BuildOperationState;Lorg/gradle/internal/operations/BuildOperationState;Lorg/gradle/internal/operations/DefaultBuildOperationRunner$ReadableBuildOperationContext;Lorg/gradle/internal/operations/DefaultBuildOperationRunner$BuildOperationExecutionListener;)Ljava/lang/Object;+8
j  org.gradle.internal.operations.DefaultBuildOperationRunner.execute(Lorg/gradle/internal/operations/BuildOperationDescriptor$Builder;Lorg/gradle/internal/operations/BuildOperationState;Lorg/gradle/internal/operations/DefaultBuildOperationRunner$BuildOperationExecution;)Ljava/lang/Object;+141
j  org.gradle.internal.operations.DefaultBuildOperationRunner.execute(Lorg/gradle/internal/operations/BuildOperation;Lorg/gradle/internal/operations/BuildOperationWorker;Lorg/gradle/internal/operations/BuildOperationState;)V+18
j  org.gradle.internal.operations.DefaultBuildOperationRunner.run(Lorg/gradle/internal/operations/RunnableBuildOperation;)V+9
j  org.gradle.configuration.project.LifecycleProjectEvaluator.evaluate(Lorg/gradle/api/internal/project/ProjectInternal;Lorg/gradle/api/internal/project/ProjectStateInternal;)V+42
j  org.gradle.api.internal.project.DefaultProject.evaluateUnchecked()Lorg/gradle/api/internal/project/ProjectInternal;+20
j  org.gradle.api.internal.project.ProjectLifecycleController.lambda$ensureSelfConfigured$2()V+4
j  org.gradle.api.internal.project.ProjectLifecycleController$$Lambda+0x000001fb2d6e6900.run()V+4
j  org.gradle.internal.model.StateTransitionController.lambda$doTransition$14(Ljava/lang/Runnable;)Lorg/gradle/internal/build/ExecutionResult;+1
j  org.gradle.internal.model.StateTransitionController$$Lambda+0x000001fb2d3f4000.get()Ljava/lang/Object;+4
j  org.gradle.internal.model.StateTransitionController.doTransition(Lorg/gradle/internal/model/StateTransitionController$State;Lorg/gradle/internal/model/StateTransitionController$State;Ljava/util/function/Supplier;)Lorg/gradle/internal/build/ExecutionResult;+24
j  org.gradle.internal.model.StateTransitionController.doTransition(Lorg/gradle/internal/model/StateTransitionController$State;Lorg/gradle/internal/model/StateTransitionController$State;Ljava/lang/Runnable;)V+9
j  org.gradle.internal.model.StateTransitionController.lambda$maybeTransitionIfNotCurrentlyTransitioning$10(Lorg/gradle/internal/model/StateTransitionController$State;Lorg/gradle/internal/model/StateTransitionController$State;Ljava/lang/Runnable;)V+16
j  org.gradle.internal.model.StateTransitionController$$Lambda+0x000001fb2d6e6b28.run()V+16
j  org.gradle.internal.work.DefaultSynchronizer.withLock(Ljava/lang/Runnable;)V+6
j  org.gradle.internal.model.StateTransitionController.maybeTransitionIfNotCurrentlyTransitioning(Lorg/gradle/internal/model/StateTransitionController$State;Lorg/gradle/internal/model/StateTransitionController$State;Ljava/lang/Runnable;)V+13
j  org.gradle.api.internal.project.ProjectLifecycleController.ensureSelfConfigured()V+16
j  org.gradle.api.internal.project.DefaultProjectStateRegistry$ProjectStateImpl.ensureConfigured()V+19
j  org.gradle.execution.TaskPathProjectEvaluator.configure(Lorg/gradle/api/internal/project/ProjectInternal;)V+6
j  org.gradle.execution.TaskPathProjectEvaluator.configureHierarchy(Lorg/gradle/api/internal/project/ProjectInternal;)V+2
j  org.gradle.configuration.DefaultProjectsPreparer.prepareProjects(Lorg/gradle/api/internal/GradleInternal;)V+52
j  org.gradle.configuration.BuildTreePreparingProjectsPreparer.prepareProjects(Lorg/gradle/api/internal/GradleInternal;)V+114
j  org.gradle.configuration.BuildOperationFiringProjectsPreparer$ConfigureBuild.run(Lorg/gradle/internal/operations/BuildOperationContext;)V+11
j  org.gradle.internal.operations.DefaultBuildOperationRunner$1.execute(Lorg/gradle/internal/operations/RunnableBuildOperation;Lorg/gradle/internal/operations/BuildOperationContext;)V+2
j  org.gradle.internal.operations.DefaultBuildOperationRunner$1.execute(Lorg/gradle/internal/operations/BuildOperation;Lorg/gradle/internal/operations/BuildOperationContext;)V+6
j  org.gradle.internal.operations.DefaultBuildOperationRunner$2.execute(Lorg/gradle/internal/operations/BuildOperationDescriptor;Lorg/gradle/internal/operations/BuildOperationState;Lorg/gradle/internal/operations/BuildOperationState;Lorg/gradle/internal/operations/DefaultBuildOperationRunner$ReadableBuildOperationContext;Lorg/gradle/internal/operations/DefaultBuildOperationRunner$BuildOperationExecutionListener;)Lorg/gradle/internal/operations/BuildOperation;+22
j  org.gradle.internal.operations.DefaultBuildOperationRunner$2.execute(Lorg/gradle/internal/operations/BuildOperationDescriptor;Lorg/gradle/internal/operations/BuildOperationState;Lorg/gradle/internal/operations/BuildOperationState;Lorg/gradle/internal/operations/DefaultBuildOperationRunner$ReadableBuildOperationContext;Lorg/gradle/internal/operations/DefaultBuildOperationRunner$BuildOperationExecutionListener;)Ljava/lang/Object;+8
j  org.gradle.internal.operations.DefaultBuildOperationRunner.execute(Lorg/gradle/internal/operations/BuildOperationDescriptor$Builder;Lorg/gradle/internal/operations/BuildOperationState;Lorg/gradle/internal/operations/DefaultBuildOperationRunner$BuildOperationExecution;)Ljava/lang/Object;+141
j  org.gradle.internal.operations.DefaultBuildOperationRunner.execute(Lorg/gradle/internal/operations/BuildOperation;Lorg/gradle/internal/operations/BuildOperationWorker;Lorg/gradle/internal/operations/BuildOperationState;)V+18
j  org.gradle.internal.operations.DefaultBuildOperationRunner.run(Lorg/gradle/internal/operations/RunnableBuildOperation;)V+9
j  org.gradle.configuration.BuildOperationFiringProjectsPreparer.prepareProjects(Lorg/gradle/api/internal/GradleInternal;)V+13
j  org.gradle.initialization.VintageBuildModelController.lambda$prepareProjects$2()V+8
j  org.gradle.initialization.VintageBuildModelController$$Lambda+0x000001fb2d6b7d30.run()V+4
j  org.gradle.internal.model.StateTransitionController.lambda$doTransition$14(Ljava/lang/Runnable;)Lorg/gradle/internal/build/ExecutionResult;+1
j  org.gradle.internal.model.StateTransitionController$$Lambda+0x000001fb2d3f4000.get()Ljava/lang/Object;+4
j  org.gradle.internal.model.StateTransitionController.doTransition(Lorg/gradle/internal/model/StateTransitionController$State;Lorg/gradle/internal/model/StateTransitionController$State;Ljava/util/function/Supplier;)Lorg/gradle/internal/build/ExecutionResult;+24
j  org.gradle.internal.model.StateTransitionController.doTransition(Lorg/gradle/internal/model/StateTransitionController$State;Lorg/gradle/internal/model/StateTransitionController$State;Ljava/lang/Runnable;)V+9
j  org.gradle.internal.model.StateTransitionController.lambda$transitionIfNotPreviously$11(Lorg/gradle/internal/model/StateTransitionController$State;Lorg/gradle/internal/model/StateTransitionController$State;Ljava/lang/Runnable;)V+16
j  org.gradle.internal.model.StateTransitionController$$Lambda+0x000001fb2d3ebd48.run()V+16
j  org.gradle.internal.work.DefaultSynchronizer.withLock(Ljava/lang/Runnable;)V+6
j  org.gradle.internal.model.StateTransitionController.transitionIfNotPreviously(Lorg/gradle/internal/model/StateTransitionController$State;Lorg/gradle/internal/model/StateTransitionController$State;Ljava/lang/Runnable;)V+13
j  org.gradle.initialization.VintageBuildModelController.prepareProjects()V+16
j  org.gradle.initialization.VintageBuildModelController.getConfiguredModel()Lorg/gradle/api/internal/GradleInternal;+5
j  org.gradle.internal.build.DefaultBuildLifecycleController$$Lambda+0x000001fb2d6b7b08.get()Ljava/lang/Object;+4
j  org.gradle.internal.model.StateTransitionController.lambda$notInState$3(Lorg/gradle/internal/model/StateTransitionController$State;Ljava/util/function/Supplier;)Ljava/lang/Object;+11
j  org.gradle.internal.model.StateTransitionController$$Lambda+0x000001fb2d3eb8f8.create()Ljava/lang/Object;+12
j  org.gradle.internal.work.DefaultSynchronizer.withLock(Lorg/gradle/internal/Factory;)Ljava/lang/Object;+6
j  org.gradle.internal.model.StateTransitionController.notInState(Lorg/gradle/internal/model/StateTransitionController$State;Ljava/util/function/Supplier;)Ljava/lang/Object;+12
j  org.gradle.internal.build.DefaultBuildLifecycleController.configureProjects()V+21
j  org.gradle.internal.build.AbstractBuildState.ensureProjectsConfigured()V+4
j  org.gradle.internal.buildtree.BuildInclusionCoordinator$$Lambda+0x000001fb2d6b7258.run()V+4
j  org.gradle.internal.buildtree.BuildInclusionCoordinator$BuildSynchronizer.lambda$withLock$0(Ljava/lang/Runnable;)V+14
j  org.gradle.internal.buildtree.BuildInclusionCoordinator$BuildSynchronizer$$Lambda+0x000001fb2d6b78e0.run()V+8
j  org.gradle.internal.work.DefaultSynchronizer.withLock(Ljava/lang/Runnable;)V+6
j  org.gradle.internal.buildtree.BuildInclusionCoordinator$BuildSynchronizer.withLock(Ljava/lang/Runnable;)V+11
j  org.gradle.internal.buildtree.BuildInclusionCoordinator.withLockForBuild(Lorg/gradle/internal/build/BuildState;Ljava/lang/Runnable;)V+20
j  org.gradle.internal.buildtree.BuildInclusionCoordinator.prepareForPluginResolution(Lorg/gradle/internal/build/IncludedBuildState;)V+13
j  org.gradle.internal.composite.DefaultBuildIncluder.prepareForPluginResolution(Lorg/gradle/internal/build/IncludedBuildState;)V+5
j  org.gradle.composite.internal.plugins.CompositeBuildPluginResolverContributor$CompositeBuildPluginResolver.resolveFromIncludedPluginBuilds(Lorg/gradle/plugin/use/PluginId;)Lorg/gradle/plugin/use/resolve/internal/PluginResolution;+39
j  org.gradle.composite.internal.plugins.CompositeBuildPluginResolverContributor$CompositeBuildPluginResolver.doResolve(Lorg/gradle/plugin/use/PluginId;)Lorg/gradle/composite/internal/plugins/CompositeBuildPluginResolverContributor$PluginResult;+2
j  org.gradle.composite.internal.plugins.CompositeBuildPluginResolverContributor$CompositeBuildPluginResolver$$Lambda+0x000001fb2d6ae6e8.apply(Ljava/lang/Object;)Ljava/lang/Object;+8
J 4610 c2 java.util.concurrent.ConcurrentHashMap.computeIfAbsent(Ljava/lang/Object;Ljava/util/function/Function;)Ljava/lang/Object; java.base@21.0.12.1 (576 bytes) @ 0x000001fb1dddfc78 [0x000001fb1dddf5c0+0x00000000000006b8]
j  org.gradle.composite.internal.plugins.CompositeBuildPluginResolverContributor$CompositeBuildPluginResolver.resolve(Lorg/gradle/plugin/management/internal/PluginRequestInternal;)Lorg/gradle/plugin/use/resolve/internal/PluginResolutionResult;+16
j  org.gradle.plugin.use.resolve.internal.CompositePluginResolver.resolve(Lorg/gradle/plugin/management/internal/PluginRequestInternal;)Lorg/gradle/plugin/use/resolve/internal/PluginResolutionResult;+37
j  org.gradle.plugin.use.resolve.internal.AlreadyOnClasspathPluginResolver.resolve(Lorg/gradle/plugin/management/internal/PluginRequestInternal;)Lorg/gradle/plugin/use/resolve/internal/PluginResolutionResult;+28
j  org.gradle.plugin.use.internal.DefaultPluginRequestApplicator.resolvePluginRequest(Lorg/gradle/plugin/use/resolve/internal/PluginResolver;Lorg/gradle/plugin/management/internal/PluginRequestInternal;)Lorg/gradle/plugin/use/resolve/internal/PluginResolution;+2
j  org.gradle.plugin.use.internal.DefaultPluginRequestApplicator.applyPlugins(Lorg/gradle/plugin/management/internal/PluginRequests;Lorg/gradle/api/internal/initialization/ScriptHandlerInternal;Lorg/gradle/api/internal/plugins/PluginManagerInternal;Lorg/gradle/api/internal/initialization/ClassLoaderScope;)V+136
j  org.gradle.kotlin.dsl.provider.PluginRequestsHandler.handle(Lorg/gradle/plugin/management/internal/PluginRequests;Lorg/gradle/api/internal/initialization/ScriptHandlerInternal;Lorg/gradle/api/internal/plugins/PluginAwareInternal;Lorg/gradle/api/internal/initialization/ClassLoaderScope;)V+65
j  org.gradle.kotlin.dsl.provider.StandardKotlinScriptEvaluator$InterpreterHost.applyPluginsTo(Lorg/gradle/kotlin/dsl/support/KotlinScriptHost;Lorg/gradle/plugin/management/internal/PluginRequests;)V+52
j  org.gradle.kotlin.dsl.execution.Interpreter$ProgramHost.applyPluginsTo(Lorg/gradle/kotlin/dsl/support/KotlinScriptHost;Lorg/gradle/plugin/management/internal/PluginRequests;)V+21
j  Program.execute(Lorg/gradle/kotlin/dsl/execution/ExecutableProgram$Host;Lorg/gradle/kotlin/dsl/support/KotlinScriptHost;)V+45
j  org.gradle.kotlin.dsl.execution.Interpreter$ProgramHost.eval(Lorg/gradle/kotlin/dsl/execution/CompiledScript;Lorg/gradle/kotlin/dsl/support/KotlinScriptHost;)V+88
j  org.gradle.kotlin.dsl.execution.Interpreter.eval(Ljava/lang/Object;Lorg/gradle/groovy/scripts/ScriptSource;Lorg/gradle/internal/hash/HashCode;Lorg/gradle/api/initialization/dsl/ScriptHandler;Lorg/gradle/api/internal/initialization/ClassLoaderScope;Lorg/gradle/api/internal/initialization/ClassLoaderScope;ZLjava/util/EnumSet;)V+213
j  org.gradle.kotlin.dsl.provider.StandardKotlinScriptEvaluator.evaluate(Ljava/lang/Object;Lorg/gradle/groovy/scripts/ScriptSource;Lorg/gradle/api/initialization/dsl/ScriptHandler;Lorg/gradle/api/internal/initialization/ClassLoaderScope;Lorg/gradle/api/internal/initialization/ClassLoaderScope;ZLjava/util/EnumSet;)V+163
j  org.gradle.kotlin.dsl.provider.KotlinScriptPluginFactory$create$1.invoke(Ljava/lang/Object;)V+253
j  org.gradle.kotlin.dsl.provider.KotlinScriptPluginFactory$create$1.invoke(Ljava/lang/Object;)Ljava/lang/Object;+2
j  org.gradle.kotlin.dsl.provider.KotlinScriptPlugin.apply(Ljava/lang/Object;)V+22
j  org.gradle.configuration.BuildOperationScriptPlugin$1.run(Lorg/gradle/internal/operations/BuildOperationContext;)V+11
j  org.gradle.internal.operations.DefaultBuildOperationRunner$1.execute(Lorg/gradle/internal/operations/RunnableBuildOperation;Lorg/gradle/internal/operations/BuildOperationContext;)V+2
j  org.gradle.internal.operations.DefaultBuildOperationRunner$1.execute(Lorg/gradle/internal/operations/BuildOperation;Lorg/gradle/internal/operations/BuildOperationContext;)V+6
j  org.gradle.internal.operations.DefaultBuildOperationRunner$2.execute(Lorg/gradle/internal/operations/BuildOperationDescriptor;Lorg/gradle/internal/operations/BuildOperationState;Lorg/gradle/internal/operations/BuildOperationState;Lorg/gradle/internal/operations/DefaultBuildOperationRunner$ReadableBuildOperationContext;Lorg/gradle/internal/operations/DefaultBuildOperationRunner$BuildOperationExecutionListener;)Lorg/gradle/internal/operations/BuildOperation;+22
j  org.gradle.internal.operations.DefaultBuildOperationRunner$2.execute(Lorg/gradle/internal/operations/BuildOperationDescriptor;Lorg/gradle/internal/operations/BuildOperationState;Lorg/gradle/internal/operations/BuildOperationState;Lorg/gradle/internal/operations/DefaultBuildOperationRunner$ReadableBuildOperationContext;Lorg/gradle/internal/operations/DefaultBuildOperationRunner$BuildOperationExecutionListener;)Ljava/lang/Object;+8
j  org.gradle.internal.operations.DefaultBuildOperationRunner.execute(Lorg/gradle/internal/operations/BuildOperationDescriptor$Builder;Lorg/gradle/internal/operations/BuildOperationState;Lorg/gradle/internal/operations/DefaultBuildOperationRunner$BuildOperationExecution;)Ljava/lang/Object;+141
j  org.gradle.internal.operations.DefaultBuildOperationRunner.execute(Lorg/gradle/internal/operations/BuildOperation;Lorg/gradle/internal/operations/BuildOperationWorker;Lorg/gradle/internal/operations/BuildOperationState;)V+18
j  org.gradle.internal.operations.DefaultBuildOperationRunner.run(Lorg/gradle/internal/operations/RunnableBuildOperation;)V+9
j  org.gradle.configuration.BuildOperationScriptPlugin.lambda$apply$0(Ljava/lang/Object;Lorg/gradle/internal/code/UserCodeApplicationId;)V+14
j  org.gradle.configuration.BuildOperationScriptPlugin$$Lambda+0x000001fb2d51eec0.execute(Ljava/lang/Object;)V+12
j  org.gradle.internal.code.DefaultUserCodeApplicationContext.apply(Lorg/gradle/internal/code/UserCodeSource;Lorg/gradle/api/Action;)V+37
j  org.gradle.configuration.BuildOperationScriptPlugin.apply(Ljava/lang/Object;)V+71
j  org.gradle.initialization.ScriptEvaluatingSettingsProcessor.applySettingsScript(Lorg/gradle/groovy/scripts/TextResourceScriptSource;Lorg/gradle/api/internal/SettingsInternal;)V+32
j  org.gradle.initialization.ScriptEvaluatingSettingsProcessor.process(Lorg/gradle/api/internal/GradleInternal;Lorg/gradle/initialization/SettingsLocation;Lorg/gradle/api/internal/initialization/ClassLoaderScope;Lorg/gradle/StartParameter;)Lorg/gradle/initialization/SettingsState;+90
j  org.gradle.initialization.SettingsEvaluatedCallbackFiringSettingsProcessor.process(Lorg/gradle/api/internal/GradleInternal;Lorg/gradle/initialization/SettingsLocation;Lorg/gradle/api/internal/initialization/ClassLoaderScope;Lorg/gradle/StartParameter;)Lorg/gradle/initialization/SettingsState;+9
j  org.gradle.initialization.RootBuildCacheControllerSettingsProcessor.process(Lorg/gradle/api/internal/GradleInternal;Lorg/gradle/initialization/SettingsLocation;Lorg/gradle/api/internal/initialization/ClassLoaderScope;Lorg/gradle/StartParameter;)Lorg/gradle/initialization/SettingsState;+9
j  org.gradle.initialization.BuildOperationSettingsProcessor$2.call(Lorg/gradle/internal/operations/BuildOperationContext;)Lorg/gradle/initialization/SettingsState;+23
j  org.gradle.initialization.BuildOperationSettingsProcessor$2.call(Lorg/gradle/internal/operations/BuildOperationContext;)Ljava/lang/Object;+2
j  org.gradle.internal.operations.DefaultBuildOperationRunner$CallableBuildOperationWorker.execute(Lorg/gradle/internal/operations/CallableBuildOperation;Lorg/gradle/internal/operations/BuildOperationContext;)V+3
j  org.gradle.internal.operations.DefaultBuildOperationRunner$CallableBuildOperationWorker.execute(Lorg/gradle/internal/operations/BuildOperation;Lorg/gradle/internal/operations/BuildOperationContext;)V+6
j  org.gradle.internal.operations.DefaultBuildOperationRunner$2.execute(Lorg/gradle/internal/operations/BuildOperationDescriptor;Lorg/gradle/internal/operations/BuildOperationState;Lorg/gradle/internal/operations/BuildOperationState;Lorg/gradle/internal/operations/DefaultBuildOperationRunner$ReadableBuildOperationContext;Lorg/gradle/internal/operations/DefaultBuildOperationRunner$BuildOperationExecutionListener;)Lorg/gradle/internal/operations/BuildOperation;+22
j  org.gradle.internal.operations.DefaultBuildOperationRunner$2.execute(Lorg/gradle/internal/operations/BuildOperationDescriptor;Lorg/gradle/internal/operations/BuildOperationState;Lorg/gradle/internal/operations/BuildOperationState;Lorg/gradle/internal/operations/DefaultBuildOperationRunner$ReadableBuildOperationContext;Lorg/gradle/internal/operations/DefaultBuildOperationRunner$BuildOperationExecutionListener;)Ljava/lang/Object;+8
j  org.gradle.internal.operations.DefaultBuildOperationRunner.execute(Lorg/gradle/internal/operations/BuildOperationDescriptor$Builder;Lorg/gradle/internal/operations/BuildOperationState;Lorg/gradle/internal/operations/DefaultBuildOperationRunner$BuildOperationExecution;)Ljava/lang/Object;+141
j  org.gradle.internal.operations.DefaultBuildOperationRunner.execute(Lorg/gradle/internal/operations/BuildOperation;Lorg/gradle/internal/operations/BuildOperationWorker;Lorg/gradle/internal/operations/BuildOperationState;)V+18
j  org.gradle.internal.operations.DefaultBuildOperationRunner.call(Lorg/gradle/internal/operations/CallableBuildOperation;)Ljava/lang/Object;+16
j  org.gradle.initialization.BuildOperationSettingsProcessor.process(Lorg/gradle/api/internal/GradleInternal;Lorg/gradle/initialization/SettingsLocation;Lorg/gradle/api/internal/initialization/ClassLoaderScope;Lorg/gradle/StartParameter;)Lorg/gradle/initialization/SettingsState;+17
j  org.gradle.initialization.DefaultSettingsLoader.findSettingsAndLoadIfAppropriate(Lorg/gradle/api/internal/GradleInternal;Lorg/gradle/StartParameter;Lorg/gradle/initialization/SettingsLocation;Lorg/gradle/api/internal/initialization/ClassLoaderScope;)Lorg/gradle/initialization/SettingsState;+9
j  org.gradle.initialization.DefaultSettingsLoader.findAndLoadSettings(Lorg/gradle/api/internal/GradleInternal;)Lorg/gradle/initialization/SettingsState;+103
j  org.gradle.initialization.SettingsAttachingSettingsLoader.findAndLoadSettings(Lorg/gradle/api/internal/GradleInternal;)Lorg/gradle/initialization/SettingsState;+5
j  org.gradle.internal.composite.CommandLineIncludedBuildSettingsLoader.findAndLoadSettings(Lorg/gradle/api/internal/GradleInternal;)Lorg/gradle/initialization/SettingsState;+5
j  org.gradle.internal.composite.ChildBuildRegisteringSettingsLoader.findAndLoadSettings(Lorg/gradle/api/internal/GradleInternal;)Lorg/gradle/initialization/SettingsState;+5
j  org.gradle.internal.composite.CompositeBuildSettingsLoader.findAndLoadSettings(Lorg/gradle/api/internal/GradleInternal;)Lorg/gradle/initialization/SettingsState;+5
j  org.gradle.initialization.InitScriptHandlingSettingsLoader.findAndLoadSettings(Lorg/gradle/api/internal/GradleInternal;)Lorg/gradle/initialization/SettingsState;+13
j  org.gradle.api.internal.initialization.CacheConfigurationsHandlingSettingsLoader.findAndLoadSettings(Lorg/gradle/api/internal/GradleInternal;)Lorg/gradle/initialization/SettingsState;+15
j  org.gradle.initialization.GradlePropertiesHandlingSettingsLoader.findAndLoadSettings(Lorg/gradle/api/internal/GradleInternal;)Lorg/gradle/initialization/SettingsState;+40
j  org.gradle.initialization.DefaultSettingsPreparer.prepareSettings(Lorg/gradle/api/internal/GradleInternal;)V+33
j  org.gradle.initialization.BuildOperationFiringSettingsPreparer$LoadBuild.doLoadBuild()V+11
j  org.gradle.initialization.BuildOperationFiringSettingsPreparer$LoadBuild.run(Lorg/gradle/internal/operations/BuildOperationContext;)V+1
j  org.gradle.internal.operations.DefaultBuildOperationRunner$1.execute(Lorg/gradle/internal/operations/RunnableBuildOperation;Lorg/gradle/internal/operations/BuildOperationContext;)V+2
j  org.gradle.internal.operations.DefaultBuildOperationRunner$1.execute(Lorg/gradle/internal/operations/BuildOperation;Lorg/gradle/internal/operations/BuildOperationContext;)V+6
j  org.gradle.internal.operations.DefaultBuildOperationRunner$2.execute(Lorg/gradle/internal/operations/BuildOperationDescriptor;Lorg/gradle/internal/operations/BuildOperationState;Lorg/gradle/internal/operations/BuildOperationState;Lorg/gradle/internal/operations/DefaultBuildOperationRunner$ReadableBuildOperationContext;Lorg/gradle/internal/operations/DefaultBuildOperationRunner$BuildOperationExecutionListener;)Lorg/gradle/internal/operations/BuildOperation;+22
j  org.gradle.internal.operations.DefaultBuildOperationRunner$2.execute(Lorg/gradle/internal/operations/BuildOperationDescriptor;Lorg/gradle/internal/operations/BuildOperationState;Lorg/gradle/internal/operations/BuildOperationState;Lorg/gradle/internal/operations/DefaultBuildOperationRunner$ReadableBuildOperationContext;Lorg/gradle/internal/operations/DefaultBuildOperationRunner$BuildOperationExecutionListener;)Ljava/lang/Object;+8
j  org.gradle.internal.operations.DefaultBuildOperationRunner.execute(Lorg/gradle/internal/operations/BuildOperationDescriptor$Builder;Lorg/gradle/internal/operations/BuildOperationState;Lorg/gradle/internal/operations/DefaultBuildOperationRunner$BuildOperationExecution;)Ljava/lang/Object;+141
j  org.gradle.internal.operations.DefaultBuildOperationRunner.execute(Lorg/gradle/internal/operations/BuildOperation;Lorg/gradle/internal/operations/BuildOperationWorker;Lorg/gradle/internal/operations/BuildOperationState;)V+18
j  org.gradle.internal.operations.DefaultBuildOperationRunner.run(Lorg/gradle/internal/operations/RunnableBuildOperation;)V+9
j  org.gradle.initialization.BuildOperationFiringSettingsPreparer.prepareSettings(Lorg/gradle/api/internal/GradleInternal;)V+31
j  org.gradle.initialization.VintageBuildModelController.lambda$prepareSettings$1()V+8
j  org.gradle.initialization.VintageBuildModelController$$Lambda+0x000001fb2d3ebb20.run()V+4
j  org.gradle.internal.model.StateTransitionController.lambda$doTransition$14(Ljava/lang/Runnable;)Lorg/gradle/internal/build/ExecutionResult;+1
j  org.gradle.internal.model.StateTransitionController$$Lambda+0x000001fb2d3f4000.get()Ljava/lang/Object;+4
j  org.gradle.internal.model.StateTransitionController.doTransition(Lorg/gradle/internal/model/StateTransitionController$State;Lorg/gradle/internal/model/StateTransitionController$State;Ljava/util/function/Supplier;)Lorg/gradle/internal/build/ExecutionResult;+24
j  org.gradle.internal.model.StateTransitionController.doTransition(Lorg/gradle/internal/model/StateTransitionController$State;Lorg/gradle/internal/model/StateTransitionController$State;Ljava/lang/Runnable;)V+9
j  org.gradle.internal.model.StateTransitionController.lambda$transitionIfNotPreviously$11(Lorg/gradle/internal/model/StateTransitionController$State;Lorg/gradle/internal/model/StateTransitionController$State;Ljava/lang/Runnable;)V+16
j  org.gradle.internal.model.StateTransitionController$$Lambda+0x000001fb2d3ebd48.run()V+16
j  org.gradle.internal.work.DefaultSynchronizer.withLock(Ljava/lang/Runnable;)V+6
j  org.gradle.internal.model.StateTransitionController.transitionIfNotPreviously(Lorg/gradle/internal/model/StateTransitionController$State;Lorg/gradle/internal/model/StateTransitionController$State;Ljava/lang/Runnable;)V+13
j  org.gradle.initialization.VintageBuildModelController.prepareSettings()V+16
j  org.gradle.initialization.VintageBuildModelController.getConfiguredModel()Lorg/gradle/api/internal/GradleInternal;+1
j  org.gradle.internal.build.DefaultBuildLifecycleController.lambda$withProjectsConfigured$1(Ljava/util/function/Function;)Ljava/lang/Object;+5
j  org.gradle.internal.build.DefaultBuildLifecycleController$$Lambda+0x000001fb2d3eb6d0.get()Ljava/lang/Object;+8
j  org.gradle.internal.model.StateTransitionController.lambda$notInState$3(Lorg/gradle/internal/model/StateTransitionController$State;Ljava/util/function/Supplier;)Ljava/lang/Object;+11
j  org.gradle.internal.model.StateTransitionController$$Lambda+0x000001fb2d3eb8f8.create()Ljava/lang/Object;+12
j  org.gradle.internal.work.DefaultSynchronizer.withLock(Lorg/gradle/internal/Factory;)Ljava/lang/Object;+6
j  org.gradle.internal.model.StateTransitionController.notInState(Lorg/gradle/internal/model/StateTransitionController$State;Ljava/util/function/Supplier;)Ljava/lang/Object;+12
j  org.gradle.internal.build.DefaultBuildLifecycleController.withProjectsConfigured(Ljava/util/function/Function;)Ljava/lang/Object;+14
j  org.gradle.internal.build.DefaultBuildToolingModelController.locateBuilderForTarget(Ljava/lang/String;Z)Lorg/gradle/tooling/provider/model/internal/ToolingModelScope;+38
j  org.gradle.internal.buildtree.DefaultBuildTreeModelCreator$DefaultBuildTreeModelController.lambda$locateBuilderForTarget$0(Ljava/lang/String;ZLorg/gradle/internal/build/BuildToolingModelController;)Lorg/gradle/tooling/provider/model/internal/ToolingModelScope;+3
j  org.gradle.internal.buildtree.DefaultBuildTreeModelCreator$DefaultBuildTreeModelController$$Lambda+0x000001fb2d3d7050.apply(Ljava/lang/Object;)Ljava/lang/Object;+12
j  org.gradle.internal.build.DefaultBuildLifecycleController.withToolingModels(Ljava/util/function/Function;)Ljava/lang/Object;+15
j  org.gradle.internal.build.AbstractBuildState.withToolingModels(Ljava/util/function/Function;)Ljava/lang/Object;+5
j  org.gradle.internal.buildtree.DefaultBuildTreeModelCreator$DefaultBuildTreeModelController.locateBuilderForTarget(Lorg/gradle/internal/build/BuildState;Ljava/lang/String;Z)Lorg/gradle/tooling/provider/model/internal/ToolingModelScope;+8
j  org.gradle.internal.buildtree.DefaultBuildTreeModelCreator$DefaultBuildTreeModelController.locateBuilderForDefaultTarget(Ljava/lang/String;Z)Lorg/gradle/tooling/provider/model/internal/ToolingModelScope;+10
j  org.gradle.tooling.internal.provider.runner.BuildModelActionRunner$ModelCreateAction.fromBuildModel(Lorg/gradle/internal/buildtree/BuildTreeModelController;)Ljava/lang/Object;+11
j  org.gradle.internal.buildtree.DefaultBuildTreeModelCreator.fromBuildModel(Lorg/gradle/internal/buildtree/BuildTreeModelAction;)Ljava/lang/Object;+10
j  org.gradle.internal.buildtree.DefaultBuildTreeLifecycleController.lambda$fromBuildModel$2(Lorg/gradle/internal/buildtree/BuildTreeModelAction;Z)Lorg/gradle/internal/build/ExecutionResult;+57
j  org.gradle.internal.buildtree.DefaultBuildTreeLifecycleController$$Lambda+0x000001fb2d3d6130.get()Ljava/lang/Object;+12
j  org.gradle.internal.buildtree.DefaultBuildTreeLifecycleController.lambda$runBuild$4(Ljava/util/function/Supplier;)Ljava/lang/Object;+1
j  org.gradle.internal.buildtree.DefaultBuildTreeLifecycleController$$Lambda+0x000001fb2d3d6358.get()Ljava/lang/Object;+8
j  org.gradle.internal.model.StateTransitionController.lambda$transition$6(Ljava/util/function/Supplier;)Lorg/gradle/internal/build/ExecutionResult;+1
j  org.gradle.internal.model.StateTransitionController$$Lambda+0x000001fb2d3d67a8.get()Ljava/lang/Object;+4
j  org.gradle.internal.model.StateTransitionController.doTransition(Lorg/gradle/internal/model/StateTransitionController$State;Lorg/gradle/internal/model/StateTransitionController$State;Ljava/util/function/Supplier;)Lorg/gradle/internal/build/ExecutionResult;+24
j  org.gradle.internal.model.StateTransitionController.lambda$transition$7(Lorg/gradle/internal/model/StateTransitionController$State;Lorg/gradle/internal/model/StateTransitionController$State;Ljava/util/function/Supplier;)Ljava/lang/Object;+9
j  org.gradle.internal.model.StateTransitionController$$Lambda+0x000001fb2d3d6580.create()Ljava/lang/Object;+16
j  org.gradle.internal.work.DefaultSynchronizer.withLock(Lorg/gradle/internal/Factory;)Ljava/lang/Object;+6
j  org.gradle.internal.model.StateTransitionController.transition(Lorg/gradle/internal/model/StateTransitionController$State;Lorg/gradle/internal/model/StateTransitionController$State;Ljava/util/function/Supplier;)Ljava/lang/Object;+13
j  org.gradle.internal.buildtree.DefaultBuildTreeLifecycleController.runBuild(Ljava/util/function/Supplier;)Ljava/lang/Object;+17
j  org.gradle.internal.buildtree.DefaultBuildTreeLifecycleController.fromBuildModel(ZLorg/gradle/internal/buildtree/BuildTreeModelAction;)Ljava/lang/Object;+9
j  org.gradle.tooling.internal.provider.runner.BuildModelActionRunner.run(Lorg/gradle/internal/invocation/BuildAction;Lorg/gradle/internal/buildtree/BuildTreeLifecycleController;)Lorg/gradle/internal/buildtree/BuildActionRunner$Result;+40
j  org.gradle.launcher.exec.ChainingBuildActionRunner.run(Lorg/gradle/internal/invocation/BuildAction;Lorg/gradle/internal/buildtree/BuildTreeLifecycleController;)Lorg/gradle/internal/buildtree/BuildActionRunner$Result;+34
j  org.gradle.internal.buildtree.ProblemReportingBuildActionRunner.run(Lorg/gradle/internal/invocation/BuildAction;Lorg/gradle/internal/buildtree/BuildTreeLifecycleController;)Lorg/gradle/internal/buildtree/BuildActionRunner$Result;+12
j  org.gradle.launcher.exec.BuildOutcomeReportingBuildActionRunner.run(Lorg/gradle/internal/invocation/BuildAction;Lorg/gradle/internal/buildtree/BuildTreeLifecycleController;)Lorg/gradle/internal/buildtree/BuildActionRunner$Result;+69
j  org.gradle.tooling.internal.provider.FileSystemWatchingBuildActionRunner.run(Lorg/gradle/internal/invocation/BuildAction;Lorg/gradle/internal/buildtree/BuildTreeLifecycleController;)Lorg/gradle/internal/buildtree/BuildActionRunner$Result;+317
j  org.gradle.launcher.exec.BuildCompletionNotifyingBuildActionRunner.run(Lorg/gradle/internal/invocation/BuildAction;Lorg/gradle/internal/buildtree/BuildTreeLifecycleController;)Lorg/gradle/internal/buildtree/BuildActionRunner$Result;+6
j  org.gradle.launcher.exec.RootBuildLifecycleBuildActionExecutor.lambda$execute$0(Lorg/gradle/internal/invocation/BuildAction;Lorg/gradle/internal/buildtree/BuildTreeLifecycleController;)Lorg/gradle/internal/buildtree/BuildActionRunner$Result;+6
j  org.gradle.launcher.exec.RootBuildLifecycleBuildActionExecutor$$Lambda+0x000001fb2d3be628.apply(Ljava/lang/Object;)Ljava/lang/Object;+12
j  org.gradle.composite.internal.DefaultRootBuildState.run(Ljava/util/function/Function;)Ljava/lang/Object;+87
j  org.gradle.launcher.exec.RootBuildLifecycleBuildActionExecutor.execute(Lorg/gradle/internal/invocation/BuildAction;Lorg/gradle/internal/buildtree/BuildTreeContext;)Lorg/gradle/internal/buildtree/BuildActionRunner$Result;+75
j  org.gradle.internal.buildtree.InitDeprecationLoggingActionExecutor.execute(Lorg/gradle/internal/invocation/BuildAction;Lorg/gradle/internal/buildtree/BuildTreeContext;)Lorg/gradle/internal/buildtree/BuildActionRunner$Result;+83
j  org.gradle.internal.buildtree.InitProblems.execute(Lorg/gradle/internal/invocation/BuildAction;Lorg/gradle/internal/buildtree/BuildTreeContext;)Lorg/gradle/internal/buildtree/BuildActionRunner$Result;+13
j  org.gradle.internal.buildtree.DefaultBuildTreeContext.execute(Lorg/gradle/internal/invocation/BuildAction;)Lorg/gradle/internal/buildtree/BuildActionRunner$Result;+64
j  org.gradle.launcher.exec.BuildTreeLifecycleBuildActionExecutor.lambda$execute$0(Lorg/gradle/internal/invocation/BuildAction;Lorg/gradle/internal/buildtree/BuildTreeContext;)Lorg/gradle/internal/buildtree/BuildActionRunner$Result;+2
j  org.gradle.launcher.exec.BuildTreeLifecycleBuildActionExecutor$$Lambda+0x000001fb2d2b6e68.apply(Ljava/lang/Object;)Ljava/lang/Object;+8
j  org.gradle.internal.buildtree.BuildTreeState.run(Ljava/util/function/Function;)Ljava/lang/Object;+47
j  org.gradle.launcher.exec.BuildTreeLifecycleBuildActionExecutor.execute(Lorg/gradle/internal/invocation/BuildAction;Lorg/gradle/internal/session/BuildSessionContext;)Lorg/gradle/internal/buildtree/BuildActionRunner$Result;+74
j  org.gradle.launcher.exec.RunAsBuildOperationBuildActionExecutor$2.call(Lorg/gradle/internal/operations/BuildOperationContext;)Lorg/gradle/internal/buildtree/BuildActionRunner$Result;+25
j  org.gradle.launcher.exec.RunAsBuildOperationBuildActionExecutor$2.call(Lorg/gradle/internal/operations/BuildOperationContext;)Ljava/lang/Object;+2
j  org.gradle.internal.operations.DefaultBuildOperationRunner$CallableBuildOperationWorker.execute(Lorg/gradle/internal/operations/CallableBuildOperation;Lorg/gradle/internal/operations/BuildOperationContext;)V+3
j  org.gradle.internal.operations.DefaultBuildOperationRunner$CallableBuildOperationWorker.execute(Lorg/gradle/internal/operations/BuildOperation;Lorg/gradle/internal/operations/BuildOperationContext;)V+6
j  org.gradle.internal.operations.DefaultBuildOperationRunner$2.execute(Lorg/gradle/internal/operations/BuildOperationDescriptor;Lorg/gradle/internal/operations/BuildOperationState;Lorg/gradle/internal/operations/BuildOperationState;Lorg/gradle/internal/operations/DefaultBuildOperationRunner$ReadableBuildOperationContext;Lorg/gradle/internal/operations/DefaultBuildOperationRunner$BuildOperationExecutionListener;)Lorg/gradle/internal/operations/BuildOperation;+22
j  org.gradle.internal.operations.DefaultBuildOperationRunner$2.execute(Lorg/gradle/internal/operations/BuildOperationDescriptor;Lorg/gradle/internal/operations/BuildOperationState;Lorg/gradle/internal/operations/BuildOperationState;Lorg/gradle/internal/operations/DefaultBuildOperationRunner$ReadableBuildOperationContext;Lorg/gradle/internal/operations/DefaultBuildOperationRunner$BuildOperationExecutionListener;)Ljava/lang/Object;+8
j  org.gradle.internal.operations.DefaultBuildOperationRunner.execute(Lorg/gradle/internal/operations/BuildOperationDescriptor$Builder;Lorg/gradle/internal/operations/BuildOperationState;Lorg/gradle/internal/operations/DefaultBuildOperationRunner$BuildOperationExecution;)Ljava/lang/Object;+141
j  org.gradle.internal.operations.DefaultBuildOperationRunner.execute(Lorg/gradle/internal/operations/BuildOperation;Lorg/gradle/internal/operations/BuildOperationWorker;Lorg/gradle/internal/operations/BuildOperationState;)V+18
j  org.gradle.internal.operations.DefaultBuildOperationRunner.call(Lorg/gradle/internal/operations/CallableBuildOperation;)Ljava/lang/Object;+16
j  org.gradle.launcher.exec.RunAsBuildOperationBuildActionExecutor.execute(Lorg/gradle/internal/invocation/BuildAction;Lorg/gradle/internal/session/BuildSessionContext;)Lorg/gradle/internal/buildtree/BuildActionRunner$Result;+23
j  org.gradle.launcher.exec.RunAsWorkerThreadBuildActionExecutor.lambda$execute$0(Lorg/gradle/internal/invocation/BuildAction;Lorg/gradle/internal/session/BuildSessionContext;)Lorg/gradle/internal/buildtree/BuildActionRunner$Result;+6
j  org.gradle.launcher.exec.RunAsWorkerThreadBuildActionExecutor$$Lambda+0x000001fb2d288000.create()Ljava/lang/Object;+12
j  org.gradle.internal.work.DefaultWorkerLeaseService.withLocks(Ljava/util/Collection;Lorg/gradle/internal/Factory;)Ljava/lang/Object;+28
j  org.gradle.internal.work.DefaultWorkerLeaseService.runAsWorkerThread(Lorg/gradle/internal/Factory;)Ljava/lang/Object;+33
j  org.gradle.launcher.exec.RunAsWorkerThreadBuildActionExecutor.execute(Lorg/gradle/internal/invocation/BuildAction;Lorg/gradle/internal/session/BuildSessionContext;)Lorg/gradle/internal/buildtree/BuildActionRunner$Result;+12
j  org.gradle.tooling.internal.provider.continuous.ContinuousBuildActionExecutor.execute(Lorg/gradle/internal/invocation/BuildAction;Lorg/gradle/internal/session/BuildSessionContext;)Lorg/gradle/internal/buildtree/BuildActionRunner$Result;+58
j  org.gradle.tooling.internal.provider.SubscribableBuildActionExecutor.execute(Lorg/gradle/internal/invocation/BuildAction;Lorg/gradle/internal/session/BuildSessionContext;)Lorg/gradle/internal/buildtree/BuildActionRunner$Result;+30
j  org.gradle.internal.session.DefaultBuildSessionContext.execute(Lorg/gradle/internal/invocation/BuildAction;)Lorg/gradle/internal/buildtree/BuildActionRunner$Result;+64
j  org.gradle.internal.buildprocess.execution.BuildSessionLifecycleBuildActionExecutor$ActionImpl.apply(Lorg/gradle/internal/session/BuildSessionContext;)Lorg/gradle/launcher/exec/BuildActionResult;+6
j  org.gradle.internal.buildprocess.execution.BuildSessionLifecycleBuildActionExecutor$ActionImpl.apply(Ljava/lang/Object;)Ljava/lang/Object;+5
j  org.gradle.internal.session.BuildSessionState.run(Ljava/util/function/Function;)Ljava/lang/Object;+5
j  org.gradle.internal.buildprocess.execution.BuildSessionLifecycleBuildActionExecutor.execute(Lorg/gradle/internal/invocation/BuildAction;Lorg/gradle/launcher/exec/BuildActionParameters;Lorg/gradle/initialization/BuildRequestContext;)Lorg/gradle/launcher/exec/BuildActionResult;+95
j  org.gradle.internal.buildprocess.execution.BuildSessionLifecycleBuildActionExecutor.execute(Lorg/gradle/internal/invocation/BuildAction;Ljava/lang/Object;Ljava/lang/Object;)Lorg/gradle/launcher/exec/BuildActionResult;+10
j  org.gradle.internal.buildprocess.execution.StartParamsValidatingActionExecutor.execute(Lorg/gradle/internal/invocation/BuildAction;Lorg/gradle/launcher/exec/BuildActionParameters;Lorg/gradle/initialization/BuildRequestContext;)Lorg/gradle/launcher/exec/BuildActionResult;+203
j  org.gradle.internal.buildprocess.execution.StartParamsValidatingActionExecutor.execute(Lorg/gradle/internal/invocation/BuildAction;Ljava/lang/Object;Ljava/lang/Object;)Lorg/gradle/launcher/exec/BuildActionResult;+10
j  org.gradle.internal.buildprocess.execution.SessionFailureReportingActionExecutor.execute(Lorg/gradle/internal/invocation/BuildAction;Lorg/gradle/launcher/exec/BuildActionParameters;Lorg/gradle/initialization/BuildRequestContext;)Lorg/gradle/launcher/exec/BuildActionResult;+7
j  org.gradle.internal.buildprocess.execution.SessionFailureReportingActionExecutor.execute(Lorg/gradle/internal/invocation/BuildAction;Ljava/lang/Object;Ljava/lang/Object;)Lorg/gradle/launcher/exec/BuildActionResult;+10
j  org.gradle.internal.buildprocess.execution.SetupLoggingActionExecutor.execute(Lorg/gradle/internal/invocation/BuildAction;Lorg/gradle/launcher/exec/BuildActionParameters;Lorg/gradle/initialization/BuildRequestContext;)Lorg/gradle/launcher/exec/BuildActionResult;+50
j  org.gradle.internal.buildprocess.execution.SetupLoggingActionExecutor.execute(Lorg/gradle/internal/invocation/BuildAction;Ljava/lang/Object;Ljava/lang/Object;)Lorg/gradle/launcher/exec/BuildActionResult;+10
j  org.gradle.launcher.daemon.server.exec.ExecuteBuild.doBuild(Lorg/gradle/launcher/daemon/server/api/DaemonCommandExecution;Lorg/gradle/launcher/daemon/protocol/Build;)V+147
j  org.gradle.launcher.daemon.server.exec.BuildCommandOnly.execute(Lorg/gradle/launcher/daemon/server/api/DaemonCommandExecution;)V+49
j  org.gradle.launcher.daemon.server.api.DaemonCommandExecution.proceed()Z+23
j  org.gradle.launcher.daemon.server.exec.WatchForDisconnection.execute(Lorg/gradle/launcher/daemon/server/api/DaemonCommandExecution;)V+19
j  org.gradle.launcher.daemon.server.api.DaemonCommandExecution.proceed()Z+23
j  org.gradle.launcher.daemon.server.exec.ResetDeprecationLogger.execute(Lorg/gradle/launcher/daemon/server/api/DaemonCommandExecution;)V+7
j  org.gradle.launcher.daemon.server.api.DaemonCommandExecution.proceed()Z+23
j  org.gradle.launcher.daemon.server.exec.RequestStopIfSingleUsedDaemon.execute(Lorg/gradle/launcher/daemon/server/api/DaemonCommandExecution;)V+33
j  org.gradle.launcher.daemon.server.api.DaemonCommandExecution.proceed()Z+23
j  org.gradle.launcher.daemon.server.exec.ForwardClientInput.lambda$execute$0(Lorg/gradle/launcher/daemon/server/api/DaemonCommandExecution;Lorg/gradle/internal/daemon/clientinput/StdinHandler;)Ljava/lang/Object;+11
j  org.gradle.launcher.daemon.server.exec.ForwardClientInput$$Lambda+0x000001fb2d18eff8.apply(Ljava/lang/Object;)Ljava/lang/Object;+8
j  org.gradle.internal.daemon.clientinput.ClientInputForwarder.forwardInput(Ljava/util/function/Function;)Ljava/lang/Object;+46
j  org.gradle.launcher.daemon.server.exec.ForwardClientInput.execute(Lorg/gradle/launcher/daemon/server/api/DaemonCommandExecution;)V+10
j  org.gradle.launcher.daemon.server.api.DaemonCommandExecution.proceed()Z+23
j  org.gradle.launcher.daemon.server.exec.LogAndCheckHealth.execute(Lorg/gradle/launcher/daemon/server/api/DaemonCommandExecution;)V+51
j  org.gradle.launcher.daemon.server.api.DaemonCommandExecution.proceed()Z+23
j  org.gradle.launcher.daemon.server.exec.LogToClient.doBuild(Lorg/gradle/launcher/daemon/server/api/DaemonCommandExecution;Lorg/gradle/launcher/daemon/protocol/Build;)V+87
j  org.gradle.launcher.daemon.server.exec.BuildCommandOnly.execute(Lorg/gradle/launcher/daemon/server/api/DaemonCommandExecution;)V+49
j  org.gradle.launcher.daemon.server.api.DaemonCommandExecution.proceed()Z+23
j  org.gradle.launcher.daemon.server.exec.EstablishBuildEnvironment.doBuild(Lorg/gradle/launcher/daemon/server/api/DaemonCommandExecution;Lorg/gradle/launcher/daemon/protocol/Build;)V+356
j  org.gradle.launcher.daemon.server.exec.BuildCommandOnly.execute(Lorg/gradle/launcher/daemon/server/api/DaemonCommandExecution;)V+49
j  org.gradle.launcher.daemon.server.api.DaemonCommandExecution.proceed()Z+23
j  org.gradle.launcher.daemon.server.exec.StartBuildOrRespondWithBusy$1.run()V+44
j  org.gradle.launcher.daemon.server.DaemonStateCoordinator.lambda$runCommand$0(Ljava/lang/Runnable;)V+1
j  org.gradle.launcher.daemon.server.DaemonStateCoordinator$$Lambda+0x000001fb2d18b968.run()V+8
j  org.gradle.internal.concurrent.ExecutorPolicy$CatchAndRecordFailures.onExecute(Ljava/lang/Runnable;)V+1
j  org.gradle.internal.concurrent.AbstractManagedExecutor$1.run()V+25
j  java.util.concurrent.ThreadPoolExecutor.runWorker(Ljava/util/concurrent/ThreadPoolExecutor$Worker;)V+92 java.base@21.0.12.1
j  java.util.concurrent.ThreadPoolExecutor$Worker.run()V+5 java.base@21.0.12.1
j  java.lang.Thread.runWith(Ljava/lang/Object;Ljava/lang/Runnable;)V+5 java.base@21.0.12.1
j  java.lang.Thread.run()V+19 java.base@21.0.12.1
v  ~StubRoutines::call_stub 0x000001fb1d80100d

Compiled method (n/a) 49610 1828     n 0       java.lang.ClassLoader::defineClass0 (native)
 total in heap  [0x000001fb1de5e610,0x000001fb1de5ebd0] = 1472
 relocation     [0x000001fb1de5e770,0x000001fb1de5e7a8] = 56
 main code      [0x000001fb1de5e7c0,0x000001fb1de5ebcc] = 1036
 stub code      [0x000001fb1de5ebcc,0x000001fb1de5ebd0] = 4

[Constant Pool (empty)]

[MachCode]
[Entry Point]
  # {method} {0x000001fb2c434610} 'defineClass0' '(Ljava/lang/ClassLoader;Ljava/lang/Class;Ljava/lang/String;[BIILjava/security/ProtectionDomain;ZILjava/lang/Object;)Ljava/lang/Class;' in 'java/lang/ClassLoader'
  # parm0:    rdx:rdx   = 'java/lang/ClassLoader'
  # parm1:    r8:r8     = 'java/lang/Class'
  # parm2:    r9:r9     = 'java/lang/String'
  # parm3:    rdi:rdi   = '[B'
  # parm4:    rsi       = int
  # parm5:    rcx       = int
  # parm6:    [sp+0xb0]   = 'java/security/ProtectionDomain'  (sp of caller)
  # parm7:    [sp+0xb8]   = boolean
  # parm8:    [sp+0xc0]   = int
  # parm9:    [sp+0xc8]   = 'java/lang/Object'
  0x000001fb1de5e7c0: 448b 5208 | 49bb 0000 | 002c fb01 | 0000 4d03 | d349 3bc2 | 0f84 0600 

  0x000001fb1de5e7d8: ;   {runtime_call ic_miss_stub}
  0x000001fb1de5e7d8: 0000 e9a1 | ff9e ff90 
[Verified Entry Point]
  0x000001fb1de5e7e0: 8984 2400 | 80ff ff55 | 488b ec48 | 81ec a000 | 0000 6690 | 4181 7f20 | 0700 0000 

  0x000001fb1de5e7fc: ;   {runtime_call StubRoutines (final stubs)}
  0x000001fb1de5e7fc: 7405 e89d | 7c9d ff48 | 837d 2800 | 488d 4528 | 480f 4445 | 2848 8944 | 2458 4863 | 4520 4889 
  0x000001fb1de5e81c: 4424 5048 | 6345 1848 | 8944 2448 | 4883 7d10 | 0048 8d45 | 1048 0f44 | 4510 4889 | 4424 4048 
  0x000001fb1de5e83c: 894c 2438 | 4889 7424 | 3048 897c | 2478 4883 | ff00 488d | 4424 7848 | 0f44 4424 | 7848 8944 
  0x000001fb1de5e85c: 2428 4c89 | 4c24 7049 | 83f9 0048 | 8d44 2470 | 480f 4444 | 2470 4889 | 4424 204c | 8944 2468 
  0x000001fb1de5e87c: 4983 f800 | 4c8d 4c24 | 684c 0f44 | 4c24 6848 | 8954 2460 | 4883 fa00 | 4c8d 4424 | 604c 0f44 
  0x000001fb1de5e89c: ;   {oop(a 'java/lang/Class'{0x00000000801a6b28} = 'java/lang/ClassLoader')}
  0x000001fb1de5e89c: 4424 6049 | be28 6b1a | 8000 0000 | 004c 89b4 | 2490 0000 | 004c 8db4 | 2490 0000 | 0049 8bd6 
  0x000001fb1de5e8bc: ;   {internal_word}
  0x000001fb1de5e8bc: c5f8 7749 | babc e8e5 | 1dfb 0100 | 004d 8997 | a803 0000 | 4989 a7a0 

  0x000001fb1de5e8d4: ;   {external_word}
  0x000001fb1de5e8d4: 0300 0049 | ba06 6dd8 | 95ff 7f00 | 0041 803a | 000f 844e | 0000 0052 | 4150 4151 

  0x000001fb1de5e8f0: ;   {metadata({method} {0x000001fb2c434610} 'defineClass0' '(Ljava/lang/ClassLoader;Ljava/lang/Class;Ljava/lang/String;[BIILjava/security/ProtectionDomain;ZILjava/lang/Object;)Ljava/lang/Class;' in 'java/lang/ClassLoader')}
  0x000001fb1de5e8f0: 48ba 0846 | 432c fb01 | 0000 498b | cf48 83ec | 2040 f6c4 | 0f0f 8419 | 0000 0048 

  0x000001fb1de5e90c: ;   {runtime_call}
  0x000001fb1de5e90c: 83ec 0848 | b8e0 ea81 | 95ff 7f00 | 00ff d048 | 83c4 08e9 | 0c00 0000 

  0x000001fb1de5e924: ;   {runtime_call}
  0x000001fb1de5e924: 48b8 e0ea | 8195 ff7f | 0000 ffd0 | 4883 c420 | 4159 4158 | 5a49 8d8f | c003 0000 | 41c7 874c 
  0x000001fb1de5e944: 0400 0004 

  0x000001fb1de5e948: ;   {runtime_call}
  0x000001fb1de5e948: 0000 0048 | b81c 15b3 | 01f8 7f00 | 00ff d0c5 | f877 41c7 | 874c 0400 | 0005 0000 | 00f0 8344 
  0x000001fb1de5e968: 24c0 0049 | 3baf 5004 | 0000 0f87 | 0e00 0000 | 4183 bf48 | 0400 0000 | 0f84 2b00 | 0000 c5f8 
  0x000001fb1de5e988: 7748 8945 | f849 8bcf | 4c8b e448 | 83ec 2048 

  0x000001fb1de5e998: ;   {runtime_call}
  0x000001fb1de5e998: 83e4 f048 | b800 584d | 95ff 7f00 | 00ff d049 | 8be4 4d33 | e448 8b45 | f841 c787 | 4c04 0000 
  0x000001fb1de5e9b8: 0800 0000 | 4183 bfc8 | 0400 0002 | 0f84 d501 

  0x000001fb1de5e9c8: ;   {external_word}
  0x000001fb1de5e9c8: 0000 49ba | 066d d895 | ff7f 0000 | 4180 3a00 | 0f84 4c00 | 0000 4889 

  0x000001fb1de5e9e0: ;   {metadata({method} {0x000001fb2c434610} 'defineClass0' '(Ljava/lang/ClassLoader;Ljava/lang/Class;Ljava/lang/String;[BIILjava/security/ProtectionDomain;ZILjava/lang/Object;)Ljava/lang/Class;' in 'java/lang/ClassLoader')}
  0x000001fb1de5e9e0: 45f8 48ba | 0846 432c | fb01 0000 | 498b cf48 | 83ec 2040 | f6c4 0f0f | 8419 0000 | 0048 83ec 
  0x000001fb1de5ea00: ;   {runtime_call}
  0x000001fb1de5ea00: 0848 b8e0 | ea81 95ff | 7f00 00ff | d048 83c4 | 08e9 0c00 

  0x000001fb1de5ea14: ;   {runtime_call}
  0x000001fb1de5ea14: 0000 48b8 | e0ea 8195 | ff7f 0000 | ffd0 4883 | c420 488b | 45f8 49c7 | 87a0 0300 | 0000 0000 
  0x000001fb1de5ea34: 0049 c787 | a803 0000 | 0000 0000 | c5f8 7748 | 85c0 0f84 | 3001 0000 | a803 0f85 | 0800 0000 
  0x000001fb1de5ea54: 488b 00e9 | 2001 0000 | a801 0f85 | 0900 0000 | 488b 40fe | e90f 0100 | 0048 8b40 | ff41 807f 
  0x000001fb1de5ea74: 4000 0f84 | 0001 0000 | 4883 f800 | 0f84 f600 | 0000 498b | 4f28 4883 | f900 0f84 | 1400 0000 
  0x000001fb1de5ea94: 4883 e908 | 4989 4f28 | 4903 4f38 | 4889 01e9 | d400 0000 | 4883 ec70 | 4889 0424 | 4889 4c24 
  0x000001fb1de5eab4: 0848 8954 | 2410 4c89 | 4424 184c | 894c 2420 | 4c89 5424 | 284c 895c | 2430 c5fb | 1144 2440 
  0x000001fb1de5ead4: c5fb 114c | 2448 c5fb | 1154 2450 | c5fb 115c | 2458 c5fb | 1164 2460 | c5fb 116c | 2468 498b 
  0x000001fb1de5eaf4: d748 8bc8 | 4883 ec20 | 40f6 c40f | 0f84 1900 | 0000 4883 

  0x000001fb1de5eb08: ;   {runtime_call}
  0x000001fb1de5eb08: ec08 48b8 | 20a4 4095 | ff7f 0000 | ffd0 4883 | c408 e90c 

  0x000001fb1de5eb1c: ;   {runtime_call}
  0x000001fb1de5eb1c: 0000 0048 | b820 a440 | 95ff 7f00 | 00ff d048 | 83c4 20c5 | fb10 6c24 | 68c5 fb10 | 6424 60c5 
  0x000001fb1de5eb3c: fb10 5c24 | 58c5 fb10 | 5424 50c5 | fb10 4c24 | 48c5 fb10 | 4424 404c | 8b5c 2430 | 4c8b 5424 
  0x000001fb1de5eb5c: 284c 8b4c | 2420 4c8b | 4424 1848 | 8b54 2410 | 488b 4c24 | 0848 8b04 | 2448 83c4 | 70c5 f877 
  0x000001fb1de5eb7c: 498b 8f30 | 0400 00c7 | 8100 0100 | 0000 0000 | 00c9 4983 | 7f08 000f | 8501 0000 

  0x000001fb1de5eb98: ;   {runtime_call StubRoutines (initial stubs)}
  0x000001fb1de5eb98: 00c3 e961 | 239a ffc5 | f877 4889 | 45f8 4c8b | e448 83ec | 2048 83e4 

  0x000001fb1de5ebb0: ;   {runtime_call}
  0x000001fb1de5ebb0: f048 b830 | 2282 95ff | 7f00 00ff | d049 8be4 | 4d33 e448 | 8b45 f8e9 | fefd ffff 
[Stub Code]
  0x000001fb1de5ebcc: f4f4 f4f4 
[/MachCode]


Compiled method (c1) 49849 2742       3       java.lang.System$2::defineClass (21 bytes)
 total in heap  [0x000001fb16018990,0x000001fb16018d70] = 992
 relocation     [0x000001fb16018af0,0x000001fb16018b30] = 64
 main code      [0x000001fb16018b40,0x000001fb16018c78] = 312
 stub code      [0x000001fb16018c78,0x000001fb16018cb8] = 64
 metadata       [0x000001fb16018cb8,0x000001fb16018cc0] = 8
 scopes data    [0x000001fb16018cc0,0x000001fb16018d08] = 72
 scopes pcs     [0x000001fb16018d08,0x000001fb16018d58] = 80
 dependencies   [0x000001fb16018d58,0x000001fb16018d60] = 8
 nul chk table  [0x000001fb16018d60,0x000001fb16018d70] = 16

[Constant Pool (empty)]

[MachCode]
[Entry Point]
  # {method} {0x000001fb2c019588} 'defineClass' '(Ljava/lang/ClassLoader;Ljava/lang/Class;Ljava/lang/String;[BLjava/security/ProtectionDomain;ZILjava/lang/Object;)Ljava/lang/Class;' in 'java/lang/System$2'
  # this:     rdx:rdx   = 'java/lang/System$2'
  # parm0:    r8:r8     = 'java/lang/ClassLoader'
  # parm1:    r9:r9     = 'java/lang/Class'
  # parm2:    rdi:rdi   = 'java/lang/String'
  # parm3:    rsi:rsi   = '[B'
  # parm4:    rcx:rcx   = 'java/security/ProtectionDomain'
  # parm5:    [sp+0x70]   = boolean  (sp of caller)
  # parm6:    [sp+0x78]   = int
  # parm7:    [sp+0x80]   = 'java/lang/Object'
  0x000001fb16018b40: 448b 5208 | 49bb 0000 | 002c fb01 | 0000 4d03 | d34c 3bd0 

  0x000001fb16018b54: ;   {runtime_call ic_miss_stub}
  0x000001fb16018b54: 0f85 265c | 8307 660f | 1f44 0000 
[Verified Entry Point]
  0x000001fb16018b60: 8984 2400 | 80ff ff55 | 4883 ec60 | 4181 7f20 | 0700 0000 

  0x000001fb16018b74: ;   {runtime_call StubRoutines (final stubs)}
  0x000001fb16018b74: 7405 e825 | d981 0748 

  0x000001fb16018b7c: ;   {metadata(method data for {method} {0x000001fb2c019588} 'defineClass' '(Ljava/lang/ClassLoader;Ljava/lang/Class;Ljava/lang/String;[BLjava/security/ProtectionDomain;ZILjava/lang/Object;)Ljava/lang/Class;' in 'java/lang/System$2')}
  0x000001fb16018b7c: 8bd9 48b9 | 8054 8c47 | fb01 0000 | 8b81 cc00 | 0000 83c0 | 0289 81cc | 0000 0025 | fe07 0000 
  0x000001fb16018b9c: 85c0 0f84 | 6b00 0000 | 4c8b ac24 | 8000 0000 | 448b 5c24 | 788b 4424 | 708b 4e0c 

  0x000001fb16018bb8: ;   {metadata(method data for {method} {0x000001fb2c019588} 'defineClass' '(Ljava/lang/ClassLoader;Ljava/lang/Class;Ljava/lang/String;[BLjava/security/ProtectionDomain;ZILjava/lang/Object;)Ljava/lang/Class;' in 'java/lang/System$2')}
  0x000001fb16018bb8: 48ba 8054 | 8c47 fb01 | 0000 4883 | 8210 0100 | 0001 498b | d04d 8bc1 | 4c8b cf48 | 8bfe be00 
  0x000001fb16018bd8: 0000 0048 | 891c 2489 | 4424 0844 | 895c 2410 | 4c89 6c24 

  0x000001fb16018bec: ;   {static_call}
  0x000001fb16018bec: 1866 90e8 

  0x000001fb16018bf0: ; ImmutableOopMap {}
                      ;*invokestatic defineClass0 {reexecute=0 rethrow=0 return_oop=0}
                      ; - java.lang.System$2::defineClass@17
  0x000001fb16018bf0: ec5b e407 

  0x000001fb16018bf4: ;   {other}
  0x000001fb16018bf4: 0f1f 8400 | 6402 0000 | 4883 c460 

  0x000001fb16018c00: ;   {poll_return}
  0x000001fb16018c00: 5d49 3ba7 | 5004 0000 | 0f87 2700 

  0x000001fb16018c0c: ;   {metadata({method} {0x000001fb2c019588} 'defineClass' '(Ljava/lang/ClassLoader;Ljava/lang/Class;Ljava/lang/String;[BLjava/security/ProtectionDomain;ZILjava/lang/Object;)Ljava/lang/Class;' in 'java/lang/System$2')}
  0x000001fb16018c0c: 0000 c349 | ba80 9501 | 2cfb 0100 | 004c 8954 | 2408 48c7 | 0424 ffff 

  0x000001fb16018c24: ;   {runtime_call counter_overflow Runtime1 stub}
  0x000001fb16018c24: ffff e855 

  0x000001fb16018c28: ; ImmutableOopMap {rdx=Oop r8=Oop r9=Oop rdi=Oop rsi=Oop rbx=Oop [128]=Oop }
                      ;*synchronization entry
                      ; - java.lang.System$2::defineClass@-1
  0x000001fb16018c28: a790 07e9 | 74ff ffff 

  0x000001fb16018c30: ;   {runtime_call throw_null_pointer_exception Runtime1 stub}
  0x000001fb16018c30: e84b 5690 

  0x000001fb16018c34: ; ImmutableOopMap {r8=Oop r9=Oop rdi=Oop rsi=Oop rbx=Oop r13=Oop [128]=Oop }
                      ;*arraylength {reexecute=0 rethrow=0 return_oop=0}
                      ; - java.lang.System$2::defineClass@8
                      ;   {internal_word}
  0x000001fb16018c34: 0749 ba01 | 8c01 16fb | 0100 004d | 8997 6804 

  0x000001fb16018c44: ;   {runtime_call SafepointBlob}
  0x000001fb16018c44: 0000 e935 | c883 0749 | 8b87 0005 | 0000 49c7 | 8700 0500 | 0000 0000 | 0049 c787 | 0805 0000 
  0x000001fb16018c64: 0000 0000 | 4883 c460 

  0x000001fb16018c6c: ;   {runtime_call unwind_exception Runtime1 stub}
  0x000001fb16018c6c: 5de9 0e47 | 9007 f4f4 | f4f4 f4f4 
[Stub Code]
  0x000001fb16018c78: ;   {no_reloc}
  0x000001fb16018c78: 48bb 0000 | 0000 0000 

  0x000001fb16018c80: ;   {runtime_call nmethod}
  0x000001fb16018c80: 0000 e9fb 

  0x000001fb16018c84: ;   {runtime_call handle_exception_from_callee Runtime1 stub}
  0x000001fb16018c84: ffff ffe8 | f473 9007 

  0x000001fb16018c8c: ;   {external_word}
  0x000001fb16018c8c: 48b9 5063 | ae95 ff7f | 0000 4883 

  0x000001fb16018c98: ;   {runtime_call}
  0x000001fb16018c98: e4f0 48b8 | c0c9 7095 | ff7f 0000 

  0x000001fb16018ca4: ;   {section_word}
  0x000001fb16018ca4: ffd0 f449 | baa7 8c01 | 16fb 0100 

  0x000001fb16018cb0: ;   {runtime_call DeoptimizationBlob}
  0x000001fb16018cb0: 0041 52e9 | 68ba 8307 
[/MachCode]


Compiled method (c1) 49864 2741   !   3       java.lang.invoke.MethodHandles$Lookup$ClassDefiner::defineClass (213 bytes)
 total in heap  [0x000001fb16017710,0x000001fb16018970] = 4704
 relocation     [0x000001fb16017870,0x000001fb16017990] = 288
 main code      [0x000001fb160179a0,0x000001fb16018408] = 2664
 stub code      [0x000001fb16018408,0x000001fb16018480] = 120
 metadata       [0x000001fb16018480,0x000001fb160184f0] = 112
 scopes data    [0x000001fb160184f0,0x000001fb16018708] = 536
 scopes pcs     [0x000001fb16018708,0x000001fb160188c8] = 448
 dependencies   [0x000001fb160188c8,0x000001fb160188e0] = 24
 handler table  [0x000001fb160188e0,0x000001fb16018928] = 72
 nul chk table  [0x000001fb16018928,0x000001fb16018970] = 72

[Constant Pool (empty)]

[MachCode]
[Entry Point]
  # {method} {0x000001fb2c1eae68} 'defineClass' '(ZLjava/lang/Object;)Ljava/lang/Class;' in 'java/lang/invoke/MethodHandles$Lookup$ClassDefiner'
  # this:     rdx:rdx   = 'java/lang/invoke/MethodHandles$Lookup$ClassDefiner'
  # parm0:    r8        = boolean
  # parm1:    r9:r9     = 'java/lang/Object'
  #           [sp+0xf0]  (sp of caller)
  0x000001fb160179a0: 448b 5208 | 49bb 0000 | 002c fb01 | 0000 4d03 | d34c 3bd0 

  0x000001fb160179b4: ;   {runtime_call ic_miss_stub}
  0x000001fb160179b4: 0f85 c66d | 8307 660f | 1f44 0000 
[Verified Entry Point]
  0x000001fb160179c0: 8984 2400 | 80ff ff55 | 4881 ece0 | 0000 0090 | 4181 7f20 | 0700 0000 

  0x000001fb160179d8: ;   {runtime_call StubRoutines (final stubs)}
  0x000001fb160179d8: 7405 e8c1 | ea81 0748 | 8994 2498 | 0000 0044 | 8984 24b0 | 0000 004c | 898c 24b8 

  0x000001fb160179f4: ;   {metadata(method data for {method} {0x000001fb2c1eae68} 'defineClass' '(ZLjava/lang/Object;)Ljava/lang/Class;' in 'java/lang/invoke/MethodHandles$Lookup$ClassDefiner')}
  0x000001fb160179f4: 0000 0048 | be58 498c | 47fb 0100 | 008b becc | 0000 0083 | c702 89be | cc00 0000 | 81e7 fe07 
  0x000001fb16017a14: 0000 85ff | 0f84 6b07 | 0000 8b72 | 1048 89b4 | 2490 0000 | 0048 3b06 

  0x000001fb16017a2c: ;   {metadata(method data for {method} {0x000001fb2c1eae68} 'defineClass' '(ZLjava/lang/Object;)Ljava/lang/Class;' in 'java/lang/invoke/MethodHandles$Lookup$ClassDefiner')}
  0x000001fb16017a2c: 488b fe48 | bb58 498c | 47fb 0100 | 0048 8383 | 1001 0000 | 018b 7e10 | 4889 bc24 | a800 0000 
  0x000001fb16017a4c: ; implicit exception: dispatches to 0x000001fb160181af
  0x000001fb16017a4c: 483b 0748 

  0x000001fb16017a50: ;   {metadata(method data for {method} {0x000001fb2c1eae68} 'defineClass' '(ZLjava/lang/Object;)Ljava/lang/Class;' in 'java/lang/invoke/MethodHandles$Lookup$ClassDefiner')}
  0x000001fb16017a50: 8bdf 48b8 | 5849 8c47 | fb01 0000 | 4883 8048 | 0100 0001 

  0x000001fb16017a64: ;   {metadata(method data for {method} {0x000001fb2c468e60} 'getClassLoader' '()Ljava/lang/ClassLoader;' in 'java/lang/Class')}
  0x000001fb16017a64: 48bb c0f9 | 0147 fb01 | 0000 8b83 | cc00 0000 | 83c0 0289 | 83cc 0000 | 0025 feff | 1f00 85c0 
  0x000001fb16017a84: 0f84 2a07 | 0000 8b5f | 3448 85db 

  0x000001fb16017a90: ;   {metadata(method data for {method} {0x000001fb2c468e60} 'getClassLoader' '()Ljava/lang/ClassLoader;' in 'java/lang/Class')}
  0x000001fb16017a90: 48b8 c0f9 | 0147 fb01 | 0000 48c7 | c110 0100 | 0075 0748 | c7c1 2001 | 0000 4c8b | 1c08 4d8d 
  0x000001fb16017ab0: 5b01 4c89 | 1c08 0f85 | 0f00 0000 

  0x000001fb16017abc: ;   {oop(nullptr)}
  0x000001fb16017abc: 48bb 0000 | 0000 0000 | 0000 e9a2 

  0x000001fb16017ac8: ;   {metadata(method data for {method} {0x000001fb2c468e60} 'getClassLoader' '()Ljava/lang/ClassLoader;' in 'java/lang/Class')}
  0x000001fb16017ac8: 0000 0048 | b8c0 f901 | 47fb 0100 | 0048 8380 | 3001 0000 

  0x000001fb16017adc: ;   {metadata(method data for {method} {0x000001fb2c01b1d0} 'getSecurityManager' '()Ljava/lang/SecurityManager;' in 'java/lang/System')}
  0x000001fb16017adc: 0148 b880 | fb01 47fb | 0100 008b | 88cc 0000 | 0083 c102 | 8988 cc00 | 0000 81e1 | feff 1f00 
  0x000001fb16017afc: 85c9 0f84 | d106 0000 

  0x000001fb16017b04: ;   {metadata(method data for {method} {0x000001fb2c01b1d0} 'getSecurityManager' '()Ljava/lang/SecurityManager;' in 'java/lang/System')}
  0x000001fb16017b04: 48b8 80fb | 0147 fb01 | 0000 4883 | 8010 0100 

  0x000001fb16017b14: ;   {metadata(method data for {method} {0x000001fb2c01b2e8} 'allowSecurityManager' '()Z' in 'java/lang/System')}
  0x000001fb16017b14: 0001 48b8 | f8fc 0147 | fb01 0000 | 8b88 cc00 | 0000 83c1 | 0289 88cc | 0000 0081 | e1fe ff1f 
  0x000001fb16017b34: 0085 c90f | 84b9 0600 

  0x000001fb16017b3c: ;   {metadata(method data for {method} {0x000001fb2c01b2e8} 'allowSecurityManager' '()Z' in 'java/lang/System')}
  0x000001fb16017b3c: 0048 b8f8 | fc01 47fb | 0100 00ff | 8010 0100 

  0x000001fb16017b4c: ;   {metadata(method data for {method} {0x000001fb2c01b1d0} 'getSecurityManager' '()Ljava/lang/SecurityManager;' in 'java/lang/System')}
  0x000001fb16017b4c: 0048 b880 | fb01 47fb | 0100 00ff | 8020 0100 

  0x000001fb16017b5c: ;   {metadata(method data for {method} {0x000001fb2c468e60} 'getClassLoader' '()Ljava/lang/ClassLoader;' in 'java/lang/Class')}
  0x000001fb16017b5c: 0048 b8c0 | f901 47fb | 0100 00ff | 8040 0100 | 0048 85db 

  0x000001fb16017b70: ;   {metadata(method data for {method} {0x000001fb2c1eae68} 'defineClass' '(ZLjava/lang/Object;)Ljava/lang/Class;' in 'java/lang/invoke/MethodHandles$Lookup$ClassDefiner')}
  0x000001fb16017b70: 48b8 5849 | 8c47 fb01 | 0000 48c7 | c180 0100 | 0074 0748 | c7c1 9001 | 0000 4c8b | 1c08 4d8d 
  0x000001fb16017b90: 5b01 4c89 | 1c08 0f84 | 4b02 0000 

  0x000001fb16017b9c: ;   {metadata(method data for {method} {0x000001fb2c1eae68} 'defineClass' '(ZLjava/lang/Object;)Ljava/lang/Class;' in 'java/lang/invoke/MethodHandles$Lookup$ClassDefiner')}
  0x000001fb16017b9c: 488b c648 | b958 498c | 47fb 0100 | 0048 8381 | a001 0000 

  0x000001fb16017bb0: ;   {metadata(method data for {method} {0x000001fb2c3e0578} 'lookupClassProtectionDomain' '()Ljava/security/ProtectionDomain;' in 'java/lang/invoke/MethodHandles$Lookup')}
  0x000001fb16017bb0: 0148 b890 | 4f8c 47fb | 0100 008b | 88cc 0000 | 0083 c102 | 8988 cc00 | 0000 81e1 | feff 1f00 
  0x000001fb16017bd0: 85c9 0f84 | 3f06 0000 | 8b46 1848 

  0x000001fb16017bdc: ;   {metadata(method data for {method} {0x000001fb2c3e0578} 'lookupClassProtectionDomain' '()Ljava/security/ProtectionDomain;' in 'java/lang/invoke/MethodHandles$Lookup')}
  0x000001fb16017bdc: 85c0 48b9 | 904f 8c47 | fb01 0000 | 49c7 c310 | 0100 0075 | 0749 c7c3 | 2001 0000 | 4e8b 2c19 
  0x000001fb16017bfc: 4d8d 6d01 | 4e89 2c19 | 4889 9c24 | a000 0000 | 0f85 bf01 

  0x000001fb16017c10: ;   {metadata(method data for {method} {0x000001fb2c3e0578} 'lookupClassProtectionDomain' '()Ljava/security/ProtectionDomain;' in 'java/lang/invoke/MethodHandles$Lookup')}
  0x000001fb16017c10: 0000 48b8 | 904f 8c47 | fb01 0000 | 4883 8030 | 0100 0001 

  0x000001fb16017c24: ;   {metadata(method data for {method} {0x000001fb2c473b88} 'getJavaLangAccess' '()Ljdk/internal/access/JavaLangAccess;' in 'jdk/internal/access/SharedSecrets')}
  0x000001fb16017c24: 48b8 b8d5 | 1747 fb01 | 0000 8b88 | cc00 0000 | 83c1 0289 | 88cc 0000 | 0081 e1fe | ff1f 0085 
  0x000001fb16017c44: c90f 84ed 

  0x000001fb16017c48: ;   {oop(a 'java/lang/Class'{0x0000000080063c78} = 'jdk/internal/access/SharedSecrets')}
  0x000001fb16017c48: 0500 0048 | b878 3c06 | 8000 0000 | 008b 407c | 8b4e 1048 | 85c0 0f84 | 2a00 0000 

  0x000001fb16017c64: ;   {metadata('java/lang/System$2')}
  0x000001fb16017c64: 48be 6082 | 012c fb01 | 0000 448b | 7008 49ba | 0000 002c | fb01 0000 | 4d03 f249 | 3b76 380f 
  0x000001fb16017c84: 85d0 0500 | 00e9 0000 | 0000 4c8b | d848 3b00 

  0x000001fb16017c94: ;   {metadata(method data for {method} {0x000001fb2c3e0578} 'lookupClassProtectionDomain' '()Ljava/security/ProtectionDomain;' in 'java/lang/invoke/MethodHandles$Lookup')}
  0x000001fb16017c94: 48be 904f | 8c47 fb01 

  0x000001fb16017c9c: ;   {metadata('java/lang/System$2')}
  0x000001fb16017c9c: 0000 49ba | 6082 012c | fb01 0000 | 4c89 9650 | 0100 0048 | 8386 5801 

  0x000001fb16017cb4: ;   {metadata(method data for {method} {0x000001fb2c0192c8} 'protectionDomain' '(Ljava/lang/Class;)Ljava/security/ProtectionDomain;' in 'java/lang/System$2')}
  0x000001fb16017cb4: 0000 0148 | be48 518c | 47fb 0100 | 008b 86cc | 0000 0083 | c002 8986 | cc00 0000 | 25fe ff1f 
  0x000001fb16017cd4: 0085 c00f | 8486 0500 | 0048 3b01 

  0x000001fb16017ce0: ;   {metadata(method data for {method} {0x000001fb2c0192c8} 'protectionDomain' '(Ljava/lang/Class;)Ljava/security/ProtectionDomain;' in 'java/lang/System$2')}
  0x000001fb16017ce0: 488b f148 | b848 518c | 47fb 0100 | 0048 8380 | 1001 0000 

  0x000001fb16017cf4: ;   {metadata(method data for {method} {0x000001fb2c467bb8} 'protectionDomain' '()Ljava/security/ProtectionDomain;' in 'java/lang/Class')}
  0x000001fb16017cf4: 0148 bed8 | 528c 47fb | 0100 008b | 86cc 0000 | 0083 c002 | 8986 cc00 | 0000 25fe | ff1f 0085 
  0x000001fb16017d14: c00f 846e | 0500 0048 

  0x000001fb16017d1c: ;   {metadata(method data for {method} {0x000001fb2c467bb8} 'protectionDomain' '()Ljava/security/ProtectionDomain;' in 'java/lang/Class')}
  0x000001fb16017d1c: 8bf1 48b8 | d852 8c47 | fb01 0000 | 4883 8010 | 0100 0001 | 488b d10f 

  0x000001fb16017d34: ;   {optimized virtual_call}
  0x000001fb16017d34: 1f40 00e8 

  0x000001fb16017d38: ; ImmutableOopMap {[144]=Oop [152]=Oop [160]=Oop [168]=Oop [184]=Oop }
                      ;*invokevirtual getProtectionDomain0 {reexecute=0 rethrow=0 return_oop=0}
                      ; - java.lang.Class::protectionDomain@1
                      ; - java.lang.System$2::protectionDomain@1
                      ; - java.lang.invoke.MethodHandles$Lookup::lookupClassProtectionDomain@17
                      ; - java.lang.invoke.MethodHandles$Lookup$ClassDefiner::defineClass@23
  0x000001fb16017d38: a40a ee07 

  0x000001fb16017d3c: ;   {other}
  0x000001fb16017d3c: 0f1f 8400 | 2c06 0000 

  0x000001fb16017d44: ;   {metadata(method data for {method} {0x000001fb2c467bb8} 'protectionDomain' '()Ljava/security/ProtectionDomain;' in 'java/lang/Class')}
  0x000001fb16017d44: 4885 c049 | b8d8 528c | 47fb 0100 | 0049 c7c1 | 4801 0000 | 7507 49c7 | c158 0100 | 004b 8b3c 
  0x000001fb16017d64: 0848 8d7f | 014b 893c | 080f 8521 | 0000 000f | 1f44 0000 

  0x000001fb16017d78: ;   {no_reloc}
  0x000001fb16017d78: e9a5 0500 | 0000 0000 | 0000 660f | 1f44 0000 

  0x000001fb16017d88: ; implicit exception: dispatches to 0x000001fb1601832c
  0x000001fb16017d88: e9b0 0500 | 0090 90e9 | 0300 0000 | 4c8b c048 | 8bb4 2490 | 0000 0045 | 0fbe 4f40 | 4585 c90f 
  0x000001fb16017da8: 859a 0500 | 004d 8bd0 | 4489 5618 | f083 4424 | c000 4c8b | ce4d 33c8 | 49c1 e914 | 4983 f900 
  0x000001fb16017dc8: 0f85 9505 | 0000 498b 

  0x000001fb16017dd0: ;   {metadata(method data for {method} {0x000001fb2c1eae68} 'defineClass' '(ZLjava/lang/Object;)Ljava/lang/Class;' in 'java/lang/invoke/MethodHandles$Lookup$ClassDefiner')}
  0x000001fb16017dd0: c049 b858 | 498c 47fb | 0100 0041 | ff80 d801 | 0000 e912 | 0000 0048 | 899c 24a0 

  0x000001fb16017dec: ;   {oop(nullptr)}
  0x000001fb16017dec: 0000 0048 | b800 0000 | 0000 0000 | 0048 8b9c | 24a0 0000 | 0048 8bbc | 24a8 0000 | 0048 8b94 
  0x000001fb16017e0c: 2498 0000 

  0x000001fb16017e10: ;   {metadata(method data for {method} {0x000001fb2c1eae68} 'defineClass' '(ZLjava/lang/Object;)Ljava/lang/Class;' in 'java/lang/invoke/MethodHandles$Lookup$ClassDefiner')}
  0x000001fb16017e10: 0049 b858 | 498c 47fb | 0100 0049 | 8380 f001 

  0x000001fb16017e20: ;   {metadata(method data for {method} {0x000001fb2c473b88} 'getJavaLangAccess' '()Ljdk/internal/access/JavaLangAccess;' in 'jdk/internal/access/SharedSecrets')}
  0x000001fb16017e20: 0000 0149 | b8b8 d517 | 47fb 0100 | 0045 8b88 | cc00 0000 | 4183 c102 | 4589 88cc | 0000 0041 
  0x000001fb16017e40: 81e1 feff | 1f00 4585 | c90f 842c 

  0x000001fb16017e4c: ;   {oop(a 'java/lang/Class'{0x0000000080063c78} = 'jdk/internal/access/SharedSecrets')}
  0x000001fb16017e4c: 0500 0049 | b878 3c06 | 8000 0000 | 0045 8b70 | 7c8b 7214 | 8b4a 1844 | 8b4a 0c4d | 85f6 0f84 
  0x000001fb16017e6c: 2a00 0000 

  0x000001fb16017e70: ;   {metadata('java/lang/System$2')}
  0x000001fb16017e70: 49bb 6082 | 012c fb01 | 0000 458b | 6e08 49ba | 0000 002c | fb01 0000 | 4d03 ea4d | 3b5d 380f 
  0x000001fb16017e90: 8507 0500 | 00e9 0000 | 0000 4d8b | c649 3b06 

  0x000001fb16017ea0: ;   {metadata(method data for {method} {0x000001fb2c1eae68} 'defineClass' '(ZLjava/lang/Object;)Ljava/lang/Class;' in 'java/lang/invoke/MethodHandles$Lookup$ClassDefiner')}
  0x000001fb16017ea0: 4d8b c648 | ba58 498c | 47fb 0100 

  0x000001fb16017eac: ;   {metadata('java/lang/System$2')}
  0x000001fb16017eac: 0049 ba60 | 8201 2cfb | 0100 004c | 8992 1002 | 0000 4883 | 8218 0200 | 0001 4c8b | c349 8bd1 
  0x000001fb16017ecc: 4c8b cf48 | 8bfe 488b | f148 8bc8 | 8b84 24b0 | 0000 0089 | 0424 8954 | 2408 488b | 9424 b800 
  0x000001fb16017eec: 0000 4889 | 5424 1049 

  0x000001fb16017ef4: ;   {optimized virtual_call}
  0x000001fb16017ef4: 8bd6 90e8 

  0x000001fb16017ef8: ; ImmutableOopMap {[152]=Oop [168]=Oop }
                      ;*invokeinterface defineClass {reexecute=0 rethrow=0 return_oop=0}
                      ; - java.lang.invoke.MethodHandles$Lookup$ClassDefiner::defineClass@57
  0x000001fb16017ef8: 640c 0000 

  0x000001fb16017efc: ;   {other}
  0x000001fb16017efc: 0f1f 8400 | ec07 0001 

  0x000001fb16017f04: ;   {metadata(method data for {method} {0x000001fb2c1eae68} 'defineClass' '(ZLjava/lang/Object;)Ljava/lang/Class;' in 'java/lang/invoke/MethodHandles$Lookup$ClassDefiner')}
  0x000001fb16017f04: 49b8 5849 | 8c47 fb01 | 0000 41ff | 8038 0200 | 0048 8b94 | 2498 0000 | 008b 721c 

  0x000001fb16017f20: ; implicit exception: dispatches to 0x000001fb160183a6
  0x000001fb16017f20: 483b 064c 

  0x000001fb16017f24: ;   {metadata(method data for {method} {0x000001fb2c1eae68} 'defineClass' '(ZLjava/lang/Object;)Ljava/lang/Class;' in 'java/lang/invoke/MethodHandles$Lookup$ClassDefiner')}
  0x000001fb16017f24: 8bc6 49b9 | 5849 8c47 | fb01 0000 | 4983 8150 | 0300 0001 | 440f be46 | 0c41 83e0 | 0145 85c0 
  0x000001fb16017f44: ;   {metadata(method data for {method} {0x000001fb2c1eae68} 'defineClass' '(ZLjava/lang/Object;)Ljava/lang/Class;' in 'java/lang/invoke/MethodHandles$Lookup$ClassDefiner')}
  0x000001fb16017f44: 49b8 5849 | 8c47 fb01 | 0000 49c7 | c188 0300 | 0074 0749 | c7c1 9803 | 0000 4b8b | 3c08 488d 
  0x000001fb16017f64: 7f01 4b89 | 3c08 0f84 | c401 0000 

  0x000001fb16017f70: ;   {metadata(method data for {method} {0x000001fb2c1eae68} 'defineClass' '(ZLjava/lang/Object;)Ljava/lang/Class;' in 'java/lang/invoke/MethodHandles$Lookup$ClassDefiner')}
  0x000001fb16017f70: 4c8b c249 | b958 498c | 47fb 0100 

  0x000001fb16017f7c: ;   {metadata('java/lang/invoke/MethodHandles$Lookup$ClassDefiner')}
  0x000001fb16017f7c: 0049 ba28 | ac1e 2cfb | 0100 004d | 8991 b803 | 0000 4983 | 81c0 0300 | 0001 8b7a | 1448 85c0 
  0x000001fb16017f9c: ;   {metadata(method data for {method} {0x000001fb2c1eae68} 'defineClass' '(ZLjava/lang/Object;)Ljava/lang/Class;' in 'java/lang/invoke/MethodHandles$Lookup$ClassDefiner')}
  0x000001fb16017f9c: 49b8 5849 | 8c47 fb01 | 0000 49c7 | c1e0 0300 | 0074 0749 | c7c1 f003 | 0000 4b8b | 1c08 488d 
  0x000001fb16017fbc: 5b01 4b89 | 1c08 0f84 | 2b01 0000 | e9bd 0000 | 0048 8b94 | 2498 0000 | 0049 8b87 | 0005 0000 
  0x000001fb16017fdc: 4d33 d24d | 8997 0005 | 0000 4d33 | d24d 8997 | 0805 0000 | 8b72 1c48 | 3b06 4c8b 

  0x000001fb16017ff8: ;   {metadata(method data for {method} {0x000001fb2c1eae68} 'defineClass' '(ZLjava/lang/Object;)Ljava/lang/Class;' in 'java/lang/invoke/MethodHandles$Lookup$ClassDefiner')}
  0x000001fb16017ff8: c649 b958 | 498c 47fb | 0100 0049 | 8381 8804 | 0000 0144 | 0fbe 460c | 4183 e001 

  0x000001fb16018014: ;   {metadata(method data for {method} {0x000001fb2c1eae68} 'defineClass' '(ZLjava/lang/Object;)Ljava/lang/Class;' in 'java/lang/invoke/MethodHandles$Lookup$ClassDefiner')}
  0x000001fb16018014: 4585 c049 | b858 498c | 47fb 0100 | 0049 c7c1 | c004 0000 | 7407 49c7 | c1d0 0400 | 004b 8b3c 
  0x000001fb16018034: 0848 8d7f | 014b 893c | 080f 8441 | 0100 004c 

  0x000001fb16018044: ;   {metadata(method data for {method} {0x000001fb2c1eae68} 'defineClass' '(ZLjava/lang/Object;)Ljava/lang/Class;' in 'java/lang/invoke/MethodHandles$Lookup$ClassDefiner')}
  0x000001fb16018044: 8bc2 49b9 | 5849 8c47 | fb01 0000 

  0x000001fb16018050: ;   {metadata('java/lang/invoke/MethodHandles$Lookup$ClassDefiner')}
  0x000001fb16018050: 49ba 28ac | 1e2c fb01 | 0000 4d89 | 91f0 0400 | 0049 8381 | f804 0000 | 018b 7a14 

  0x000001fb1601806c: ;   {metadata(method data for {method} {0x000001fb2c1eae68} 'defineClass' '(ZLjava/lang/Object;)Ljava/lang/Class;' in 'java/lang/invoke/MethodHandles$Lookup$ClassDefiner')}
  0x000001fb1601806c: 49b8 5849 | 8c47 fb01 | 0000 41ff | 8018 0500 | 0048 8984 | 24c8 0000 | 00e9 c000 | 0000 8b52 
  0x000001fb1601808c: 184c 8bc6 

  0x000001fb16018090: ;   {metadata(method data for {method} {0x000001fb2c1eae68} 'defineClass' '(ZLjava/lang/Object;)Ljava/lang/Class;' in 'java/lang/invoke/MethodHandles$Lookup$ClassDefiner')}
  0x000001fb16018090: 49b9 5849 | 8c47 fb01 | 0000 4983 | 8100 0400 | 0001 4c8b | c74c 8bc8 | 488b fa48 | 8bd6 4889 
  0x000001fb160180b0: 8424 c000 

  0x000001fb160180b4: ;   {optimized virtual_call}
  0x000001fb160180b4: 0000 90e8 

  0x000001fb160180b8: ; ImmutableOopMap {[192]=Oop }
                      ;*invokevirtual dumpClass {reexecute=0 rethrow=0 return_oop=0}
                      ; - java.lang.invoke.MethodHandles$Lookup$ClassDefiner::defineClass@134
  0x000001fb160180b8: c469 8307 

  0x000001fb160180bc: ;   {other}
  0x000001fb160180bc: 0f1f 8400 | ac09 0002 

  0x000001fb160180c4: ;   {metadata(method data for {method} {0x000001fb2c1eae68} 'defineClass' '(ZLjava/lang/Object;)Ljava/lang/Class;' in 'java/lang/invoke/MethodHandles$Lookup$ClassDefiner')}
  0x000001fb160180c4: 49b8 5849 | 8c47 fb01 | 0000 41ff | 8038 0400 | 0048 8b84 | 24c0 0000 | 0048 81c4 | e000 0000 
  0x000001fb160180e4: ;   {poll_return}
  0x000001fb160180e4: 5d49 3ba7 | 5004 0000 | 0f87 be02 | 0000 c348 | 8984 24c0 | 0000 0044 | 8b4a 184c 

  0x000001fb16018100: ;   {metadata(method data for {method} {0x000001fb2c1eae68} 'defineClass' '(ZLjava/lang/Object;)Ljava/lang/Class;' in 'java/lang/invoke/MethodHandles$Lookup$ClassDefiner')}
  0x000001fb16018100: 8bc6 48ba | 5849 8c47 | fb01 0000 | 4883 8250 | 0400 0001 | 4c8b c748 | 8bd6 0f1f 

  0x000001fb1601811c: ;   {optimized virtual_call}
  0x000001fb1601811c: 4400 00e8 

  0x000001fb16018120: ; ImmutableOopMap {[192]=Oop }
                      ;*invokevirtual dumpFailedClass {reexecute=0 rethrow=0 return_oop=0}
                      ; - java.lang.invoke.MethodHandles$Lookup$ClassDefiner::defineClass@150
  0x000001fb16018120: 5c69 8307 

  0x000001fb16018124: ;   {other}
  0x000001fb16018124: 0f1f 8400 | 140a 0003 | 488b 8424 | c000 0000 | 4881 c4e0 | 0000 005d 

  0x000001fb1601813c: ;   {poll_return}
  0x000001fb1601813c: 493b a750 | 0400 000f | 877d 0200 | 00c3 448b | 4a18 4c8b 

  0x000001fb16018150: ;   {metadata(method data for {method} {0x000001fb2c1eae68} 'defineClass' '(ZLjava/lang/Object;)Ljava/lang/Class;' in 'java/lang/invoke/MethodHandles$Lookup$ClassDefiner')}
  0x000001fb16018150: c648 ba58 | 498c 47fb | 0100 0048 | 8382 8805 | 0000 014c | 8bc7 488b | d666 0f1f 

  0x000001fb1601816c: ;   {optimized virtual_call}
  0x000001fb1601816c: 4400 00e8 

  0x000001fb16018170: ; ImmutableOopMap {[200]=Oop }
                      ;*invokevirtual dumpFailedClass {reexecute=0 rethrow=0 return_oop=0}
                      ; - java.lang.invoke.MethodHandles$Lookup$ClassDefiner::defineClass@207
  0x000001fb16018170: 0c69 8307 

  0x000001fb16018174: ;   {other}
  0x000001fb16018174: 0f1f 8400 | 640a 0004 | 488b 8424 | c800 0000 | e970 0200 

  0x000001fb16018188: ;   {metadata({method} {0x000001fb2c1eae68} 'defineClass' '(ZLjava/lang/Object;)Ljava/lang/Class;' in 'java/lang/invoke/MethodHandles$Lookup$ClassDefiner')}
  0x000001fb16018188: 0049 ba60 | ae1e 2cfb | 0100 004c | 8954 2408 | 48c7 0424 | ffff ffff 

  0x000001fb160181a0: ;   {runtime_call counter_overflow Runtime1 stub}
  0x000001fb160181a0: e8db b190 

  0x000001fb160181a4: ; ImmutableOopMap {rdx=Oop r9=Oop [152]=Oop [184]=Oop }
                      ;*synchronization entry
                      ; - java.lang.invoke.MethodHandles$Lookup$ClassDefiner::defineClass@-1
  0x000001fb160181a4: 07e9 74f8 

  0x000001fb160181a8: ;   {runtime_call throw_null_pointer_exception Runtime1 stub}
  0x000001fb160181a8: ffff e8d1 

  0x000001fb160181ac: ; ImmutableOopMap {rdx=Oop r9=Oop rsi=Oop [144]=Oop [152]=Oop [184]=Oop }
                      ;*invokevirtual lookupClass {reexecute=0 rethrow=0 return_oop=0}
                      ; - java.lang.invoke.MethodHandles$Lookup$ClassDefiner::defineClass@4
                      ;   {runtime_call throw_null_pointer_exception Runtime1 stub}
  0x000001fb160181ac: 6090 07e8 

  0x000001fb160181b0: ; ImmutableOopMap {rdx=Oop r9=Oop rsi=Oop rdi=Oop [144]=Oop [152]=Oop [168]=Oop [184]=Oop }
                      ;*invokevirtual getClassLoader {reexecute=0 rethrow=0 return_oop=0}
                      ; - java.lang.invoke.MethodHandles$Lookup$ClassDefiner::defineClass@9
  0x000001fb160181b0: cc60 9007 

  0x000001fb160181b4: ;   {metadata({method} {0x000001fb2c468e60} 'getClassLoader' '()Ljava/lang/ClassLoader;' in 'java/lang/Class')}
  0x000001fb160181b4: 49ba 588e | 462c fb01 | 0000 4c89 | 5424 0848 | c704 24ff 

  0x000001fb160181c8: ;   {runtime_call counter_overflow Runtime1 stub}
  0x000001fb160181c8: ffff ffe8 

  0x000001fb160181cc: ; ImmutableOopMap {rdx=Oop r9=Oop rsi=Oop rdi=Oop [144]=Oop [152]=Oop [168]=Oop [184]=Oop }
                      ;*synchronization entry
                      ; - java.lang.Class::getClassLoader@-1
                      ; - java.lang.invoke.MethodHandles$Lookup$ClassDefiner::defineClass@9
  0x000001fb160181cc: b0b1 9007 | e9b5 f8ff 

  0x000001fb160181d4: ;   {metadata({method} {0x000001fb2c01b1d0} 'getSecurityManager' '()Ljava/lang/SecurityManager;' in 'java/lang/System')}
  0x000001fb160181d4: ff49 bac8 | b101 2cfb | 0100 004c | 8954 2408 | 48c7 0424 | ffff ffff 

  0x000001fb160181ec: ;   {runtime_call counter_overflow Runtime1 stub}
  0x000001fb160181ec: e88f b190 

  0x000001fb160181f0: ; ImmutableOopMap {rdx=Oop r9=Oop rsi=Oop rdi=Oop rbx=Oop [144]=Oop [152]=Oop [168]=Oop [184]=Oop }
                      ;*synchronization entry
                      ; - java.lang.System::getSecurityManager@-1
                      ; - java.lang.Class::getClassLoader@11
                      ; - java.lang.invoke.MethodHandles$Lookup$ClassDefiner::defineClass@9
  0x000001fb160181f0: 07e9 0ef9 

  0x000001fb160181f4: ;   {metadata({method} {0x000001fb2c01b2e8} 'allowSecurityManager' '()Z' in 'java/lang/System')}
  0x000001fb160181f4: ffff 49ba | e0b2 012c | fb01 0000 | 4c89 5424 | 0848 c704 | 24ff ffff 

  0x000001fb1601820c: ;   {runtime_call counter_overflow Runtime1 stub}
  0x000001fb1601820c: ffe8 6eb1 

  0x000001fb16018210: ; ImmutableOopMap {rdx=Oop r9=Oop rsi=Oop rdi=Oop rbx=Oop [144]=Oop [152]=Oop [168]=Oop [184]=Oop }
                      ;*synchronization entry
                      ; - java.lang.System::allowSecurityManager@-1
                      ; - java.lang.System::getSecurityManager@0
                      ; - java.lang.Class::getClassLoader@11
                      ; - java.lang.invoke.MethodHandles$Lookup$ClassDefiner::defineClass@9
  0x000001fb16018210: 9007 e926 

  0x000001fb16018214: ;   {metadata({method} {0x000001fb2c3e0578} 'lookupClassProtectionDomain' '()Ljava/security/ProtectionDomain;' in 'java/lang/invoke/MethodHandles$Lookup')}
  0x000001fb16018214: f9ff ff49 | ba70 053e | 2cfb 0100 | 004c 8954 | 2408 48c7 | 0424 ffff 

  0x000001fb1601822c: ;   {runtime_call counter_overflow Runtime1 stub}
  0x000001fb1601822c: ffff e84d 

  0x000001fb16018230: ; ImmutableOopMap {rdx=Oop r9=Oop rsi=Oop rdi=Oop rbx=Oop [144]=Oop [152]=Oop [168]=Oop [184]=Oop }
                      ;*synchronization entry
                      ; - java.lang.invoke.MethodHandles$Lookup::lookupClassProtectionDomain@-1
                      ; - java.lang.invoke.MethodHandles$Lookup$ClassDefiner::defineClass@23
  0x000001fb16018230: b190 07e9 | a0f9 ffff 

  0x000001fb16018238: ;   {metadata({method} {0x000001fb2c473b88} 'getJavaLangAccess' '()Ljdk/internal/access/JavaLangAccess;' in 'jdk/internal/access/SharedSecrets')}
  0x000001fb16018238: 49ba 803b | 472c fb01 | 0000 4c89 | 5424 0848 | c704 24ff 

  0x000001fb1601824c: ;   {runtime_call counter_overflow Runtime1 stub}
  0x000001fb1601824c: ffff ffe8 

  0x000001fb16018250: ; ImmutableOopMap {rsi=Oop [144]=Oop [152]=Oop [160]=Oop [168]=Oop [184]=Oop }
                      ;*synchronization entry
                      ; - jdk.internal.access.SharedSecrets::getJavaLangAccess@-1
                      ; - java.lang.invoke.MethodHandles$Lookup::lookupClassProtectionDomain@10
                      ; - java.lang.invoke.MethodHandles$Lookup$ClassDefiner::defineClass@23
  0x000001fb16018250: 2cb1 9007 | e9f2 f9ff 

  0x000001fb16018258: ;   {runtime_call throw_incompatible_class_change_error Runtime1 stub}
  0x000001fb16018258: ffe8 2287 

  0x000001fb1601825c: ; ImmutableOopMap {rax=Oop rcx=Oop [144]=Oop [152]=Oop [160]=Oop [168]=Oop [184]=Oop }
                      ;*invokeinterface protectionDomain {reexecute=0 rethrow=0 return_oop=0}
                      ; - java.lang.invoke.MethodHandles$Lookup::lookupClassProtectionDomain@17
                      ; - java.lang.invoke.MethodHandles$Lookup$ClassDefiner::defineClass@23
                      ;   {runtime_call throw_null_pointer_exception Runtime1 stub}
  0x000001fb1601825c: 9007 e81d 

  0x000001fb16018260: ; ImmutableOopMap {rax=Oop rcx=Oop [144]=Oop [152]=Oop [160]=Oop [168]=Oop [184]=Oop }
                      ;*invokeinterface protectionDomain {reexecute=0 rethrow=0 return_oop=0}
                      ; - java.lang.invoke.MethodHandles$Lookup::lookupClassProtectionDomain@17
                      ; - java.lang.invoke.MethodHandles$Lookup$ClassDefiner::defineClass@23
                      ;   {metadata({method} {0x000001fb2c0192c8} 'protectionDomain' '(Ljava/lang/Class;)Ljava/security/ProtectionDomain;' in 'java/lang/System$2')}
  0x000001fb16018260: 6090 0749 | bac0 9201 | 2cfb 0100 | 004c 8954 | 2408 48c7 | 0424 ffff 

  0x000001fb16018278: ;   {runtime_call counter_overflow Runtime1 stub}
  0x000001fb16018278: ffff e801 

  0x000001fb1601827c: ; ImmutableOopMap {rcx=Oop [144]=Oop [152]=Oop [160]=Oop [168]=Oop [184]=Oop }
                      ;*synchronization entry
                      ; - java.lang.System$2::protectionDomain@-1
                      ; - java.lang.invoke.MethodHandles$Lookup::lookupClassProtectionDomain@17
                      ; - java.lang.invoke.MethodHandles$Lookup$ClassDefiner::defineClass@23
  0x000001fb1601827c: b190 07e9 | 59fa ffff 

  0x000001fb16018284: ;   {runtime_call throw_null_pointer_exception Runtime1 stub}
  0x000001fb16018284: e8f7 5f90 

  0x000001fb16018288: ; ImmutableOopMap {rcx=Oop [144]=Oop [152]=Oop [160]=Oop [168]=Oop [184]=Oop }
                      ;*invokevirtual protectionDomain {reexecute=0 rethrow=0 return_oop=0}
                      ; - java.lang.System$2::protectionDomain@1
                      ; - java.lang.invoke.MethodHandles$Lookup::lookupClassProtectionDomain@17
                      ; - java.lang.invoke.MethodHandles$Lookup$ClassDefiner::defineClass@23
                      ;   {metadata({method} {0x000001fb2c467bb8} 'protectionDomain' '()Ljava/security/ProtectionDomain;' in 'java/lang/Class')}
  0x000001fb16018288: 0749 bab0 | 7b46 2cfb | 0100 004c | 8954 2408 | 48c7 0424 | ffff ffff 

  0x000001fb160182a0: ;   {runtime_call counter_overflow Runtime1 stub}
  0x000001fb160182a0: e8db b090 

  0x000001fb160182a4: ; ImmutableOopMap {rcx=Oop [144]=Oop [152]=Oop [160]=Oop [168]=Oop [184]=Oop }
                      ;*synchronization entry
                      ; - java.lang.Class::protectionDomain@-1
                      ; - java.lang.System$2::protectionDomain@1
                      ; - java.lang.invoke.MethodHandles$Lookup::lookupClassProtectionDomain@17
                      ; - java.lang.invoke.MethodHandles$Lookup$ClassDefiner::defineClass@23
  0x000001fb160182a4: 07e9 71fa 

  0x000001fb160182a8: ;   {oop(nullptr)}
  0x000001fb160182a8: ffff 49b8 | 0000 0000 | 0000 0000 | 5053 498b | 5810 5756 | 5251 4150 | 4151 4152 | 4153 4883 
  0x000001fb160182c8: ec20 40f6 | c40f 0f84 | 1900 0000 | 4883 ec08 

  0x000001fb160182d8: ;   {runtime_call}
  0x000001fb160182d8: 48b8 a0a0 | 0e95 ff7f | 0000 ffd0 | 4883 c408 | e90c 0000 

  0x000001fb160182ec: ;   {runtime_call}
  0x000001fb160182ec: 0048 b8a0 | a00e 95ff | 7f00 00ff | d048 83c4 | 2041 5b41 | 5a41 5941 | 5859 5a5e | 5f48 3b83 
  0x000001fb1601830c: 3801 0000 | 5b58 0f85 | 0a00 0000 | e965 faff | ffb8 0078 

  0x000001fb16018320: ;   {runtime_call load_mirror_patching Runtime1 stub}
  0x000001fb16018320: 6e0a e859 

  0x000001fb16018324: ; ImmutableOopMap {[144]=Oop [152]=Oop [160]=Oop [168]=Oop [184]=Oop }
                      ;*getstatic allPermDomain {reexecute=1 rethrow=0 return_oop=0}
                      ; - (reexecute) java.lang.Class::protectionDomain@9
                      ; - java.lang.System$2::protectionDomain@1
                      ; - java.lang.invoke.MethodHandles$Lookup::lookupClassProtectionDomain@17
                      ; - java.lang.invoke.MethodHandles$Lookup$ClassDefiner::defineClass@23
  0x000001fb16018324: a490 07e9 | 4cfa ffff 

  0x000001fb1601832c: ;   {runtime_call throw_null_pointer_exception Runtime1 stub}
  0x000001fb1601832c: e84f 5f90 

  0x000001fb16018330: ; ImmutableOopMap {r8=Oop [144]=Oop [152]=Oop [160]=Oop [168]=Oop [184]=Oop }
                      ;*getstatic allPermDomain {reexecute=1 rethrow=0 return_oop=0}
                      ; - (reexecute) java.lang.Class::protectionDomain@9
                      ; - java.lang.System$2::protectionDomain@1
                      ; - java.lang.invoke.MethodHandles$Lookup::lookupClassProtectionDomain@17
                      ; - java.lang.invoke.MethodHandles$Lookup$ClassDefiner::defineClass@23
  0x000001fb16018330: 0745 8b80 | 0000 0000 | b800 0c05 

  0x000001fb1601833c: ;   {runtime_call access_field_patching Runtime1 stub}
  0x000001fb1601833c: 07e8 3e9b 

  0x000001fb16018340: ; ImmutableOopMap {r8=Oop [144]=Oop [152]=Oop [160]=Oop [168]=Oop [184]=Oop }
                      ;*getstatic allPermDomain {reexecute=1 rethrow=0 return_oop=0}
                      ; - (reexecute) java.lang.Class::protectionDomain@9
                      ; - java.lang.System$2::protectionDomain@1
                      ; - java.lang.invoke.MethodHandles$Lookup::lookupClassProtectionDomain@17
                      ; - java.lang.invoke.MethodHandles$Lookup$ClassDefiner::defineClass@23
  0x000001fb16018340: 9007 e941 | faff ff44 | 8b4e 1849 | 83f9 000f | 8458 faff | ff4c 890c 

  0x000001fb16018358: ;   {runtime_call g1_pre_barrier_slow}
  0x000001fb16018358: 24e8 22b6 | 9007 e94a | faff ff49 | 83f8 000f | 8461 faff | ff48 8934 

  0x000001fb16018370: ;   {runtime_call g1_post_barrier_slow}
  0x000001fb16018370: 24e8 0ab9 | 9007 e953 

  0x000001fb16018378: ;   {metadata({method} {0x000001fb2c473b88} 'getJavaLangAccess' '()Ljdk/internal/access/JavaLangAccess;' in 'jdk/internal/access/SharedSecrets')}
  0x000001fb16018378: faff ff49 | ba80 3b47 | 2cfb 0100 | 004c 8954 | 2408 48c7 | 0424 ffff 

  0x000001fb16018390: ;   {runtime_call counter_overflow Runtime1 stub}
  0x000001fb16018390: ffff e8e9 

  0x000001fb16018394: ; ImmutableOopMap {rax=Oop rdi=Oop rbx=Oop rdx=Oop [152]=Oop [168]=Oop [184]=Oop }
                      ;*synchronization entry
                      ; - jdk.internal.access.SharedSecrets::getJavaLangAccess@-1
                      ; - java.lang.invoke.MethodHandles$Lookup$ClassDefiner::defineClass@35
  0x000001fb16018394: af90 07e9 | b3fa ffff 

  0x000001fb1601839c: ;   {runtime_call throw_incompatible_class_change_error Runtime1 stub}
  0x000001fb1601839c: e8df 8590 

  0x000001fb160183a0: ; ImmutableOopMap {rax=Oop rdi=Oop rbx=Oop r14=Oop rsi=Oop rcx=Oop [152]=Oop [168]=Oop [184]=Oop }
                      ;*invokeinterface defineClass {reexecute=0 rethrow=0 return_oop=0}
                      ; - java.lang.invoke.MethodHandles$Lookup$ClassDefiner::defineClass@57
                      ;   {runtime_call throw_null_pointer_exception Runtime1 stub}
  0x000001fb160183a0: 07e8 da5e 

  0x000001fb160183a4: ; ImmutableOopMap {rax=Oop rdi=Oop rbx=Oop r14=Oop rsi=Oop rcx=Oop [152]=Oop [168]=Oop [184]=Oop }
                      ;*invokeinterface defineClass {reexecute=0 rethrow=0 return_oop=0}
                      ; - java.lang.invoke.MethodHandles$Lookup$ClassDefiner::defineClass@57
                      ;   {runtime_call throw_null_pointer_exception Runtime1 stub}
  0x000001fb160183a4: 9007 e8d5 

  0x000001fb160183a8: ; ImmutableOopMap {rax=Oop rdx=Oop rsi=Oop [152]=Oop }
                      ;*invokevirtual isEnabled {reexecute=0 rethrow=0 return_oop=0}
                      ; - java.lang.invoke.MethodHandles$Lookup$ClassDefiner::defineClass@105
                      ;   {runtime_call throw_null_pointer_exception Runtime1 stub}
  0x000001fb160183a8: 5e90 07e8 

  0x000001fb160183ac: ; ImmutableOopMap {rdx=Oop rax=Oop rsi=Oop [152]=Oop }
                      ;*invokevirtual isEnabled {reexecute=0 rethrow=0 return_oop=0}
                      ; - java.lang.invoke.MethodHandles$Lookup$ClassDefiner::defineClass@162
  0x000001fb160183ac: d05e 9007 

  0x000001fb160183b0: ;   {internal_word}
  0x000001fb160183b0: 49ba e580 | 0116 fb01 | 0000 4d89 | 9768 0400 

  0x000001fb160183c0: ;   {runtime_call SafepointBlob}
  0x000001fb160183c0: 00e9 bad0 

  0x000001fb160183c4: ;   {internal_word}
  0x000001fb160183c4: 8307 49ba | 3c81 0116 | fb01 0000 | 4d89 9768 

  0x000001fb160183d4: ;   {runtime_call SafepointBlob}
  0x000001fb160183d4: 0400 00e9 | a4d0 8307 | 498b 8700 | 0500 0049 | c787 0005 | 0000 0000 | 0000 49c7 | 8708 0500 
  0x000001fb160183f4: 0000 0000 | 0048 81c4 | e000 0000 

  0x000001fb16018400: ;   {runtime_call unwind_exception Runtime1 stub}
  0x000001fb16018400: 5de9 7a4f | 9007 f4f4 
[Stub Code]
  0x000001fb16018408: ;   {no_reloc}
  0x000001fb16018408: 0f1f 4400 

  0x000001fb1601840c: ;   {static_stub}
  0x000001fb1601840c: 0048 bb00 | 0000 0000 

  0x000001fb16018414: ;   {runtime_call nmethod}
  0x000001fb16018414: 0000 00e9 | fbff ffff 

  0x000001fb1601841c: ;   {static_stub}
  0x000001fb1601841c: 48bb 487b | 462c fb01 

  0x000001fb16018424: ;   {runtime_call I2C/C2I adapters}
  0x000001fb16018424: 0000 e938 

  0x000001fb16018428: ;   {static_stub}
  0x000001fb16018428: b083 0748 | bb00 0000 | 0000 0000 

  0x000001fb16018434: ;   {runtime_call nmethod}
  0x000001fb16018434: 00e9 fbff 

  0x000001fb16018438: ;   {static_stub}
  0x000001fb16018438: ffff 48bb | 0000 0000 | 0000 0000 

  0x000001fb16018444: ;   {runtime_call nmethod}
  0x000001fb16018444: e9fb ffff 

  0x000001fb16018448: ;   {runtime_call handle_exception_from_callee Runtime1 stub}
  0x000001fb16018448: ffe8 327c 

  0x000001fb1601844c: ;   {external_word}
  0x000001fb1601844c: 9007 48b9 | 5063 ae95 | ff7f 0000 | 4883 e4f0 

  0x000001fb1601845c: ;   {runtime_call}
  0x000001fb1601845c: 48b8 c0c9 | 7095 ff7f | 0000 ffd0 

  0x000001fb16018468: ;   {section_word}
  0x000001fb16018468: f449 ba69 | 8401 16fb | 0100 0041 

  0x000001fb16018474: ;   {runtime_call DeoptimizationBlob}
  0x000001fb16018474: 52e9 a6c2 | 8307 f4f4 | f4f4 f4f4 
[/MachCode]


---------------  P R O C E S S  ---------------

Threads class SMR info:
_java_thread_list=0x000001fb4e4538c0, length=68, elements={
0x000001fb128ce3a0, 0x000001fb2b475600, 0x000001fb2b475e70, 0x000001fb2b47bce0,
0x000001fb2b47c350, 0x000001fb2b481540, 0x000001fb2b482720, 0x000001fb2b4830c0,
0x000001fb2b48fa00, 0x000001fb2b6c55c0, 0x000001fb2b757f40, 0x000001fb4ca3e830,
0x000001fb4b98cfc0, 0x000001fb4c03f570, 0x000001fb4c700c40, 0x000001fb4c704340,
0x000001fb4ca71fe0, 0x000001fb4ca6b390, 0x000001fb4ca692c0, 0x000001fb4ca6c0b0,
0x000001fb4ca6a670, 0x000001fb4ca69950, 0x000001fb4ca69fe0, 0x000001fb4ca6c740,
0x000001fb4ca6ad00, 0x000001fb4b912cf0, 0x000001fb4b914dc0, 0x000001fb4b914730,
0x000001fb4b9140a0, 0x000001fb4b915450, 0x000001fb4b913a10, 0x000001fb4b911fd0,
0x000001fb4b918240, 0x000001fb4b917520, 0x000001fb4b917bb0, 0x000001fb4b916800,
0x000001fb4b916e90, 0x000001fb4eff3ad0, 0x000001fb4eff2090, 0x000001fb4eff2720,
0x000001fb4eff2db0, 0x000001fb4eff3440, 0x000001fb4eff4160, 0x000001fb4eff0ce0,
0x000001fb4eff47f0, 0x000001fb4eff1370, 0x000001fb4eff4e80, 0x000001fb4eff1a00,
0x000001fb4eff5ba0, 0x000001fb4eff5510, 0x000001fb4eff6230, 0x000001fb4eff7c70,
0x000001fb4eff75e0, 0x000001fb4eff8300, 0x000001fb4eff6f50, 0x000001fb4eff68c0,
0x000001fb4d5efb90, 0x000001fb4d5ecda0, 0x000001fb4d5ee150, 0x000001fb4d5ed430,
0x000001fb4d5eee70, 0x000001fb4d5ec710, 0x000001fb4d5ef500, 0x000001fb4d5edac0,
0x000001fb4d5ee7e0, 0x000001fb2b7d6940, 0x000001fb2b7d34c0, 0x000001fb2b7d4f00
}

Java Threads: ( => current thread )
  0x000001fb128ce3a0 JavaThread "main"                              [_thread_blocked, id=28132, stack(0x0000005d22b00000,0x0000005d22c00000) (1024K)]
  0x000001fb2b475600 JavaThread "Reference Handler"          daemon [_thread_blocked, id=25272, stack(0x0000005d23300000,0x0000005d23400000) (1024K)]
  0x000001fb2b475e70 JavaThread "Finalizer"                  daemon [_thread_blocked, id=23856, stack(0x0000005d23400000,0x0000005d23500000) (1024K)]
  0x000001fb2b47bce0 JavaThread "Signal Dispatcher"          daemon [_thread_blocked, id=652, stack(0x0000005d23500000,0x0000005d23600000) (1024K)]
  0x000001fb2b47c350 JavaThread "Attach Listener"            daemon [_thread_blocked, id=33748, stack(0x0000005d23600000,0x0000005d23700000) (1024K)]
  0x000001fb2b481540 JavaThread "Service Thread"             daemon [_thread_blocked, id=37624, stack(0x0000005d23700000,0x0000005d23800000) (1024K)]
  0x000001fb2b482720 JavaThread "Monitor Deflation Thread"   daemon [_thread_blocked, id=7188, stack(0x0000005d23800000,0x0000005d23900000) (1024K)]
  0x000001fb2b4830c0 JavaThread "C2 CompilerThread0"         daemon [_thread_in_native, id=25440, stack(0x0000005d23900000,0x0000005d23a00000) (1024K)]
  0x000001fb2b48fa00 JavaThread "C1 CompilerThread0"         daemon [_thread_blocked, id=35168, stack(0x0000005d23a00000,0x0000005d23b00000) (1024K)]
  0x000001fb2b6c55c0 JavaThread "Common-Cleaner"             daemon [_thread_blocked, id=36824, stack(0x0000005d23b00000,0x0000005d23c00000) (1024K)]
  0x000001fb2b757f40 JavaThread "Notification Thread"        daemon [_thread_blocked, id=11312, stack(0x0000005d23c00000,0x0000005d23d00000) (1024K)]
  0x000001fb4ca3e830 JavaThread "Daemon health stats"               [_thread_blocked, id=24572, stack(0x0000005d24200000,0x0000005d24300000) (1024K)]
  0x000001fb4b98cfc0 JavaThread "Incoming local TCP Connector on port 53676"        [_thread_in_native, id=5228, stack(0x0000005d24400000,0x0000005d24500000) (1024K)]
  0x000001fb4c03f570 JavaThread "Daemon periodic checks"            [_thread_blocked, id=31976, stack(0x0000005d24500000,0x0000005d24600000) (1024K)]
  0x000001fb4c700c40 JavaThread "Daemon"                            [_thread_blocked, id=25228, stack(0x0000005d24600000,0x0000005d24700000) (1024K)]
  0x000001fb4c704340 JavaThread "Handler for socket connection from /127.0.0.1:53676 to /127.0.0.1:53677"        [_thread_in_native, id=24768, stack(0x0000005d24700000,0x0000005d24800000) (1024K)]
  0x000001fb4ca71fe0 JavaThread "Cancel handler"                    [_thread_blocked, id=36600, stack(0x0000005d24800000,0x0000005d24900000) (1024K)]
=>0x000001fb4ca6b390 JavaThread "Daemon worker"                     [_thread_in_vm, id=22404, stack(0x0000005d24900000,0x0000005d24a00000) (1024K)]
  0x000001fb4ca692c0 JavaThread "Asynchronous log dispatcher for DefaultDaemonConnection: socket connection from /127.0.0.1:53676 to /127.0.0.1:53677"        [_thread_blocked, id=29828, stack(0x0000005d24a00000,0x0000005d24b00000) (1024K)]
  0x000001fb4ca6c0b0 JavaThread "Stdin handler"                     [_thread_blocked, id=32200, stack(0x0000005d24b00000,0x0000005d24c00000) (1024K)]
  0x000001fb4ca6a670 JavaThread "Daemon client event forwarder"        [_thread_blocked, id=24604, stack(0x0000005d24c00000,0x0000005d24d00000) (1024K)]
  0x000001fb4ca69950 JavaThread "Cache worker for journal cache (D:\gradle_cache\caches\journal-1)"        [_thread_blocked, id=30184, stack(0x0000005d24d00000,0x0000005d24e00000) (1024K)]
  0x000001fb4ca69fe0 JavaThread "File lock request listener"        [_thread_in_native, id=13740, stack(0x0000005d24e00000,0x0000005d24f00000) (1024K)]
  0x000001fb4ca6c740 JavaThread "Cache worker for file hash cache (D:\gradle_cache\caches\8.12\fileHashes)"        [_thread_blocked, id=36992, stack(0x0000005d24f00000,0x0000005d25000000) (1024K)]
  0x000001fb4ca6ad00 JavaThread "File lock release action executor"        [_thread_blocked, id=15536, stack(0x0000005d25000000,0x0000005d25100000) (1024K)]
  0x000001fb4b912cf0 JavaThread "Cache worker for file hash cache (D:\pranjal\electricity_billing\mobile\android\.gradle\8.12\fileHashes)"        [_thread_blocked, id=15648, stack(0x0000005d25600000,0x0000005d25700000) (1024K)]
  0x000001fb4b914dc0 JavaThread "Cache worker for Build Output Cleanup Cache (D:\pranjal\electricity_billing\mobile\android\.gradle\buildOutputCleanup)"        [_thread_blocked, id=19960, stack(0x0000005d25700000,0x0000005d25800000) (1024K)]
  0x000001fb4b914730 JavaThread "File watcher server"        daemon [_thread_in_native, id=5988, stack(0x0000005d25800000,0x0000005d25900000) (1024K)]
  0x000001fb4b9140a0 JavaThread "File watcher consumer"      daemon [_thread_blocked, id=34196, stack(0x0000005d25900000,0x0000005d25a00000) (1024K)]
  0x000001fb4b915450 JavaThread "Cache worker for checksums cache (D:\pranjal\electricity_billing\mobile\android\.gradle\8.12\checksums)"        [_thread_blocked, id=24276, stack(0x0000005d25a00000,0x0000005d25b00000) (1024K)]
  0x000001fb4b913a10 JavaThread "Cache worker for file content cache (D:\gradle_cache\caches\8.12\fileContent)"        [_thread_blocked, id=36140, stack(0x0000005d25b00000,0x0000005d25c00000) (1024K)]
  0x000001fb4b911fd0 JavaThread "Cache worker for cache directory md-rule (D:\gradle_cache\caches\8.12\md-rule)"        [_thread_blocked, id=1452, stack(0x0000005d25c00000,0x0000005d25d00000) (1024K)]
  0x000001fb4b918240 JavaThread "Cache worker for cache directory md-supplier (D:\gradle_cache\caches\8.12\md-supplier)"        [_thread_blocked, id=896, stack(0x0000005d25d00000,0x0000005d25e00000) (1024K)]
  0x000001fb4b917520 JavaThread "Cache worker for Build Output Cleanup Cache (C:\src\flutter\packages\flutter_tools\gradle\.gradle\buildOutputCleanup)"        [_thread_blocked, id=15728, stack(0x0000005d25e00000,0x0000005d25f00000) (1024K)]
  0x000001fb4b917bb0 JavaThread "Unconstrained build operations"        [_thread_blocked, id=16724, stack(0x0000005d25f00000,0x0000005d26000000) (1024K)]
  0x000001fb4b916800 JavaThread "Unconstrained build operations Thread 2"        [_thread_blocked, id=31608, stack(0x0000005d26000000,0x0000005d26100000) (1024K)]
  0x000001fb4b916e90 JavaThread "Unconstrained build operations Thread 3"        [_thread_blocked, id=32764, stack(0x0000005d26100000,0x0000005d26200000) (1024K)]
  0x000001fb4eff3ad0 JavaThread "Unconstrained build operations Thread 4"        [_thread_blocked, id=33164, stack(0x0000005d26200000,0x0000005d26300000) (1024K)]
  0x000001fb4eff2090 JavaThread "Unconstrained build operations Thread 5"        [_thread_blocked, id=14216, stack(0x0000005d26300000,0x0000005d26400000) (1024K)]
  0x000001fb4eff2720 JavaThread "Unconstrained build operations Thread 6"        [_thread_blocked, id=37320, stack(0x0000005d26400000,0x0000005d26500000) (1024K)]
  0x000001fb4eff2db0 JavaThread "Unconstrained build operations Thread 7"        [_thread_blocked, id=25220, stack(0x0000005d26500000,0x0000005d26600000) (1024K)]
  0x000001fb4eff3440 JavaThread "Unconstrained build operations Thread 8"        [_thread_blocked, id=11340, stack(0x0000005d26600000,0x0000005d26700000) (1024K)]
  0x000001fb4eff4160 JavaThread "Unconstrained build operations Thread 9"        [_thread_blocked, id=33404, stack(0x0000005d26700000,0x0000005d26800000) (1024K)]
  0x000001fb4eff0ce0 JavaThread "Unconstrained build operations Thread 10"        [_thread_blocked, id=8560, stack(0x0000005d26800000,0x0000005d26900000) (1024K)]
  0x000001fb4eff47f0 JavaThread "Unconstrained build operations Thread 11"        [_thread_blocked, id=36172, stack(0x0000005d26900000,0x0000005d26a00000) (1024K)]
  0x000001fb4eff1370 JavaThread "Unconstrained build operations Thread 12"        [_thread_blocked, id=21808, stack(0x0000005d26a00000,0x0000005d26b00000) (1024K)]
  0x000001fb4eff4e80 JavaThread "Unconstrained build operations Thread 13"        [_thread_blocked, id=27296, stack(0x0000005d26b00000,0x0000005d26c00000) (1024K)]
  0x000001fb4eff1a00 JavaThread "Unconstrained build operations Thread 14"        [_thread_blocked, id=31844, stack(0x0000005d26c00000,0x0000005d26d00000) (1024K)]
  0x000001fb4eff5ba0 JavaThread "Unconstrained build operations Thread 15"        [_thread_blocked, id=27520, stack(0x0000005d26d00000,0x0000005d26e00000) (1024K)]
  0x000001fb4eff5510 JavaThread "Unconstrained build operations Thread 16"        [_thread_blocked, id=25672, stack(0x0000005d26e00000,0x0000005d26f00000) (1024K)]
  0x000001fb4eff6230 JavaThread "Unconstrained build operations Thread 17"        [_thread_blocked, id=35824, stack(0x0000005d26f00000,0x0000005d27000000) (1024K)]
  0x000001fb4eff7c70 JavaThread "Unconstrained build operations Thread 18"        [_thread_blocked, id=25320, stack(0x0000005d27000000,0x0000005d27100000) (1024K)]
  0x000001fb4eff75e0 JavaThread "Unconstrained build operations Thread 19"        [_thread_blocked, id=29740, stack(0x0000005d27100000,0x0000005d27200000) (1024K)]
  0x000001fb4eff8300 JavaThread "Unconstrained build operations Thread 20"        [_thread_blocked, id=12380, stack(0x0000005d27200000,0x0000005d27300000) (1024K)]
  0x000001fb4eff6f50 JavaThread "Unconstrained build operations Thread 21"        [_thread_blocked, id=28460, stack(0x0000005d27300000,0x0000005d27400000) (1024K)]
  0x000001fb4eff68c0 JavaThread "Unconstrained build operations Thread 22"        [_thread_blocked, id=32756, stack(0x0000005d27400000,0x0000005d27500000) (1024K)]
  0x000001fb4d5efb90 JavaThread "Unconstrained build operations Thread 23"        [_thread_blocked, id=9388, stack(0x0000005d27500000,0x0000005d27600000) (1024K)]
  0x000001fb4d5ecda0 JavaThread "Unconstrained build operations Thread 24"        [_thread_blocked, id=30792, stack(0x0000005d27600000,0x0000005d27700000) (1024K)]
  0x000001fb4d5ee150 JavaThread "Unconstrained build operations Thread 25"        [_thread_blocked, id=1012, stack(0x0000005d27700000,0x0000005d27800000) (1024K)]
  0x000001fb4d5ed430 JavaThread "Unconstrained build operations Thread 26"        [_thread_blocked, id=26592, stack(0x0000005d27800000,0x0000005d27900000) (1024K)]
  0x000001fb4d5eee70 JavaThread "Unconstrained build operations Thread 27"        [_thread_blocked, id=29116, stack(0x0000005d27900000,0x0000005d27a00000) (1024K)]
  0x000001fb4d5ec710 JavaThread "Unconstrained build operations Thread 28"        [_thread_blocked, id=25284, stack(0x0000005d27a00000,0x0000005d27b00000) (1024K)]
  0x000001fb4d5ef500 JavaThread "Unconstrained build operations Thread 29"        [_thread_blocked, id=36400, stack(0x0000005d27b00000,0x0000005d27c00000) (1024K)]
  0x000001fb4d5edac0 JavaThread "Unconstrained build operations Thread 30"        [_thread_blocked, id=31460, stack(0x0000005d27c00000,0x0000005d27d00000) (1024K)]
  0x000001fb4d5ee7e0 JavaThread "Unconstrained build operations Thread 31"        [_thread_blocked, id=34144, stack(0x0000005d27d00000,0x0000005d27e00000) (1024K)]
  0x000001fb2b7d6940 JavaThread "Unconstrained build operations Thread 32"        [_thread_blocked, id=10104, stack(0x0000005d27e00000,0x0000005d27f00000) (1024K)]
  0x000001fb2b7d34c0 JavaThread "Unconstrained build operations Thread 33"        [_thread_blocked, id=28580, stack(0x0000005d27f00000,0x0000005d28000000) (1024K)]
  0x000001fb2b7d4f00 JavaThread "Memory manager"                    [_thread_blocked, id=25116, stack(0x0000005d28000000,0x0000005d28100000) (1024K)]
Total: 68

Other Threads:
  0x000001fb2b457030 VMThread "VM Thread"                           [id=14844, stack(0x0000005d23200000,0x0000005d23300000) (1024K)] _threads_hazard_ptr=0x000001fb4e4538c0
  0x000001fb2b447450 WatcherThread "VM Periodic Task Thread"        [id=30260, stack(0x0000005d23100000,0x0000005d23200000) (1024K)]
  0x000001fb1292af40 WorkerThread "GC Thread#0"                     [id=29472, stack(0x0000005d22c00000,0x0000005d22d00000) (1024K)]
  0x000001fb4b034060 WorkerThread "GC Thread#1"                     [id=32884, stack(0x0000005d23d00000,0x0000005d23e00000) (1024K)]
  0x000001fb2b79d5a0 WorkerThread "GC Thread#2"                     [id=23852, stack(0x0000005d23e00000,0x0000005d23f00000) (1024K)]
  0x000001fb4b9f2930 WorkerThread "GC Thread#3"                     [id=21756, stack(0x0000005d23f00000,0x0000005d24000000) (1024K)]
  0x000001fb4b9bf300 WorkerThread "GC Thread#4"                     [id=36412, stack(0x0000005d24000000,0x0000005d24100000) (1024K)]
  0x000001fb4c123840 WorkerThread "GC Thread#5"                     [id=10940, stack(0x0000005d24100000,0x0000005d24200000) (1024K)]
  0x000001fb4c6a0660 WorkerThread "GC Thread#6"                     [id=26932, stack(0x0000005d25200000,0x0000005d25300000) (1024K)]
  0x000001fb4c6a0dc0 WorkerThread "GC Thread#7"                     [id=24452, stack(0x0000005d25300000,0x0000005d25400000) (1024K)]
  0x000001fb4c6a0a10 WorkerThread "GC Thread#8"                     [id=30252, stack(0x0000005d25400000,0x0000005d25500000) (1024K)]
  0x000001fb4c6a18d0 WorkerThread "GC Thread#9"                     [id=1772, stack(0x0000005d25500000,0x0000005d25600000) (1024K)]
  0x000001fb1293c650 ConcurrentGCThread "G1 Main Marker"            [id=22400, stack(0x0000005d22d00000,0x0000005d22e00000) (1024K)]
  0x000001fb1293def0 WorkerThread "G1 Conc#0"                       [id=34560, stack(0x0000005d22e00000,0x0000005d22f00000) (1024K)]
  0x000001fb4d339600 WorkerThread "G1 Conc#1"                       [id=23208, stack(0x0000005d24300000,0x0000005d24400000) (1024K)]
  0x000001fb4d337fe0 WorkerThread "G1 Conc#2"                       [id=29192, stack(0x0000005d25100000,0x0000005d25200000) (1024K)]
  0x000001fb2b3171b0 ConcurrentGCThread "G1 Refine#0"               [id=23252, stack(0x0000005d22f00000,0x0000005d23000000) (1024K)]
  0x000001fb2b318700 ConcurrentGCThread "G1 Service"                [id=28060, stack(0x0000005d23000000,0x0000005d23100000) (1024K)]
Total: 18

Threads with active compile tasks:
C2 CompilerThread0  49969 7594 %     4       org.gradle.internal.instantiation.generator.AbstractClassGenerator::inspectType @ 250 (560 bytes)
Total: 1

VM state: synchronizing (normal execution)

VM Mutex/Monitor currently owned by a thread:  ([mutex/lock_event])
[0x00007fff95d9d530] Metaspace_lock - owner thread: 0x000001fb4ca6b390
[0x00007fff95d9f5b0] Threads_lock - owner thread: 0x000001fb2b457030

Heap address: 0x0000000080000000, size: 2048 MB, Compressed Oops mode: 32-bit

CDS archive(s) mapped at: [0x000001fb2c000000-0x000001fb2cba0000-0x000001fb2cba0000), size 12189696, SharedBaseAddress: 0x000001fb2c000000, ArchiveRelocationMode: 1.
Compressed class space mapped at: 0x000001fb2d000000-0x000001fb47000000, reserved size: 436207616
Narrow klass base: 0x000001fb2c000000, Narrow klass shift: 0, Narrow klass range: 0x100000000

GC Precious Log:
 CardTable entry size: 512
 Card Set container configuration: InlinePtr #cards 5 size 8 Array Of Cards #cards 12 size 40 Howl #buckets 4 coarsen threshold 1843 Howl Bitmap #cards 512 size 80 coarsen threshold 460 Card regions per heap region 1 cards per card region 2048
 CPUs: 12 total, 12 available
 Memory: 7832M
 Large Page Support: Disabled
 NUMA Support: Disabled
 Compressed Oops: Enabled (32-bit)
 Heap Region Size: 1M
 Heap Min Capacity: 8M
 Heap Initial Capacity: 124M
 Heap Max Capacity: 2G
 Pre-touch: Disabled
 Parallel Workers: 10
 Concurrent Workers: 3
 Concurrent Refinement Workers: 10
 Periodic GC: Disabled

Heap:
 garbage-first heap   total 114688K, used 62308K [0x0000000080000000, 0x0000000100000000)
  region size 1024K, 18 young (18432K), 4 survivors (4096K)
 Metaspace       used 59667K, committed 61568K, reserved 491520K
  class space    used 8773K, committed 9728K, reserved 425984K

Heap Regions: E=young(eden), S=young(survivor), O=old, HS=humongous(starts), HC=humongous(continues), CS=collection set, F=free, TAMS=top-at-mark-start, PB=parsable bottom
|   0|0x0000000080000000, 0x0000000080100000, 0x0000000080100000|100%| O|  |TAMS 0x0000000080000000| PB 0x0000000080000000| Untracked 
|   1|0x0000000080100000, 0x0000000080200000, 0x0000000080200000|100%| O|  |TAMS 0x0000000080100000| PB 0x0000000080100000| Untracked 
|   2|0x0000000080200000, 0x0000000080300000, 0x0000000080300000|100%|HS|  |TAMS 0x0000000080200000| PB 0x0000000080200000| Complete 
|   3|0x0000000080300000, 0x0000000080400000, 0x0000000080400000|100%|HC|  |TAMS 0x0000000080300000| PB 0x0000000080300000| Complete 
|   4|0x0000000080400000, 0x0000000080500000, 0x0000000080500000|100%|HC|  |TAMS 0x0000000080400000| PB 0x0000000080400000| Complete 
|   5|0x0000000080500000, 0x0000000080600000, 0x0000000080600000|100%| O|  |TAMS 0x0000000080500000| PB 0x0000000080500000| Untracked 
|   6|0x0000000080600000, 0x0000000080700000, 0x0000000080700000|100%| O|  |TAMS 0x0000000080600000| PB 0x0000000080600000| Untracked 
|   7|0x0000000080700000, 0x0000000080800000, 0x0000000080800000|100%| O|  |TAMS 0x0000000080700000| PB 0x0000000080700000| Untracked 
|   8|0x0000000080800000, 0x0000000080900000, 0x0000000080900000|100%|HS|  |TAMS 0x0000000080800000| PB 0x0000000080800000| Complete 
|   9|0x0000000080900000, 0x0000000080a00000, 0x0000000080a00000|100%| O|  |TAMS 0x0000000080900000| PB 0x0000000080900000| Untracked 
|  10|0x0000000080a00000, 0x0000000080b00000, 0x0000000080b00000|100%| O|  |TAMS 0x0000000080a00000| PB 0x0000000080a00000| Untracked 
|  11|0x0000000080b00000, 0x0000000080c00000, 0x0000000080c00000|100%| O|  |TAMS 0x0000000080b00000| PB 0x0000000080b00000| Untracked 
|  12|0x0000000080c00000, 0x0000000080d00000, 0x0000000080d00000|100%| O|  |TAMS 0x0000000080c00000| PB 0x0000000080c00000| Untracked 
|  13|0x0000000080d00000, 0x0000000080e00000, 0x0000000080e00000|100%| O|  |TAMS 0x0000000080d00000| PB 0x0000000080d00000| Untracked 
|  14|0x0000000080e00000, 0x0000000080f00000, 0x0000000080f00000|100%| O|  |TAMS 0x0000000080e00000| PB 0x0000000080e00000| Untracked 
|  15|0x0000000080f00000, 0x0000000081000000, 0x0000000081000000|100%| O|  |TAMS 0x0000000080f00000| PB 0x0000000080f00000| Untracked 
|  16|0x0000000081000000, 0x0000000081100000, 0x0000000081100000|100%| O|  |TAMS 0x0000000081000000| PB 0x0000000081000000| Untracked 
|  17|0x0000000081100000, 0x0000000081200000, 0x0000000081200000|100%| O|  |TAMS 0x0000000081100000| PB 0x0000000081100000| Untracked 
|  18|0x0000000081200000, 0x0000000081300000, 0x0000000081300000|100%| O|  |TAMS 0x0000000081200000| PB 0x0000000081200000| Untracked 
|  19|0x0000000081300000, 0x0000000081400000, 0x0000000081400000|100%| O|  |TAMS 0x0000000081300000| PB 0x0000000081300000| Untracked 
|  20|0x0000000081400000, 0x0000000081500000, 0x0000000081500000|100%| O|  |TAMS 0x0000000081400000| PB 0x0000000081400000| Untracked 
|  21|0x0000000081500000, 0x0000000081600000, 0x0000000081600000|100%| O|  |TAMS 0x0000000081500000| PB 0x0000000081500000| Untracked 
|  22|0x0000000081600000, 0x0000000081700000, 0x0000000081700000|100%| O|  |TAMS 0x0000000081600000| PB 0x0000000081600000| Untracked 
|  23|0x0000000081700000, 0x0000000081800000, 0x0000000081800000|100%| O|  |TAMS 0x0000000081700000| PB 0x0000000081700000| Untracked 
|  24|0x0000000081800000, 0x0000000081900000, 0x0000000081900000|100%| O|  |TAMS 0x0000000081800000| PB 0x0000000081800000| Untracked 
|  25|0x0000000081900000, 0x0000000081a00000, 0x0000000081a00000|100%| O|  |TAMS 0x0000000081900000| PB 0x0000000081900000| Untracked 
|  26|0x0000000081a00000, 0x0000000081b00000, 0x0000000081b00000|100%| O|  |TAMS 0x0000000081a00000| PB 0x0000000081a00000| Untracked 
|  27|0x0000000081b00000, 0x0000000081c00000, 0x0000000081c00000|100%| O|  |TAMS 0x0000000081b00000| PB 0x0000000081b00000| Untracked 
|  28|0x0000000081c00000, 0x0000000081d00000, 0x0000000081d00000|100%| O|  |TAMS 0x0000000081c00000| PB 0x0000000081c00000| Untracked 
|  29|0x0000000081d00000, 0x0000000081e00000, 0x0000000081e00000|100%| O|  |TAMS 0x0000000081d00000| PB 0x0000000081d00000| Untracked 
|  30|0x0000000081e00000, 0x0000000081f00000, 0x0000000081f00000|100%| O|Cm|TAMS 0x0000000081e00000| PB 0x0000000081e00000| Complete 
|  31|0x0000000081f00000, 0x0000000082000000, 0x0000000082000000|100%| O|Cm|TAMS 0x0000000081f00000| PB 0x0000000081f00000| Complete 
|  32|0x0000000082000000, 0x0000000082100000, 0x0000000082100000|100%| O|  |TAMS 0x0000000082000000| PB 0x0000000082000000| Untracked 
|  33|0x0000000082100000, 0x0000000082200000, 0x0000000082200000|100%| O|  |TAMS 0x0000000082100000| PB 0x0000000082100000| Untracked 
|  34|0x0000000082200000, 0x0000000082300000, 0x0000000082300000|100%| O|  |TAMS 0x0000000082200000| PB 0x0000000082200000| Untracked 
|  35|0x0000000082300000, 0x0000000082400000, 0x0000000082400000|100%|HS|  |TAMS 0x0000000082300000| PB 0x0000000082300000| Complete 
|  36|0x0000000082400000, 0x0000000082500000, 0x0000000082500000|100%|HC|  |TAMS 0x0000000082400000| PB 0x0000000082400000| Complete 
|  37|0x0000000082500000, 0x0000000082600000, 0x0000000082600000|100%| O|  |TAMS 0x0000000082500000| PB 0x0000000082500000| Untracked 
|  38|0x0000000082600000, 0x0000000082700000, 0x0000000082700000|100%| O|  |TAMS 0x0000000082600000| PB 0x0000000082600000| Untracked 
|  39|0x0000000082700000, 0x0000000082800000, 0x0000000082800000|100%| O|  |TAMS 0x0000000082700000| PB 0x0000000082700000| Untracked 
|  40|0x0000000082800000, 0x00000000828d9230, 0x0000000082900000| 84%| O|  |TAMS 0x0000000082800000| PB 0x0000000082800000| Untracked 
|  41|0x0000000082900000, 0x0000000082900000, 0x0000000082a00000|  0%| F|  |TAMS 0x0000000082900000| PB 0x0000000082900000| Untracked 
|  42|0x0000000082a00000, 0x0000000082a00000, 0x0000000082b00000|  0%| F|  |TAMS 0x0000000082a00000| PB 0x0000000082a00000| Untracked 
|  43|0x0000000082b00000, 0x0000000082b00000, 0x0000000082c00000|  0%| F|  |TAMS 0x0000000082b00000| PB 0x0000000082b00000| Untracked 
|  44|0x0000000082c00000, 0x0000000082d00000, 0x0000000082d00000|100%|HS|  |TAMS 0x0000000082c00000| PB 0x0000000082c00000| Complete 
|  45|0x0000000082d00000, 0x0000000082e00000, 0x0000000082e00000|100%|HC|  |TAMS 0x0000000082d00000| PB 0x0000000082d00000| Complete 
|  46|0x0000000082e00000, 0x0000000082f00000, 0x0000000082f00000|100%| O|  |TAMS 0x0000000082e00000| PB 0x0000000082e00000| Untracked 
|  47|0x0000000082f00000, 0x0000000082f00000, 0x0000000083000000|  0%| F|  |TAMS 0x0000000082f00000| PB 0x0000000082f00000| Untracked 
|  48|0x0000000083000000, 0x0000000083000000, 0x0000000083100000|  0%| F|  |TAMS 0x0000000083000000| PB 0x0000000083000000| Untracked 
|  49|0x0000000083100000, 0x0000000083100000, 0x0000000083200000|  0%| F|  |TAMS 0x0000000083100000| PB 0x0000000083100000| Untracked 
|  50|0x0000000083200000, 0x0000000083200000, 0x0000000083300000|  0%| F|  |TAMS 0x0000000083200000| PB 0x0000000083200000| Untracked 
|  51|0x0000000083300000, 0x0000000083300000, 0x0000000083400000|  0%| F|  |TAMS 0x0000000083300000| PB 0x0000000083300000| Untracked 
|  52|0x0000000083400000, 0x0000000083400000, 0x0000000083500000|  0%| F|  |TAMS 0x0000000083400000| PB 0x0000000083400000| Untracked 
|  53|0x0000000083500000, 0x0000000083500000, 0x0000000083600000|  0%| F|  |TAMS 0x0000000083500000| PB 0x0000000083500000| Untracked 
|  54|0x0000000083600000, 0x0000000083600000, 0x0000000083700000|  0%| F|  |TAMS 0x0000000083600000| PB 0x0000000083600000| Untracked 
|  55|0x0000000083700000, 0x0000000083700000, 0x0000000083800000|  0%| F|  |TAMS 0x0000000083700000| PB 0x0000000083700000| Untracked 
|  56|0x0000000083800000, 0x0000000083800000, 0x0000000083900000|  0%| F|  |TAMS 0x0000000083800000| PB 0x0000000083800000| Untracked 
|  57|0x0000000083900000, 0x0000000083900000, 0x0000000083a00000|  0%| F|  |TAMS 0x0000000083900000| PB 0x0000000083900000| Untracked 
|  58|0x0000000083a00000, 0x0000000083a00000, 0x0000000083b00000|  0%| F|  |TAMS 0x0000000083a00000| PB 0x0000000083a00000| Untracked 
|  59|0x0000000083b00000, 0x0000000083b00000, 0x0000000083c00000|  0%| F|  |TAMS 0x0000000083b00000| PB 0x0000000083b00000| Untracked 
|  60|0x0000000083c00000, 0x0000000083c00000, 0x0000000083d00000|  0%| F|  |TAMS 0x0000000083c00000| PB 0x0000000083c00000| Untracked 
|  61|0x0000000083d00000, 0x0000000083d00000, 0x0000000083e00000|  0%| F|  |TAMS 0x0000000083d00000| PB 0x0000000083d00000| Untracked 
|  62|0x0000000083e00000, 0x0000000083e00000, 0x0000000083f00000|  0%| F|  |TAMS 0x0000000083e00000| PB 0x0000000083e00000| Untracked 
|  63|0x0000000083f00000, 0x0000000083f00000, 0x0000000084000000|  0%| F|  |TAMS 0x0000000083f00000| PB 0x0000000083f00000| Untracked 
|  64|0x0000000084000000, 0x0000000084000000, 0x0000000084100000|  0%| F|  |TAMS 0x0000000084000000| PB 0x0000000084000000| Untracked 
|  65|0x0000000084100000, 0x0000000084100000, 0x0000000084200000|  0%| F|  |TAMS 0x0000000084100000| PB 0x0000000084100000| Untracked 
|  66|0x0000000084200000, 0x0000000084200000, 0x0000000084300000|  0%| F|  |TAMS 0x0000000084200000| PB 0x0000000084200000| Untracked 
|  67|0x0000000084300000, 0x0000000084300000, 0x0000000084400000|  0%| F|  |TAMS 0x0000000084300000| PB 0x0000000084300000| Untracked 
|  68|0x0000000084400000, 0x0000000084400000, 0x0000000084500000|  0%| F|  |TAMS 0x0000000084400000| PB 0x0000000084400000| Untracked 
|  69|0x0000000084500000, 0x0000000084500000, 0x0000000084600000|  0%| F|  |TAMS 0x0000000084500000| PB 0x0000000084500000| Untracked 
|  70|0x0000000084600000, 0x0000000084600000, 0x0000000084700000|  0%| F|  |TAMS 0x0000000084600000| PB 0x0000000084600000| Untracked 
|  71|0x0000000084700000, 0x0000000084700000, 0x0000000084800000|  0%| F|  |TAMS 0x0000000084700000| PB 0x0000000084700000| Untracked 
|  72|0x0000000084800000, 0x0000000084800000, 0x0000000084900000|  0%| F|  |TAMS 0x0000000084800000| PB 0x0000000084800000| Untracked 
|  73|0x0000000084900000, 0x0000000084900000, 0x0000000084a00000|  0%| F|  |TAMS 0x0000000084900000| PB 0x0000000084900000| Untracked 
|  74|0x0000000084a00000, 0x0000000084a00000, 0x0000000084b00000|  0%| F|  |TAMS 0x0000000084a00000| PB 0x0000000084a00000| Untracked 
|  75|0x0000000084b00000, 0x0000000084b00000, 0x0000000084c00000|  0%| F|  |TAMS 0x0000000084b00000| PB 0x0000000084b00000| Untracked 
|  76|0x0000000084c00000, 0x0000000084c00000, 0x0000000084d00000|  0%| F|  |TAMS 0x0000000084c00000| PB 0x0000000084c00000| Untracked 
|  77|0x0000000084d00000, 0x0000000084d00000, 0x0000000084e00000|  0%| F|  |TAMS 0x0000000084d00000| PB 0x0000000084d00000| Untracked 
|  78|0x0000000084e00000, 0x0000000084e00000, 0x0000000084f00000|  0%| F|  |TAMS 0x0000000084e00000| PB 0x0000000084e00000| Untracked 
|  79|0x0000000084f00000, 0x0000000084f00000, 0x0000000085000000|  0%| F|  |TAMS 0x0000000084f00000| PB 0x0000000084f00000| Untracked 
|  80|0x0000000085000000, 0x0000000085000000, 0x0000000085100000|  0%| F|  |TAMS 0x0000000085000000| PB 0x0000000085000000| Untracked 
|  81|0x0000000085100000, 0x0000000085100000, 0x0000000085200000|  0%| F|  |TAMS 0x0000000085100000| PB 0x0000000085100000| Untracked 
|  82|0x0000000085200000, 0x0000000085200000, 0x0000000085300000|  0%| F|  |TAMS 0x0000000085200000| PB 0x0000000085200000| Untracked 
|  83|0x0000000085300000, 0x0000000085300000, 0x0000000085400000|  0%| F|  |TAMS 0x0000000085300000| PB 0x0000000085300000| Untracked 
|  84|0x0000000085400000, 0x0000000085400000, 0x0000000085500000|  0%| F|  |TAMS 0x0000000085400000| PB 0x0000000085400000| Untracked 
|  85|0x0000000085500000, 0x0000000085500000, 0x0000000085600000|  0%| F|  |TAMS 0x0000000085500000| PB 0x0000000085500000| Untracked 
|  86|0x0000000085600000, 0x0000000085600000, 0x0000000085700000|  0%| F|  |TAMS 0x0000000085600000| PB 0x0000000085600000| Untracked 
|  87|0x0000000085700000, 0x0000000085700000, 0x0000000085800000|  0%| F|  |TAMS 0x0000000085700000| PB 0x0000000085700000| Untracked 
|  88|0x0000000085800000, 0x0000000085800000, 0x0000000085900000|  0%| F|  |TAMS 0x0000000085800000| PB 0x0000000085800000| Untracked 
|  89|0x0000000085900000, 0x0000000085900000, 0x0000000085a00000|  0%| F|  |TAMS 0x0000000085900000| PB 0x0000000085900000| Untracked 
|  90|0x0000000085a00000, 0x0000000085a00000, 0x0000000085b00000|  0%| F|  |TAMS 0x0000000085a00000| PB 0x0000000085a00000| Untracked 
|  91|0x0000000085b00000, 0x0000000085c00000, 0x0000000085c00000|100%| S|CS|TAMS 0x0000000085b00000| PB 0x0000000085b00000| Complete 
|  92|0x0000000085c00000, 0x0000000085d00000, 0x0000000085d00000|100%| S|CS|TAMS 0x0000000085c00000| PB 0x0000000085c00000| Complete 
|  93|0x0000000085d00000, 0x0000000085e00000, 0x0000000085e00000|100%| S|CS|TAMS 0x0000000085d00000| PB 0x0000000085d00000| Complete 
|  94|0x0000000085e00000, 0x0000000085f00000, 0x0000000085f00000|100%| S|CS|TAMS 0x0000000085e00000| PB 0x0000000085e00000| Complete 
|  95|0x0000000085f00000, 0x0000000085f00000, 0x0000000086000000|  0%| F|  |TAMS 0x0000000085f00000| PB 0x0000000085f00000| Untracked 
|  96|0x0000000086000000, 0x0000000086000000, 0x0000000086100000|  0%| F|  |TAMS 0x0000000086000000| PB 0x0000000086000000| Untracked 
|  97|0x0000000086100000, 0x0000000086100000, 0x0000000086200000|  0%| F|  |TAMS 0x0000000086100000| PB 0x0000000086100000| Untracked 
|  98|0x0000000086200000, 0x0000000086284508, 0x0000000086300000| 51%| E|  |TAMS 0x0000000086200000| PB 0x0000000086200000| Complete 
|  99|0x0000000086300000, 0x0000000086400000, 0x0000000086400000|100%| E|CS|TAMS 0x0000000086300000| PB 0x0000000086300000| Complete 
| 100|0x0000000086400000, 0x0000000086500000, 0x0000000086500000|100%| E|CS|TAMS 0x0000000086400000| PB 0x0000000086400000| Complete 
| 101|0x0000000086500000, 0x0000000086600000, 0x0000000086600000|100%| E|CS|TAMS 0x0000000086500000| PB 0x0000000086500000| Complete 
| 102|0x0000000086600000, 0x0000000086700000, 0x0000000086700000|100%| E|CS|TAMS 0x0000000086600000| PB 0x0000000086600000| Complete 
| 103|0x0000000086700000, 0x0000000086800000, 0x0000000086800000|100%| E|CS|TAMS 0x0000000086700000| PB 0x0000000086700000| Complete 
| 104|0x0000000086800000, 0x0000000086900000, 0x0000000086900000|100%| E|CS|TAMS 0x0000000086800000| PB 0x0000000086800000| Complete 
| 105|0x0000000086900000, 0x0000000086a00000, 0x0000000086a00000|100%| E|CS|TAMS 0x0000000086900000| PB 0x0000000086900000| Complete 
| 106|0x0000000086a00000, 0x0000000086b00000, 0x0000000086b00000|100%| E|CS|TAMS 0x0000000086a00000| PB 0x0000000086a00000| Complete 
| 107|0x0000000086b00000, 0x0000000086c00000, 0x0000000086c00000|100%| E|CS|TAMS 0x0000000086b00000| PB 0x0000000086b00000| Complete 
| 109|0x0000000086d00000, 0x0000000086e00000, 0x0000000086e00000|100%| E|CS|TAMS 0x0000000086d00000| PB 0x0000000086d00000| Complete 
| 110|0x0000000086e00000, 0x0000000086f00000, 0x0000000086f00000|100%| E|CS|TAMS 0x0000000086e00000| PB 0x0000000086e00000| Complete 
| 111|0x0000000086f00000, 0x0000000087000000, 0x0000000087000000|100%| E|CS|TAMS 0x0000000086f00000| PB 0x0000000086f00000| Complete 
| 112|0x0000000087000000, 0x0000000087100000, 0x0000000087100000|100%| E|CS|TAMS 0x0000000087000000| PB 0x0000000087000000| Complete 

Card table byte_map: [0x000001fb26420000,0x000001fb26820000] _byte_map_base: 0x000001fb26020000

Marking Bits: (CMBitMap*) 0x000001fb1292b560
 Bits: [0x000001fb26820000, 0x000001fb28820000)

Polling page: 0x000001fb104f0000

Metaspace:

Usage:
  Non-class:     49.70 MB used.
      Class:      8.57 MB used.
       Both:     58.27 MB used.

Virtual space:
  Non-class space:       64.00 MB reserved,      50.62 MB ( 79%) committed,  1 nodes.
      Class space:      416.00 MB reserved,       9.50 MB (  2%) committed,  1 nodes.
             Both:      480.00 MB reserved,      60.12 MB ( 13%) committed. 

Chunk freelists:
   Non-Class:  12.55 MB
       Class:  6.47 MB
        Both:  19.02 MB

MaxMetaspaceSize: 512.00 MB
CompressedClassSpaceSize: 416.00 MB
Initial GC threshold: 21.00 MB
Current GC threshold: 98.06 MB
CDS: on
 - commit_granule_bytes: 65536.
 - commit_granule_words: 8192.
 - virtual_space_node_default_size: 8388608.
 - enlarge_chunks_in_place: 1.
 - use_allocation_guard: 0.


Internal statistics:

num_allocs_failed_limit: 9.
num_arena_births: 3490.
num_arena_deaths: 0.
num_vsnodes_births: 2.
num_vsnodes_deaths: 0.
num_space_committed: 962.
num_space_uncommitted: 0.
num_chunks_returned_to_freelist: 9.
num_chunks_taken_from_freelist: 6377.
num_chunk_merges: 6.
num_chunk_splits: 4101.
num_chunks_enlarged: 2471.
num_inconsistent_stats: 0.

CodeHeap 'non-profiled nmethods': size=128192Kb used=3855Kb max_used=3999Kb free=124337Kb
 bounds [0x000001fb1dda0000, 0x000001fb1e190000, 0x000001fb25ad0000]
CodeHeap 'profiled nmethods': size=128192Kb used=12651Kb max_used=12928Kb free=115540Kb
 bounds [0x000001fb15ad0000, 0x000001fb16780000, 0x000001fb1d800000]
CodeHeap 'non-nmethods': size=5760Kb used=1919Kb max_used=1940Kb free=3840Kb
 bounds [0x000001fb1d800000, 0x000001fb1da70000, 0x000001fb1dda0000]
CodeCache: size=262144Kb, used=18425Kb, max_used=18867Kb, free=243717Kb
 total_blobs=7612, nmethods=6825, adapters=691, full_count=0
Compilation: enabled, stopped_count=0, restarted_count=0

Compilation events (20 events):
Event: 48.735 Thread 0x000001fb2b48fa00 nmethod 7586 0x000001fb15c9c190 code [0x000001fb15c9c380, 0x000001fb15c9c870]
Event: 48.740 Thread 0x000001fb2b48fa00 7587       1       org.gradle.internal.dispatch.ProxyDispatchAdapter::getSource (5 bytes)
Event: 48.740 Thread 0x000001fb2b48fa00 nmethod 7587 0x000001fb1ddfe290 code [0x000001fb1ddfe420, 0x000001fb1ddfe4e8]
Event: 48.789 Thread 0x000001fb2b4830c0 7589   !   4       jdk.internal.reflect.UTF8::encode (191 bytes)
Event: 48.790 Thread 0x000001fb2b48fa00 7590       3       jdk.internal.reflect.ClassFileAssembler::getLength (11 bytes)
Event: 48.790 Thread 0x000001fb2b48fa00 nmethod 7590 0x000001fb15c9bd10 code [0x000001fb15c9bec0, 0x000001fb15c9c090]
Event: 48.797 Thread 0x000001fb2b4830c0 nmethod 7589 0x000001fb1df64290 code [0x000001fb1df64460, 0x000001fb1df64918]
Event: 48.797 Thread 0x000001fb2b4830c0 7591       4       jdk.internal.reflect.ClassFileAssembler::emitConstantPoolUTF8 (50 bytes)
Event: 48.799 Thread 0x000001fb2b48fa00 7592       3       java.io.ObjectStreamClass::requireInitialized (19 bytes)
Event: 48.799 Thread 0x000001fb2b48fa00 nmethod 7592 0x000001fb16291010 code [0x000001fb162911c0, 0x000001fb162913c8]
Event: 48.814 Thread 0x000001fb2b48fa00 7593       3       jdk.internal.reflect.ClassFileAssembler::incStack (11 bytes)
Event: 48.814 Thread 0x000001fb2b48fa00 nmethod 7593 0x000001fb15b8f990 code [0x000001fb15b8fb40, 0x000001fb15b8fcf8]
Event: 48.816 Thread 0x000001fb2b4830c0 nmethod 7591 0x000001fb1df62c90 code [0x000001fb1df62f00, 0x000001fb1df63938]
Event: 48.816 Thread 0x000001fb2b4830c0 7588       4       jdk.internal.reflect.UTF8::utf8Length (81 bytes)
Event: 48.819 Thread 0x000001fb2b4830c0 nmethod 7588 0x000001fb1df62710 code [0x000001fb1df628c0, 0x000001fb1df62a70]
Event: 48.831 Thread 0x000001fb2b4830c0 7594 %     4       org.gradle.internal.instantiation.generator.AbstractClassGenerator::inspectType @ 250 (560 bytes)
Event: 48.857 Thread 0x000001fb2b48fa00 7595       3       java.util.stream.Collector::of (73 bytes)
Event: 48.858 Thread 0x000001fb2b48fa00 nmethod 7595 0x000001fb15bf1e10 code [0x000001fb15bf20e0, 0x000001fb15bf30d8]
Event: 48.869 Thread 0x000001fb2b48fa00 7596       3       java.lang.reflect.Method::getDeclaredAnnotations (5 bytes)
Event: 48.869 Thread 0x000001fb2b48fa00 nmethod 7596 0x000001fb162ad810 code [0x000001fb162ada00, 0x000001fb162adea8]

GC Heap History (20 events):
Event: 2.909 GC heap before
{Heap before GC invocations=3 (full 0):
 garbage-first heap   total 126976K, used 87754K [0x0000000080000000, 0x0000000100000000)
  region size 1024K, 74 young (75776K), 5 survivors (5120K)
 Metaspace       used 17663K, committed 18176K, reserved 491520K
  class space    used 2531K, committed 2752K, reserved 425984K
}
Event: 2.919 GC heap after
{Heap after GC invocations=4 (full 0):
 garbage-first heap   total 126976K, used 22737K [0x0000000080000000, 0x0000000100000000)
  region size 1024K, 10 young (10240K), 10 survivors (10240K)
 Metaspace       used 17663K, committed 18176K, reserved 491520K
  class space    used 2531K, committed 2752K, reserved 425984K
}
Event: 5.016 GC heap before
{Heap before GC invocations=4 (full 0):
 garbage-first heap   total 126976K, used 47313K [0x0000000080000000, 0x0000000100000000)
  region size 1024K, 35 young (35840K), 10 survivors (10240K)
 Metaspace       used 20828K, committed 21504K, reserved 491520K
  class space    used 3077K, committed 3392K, reserved 425984K
}
Event: 5.028 GC heap after
{Heap after GC invocations=5 (full 0):
 garbage-first heap   total 126976K, used 25481K [0x0000000080000000, 0x0000000100000000)
  region size 1024K, 3 young (3072K), 3 survivors (3072K)
 Metaspace       used 20828K, committed 21504K, reserved 491520K
  class space    used 3077K, committed 3392K, reserved 425984K
}
Event: 11.397 GC heap before
{Heap before GC invocations=6 (full 0):
 garbage-first heap   total 89088K, used 86921K [0x0000000080000000, 0x0000000100000000)
  region size 1024K, 64 young (65536K), 3 survivors (3072K)
 Metaspace       used 31492K, committed 32384K, reserved 491520K
  class space    used 4514K, committed 4928K, reserved 425984K
}
Event: 11.409 GC heap after
{Heap after GC invocations=7 (full 0):
 garbage-first heap   total 116736K, used 30303K [0x0000000080000000, 0x0000000100000000)
  region size 1024K, 8 young (8192K), 8 survivors (8192K)
 Metaspace       used 31492K, committed 32384K, reserved 491520K
  class space    used 4514K, committed 4928K, reserved 425984K
}
Event: 15.720 GC heap before
{Heap before GC invocations=7 (full 0):
 garbage-first heap   total 116736K, used 93791K [0x0000000080000000, 0x0000000100000000)
  region size 1024K, 68 young (69632K), 8 survivors (8192K)
 Metaspace       used 34823K, committed 35968K, reserved 491520K
  class space    used 4903K, committed 5440K, reserved 425984K
}
Event: 15.732 GC heap after
{Heap after GC invocations=8 (full 0):
 garbage-first heap   total 116736K, used 33317K [0x0000000080000000, 0x0000000100000000)
  region size 1024K, 4 young (4096K), 4 survivors (4096K)
 Metaspace       used 34823K, committed 35968K, reserved 491520K
  class space    used 4903K, committed 5440K, reserved 425984K
}
Event: 15.804 GC heap before
{Heap before GC invocations=8 (full 0):
 garbage-first heap   total 116736K, used 33317K [0x0000000080000000, 0x0000000100000000)
  region size 1024K, 5 young (5120K), 4 survivors (4096K)
 Metaspace       used 34905K, committed 35968K, reserved 491520K
  class space    used 4920K, committed 5440K, reserved 425984K
}
Event: 15.808 GC heap after
{Heap after GC invocations=9 (full 0):
 garbage-first heap   total 116736K, used 33063K [0x0000000080000000, 0x0000000100000000)
  region size 1024K, 4 young (4096K), 4 survivors (4096K)
 Metaspace       used 34905K, committed 35968K, reserved 491520K
  class space    used 4920K, committed 5440K, reserved 425984K
}
Event: 24.230 GC heap before
{Heap before GC invocations=10 (full 0):
 garbage-first heap   total 112640K, used 96551K [0x0000000080000000, 0x0000000100000000)
  region size 1024K, 66 young (67584K), 4 survivors (4096K)
 Metaspace       used 41624K, committed 43136K, reserved 491520K
  class space    used 6057K, committed 6784K, reserved 425984K
}
Event: 24.238 GC heap after
{Heap after GC invocations=11 (full 0):
 garbage-first heap   total 112640K, used 35674K [0x0000000080000000, 0x0000000100000000)
  region size 1024K, 6 young (6144K), 6 survivors (6144K)
 Metaspace       used 41624K, committed 43136K, reserved 491520K
  class space    used 6057K, committed 6784K, reserved 425984K
}
Event: 31.578 GC heap before
{Heap before GC invocations=11 (full 0):
 garbage-first heap   total 112640K, used 97114K [0x0000000080000000, 0x0000000100000000)
  region size 1024K, 66 young (67584K), 6 survivors (6144K)
 Metaspace       used 46360K, committed 47936K, reserved 491520K
  class space    used 6835K, committed 7616K, reserved 425984K
}
Event: 31.588 GC heap after
{Heap after GC invocations=12 (full 0):
 garbage-first heap   total 112640K, used 37368K [0x0000000080000000, 0x0000000100000000)
  region size 1024K, 6 young (6144K), 6 survivors (6144K)
 Metaspace       used 46360K, committed 47936K, reserved 491520K
  class space    used 6835K, committed 7616K, reserved 425984K
}
Event: 41.835 GC heap before
{Heap before GC invocations=12 (full 0):
 garbage-first heap   total 112640K, used 98808K [0x0000000080000000, 0x0000000100000000)
  region size 1024K, 66 young (67584K), 6 survivors (6144K)
 Metaspace       used 50261K, committed 52096K, reserved 491520K
  class space    used 7429K, committed 8320K, reserved 425984K
}
Event: 41.848 GC heap after
{Heap after GC invocations=13 (full 0):
 garbage-first heap   total 112640K, used 40807K [0x0000000080000000, 0x0000000100000000)
  region size 1024K, 6 young (6144K), 6 survivors (6144K)
 Metaspace       used 50261K, committed 52096K, reserved 491520K
  class space    used 7429K, committed 8320K, reserved 425984K
}
Event: 46.356 GC heap before
{Heap before GC invocations=13 (full 0):
 garbage-first heap   total 112640K, used 104295K [0x0000000080000000, 0x0000000100000000)
  region size 1024K, 64 young (65536K), 6 survivors (6144K)
 Metaspace       used 56228K, committed 58048K, reserved 491520K
  class space    used 8324K, committed 9216K, reserved 425984K
}
Event: 46.370 GC heap after
{Heap after GC invocations=14 (full 0):
 garbage-first heap   total 114688K, used 48448K [0x0000000080000000, 0x0000000100000000)
  region size 1024K, 7 young (7168K), 7 survivors (7168K)
 Metaspace       used 56228K, committed 58048K, reserved 491520K
  class space    used 8324K, committed 9216K, reserved 425984K
}
Event: 47.404 GC heap before
{Heap before GC invocations=14 (full 0):
 garbage-first heap   total 114688K, used 62784K [0x0000000080000000, 0x0000000100000000)
  region size 1024K, 22 young (22528K), 7 survivors (7168K)
 Metaspace       used 58253K, committed 60096K, reserved 491520K
  class space    used 8576K, committed 9472K, reserved 425984K
}
Event: 47.412 GC heap after
{Heap after GC invocations=15 (full 0):
 garbage-first heap   total 114688K, used 48996K [0x0000000080000000, 0x0000000100000000)
  region size 1024K, 4 young (4096K), 4 survivors (4096K)
 Metaspace       used 58253K, committed 60096K, reserved 491520K
  class space    used 8576K, committed 9472K, reserved 425984K
}

Dll operation events (20 events):
Event: 0.101 Attempting to load shared library C:\Users\user5\.vscode\extensions\redhat.java-1.56.0-win32-x64\jre\21.0.12.1-win32-x86_64\bin\zip.dll
Event: 0.101 Loaded shared library C:\Users\user5\.vscode\extensions\redhat.java-1.56.0-win32-x64\jre\21.0.12.1-win32-x86_64\bin\zip.dll
Event: 0.247 Attempting to load shared library C:\Users\user5\.vscode\extensions\redhat.java-1.56.0-win32-x64\jre\21.0.12.1-win32-x86_64\bin\jimage.dll
Event: 0.247 Loaded shared library C:\Users\user5\.vscode\extensions\redhat.java-1.56.0-win32-x64\jre\21.0.12.1-win32-x86_64\bin\jimage.dll
Event: 0.332 Attempting to load shared library C:\Users\user5\.vscode\extensions\redhat.java-1.56.0-win32-x64\jre\21.0.12.1-win32-x86_64\bin\verify.dll
Event: 0.333 Loaded shared library C:\Users\user5\.vscode\extensions\redhat.java-1.56.0-win32-x64\jre\21.0.12.1-win32-x86_64\bin\verify.dll
Event: 0.434 Attempting to load shared library D:\gradle_cache\native\1def1411415f61bf3af743bc5b6707747c0891f09f0c88961ee8f79bc544acac\windows-amd64\native-platform.dll
Event: 0.435 Loaded shared library D:\gradle_cache\native\1def1411415f61bf3af743bc5b6707747c0891f09f0c88961ee8f79bc544acac\windows-amd64\native-platform.dll
Event: 0.439 Attempting to load shared library D:\gradle_cache\native\0.2.5\x86_64-windows-gnu\gradle-fileevents.dll
Event: 0.440 Loaded shared library D:\gradle_cache\native\0.2.5\x86_64-windows-gnu\gradle-fileevents.dll
Event: 1.074 Attempting to load shared library C:\Users\user5\.vscode\extensions\redhat.java-1.56.0-win32-x64\jre\21.0.12.1-win32-x86_64\bin\management.dll
Event: 1.075 Loaded shared library C:\Users\user5\.vscode\extensions\redhat.java-1.56.0-win32-x64\jre\21.0.12.1-win32-x86_64\bin\management.dll
Event: 1.078 Attempting to load shared library C:\Users\user5\.vscode\extensions\redhat.java-1.56.0-win32-x64\jre\21.0.12.1-win32-x86_64\bin\management_ext.dll
Event: 1.079 Loaded shared library C:\Users\user5\.vscode\extensions\redhat.java-1.56.0-win32-x64\jre\21.0.12.1-win32-x86_64\bin\management_ext.dll
Event: 1.273 Attempting to load shared library C:\Users\user5\.vscode\extensions\redhat.java-1.56.0-win32-x64\jre\21.0.12.1-win32-x86_64\bin\extnet.dll
Event: 1.274 Loaded shared library C:\Users\user5\.vscode\extensions\redhat.java-1.56.0-win32-x64\jre\21.0.12.1-win32-x86_64\bin\extnet.dll
Event: 1.466 Attempting to load shared library C:\Users\user5\.vscode\extensions\redhat.java-1.56.0-win32-x64\jre\21.0.12.1-win32-x86_64\bin\sunmscapi.dll
Event: 1.469 Loaded shared library C:\Users\user5\.vscode\extensions\redhat.java-1.56.0-win32-x64\jre\21.0.12.1-win32-x86_64\bin\sunmscapi.dll
Event: 2.639 Attempting to load shared library D:\temp\native-platform5000189346263972232dir\gradle-fileevents.dll
Event: 2.702 Loaded shared library D:\temp\native-platform5000189346263972232dir\gradle-fileevents.dll

Deoptimization events (20 events):
Event: 47.557 Thread 0x000001fb4ca6b390 Uncommon trap: trap_request=0xffffff45 fr.pc=0x000001fb1de1d2bc relative=0x000000000000009c
Event: 47.557 Thread 0x000001fb4ca6b390 Uncommon trap: reason=unstable_if action=reinterpret pc=0x000001fb1de1d2bc method=java.lang.CharacterDataLatin1.isWhitespace(I)Z @ 14 c2
Event: 47.557 Thread 0x000001fb4ca6b390 DEOPT PACKING pc=0x000001fb1de1d2bc sp=0x0000005d249f1e90
Event: 47.557 Thread 0x000001fb4ca6b390 DEOPT UNPACKING pc=0x000001fb1d854422 sp=0x0000005d249f1e00 mode 2
Event: 48.123 Thread 0x000001fb4ca6b390 Uncommon trap: trap_request=0xffffff45 fr.pc=0x000001fb1df716d8 relative=0x00000000000000b8
Event: 48.123 Thread 0x000001fb4ca6b390 Uncommon trap: reason=unstable_if action=reinterpret pc=0x000001fb1df716d8 method=jdk.internal.util.xml.impl.Parser.bappend(CC)V @ 1 c2
Event: 48.123 Thread 0x000001fb4ca6b390 DEOPT PACKING pc=0x000001fb1df716d8 sp=0x0000005d249f1d20
Event: 48.123 Thread 0x000001fb4ca6b390 DEOPT UNPACKING pc=0x000001fb1d854422 sp=0x0000005d249f1ca8 mode 2
Event: 48.124 Thread 0x000001fb4ca6b390 Uncommon trap: trap_request=0xffffff45 fr.pc=0x000001fb1dfce314 relative=0x0000000000000074
Event: 48.124 Thread 0x000001fb4ca6b390 Uncommon trap: reason=unstable_if action=reinterpret pc=0x000001fb1dfce314 method=jdk.internal.util.xml.impl.Parser.ensureCapacity(I)V @ 40 c2
Event: 48.124 Thread 0x000001fb4ca6b390 DEOPT PACKING pc=0x000001fb1dfce314 sp=0x0000005d249f1d20
Event: 48.124 Thread 0x000001fb4ca6b390 DEOPT UNPACKING pc=0x000001fb1d854422 sp=0x0000005d249f1c98 mode 2
Event: 48.430 Thread 0x000001fb4ca6b390 Uncommon trap: trap_request=0xffffff45 fr.pc=0x000001fb1df7cb7c relative=0x00000000000000bc
Event: 48.430 Thread 0x000001fb4ca6b390 Uncommon trap: reason=unstable_if action=reinterpret pc=0x000001fb1df7cb7c method=java.lang.invoke.LambdaForm$BasicType.basicType(C)Ljava/lang/invoke/LambdaForm$BasicType; @ 1 c2
Event: 48.430 Thread 0x000001fb4ca6b390 DEOPT PACKING pc=0x000001fb1df7cb7c sp=0x0000005d249f2460
Event: 48.430 Thread 0x000001fb4ca6b390 DEOPT UNPACKING pc=0x000001fb1d854422 sp=0x0000005d249f2390 mode 2
Event: 48.563 Thread 0x000001fb4ca6b390 Uncommon trap: trap_request=0xffffffcc fr.pc=0x000001fb1e170dd8 relative=0x0000000000001778
Event: 48.563 Thread 0x000001fb4ca6b390 Uncommon trap: reason=intrinsic_or_type_checked_inlining action=make_not_entrant pc=0x000001fb1e170dd8 method=java.util.ArrayList$SubList.toArray([Ljava/lang/Object;)[Ljava/lang/Object; @ 58 c2
Event: 48.563 Thread 0x000001fb4ca6b390 DEOPT PACKING pc=0x000001fb1e170dd8 sp=0x0000005d249f3920
Event: 48.563 Thread 0x000001fb4ca6b390 DEOPT UNPACKING pc=0x000001fb1d854422 sp=0x0000005d249f3858 mode 2

Classes loaded (20 events):
Event: 48.277 Loading class jdk/jfr/Recording
Event: 48.278 Loading class jdk/jfr/Recording done
Event: 48.278 Loading class jdk/management/jfr/FlightRecorderMXBeanImpl$MXBeanListener
Event: 48.278 Loading class jdk/jfr/FlightRecorderListener
Event: 48.278 Loading class jdk/jfr/FlightRecorderListener done
Event: 48.278 Loading class jdk/management/jfr/FlightRecorderMXBeanImpl$MXBeanListener done
Event: 48.278 Loading class jdk/jfr/FlightRecorder
Event: 48.278 Loading class jdk/jfr/FlightRecorder done
Event: 48.427 Loading class com/sun/jmx/mbeanserver/StandardMBeanSupport
Event: 48.428 Loading class com/sun/jmx/mbeanserver/StandardMBeanSupport done
Event: 48.428 Loading class com/sun/jmx/mbeanserver/StandardMBeanIntrospector
Event: 48.429 Loading class com/sun/jmx/mbeanserver/StandardMBeanIntrospector done
Event: 48.694 Loading class jdk/internal/reflect/MethodHandleLongFieldAccessorImpl
Event: 48.699 Loading class jdk/internal/reflect/MethodHandleLongFieldAccessorImpl done
Event: 48.709 Loading class java/io/SerialCallbackContext
Event: 48.709 Loading class java/io/SerialCallbackContext done
Event: 48.771 Loading class java/io/ObjectStreamClass$ExceptionInfo
Event: 48.771 Loading class java/io/ObjectStreamClass$ExceptionInfo done
Event: 48.805 Loading class java/util/HashMap$UnsafeHolder
Event: 48.805 Loading class java/util/HashMap$UnsafeHolder done

Classes unloaded (0 events):
No events

Classes redefined (0 events):
No events

Internal exceptions (20 events):
Event: 37.432 Thread 0x000001fb4ca6b390 Exception <a 'java/lang/NoSuchMethodError'{0x00000000858a5790}: 'java.lang.Object java.lang.invoke.Invokers$Holder.linkToTargetMethod(java.lang.Object, java.lang.Object, java.lang.Object, int, java.lang.Object, java.lang.Object)'> (0x00000000858a5790) 
thrown [s\src\hotspot\share\interpreter\linkResolver.cpp, line 773]
Event: 40.312 Thread 0x000001fb4ca6b390 Exception <a 'java/lang/NoSuchMethodError'{0x0000000084ca0ce0}: 'java.lang.Object java.lang.invoke.DirectMethodHandle$Holder.invokeSpecialIFC(java.lang.Object, java.lang.Object, java.lang.Object)'> (0x0000000084ca0ce0) 
thrown [s\src\hotspot\share\interpreter\linkResolver.cpp, line 773]
Event: 41.804 Thread 0x000001fb4ca6b390 Exception <a 'java/lang/NoSuchMethodError'{0x000000008326ddc8}: 'java.lang.Object java.lang.invoke.DirectMethodHandle$Holder.newInvokeSpecial(java.lang.Object, java.lang.Object, java.lang.Object, java.lang.Object, java.lang.Object, java.lang.Object, java.lang.Object, java.lang.Object, java.lang.Object, java.lang.Object, java.lang.Object, java.lang.Object, java.lang.Object, java.lang.Object, java.lang.Object, java.lang.Object)'> (0x000000008326ddc8) 
thrown [s\src\hotspot\share\interpreter\linkResolver.cpp,
Event: 41.805 Thread 0x000001fb4ca6b390 Exception <a 'java/lang/NoSuchMethodError'{0x0000000083275250}: 'java.lang.Object java.lang.invoke.DirectMethodHandle$Holder.invokeSpecial(java.lang.Object, java.lang.Object, java.lang.Object, java.lang.Object, java.lang.Object, java.lang.Object, java.lang.Object, java.lang.Object, java.lang.Object, java.lang.Object, java.lang.Object, java.lang.Object, java.lang.Object, java.lang.Object, java.lang.Object, java.lang.Object, java.lang.Object)'> (0x0000000083275250) 
thrown [s\src\hotspot\share\interpreter\li
Event: 41.805 Thread 0x000001fb4ca6b390 Exception <a 'java/lang/NoSuchMethodError'{0x000000008327b640}: 'java.lang.Object java.lang.invoke.DelegatingMethodHandle$Holder.reinvoke_L(java.lang.Object, java.lang.Object, java.lang.Object, java.lang.Object, java.lang.Object, java.lang.Object, java.lang.Object, java.lang.Object, java.lang.Object, java.lang.Object, java.lang.Object, java.lang.Object, java.lang.Object, java.lang.Object, java.lang.Object, java.lang.Object)'> (0x000000008327b640) 
thrown [s\src\hotspot\share\interpreter\linkResolver.cpp, l
Event: 42.948 Thread 0x000001fb4ca6b390 Exception <a 'java/lang/NoSuchMethodError'{0x0000000085d66bd8}: 'java.lang.Object java.lang.invoke.DirectMethodHandle$Holder.newInvokeSpecial(java.lang.Object, java.lang.Object, java.lang.Object, java.lang.Object, java.lang.Object, java.lang.Object, java.lang.Object, java.lang.Object, java.lang.Object, java.lang.Object, java.lang.Object, java.lang.Object, java.lang.Object, java.lang.Object, java.lang.Object, java.lang.Object, java.lang.Object, java.lang.Object, java.lang.Object, java.lang.Object, java.lang
Event: 46.619 Thread 0x000001fb4ca6b390 Exception <a 'java/lang/ClassNotFoundException'{0x00000000869cf2f8}: sun/misc/SharedSecrets> (0x00000000869cf2f8) 
thrown [s\src\hotspot\share\classfile\systemDictionary.cpp, line 313]
Event: 46.619 Thread 0x000001fb4ca6b390 Exception <a 'java/lang/NoClassDefFoundError'{0x00000000869d13a0}: com/android/Version> (0x00000000869d13a0) 
thrown [s\src\hotspot\share\classfile\systemDictionary.cpp, line 302]
Event: 47.088 Thread 0x000001fb4ca6b390 Exception <a 'java/lang/NoSuchMethodError'{0x00000000862b1738}: static Lorg/jetbrains/kotlin/gradle/plugin/internal/DefaultProjectIsolationStartParameterAccessor$Factory;.<clinit>()V> (0x00000000862b1738) 
thrown [s\src\hotspot\share\prims\jni.cpp, line 1111]
Event: 47.122 Thread 0x000001fb4ca6b390 Exception <a 'java/lang/NoSuchMethodError'{0x00000000862fdc70}: static Lorg/jetbrains/kotlin/gradle/plugin/internal/DefaultJavaExecTaskParametersCompatibility$Factory;.<clinit>()V> (0x00000000862fdc70) 
thrown [s\src\hotspot\share\prims\jni.cpp, line 1111]
Event: 47.130 Thread 0x000001fb4ca6b390 Exception <a 'java/lang/NoSuchMethodError'{0x0000000086148860}: static Lorg/jetbrains/kotlin/gradle/plugin/internal/DefaultMavenPublicationComponentAccessorFactory;.<clinit>()V> (0x0000000086148860) 
thrown [s\src\hotspot\share\prims\jni.cpp, line 1111]
Event: 47.141 Thread 0x000001fb4ca6b390 Exception <a 'java/lang/NoSuchMethodError'{0x00000000861701c0}: static Lorg/jetbrains/kotlin/gradle/plugin/diagnostics/ProblemsReporterG811$Factory;.<clinit>()V> (0x00000000861701c0) 
thrown [s\src\hotspot\share\prims\jni.cpp, line 1111]
Event: 47.162 Thread 0x000001fb4ca6b390 Exception <a 'java/lang/NoSuchMethodError'{0x00000000861a4148}: static Lorg/jetbrains/kotlin/gradle/plugin/internal/DefaultCompatibilityConventionRegistrar$Factory;.<clinit>()V> (0x00000000861a4148) 
thrown [s\src\hotspot\share\prims\jni.cpp, line 1111]
Event: 47.180 Thread 0x000001fb4ca6b390 Exception <a 'java/lang/NoSuchMethodError'{0x00000000861c8ee8}: static Lorg/jetbrains/kotlin/gradle/plugin/internal/DefaultConfigurationCacheStartParameterAccessorVariantFactory;.<clinit>()V> (0x00000000861c8ee8) 
thrown [s\src\hotspot\share\prims\jni.cpp, line 1111]
Event: 47.187 Thread 0x000001fb4ca6b390 Exception <a 'java/lang/NoSuchMethodError'{0x00000000861d3550}: 'void java.lang.invoke.DirectMethodHandle$Holder.invokeSpecial(java.lang.Object, java.lang.Object, java.lang.Object, int)'> (0x00000000861d3550) 
thrown [s\src\hotspot\share\interpreter\linkResolver.cpp, line 773]
Event: 47.364 Thread 0x000001fb4ca6b390 Exception <a 'java/lang/IncompatibleClassChangeError'{0x0000000085f758e0}: Found class java.lang.Object, but interface was expected> (0x0000000085f758e0) 
thrown [s\src\hotspot\share\interpreter\linkResolver.cpp, line 840]
Event: 48.693 Thread 0x000001fb4ca6b390 Exception <a 'java/lang/NoSuchMethodError'{0x000000008654bdf8}: static Ljava/lang/Object;.<clinit>()V> (0x000000008654bdf8) 
thrown [s\src\hotspot\share\prims\jni.cpp, line 1111]
Event: 48.707 Thread 0x000001fb4ca6b390 Exception <a 'java/lang/NoSuchMethodError'{0x0000000086551b28}: 'long java.lang.invoke.DirectMethodHandle$Holder.invokeSpecial(java.lang.Object, java.lang.Object)'> (0x0000000086551b28) 
thrown [s\src\hotspot\share\interpreter\linkResolver.cpp, line 773]
Event: 48.707 Thread 0x000001fb4ca6b390 Exception <a 'java/lang/NoSuchMethodError'{0x0000000086556d20}: 'long java.lang.invoke.Invokers$Holder.invokeExact_MT(java.lang.Object, java.lang.Object)'> (0x0000000086556d20) 
thrown [s\src\hotspot\share\interpreter\linkResolver.cpp, line 773]
Event: 48.765 Thread 0x000001fb4ca6b390 Exception <a 'java/lang/NoSuchMethodError'{0x000000008647ad08}: static Lorg/jetbrains/kotlin/gradle/plugin/statistics/MetricContainer;.<clinit>()V> (0x000000008647ad08) 
thrown [s\src\hotspot\share\prims\jni.cpp, line 1111]

ZGC Phase Switch (0 events):
No events

VM Operations (20 events):
Event: 42.866 Executing safepoint VM operation: Cleanup
Event: 42.881 Executing safepoint VM operation: Cleanup done
Event: 43.893 Executing safepoint VM operation: Cleanup
Event: 43.893 Executing safepoint VM operation: Cleanup done
Event: 44.906 Executing safepoint VM operation: Cleanup
Event: 44.922 Executing safepoint VM operation: Cleanup done
Event: 45.930 Executing safepoint VM operation: Cleanup
Event: 45.946 Executing safepoint VM operation: Cleanup done
Event: 46.356 Executing safepoint VM operation: G1CollectForAllocation (G1 Evacuation Pause)
Event: 46.370 Executing safepoint VM operation: G1CollectForAllocation (G1 Evacuation Pause) done
Event: 46.539 Executing non-safepoint VM operation: HandshakeAllThreads (Deoptimize)
Event: 46.539 Executing non-safepoint VM operation: HandshakeAllThreads (Deoptimize) done
Event: 47.404 Executing safepoint VM operation: CollectForMetadataAllocation (Metadata GC Threshold)
Event: 47.412 Executing safepoint VM operation: CollectForMetadataAllocation (Metadata GC Threshold) done
Event: 47.434 Executing safepoint VM operation: G1PauseRemark
Event: 47.440 Executing safepoint VM operation: G1PauseRemark done
Event: 47.456 Executing safepoint VM operation: G1PauseCleanup
Event: 47.465 Executing safepoint VM operation: G1PauseCleanup done
Event: 48.477 Executing safepoint VM operation: Cleanup
Event: 48.493 Executing safepoint VM operation: Cleanup done

Memory protections (0 events):
No events

Nmethod flushes (20 events):
Event: 47.439 Thread 0x000001fb2b457030 flushing  nmethod 0x000001fb162e4d90
Event: 47.439 Thread 0x000001fb2b457030 flushing  nmethod 0x000001fb15b86e90
Event: 47.439 Thread 0x000001fb2b457030 flushing  nmethod 0x000001fb15b99e10
Event: 47.439 Thread 0x000001fb2b457030 flushing  nmethod 0x000001fb15bb0b10
Event: 47.439 Thread 0x000001fb2b457030 flushing  nmethod 0x000001fb15bb5e90
Event: 47.439 Thread 0x000001fb2b457030 flushing  nmethod 0x000001fb15bb9b90
Event: 47.439 Thread 0x000001fb2b457030 flushing  nmethod 0x000001fb15bc2f90
Event: 47.439 Thread 0x000001fb2b457030 flushing  nmethod 0x000001fb15bc3810
Event: 47.439 Thread 0x000001fb2b457030 flushing  nmethod 0x000001fb15bc6110
Event: 47.439 Thread 0x000001fb2b457030 flushing  nmethod 0x000001fb15bca690
Event: 47.439 Thread 0x000001fb2b457030 flushing  nmethod 0x000001fb15ed6090
Event: 47.439 Thread 0x000001fb2b457030 flushing  nmethod 0x000001fb15f07b90
Event: 47.439 Thread 0x000001fb2b457030 flushing  nmethod 0x000001fb15f08790
Event: 47.439 Thread 0x000001fb2b457030 flushing  nmethod 0x000001fb15f0d810
Event: 47.439 Thread 0x000001fb2b457030 flushing  nmethod 0x000001fb15f11810
Event: 47.439 Thread 0x000001fb2b457030 flushing  nmethod 0x000001fb15f15f10
Event: 47.439 Thread 0x000001fb2b457030 flushing  nmethod 0x000001fb15f4aa90
Event: 47.439 Thread 0x000001fb2b457030 flushing  nmethod 0x000001fb15f4b490
Event: 47.439 Thread 0x000001fb2b457030 flushing  nmethod 0x000001fb161b1090
Event: 47.439 Thread 0x000001fb2b457030 flushing  nmethod 0x000001fb161b1390

Events (20 events):
Event: 37.647 Thread 0x000001fb4ca6b390 Thread added: 0x000001fb4eff5ba0
Event: 37.653 Thread 0x000001fb4ca6b390 Thread added: 0x000001fb4eff5510
Event: 37.654 Thread 0x000001fb4ca6b390 Thread added: 0x000001fb4eff6230
Event: 37.658 Thread 0x000001fb4ca6b390 Thread added: 0x000001fb4eff7c70
Event: 37.661 Thread 0x000001fb4ca6b390 Thread added: 0x000001fb4eff75e0
Event: 37.666 Thread 0x000001fb4ca6b390 Thread added: 0x000001fb4eff8300
Event: 37.667 Thread 0x000001fb4ca6b390 Thread added: 0x000001fb4eff6f50
Event: 37.668 Thread 0x000001fb4ca6b390 Thread added: 0x000001fb4eff68c0
Event: 40.315 Thread 0x000001fb4ca6b390 Thread added: 0x000001fb4d5efb90
Event: 40.319 Thread 0x000001fb4ca6b390 Thread added: 0x000001fb4d5ecda0
Event: 40.324 Thread 0x000001fb4ca6b390 Thread added: 0x000001fb4d5ee150
Event: 40.326 Thread 0x000001fb4ca6b390 Thread added: 0x000001fb4d5ed430
Event: 40.342 Thread 0x000001fb4ca6b390 Thread added: 0x000001fb4d5eee70
Event: 40.343 Thread 0x000001fb4ca6b390 Thread added: 0x000001fb4d5ec710
Event: 40.344 Thread 0x000001fb4ca6b390 Thread added: 0x000001fb4d5ef500
Event: 40.369 Thread 0x000001fb4ca6b390 Thread added: 0x000001fb4d5edac0
Event: 40.371 Thread 0x000001fb4ca6b390 Thread added: 0x000001fb4d5ee7e0
Event: 40.374 Thread 0x000001fb4ca6b390 Thread added: 0x000001fb2b7d6940
Event: 40.374 Thread 0x000001fb4ca6b390 Thread added: 0x000001fb2b7d34c0
Event: 42.076 Thread 0x000001fb4ca6b390 Thread added: 0x000001fb2b7d4f00


Dynamic libraries:
0x00007ff7a95b0000 - 0x00007ff7a95be000 	C:\Users\user5\.vscode\extensions\redhat.java-1.56.0-win32-x64\jre\21.0.12.1-win32-x86_64\bin\java.exe
0x00007ff8236e0000 - 0x00007ff823947000 	C:\WINDOWS\SYSTEM32\ntdll.dll
0x00007ff822840000 - 0x00007ff82290b000 	C:\WINDOWS\System32\KERNEL32.DLL
0x00007ff820b10000 - 0x00007ff820f12000 	C:\WINDOWS\System32\KERNELBASE.dll
0x00007ff8212a0000 - 0x00007ff8213ec000 	C:\WINDOWS\System32\ucrtbase.dll
0x00007ff810520000 - 0x00007ff810538000 	C:\Users\user5\.vscode\extensions\redhat.java-1.56.0-win32-x64\jre\21.0.12.1-win32-x86_64\bin\jli.dll
0x00007ff813580000 - 0x00007ff81359e000 	C:\Users\user5\.vscode\extensions\redhat.java-1.56.0-win32-x64\jre\21.0.12.1-win32-x86_64\bin\VCRUNTIME140.dll
0x00007ff822450000 - 0x00007ff82261f000 	C:\WINDOWS\System32\USER32.dll
0x00007ff820f20000 - 0x00007ff820f47000 	C:\WINDOWS\System32\win32u.dll
0x00007ff822760000 - 0x00007ff82278b000 	C:\WINDOWS\System32\GDI32.dll
0x00007ff800850000 - 0x00007ff800ae0000 	C:\WINDOWS\WinSxS\amd64_microsoft.windows.common-controls_6595b64144ccf1df_6.0.26100.9278_none_3e0d1ba8e3303201\COMCTL32.dll
0x00007ff820f50000 - 0x00007ff821079000 	C:\WINDOWS\System32\gdi32full.dll
0x00007ff820a60000 - 0x00007ff820b03000 	C:\WINDOWS\System32\msvcp_win.dll
0x00007ff822910000 - 0x00007ff8229b9000 	C:\WINDOWS\System32\msvcrt.dll
0x00007ff821400000 - 0x00007ff821431000 	C:\WINDOWS\System32\IMM32.DLL
0x00007ff818840000 - 0x00007ff81884c000 	C:\Users\user5\.vscode\extensions\redhat.java-1.56.0-win32-x64\jre\21.0.12.1-win32-x86_64\bin\vcruntime140_1.dll
0x00007fffefad0000 - 0x00007fffefb5d000 	C:\Users\user5\.vscode\extensions\redhat.java-1.56.0-win32-x64\jre\21.0.12.1-win32-x86_64\bin\msvcp140.dll
0x00007fff950e0000 - 0x00007fff95e82000 	C:\Users\user5\.vscode\extensions\redhat.java-1.56.0-win32-x64\jre\21.0.12.1-win32-x86_64\bin\server\jvm.dll
0x00007ff822680000 - 0x00007ff82273c000 	C:\WINDOWS\System32\ADVAPI32.dll
0x00007ff8234d0000 - 0x00007ff823579000 	C:\WINDOWS\System32\sechost.dll
0x00007ff823580000 - 0x00007ff823698000 	C:\WINDOWS\System32\RPCRT4.dll
0x00007ff8227b0000 - 0x00007ff822830000 	C:\WINDOWS\System32\WS2_32.dll
0x00007ff8142c0000 - 0x00007ff8142cb000 	C:\WINDOWS\SYSTEM32\VERSION.dll
0x00007ff81ffb0000 - 0x00007ff82000e000 	C:\WINDOWS\SYSTEM32\POWRPROF.dll
0x00007ff80c220000 - 0x00007ff80c256000 	C:\WINDOWS\SYSTEM32\WINMM.dll
0x00007ff81ff70000 - 0x00007ff81ff85000 	C:\WINDOWS\SYSTEM32\UMPDC.dll
0x00007ff81f5b0000 - 0x00007ff81f5cb000 	C:\WINDOWS\SYSTEM32\kernel.appcore.dll
0x00007ff816440000 - 0x00007ff81644a000 	C:\Users\user5\.vscode\extensions\redhat.java-1.56.0-win32-x64\jre\21.0.12.1-win32-x86_64\bin\jimage.dll
0x00007ff81de40000 - 0x00007ff81e08c000 	C:\WINDOWS\SYSTEM32\DBGHELP.DLL
0x00007ff8215c0000 - 0x00007ff821945000 	C:\WINDOWS\System32\combase.dll
0x00007ff821950000 - 0x00007ff821a29000 	C:\WINDOWS\System32\OLEAUT32.dll
0x00007ffff9420000 - 0x00007ffff945b000 	C:\WINDOWS\SYSTEM32\dbgcore.DLL
0x00007ff8208e0000 - 0x00007ff82098c000 	C:\WINDOWS\System32\bcryptPrimitives.dll
0x00007ff804240000 - 0x00007ff80424f000 	C:\Users\user5\.vscode\extensions\redhat.java-1.56.0-win32-x64\jre\21.0.12.1-win32-x86_64\bin\instrument.dll
0x00007ff801b30000 - 0x00007ff801b50000 	C:\Users\user5\.vscode\extensions\redhat.java-1.56.0-win32-x64\jre\21.0.12.1-win32-x86_64\bin\java.dll
0x00007ff822d30000 - 0x00007ff8234c8000 	C:\WINDOWS\System32\SHELL32.dll
0x00007ff81e340000 - 0x00007ff81ebee000 	C:\WINDOWS\SYSTEM32\windows.storage.dll
0x00007ff822b30000 - 0x00007ff822c2b000 	C:\WINDOWS\System32\SHCORE.dll
0x00007ff822ac0000 - 0x00007ff822b26000 	C:\WINDOWS\System32\shlwapi.dll
0x00007ff820800000 - 0x00007ff820829000 	C:\WINDOWS\SYSTEM32\profapi.dll
0x00007ffffca20000 - 0x00007ffffca38000 	C:\Users\user5\.vscode\extensions\redhat.java-1.56.0-win32-x64\jre\21.0.12.1-win32-x86_64\bin\zip.dll
0x00007ff8047d0000 - 0x00007ff8047e0000 	C:\Users\user5\.vscode\extensions\redhat.java-1.56.0-win32-x64\jre\21.0.12.1-win32-x86_64\bin\net.dll
0x00007ff816de0000 - 0x00007ff816f0a000 	C:\WINDOWS\SYSTEM32\WINHTTP.dll
0x00007ff81fbe0000 - 0x00007ff81fc4c000 	C:\WINDOWS\system32\mswsock.dll
0x00007ffffc410000 - 0x00007ffffc426000 	C:\Users\user5\.vscode\extensions\redhat.java-1.56.0-win32-x64\jre\21.0.12.1-win32-x86_64\bin\nio.dll
0x00007ff8039a0000 - 0x00007ff8039b0000 	C:\Users\user5\.vscode\extensions\redhat.java-1.56.0-win32-x64\jre\21.0.12.1-win32-x86_64\bin\verify.dll
0x00007ffffbfd0000 - 0x00007ffffbff7000 	D:\gradle_cache\native\1def1411415f61bf3af743bc5b6707747c0891f09f0c88961ee8f79bc544acac\windows-amd64\native-platform.dll
0x000000006bd40000 - 0x000000006bdb3000 	D:\gradle_cache\native\0.2.5\x86_64-windows-gnu\gradle-fileevents.dll
0x00007ff8163f0000 - 0x00007ff8163fa000 	C:\Users\user5\.vscode\extensions\redhat.java-1.56.0-win32-x64\jre\21.0.12.1-win32-x86_64\bin\management.dll
0x00007ff8163e0000 - 0x00007ff8163ec000 	C:\Users\user5\.vscode\extensions\redhat.java-1.56.0-win32-x64\jre\21.0.12.1-win32-x86_64\bin\management_ext.dll
0x00007ff822440000 - 0x00007ff822448000 	C:\WINDOWS\System32\PSAPI.DLL
0x00007ff81fef0000 - 0x00007ff81ff0b000 	C:\WINDOWS\SYSTEM32\CRYPTSP.dll
0x00007ff81f510000 - 0x00007ff81f549000 	C:\WINDOWS\system32\rsaenh.dll
0x00007ff81fc90000 - 0x00007ff81fcc4000 	C:\WINDOWS\SYSTEM32\USERENV.dll
0x00007ff8207d0000 - 0x00007ff8207fa000 	C:\WINDOWS\SYSTEM32\bcrypt.dll
0x00007ff81ff10000 - 0x00007ff81ff1c000 	C:\WINDOWS\SYSTEM32\CRYPTBASE.dll
0x00007ff81efb0000 - 0x00007ff81efe3000 	C:\WINDOWS\SYSTEM32\IPHLPAPI.DLL
0x00007ff822750000 - 0x00007ff82275a000 	C:\WINDOWS\System32\NSI.dll
0x00007ffffce70000 - 0x00007ffffce79000 	C:\Users\user5\.vscode\extensions\redhat.java-1.56.0-win32-x64\jre\21.0.12.1-win32-x86_64\bin\extnet.dll
0x00007ffffa2f0000 - 0x00007ffffa2fe000 	C:\Users\user5\.vscode\extensions\redhat.java-1.56.0-win32-x64\jre\21.0.12.1-win32-x86_64\bin\sunmscapi.dll
0x00007ff821080000 - 0x00007ff8211fe000 	C:\WINDOWS\System32\CRYPT32.dll
0x00007ff8201c0000 - 0x00007ff8201f0000 	C:\WINDOWS\SYSTEM32\ncrypt.dll
0x00007ff820170000 - 0x00007ff8201af000 	C:\WINDOWS\SYSTEM32\NTASN1.dll
0x00007ff813c90000 - 0x00007ff813c98000 	C:\WINDOWS\system32\wshunix.dll
0x000000006bac0000 - 0x000000006bb33000 	D:\temp\native-platform5000189346263972232dir\gradle-fileevents.dll

JVMTI agents:
D:\gradle_cache\wrapper\dists\gradle-8.12-all\ejduaidbjup3bmmkhw3rie4zb\gradle-8.12\lib\agents\gradle-instrumentation-agent-8.12.jar path:C:\Users\user5\.vscode\extensions\redhat.java-1.56.0-win32-x64\jre\21.0.12.1-win32-x86_64\bin\instrument.dll, loaded, initialized, instrumentlib options:none

dbghelp: loaded successfully - version: 4.0.5 - missing functions: none
symbol engine: initialized successfully - sym options: 0x614 - pdb path: .;C:\Users\user5\.vscode\extensions\redhat.java-1.56.0-win32-x64\jre\21.0.12.1-win32-x86_64\bin;C:\WINDOWS\SYSTEM32;C:\WINDOWS\WinSxS\amd64_microsoft.windows.common-controls_6595b64144ccf1df_6.0.26100.9278_none_3e0d1ba8e3303201;C:\Users\user5\.vscode\extensions\redhat.java-1.56.0-win32-x64\jre\21.0.12.1-win32-x86_64\bin\server;D:\gradle_cache\native\1def1411415f61bf3af743bc5b6707747c0891f09f0c88961ee8f79bc544acac\windows-amd64;D:\gradle_cache\native\0.2.5\x86_64-windows-gnu;D:\temp\native-platform5000189346263972232dir

VM Arguments:
jvm_args: --add-opens=java.base/java.lang=ALL-UNNAMED --add-opens=java.base/java.lang.invoke=ALL-UNNAMED --add-opens=java.base/java.util=ALL-UNNAMED --add-opens=java.prefs/java.util.prefs=ALL-UNNAMED --add-exports=jdk.compiler/com.sun.tools.javac.api=ALL-UNNAMED --add-exports=jdk.compiler/com.sun.tools.javac.util=ALL-UNNAMED --add-opens=java.base/java.util=ALL-UNNAMED --add-opens=java.prefs/java.util.prefs=ALL-UNNAMED --add-opens=java.base/java.nio.charset=ALL-UNNAMED --add-opens=java.base/java.net=ALL-UNNAMED --add-opens=java.base/java.util.concurrent.atomic=ALL-UNNAMED --add-opens=java.xml/javax.xml.namespace=ALL-UNNAMED -XX:MaxMetaspaceSize=512m -XX:ReservedCodeCacheSize=256m -XX:+HeapDumpOnOutOfMemoryError -Xmx2G -Dfile.encoding=UTF-8 -Duser.country=IN -Duser.language=en -Duser.variant -javaagent:D:\gradle_cache\wrapper\dists\gradle-8.12-all\ejduaidbjup3bmmkhw3rie4zb\gradle-8.12\lib\agents\gradle-instrumentation-agent-8.12.jar 
java_command: org.gradle.launcher.daemon.bootstrap.GradleDaemon 8.12
java_class_path (initial): D:\gradle_cache\wrapper\dists\gradle-8.12-all\ejduaidbjup3bmmkhw3rie4zb\gradle-8.12\lib\gradle-daemon-main-8.12.jar
Launcher Type: SUN_STANDARD

[Global flags]
     intx CICompilerCount                          = 4                                         {product} {ergonomic}
   size_t CompressedClassSpaceSize                 = 436207616                                 {product} {ergonomic}
     uint ConcGCThreads                            = 3                                         {product} {ergonomic}
     uint G1ConcRefinementThreads                  = 10                                        {product} {ergonomic}
   size_t G1HeapRegionSize                         = 1048576                                   {product} {ergonomic}
    uintx GCDrainStackTargetSize                   = 64                                        {product} {ergonomic}
     bool HeapDumpOnOutOfMemoryError               = true                                   {manageable} {command line}
   size_t InitialHeapSize                          = 130023424                                 {product} {ergonomic}
   size_t MarkStackSize                            = 4194304                                   {product} {ergonomic}
   size_t MaxHeapSize                              = 2147483648                                {product} {command line}
   size_t MaxMetaspaceSize                         = 536870912                                 {product} {command line}
   size_t MaxNewSize                               = 1287651328                                {product} {ergonomic}
   size_t MinHeapDeltaBytes                        = 1048576                                   {product} {ergonomic}
   size_t MinHeapSize                              = 8388608                                   {product} {ergonomic}
    uintx NonNMethodCodeHeapSize                   = 5839372                                {pd product} {ergonomic}
    uintx NonProfiledCodeHeapSize                  = 131298042                              {pd product} {ergonomic}
    uintx ProfiledCodeHeapSize                     = 131298042                              {pd product} {ergonomic}
    uintx ReservedCodeCacheSize                    = 268435456                              {pd product} {command line}
     bool SegmentedCodeCache                       = true                                      {product} {ergonomic}
   size_t SoftMaxHeapSize                          = 2147483648                             {manageable} {ergonomic}
     bool UseCompressedOops                        = true                           {product lp64_product} {ergonomic}
     bool UseG1GC                                  = true                                      {product} {ergonomic}
     bool UseLargePagesIndividualAllocation        = false                                  {pd product} {ergonomic}

Logging:
Log output configuration:
 #0: stdout all=warning uptime,level,tags foldmultilines=false
 #1: stderr all=off uptime,level,tags foldmultilines=false

Release file:
JAVA_VERSION="21.0.12.1" 
MODULES="java.base java.compiler java.datatransfer java.xml java.prefs java.desktop java.instrument java.logging java.management java.security.sasl java.naming java.rmi java.management.rmi java.net.http java.scripting java.security.jgss java.transaction.xa java.sql java.sql.rowset java.xml.crypto java.se java.smartcardio jdk.accessibility jdk.internal.jvmstat jdk.attach jdk.charsets jdk.internal.opt jdk.zipfs jdk.compiler jdk.crypto.ec jdk.crypto.cryptoki jdk.crypto.mscapi jdk.dynalink jdk.internal.ed jdk.editpad jdk.hotspot.agent jdk.httpserver jdk.internal.le jdk.internal.vm.ci jdk.internal.vm.compiler jdk.internal.vm.compiler.management jdk.jartool jdk.javadoc jdk.jcmd jdk.management jdk.management.agent jdk.jconsole jdk.jdeps jdk.jdwp.agent jdk.jdi jdk.jfr jdk.jshell jdk.jsobject jdk.jstatd jdk.localedata jdk.management.jfr jdk.naming.dns jdk.naming.rmi jdk.net jdk.nio.mapmode jdk.random jdk.sctp jdk.security.auth jdk.security.jgss jdk.unsupported jdk.unsupported.desktop jdk.xml.dom" 

Environment Variables:
PATH=C:\Program Files\Common Files\Oracle\Java\javapath;C:\windows\system32;C:\windows;C:\windows\System32\Wbem;C:\windows\System32\WindowsPowerShell\v1.0\;C:\windows\System32\OpenSSH\;C:\Program Files (x86)\NVIDIA Corporation\PhysX\Common;C:\Program Files\NVIDIA Corporation\NVIDIA NvDLISR;C:\Users\Administrator\AppData\Local\Microsoft\WindowsApps;C:\Program Files\HP\OMEN-Broadcast\Common;C:\WINDOWS\system32;C:\WINDOWS;C:\WINDOWS\System32\Wbem;C:\WINDOWS\System32\WindowsPowerShell\v1.0\;C:\WINDOWS\System32\OpenSSH\;C:\src\flutter\bin;C:\Users\user5\AppData\Local\Android\Sdk\platform-tools;C:\Program Files\MySQL\MySQL Server 8.0\bin;C:\Program Files\Git\cmd;C:\Program Files\Git\mingw64\bin;C:\src\flutter\bin;C:\Program Files\Git\usr\bin;C:\Program Files\nodejs\;C:\Program Files\MySQL\MySQL Shell 8.0\bin\;C:\Users\user5\AppData\Local\Microsoft\WindowsApps;C:\Users\user5\AppData\Local\Programs\Microsoft VS Code\bin;C:\MinGW\bin;C:\Program Files\JetBrains\IntelliJ IDEA Community Edition 2025.1.1.1\bin;C:\Program Files\Git\cmd;;C:\Users\user5\AppData\Local\Programs\Antigravity IDE\bin;C:\Users\user5\AppData\Roaming\npm
USERNAME=User
OS=Windows_NT
PROCESSOR_IDENTIFIER=Intel64 Family 6 Model 154 Stepping 3, GenuineIntel
TMP=D:\temp
TEMP=D:\temp




Periodic native trim disabled

---------------  S Y S T E M  ---------------

OS:
 Windows 11 , 64 bit Build 26100 (10.0.26100.9444)
OS uptime: 0 days 2:45 hours
Hyper-V role detected

CPU: total 12 (initial active 12) (6 cores per cpu, 2 threads per core) family 6 model 154 stepping 3 microcode 0x435, cx8, cmov, fxsr, ht, mmx, 3dnowpref, sse, sse2, sse3, ssse3, sse4.1, sse4.2, popcnt, lzcnt, tsc, tscinvbit, avx, avx2, aes, erms, clmul, bmi1, bmi2, adx, sha, fma, vzeroupper, clflush, clflushopt, clwb, hv, serialize, rdtscp, rdpid, fsrm, f16c, cet_ibt, cet_ss
Processor Information for processor 0
  Max Mhz: 2000, Current Mhz: 2000, Mhz Limit: 2000
Processor Information for processor 1
  Max Mhz: 2000, Current Mhz: 2000, Mhz Limit: 2000
Processor Information for processor 2
  Max Mhz: 2000, Current Mhz: 2000, Mhz Limit: 2000
Processor Information for processor 3
  Max Mhz: 2000, Current Mhz: 2000, Mhz Limit: 2000
Processor Information for processor 4
  Max Mhz: 2000, Current Mhz: 2000, Mhz Limit: 2000
Processor Information for processor 5
  Max Mhz: 2000, Current Mhz: 2000, Mhz Limit: 2000
Processor Information for processor 6
  Max Mhz: 2000, Current Mhz: 2000, Mhz Limit: 2000
Processor Information for processor 7
  Max Mhz: 2000, Current Mhz: 2000, Mhz Limit: 2000
Processor Information for processor 8
  Max Mhz: 2000, Current Mhz: 1466, Mhz Limit: 2000
Processor Information for processor 9
  Max Mhz: 2000, Current Mhz: 2000, Mhz Limit: 2000
Processor Information for processor 10
  Max Mhz: 2000, Current Mhz: 2000, Mhz Limit: 2000
Processor Information for processor 11
  Max Mhz: 2000, Current Mhz: 2000, Mhz Limit: 2000

Memory: 4k page, system-wide physical 7832M (1081M free)
TotalPageFile size 28212M (AvailPageFile size 1034M)
current process WorkingSet (physical memory assigned to process): 251M, peak: 294M
current process commit charge ("private bytes"): 336M, peak: 337M

vm_info: OpenJDK 64-Bit Server VM (21.0.12.1+1-LTS) for windows-amd64 JRE (21.0.12.1+1-LTS), built on 2026-08-18T00:00:00Z by "admin" with MS VC++ 17.12 (VS2022)

END.
