#
# There is insufficient memory for the Java Runtime Environment to continue.
# Native memory allocation (malloc) failed to allocate 131088 bytes. Error detail: Chunk::new
# Possible reasons:
#   The system is out of physical RAM or swap space
#   This process is running with CompressedOops enabled, and the Java Heap may be blocking the growth of the native heap
# Possible solutions:
#   Reduce memory load on the system
#   Increase physical memory or swap space
#   Check if swap backing store is full
#   Decrease Java heap size (-Xmx/-Xms)
#   Decrease number of Java threads
#   Decrease Java thread stack sizes (-Xss)
#   Set larger code cache with -XX:ReservedCodeCacheSize=
#   JVM is running with Unscaled Compressed Oops mode in which the Java heap is
#     placed in the first 4GB address space. The Java Heap base address is the
#     maximum limit for the native heap growth. Please use -XX:HeapBaseMinAddress
#     to set the Java Heap base and to place the Java Heap above 4GB virtual address.
# This output file may be truncated or incomplete.
#
#  Out of Memory Error (arena.cpp:168), pid=7480, tid=31516
#
# JRE version: OpenJDK Runtime Environment Temurin-21.0.12.1+1 (21.0.12.1+1) (build 21.0.12.1+1-LTS)
# Java VM: OpenJDK 64-Bit Server VM Temurin-21.0.12.1+1 (21.0.12.1+1-LTS, mixed mode, sharing, tiered, compressed oops, compressed class ptrs, g1 gc, windows-amd64)
# No core dump will be written. Minidumps are not enabled by default on client versions of Windows
#

---------------  S U M M A R Y ------------

Command Line: --add-opens=java.base/java.lang=ALL-UNNAMED --add-opens=java.base/java.lang.invoke=ALL-UNNAMED --add-opens=java.base/java.util=ALL-UNNAMED --add-opens=java.prefs/java.util.prefs=ALL-UNNAMED --add-exports=jdk.compiler/com.sun.tools.javac.api=ALL-UNNAMED --add-exports=jdk.compiler/com.sun.tools.javac.util=ALL-UNNAMED --add-opens=java.base/java.util=ALL-UNNAMED --add-opens=java.prefs/java.util.prefs=ALL-UNNAMED --add-opens=java.base/java.nio.charset=ALL-UNNAMED --add-opens=java.base/java.net=ALL-UNNAMED --add-opens=java.base/java.util.concurrent.atomic=ALL-UNNAMED --add-opens=java.xml/javax.xml.namespace=ALL-UNNAMED -XX:MaxMetaspaceSize=512m -XX:ReservedCodeCacheSize=256m -XX:+HeapDumpOnOutOfMemoryError -Xmx2G -Dfile.encoding=UTF-8 -Duser.country=IN -Duser.language=en -Duser.variant -javaagent:D:\gradle_cache\wrapper\dists\gradle-8.12-all\ejduaidbjup3bmmkhw3rie4zb\gradle-8.12\lib\agents\gradle-instrumentation-agent-8.12.jar org.gradle.launcher.daemon.bootstrap.GradleDaemon 8.12

Host: 12th Gen Intel(R) Core(TM) i5-12450H, 12 cores, 7G,  Windows 11 , 64 bit Build 26100 (10.0.26100.9444)
Time: Sun Sep 13 16:11:02 2026 India Standard Time elapsed time: 481.113903 seconds (0d 0h 8m 1s)

---------------  T H R E A D  ---------------

Current thread (0x000001c4b52801c0):  JavaThread "C2 CompilerThread0" daemon [_thread_in_native, id=31516, stack(0x0000006b01d00000,0x0000006b01e00000) (1024K)]


Current CompileTask:
C2:481114 14099       4       org.jetbrains.kotlin.load.java.structure.impl.classFiles.BinaryClassSignatureParser::parseParameterizedClassRefSignature (257 bytes)

Stack: [0x0000006b01d00000,0x0000006b01e00000]
Native frames: (J=compiled Java code, j=interpreted, Vv=VM code, C=native code)
V  [jvm.dll+0x6d83e9]
V  [jvm.dll+0x8b5736]
V  [jvm.dll+0x8b7cee]
V  [jvm.dll+0x8b83d3]
V  [jvm.dll+0x284596]
V  [jvm.dll+0xc685d]
V  [jvm.dll+0xc6da1]
V  [jvm.dll+0x6ff435]
V  [jvm.dll+0x6ff895]
V  [jvm.dll+0x701acd]
V  [jvm.dll+0x6ffe83]
V  [jvm.dll+0x255da3]
V  [jvm.dll+0x24e0f4]
V  [jvm.dll+0x24bbe6]
V  [jvm.dll+0x1cb4ae]
V  [jvm.dll+0x25baad]
V  [jvm.dll+0x25a03a]
V  [jvm.dll+0x3f8aae]
V  [jvm.dll+0x8600cd]
V  [jvm.dll+0x6d6c1d]
C  [ucrtbase.dll+0x2cd30]
C  [KERNEL32.DLL+0x2cd87]
C  [ntdll.dll+0xacaec]


---------------  P R O C E S S  ---------------

Threads class SMR info:
_java_thread_list=0x000001c4d8253330, length=149, elements={
0x000001c49c65eb30, 0x000001c4b49b5c20, 0x000001c4b49b6880, 0x000001c4b49bbcd0,
0x000001c4b49bcc10, 0x000001c4b49bf680, 0x000001c4b49c0210, 0x000001c4b52801c0,
0x000001c4b49cf070, 0x000001c4b54d62a0, 0x000001c4b5512750, 0x000001c4d5365320,
0x000001c4d5228fb0, 0x000001c4d5c09c30, 0x000001c4d546cf60, 0x000001c4d546d5d0,
0x000001c4d6148720, 0x000001c4d6148090, 0x000001c4d6147a00, 0x000001c4d6148db0,
0x000001c4d6146650, 0x000001c4d6149440, 0x000001c4d6145fc0, 0x000001c4d6147370,
0x000001c4d6ae1790, 0x000001c4d6ae1100, 0x000001c4d6ae1e20, 0x000001c4d6ade9a0,
0x000001c4d6ae31d0, 0x000001c4d6adfd50, 0x000001c4d6ae0a70, 0x000001c4d6ae3860,
0x000001c4d6ae3ef0, 0x000001c4d6ae5930, 0x000001c4d6ae5fc0, 0x000001c4d8a3de50,
0x000001c4d8a3d7c0, 0x000001c4d8a3e4e0, 0x000001c4d8a3b6f0, 0x000001c4d8a3b060,
0x000001c4d8a3eb70, 0x000001c4d8a3bd80, 0x000001c4d8a3f200, 0x000001c4d8a3c410,
0x000001c4d8a3f890, 0x000001c4d8a3d130, 0x000001c4d8a3ff20, 0x000001c4d8a3caa0,
0x000001c4d8a405b0, 0x000001c4d8a40c40, 0x000001c4d8a42680, 0x000001c4d8a412d0,
0x000001c4d8a41960, 0x000001c4d8a41ff0, 0x000001c4d8143e70, 0x000001c4d81437e0,
0x000001c4d8141080, 0x000001c4d8144500, 0x000001c4d8143150, 0x000001c4d8144b90,
0x000001c4d8141710, 0x000001c4d8142ac0, 0x000001c4d8145220, 0x000001c4d8141da0,
0x000001c4d81458b0, 0x000001c4d8142430, 0x000001c4d8146c60, 0x000001c4d81465d0,
0x000001c4d81486a0, 0x000001c4d8992090, 0x000001c4d8991a00, 0x000001c4d8990ce0,
0x000001c4d8992720, 0x000001c4d8991370, 0x000001c4d8992db0, 0x000001c4d8993ad0,
0x000001c4d8993440, 0x000001c4d8996230, 0x000001c4d8994e80, 0x000001c4d8995510,
0x000001c4d8994160, 0x000001c4d89968c0, 0x000001c4d8996f50, 0x000001c4d89975e0,
0x000001c4d8997c70, 0x000001c4d89947f0, 0x000001c4d8998300, 0x000001c4d8995ba0,
0x000001c4d96b5670, 0x000001c4d96b4fe0, 0x000001c4d96b6390, 0x000001c4d96b70b0,
0x000001c4d96b9180, 0x000001c4d96b7dd0, 0x000001c4d96b8460, 0x000001c4d96b5d00,
0x000001c4d96b9810, 0x000001c4d96b8af0, 0x000001c4d96b7740, 0x000001c4d96b9ea0,
0x000001c4d96b6a20, 0x000001c4d96ba530, 0x000001c4d96babc0, 0x000001c4d96bb250,
0x000001c4d96bb8e0, 0x000001c4d96bbf70, 0x000001c4d96bc600, 0x000001c4d829ba90,
0x000001c4d829a050, 0x000001c4d829a6e0, 0x000001c4d829b400, 0x000001c4d829ad70,
0x000001c4d829e880, 0x000001c4d829c120, 0x000001c4d829db60, 0x000001c4d829f5a0,
0x000001c4d829e1f0, 0x000001c4d829fc30, 0x000001c4d829c7b0, 0x000001c4d829d4d0,
0x000001c4d82a02c0, 0x000001c4d829ce40, 0x000001c4d82a0950, 0x000001c4d82a0fe0,
0x000001c4d82a1670, 0x000001c4d9800e10, 0x000001c4d9800780, 0x000001c4d98014a0,
0x000001c4d98021c0, 0x000001c4d9801b30, 0x000001c4d9802ee0, 0x000001c4d9802850,
0x000001c4d98000f0, 0x000001c4d98069f0, 0x000001c4d9804fb0, 0x000001c4d9805640,
0x000001c4d9805cd0, 0x000001c4d9806360, 0x000001c4d9803570, 0x000001c4d9807080,
0x000001c4d9804290, 0x000001c4d9803c00, 0x000001c4d9804920, 0x000001c4d9807710,
0x000001c4d82107c0, 0x000001c4d8212f20, 0x000001c4d82135b0, 0x000001c4d8212890,
0x000001c4d8213c40
}

Java Threads: ( => current thread )
  0x000001c49c65eb30 JavaThread "main"                              [_thread_blocked, id=31068, stack(0x0000006b00f00000,0x0000006b01000000) (1024K)]
  0x000001c4b49b5c20 JavaThread "Reference Handler"          daemon [_thread_blocked, id=30240, stack(0x0000006b01700000,0x0000006b01800000) (1024K)]
  0x000001c4b49b6880 JavaThread "Finalizer"                  daemon [_thread_blocked, id=22112, stack(0x0000006b01800000,0x0000006b01900000) (1024K)]
  0x000001c4b49bbcd0 JavaThread "Signal Dispatcher"          daemon [_thread_blocked, id=26104, stack(0x0000006b01900000,0x0000006b01a00000) (1024K)]
  0x000001c4b49bcc10 JavaThread "Attach Listener"            daemon [_thread_blocked, id=24340, stack(0x0000006b01a00000,0x0000006b01b00000) (1024K)]
  0x000001c4b49bf680 JavaThread "Service Thread"             daemon [_thread_blocked, id=30096, stack(0x0000006b01b00000,0x0000006b01c00000) (1024K)]
  0x000001c4b49c0210 JavaThread "Monitor Deflation Thread"   daemon [_thread_blocked, id=31524, stack(0x0000006b01c00000,0x0000006b01d00000) (1024K)]
=>0x000001c4b52801c0 JavaThread "C2 CompilerThread0"         daemon [_thread_in_native, id=31516, stack(0x0000006b01d00000,0x0000006b01e00000) (1024K)]
  0x000001c4b49cf070 JavaThread "C1 CompilerThread0"         daemon [_thread_blocked, id=31512, stack(0x0000006b01e00000,0x0000006b01f00000) (1024K)]
  0x000001c4b54d62a0 JavaThread "Common-Cleaner"             daemon [_thread_blocked, id=27816, stack(0x0000006b01f00000,0x0000006b02000000) (1024K)]
  0x000001c4b5512750 JavaThread "Notification Thread"        daemon [_thread_blocked, id=29516, stack(0x0000006b02000000,0x0000006b02100000) (1024K)]
  0x000001c4d5365320 JavaThread "Daemon health stats"               [_thread_blocked, id=16704, stack(0x0000006b02900000,0x0000006b02a00000) (1024K)]
  0x000001c4d5228fb0 JavaThread "Incoming local TCP Connector on port 62591"        [_thread_in_native, id=29280, stack(0x0000006b02a00000,0x0000006b02b00000) (1024K)]
  0x000001c4d5c09c30 JavaThread "Daemon periodic checks"            [_thread_blocked, id=29760, stack(0x0000006b02b00000,0x0000006b02c00000) (1024K)]
  0x000001c4d546cf60 JavaThread "Daemon"                            [_thread_blocked, id=31752, stack(0x0000006b02c00000,0x0000006b02d00000) (1024K)]
  0x000001c4d546d5d0 JavaThread "Handler for socket connection from /127.0.0.1:62591 to /127.0.0.1:62592"        [_thread_in_native, id=24196, stack(0x0000006b02d00000,0x0000006b02e00000) (1024K)]
  0x000001c4d6148720 JavaThread "Cancel handler"                    [_thread_blocked, id=31772, stack(0x0000006b02e00000,0x0000006b02f00000) (1024K)]
  0x000001c4d6148090 JavaThread "Daemon worker"                     [_thread_in_Java, id=31780, stack(0x0000006b02f00000,0x0000006b03000000) (1024K)]
  0x000001c4d6147a00 JavaThread "Asynchronous log dispatcher for DefaultDaemonConnection: socket connection from /127.0.0.1:62591 to /127.0.0.1:62592"        [_thread_blocked, id=31756, stack(0x0000006b03000000,0x0000006b03100000) (1024K)]
  0x000001c4d6148db0 JavaThread "Stdin handler"                     [_thread_blocked, id=22516, stack(0x0000006b03100000,0x0000006b03200000) (1024K)]
  0x000001c4d6146650 JavaThread "Daemon client event forwarder"        [_thread_blocked, id=31324, stack(0x0000006b03200000,0x0000006b03300000) (1024K)]
  0x000001c4d6149440 JavaThread "Cache worker for journal cache (D:\gradle_cache\caches\journal-1)"        [_thread_blocked, id=21868, stack(0x0000006b03300000,0x0000006b03400000) (1024K)]
  0x000001c4d6145fc0 JavaThread "File lock request listener"        [_thread_in_native, id=27584, stack(0x0000006b03400000,0x0000006b03500000) (1024K)]
  0x000001c4d6147370 JavaThread "Cache worker for file hash cache (D:\gradle_cache\caches\8.12\fileHashes)"        [_thread_blocked, id=10288, stack(0x0000006b03500000,0x0000006b03600000) (1024K)]
  0x000001c4d6ae1790 JavaThread "Cache worker for file hash cache (D:\pranjal\electricity_billing\mobile\android\.gradle\8.12\fileHashes)"        [_thread_blocked, id=11904, stack(0x0000006b03a00000,0x0000006b03b00000) (1024K)]
  0x000001c4d6ae1100 JavaThread "Cache worker for Build Output Cleanup Cache (D:\pranjal\electricity_billing\mobile\android\.gradle\buildOutputCleanup)"        [_thread_blocked, id=30168, stack(0x0000006b03b00000,0x0000006b03c00000) (1024K)]
  0x000001c4d6ae1e20 JavaThread "File watcher server"        daemon [_thread_in_native, id=13392, stack(0x0000006b03c00000,0x0000006b03d00000) (1024K)]
  0x000001c4d6ade9a0 JavaThread "File watcher consumer"      daemon [_thread_blocked, id=22412, stack(0x0000006b03d00000,0x0000006b03e00000) (1024K)]
  0x000001c4d6ae31d0 JavaThread "Cache worker for checksums cache (D:\pranjal\electricity_billing\mobile\android\.gradle\8.12\checksums)"        [_thread_blocked, id=29444, stack(0x0000006b03e00000,0x0000006b03f00000) (1024K)]
  0x000001c4d6adfd50 JavaThread "Cache worker for file content cache (D:\gradle_cache\caches\8.12\fileContent)"        [_thread_blocked, id=10872, stack(0x0000006b00c00000,0x0000006b00d00000) (1024K)]
  0x000001c4d6ae0a70 JavaThread "Cache worker for cache directory md-rule (D:\gradle_cache\caches\8.12\md-rule)"        [_thread_blocked, id=19504, stack(0x0000006b00d00000,0x0000006b00e00000) (1024K)]
  0x000001c4d6ae3860 JavaThread "Cache worker for cache directory md-supplier (D:\gradle_cache\caches\8.12\md-supplier)"        [_thread_blocked, id=31968, stack(0x0000006b00e00000,0x0000006b00f00000) (1024K)]
  0x000001c4d6ae3ef0 JavaThread "Cache worker for Build Output Cleanup Cache (C:\src\flutter\packages\flutter_tools\gradle\.gradle\buildOutputCleanup)"        [_thread_blocked, id=30384, stack(0x0000006b03f00000,0x0000006b04000000) (1024K)]
  0x000001c4d6ae5930 JavaThread "Unconstrained build operations"        [_thread_blocked, id=28992, stack(0x0000006b04000000,0x0000006b04100000) (1024K)]
  0x000001c4d6ae5fc0 JavaThread "Unconstrained build operations Thread 2"        [_thread_blocked, id=6908, stack(0x0000006b04100000,0x0000006b04200000) (1024K)]
  0x000001c4d8a3de50 JavaThread "Unconstrained build operations Thread 3"        [_thread_blocked, id=17776, stack(0x0000006b04200000,0x0000006b04300000) (1024K)]
  0x000001c4d8a3d7c0 JavaThread "Unconstrained build operations Thread 4"        [_thread_blocked, id=29184, stack(0x0000006b04300000,0x0000006b04400000) (1024K)]
  0x000001c4d8a3e4e0 JavaThread "Unconstrained build operations Thread 5"        [_thread_blocked, id=30220, stack(0x0000006b04400000,0x0000006b04500000) (1024K)]
  0x000001c4d8a3b6f0 JavaThread "Unconstrained build operations Thread 6"        [_thread_blocked, id=23644, stack(0x0000006b04500000,0x0000006b04600000) (1024K)]
  0x000001c4d8a3b060 JavaThread "Unconstrained build operations Thread 7"        [_thread_blocked, id=16096, stack(0x0000006b04600000,0x0000006b04700000) (1024K)]
  0x000001c4d8a3eb70 JavaThread "Unconstrained build operations Thread 8"        [_thread_blocked, id=21932, stack(0x0000006b04700000,0x0000006b04800000) (1024K)]
  0x000001c4d8a3bd80 JavaThread "Unconstrained build operations Thread 9"        [_thread_blocked, id=32744, stack(0x0000006b04800000,0x0000006b04900000) (1024K)]
  0x000001c4d8a3f200 JavaThread "Unconstrained build operations Thread 10"        [_thread_blocked, id=6448, stack(0x0000006b04900000,0x0000006b04a00000) (1024K)]
  0x000001c4d8a3c410 JavaThread "Unconstrained build operations Thread 11"        [_thread_blocked, id=5732, stack(0x0000006b04a00000,0x0000006b04b00000) (1024K)]
  0x000001c4d8a3f890 JavaThread "Unconstrained build operations Thread 12"        [_thread_blocked, id=28624, stack(0x0000006b04b00000,0x0000006b04c00000) (1024K)]
  0x000001c4d8a3d130 JavaThread "Unconstrained build operations Thread 13"        [_thread_blocked, id=21460, stack(0x0000006b04c00000,0x0000006b04d00000) (1024K)]
  0x000001c4d8a3ff20 JavaThread "Unconstrained build operations Thread 14"        [_thread_blocked, id=2976, stack(0x0000006b04d00000,0x0000006b04e00000) (1024K)]
  0x000001c4d8a3caa0 JavaThread "Unconstrained build operations Thread 15"        [_thread_blocked, id=1384, stack(0x0000006b04e00000,0x0000006b04f00000) (1024K)]
  0x000001c4d8a405b0 JavaThread "Unconstrained build operations Thread 16"        [_thread_blocked, id=29060, stack(0x0000006b04f00000,0x0000006b05000000) (1024K)]
  0x000001c4d8a40c40 JavaThread "Unconstrained build operations Thread 17"        [_thread_blocked, id=11416, stack(0x0000006b05000000,0x0000006b05100000) (1024K)]
  0x000001c4d8a42680 JavaThread "Unconstrained build operations Thread 18"        [_thread_blocked, id=7836, stack(0x0000006b05100000,0x0000006b05200000) (1024K)]
  0x000001c4d8a412d0 JavaThread "Unconstrained build operations Thread 19"        [_thread_blocked, id=19284, stack(0x0000006b05200000,0x0000006b05300000) (1024K)]
  0x000001c4d8a41960 JavaThread "Unconstrained build operations Thread 20"        [_thread_blocked, id=30952, stack(0x0000006b05300000,0x0000006b05400000) (1024K)]
  0x000001c4d8a41ff0 JavaThread "Unconstrained build operations Thread 21"        [_thread_blocked, id=24036, stack(0x0000006b05400000,0x0000006b05500000) (1024K)]
  0x000001c4d8143e70 JavaThread "Unconstrained build operations Thread 22"        [_thread_blocked, id=18484, stack(0x0000006b05500000,0x0000006b05600000) (1024K)]
  0x000001c4d81437e0 JavaThread "Unconstrained build operations Thread 23"        [_thread_blocked, id=32848, stack(0x0000006b05600000,0x0000006b05700000) (1024K)]
  0x000001c4d8141080 JavaThread "Unconstrained build operations Thread 24"        [_thread_blocked, id=32852, stack(0x0000006b05700000,0x0000006b05800000) (1024K)]
  0x000001c4d8144500 JavaThread "Unconstrained build operations Thread 25"        [_thread_blocked, id=32856, stack(0x0000006b05800000,0x0000006b05900000) (1024K)]
  0x000001c4d8143150 JavaThread "Unconstrained build operations Thread 26"        [_thread_blocked, id=32860, stack(0x0000006b05900000,0x0000006b05a00000) (1024K)]
  0x000001c4d8144b90 JavaThread "Unconstrained build operations Thread 27"        [_thread_blocked, id=32864, stack(0x0000006b05a00000,0x0000006b05b00000) (1024K)]
  0x000001c4d8141710 JavaThread "Unconstrained build operations Thread 28"        [_thread_blocked, id=32868, stack(0x0000006b05b00000,0x0000006b05c00000) (1024K)]
  0x000001c4d8142ac0 JavaThread "Unconstrained build operations Thread 29"        [_thread_blocked, id=32872, stack(0x0000006b05c00000,0x0000006b05d00000) (1024K)]
  0x000001c4d8145220 JavaThread "Unconstrained build operations Thread 30"        [_thread_blocked, id=32876, stack(0x0000006b05d00000,0x0000006b05e00000) (1024K)]
  0x000001c4d8141da0 JavaThread "Unconstrained build operations Thread 31"        [_thread_blocked, id=32880, stack(0x0000006b05e00000,0x0000006b05f00000) (1024K)]
  0x000001c4d81458b0 JavaThread "Unconstrained build operations Thread 32"        [_thread_blocked, id=32884, stack(0x0000006b05f00000,0x0000006b06000000) (1024K)]
  0x000001c4d8142430 JavaThread "Unconstrained build operations Thread 33"        [_thread_blocked, id=32888, stack(0x0000006b06000000,0x0000006b06100000) (1024K)]
  0x000001c4d8146c60 JavaThread "Memory manager"                    [_thread_blocked, id=34000, stack(0x0000006b06100000,0x0000006b06200000) (1024K)]
  0x000001c4d81465d0 JavaThread "build event listener"              [_thread_blocked, id=31296, stack(0x0000006b06200000,0x0000006b06300000) (1024K)]
  0x000001c4d81486a0 JavaThread "Execution worker"                  [_thread_blocked, id=33796, stack(0x0000006b06400000,0x0000006b06500000) (1024K)]
  0x000001c4d8992090 JavaThread "Execution worker Thread 2"         [_thread_blocked, id=32108, stack(0x0000006b06500000,0x0000006b06600000) (1024K)]
  0x000001c4d8991a00 JavaThread "Execution worker Thread 3"         [_thread_blocked, id=34804, stack(0x0000006b06600000,0x0000006b06700000) (1024K)]
  0x000001c4d8990ce0 JavaThread "Execution worker Thread 4"         [_thread_blocked, id=13708, stack(0x0000006b06700000,0x0000006b06800000) (1024K)]
  0x000001c4d8992720 JavaThread "Execution worker Thread 5"         [_thread_blocked, id=32232, stack(0x0000006b06800000,0x0000006b06900000) (1024K)]
  0x000001c4d8991370 JavaThread "Execution worker Thread 6"         [_thread_blocked, id=31896, stack(0x0000006b06900000,0x0000006b06a00000) (1024K)]
  0x000001c4d8992db0 JavaThread "Execution worker Thread 7"         [_thread_blocked, id=33816, stack(0x0000006b06a00000,0x0000006b06b00000) (1024K)]
  0x000001c4d8993ad0 JavaThread "Execution worker Thread 8"         [_thread_blocked, id=19868, stack(0x0000006b06b00000,0x0000006b06c00000) (1024K)]
  0x000001c4d8993440 JavaThread "Execution worker Thread 9"         [_thread_blocked, id=5228, stack(0x0000006b06c00000,0x0000006b06d00000) (1024K)]
  0x000001c4d8996230 JavaThread "Execution worker Thread 10"        [_thread_blocked, id=23108, stack(0x0000006b06d00000,0x0000006b06e00000) (1024K)]
  0x000001c4d8994e80 JavaThread "Execution worker Thread 11"        [_thread_blocked, id=32644, stack(0x0000006b06e00000,0x0000006b06f00000) (1024K)]
  0x000001c4d8995510 JavaThread "Cache worker for execution history cache (C:\src\flutter\packages\flutter_tools\gradle\.gradle\8.12\executionHistory)"        [_thread_blocked, id=17708, stack(0x0000006b06f00000,0x0000006b07000000) (1024K)]
  0x000001c4d8994160 JavaThread "Unconstrained build operations Thread 34"        [_thread_blocked, id=32736, stack(0x0000006b07000000,0x0000006b07100000) (1024K)]
  0x000001c4d89968c0 JavaThread "Unconstrained build operations Thread 35"        [_thread_blocked, id=5076, stack(0x0000006b07100000,0x0000006b07200000) (1024K)]
  0x000001c4d8996f50 JavaThread "Unconstrained build operations Thread 36"        [_thread_blocked, id=26296, stack(0x0000006b07200000,0x0000006b07300000) (1024K)]
  0x000001c4d89975e0 JavaThread "Unconstrained build operations Thread 37"        [_thread_blocked, id=23852, stack(0x0000006b07300000,0x0000006b07400000) (1024K)]
  0x000001c4d8997c70 JavaThread "Unconstrained build operations Thread 38"        [_thread_blocked, id=11888, stack(0x0000006b07400000,0x0000006b07500000) (1024K)]
  0x000001c4d89947f0 JavaThread "Unconstrained build operations Thread 39"        [_thread_blocked, id=32424, stack(0x0000006b07500000,0x0000006b07600000) (1024K)]
  0x000001c4d8998300 JavaThread "Unconstrained build operations Thread 40"        [_thread_blocked, id=32324, stack(0x0000006b07600000,0x0000006b07700000) (1024K)]
  0x000001c4d8995ba0 JavaThread "Unconstrained build operations Thread 41"        [_thread_blocked, id=33988, stack(0x0000006b07700000,0x0000006b07800000) (1024K)]
  0x000001c4d96b5670 JavaThread "Unconstrained build operations Thread 42"        [_thread_blocked, id=32964, stack(0x0000006b07800000,0x0000006b07900000) (1024K)]
  0x000001c4d96b4fe0 JavaThread "Unconstrained build operations Thread 43"        [_thread_blocked, id=16036, stack(0x0000006b07900000,0x0000006b07a00000) (1024K)]
  0x000001c4d96b6390 JavaThread "Unconstrained build operations Thread 44"        [_thread_blocked, id=34304, stack(0x0000006b07a00000,0x0000006b07b00000) (1024K)]
  0x000001c4d96b70b0 JavaThread "Unconstrained build operations Thread 45"        [_thread_blocked, id=28052, stack(0x0000006b07b00000,0x0000006b07c00000) (1024K)]
  0x000001c4d96b9180 JavaThread "Unconstrained build operations Thread 46"        [_thread_blocked, id=19380, stack(0x0000006b07c00000,0x0000006b07d00000) (1024K)]
  0x000001c4d96b7dd0 JavaThread "Unconstrained build operations Thread 47"        [_thread_blocked, id=20124, stack(0x0000006b07d00000,0x0000006b07e00000) (1024K)]
  0x000001c4d96b8460 JavaThread "Unconstrained build operations Thread 48"        [_thread_blocked, id=11452, stack(0x0000006b07e00000,0x0000006b07f00000) (1024K)]
  0x000001c4d96b5d00 JavaThread "Unconstrained build operations Thread 49"        [_thread_blocked, id=34496, stack(0x0000006b07f00000,0x0000006b08000000) (1024K)]
  0x000001c4d96b9810 JavaThread "Unconstrained build operations Thread 50"        [_thread_blocked, id=20464, stack(0x0000006b08000000,0x0000006b08100000) (1024K)]
  0x000001c4d96b8af0 JavaThread "Unconstrained build operations Thread 51"        [_thread_blocked, id=29220, stack(0x0000006b08100000,0x0000006b08200000) (1024K)]
  0x000001c4d96b7740 JavaThread "Unconstrained build operations Thread 52"        [_thread_blocked, id=17376, stack(0x0000006b08200000,0x0000006b08300000) (1024K)]
  0x000001c4d96b9ea0 JavaThread "Unconstrained build operations Thread 53"        [_thread_blocked, id=2476, stack(0x0000006b08300000,0x0000006b08400000) (1024K)]
  0x000001c4d96b6a20 JavaThread "Unconstrained build operations Thread 54"        [_thread_blocked, id=28448, stack(0x0000006b08400000,0x0000006b08500000) (1024K)]
  0x000001c4d96ba530 JavaThread "Unconstrained build operations Thread 55"        [_thread_blocked, id=34720, stack(0x0000006b08500000,0x0000006b08600000) (1024K)]
  0x000001c4d96babc0 JavaThread "Unconstrained build operations Thread 56"        [_thread_blocked, id=26824, stack(0x0000006b08600000,0x0000006b08700000) (1024K)]
  0x000001c4d96bb250 JavaThread "Unconstrained build operations Thread 57"        [_thread_blocked, id=5668, stack(0x0000006b08700000,0x0000006b08800000) (1024K)]
  0x000001c4d96bb8e0 JavaThread "Unconstrained build operations Thread 58"        [_thread_blocked, id=19892, stack(0x0000006b08800000,0x0000006b08900000) (1024K)]
  0x000001c4d96bbf70 JavaThread "Unconstrained build operations Thread 59"        [_thread_blocked, id=8348, stack(0x0000006b08900000,0x0000006b08a00000) (1024K)]
  0x000001c4d96bc600 JavaThread "Unconstrained build operations Thread 60"        [_thread_blocked, id=14368, stack(0x0000006b08a00000,0x0000006b08b00000) (1024K)]
  0x000001c4d829ba90 JavaThread "Unconstrained build operations Thread 61"        [_thread_blocked, id=34408, stack(0x0000006b08b00000,0x0000006b08c00000) (1024K)]
  0x000001c4d829a050 JavaThread "Unconstrained build operations Thread 62"        [_thread_blocked, id=13084, stack(0x0000006b08c00000,0x0000006b08d00000) (1024K)]
  0x000001c4d829a6e0 JavaThread "Unconstrained build operations Thread 63"        [_thread_blocked, id=19184, stack(0x0000006b08d00000,0x0000006b08e00000) (1024K)]
  0x000001c4d829b400 JavaThread "Unconstrained build operations Thread 64"        [_thread_blocked, id=28724, stack(0x0000006b08e00000,0x0000006b08f00000) (1024K)]
  0x000001c4d829ad70 JavaThread "Unconstrained build operations Thread 65"        [_thread_blocked, id=20976, stack(0x0000006b08f00000,0x0000006b09000000) (1024K)]
  0x000001c4d829e880 JavaThread "Unconstrained build operations Thread 66"        [_thread_blocked, id=23424, stack(0x0000006b09000000,0x0000006b09100000) (1024K)]
  0x000001c4d829c120 JavaThread "Unconstrained build operations Thread 67"        [_thread_blocked, id=27984, stack(0x0000006b09100000,0x0000006b09200000) (1024K)]
  0x000001c4d829db60 JavaThread "Unconstrained build operations Thread 68"        [_thread_blocked, id=31132, stack(0x0000006b09200000,0x0000006b09300000) (1024K)]
  0x000001c4d829f5a0 JavaThread "Unconstrained build operations Thread 69"        [_thread_blocked, id=21768, stack(0x0000006b09300000,0x0000006b09400000) (1024K)]
  0x000001c4d829e1f0 JavaThread "Unconstrained build operations Thread 70"        [_thread_blocked, id=30968, stack(0x0000006b09400000,0x0000006b09500000) (1024K)]
  0x000001c4d829fc30 JavaThread "Unconstrained build operations Thread 71"        [_thread_blocked, id=25028, stack(0x0000006b09500000,0x0000006b09600000) (1024K)]
  0x000001c4d829c7b0 JavaThread "Unconstrained build operations Thread 72"        [_thread_blocked, id=14692, stack(0x0000006b09600000,0x0000006b09700000) (1024K)]
  0x000001c4d829d4d0 JavaThread "Unconstrained build operations Thread 73"        [_thread_blocked, id=6168, stack(0x0000006b09700000,0x0000006b09800000) (1024K)]
  0x000001c4d82a02c0 JavaThread "Unconstrained build operations Thread 74"        [_thread_blocked, id=24664, stack(0x0000006b09800000,0x0000006b09900000) (1024K)]
  0x000001c4d829ce40 JavaThread "Unconstrained build operations Thread 75"        [_thread_blocked, id=24616, stack(0x0000006b09900000,0x0000006b09a00000) (1024K)]
  0x000001c4d82a0950 JavaThread "Unconstrained build operations Thread 76"        [_thread_blocked, id=28640, stack(0x0000006b09a00000,0x0000006b09b00000) (1024K)]
  0x000001c4d82a0fe0 JavaThread "Unconstrained build operations Thread 77"        [_thread_blocked, id=12656, stack(0x0000006b09b00000,0x0000006b09c00000) (1024K)]
  0x000001c4d82a1670 JavaThread "Unconstrained build operations Thread 78"        [_thread_blocked, id=18780, stack(0x0000006b09c00000,0x0000006b09d00000) (1024K)]
  0x000001c4d9800e10 JavaThread "Unconstrained build operations Thread 79"        [_thread_blocked, id=11228, stack(0x0000006b09d00000,0x0000006b09e00000) (1024K)]
  0x000001c4d9800780 JavaThread "Unconstrained build operations Thread 80"        [_thread_blocked, id=29772, stack(0x0000006b09e00000,0x0000006b09f00000) (1024K)]
  0x000001c4d98014a0 JavaThread "Unconstrained build operations Thread 81"        [_thread_blocked, id=34112, stack(0x0000006b09f00000,0x0000006b0a000000) (1024K)]
  0x000001c4d98021c0 JavaThread "Unconstrained build operations Thread 82"        [_thread_blocked, id=20912, stack(0x0000006b0a000000,0x0000006b0a100000) (1024K)]
  0x000001c4d9801b30 JavaThread "Unconstrained build operations Thread 83"        [_thread_blocked, id=33852, stack(0x0000006b0a100000,0x0000006b0a200000) (1024K)]
  0x000001c4d9802ee0 JavaThread "Unconstrained build operations Thread 84"        [_thread_blocked, id=29592, stack(0x0000006b0a200000,0x0000006b0a300000) (1024K)]
  0x000001c4d9802850 JavaThread "Unconstrained build operations Thread 85"        [_thread_blocked, id=12332, stack(0x0000006b0a300000,0x0000006b0a400000) (1024K)]
  0x000001c4d98000f0 JavaThread "Unconstrained build operations Thread 86"        [_thread_blocked, id=28460, stack(0x0000006b0a400000,0x0000006b0a500000) (1024K)]
  0x000001c4d98069f0 JavaThread "Unconstrained build operations Thread 87"        [_thread_blocked, id=33004, stack(0x0000006b0a500000,0x0000006b0a600000) (1024K)]
  0x000001c4d9804fb0 JavaThread "Unconstrained build operations Thread 88"        [_thread_blocked, id=33908, stack(0x0000006b0a600000,0x0000006b0a700000) (1024K)]
  0x000001c4d9805640 JavaThread "Unconstrained build operations Thread 89"        [_thread_blocked, id=33256, stack(0x0000006b0a700000,0x0000006b0a800000) (1024K)]
  0x000001c4d9805cd0 JavaThread "Unconstrained build operations Thread 90"        [_thread_blocked, id=32180, stack(0x0000006b0a800000,0x0000006b0a900000) (1024K)]
  0x000001c4d9806360 JavaThread "Unconstrained build operations Thread 91"        [_thread_blocked, id=30992, stack(0x0000006b0a900000,0x0000006b0aa00000) (1024K)]
  0x000001c4d9803570 JavaThread "Unconstrained build operations Thread 92"        [_thread_blocked, id=31552, stack(0x0000006b0aa00000,0x0000006b0ab00000) (1024K)]
  0x000001c4d9807080 JavaThread "Unconstrained build operations Thread 93"        [_thread_blocked, id=28140, stack(0x0000006b0ab00000,0x0000006b0ac00000) (1024K)]
  0x000001c4d9804290 JavaThread "Unconstrained build operations Thread 94"        [_thread_blocked, id=16232, stack(0x0000006b0ac00000,0x0000006b0ad00000) (1024K)]
  0x000001c4d9803c00 JavaThread "Unconstrained build operations Thread 95"        [_thread_blocked, id=28552, stack(0x0000006b0ad00000,0x0000006b0ae00000) (1024K)]
  0x000001c4d9804920 JavaThread "Unconstrained build operations Thread 96"        [_thread_blocked, id=5032, stack(0x0000006b0ae00000,0x0000006b0af00000) (1024K)]
  0x000001c4d9807710 JavaThread "Unconstrained build operations Thread 97"        [_thread_blocked, id=32480, stack(0x0000006b0af00000,0x0000006b0b000000) (1024K)]
  0x000001c4d82107c0 JavaThread "Unconstrained build operations Thread 98"        [_thread_blocked, id=30000, stack(0x0000006b0b000000,0x0000006b0b100000) (1024K)]
  0x000001c4d8212f20 JavaThread "Unconstrained build operations Thread 99"        [_thread_blocked, id=31380, stack(0x0000006b0b100000,0x0000006b0b200000) (1024K)]
  0x000001c4d82135b0 JavaThread "Unconstrained build operations Thread 100"        [_thread_blocked, id=7044, stack(0x0000006b0b200000,0x0000006b0b300000) (1024K)]
  0x000001c4d8212890 JavaThread "Unconstrained build operations Thread 101"        [_thread_blocked, id=21736, stack(0x0000006b0b300000,0x0000006b0b400000) (1024K)]
  0x000001c4d8213c40 JavaThread "build event listener"              [_thread_blocked, id=10680, stack(0x0000006b06300000,0x0000006b06400000) (1024K)]
Total: 149

Other Threads:
  0x000001c4b4995c80 VMThread "VM Thread"                           [id=25280, stack(0x0000006b01600000,0x0000006b01700000) (1024K)]
  0x000001c4b4985270 WatcherThread "VM Periodic Task Thread"        [id=14804, stack(0x0000006b01500000,0x0000006b01600000) (1024K)]
  0x000001c49c6b99b0 WorkerThread "GC Thread#0"                     [id=31196, stack(0x0000006b01000000,0x0000006b01100000) (1024K)]
  0x000001c4b579e160 WorkerThread "GC Thread#1"                     [id=15480, stack(0x0000006b02100000,0x0000006b02200000) (1024K)]
  0x000001c4b56e61a0 WorkerThread "GC Thread#2"                     [id=8636, stack(0x0000006b02200000,0x0000006b02300000) (1024K)]
  0x000001c4d525b050 WorkerThread "GC Thread#3"                     [id=25392, stack(0x0000006b02300000,0x0000006b02400000) (1024K)]
  0x000001c4d525b400 WorkerThread "GC Thread#4"                     [id=29808, stack(0x0000006b02400000,0x0000006b02500000) (1024K)]
  0x000001c4d5ccd9e0 WorkerThread "GC Thread#5"                     [id=32124, stack(0x0000006b02500000,0x0000006b02600000) (1024K)]
  0x000001c4d5cce140 WorkerThread "GC Thread#6"                     [id=32492, stack(0x0000006b02600000,0x0000006b02700000) (1024K)]
  0x000001c4d5ccdd90 WorkerThread "GC Thread#7"                     [id=26716, stack(0x0000006b02700000,0x0000006b02800000) (1024K)]
  0x000001c4d5cce8a0 WorkerThread "GC Thread#8"                     [id=26264, stack(0x0000006b02800000,0x0000006b02900000) (1024K)]
  0x000001c4b53b86a0 WorkerThread "GC Thread#9"                     [id=31416, stack(0x0000006b03700000,0x0000006b03800000) (1024K)]
  0x000001c49c6cb3d0 ConcurrentGCThread "G1 Main Marker"            [id=23476, stack(0x0000006b01100000,0x0000006b01200000) (1024K)]
  0x000001c49c6cd810 WorkerThread "G1 Conc#0"                       [id=2392, stack(0x0000006b01200000,0x0000006b01300000) (1024K)]
  0x000001c4b53bab80 WorkerThread "G1 Conc#1"                       [id=6500, stack(0x0000006b03800000,0x0000006b03900000) (1024K)]
  0x000001c4b53baf30 WorkerThread "G1 Conc#2"                       [id=12160, stack(0x0000006b03900000,0x0000006b03a00000) (1024K)]
  0x000001c4b4859be0 ConcurrentGCThread "G1 Refine#0"               [id=10992, stack(0x0000006b01300000,0x0000006b01400000) (1024K)]
  0x000001c4b485a510 ConcurrentGCThread "G1 Service"                [id=7304, stack(0x0000006b01400000,0x0000006b01500000) (1024K)]
Total: 18

Threads with active compile tasks:
C2 CompilerThread0  481479 14099       4       org.jetbrains.kotlin.load.java.structure.impl.classFiles.BinaryClassSignatureParser::parseParameterizedClassRefSignature (257 bytes)
Total: 1

VM state: not at safepoint (normal execution)

VM Mutex/Monitor currently owned by a thread: None

Heap address: 0x0000000080000000, size: 2048 MB, Compressed Oops mode: 32-bit

CDS archive(s) mapped at: [0x000001c4b6000000-0x000001c4b6ba0000-0x000001c4b6ba0000), size 12189696, SharedBaseAddress: 0x000001c4b6000000, ArchiveRelocationMode: 1.
Compressed class space mapped at: 0x000001c4b7000000-0x000001c4d1000000, reserved size: 436207616
Narrow klass base: 0x000001c4b6000000, Narrow klass shift: 0, Narrow klass range: 0x100000000

GC Precious Log:
 CardTable entry size: 512
 Card Set container configuration: InlinePtr #cards 5 size 8 Array Of Cards #cards 12 size 40 Howl #buckets 4 coarsen threshold 1843 Howl Bitmap #cards 512 size 80 coarsen threshold 460 Card regions per heap region 1 cards per card region 2048
 CPUs: 12 total, 12 available
 Memory: 7832M
 Large Page Support: Disabled
 NUMA Support: Disabled
 Compressed Oops: Enabled (32-bit)
 Heap Region Size: 1M
 Heap Min Capacity: 8M
 Heap Initial Capacity: 124M
 Heap Max Capacity: 2G
 Pre-touch: Disabled
 Parallel Workers: 10
 Concurrent Workers: 3
 Concurrent Refinement Workers: 10
 Periodic GC: Disabled

Heap:
 garbage-first heap   total 237568K, used 176128K [0x0000000080000000, 0x0000000100000000)
  region size 1024K, 37 young (37888K), 7 survivors (7168K)
 Metaspace       used 126281K, committed 128832K, reserved 557056K
  class space    used 17593K, committed 18880K, reserved 425984K

Heap Regions: E=young(eden), S=young(survivor), O=old, HS=humongous(starts), HC=humongous(continues), CS=collection set, F=free, TAMS=top-at-mark-start, PB=parsable bottom
|   0|0x0000000080000000, 0x0000000080100000, 0x0000000080100000|100%| O|  |TAMS 0x0000000080000000| PB 0x0000000080000000| Untracked 
|   1|0x0000000080100000, 0x0000000080200000, 0x0000000080200000|100%|HS|  |TAMS 0x0000000080100000| PB 0x0000000080100000| Complete 
|   2|0x0000000080200000, 0x0000000080300000, 0x0000000080300000|100%|HC|  |TAMS 0x0000000080200000| PB 0x0000000080200000| Complete 
|   3|0x0000000080300000, 0x0000000080400000, 0x0000000080400000|100%|HC|  |TAMS 0x0000000080300000| PB 0x0000000080300000| Complete 
|   4|0x0000000080400000, 0x0000000080500000, 0x0000000080500000|100%| O|  |TAMS 0x0000000080400000| PB 0x0000000080400000| Untracked 
|   5|0x0000000080500000, 0x0000000080600000, 0x0000000080600000|100%| O|  |TAMS 0x0000000080500000| PB 0x0000000080500000| Untracked 
|   6|0x0000000080600000, 0x0000000080700000, 0x0000000080700000|100%| O|  |TAMS 0x0000000080600000| PB 0x0000000080600000| Untracked 
|   7|0x0000000080700000, 0x0000000080800000, 0x0000000080800000|100%|HS|  |TAMS 0x0000000080700000| PB 0x0000000080700000| Complete 
|   8|0x0000000080800000, 0x0000000080900000, 0x0000000080900000|100%| O|  |TAMS 0x0000000080800000| PB 0x0000000080800000| Untracked 
|   9|0x0000000080900000, 0x0000000080a00000, 0x0000000080a00000|100%| O|  |TAMS 0x0000000080900000| PB 0x0000000080900000| Untracked 
|  10|0x0000000080a00000, 0x0000000080b00000, 0x0000000080b00000|100%| O|  |TAMS 0x0000000080a00000| PB 0x0000000080a00000| Untracked 
|  11|0x0000000080b00000, 0x0000000080c00000, 0x0000000080c00000|100%| O|  |TAMS 0x0000000080b00000| PB 0x0000000080b00000| Untracked 
|  12|0x0000000080c00000, 0x0000000080d00000, 0x0000000080d00000|100%| O|  |TAMS 0x0000000080c00000| PB 0x0000000080c00000| Untracked 
|  13|0x0000000080d00000, 0x0000000080e00000, 0x0000000080e00000|100%| O|  |TAMS 0x0000000080d00000| PB 0x0000000080d00000| Untracked 
|  14|0x0000000080e00000, 0x0000000080f00000, 0x0000000080f00000|100%| O|  |TAMS 0x0000000080e00000| PB 0x0000000080e00000| Untracked 
|  15|0x0000000080f00000, 0x0000000081000000, 0x0000000081000000|100%| O|  |TAMS 0x0000000080f00000| PB 0x0000000080f00000| Untracked 
|  16|0x0000000081000000, 0x0000000081100000, 0x0000000081100000|100%| O|  |TAMS 0x0000000081000000| PB 0x0000000081000000| Untracked 
|  17|0x0000000081100000, 0x0000000081200000, 0x0000000081200000|100%| O|  |TAMS 0x0000000081100000| PB 0x0000000081100000| Untracked 
|  18|0x0000000081200000, 0x0000000081300000, 0x0000000081300000|100%| O|  |TAMS 0x0000000081200000| PB 0x0000000081200000| Untracked 
|  19|0x0000000081300000, 0x0000000081400000, 0x0000000081400000|100%| O|  |TAMS 0x0000000081300000| PB 0x0000000081300000| Untracked 
|  20|0x0000000081400000, 0x0000000081500000, 0x0000000081500000|100%| O|  |TAMS 0x0000000081400000| PB 0x0000000081400000| Untracked 
|  21|0x0000000081500000, 0x0000000081600000, 0x0000000081600000|100%| O|  |TAMS 0x0000000081500000| PB 0x0000000081500000| Untracked 
|  22|0x0000000081600000, 0x0000000081700000, 0x0000000081700000|100%| O|  |TAMS 0x0000000081600000| PB 0x0000000081600000| Untracked 
|  23|0x0000000081700000, 0x0000000081800000, 0x0000000081800000|100%| O|  |TAMS 0x0000000081700000| PB 0x0000000081700000| Untracked 
|  24|0x0000000081800000, 0x0000000081900000, 0x0000000081900000|100%| O|  |TAMS 0x0000000081800000| PB 0x0000000081800000| Untracked 
|  25|0x0000000081900000, 0x0000000081a00000, 0x0000000081a00000|100%| O|  |TAMS 0x0000000081900000| PB 0x0000000081900000| Untracked 
|  26|0x0000000081a00000, 0x0000000081b00000, 0x0000000081b00000|100%| O|  |TAMS 0x0000000081a00000| PB 0x0000000081a00000| Untracked 
|  27|0x0000000081b00000, 0x0000000081c00000, 0x0000000081c00000|100%| O|  |TAMS 0x0000000081b00000| PB 0x0000000081b00000| Untracked 
|  28|0x0000000081c00000, 0x0000000081d00000, 0x0000000081d00000|100%| O|  |TAMS 0x0000000081c00000| PB 0x0000000081c00000| Untracked 
|  29|0x0000000081d00000, 0x0000000081e00000, 0x0000000081e00000|100%| O|  |TAMS 0x0000000081d00000| PB 0x0000000081d00000| Untracked 
|  30|0x0000000081e00000, 0x0000000081f00000, 0x0000000081f00000|100%|HS|  |TAMS 0x0000000081e00000| PB 0x0000000081e00000| Complete 
|  31|0x0000000081f00000, 0x0000000082000000, 0x0000000082000000|100%|HC|  |TAMS 0x0000000081f00000| PB 0x0000000081f00000| Complete 
|  32|0x0000000082000000, 0x0000000082100000, 0x0000000082100000|100%|HS|  |TAMS 0x0000000082000000| PB 0x0000000082000000| Complete 
|  33|0x0000000082100000, 0x0000000082200000, 0x0000000082200000|100%|HC|  |TAMS 0x0000000082100000| PB 0x0000000082100000| Complete 
|  34|0x0000000082200000, 0x0000000082300000, 0x0000000082300000|100%| O|  |TAMS 0x0000000082200000| PB 0x0000000082200000| Untracked 
|  35|0x0000000082300000, 0x0000000082400000, 0x0000000082400000|100%| O|  |TAMS 0x0000000082300000| PB 0x0000000082300000| Untracked 
|  36|0x0000000082400000, 0x0000000082500000, 0x0000000082500000|100%| O|  |TAMS 0x0000000082400000| PB 0x0000000082400000| Untracked 
|  37|0x0000000082500000, 0x0000000082600000, 0x0000000082600000|100%| O|  |TAMS 0x0000000082500000| PB 0x0000000082500000| Untracked 
|  38|0x0000000082600000, 0x0000000082700000, 0x0000000082700000|100%| O|  |TAMS 0x0000000082600000| PB 0x0000000082600000| Untracked 
|  39|0x0000000082700000, 0x0000000082800000, 0x0000000082800000|100%| O|  |TAMS 0x0000000082700000| PB 0x0000000082700000| Untracked 
|  40|0x0000000082800000, 0x0000000082900000, 0x0000000082900000|100%| O|  |TAMS 0x0000000082800000| PB 0x0000000082800000| Untracked 
|  41|0x0000000082900000, 0x0000000082a00000, 0x0000000082a00000|100%| O|  |TAMS 0x0000000082900000| PB 0x0000000082900000| Untracked 
|  42|0x0000000082a00000, 0x0000000082b00000, 0x0000000082b00000|100%| O|  |TAMS 0x0000000082a00000| PB 0x0000000082a00000| Untracked 
|  43|0x0000000082b00000, 0x0000000082c00000, 0x0000000082c00000|100%| O|Cm|TAMS 0x0000000082b00000| PB 0x0000000082b00000| Complete 
|  44|0x0000000082c00000, 0x0000000082d00000, 0x0000000082d00000|100%| O|  |TAMS 0x0000000082c00000| PB 0x0000000082c00000| Untracked 
|  45|0x0000000082d00000, 0x0000000082e00000, 0x0000000082e00000|100%| O|  |TAMS 0x0000000082d00000| PB 0x0000000082d00000| Untracked 
|  46|0x0000000082e00000, 0x0000000082f00000, 0x0000000082f00000|100%| O|  |TAMS 0x0000000082e00000| PB 0x0000000082e00000| Untracked 
|  47|0x0000000082f00000, 0x0000000083000000, 0x0000000083000000|100%| O|  |TAMS 0x0000000082f00000| PB 0x0000000082f00000| Untracked 
|  48|0x0000000083000000, 0x0000000083100000, 0x0000000083100000|100%| O|  |TAMS 0x0000000083000000| PB 0x0000000083000000| Untracked 
|  49|0x0000000083100000, 0x0000000083200000, 0x0000000083200000|100%| O|  |TAMS 0x0000000083100000| PB 0x0000000083100000| Untracked 
|  50|0x0000000083200000, 0x0000000083300000, 0x0000000083300000|100%| O|  |TAMS 0x0000000083200000| PB 0x0000000083200000| Untracked 
|  51|0x0000000083300000, 0x0000000083400000, 0x0000000083400000|100%| O|  |TAMS 0x0000000083300000| PB 0x0000000083300000| Untracked 
|  52|0x0000000083400000, 0x0000000083500000, 0x0000000083500000|100%| O|  |TAMS 0x0000000083400000| PB 0x0000000083400000| Untracked 
|  53|0x0000000083500000, 0x0000000083600000, 0x0000000083600000|100%| O|  |TAMS 0x0000000083500000| PB 0x0000000083500000| Untracked 
|  54|0x0000000083600000, 0x0000000083700000, 0x0000000083700000|100%| O|  |TAMS 0x0000000083600000| PB 0x0000000083600000| Untracked 
|  55|0x0000000083700000, 0x0000000083800000, 0x0000000083800000|100%|HS|  |TAMS 0x0000000083700000| PB 0x0000000083700000| Complete 
|  56|0x0000000083800000, 0x0000000083900000, 0x0000000083900000|100%|HS|  |TAMS 0x0000000083800000| PB 0x0000000083800000| Complete 
|  57|0x0000000083900000, 0x0000000083a00000, 0x0000000083a00000|100%|HS|  |TAMS 0x0000000083900000| PB 0x0000000083900000| Complete 
|  58|0x0000000083a00000, 0x0000000083b00000, 0x0000000083b00000|100%|HC|  |TAMS 0x0000000083a00000| PB 0x0000000083a00000| Complete 
|  59|0x0000000083b00000, 0x0000000083c00000, 0x0000000083c00000|100%|HS|  |TAMS 0x0000000083b00000| PB 0x0000000083b00000| Complete 
|  60|0x0000000083c00000, 0x0000000083d00000, 0x0000000083d00000|100%|HS|  |TAMS 0x0000000083c00000| PB 0x0000000083c00000| Complete 
|  61|0x0000000083d00000, 0x0000000083e00000, 0x0000000083e00000|100%| O|  |TAMS 0x0000000083d00000| PB 0x0000000083d00000| Untracked 
|  62|0x0000000083e00000, 0x0000000083f00000, 0x0000000083f00000|100%|HS|  |TAMS 0x0000000083e00000| PB 0x0000000083e00000| Complete 
|  63|0x0000000083f00000, 0x0000000084000000, 0x0000000084000000|100%|HC|  |TAMS 0x0000000083f00000| PB 0x0000000083f00000| Complete 
|  64|0x0000000084000000, 0x0000000084100000, 0x0000000084100000|100%|HS|  |TAMS 0x0000000084000000| PB 0x0000000084000000| Complete 
|  65|0x0000000084100000, 0x0000000084200000, 0x0000000084200000|100%|HS|  |TAMS 0x0000000084100000| PB 0x0000000084100000| Complete 
|  66|0x0000000084200000, 0x0000000084300000, 0x0000000084300000|100%| O|  |TAMS 0x0000000084200000| PB 0x0000000084200000| Untracked 
|  67|0x0000000084300000, 0x0000000084400000, 0x0000000084400000|100%| O|  |TAMS 0x0000000084300000| PB 0x0000000084300000| Untracked 
|  68|0x0000000084400000, 0x0000000084500000, 0x0000000084500000|100%| O|  |TAMS 0x0000000084400000| PB 0x0000000084400000| Untracked 
|  69|0x0000000084500000, 0x0000000084600000, 0x0000000084600000|100%| O|  |TAMS 0x0000000084500000| PB 0x0000000084500000| Untracked 
|  70|0x0000000084600000, 0x0000000084700000, 0x0000000084700000|100%| O|  |TAMS 0x0000000084600000| PB 0x0000000084600000| Untracked 
|  71|0x0000000084700000, 0x0000000084800000, 0x0000000084800000|100%| O|  |TAMS 0x0000000084700000| PB 0x0000000084700000| Untracked 
|  72|0x0000000084800000, 0x0000000084900000, 0x0000000084900000|100%| O|  |TAMS 0x0000000084800000| PB 0x0000000084800000| Untracked 
|  73|0x0000000084900000, 0x0000000084a00000, 0x0000000084a00000|100%| O|  |TAMS 0x0000000084900000| PB 0x0000000084900000| Untracked 
|  74|0x0000000084a00000, 0x0000000084b00000, 0x0000000084b00000|100%| O|  |TAMS 0x0000000084a00000| PB 0x0000000084a00000| Untracked 
|  75|0x0000000084b00000, 0x0000000084c00000, 0x0000000084c00000|100%| O|  |TAMS 0x0000000084b00000| PB 0x0000000084b00000| Untracked 
|  76|0x0000000084c00000, 0x0000000084d00000, 0x0000000084d00000|100%|HS|  |TAMS 0x0000000084c00000| PB 0x0000000084c00000| Complete 
|  77|0x0000000084d00000, 0x0000000084e00000, 0x0000000084e00000|100%| O|  |TAMS 0x0000000084d00000| PB 0x0000000084d00000| Untracked 
|  78|0x0000000084e00000, 0x0000000084f00000, 0x0000000084f00000|100%| O|  |TAMS 0x0000000084e00000| PB 0x0000000084e00000| Untracked 
|  79|0x0000000084f00000, 0x0000000085000000, 0x0000000085000000|100%| O|  |TAMS 0x0000000084f00000| PB 0x0000000084f00000| Untracked 
|  80|0x0000000085000000, 0x0000000085100000, 0x0000000085100000|100%| O|  |TAMS 0x0000000085000000| PB 0x0000000085000000| Untracked 
|  81|0x0000000085100000, 0x0000000085200000, 0x0000000085200000|100%| O|  |TAMS 0x0000000085100000| PB 0x0000000085100000| Untracked 
|  82|0x0000000085200000, 0x0000000085300000, 0x0000000085300000|100%| O|  |TAMS 0x0000000085200000| PB 0x0000000085200000| Untracked 
|  83|0x0000000085300000, 0x0000000085400000, 0x0000000085400000|100%| O|  |TAMS 0x0000000085300000| PB 0x0000000085300000| Untracked 
|  84|0x0000000085400000, 0x0000000085500000, 0x0000000085500000|100%| O|  |TAMS 0x0000000085400000| PB 0x0000000085400000| Untracked 
|  85|0x0000000085500000, 0x0000000085600000, 0x0000000085600000|100%| O|  |TAMS 0x0000000085500000| PB 0x0000000085500000| Untracked 
|  86|0x0000000085600000, 0x0000000085700000, 0x0000000085700000|100%|HS|  |TAMS 0x0000000085600000| PB 0x0000000085600000| Complete 
|  87|0x0000000085700000, 0x0000000085800000, 0x0000000085800000|100%| O|  |TAMS 0x0000000085700000| PB 0x0000000085700000| Untracked 
|  88|0x0000000085800000, 0x0000000085900000, 0x0000000085900000|100%| O|  |TAMS 0x0000000085800000| PB 0x0000000085800000| Untracked 
|  89|0x0000000085900000, 0x0000000085a00000, 0x0000000085a00000|100%| O|  |TAMS 0x0000000085900000| PB 0x0000000085900000| Untracked 
|  90|0x0000000085a00000, 0x0000000085b00000, 0x0000000085b00000|100%| O|  |TAMS 0x0000000085a00000| PB 0x0000000085a00000| Untracked 
|  91|0x0000000085b00000, 0x0000000085c00000, 0x0000000085c00000|100%| O|  |TAMS 0x0000000085b00000| PB 0x0000000085b00000| Untracked 
|  92|0x0000000085c00000, 0x0000000085d00000, 0x0000000085d00000|100%| O|  |TAMS 0x0000000085c00000| PB 0x0000000085c00000| Untracked 
|  93|0x0000000085d00000, 0x0000000085e00000, 0x0000000085e00000|100%| O|  |TAMS 0x0000000085d00000| PB 0x0000000085d00000| Untracked 
|  94|0x0000000085e00000, 0x0000000085f00000, 0x0000000085f00000|100%| O|  |TAMS 0x0000000085e00000| PB 0x0000000085e00000| Untracked 
|  95|0x0000000085f00000, 0x0000000086000000, 0x0000000086000000|100%| O|  |TAMS 0x0000000085f00000| PB 0x0000000085f00000| Untracked 
|  96|0x0000000086000000, 0x0000000086100000, 0x0000000086100000|100%| O|Cm|TAMS 0x0000000086000000| PB 0x0000000086000000| Complete 
|  97|0x0000000086100000, 0x0000000086200000, 0x0000000086200000|100%| O|  |TAMS 0x0000000086100000| PB 0x0000000086100000| Untracked 
|  98|0x0000000086200000, 0x0000000086300000, 0x0000000086300000|100%| O|  |TAMS 0x0000000086200000| PB 0x0000000086200000| Untracked 
|  99|0x0000000086300000, 0x0000000086400000, 0x0000000086400000|100%| O|  |TAMS 0x0000000086300000| PB 0x0000000086300000| Untracked 
| 100|0x0000000086400000, 0x0000000086500000, 0x0000000086500000|100%|HS|  |TAMS 0x0000000086400000| PB 0x0000000086400000| Complete 
| 101|0x0000000086500000, 0x0000000086600000, 0x0000000086600000|100%|HC|  |TAMS 0x0000000086500000| PB 0x0000000086500000| Complete 
| 102|0x0000000086600000, 0x0000000086700000, 0x0000000086700000|100%|HC|  |TAMS 0x0000000086600000| PB 0x0000000086600000| Complete 
| 103|0x0000000086700000, 0x0000000086800000, 0x0000000086800000|100%|HC|  |TAMS 0x0000000086700000| PB 0x0000000086700000| Complete 
| 104|0x0000000086800000, 0x0000000086900000, 0x0000000086900000|100%|HC|  |TAMS 0x0000000086800000| PB 0x0000000086800000| Complete 
| 105|0x0000000086900000, 0x0000000086a00000, 0x0000000086a00000|100%|HC|  |TAMS 0x0000000086900000| PB 0x0000000086900000| Complete 
| 106|0x0000000086a00000, 0x0000000086b00000, 0x0000000086b00000|100%| O|  |TAMS 0x0000000086a00000| PB 0x0000000086a00000| Untracked 
| 107|0x0000000086b00000, 0x0000000086c00000, 0x0000000086c00000|100%| O|  |TAMS 0x0000000086b00000| PB 0x0000000086b00000| Untracked 
| 108|0x0000000086c00000, 0x0000000086d00000, 0x0000000086d00000|100%| O|  |TAMS 0x0000000086c00000| PB 0x0000000086c00000| Untracked 
| 109|0x0000000086d00000, 0x0000000086e00000, 0x0000000086e00000|100%| O|Cm|TAMS 0x0000000086d00000| PB 0x0000000086d00000| Complete 
| 110|0x0000000086e00000, 0x0000000086f00000, 0x0000000086f00000|100%| O|  |TAMS 0x0000000086e00000| PB 0x0000000086e00000| Untracked 
| 111|0x0000000086f00000, 0x0000000087000000, 0x0000000087000000|100%| O|  |TAMS 0x0000000086f00000| PB 0x0000000086f00000| Untracked 
| 112|0x0000000087000000, 0x0000000087100000, 0x0000000087100000|100%| O|  |TAMS 0x0000000087000000| PB 0x0000000087000000| Untracked 
| 113|0x0000000087100000, 0x0000000087200000, 0x0000000087200000|100%| O|  |TAMS 0x0000000087100000| PB 0x0000000087100000| Untracked 
| 114|0x0000000087200000, 0x0000000087300000, 0x0000000087300000|100%| O|Cm|TAMS 0x0000000087200000| PB 0x0000000087200000| Complete 
| 115|0x0000000087300000, 0x0000000087400000, 0x0000000087400000|100%| O|  |TAMS 0x0000000087300000| PB 0x0000000087300000| Untracked 
| 116|0x0000000087400000, 0x0000000087500000, 0x0000000087500000|100%| O|  |TAMS 0x0000000087400000| PB 0x0000000087400000| Untracked 
| 117|0x0000000087500000, 0x0000000087600000, 0x0000000087600000|100%| O|  |TAMS 0x0000000087500000| PB 0x0000000087500000| Untracked 
| 118|0x0000000087600000, 0x0000000087700000, 0x0000000087700000|100%| O|  |TAMS 0x0000000087600000| PB 0x0000000087600000| Untracked 
| 119|0x0000000087700000, 0x0000000087800000, 0x0000000087800000|100%| O|  |TAMS 0x0000000087700000| PB 0x0000000087700000| Untracked 
| 120|0x0000000087800000, 0x0000000087800000, 0x0000000087900000|  0%| F|  |TAMS 0x0000000087800000| PB 0x0000000087800000| Untracked 
| 121|0x0000000087900000, 0x0000000087900000, 0x0000000087a00000|  0%| F|  |TAMS 0x0000000087900000| PB 0x0000000087900000| Untracked 
| 122|0x0000000087a00000, 0x0000000087a00000, 0x0000000087b00000|  0%| F|  |TAMS 0x0000000087a00000| PB 0x0000000087a00000| Untracked 
| 123|0x0000000087b00000, 0x0000000087b00000, 0x0000000087c00000|  0%| F|  |TAMS 0x0000000087b00000| PB 0x0000000087b00000| Untracked 
| 124|0x0000000087c00000, 0x0000000087c00000, 0x0000000087d00000|  0%| F|  |TAMS 0x0000000087c00000| PB 0x0000000087c00000| Untracked 
| 125|0x0000000087d00000, 0x0000000087d00000, 0x0000000087e00000|  0%| F|  |TAMS 0x0000000087d00000| PB 0x0000000087d00000| Untracked 
| 126|0x0000000087e00000, 0x0000000087e00000, 0x0000000087f00000|  0%| F|  |TAMS 0x0000000087e00000| PB 0x0000000087e00000| Untracked 
| 127|0x0000000087f00000, 0x0000000087f00000, 0x0000000088000000|  0%| F|  |TAMS 0x0000000087f00000| PB 0x0000000087f00000| Untracked 
| 128|0x0000000088000000, 0x0000000088000000, 0x0000000088100000|  0%| F|  |TAMS 0x0000000088000000| PB 0x0000000088000000| Untracked 
| 129|0x0000000088100000, 0x0000000088100000, 0x0000000088200000|  0%| F|  |TAMS 0x0000000088100000| PB 0x0000000088100000| Untracked 
| 130|0x0000000088200000, 0x0000000088200000, 0x0000000088300000|  0%| F|  |TAMS 0x0000000088200000| PB 0x0000000088200000| Untracked 
| 131|0x0000000088300000, 0x0000000088300000, 0x0000000088400000|  0%| F|  |TAMS 0x0000000088300000| PB 0x0000000088300000| Untracked 
| 132|0x0000000088400000, 0x0000000088400000, 0x0000000088500000|  0%| F|  |TAMS 0x0000000088400000| PB 0x0000000088400000| Untracked 
| 133|0x0000000088500000, 0x0000000088500000, 0x0000000088600000|  0%| F|  |TAMS 0x0000000088500000| PB 0x0000000088500000| Untracked 
| 134|0x0000000088600000, 0x0000000088600000, 0x0000000088700000|  0%| F|  |TAMS 0x0000000088600000| PB 0x0000000088600000| Untracked 
| 135|0x0000000088700000, 0x0000000088700000, 0x0000000088800000|  0%| F|  |TAMS 0x0000000088700000| PB 0x0000000088700000| Untracked 
| 136|0x0000000088800000, 0x0000000088800000, 0x0000000088900000|  0%| F|  |TAMS 0x0000000088800000| PB 0x0000000088800000| Untracked 
| 137|0x0000000088900000, 0x0000000088900000, 0x0000000088a00000|  0%| F|  |TAMS 0x0000000088900000| PB 0x0000000088900000| Untracked 
| 138|0x0000000088a00000, 0x0000000088a00000, 0x0000000088b00000|  0%| F|  |TAMS 0x0000000088a00000| PB 0x0000000088a00000| Untracked 
| 139|0x0000000088b00000, 0x0000000088b00000, 0x0000000088c00000|  0%| F|  |TAMS 0x0000000088b00000| PB 0x0000000088b00000| Untracked 
| 140|0x0000000088c00000, 0x0000000088c00000, 0x0000000088d00000|  0%| F|  |TAMS 0x0000000088c00000| PB 0x0000000088c00000| Untracked 
| 141|0x0000000088d00000, 0x0000000088d00000, 0x0000000088e00000|  0%| F|  |TAMS 0x0000000088d00000| PB 0x0000000088d00000| Untracked 
| 142|0x0000000088e00000, 0x0000000088e00000, 0x0000000088f00000|  0%| F|  |TAMS 0x0000000088e00000| PB 0x0000000088e00000| Untracked 
| 143|0x0000000088f00000, 0x0000000088f00000, 0x0000000089000000|  0%| F|  |TAMS 0x0000000088f00000| PB 0x0000000088f00000| Untracked 
| 144|0x0000000089000000, 0x0000000089000000, 0x0000000089100000|  0%| F|  |TAMS 0x0000000089000000| PB 0x0000000089000000| Untracked 
| 145|0x0000000089100000, 0x0000000089100000, 0x0000000089200000|  0%| F|  |TAMS 0x0000000089100000| PB 0x0000000089100000| Untracked 
| 146|0x0000000089200000, 0x0000000089200000, 0x0000000089300000|  0%| F|  |TAMS 0x0000000089200000| PB 0x0000000089200000| Untracked 
| 147|0x0000000089300000, 0x0000000089300000, 0x0000000089400000|  0%| F|  |TAMS 0x0000000089300000| PB 0x0000000089300000| Untracked 
| 148|0x0000000089400000, 0x0000000089400000, 0x0000000089500000|  0%| F|  |TAMS 0x0000000089400000| PB 0x0000000089400000| Untracked 
| 149|0x0000000089500000, 0x0000000089500000, 0x0000000089600000|  0%| F|  |TAMS 0x0000000089500000| PB 0x0000000089500000| Untracked 
| 150|0x0000000089600000, 0x0000000089600000, 0x0000000089700000|  0%| F|  |TAMS 0x0000000089600000| PB 0x0000000089600000| Untracked 
| 151|0x0000000089700000, 0x0000000089700000, 0x0000000089800000|  0%| F|  |TAMS 0x0000000089700000| PB 0x0000000089700000| Untracked 
| 152|0x0000000089800000, 0x0000000089800000, 0x0000000089900000|  0%| F|  |TAMS 0x0000000089800000| PB 0x0000000089800000| Untracked 
| 153|0x0000000089900000, 0x0000000089900000, 0x0000000089a00000|  0%| F|  |TAMS 0x0000000089900000| PB 0x0000000089900000| Untracked 
| 154|0x0000000089a00000, 0x0000000089a00000, 0x0000000089b00000|  0%| F|  |TAMS 0x0000000089a00000| PB 0x0000000089a00000| Untracked 
| 155|0x0000000089b00000, 0x0000000089b00000, 0x0000000089c00000|  0%| F|  |TAMS 0x0000000089b00000| PB 0x0000000089b00000| Untracked 
| 156|0x0000000089c00000, 0x0000000089c00000, 0x0000000089d00000|  0%| F|  |TAMS 0x0000000089c00000| PB 0x0000000089c00000| Untracked 
| 157|0x0000000089d00000, 0x0000000089d00000, 0x0000000089e00000|  0%| F|  |TAMS 0x0000000089d00000| PB 0x0000000089d00000| Untracked 
| 158|0x0000000089e00000, 0x0000000089e00000, 0x0000000089f00000|  0%| F|  |TAMS 0x0000000089e00000| PB 0x0000000089e00000| Untracked 
| 159|0x0000000089f00000, 0x0000000089f00000, 0x000000008a000000|  0%| F|  |TAMS 0x0000000089f00000| PB 0x0000000089f00000| Untracked 
| 160|0x000000008a000000, 0x000000008a100000, 0x000000008a100000|100%| S|CS|TAMS 0x000000008a000000| PB 0x000000008a000000| Complete 
| 161|0x000000008a100000, 0x000000008a200000, 0x000000008a200000|100%| S|CS|TAMS 0x000000008a100000| PB 0x000000008a100000| Complete 
| 162|0x000000008a200000, 0x000000008a300000, 0x000000008a300000|100%| S|CS|TAMS 0x000000008a200000| PB 0x000000008a200000| Complete 
| 163|0x000000008a300000, 0x000000008a400000, 0x000000008a400000|100%| S|CS|TAMS 0x000000008a300000| PB 0x000000008a300000| Complete 
| 164|0x000000008a400000, 0x000000008a500000, 0x000000008a500000|100%| S|CS|TAMS 0x000000008a400000| PB 0x000000008a400000| Complete 
| 165|0x000000008a500000, 0x000000008a600000, 0x000000008a600000|100%| S|CS|TAMS 0x000000008a500000| PB 0x000000008a500000| Complete 
| 166|0x000000008a600000, 0x000000008a700000, 0x000000008a700000|100%| S|CS|TAMS 0x000000008a600000| PB 0x000000008a600000| Complete 
| 167|0x000000008a700000, 0x000000008a700000, 0x000000008a800000|  0%| F|  |TAMS 0x000000008a700000| PB 0x000000008a700000| Untracked 
| 168|0x000000008a800000, 0x000000008a800000, 0x000000008a900000|  0%| F|  |TAMS 0x000000008a800000| PB 0x000000008a800000| Untracked 
| 169|0x000000008a900000, 0x000000008a900000, 0x000000008aa00000|  0%| F|  |TAMS 0x000000008a900000| PB 0x000000008a900000| Untracked 
| 170|0x000000008aa00000, 0x000000008aa00000, 0x000000008ab00000|  0%| F|  |TAMS 0x000000008aa00000| PB 0x000000008aa00000| Untracked 
| 171|0x000000008ab00000, 0x000000008ab00000, 0x000000008ac00000|  0%| F|  |TAMS 0x000000008ab00000| PB 0x000000008ab00000| Untracked 
| 172|0x000000008ac00000, 0x000000008ac00000, 0x000000008ad00000|  0%| F|  |TAMS 0x000000008ac00000| PB 0x000000008ac00000| Untracked 
| 173|0x000000008ad00000, 0x000000008ad00000, 0x000000008ae00000|  0%| F|  |TAMS 0x000000008ad00000| PB 0x000000008ad00000| Untracked 
| 174|0x000000008ae00000, 0x000000008ae00000, 0x000000008af00000|  0%| F|  |TAMS 0x000000008ae00000| PB 0x000000008ae00000| Untracked 
| 175|0x000000008af00000, 0x000000008af00000, 0x000000008b000000|  0%| F|  |TAMS 0x000000008af00000| PB 0x000000008af00000| Untracked 
| 176|0x000000008b000000, 0x000000008b000000, 0x000000008b100000|  0%| F|  |TAMS 0x000000008b000000| PB 0x000000008b000000| Untracked 
| 177|0x000000008b100000, 0x000000008b100000, 0x000000008b200000|  0%| F|  |TAMS 0x000000008b100000| PB 0x000000008b100000| Untracked 
| 178|0x000000008b200000, 0x000000008b200000, 0x000000008b300000|  0%| F|  |TAMS 0x000000008b200000| PB 0x000000008b200000| Untracked 
| 179|0x000000008b300000, 0x000000008b300000, 0x000000008b400000|  0%| F|  |TAMS 0x000000008b300000| PB 0x000000008b300000| Untracked 
| 180|0x000000008b400000, 0x000000008b400000, 0x000000008b500000|  0%| F|  |TAMS 0x000000008b400000| PB 0x000000008b400000| Untracked 
| 181|0x000000008b500000, 0x000000008b500000, 0x000000008b600000|  0%| F|  |TAMS 0x000000008b500000| PB 0x000000008b500000| Untracked 
| 182|0x000000008b600000, 0x000000008b600000, 0x000000008b700000|  0%| F|  |TAMS 0x000000008b600000| PB 0x000000008b600000| Untracked 
| 183|0x000000008b700000, 0x000000008b700000, 0x000000008b800000|  0%| F|  |TAMS 0x000000008b700000| PB 0x000000008b700000| Untracked 
| 184|0x000000008b800000, 0x000000008b800000, 0x000000008b900000|  0%| F|  |TAMS 0x000000008b800000| PB 0x000000008b800000| Untracked 
| 185|0x000000008b900000, 0x000000008b900000, 0x000000008ba00000|  0%| F|  |TAMS 0x000000008b900000| PB 0x000000008b900000| Untracked 
| 186|0x000000008ba00000, 0x000000008bb00000, 0x000000008bb00000|100%| E|  |TAMS 0x000000008ba00000| PB 0x000000008ba00000| Complete 
| 187|0x000000008bb00000, 0x000000008bc00000, 0x000000008bc00000|100%| E|CS|TAMS 0x000000008bb00000| PB 0x000000008bb00000| Complete 
| 188|0x000000008bc00000, 0x000000008bd00000, 0x000000008bd00000|100%| E|CS|TAMS 0x000000008bc00000| PB 0x000000008bc00000| Complete 
| 189|0x000000008bd00000, 0x000000008be00000, 0x000000008be00000|100%| E|CS|TAMS 0x000000008bd00000| PB 0x000000008bd00000| Complete 
| 190|0x000000008be00000, 0x000000008bf00000, 0x000000008bf00000|100%| E|CS|TAMS 0x000000008be00000| PB 0x000000008be00000| Complete 
| 191|0x000000008bf00000, 0x000000008c000000, 0x000000008c000000|100%| E|CS|TAMS 0x000000008bf00000| PB 0x000000008bf00000| Complete 
| 192|0x000000008c000000, 0x000000008c100000, 0x000000008c100000|100%| E|CS|TAMS 0x000000008c000000| PB 0x000000008c000000| Complete 
| 193|0x000000008c100000, 0x000000008c200000, 0x000000008c200000|100%| E|CS|TAMS 0x000000008c100000| PB 0x000000008c100000| Complete 
| 194|0x000000008c200000, 0x000000008c300000, 0x000000008c300000|100%| E|CS|TAMS 0x000000008c200000| PB 0x000000008c200000| Complete 
| 195|0x000000008c300000, 0x000000008c400000, 0x000000008c400000|100%| E|CS|TAMS 0x000000008c300000| PB 0x000000008c300000| Complete 
| 196|0x000000008c400000, 0x000000008c500000, 0x000000008c500000|100%| E|CS|TAMS 0x000000008c400000| PB 0x000000008c400000| Complete 
| 197|0x000000008c500000, 0x000000008c600000, 0x000000008c600000|100%| E|CS|TAMS 0x000000008c500000| PB 0x000000008c500000| Complete 
| 198|0x000000008c600000, 0x000000008c700000, 0x000000008c700000|100%| E|CS|TAMS 0x000000008c600000| PB 0x000000008c600000| Complete 
| 199|0x000000008c700000, 0x000000008c800000, 0x000000008c800000|100%| E|CS|TAMS 0x000000008c700000| PB 0x000000008c700000| Complete 
| 200|0x000000008c800000, 0x000000008c900000, 0x000000008c900000|100%| E|CS|TAMS 0x000000008c800000| PB 0x000000008c800000| Complete 
| 201|0x000000008c900000, 0x000000008ca00000, 0x000000008ca00000|100%| E|CS|TAMS 0x000000008c900000| PB 0x000000008c900000| Complete 
| 202|0x000000008ca00000, 0x000000008cb00000, 0x000000008cb00000|100%| E|CS|TAMS 0x000000008ca00000| PB 0x000000008ca00000| Complete 
| 203|0x000000008cb00000, 0x000000008cc00000, 0x000000008cc00000|100%| E|CS|TAMS 0x000000008cb00000| PB 0x000000008cb00000| Complete 
| 204|0x000000008cc00000, 0x000000008cd00000, 0x000000008cd00000|100%| E|CS|TAMS 0x000000008cc00000| PB 0x000000008cc00000| Complete 
| 205|0x000000008cd00000, 0x000000008ce00000, 0x000000008ce00000|100%| E|CS|TAMS 0x000000008cd00000| PB 0x000000008cd00000| Complete 
| 206|0x000000008ce00000, 0x000000008cf00000, 0x000000008cf00000|100%| E|CS|TAMS 0x000000008ce00000| PB 0x000000008ce00000| Complete 
| 207|0x000000008cf00000, 0x000000008d000000, 0x000000008d000000|100%| E|CS|TAMS 0x000000008cf00000| PB 0x000000008cf00000| Complete 
| 208|0x000000008d000000, 0x000000008d100000, 0x000000008d100000|100%| E|CS|TAMS 0x000000008d000000| PB 0x000000008d000000| Complete 
| 209|0x000000008d100000, 0x000000008d200000, 0x000000008d200000|100%| E|CS|TAMS 0x000000008d100000| PB 0x000000008d100000| Complete 
| 210|0x000000008d200000, 0x000000008d300000, 0x000000008d300000|100%| E|CS|TAMS 0x000000008d200000| PB 0x000000008d200000| Complete 
| 211|0x000000008d300000, 0x000000008d400000, 0x000000008d400000|100%| E|CS|TAMS 0x000000008d300000| PB 0x000000008d300000| Complete 
|2028|0x00000000fec00000, 0x00000000fed00000, 0x00000000fed00000|100%| O|  |TAMS 0x00000000fec00000| PB 0x00000000fec00000| Untracked 
|2029|0x00000000fed00000, 0x00000000fee00000, 0x00000000fee00000|100%| E|CS|TAMS 0x00000000fed00000| PB 0x00000000fed00000| Complete 
|2030|0x00000000fee00000, 0x00000000fef00000, 0x00000000fef00000|100%| O|  |TAMS 0x00000000fee00000| PB 0x00000000fee00000| Untracked 
|2031|0x00000000fef00000, 0x00000000ff000000, 0x00000000ff000000|100%| O|  |TAMS 0x00000000fef00000| PB 0x00000000fef00000| Untracked 
|2032|0x00000000ff000000, 0x00000000ff100000, 0x00000000ff100000|100%| O|  |TAMS 0x00000000ff000000| PB 0x00000000ff000000| Untracked 
|2033|0x00000000ff100000, 0x00000000ff200000, 0x00000000ff200000|100%| E|CS|TAMS 0x00000000ff100000| PB 0x00000000ff100000| Complete 
|2034|0x00000000ff200000, 0x00000000ff300000, 0x00000000ff300000|100%| O|  |TAMS 0x00000000ff200000| PB 0x00000000ff200000| Untracked 
|2035|0x00000000ff300000, 0x00000000ff400000, 0x00000000ff400000|100%| O|  |TAMS 0x00000000ff300000| PB 0x00000000ff300000| Untracked 
|2036|0x00000000ff400000, 0x00000000ff500000, 0x00000000ff500000|100%| O|  |TAMS 0x00000000ff400000| PB 0x00000000ff400000| Untracked 
|2037|0x00000000ff500000, 0x00000000ff600000, 0x00000000ff600000|100%| E|CS|TAMS 0x00000000ff500000| PB 0x00000000ff500000| Complete 
|2038|0x00000000ff600000, 0x00000000ff700000, 0x00000000ff700000|100%| O|  |TAMS 0x00000000ff600000| PB 0x00000000ff600000| Untracked 
|2039|0x00000000ff700000, 0x00000000ff800000, 0x00000000ff800000|100%| O|  |TAMS 0x00000000ff700000| PB 0x00000000ff700000| Untracked 
|2040|0x00000000ff800000, 0x00000000ff900000, 0x00000000ff900000|100%| O|  |TAMS 0x00000000ff800000| PB 0x00000000ff800000| Untracked 
|2041|0x00000000ff900000, 0x00000000ffa00000, 0x00000000ffa00000|100%| O|  |TAMS 0x00000000ff900000| PB 0x00000000ff900000| Untracked 
|2042|0x00000000ffa00000, 0x00000000ffb00000, 0x00000000ffb00000|100%| O|  |TAMS 0x00000000ffa00000| PB 0x00000000ffa00000| Untracked 
|2043|0x00000000ffb00000, 0x00000000ffc00000, 0x00000000ffc00000|100%| E|CS|TAMS 0x00000000ffb00000| PB 0x00000000ffb00000| Complete 
|2044|0x00000000ffc00000, 0x00000000ffd00000, 0x00000000ffd00000|100%| O|  |TAMS 0x00000000ffc00000| PB 0x00000000ffc00000| Untracked 
|2045|0x00000000ffd00000, 0x00000000ffe00000, 0x00000000ffe00000|100%| O|  |TAMS 0x00000000ffd00000| PB 0x00000000ffd00000| Untracked 
|2046|0x00000000ffe00000, 0x00000000fff00000, 0x00000000fff00000|100%| O|  |TAMS 0x00000000ffe00000| PB 0x00000000ffe00000| Untracked 
|2047|0x00000000fff00000, 0x0000000100000000, 0x0000000100000000|100%| O|  |TAMS 0x00000000fff00000| PB 0x00000000fff00000| Untracked 

Card table byte_map: [0x000001c4b01c0000,0x000001c4b05c0000] _byte_map_base: 0x000001c4afdc0000

Marking Bits: (CMBitMap*) 0x000001c49c6ba7e0
 Bits: [0x000001c4b05c0000, 0x000001c4b25c0000)

Polling page: 0x000001c49a4a0000

Metaspace:

Usage:
  Non-class:    106.14 MB used.
      Class:     17.18 MB used.
       Both:    123.32 MB used.

Virtual space:
  Non-class space:      128.00 MB reserved,     107.38 MB ( 84%) committed,  2 nodes.
      Class space:      416.00 MB reserved,      18.44 MB (  4%) committed,  1 nodes.
             Both:      544.00 MB reserved,     125.81 MB ( 23%) committed. 

Chunk freelists:
   Non-Class:  3.88 MB
       Class:  13.59 MB
        Both:  17.47 MB

MaxMetaspaceSize: 512.00 MB
CompressedClassSpaceSize: 416.00 MB
Initial GC threshold: 21.00 MB
Current GC threshold: 199.00 MB
CDS: on
 - commit_granule_bytes: 65536.
 - commit_granule_words: 8192.
 - virtual_space_node_default_size: 8388608.
 - enlarge_chunks_in_place: 1.
 - use_allocation_guard: 0.


Internal statistics:

num_allocs_failed_limit: 9.
num_arena_births: 4782.
num_arena_deaths: 0.
num_vsnodes_births: 3.
num_vsnodes_deaths: 0.
num_space_committed: 2011.
num_space_uncommitted: 0.
num_chunks_returned_to_freelist: 9.
num_chunks_taken_from_freelist: 10451.
num_chunk_merges: 6.
num_chunk_splits: 7082.
num_chunks_enlarged: 4665.
num_inconsistent_stats: 0.

CodeHeap 'non-profiled nmethods': size=128192Kb used=7062Kb max_used=7062Kb free=121129Kb
 bounds [0x000001c4a7b30000, 0x000001c4a8220000, 0x000001c4af860000]
CodeHeap 'profiled nmethods': size=128192Kb used=22146Kb max_used=22146Kb free=106046Kb
 bounds [0x000001c49f860000, 0x000001c4a0e10000, 0x000001c4a7590000]
CodeHeap 'non-nmethods': size=5760Kb used=2053Kb max_used=2091Kb free=3706Kb
 bounds [0x000001c4a7590000, 0x000001c4a7800000, 0x000001c4a7b30000]
CodeCache: size=262144Kb, used=31261Kb, max_used=31299Kb, free=230881Kb
 total_blobs=12642, nmethods=11730, adapters=816, full_count=0
Compilation: enabled, stopped_count=0, restarted_count=0

Compilation events (20 events):
Event: 480.949 Thread 0x000001c4b52801c0 14092       4       org.jetbrains.kotlin.name.Name::identifier (18 bytes)
Event: 480.949 Thread 0x000001c4b49cf070 nmethod 14091 0x000001c4a0de2d10 code [0x000001c4a0de2fe0, 0x000001c4a0de3e48]
Event: 480.950 Thread 0x000001c4b49cf070 14093       3       org.jetbrains.kotlin.com.intellij.util.containers.HashSetInterner::intern (25 bytes)
Event: 480.950 Thread 0x000001c4b49cf070 nmethod 14093 0x000001c4a0de4390 code [0x000001c4a0de4560, 0x000001c4a0de4788]
Event: 480.950 Thread 0x000001c4b52801c0 nmethod 14092 0x000001c4a8213810 code [0x000001c4a82139a0, 0x000001c4a8213a90]
Event: 480.965 Thread 0x000001c4b49cf070 14094       3       org.jetbrains.kotlin.load.java.structure.impl.classFiles.BinaryJavaMethodBase$Companion::create (572 bytes)
Event: 480.966 Thread 0x000001c4b52801c0 14099       4       org.jetbrains.kotlin.load.java.structure.impl.classFiles.BinaryClassSignatureParser::parseParameterizedClassRefSignature (257 bytes)
Event: 480.972 Thread 0x000001c4b49cf070 nmethod 14094 0x000001c4a0de4890 code [0x000001c4a0de5080, 0x000001c4a0de9898]
Event: 480.972 Thread 0x000001c4b49cf070 14095       3       org.jetbrains.kotlin.load.java.structure.impl.classFiles.BinaryJavaMethodBase$Companion::parseMethodDescription (145 bytes)
Event: 480.989 Thread 0x000001c4b49cf070 nmethod 14095 0x000001c4a0deb790 code [0x000001c4a0debce0, 0x000001c4a0dee188]
Event: 480.989 Thread 0x000001c4b49cf070 14097       3       org.jetbrains.kotlin.load.java.structure.impl.classFiles.AnnotationsAndParameterCollectorMethodVisitor::<init> (100 bytes)
Event: 480.991 Thread 0x000001c4b49cf070 nmethod 14097 0x000001c4a0def310 code [0x000001c4a0def6a0, 0x000001c4a0df0d38]
Event: 480.991 Thread 0x000001c4b49cf070 14100       3       org.jetbrains.kotlin.resolve.DescriptorUtils::getFqNameSafeIfPossible (62 bytes)
Event: 480.992 Thread 0x000001c4b49cf070 nmethod 14100 0x000001c4a0df1490 code [0x000001c4a0df16c0, 0x000001c4a0df2018]
Event: 480.992 Thread 0x000001c4b49cf070 14098       3       org.jetbrains.kotlin.load.java.structure.impl.classFiles.BinaryJavaMethodBase::<init> (83 bytes)
Event: 480.995 Thread 0x000001c4b49cf070 nmethod 14098 0x000001c4a0df2190 code [0x000001c4a0df25c0, 0x000001c4a0df4280]
Event: 480.995 Thread 0x000001c4b49cf070 14096       3       org.jetbrains.org.objectweb.asm.Type::getReturnType (13 bytes)
Event: 480.997 Thread 0x000001c4b49cf070 nmethod 14096 0x000001c4a0df4c10 code [0x000001c4a0df4de0, 0x000001c4a0df5048]
Event: 480.997 Thread 0x000001c4b49cf070 14101       1       org.jetbrains.kotlin.load.java.lazy.JavaResolverComponents::getModule (5 bytes)
Event: 480.997 Thread 0x000001c4b49cf070 nmethod 14101 0x000001c4a8213b90 code [0x000001c4a8213d20, 0x000001c4a8213de8]

GC Heap History (20 events):
Event: 372.785 GC heap before
{Heap before GC invocations=30 (full 0):
 garbage-first heap   total 184320K, used 150870K [0x0000000080000000, 0x0000000100000000)
  region size 1024K, 64 young (65536K), 6 survivors (6144K)
 Metaspace       used 88781K, committed 90944K, reserved 557056K
  class space    used 12618K, committed 13696K, reserved 425984K
}
Event: 373.046 GC heap after
{Heap after GC invocations=31 (full 0):
 garbage-first heap   total 184320K, used 93434K [0x0000000080000000, 0x0000000100000000)
  region size 1024K, 4 young (4096K), 4 survivors (4096K)
 Metaspace       used 88781K, committed 90944K, reserved 557056K
  class space    used 12618K, committed 13696K, reserved 425984K
}
Event: 419.415 GC heap before
{Heap before GC invocations=31 (full 0):
 garbage-first heap   total 184320K, used 153850K [0x0000000080000000, 0x0000000100000000)
  region size 1024K, 63 young (64512K), 4 survivors (4096K)
 Metaspace       used 95061K, committed 97280K, reserved 557056K
  class space    used 13892K, committed 14976K, reserved 425984K
}
Event: 419.532 GC heap after
{Heap after GC invocations=32 (full 0):
 garbage-first heap   total 184320K, used 96444K [0x0000000080000000, 0x0000000100000000)
  region size 1024K, 7 young (7168K), 7 survivors (7168K)
 Metaspace       used 95061K, committed 97280K, reserved 557056K
  class space    used 13892K, committed 14976K, reserved 425984K
}
Event: 445.919 GC heap before
{Heap before GC invocations=33 (full 0):
 garbage-first heap   total 184320K, used 166076K [0x0000000080000000, 0x0000000100000000)
  region size 1024K, 67 young (68608K), 7 survivors (7168K)
 Metaspace       used 102486K, committed 104704K, reserved 557056K
  class space    used 14844K, committed 15936K, reserved 425984K
}
Event: 446.086 GC heap after
{Heap after GC invocations=34 (full 0):
 garbage-first heap   total 184320K, used 98050K [0x0000000080000000, 0x0000000100000000)
  region size 1024K, 5 young (5120K), 5 survivors (5120K)
 Metaspace       used 102486K, committed 104704K, reserved 557056K
  class space    used 14844K, committed 15936K, reserved 425984K
}
Event: 453.024 GC heap before
{Heap before GC invocations=34 (full 0):
 garbage-first heap   total 184320K, used 169730K [0x0000000080000000, 0x0000000100000000)
  region size 1024K, 67 young (68608K), 5 survivors (5120K)
 Metaspace       used 105093K, committed 107392K, reserved 557056K
  class space    used 15112K, committed 16192K, reserved 425984K
}
Event: 453.136 GC heap after
{Heap after GC invocations=35 (full 0):
 garbage-first heap   total 192512K, used 114774K [0x0000000080000000, 0x0000000100000000)
  region size 1024K, 9 young (9216K), 9 survivors (9216K)
 Metaspace       used 105093K, committed 107392K, reserved 557056K
  class space    used 15112K, committed 16192K, reserved 425984K
}
Event: 453.160 GC heap before
{Heap before GC invocations=35 (full 0):
 garbage-first heap   total 192512K, used 115798K [0x0000000080000000, 0x0000000100000000)
  region size 1024K, 10 young (10240K), 9 survivors (9216K)
 Metaspace       used 105093K, committed 107392K, reserved 557056K
  class space    used 15112K, committed 16192K, reserved 425984K
}
Event: 453.192 GC heap after
{Heap after GC invocations=36 (full 0):
 garbage-first heap   total 192512K, used 116870K [0x0000000080000000, 0x0000000100000000)
  region size 1024K, 2 young (2048K), 2 survivors (2048K)
 Metaspace       used 105093K, committed 107392K, reserved 557056K
  class space    used 15112K, committed 16192K, reserved 425984K
}
Event: 457.190 GC heap before
{Heap before GC invocations=36 (full 0):
 garbage-first heap   total 192512K, used 166022K [0x0000000080000000, 0x0000000100000000)
  region size 1024K, 50 young (51200K), 2 survivors (2048K)
 Metaspace       used 106369K, committed 108608K, reserved 557056K
  class space    used 15282K, committed 16384K, reserved 425984K
}
Event: 457.221 GC heap after
{Heap after GC invocations=37 (full 0):
 garbage-first heap   total 192512K, used 126976K [0x0000000080000000, 0x0000000100000000)
  region size 1024K, 7 young (7168K), 7 survivors (7168K)
 Metaspace       used 106369K, committed 108608K, reserved 557056K
  class space    used 15282K, committed 16384K, reserved 425984K
}
Event: 461.778 GC heap before
{Heap before GC invocations=38 (full 0):
 garbage-first heap   total 209920K, used 155648K [0x0000000080000000, 0x0000000100000000)
  region size 1024K, 29 young (29696K), 7 survivors (7168K)
 Metaspace       used 109194K, committed 111424K, reserved 557056K
  class space    used 15609K, committed 16704K, reserved 425984K
}
Event: 461.789 GC heap after
{Heap after GC invocations=39 (full 0):
 garbage-first heap   total 209920K, used 135726K [0x0000000080000000, 0x0000000100000000)
  region size 1024K, 2 young (2048K), 2 survivors (2048K)
 Metaspace       used 109194K, committed 111424K, reserved 557056K
  class space    used 15609K, committed 16704K, reserved 425984K
}
Event: 468.192 GC heap before
{Heap before GC invocations=39 (full 0):
 garbage-first heap   total 209920K, used 185902K [0x0000000080000000, 0x0000000100000000)
  region size 1024K, 51 young (52224K), 2 survivors (2048K)
 Metaspace       used 113832K, committed 116032K, reserved 557056K
  class space    used 16021K, committed 17088K, reserved 425984K
}
Event: 468.212 GC heap after
{Heap after GC invocations=40 (full 0):
 garbage-first heap   total 209920K, used 138354K [0x0000000080000000, 0x0000000100000000)
  region size 1024K, 6 young (6144K), 6 survivors (6144K)
 Metaspace       used 113832K, committed 116032K, reserved 557056K
  class space    used 16021K, committed 17088K, reserved 425984K
}
Event: 474.129 GC heap before
{Heap before GC invocations=40 (full 0):
 garbage-first heap   total 209920K, used 188530K [0x0000000080000000, 0x0000000100000000)
  region size 1024K, 55 young (56320K), 6 survivors (6144K)
 Metaspace       used 119582K, committed 122240K, reserved 557056K
  class space    used 16746K, committed 18048K, reserved 425984K
}
Event: 474.148 GC heap after
{Heap after GC invocations=41 (full 0):
 garbage-first heap   total 209920K, used 141116K [0x0000000080000000, 0x0000000100000000)
  region size 1024K, 3 young (3072K), 3 survivors (3072K)
 Metaspace       used 119582K, committed 122240K, reserved 557056K
  class space    used 16746K, committed 18048K, reserved 425984K
}
Event: 479.230 GC heap before
{Heap before GC invocations=42 (full 0):
 garbage-first heap   total 237568K, used 192316K [0x0000000080000000, 0x0000000100000000)
  region size 1024K, 52 young (53248K), 3 survivors (3072K)
 Metaspace       used 124523K, committed 127104K, reserved 557056K
  class space    used 17390K, committed 18688K, reserved 425984K
}
Event: 479.239 GC heap after
{Heap after GC invocations=43 (full 0):
 garbage-first heap   total 237568K, used 146432K [0x0000000080000000, 0x0000000100000000)
  region size 1024K, 7 young (7168K), 7 survivors (7168K)
 Metaspace       used 124523K, committed 127104K, reserved 557056K
  class space    used 17390K, committed 18688K, reserved 425984K
}

Dll operation events (20 events):
Event: 0.128 Attempting to load shared library C:\Users\user5\.vscode\extensions\redhat.java-1.56.0-win32-x64\jre\21.0.12.1-win32-x86_64\bin\zip.dll
Event: 0.128 Loaded shared library C:\Users\user5\.vscode\extensions\redhat.java-1.56.0-win32-x64\jre\21.0.12.1-win32-x86_64\bin\zip.dll
Event: 0.421 Attempting to load shared library C:\Users\user5\.vscode\extensions\redhat.java-1.56.0-win32-x64\jre\21.0.12.1-win32-x86_64\bin\jimage.dll
Event: 0.421 Loaded shared library C:\Users\user5\.vscode\extensions\redhat.java-1.56.0-win32-x64\jre\21.0.12.1-win32-x86_64\bin\jimage.dll
Event: 0.858 Attempting to load shared library C:\Users\user5\.vscode\extensions\redhat.java-1.56.0-win32-x64\jre\21.0.12.1-win32-x86_64\bin\verify.dll
Event: 0.859 Loaded shared library C:\Users\user5\.vscode\extensions\redhat.java-1.56.0-win32-x64\jre\21.0.12.1-win32-x86_64\bin\verify.dll
Event: 1.009 Attempting to load shared library D:\gradle_cache\native\1def1411415f61bf3af743bc5b6707747c0891f09f0c88961ee8f79bc544acac\windows-amd64\native-platform.dll
Event: 1.010 Loaded shared library D:\gradle_cache\native\1def1411415f61bf3af743bc5b6707747c0891f09f0c88961ee8f79bc544acac\windows-amd64\native-platform.dll
Event: 1.018 Attempting to load shared library D:\gradle_cache\native\0.2.5\x86_64-windows-gnu\gradle-fileevents.dll
Event: 1.020 Loaded shared library D:\gradle_cache\native\0.2.5\x86_64-windows-gnu\gradle-fileevents.dll
Event: 2.011 Attempting to load shared library C:\Users\user5\.vscode\extensions\redhat.java-1.56.0-win32-x64\jre\21.0.12.1-win32-x86_64\bin\management.dll
Event: 2.012 Loaded shared library C:\Users\user5\.vscode\extensions\redhat.java-1.56.0-win32-x64\jre\21.0.12.1-win32-x86_64\bin\management.dll
Event: 2.017 Attempting to load shared library C:\Users\user5\.vscode\extensions\redhat.java-1.56.0-win32-x64\jre\21.0.12.1-win32-x86_64\bin\management_ext.dll
Event: 2.019 Loaded shared library C:\Users\user5\.vscode\extensions\redhat.java-1.56.0-win32-x64\jre\21.0.12.1-win32-x86_64\bin\management_ext.dll
Event: 2.349 Attempting to load shared library C:\Users\user5\.vscode\extensions\redhat.java-1.56.0-win32-x64\jre\21.0.12.1-win32-x86_64\bin\extnet.dll
Event: 2.350 Loaded shared library C:\Users\user5\.vscode\extensions\redhat.java-1.56.0-win32-x64\jre\21.0.12.1-win32-x86_64\bin\extnet.dll
Event: 2.662 Attempting to load shared library C:\Users\user5\.vscode\extensions\redhat.java-1.56.0-win32-x64\jre\21.0.12.1-win32-x86_64\bin\sunmscapi.dll
Event: 2.671 Loaded shared library C:\Users\user5\.vscode\extensions\redhat.java-1.56.0-win32-x64\jre\21.0.12.1-win32-x86_64\bin\sunmscapi.dll
Event: 17.435 Attempting to load shared library D:\temp\native-platform1081659109916569406dir\gradle-fileevents.dll
Event: 18.033 Loaded shared library D:\temp\native-platform1081659109916569406dir\gradle-fileevents.dll

Deoptimization events (20 events):
Event: 474.074 Thread 0x000001c4d6148090 Uncommon trap: trap_request=0xffffffc6 fr.pc=0x000001c4a7fb5e90 relative=0x0000000000000750
Event: 474.074 Thread 0x000001c4d6148090 Uncommon trap: reason=bimorphic_or_optimized_type_check action=maybe_recompile pc=0x000001c4a7fb5e90 method=kotlin.collections.CollectionsKt___CollectionsKt.getOrNull(Ljava/util/List;I)Ljava/lang/Object; @ 35 c2
Event: 474.074 Thread 0x000001c4d6148090 DEOPT PACKING pc=0x000001c4a7fb5e90 sp=0x0000006b02fee0d0
Event: 474.074 Thread 0x000001c4d6148090 DEOPT UNPACKING pc=0x000001c4a75e4422 sp=0x0000006b02fee0b8 mode 2
Event: 477.752 Thread 0x000001c4d6148090 Uncommon trap: trap_request=0xffffff45 fr.pc=0x000001c4a8110428 relative=0x0000000000000a28
Event: 477.752 Thread 0x000001c4d6148090 Uncommon trap: reason=unstable_if action=reinterpret pc=0x000001c4a8110428 method=java.util.regex.Pattern.atom()Ljava/util/regex/Pattern$Node; @ 14 c2
Event: 477.752 Thread 0x000001c4d6148090 DEOPT PACKING pc=0x000001c4a8110428 sp=0x0000006b02fec610
Event: 477.752 Thread 0x000001c4d6148090 DEOPT UNPACKING pc=0x000001c4a75e4422 sp=0x0000006b02fec5b8 mode 2
Event: 478.354 Thread 0x000001c4d6148090 Uncommon trap: trap_request=0xffffff45 fr.pc=0x000001c4a8203d4c relative=0x000000000000010c
Event: 478.355 Thread 0x000001c4d6148090 Uncommon trap: reason=unstable_if action=reinterpret pc=0x000001c4a8203d4c method=java.text.StringCharacterIterator.current()C @ 19 c2
Event: 478.355 Thread 0x000001c4d6148090 DEOPT PACKING pc=0x000001c4a8203d4c sp=0x0000006b02fec680
Event: 478.355 Thread 0x000001c4d6148090 DEOPT UNPACKING pc=0x000001c4a75e4422 sp=0x0000006b02fec618 mode 2
Event: 480.472 Thread 0x000001c4d6148090 Uncommon trap: trap_request=0xffffff45 fr.pc=0x000001c4a818fd14 relative=0x0000000000000874
Event: 480.472 Thread 0x000001c4d6148090 Uncommon trap: reason=unstable_if action=reinterpret pc=0x000001c4a818fd14 method=org.jetbrains.kotlin.metadata.ProtoBuf$Type.getSerializedSize()I @ 108 c2
Event: 480.472 Thread 0x000001c4d6148090 DEOPT PACKING pc=0x000001c4a818fd14 sp=0x0000006b02fef3d0
Event: 480.472 Thread 0x000001c4d6148090 DEOPT UNPACKING pc=0x000001c4a75e4422 sp=0x0000006b02fef370 mode 2
Event: 480.473 Thread 0x000001c4d6148090 Uncommon trap: trap_request=0xffffff45 fr.pc=0x000001c4a81b74e4 relative=0x00000000000015c4
Event: 480.473 Thread 0x000001c4d6148090 Uncommon trap: reason=unstable_if action=reinterpret pc=0x000001c4a81b74e4 method=org.jetbrains.kotlin.metadata.ProtoBuf$Type.writeTo(Lorg/jetbrains/kotlin/protobuf/CodedOutputStream;)V @ 98 c2
Event: 480.473 Thread 0x000001c4d6148090 DEOPT PACKING pc=0x000001c4a81b74e4 sp=0x0000006b02fef300
Event: 480.473 Thread 0x000001c4d6148090 DEOPT UNPACKING pc=0x000001c4a75e4422 sp=0x0000006b02fef2f8 mode 2

Classes loaded (20 events):
Event: 473.984 Loading class java/text/StringCharacterIterator
Event: 473.988 Loading class java/text/CharacterIterator
Event: 473.991 Loading class java/text/CharacterIterator done
Event: 473.991 Loading class java/text/StringCharacterIterator done
Event: 477.607 Loading class java/util/AbstractList$SubList
Event: 477.610 Loading class java/util/AbstractList$SubList done
Event: 477.610 Loading class java/util/AbstractList$SubList$1
Event: 477.610 Loading class java/util/AbstractList$SubList$1 done
Event: 477.612 Loading class java/util/AbstractList$ListItr
Event: 477.612 Loading class java/util/AbstractList$ListItr done
Event: 478.540 Loading class java/util/EnumMap$EntrySet
Event: 478.540 Loading class java/util/EnumMap$EntrySet done
Event: 478.540 Loading class java/util/EnumMap$EntryIterator
Event: 478.541 Loading class java/util/EnumMap$EnumMapIterator
Event: 478.541 Loading class java/util/EnumMap$EnumMapIterator done
Event: 478.541 Loading class java/util/EnumMap$EntryIterator done
Event: 478.541 Loading class java/util/EnumMap$EntryIterator$Entry
Event: 478.541 Loading class java/util/EnumMap$EntryIterator$Entry done
Event: 479.699 Loading class java/util/AbstractList$RandomAccessSubList
Event: 479.707 Loading class java/util/AbstractList$RandomAccessSubList done

Classes unloaded (0 events):
No events

Classes redefined (0 events):
No events

Internal exceptions (20 events):
Event: 443.088 Thread 0x000001c4d6148090 Exception <a 'java/lang/NoSuchMethodError'{0x000000008755cf90}: 'java.lang.Object java.lang.invoke.DirectMethodHandle$Holder.invokeStatic(java.lang.Object, java.lang.Object, java.lang.Object, java.lang.Object, int, java.lang.Object)'> (0x000000008755cf90) 
thrown [s\src\hotspot\share\interpreter\linkResolver.cpp, line 773]
Event: 448.339 Thread 0x000001c4d6148090 Exception <a 'java/lang/NoSuchMethodError'{0x000000008a017d80}: 'int java.lang.invoke.DirectMethodHandle$Holder.invokeSpecial(java.lang.Object, java.lang.Object, int, int)'> (0x000000008a017d80) 
thrown [s\src\hotspot\share\interpreter\linkResolver.cpp, line 773]
Event: 448.670 Thread 0x000001c4d6148090 Exception <a 'java/lang/NoSuchMethodError'{0x000000008a0cde98}: 'java.lang.Object java.lang.invoke.Invokers$Holder.invokeExact_MT(java.lang.Object, java.lang.Object, long, java.lang.Object)'> (0x000000008a0cde98) 
thrown [s\src\hotspot\share\interpreter\linkResolver.cpp, line 773]
Event: 449.218 Thread 0x000001c4d6148090 Exception <a 'java/lang/NoSuchMethodError'{0x0000000089d475c8}: 'long java.lang.invoke.DirectMethodHandle$Holder.invokeStatic(java.lang.Object, java.lang.Object, int)'> (0x0000000089d475c8) 
thrown [s\src\hotspot\share\interpreter\linkResolver.cpp, line 773]
Event: 449.229 Thread 0x000001c4d6148090 Exception <a 'java/lang/NoSuchMethodError'{0x0000000089d544a0}: 'java.lang.Object java.lang.invoke.DelegatingMethodHandle$Holder.reinvoke_L(java.lang.Object, int, long, java.lang.Object, java.lang.Object, int, java.lang.Object)'> (0x0000000089d544a0) 
thrown [s\src\hotspot\share\interpreter\linkResolver.cpp, line 773]
Event: 449.864 Thread 0x000001c4d6148090 Implicit null exception at 0x000001c4a7d1636b to 0x000001c4a7d16ed8
Event: 451.912 Thread 0x000001c4d6148090 Implicit null exception at 0x000001c4a818dcf8 to 0x000001c4a818fe1c
Event: 451.912 Thread 0x000001c4d6148090 Implicit null exception at 0x000001c4a8191fa7 to 0x000001c4a8192618
Event: 470.798 Thread 0x000001c4d6148090 Exception <a 'java/lang/NoSuchMethodError'{0x000000008abe9320}: 'java.lang.Object java.lang.invoke.DirectMethodHandle$Holder.newInvokeSpecial(java.lang.Object, java.lang.Object, java.lang.Object, java.lang.Object, java.lang.Object, java.lang.Object, java.lang.Object, java.lang.Object, java.lang.Object, java.lang.Object, java.lang.Object, java.lang.Object, java.lang.Object, java.lang.Object)'> (0x000000008abe9320) 
thrown [s\src\hotspot\share\interpreter\linkResolver.cpp, line 773]
Event: 470.848 Thread 0x000001c4d6148090 Exception <a 'java/lang/NoSuchMethodError'{0x000000008a9028c8}: 'java.lang.Object java.lang.invoke.DirectMethodHandle$Holder.newInvokeSpecial(java.lang.Object, java.lang.Object, java.lang.Object, java.lang.Object, java.lang.Object, java.lang.Object, java.lang.Object, java.lang.Object, java.lang.Object, java.lang.Object, java.lang.Object, java.lang.Object, java.lang.Object, java.lang.Object, java.lang.Object, java.lang.Object, java.lang.Object, java.lang.Object, java.lang.Object, java.lang.Object, java.lang
Event: 470.974 Thread 0x000001c4d6148090 Exception <a 'java/lang/NoSuchMethodError'{0x000000008a8fc140}: 'java.lang.Object java.lang.invoke.DirectMethodHandle$Holder.newInvokeSpecial(java.lang.Object, java.lang.Object, java.lang.Object, java.lang.Object, java.lang.Object, java.lang.Object, java.lang.Object, java.lang.Object, java.lang.Object, java.lang.Object, java.lang.Object, java.lang.Object, java.lang.Object, java.lang.Object, java.lang.Object, java.lang.Object, java.lang.Object, java.lang.Object, java.lang.Object, java.lang.Object)'> (0x0000
Event: 470.982 Thread 0x000001c4d6148090 Exception <a 'java/lang/NoSuchMethodError'{0x000000008a704800}: 'java.lang.Object java.lang.invoke.DirectMethodHandle$Holder.invokeSpecial(java.lang.Object, java.lang.Object, java.lang.Object, java.lang.Object, java.lang.Object, java.lang.Object, java.lang.Object, java.lang.Object, java.lang.Object, java.lang.Object, java.lang.Object, java.lang.Object, java.lang.Object, java.lang.Object, java.lang.Object, java.lang.Object, java.lang.Object, java.lang.Object, java.lang.Object, java.lang.Object, java.lang.Ob
Event: 470.983 Thread 0x000001c4d6148090 Exception <a 'java/lang/NoSuchMethodError'{0x000000008a70b7d0}: 'java.lang.Object java.lang.invoke.DelegatingMethodHandle$Holder.reinvoke_L(java.lang.Object, java.lang.Object, java.lang.Object, java.lang.Object, java.lang.Object, java.lang.Object, java.lang.Object, java.lang.Object, java.lang.Object, java.lang.Object, java.lang.Object, java.lang.Object, java.lang.Object, java.lang.Object, java.lang.Object, java.lang.Object, java.lang.Object, java.lang.Object, java.lang.Object, java.lang.Object)'> (0x000000
Event: 479.927 Thread 0x000001c4d6148090 Exception <a 'java/lang/NoSuchMethodError'{0x000000008c7a8988}: 'java.lang.Object java.lang.invoke.DirectMethodHandle$Holder.invokeSpecial(java.lang.Object, java.lang.Object, java.lang.Object, java.lang.Object, java.lang.Object, java.lang.Object, int)'> (0x000000008c7a8988) 
thrown [s\src\hotspot\share\interpreter\linkResolver.cpp, line 773]
Event: 479.935 Thread 0x000001c4d6148090 Exception <a 'java/lang/NoSuchMethodError'{0x000000008c7c9480}: 'java.lang.Object java.lang.invoke.DirectMethodHandle$Holder.newInvokeSpecial(java.lang.Object, java.lang.Object, java.lang.Object, java.lang.Object, java.lang.Object, java.lang.Object, java.lang.Object, int, java.lang.Object)'> (0x000000008c7c9480) 
thrown [s\src\hotspot\share\interpreter\linkResolver.cpp, line 773]
Event: 480.583 Thread 0x000001c4d6148090 Exception <a 'java/lang/NoSuchMethodError'{0x000000008c21f440}: 'java.lang.Object java.lang.invoke.DirectMethodHandle$Holder.invokeStatic(java.lang.Object, java.lang.Object, java.lang.Object, java.lang.Object, java.lang.Object, int, java.lang.Object)'> (0x000000008c21f440) 
thrown [s\src\hotspot\share\interpreter\linkResolver.cpp, line 773]
Event: 480.584 Thread 0x000001c4d6148090 Exception <a 'java/lang/NoSuchMethodError'{0x000000008c22a118}: 'java.lang.Object java.lang.invoke.DirectMethodHandle$Holder.newInvokeSpecial(java.lang.Object, java.lang.Object, java.lang.Object, java.lang.Object, java.lang.Object, int, java.lang.Object)'> (0x000000008c22a118) 
thrown [s\src\hotspot\share\interpreter\linkResolver.cpp, line 773]
Event: 480.586 Thread 0x000001c4d6148090 Exception <a 'java/lang/NoSuchMethodError'{0x000000008c2302b8}: 'java.lang.Object java.lang.invoke.DirectMethodHandle$Holder.invokeSpecial(java.lang.Object, java.lang.Object, java.lang.Object, java.lang.Object, java.lang.Object, java.lang.Object, int, java.lang.Object)'> (0x000000008c2302b8) 
thrown [s\src\hotspot\share\interpreter\linkResolver.cpp, line 773]
Event: 480.586 Thread 0x000001c4d6148090 Exception <a 'java/lang/NoSuchMethodError'{0x000000008c236098}: 'java.lang.Object java.lang.invoke.Invokers$Holder.linkToTargetMethod(java.lang.Object, java.lang.Object, java.lang.Object, java.lang.Object, int, java.lang.Object, java.lang.Object)'> (0x000000008c236098) 
thrown [s\src\hotspot\share\interpreter\linkResolver.cpp, line 773]
Event: 480.732 Thread 0x000001c4d6148090 Exception <a 'java/lang/NoSuchMethodError'{0x000000008c106248}: 'java.lang.Object java.lang.invoke.DirectMethodHandle$Holder.invokeStatic(java.lang.Object, java.lang.Object, java.lang.Object, java.lang.Object, int, java.lang.Object, java.lang.Object)'> (0x000000008c106248) 
thrown [s\src\hotspot\share\interpreter\linkResolver.cpp, line 773]

ZGC Phase Switch (0 events):
No events

VM Operations (20 events):
Event: 477.619 Executing non-safepoint VM operation: HandshakeAllThreads (Deoptimize)
Event: 477.619 Executing non-safepoint VM operation: HandshakeAllThreads (Deoptimize) done
Event: 477.619 Executing safepoint VM operation: Cleanup
Event: 477.619 Executing safepoint VM operation: Cleanup done
Event: 477.874 Executing non-safepoint VM operation: HandshakeAllThreads (Deoptimize)
Event: 477.874 Executing non-safepoint VM operation: HandshakeAllThreads (Deoptimize) done
Event: 478.145 Executing non-safepoint VM operation: HandshakeAllThreads (Deoptimize)
Event: 478.145 Executing non-safepoint VM operation: HandshakeAllThreads (Deoptimize) done
Event: 478.878 Executing non-safepoint VM operation: HandshakeAllThreads (Deoptimize)
Event: 478.878 Executing non-safepoint VM operation: HandshakeAllThreads (Deoptimize) done
Event: 478.878 Executing safepoint VM operation: Cleanup
Event: 478.879 Executing safepoint VM operation: Cleanup done
Event: 479.230 Executing safepoint VM operation: G1CollectForAllocation (G1 Evacuation Pause)
Event: 479.239 Executing safepoint VM operation: G1CollectForAllocation (G1 Evacuation Pause) done
Event: 480.247 Executing safepoint VM operation: Cleanup
Event: 480.263 Executing safepoint VM operation: Cleanup done
Event: 480.747 Executing non-safepoint VM operation: HandshakeAllThreads (HandshakeForDeflation)
Event: 480.759 Executing non-safepoint VM operation: HandshakeAllThreads (HandshakeForDeflation) done
Event: 480.760 Executing non-safepoint VM operation: RendezvousGCThreads
Event: 480.760 Executing non-safepoint VM operation: RendezvousGCThreads done

Memory protections (0 events):
No events

Nmethod flushes (20 events):
Event: 474.348 Thread 0x000001c4b4995c80 flushing  nmethod 0x000001c4a0b96b90
Event: 474.348 Thread 0x000001c4b4995c80 flushing  nmethod 0x000001c4a7d74310
Event: 474.348 Thread 0x000001c4b4995c80 flushing  nmethod 0x000001c4a7d7d990
Event: 474.348 Thread 0x000001c4b4995c80 flushing  nmethod 0x000001c4a7da6810
Event: 474.348 Thread 0x000001c4b4995c80 flushing  nmethod 0x000001c4a7e5b790
Event: 474.348 Thread 0x000001c4b4995c80 flushing  nmethod 0x000001c4a80c1410
Event: 474.348 Thread 0x000001c4b4995c80 flushing  nmethod 0x000001c49faaff90
Event: 474.348 Thread 0x000001c4b4995c80 flushing  nmethod 0x000001c49fab3d90
Event: 474.348 Thread 0x000001c4b4995c80 flushing  nmethod 0x000001c49fdf1f90
Event: 474.348 Thread 0x000001c4b4995c80 flushing  nmethod 0x000001c49ff19a10
Event: 474.348 Thread 0x000001c4b4995c80 flushing  nmethod 0x000001c49ff66390
Event: 474.348 Thread 0x000001c4b4995c80 flushing  nmethod 0x000001c49ff66c90
Event: 474.348 Thread 0x000001c4b4995c80 flushing  nmethod 0x000001c49ff67010
Event: 474.348 Thread 0x000001c4b4995c80 flushing  nmethod 0x000001c4a05a3410
Event: 474.348 Thread 0x000001c4b4995c80 flushing  nmethod 0x000001c4a08d2310
Event: 474.348 Thread 0x000001c4b4995c80 flushing  nmethod 0x000001c4a08d2990
Event: 474.348 Thread 0x000001c4b4995c80 flushing  nmethod 0x000001c4a08d2e10
Event: 474.348 Thread 0x000001c4b4995c80 flushing  nmethod 0x000001c4a0b9a590
Event: 474.348 Thread 0x000001c4b4995c80 flushing  nmethod 0x000001c4a0ba4390
Event: 474.348 Thread 0x000001c4b4995c80 flushing  nmethod 0x000001c4a0baad90

Events (20 events):
Event: 285.248 Thread 0x000001c4d6148090 Thread added: 0x000001c4d9805640
Event: 285.271 Thread 0x000001c4d6148090 Thread added: 0x000001c4d9805cd0
Event: 287.432 Thread 0x000001c4d6148090 Thread added: 0x000001c4d9806360
Event: 287.433 Thread 0x000001c4d6148090 Thread added: 0x000001c4d9803570
Event: 287.559 Thread 0x000001c4d6148090 Thread added: 0x000001c4d9807080
Event: 287.577 Thread 0x000001c4d6148090 Thread added: 0x000001c4d9804290
Event: 287.639 Thread 0x000001c4d6148090 Thread added: 0x000001c4d9803c00
Event: 287.661 Thread 0x000001c4d6148090 Thread added: 0x000001c4d9804920
Event: 287.674 Thread 0x000001c4d6148090 Thread added: 0x000001c4d9807710
Event: 287.685 Thread 0x000001c4d6148090 Thread added: 0x000001c4d82107c0
Event: 287.686 Thread 0x000001c4d6148090 Thread added: 0x000001c4d8212f20
Event: 287.698 Thread 0x000001c4d6148090 Thread added: 0x000001c4d82135b0
Event: 287.699 Thread 0x000001c4d6148090 Thread added: 0x000001c4d8212890
Event: 333.910 Thread 0x000001c4d8148010 Thread exited: 0x000001c4d8148010
Event: 360.125 Thread 0x000001c4d6148090 Thread added: 0x000001c4d8213c40
Event: 389.144 Thread 0x000001c4d6146ce0 Thread exited: 0x000001c4d6146ce0
Event: 395.211 Thread 0x000001c4d6145fc0 Thread added: 0x000001c4d8214960
Event: 452.028 Thread 0x000001c4b52801c0 Thread added: 0x000001c4b49ce2d0
Event: 452.667 Thread 0x000001c4b49ce2d0 Thread exited: 0x000001c4b49ce2d0
Event: 456.888 Thread 0x000001c4d8214960 Thread exited: 0x000001c4d8214960


Dynamic libraries:
0x00007ff7a95b0000 - 0x00007ff7a95be000 	C:\Users\user5\.vscode\extensions\redhat.java-1.56.0-win32-x64\jre\21.0.12.1-win32-x86_64\bin\java.exe
0x00007ff8236e0000 - 0x00007ff823947000 	C:\WINDOWS\SYSTEM32\ntdll.dll
0x00007ff822840000 - 0x00007ff82290b000 	C:\WINDOWS\System32\KERNEL32.DLL
0x00007ff820b10000 - 0x00007ff820f12000 	C:\WINDOWS\System32\KERNELBASE.dll
0x00007ff8212a0000 - 0x00007ff8213ec000 	C:\WINDOWS\System32\ucrtbase.dll
0x00007ff813580000 - 0x00007ff81359e000 	C:\Users\user5\.vscode\extensions\redhat.java-1.56.0-win32-x64\jre\21.0.12.1-win32-x86_64\bin\VCRUNTIME140.dll
0x00007ff810520000 - 0x00007ff810538000 	C:\Users\user5\.vscode\extensions\redhat.java-1.56.0-win32-x64\jre\21.0.12.1-win32-x86_64\bin\jli.dll
0x00007ff822450000 - 0x00007ff82261f000 	C:\WINDOWS\System32\USER32.dll
0x00007ff820f20000 - 0x00007ff820f47000 	C:\WINDOWS\System32\win32u.dll
0x00007ff800850000 - 0x00007ff800ae0000 	C:\WINDOWS\WinSxS\amd64_microsoft.windows.common-controls_6595b64144ccf1df_6.0.26100.9278_none_3e0d1ba8e3303201\COMCTL32.dll
0x00007ff822760000 - 0x00007ff82278b000 	C:\WINDOWS\System32\GDI32.dll
0x00007ff822910000 - 0x00007ff8229b9000 	C:\WINDOWS\System32\msvcrt.dll
0x00007ff820f50000 - 0x00007ff821079000 	C:\WINDOWS\System32\gdi32full.dll
0x00007ff820a60000 - 0x00007ff820b03000 	C:\WINDOWS\System32\msvcp_win.dll
0x00007ff821400000 - 0x00007ff821431000 	C:\WINDOWS\System32\IMM32.DLL
0x00007ff818840000 - 0x00007ff81884c000 	C:\Users\user5\.vscode\extensions\redhat.java-1.56.0-win32-x64\jre\21.0.12.1-win32-x86_64\bin\vcruntime140_1.dll
0x00007fffefad0000 - 0x00007fffefb5d000 	C:\Users\user5\.vscode\extensions\redhat.java-1.56.0-win32-x64\jre\21.0.12.1-win32-x86_64\bin\msvcp140.dll
0x00007fff950e0000 - 0x00007fff95e82000 	C:\Users\user5\.vscode\extensions\redhat.java-1.56.0-win32-x64\jre\21.0.12.1-win32-x86_64\bin\server\jvm.dll
0x00007ff822680000 - 0x00007ff82273c000 	C:\WINDOWS\System32\ADVAPI32.dll
0x00007ff8234d0000 - 0x00007ff823579000 	C:\WINDOWS\System32\sechost.dll
0x00007ff823580000 - 0x00007ff823698000 	C:\WINDOWS\System32\RPCRT4.dll
0x00007ff8227b0000 - 0x00007ff822830000 	C:\WINDOWS\System32\WS2_32.dll
0x00007ff80c220000 - 0x00007ff80c256000 	C:\WINDOWS\SYSTEM32\WINMM.dll
0x00007ff81ffb0000 - 0x00007ff82000e000 	C:\WINDOWS\SYSTEM32\POWRPROF.dll
0x00007ff8142c0000 - 0x00007ff8142cb000 	C:\WINDOWS\SYSTEM32\VERSION.dll
0x00007ff81ff70000 - 0x00007ff81ff85000 	C:\WINDOWS\SYSTEM32\UMPDC.dll
0x00007ff81f5b0000 - 0x00007ff81f5cb000 	C:\WINDOWS\SYSTEM32\kernel.appcore.dll
0x00007ff816440000 - 0x00007ff81644a000 	C:\Users\user5\.vscode\extensions\redhat.java-1.56.0-win32-x64\jre\21.0.12.1-win32-x86_64\bin\jimage.dll
0x00007ff81de40000 - 0x00007ff81e08c000 	C:\WINDOWS\SYSTEM32\DBGHELP.DLL
0x00007ff8215c0000 - 0x00007ff821945000 	C:\WINDOWS\System32\combase.dll
0x00007ff821950000 - 0x00007ff821a29000 	C:\WINDOWS\System32\OLEAUT32.dll
0x00007ffff9420000 - 0x00007ffff945b000 	C:\WINDOWS\SYSTEM32\dbgcore.DLL
0x00007ff8208e0000 - 0x00007ff82098c000 	C:\WINDOWS\System32\bcryptPrimitives.dll
0x00007ff804240000 - 0x00007ff80424f000 	C:\Users\user5\.vscode\extensions\redhat.java-1.56.0-win32-x64\jre\21.0.12.1-win32-x86_64\bin\instrument.dll
0x00007ff801b30000 - 0x00007ff801b50000 	C:\Users\user5\.vscode\extensions\redhat.java-1.56.0-win32-x64\jre\21.0.12.1-win32-x86_64\bin\java.dll
0x00007ff822d30000 - 0x00007ff8234c8000 	C:\WINDOWS\System32\SHELL32.dll
0x00007ff81e340000 - 0x00007ff81ebee000 	C:\WINDOWS\SYSTEM32\windows.storage.dll
0x00007ff822b30000 - 0x00007ff822c2b000 	C:\WINDOWS\System32\SHCORE.dll
0x00007ff822ac0000 - 0x00007ff822b26000 	C:\WINDOWS\System32\shlwapi.dll
0x00007ff820800000 - 0x00007ff820829000 	C:\WINDOWS\SYSTEM32\profapi.dll
0x00007ffffca20000 - 0x00007ffffca38000 	C:\Users\user5\.vscode\extensions\redhat.java-1.56.0-win32-x64\jre\21.0.12.1-win32-x86_64\bin\zip.dll
0x00007ff8047d0000 - 0x00007ff8047e0000 	C:\Users\user5\.vscode\extensions\redhat.java-1.56.0-win32-x64\jre\21.0.12.1-win32-x86_64\bin\net.dll
0x00007ff816de0000 - 0x00007ff816f0a000 	C:\WINDOWS\SYSTEM32\WINHTTP.dll
0x00007ff81fbe0000 - 0x00007ff81fc4c000 	C:\WINDOWS\system32\mswsock.dll
0x00007ffffc410000 - 0x00007ffffc426000 	C:\Users\user5\.vscode\extensions\redhat.java-1.56.0-win32-x64\jre\21.0.12.1-win32-x86_64\bin\nio.dll
0x00007ff8039a0000 - 0x00007ff8039b0000 	C:\Users\user5\.vscode\extensions\redhat.java-1.56.0-win32-x64\jre\21.0.12.1-win32-x86_64\bin\verify.dll
0x00007ffffbfd0000 - 0x00007ffffbff7000 	D:\gradle_cache\native\1def1411415f61bf3af743bc5b6707747c0891f09f0c88961ee8f79bc544acac\windows-amd64\native-platform.dll
0x000000006bd40000 - 0x000000006bdb3000 	D:\gradle_cache\native\0.2.5\x86_64-windows-gnu\gradle-fileevents.dll
0x00007ff8163f0000 - 0x00007ff8163fa000 	C:\Users\user5\.vscode\extensions\redhat.java-1.56.0-win32-x64\jre\21.0.12.1-win32-x86_64\bin\management.dll
0x00007ff8163e0000 - 0x00007ff8163ec000 	C:\Users\user5\.vscode\extensions\redhat.java-1.56.0-win32-x64\jre\21.0.12.1-win32-x86_64\bin\management_ext.dll
0x00007ff822440000 - 0x00007ff822448000 	C:\WINDOWS\System32\PSAPI.DLL
0x00007ff81fef0000 - 0x00007ff81ff0b000 	C:\WINDOWS\SYSTEM32\CRYPTSP.dll
0x00007ff81f510000 - 0x00007ff81f549000 	C:\WINDOWS\system32\rsaenh.dll
0x00007ff81fc90000 - 0x00007ff81fcc4000 	C:\WINDOWS\SYSTEM32\USERENV.dll
0x00007ff8207d0000 - 0x00007ff8207fa000 	C:\WINDOWS\SYSTEM32\bcrypt.dll
0x00007ff81ff10000 - 0x00007ff81ff1c000 	C:\WINDOWS\SYSTEM32\CRYPTBASE.dll
0x00007ff81efb0000 - 0x00007ff81efe3000 	C:\WINDOWS\SYSTEM32\IPHLPAPI.DLL
0x00007ff822750000 - 0x00007ff82275a000 	C:\WINDOWS\System32\NSI.dll
0x00007ffffce70000 - 0x00007ffffce79000 	C:\Users\user5\.vscode\extensions\redhat.java-1.56.0-win32-x64\jre\21.0.12.1-win32-x86_64\bin\extnet.dll
0x00007ffffa2f0000 - 0x00007ffffa2fe000 	C:\Users\user5\.vscode\extensions\redhat.java-1.56.0-win32-x64\jre\21.0.12.1-win32-x86_64\bin\sunmscapi.dll
0x00007ff821080000 - 0x00007ff8211fe000 	C:\WINDOWS\System32\CRYPT32.dll
0x00007ff8201c0000 - 0x00007ff8201f0000 	C:\WINDOWS\SYSTEM32\ncrypt.dll
0x00007ff820170000 - 0x00007ff8201af000 	C:\WINDOWS\SYSTEM32\NTASN1.dll
0x00007ff813c90000 - 0x00007ff813c98000 	C:\WINDOWS\system32\wshunix.dll
0x000000006bbc0000 - 0x000000006bc33000 	D:\temp\native-platform1081659109916569406dir\gradle-fileevents.dll

JVMTI agents:
D:\gradle_cache\wrapper\dists\gradle-8.12-all\ejduaidbjup3bmmkhw3rie4zb\gradle-8.12\lib\agents\gradle-instrumentation-agent-8.12.jar path:C:\Users\user5\.vscode\extensions\redhat.java-1.56.0-win32-x64\jre\21.0.12.1-win32-x86_64\bin\instrument.dll, loaded, initialized, instrumentlib options:none

dbghelp: loaded successfully - version: 4.0.5 - missing functions: none
symbol engine: initialized successfully - sym options: 0x614 - pdb path: .;C:\Users\user5\.vscode\extensions\redhat.java-1.56.0-win32-x64\jre\21.0.12.1-win32-x86_64\bin;C:\WINDOWS\SYSTEM32;C:\WINDOWS\WinSxS\amd64_microsoft.windows.common-controls_6595b64144ccf1df_6.0.26100.9278_none_3e0d1ba8e3303201;C:\Users\user5\.vscode\extensions\redhat.java-1.56.0-win32-x64\jre\21.0.12.1-win32-x86_64\bin\server;D:\gradle_cache\native\1def1411415f61bf3af743bc5b6707747c0891f09f0c88961ee8f79bc544acac\windows-amd64;D:\gradle_cache\native\0.2.5\x86_64-windows-gnu;D:\temp\native-platform1081659109916569406dir

VM Arguments:
jvm_args: --add-opens=java.base/java.lang=ALL-UNNAMED --add-opens=java.base/java.lang.invoke=ALL-UNNAMED --add-opens=java.base/java.util=ALL-UNNAMED --add-opens=java.prefs/java.util.prefs=ALL-UNNAMED --add-exports=jdk.compiler/com.sun.tools.javac.api=ALL-UNNAMED --add-exports=jdk.compiler/com.sun.tools.javac.util=ALL-UNNAMED --add-opens=java.base/java.util=ALL-UNNAMED --add-opens=java.prefs/java.util.prefs=ALL-UNNAMED --add-opens=java.base/java.nio.charset=ALL-UNNAMED --add-opens=java.base/java.net=ALL-UNNAMED --add-opens=java.base/java.util.concurrent.atomic=ALL-UNNAMED --add-opens=java.xml/javax.xml.namespace=ALL-UNNAMED -XX:MaxMetaspaceSize=512m -XX:ReservedCodeCacheSize=256m -XX:+HeapDumpOnOutOfMemoryError -Xmx2G -Dfile.encoding=UTF-8 -Duser.country=IN -Duser.language=en -Duser.variant -javaagent:D:\gradle_cache\wrapper\dists\gradle-8.12-all\ejduaidbjup3bmmkhw3rie4zb\gradle-8.12\lib\agents\gradle-instrumentation-agent-8.12.jar 
java_command: org.gradle.launcher.daemon.bootstrap.GradleDaemon 8.12
java_class_path (initial): D:\gradle_cache\wrapper\dists\gradle-8.12-all\ejduaidbjup3bmmkhw3rie4zb\gradle-8.12\lib\gradle-daemon-main-8.12.jar
Launcher Type: SUN_STANDARD

[Global flags]
     intx CICompilerCount                          = 4                                         {product} {ergonomic}
   size_t CompressedClassSpaceSize                 = 436207616                                 {product} {ergonomic}
     uint ConcGCThreads                            = 3                                         {product} {ergonomic}
     uint G1ConcRefinementThreads                  = 10                                        {product} {ergonomic}
   size_t G1HeapRegionSize                         = 1048576                                   {product} {ergonomic}
    uintx GCDrainStackTargetSize                   = 64                                        {product} {ergonomic}
     bool HeapDumpOnOutOfMemoryError               = true                                   {manageable} {command line}
   size_t InitialHeapSize                          = 130023424                                 {product} {ergonomic}
   size_t MarkStackSize                            = 4194304                                   {product} {ergonomic}
   size_t MaxHeapSize                              = 2147483648                                {product} {command line}
   size_t MaxMetaspaceSize                         = 536870912                                 {product} {command line}
   size_t MaxNewSize                               = 1287651328                                {product} {ergonomic}
   size_t MinHeapDeltaBytes                        = 1048576                                   {product} {ergonomic}
   size_t MinHeapSize                              = 8388608                                   {product} {ergonomic}
    uintx NonNMethodCodeHeapSize                   = 5839372                                {pd product} {ergonomic}
    uintx NonProfiledCodeHeapSize                  = 131298042                              {pd product} {ergonomic}
    uintx ProfiledCodeHeapSize                     = 131298042                              {pd product} {ergonomic}
    uintx ReservedCodeCacheSize                    = 268435456                              {pd product} {command line}
     bool SegmentedCodeCache                       = true                                      {product} {ergonomic}
   size_t SoftMaxHeapSize                          = 2147483648                             {manageable} {ergonomic}
     bool UseCompressedOops                        = true                           {product lp64_product} {ergonomic}
     bool UseG1GC                                  = true                                      {product} {ergonomic}
     bool UseLargePagesIndividualAllocation        = false                                  {pd product} {ergonomic}

Logging:
Log output configuration:
 #0: stdout all=warning uptime,level,tags foldmultilines=false
 #1: stderr all=off uptime,level,tags foldmultilines=false

Release file:
JAVA_VERSION="21.0.12.1" 
MODULES="java.base java.compiler java.datatransfer java.xml java.prefs java.desktop java.instrument java.logging java.management java.security.sasl java.naming java.rmi java.management.rmi java.net.http java.scripting java.security.jgss java.transaction.xa java.sql java.sql.rowset java.xml.crypto java.se java.smartcardio jdk.accessibility jdk.internal.jvmstat jdk.attach jdk.charsets jdk.internal.opt jdk.zipfs jdk.compiler jdk.crypto.ec jdk.crypto.cryptoki jdk.crypto.mscapi jdk.dynalink jdk.internal.ed jdk.editpad jdk.hotspot.agent jdk.httpserver jdk.internal.le jdk.internal.vm.ci jdk.internal.vm.compiler jdk.internal.vm.compiler.management jdk.jartool jdk.javadoc jdk.jcmd jdk.management jdk.management.agent jdk.jconsole jdk.jdeps jdk.jdwp.agent jdk.jdi jdk.jfr jdk.jshell jdk.jsobject jdk.jstatd jdk.localedata jdk.management.jfr jdk.naming.dns jdk.naming.rmi jdk.net jdk.nio.mapmode jdk.random jdk.sctp jdk.security.auth jdk.security.jgss jdk.unsupported jdk.unsupported.desktop jdk.xml.dom" 

Environment Variables:
PATH=C:\Program Files\Common Files\Oracle\Java\javapath;C:\windows\system32;C:\windows;C:\windows\System32\Wbem;C:\windows\System32\WindowsPowerShell\v1.0\;C:\windows\System32\OpenSSH\;C:\Program Files (x86)\NVIDIA Corporation\PhysX\Common;C:\Program Files\NVIDIA Corporation\NVIDIA NvDLISR;C:\Users\Administrator\AppData\Local\Microsoft\WindowsApps;C:\Program Files\HP\OMEN-Broadcast\Common;C:\WINDOWS\system32;C:\WINDOWS;C:\WINDOWS\System32\Wbem;C:\WINDOWS\System32\WindowsPowerShell\v1.0\;C:\WINDOWS\System32\OpenSSH\;C:\src\flutter\bin;C:\Users\user5\AppData\Local\Android\Sdk\platform-tools;C:\Program Files\MySQL\MySQL Server 8.0\bin;C:\Program Files\Git\cmd;C:\Program Files\Git\mingw64\bin;C:\src\flutter\bin;C:\Program Files\Git\usr\bin;C:\Program Files\nodejs\;C:\Program Files\MySQL\MySQL Shell 8.0\bin\;C:\Users\user5\AppData\Local\Microsoft\WindowsApps;C:\Users\user5\AppData\Local\Programs\Microsoft VS Code\bin;C:\MinGW\bin;C:\Program Files\JetBrains\IntelliJ IDEA Community Edition 2025.1.1.1\bin;C:\Program Files\Git\cmd;;C:\Users\user5\AppData\Local\Programs\Antigravity IDE\bin;C:\Users\user5\AppData\Roaming\npm
USERNAME=User
OS=Windows_NT
PROCESSOR_IDENTIFIER=Intel64 Family 6 Model 154 Stepping 3, GenuineIntel
TMP=D:\temp
TEMP=D:\temp




Periodic native trim disabled

---------------  S Y S T E M  ---------------

OS:
 Windows 11 , 64 bit Build 26100 (10.0.26100.9444)
OS uptime: 0 days 1:58 hours
Hyper-V role detected

CPU: total 12 (initial active 12) (6 cores per cpu, 2 threads per core) family 6 model 154 stepping 3 microcode 0x435, cx8, cmov, fxsr, ht, mmx, 3dnowpref, sse, sse2, sse3, ssse3, sse4.1, sse4.2, popcnt, lzcnt, tsc, tscinvbit, avx, avx2, aes, erms, clmul, bmi1, bmi2, adx, sha, fma, vzeroupper, clflush, clflushopt, clwb, hv, serialize, rdtscp, rdpid, fsrm, f16c, cet_ibt, cet_ss
Processor Information for the first 12 processors :
  Max Mhz: 2000, Current Mhz: 2000, Mhz Limit: 2000

Memory: 4k page, system-wide physical 7832M (457M free)
TotalPageFile size 28205M (AvailPageFile size 0M)
current process WorkingSet (physical memory assigned to process): 374M, peak: 383M
current process commit charge ("private bytes"): 593M, peak: 604M

vm_info: OpenJDK 64-Bit Server VM (21.0.12.1+1-LTS) for windows-amd64 JRE (21.0.12.1+1-LTS), built on 2026-08-18T00:00:00Z by "admin" with MS VC++ 17.12 (VS2022)

END.
