#
# There is insufficient memory for the Java Runtime Environment to continue.
# Native memory allocation (malloc) failed to allocate 60336 bytes. Error detail: Chunk::new
# Possible reasons:
#   The system is out of physical RAM or swap space
#   This process is running with CompressedOops enabled, and the Java Heap may be blocking the growth of the native heap
# Possible solutions:
#   Reduce memory load on the system
#   Increase physical memory or swap space
#   Check if swap backing store is full
#   Decrease Java heap size (-Xmx/-Xms)
#   Decrease number of Java threads
#   Decrease Java thread stack sizes (-Xss)
#   Set larger code cache with -XX:ReservedCodeCacheSize=
#   JVM is running with Unscaled Compressed Oops mode in which the Java heap is
#     placed in the first 4GB address space. The Java Heap base address is the
#     maximum limit for the native heap growth. Please use -XX:HeapBaseMinAddress
#     to set the Java Heap base and to place the Java Heap above 4GB virtual address.
# This output file may be truncated or incomplete.
#
#  Out of Memory Error (arena.cpp:168), pid=4876, tid=32988
#
# JRE version: OpenJDK Runtime Environment Temurin-21.0.12.1+1 (21.0.12.1+1) (build 21.0.12.1+1-LTS)
# Java VM: OpenJDK 64-Bit Server VM Temurin-21.0.12.1+1 (21.0.12.1+1-LTS, mixed mode, sharing, tiered, compressed oops, compressed class ptrs, g1 gc, windows-amd64)
# No core dump will be written. Minidumps are not enabled by default on client versions of Windows
#

---------------  S U M M A R Y ------------

Command Line: --add-opens=java.base/java.lang=ALL-UNNAMED --add-opens=java.base/java.lang.invoke=ALL-UNNAMED --add-opens=java.base/java.util=ALL-UNNAMED --add-opens=java.prefs/java.util.prefs=ALL-UNNAMED --add-exports=jdk.compiler/com.sun.tools.javac.api=ALL-UNNAMED --add-exports=jdk.compiler/com.sun.tools.javac.util=ALL-UNNAMED --add-opens=java.base/java.util=ALL-UNNAMED --add-opens=java.prefs/java.util.prefs=ALL-UNNAMED --add-opens=java.base/java.nio.charset=ALL-UNNAMED --add-opens=java.base/java.net=ALL-UNNAMED --add-opens=java.base/java.util.concurrent.atomic=ALL-UNNAMED --add-opens=java.xml/javax.xml.namespace=ALL-UNNAMED -XX:MaxMetaspaceSize=512m -XX:ReservedCodeCacheSize=256m -XX:+HeapDumpOnOutOfMemoryError -Xmx2G -Dfile.encoding=UTF-8 -Duser.country=IN -Duser.language=en -Duser.variant -javaagent:D:\gradle_cache\wrapper\dists\gradle-8.12-all\ejduaidbjup3bmmkhw3rie4zb\gradle-8.12\lib\agents\gradle-instrumentation-agent-8.12.jar org.gradle.launcher.daemon.bootstrap.GradleDaemon 8.12

Host: 12th Gen Intel(R) Core(TM) i5-12450H, 12 cores, 7G,  Windows 11 , 64 bit Build 26100 (10.0.26100.9444)
Time: Sun Sep 13 18:15:55 2026 India Standard Time elapsed time: 375.019969 seconds (0d 0h 6m 15s)

---------------  T H R E A D  ---------------

Current thread (0x0000023660ee48f0):  JavaThread "C2 CompilerThread0" daemon [_thread_in_native, id=32988, stack(0x000000f9abb00000,0x000000f9abc00000) (1024K)]


Current CompileTask:
C2:375020 17911       4       java.util.AbstractCollection::toArray (70 bytes)

Stack: [0x000000f9abb00000,0x000000f9abc00000]
Native frames: (J=compiled Java code, j=interpreted, Vv=VM code, C=native code)
V  [jvm.dll+0x6d83e9]
V  [jvm.dll+0x8b5736]
V  [jvm.dll+0x8b7cee]
V  [jvm.dll+0x8b83d3]
V  [jvm.dll+0x284596]
V  [jvm.dll+0xc685d]
V  [jvm.dll+0xc6da1]
V  [jvm.dll+0x3bf151]
V  [jvm.dll+0x38b6d2]
V  [jvm.dll+0x38ab1a]
V  [jvm.dll+0x24c700]
V  [jvm.dll+0x24bce0]
V  [jvm.dll+0x1cb4ae]
V  [jvm.dll+0x25baad]
V  [jvm.dll+0x25a03a]
V  [jvm.dll+0x3f8aae]
V  [jvm.dll+0x8600cd]
V  [jvm.dll+0x6d6c1d]
C  [ucrtbase.dll+0x2cd30]
C  [KERNEL32.DLL+0x2cd87]
C  [ntdll.dll+0xacaec]


---------------  P R O C E S S  ---------------

Threads class SMR info:
_java_thread_list=0x000002360cef1b00, length=124, elements={
0x000002364894e8f0, 0x0000023660ed8ed0, 0x0000023660edc6b0, 0x0000023660edfd90,
0x0000023660ee07f0, 0x0000023660ee3100, 0x0000023660ee3b60, 0x0000023660ee48f0,
0x0000023660eeaf30, 0x00000236617656c0, 0x0000023661762df0, 0x00000236618955c0,
0x0000023661897d20, 0x0000023661897690, 0x0000023661898a40, 0x0000023661896970,
0x000002367e3e85e0, 0x000002367e3e78c0, 0x000002367e3e7230, 0x000002367e3ea6b0,
0x000002367e3eb3d0, 0x000002367e3edb30, 0x000002367f118a40, 0x00000236069931c0,
0x0000023606ab38c0, 0x0000023606ab1e80, 0x0000023606ab6020, 0x0000023606ab45e0,
0x000002360b865d60, 0x000002360b867110, 0x000002360b8677a0, 0x000002360b867e30,
0x000002360b865040, 0x000002360b868b50, 0x000002360b8656d0, 0x000002360b869f00,
0x000002360b86c660, 0x000002360b86a590, 0x000002360b86ac20, 0x000002360b86b2b0,
0x000002360b86b940, 0x000002360b8691e0, 0x000002360b86d380, 0x000002360b86da10,
0x000002360b86ccf0, 0x000002360b86e0a0, 0x000002360b871bb0, 0x000002360b870800,
0x000002360b86e730, 0x000002360b86fae0, 0x000002360b870e90, 0x000002360b870170,
0x000002360b872240, 0x000002360b86edc0, 0x000002360b8728d0, 0x000002360b86f450,
0x000002360b873c80, 0x000002360b874310, 0x0000023606ab4c70, 0x0000023606ab2ba0,
0x0000023606ab66b0, 0x0000023606ab3230, 0x0000023606ab7a60, 0x0000023606ab80f0,
0x000002367ef0a430, 0x000002367ef0be70, 0x000002367ef0aac0, 0x000002367ef0b150,
0x000002367ef0b7e0, 0x0000023606993ee0, 0x0000023606990a60, 0x0000023606994570,
0x0000023606993850, 0x0000023606994c00, 0x0000023606991780, 0x0000023606995920,
0x0000023606995290, 0x0000023606995fb0, 0x0000023606996640, 0x0000023606996cd0,
0x0000023606997360, 0x000002367e3e9300, 0x000002367e3e9990, 0x000002367e3ea020,
0x000002367e3e6ba0, 0x000002367e3ead40, 0x000002367e3ece10, 0x000002367e3ec780,
0x000002367e3ed4a0, 0x0000023606aba850, 0x0000023606abbc00, 0x0000023606abc920,
0x0000023606abc290, 0x0000023606abaee0, 0x0000023606ab94a0, 0x0000023606abcfb0,
0x0000023606ac0430, 0x0000023606abe360, 0x0000023606ab6d40, 0x0000023606abe9f0,
0x0000023606ab9b30, 0x0000023606aba1c0, 0x0000023606abb570, 0x0000023606ab8780,
0x0000023606ab8e10, 0x0000023606ac0ac0, 0x0000023606abfda0, 0x0000023606abd640,
0x0000023606abf080, 0x0000023606abf710, 0x0000023606ac1150, 0x0000023606abdcd0,
0x0000023604feaec0, 0x0000023604fe80d0, 0x0000023604fe8760, 0x0000023604fea1a0,
0x0000023604fe9480, 0x0000023604feb550, 0x0000023604fe9b10, 0x0000023604fed620,
0x0000023604febbe0, 0x0000023604fedcb0, 0x0000023604fec270, 0x0000023604fea830
}

Java Threads: ( => current thread )
  0x000002364894e8f0 JavaThread "main"                              [_thread_blocked, id=22884, stack(0x000000f9aad00000,0x000000f9aae00000) (1024K)]
  0x0000023660ed8ed0 JavaThread "Reference Handler"          daemon [_thread_blocked, id=36836, stack(0x000000f9ab500000,0x000000f9ab600000) (1024K)]
  0x0000023660edc6b0 JavaThread "Finalizer"                  daemon [_thread_blocked, id=32112, stack(0x000000f9ab600000,0x000000f9ab700000) (1024K)]
  0x0000023660edfd90 JavaThread "Signal Dispatcher"          daemon [_thread_blocked, id=34952, stack(0x000000f9ab700000,0x000000f9ab800000) (1024K)]
  0x0000023660ee07f0 JavaThread "Attach Listener"            daemon [_thread_blocked, id=30940, stack(0x000000f9ab800000,0x000000f9ab900000) (1024K)]
  0x0000023660ee3100 JavaThread "Service Thread"             daemon [_thread_blocked, id=29016, stack(0x000000f9ab900000,0x000000f9aba00000) (1024K)]
  0x0000023660ee3b60 JavaThread "Monitor Deflation Thread"   daemon [_thread_blocked, id=23732, stack(0x000000f9aba00000,0x000000f9abb00000) (1024K)]
=>0x0000023660ee48f0 JavaThread "C2 CompilerThread0"         daemon [_thread_in_native, id=32988, stack(0x000000f9abb00000,0x000000f9abc00000) (1024K)]
  0x0000023660eeaf30 JavaThread "C1 CompilerThread0"         daemon [_thread_blocked, id=13696, stack(0x000000f9abc00000,0x000000f9abd00000) (1024K)]
  0x00000236617656c0 JavaThread "Common-Cleaner"             daemon [_thread_blocked, id=10940, stack(0x000000f9abd00000,0x000000f9abe00000) (1024K)]
  0x0000023661762df0 JavaThread "Notification Thread"        daemon [_thread_blocked, id=12624, stack(0x000000f9abe00000,0x000000f9abf00000) (1024K)]
  0x00000236618955c0 JavaThread "Daemon health stats"               [_thread_blocked, id=31748, stack(0x000000f9ac300000,0x000000f9ac400000) (1024K)]
  0x0000023661897d20 JavaThread "Incoming local TCP Connector on port 50517"        [_thread_in_native, id=15708, stack(0x000000f9ac400000,0x000000f9ac500000) (1024K)]
  0x0000023661897690 JavaThread "Daemon periodic checks"            [_thread_blocked, id=30972, stack(0x000000f9ac500000,0x000000f9ac600000) (1024K)]
  0x0000023661898a40 JavaThread "Daemon"                            [_thread_blocked, id=21956, stack(0x000000f9ac600000,0x000000f9ac700000) (1024K)]
  0x0000023661896970 JavaThread "Daemon worker"                     [_thread_in_Java, id=2928, stack(0x000000f9ac900000,0x000000f9aca00000) (1024K)]
  0x000002367e3e85e0 JavaThread "Cache worker for journal cache (D:\gradle_cache\caches\journal-1)"        [_thread_blocked, id=19360, stack(0x000000f9ad200000,0x000000f9ad300000) (1024K)]
  0x000002367e3e78c0 JavaThread "File lock request listener"        [_thread_in_native, id=35092, stack(0x000000f9ad300000,0x000000f9ad400000) (1024K)]
  0x000002367e3e7230 JavaThread "Cache worker for file hash cache (D:\gradle_cache\caches\8.12\fileHashes)"        [_thread_blocked, id=26648, stack(0x000000f9ad400000,0x000000f9ad500000) (1024K)]
  0x000002367e3ea6b0 JavaThread "File watcher server"        daemon [_thread_in_native, id=1716, stack(0x000000f9aaa00000,0x000000f9aab00000) (1024K)]
  0x000002367e3eb3d0 JavaThread "File watcher consumer"      daemon [_thread_blocked, id=27348, stack(0x000000f9ada00000,0x000000f9adb00000) (1024K)]
  0x000002367e3edb30 JavaThread "Cache worker for file content cache (D:\gradle_cache\caches\8.12\fileContent)"        [_thread_blocked, id=36732, stack(0x000000f9adc00000,0x000000f9add00000) (1024K)]
  0x000002367f118a40 JavaThread "Memory manager"                    [_thread_blocked, id=37620, stack(0x000000f9aff00000,0x000000f9b0000000) (1024K)]
  0x00000236069931c0 JavaThread "jar transforms"                    [_thread_blocked, id=22624, stack(0x000000f9b5300000,0x000000f9b5400000) (1024K)]
  0x0000023606ab38c0 JavaThread "jar transforms Thread 2"           [_thread_blocked, id=36552, stack(0x000000f9b5400000,0x000000f9b5500000) (1024K)]
  0x0000023606ab1e80 JavaThread "jar transforms Thread 3"           [_thread_blocked, id=12244, stack(0x000000f9b5600000,0x000000f9b5700000) (1024K)]
  0x0000023606ab6020 JavaThread "jar transforms Thread 4"           [_thread_blocked, id=30304, stack(0x000000f9b5700000,0x000000f9b5800000) (1024K)]
  0x0000023606ab45e0 JavaThread "jar transforms Thread 5"           [_thread_blocked, id=15960, stack(0x000000f9b5800000,0x000000f9b5900000) (1024K)]
  0x000002360b865d60 JavaThread "jar transforms Thread 6"           [_thread_blocked, id=2832, stack(0x000000f9b6c00000,0x000000f9b6d00000) (1024K)]
  0x000002360b867110 JavaThread "pool-3-thread-1"                   [_thread_blocked, id=33528, stack(0x000000f9b6d00000,0x000000f9b6e00000) (1024K)]
  0x000002360b8677a0 JavaThread "Handler for socket connection from /127.0.0.1:50517 to /127.0.0.1:61190"        [_thread_in_native, id=1992, stack(0x000000f9aac00000,0x000000f9aad00000) (1024K)]
  0x000002360b867e30 JavaThread "Cancel handler"                    [_thread_blocked, id=8560, stack(0x000000f9ac700000,0x000000f9ac800000) (1024K)]
  0x000002360b865040 JavaThread "Asynchronous log dispatcher for DefaultDaemonConnection: socket connection from /127.0.0.1:50517 to /127.0.0.1:61190"        [_thread_blocked, id=26696, stack(0x000000f9ac800000,0x000000f9ac900000) (1024K)]
  0x000002360b868b50 JavaThread "Stdin handler"                     [_thread_blocked, id=3164, stack(0x000000f9aca00000,0x000000f9acb00000) (1024K)]
  0x000002360b8656d0 JavaThread "Daemon client event forwarder"        [_thread_blocked, id=29208, stack(0x000000f9acb00000,0x000000f9acc00000) (1024K)]
  0x000002360b869f00 JavaThread "Cache worker for file hash cache (D:\pranjal\electricity_billing\mobile\android\.gradle\8.12\fileHashes)"        [_thread_blocked, id=2336, stack(0x000000f9acc00000,0x000000f9acd00000) (1024K)]
  0x000002360b86c660 JavaThread "Cache worker for Build Output Cleanup Cache (D:\pranjal\electricity_billing\mobile\android\.gradle\buildOutputCleanup)"        [_thread_blocked, id=18964, stack(0x000000f9ad800000,0x000000f9ad900000) (1024K)]
  0x000002360b86a590 JavaThread "Cache worker for checksums cache (D:\pranjal\electricity_billing\mobile\android\.gradle\8.12\checksums)"        [_thread_blocked, id=34268, stack(0x000000f9ad900000,0x000000f9ada00000) (1024K)]
  0x000002360b86ac20 JavaThread "Cache worker for cache directory md-rule (D:\gradle_cache\caches\8.12\md-rule)"        [_thread_blocked, id=11168, stack(0x000000f9adb00000,0x000000f9adc00000) (1024K)]
  0x000002360b86b2b0 JavaThread "Cache worker for cache directory md-supplier (D:\gradle_cache\caches\8.12\md-supplier)"        [_thread_blocked, id=27812, stack(0x000000f9add00000,0x000000f9ade00000) (1024K)]
  0x000002360b86b940 JavaThread "Cache worker for Build Output Cleanup Cache (C:\src\flutter\packages\flutter_tools\gradle\.gradle\buildOutputCleanup)"        [_thread_blocked, id=29580, stack(0x000000f9ade00000,0x000000f9adf00000) (1024K)]
  0x000002360b8691e0 JavaThread "Unconstrained build operations"        [_thread_blocked, id=6296, stack(0x000000f9adf00000,0x000000f9ae000000) (1024K)]
  0x000002360b86d380 JavaThread "Unconstrained build operations Thread 2"        [_thread_blocked, id=28092, stack(0x000000f9ae000000,0x000000f9ae100000) (1024K)]
  0x000002360b86da10 JavaThread "Unconstrained build operations Thread 3"        [_thread_blocked, id=3180, stack(0x000000f9ae100000,0x000000f9ae200000) (1024K)]
  0x000002360b86ccf0 JavaThread "Unconstrained build operations Thread 4"        [_thread_blocked, id=29076, stack(0x000000f9ae200000,0x000000f9ae300000) (1024K)]
  0x000002360b86e0a0 JavaThread "Unconstrained build operations Thread 5"        [_thread_blocked, id=20612, stack(0x000000f9ae300000,0x000000f9ae400000) (1024K)]
  0x000002360b871bb0 JavaThread "Unconstrained build operations Thread 6"        [_thread_blocked, id=9228, stack(0x000000f9ae400000,0x000000f9ae500000) (1024K)]
  0x000002360b870800 JavaThread "Unconstrained build operations Thread 7"        [_thread_blocked, id=16688, stack(0x000000f9ae500000,0x000000f9ae600000) (1024K)]
  0x000002360b86e730 JavaThread "Unconstrained build operations Thread 8"        [_thread_blocked, id=24332, stack(0x000000f9ae600000,0x000000f9ae700000) (1024K)]
  0x000002360b86fae0 JavaThread "Unconstrained build operations Thread 9"        [_thread_blocked, id=35452, stack(0x000000f9ae700000,0x000000f9ae800000) (1024K)]
  0x000002360b870e90 JavaThread "Unconstrained build operations Thread 10"        [_thread_blocked, id=32728, stack(0x000000f9ae800000,0x000000f9ae900000) (1024K)]
  0x000002360b870170 JavaThread "Unconstrained build operations Thread 11"        [_thread_blocked, id=32792, stack(0x000000f9ae900000,0x000000f9aea00000) (1024K)]
  0x000002360b872240 JavaThread "Unconstrained build operations Thread 12"        [_thread_blocked, id=1384, stack(0x000000f9aea00000,0x000000f9aeb00000) (1024K)]
  0x000002360b86edc0 JavaThread "Unconstrained build operations Thread 13"        [_thread_blocked, id=32248, stack(0x000000f9aeb00000,0x000000f9aec00000) (1024K)]
  0x000002360b8728d0 JavaThread "Unconstrained build operations Thread 14"        [_thread_blocked, id=28656, stack(0x000000f9aec00000,0x000000f9aed00000) (1024K)]
  0x000002360b86f450 JavaThread "Unconstrained build operations Thread 15"        [_thread_blocked, id=18844, stack(0x000000f9aed00000,0x000000f9aee00000) (1024K)]
  0x000002360b873c80 JavaThread "Unconstrained build operations Thread 16"        [_thread_blocked, id=30452, stack(0x000000f9aee00000,0x000000f9aef00000) (1024K)]
  0x000002360b874310 JavaThread "Unconstrained build operations Thread 17"        [_thread_blocked, id=33348, stack(0x000000f9aef00000,0x000000f9af000000) (1024K)]
  0x0000023606ab4c70 JavaThread "Unconstrained build operations Thread 18"        [_thread_blocked, id=10716, stack(0x000000f9af000000,0x000000f9af100000) (1024K)]
  0x0000023606ab2ba0 JavaThread "Unconstrained build operations Thread 19"        [_thread_blocked, id=6472, stack(0x000000f9af100000,0x000000f9af200000) (1024K)]
  0x0000023606ab66b0 JavaThread "Unconstrained build operations Thread 20"        [_thread_blocked, id=11916, stack(0x000000f9af200000,0x000000f9af300000) (1024K)]
  0x0000023606ab3230 JavaThread "Unconstrained build operations Thread 21"        [_thread_blocked, id=22772, stack(0x000000f9af300000,0x000000f9af400000) (1024K)]
  0x0000023606ab7a60 JavaThread "Unconstrained build operations Thread 22"        [_thread_blocked, id=33904, stack(0x000000f9af400000,0x000000f9af500000) (1024K)]
  0x0000023606ab80f0 JavaThread "build event listener"              [_thread_blocked, id=31628, stack(0x000000f9af500000,0x000000f9af600000) (1024K)]
  0x000002367ef0a430 JavaThread "included builds"                   [_thread_blocked, id=27524, stack(0x000000f9aab00000,0x000000f9aac00000) (1024K)]
  0x000002367ef0be70 JavaThread "Execution worker"                  [_thread_blocked, id=32968, stack(0x000000f9ad500000,0x000000f9ad600000) (1024K)]
  0x000002367ef0aac0 JavaThread "Execution worker Thread 2"         [_thread_blocked, id=4784, stack(0x000000f9af800000,0x000000f9af900000) (1024K)]
  0x000002367ef0b150 JavaThread "Execution worker Thread 3"         [_thread_blocked, id=35760, stack(0x000000f9af900000,0x000000f9afa00000) (1024K)]
  0x000002367ef0b7e0 JavaThread "Execution worker Thread 4"         [_thread_blocked, id=34856, stack(0x000000f9afa00000,0x000000f9afb00000) (1024K)]
  0x0000023606993ee0 JavaThread "Execution worker Thread 5"         [_thread_blocked, id=37644, stack(0x000000f9afb00000,0x000000f9afc00000) (1024K)]
  0x0000023606990a60 JavaThread "Execution worker Thread 6"         [_thread_blocked, id=5468, stack(0x000000f9afc00000,0x000000f9afd00000) (1024K)]
  0x0000023606994570 JavaThread "Execution worker Thread 7"         [_thread_blocked, id=37140, stack(0x000000f9afd00000,0x000000f9afe00000) (1024K)]
  0x0000023606993850 JavaThread "Execution worker Thread 8"         [_thread_blocked, id=37632, stack(0x000000f9afe00000,0x000000f9aff00000) (1024K)]
  0x0000023606994c00 JavaThread "Execution worker Thread 9"         [_thread_blocked, id=31008, stack(0x000000f9b0000000,0x000000f9b0100000) (1024K)]
  0x0000023606991780 JavaThread "Execution worker Thread 10"        [_thread_blocked, id=6840, stack(0x000000f9b0100000,0x000000f9b0200000) (1024K)]
  0x0000023606995920 JavaThread "Execution worker Thread 11"        [_thread_blocked, id=16468, stack(0x000000f9b0200000,0x000000f9b0300000) (1024K)]
  0x0000023606995290 JavaThread "Cache worker for execution history cache (C:\src\flutter\packages\flutter_tools\gradle\.gradle\8.12\executionHistory)"        [_thread_blocked, id=34720, stack(0x000000f9b0300000,0x000000f9b0400000) (1024K)]
  0x0000023606995fb0 JavaThread "Unconstrained build operations Thread 23"        [_thread_blocked, id=36940, stack(0x000000f9b0400000,0x000000f9b0500000) (1024K)]
  0x0000023606996640 JavaThread "Unconstrained build operations Thread 24"        [_thread_blocked, id=33940, stack(0x000000f9b0500000,0x000000f9b0600000) (1024K)]
  0x0000023606996cd0 JavaThread "Unconstrained build operations Thread 25"        [_thread_blocked, id=23140, stack(0x000000f9b0600000,0x000000f9b0700000) (1024K)]
  0x0000023606997360 JavaThread "Unconstrained build operations Thread 26"        [_thread_blocked, id=23116, stack(0x000000f9b0700000,0x000000f9b0800000) (1024K)]
  0x000002367e3e9300 JavaThread "Unconstrained build operations Thread 27"        [_thread_blocked, id=14628, stack(0x000000f9b0800000,0x000000f9b0900000) (1024K)]
  0x000002367e3e9990 JavaThread "Unconstrained build operations Thread 28"        [_thread_blocked, id=23440, stack(0x000000f9b0900000,0x000000f9b0a00000) (1024K)]
  0x000002367e3ea020 JavaThread "Unconstrained build operations Thread 29"        [_thread_blocked, id=6248, stack(0x000000f9b0a00000,0x000000f9b0b00000) (1024K)]
  0x000002367e3e6ba0 JavaThread "Unconstrained build operations Thread 30"        [_thread_blocked, id=12100, stack(0x000000f9b0b00000,0x000000f9b0c00000) (1024K)]
  0x000002367e3ead40 JavaThread "Unconstrained build operations Thread 31"        [_thread_blocked, id=13672, stack(0x000000f9b0c00000,0x000000f9b0d00000) (1024K)]
  0x000002367e3ece10 JavaThread "Unconstrained build operations Thread 32"        [_thread_blocked, id=23348, stack(0x000000f9b0d00000,0x000000f9b0e00000) (1024K)]
  0x000002367e3ec780 JavaThread "Unconstrained build operations Thread 33"        [_thread_blocked, id=36424, stack(0x000000f9b0e00000,0x000000f9b0f00000) (1024K)]
  0x000002367e3ed4a0 JavaThread "File lock release action executor Thread 2"        [_thread_blocked, id=35880, stack(0x000000f9b0f00000,0x000000f9b1000000) (1024K)]
  0x0000023606aba850 JavaThread "Unconstrained build operations Thread 34"        [_thread_blocked, id=37504, stack(0x000000f9b1000000,0x000000f9b1100000) (1024K)]
  0x0000023606abbc00 JavaThread "Unconstrained build operations Thread 35"        [_thread_blocked, id=28728, stack(0x000000f9b1100000,0x000000f9b1200000) (1024K)]
  0x0000023606abc920 JavaThread "Unconstrained build operations Thread 36"        [_thread_blocked, id=12084, stack(0x000000f9b1200000,0x000000f9b1300000) (1024K)]
  0x0000023606abc290 JavaThread "Unconstrained build operations Thread 37"        [_thread_blocked, id=17376, stack(0x000000f9b1300000,0x000000f9b1400000) (1024K)]
  0x0000023606abaee0 JavaThread "Unconstrained build operations Thread 38"        [_thread_blocked, id=35720, stack(0x000000f9b1400000,0x000000f9b1500000) (1024K)]
  0x0000023606ab94a0 JavaThread "Unconstrained build operations Thread 39"        [_thread_blocked, id=37472, stack(0x000000f9b1500000,0x000000f9b1600000) (1024K)]
  0x0000023606abcfb0 JavaThread "Unconstrained build operations Thread 40"        [_thread_blocked, id=6476, stack(0x000000f9b1600000,0x000000f9b1700000) (1024K)]
  0x0000023606ac0430 JavaThread "Unconstrained build operations Thread 41"        [_thread_blocked, id=23072, stack(0x000000f9b1700000,0x000000f9b1800000) (1024K)]
  0x0000023606abe360 JavaThread "Unconstrained build operations Thread 42"        [_thread_blocked, id=11216, stack(0x000000f9b1800000,0x000000f9b1900000) (1024K)]
  0x0000023606ab6d40 JavaThread "Unconstrained build operations Thread 43"        [_thread_blocked, id=33472, stack(0x000000f9b1900000,0x000000f9b1a00000) (1024K)]
  0x0000023606abe9f0 JavaThread "Unconstrained build operations Thread 44"        [_thread_blocked, id=3580, stack(0x000000f9b1a00000,0x000000f9b1b00000) (1024K)]
  0x0000023606ab9b30 JavaThread "Unconstrained build operations Thread 45"        [_thread_blocked, id=15368, stack(0x000000f9b1b00000,0x000000f9b1c00000) (1024K)]
  0x0000023606aba1c0 JavaThread "Unconstrained build operations Thread 46"        [_thread_blocked, id=37636, stack(0x000000f9b1c00000,0x000000f9b1d00000) (1024K)]
  0x0000023606abb570 JavaThread "Unconstrained build operations Thread 47"        [_thread_blocked, id=1396, stack(0x000000f9b1d00000,0x000000f9b1e00000) (1024K)]
  0x0000023606ab8780 JavaThread "Unconstrained build operations Thread 48"        [_thread_blocked, id=31468, stack(0x000000f9b1e00000,0x000000f9b1f00000) (1024K)]
  0x0000023606ab8e10 JavaThread "Unconstrained build operations Thread 49"        [_thread_blocked, id=2376, stack(0x000000f9b1f00000,0x000000f9b2000000) (1024K)]
  0x0000023606ac0ac0 JavaThread "Unconstrained build operations Thread 50"        [_thread_blocked, id=12124, stack(0x000000f9b2000000,0x000000f9b2100000) (1024K)]
  0x0000023606abfda0 JavaThread "Unconstrained build operations Thread 51"        [_thread_blocked, id=25528, stack(0x000000f9b2100000,0x000000f9b2200000) (1024K)]
  0x0000023606abd640 JavaThread "Unconstrained build operations Thread 52"        [_thread_blocked, id=22560, stack(0x000000f9b2200000,0x000000f9b2300000) (1024K)]
  0x0000023606abf080 JavaThread "Unconstrained build operations Thread 53"        [_thread_blocked, id=22616, stack(0x000000f9b2300000,0x000000f9b2400000) (1024K)]
  0x0000023606abf710 JavaThread "Unconstrained build operations Thread 54"        [_thread_blocked, id=28888, stack(0x000000f9b2400000,0x000000f9b2500000) (1024K)]
  0x0000023606ac1150 JavaThread "Unconstrained build operations Thread 55"        [_thread_blocked, id=24704, stack(0x000000f9b2500000,0x000000f9b2600000) (1024K)]
  0x0000023606abdcd0 JavaThread "Unconstrained build operations Thread 56"        [_thread_blocked, id=22976, stack(0x000000f9b2600000,0x000000f9b2700000) (1024K)]
  0x0000023604feaec0 JavaThread "Unconstrained build operations Thread 57"        [_thread_blocked, id=27748, stack(0x000000f9b2700000,0x000000f9b2800000) (1024K)]
  0x0000023604fe80d0 JavaThread "Unconstrained build operations Thread 58"        [_thread_blocked, id=31016, stack(0x000000f9b2800000,0x000000f9b2900000) (1024K)]
  0x0000023604fe8760 JavaThread "Unconstrained build operations Thread 59"        [_thread_blocked, id=27628, stack(0x000000f9b2900000,0x000000f9b2a00000) (1024K)]
  0x0000023604fea1a0 JavaThread "Unconstrained build operations Thread 60"        [_thread_blocked, id=15324, stack(0x000000f9b2a00000,0x000000f9b2b00000) (1024K)]
  0x0000023604fe9480 JavaThread "Unconstrained build operations Thread 61"        [_thread_blocked, id=28528, stack(0x000000f9b2b00000,0x000000f9b2c00000) (1024K)]
  0x0000023604feb550 JavaThread "Unconstrained build operations Thread 62"        [_thread_blocked, id=1456, stack(0x000000f9b2c00000,0x000000f9b2d00000) (1024K)]
  0x0000023604fe9b10 JavaThread "Unconstrained build operations Thread 63"        [_thread_blocked, id=27608, stack(0x000000f9b2d00000,0x000000f9b2e00000) (1024K)]
  0x0000023604fed620 JavaThread "Unconstrained build operations Thread 64"        [_thread_blocked, id=15124, stack(0x000000f9b2e00000,0x000000f9b2f00000) (1024K)]
  0x0000023604febbe0 JavaThread "Unconstrained build operations Thread 65"        [_thread_blocked, id=3760, stack(0x000000f9b2f00000,0x000000f9b3000000) (1024K)]
  0x0000023604fedcb0 JavaThread "Unconstrained build operations Thread 66"        [_thread_blocked, id=26524, stack(0x000000f9b3000000,0x000000f9b3100000) (1024K)]
  0x0000023604fec270 JavaThread "Unconstrained build operations Thread 67"        [_thread_blocked, id=24912, stack(0x000000f9b3100000,0x000000f9b3200000) (1024K)]
  0x0000023604fea830 JavaThread "Unconstrained build operations Thread 68"        [_thread_blocked, id=33508, stack(0x000000f9b3200000,0x000000f9b3300000) (1024K)]
Total: 124

Other Threads:
  0x0000023660eb7a90 VMThread "VM Thread"                           [id=31076, stack(0x000000f9ab400000,0x000000f9ab500000) (1024K)]
  0x0000023660ea84a0 WatcherThread "VM Periodic Task Thread"        [id=24748, stack(0x000000f9ab300000,0x000000f9ab400000) (1024K)]
  0x00000236489a9640 WorkerThread "GC Thread#0"                     [id=34788, stack(0x000000f9aae00000,0x000000f9aaf00000) (1024K)]
  0x000002367d0340f0 WorkerThread "GC Thread#1"                     [id=14944, stack(0x000000f9abf00000,0x000000f9ac000000) (1024K)]
  0x00000236618af960 WorkerThread "GC Thread#2"                     [id=29128, stack(0x000000f9ac000000,0x000000f9ac100000) (1024K)]
  0x000002366160bb50 WorkerThread "GC Thread#3"                     [id=20708, stack(0x000000f9ac100000,0x000000f9ac200000) (1024K)]
  0x000002366166a5e0 WorkerThread "GC Thread#4"                     [id=35752, stack(0x000000f9ac200000,0x000000f9ac300000) (1024K)]
  0x000002367e3dacc0 WorkerThread "GC Thread#5"                     [id=29880, stack(0x000000f9acd00000,0x000000f9ace00000) (1024K)]
  0x000002367e3db070 WorkerThread "GC Thread#6"                     [id=5564, stack(0x000000f9ace00000,0x000000f9acf00000) (1024K)]
  0x000002367e3db420 WorkerThread "GC Thread#7"                     [id=28020, stack(0x000000f9acf00000,0x000000f9ad000000) (1024K)]
  0x000002367e3db7d0 WorkerThread "GC Thread#8"                     [id=8772, stack(0x000000f9ad000000,0x000000f9ad100000) (1024K)]
  0x000002367e3dbb80 WorkerThread "GC Thread#9"                     [id=4108, stack(0x000000f9ad100000,0x000000f9ad200000) (1024K)]
  0x00000236489bad50 ConcurrentGCThread "G1 Main Marker"            [id=37788, stack(0x000000f9aaf00000,0x000000f9ab000000) (1024K)]
  0x00000236489bb770 WorkerThread "G1 Conc#0"                       [id=24832, stack(0x000000f9ab000000,0x000000f9ab100000) (1024K)]
  0x000002367e624640 WorkerThread "G1 Conc#1"                       [id=17476, stack(0x000000f9ad600000,0x000000f9ad700000) (1024K)]
  0x000002367e624290 WorkerThread "G1 Conc#2"                       [id=26656, stack(0x000000f9ad700000,0x000000f9ad800000) (1024K)]
  0x0000023660d78df0 ConcurrentGCThread "G1 Refine#0"               [id=30916, stack(0x000000f9ab100000,0x000000f9ab200000) (1024K)]
  0x0000023660d79720 ConcurrentGCThread "G1 Service"                [id=27912, stack(0x000000f9ab200000,0x000000f9ab300000) (1024K)]
Total: 18

Threads with active compile tasks:
C2 CompilerThread0  375289 17911       4       java.util.AbstractCollection::toArray (70 bytes)
Total: 1

VM state: not at safepoint (normal execution)

VM Mutex/Monitor currently owned by a thread: None

Heap address: 0x0000000080000000, size: 2048 MB, Compressed Oops mode: 32-bit

CDS archive(s) mapped at: [0x0000023662000000-0x0000023662ba0000-0x0000023662ba0000), size 12189696, SharedBaseAddress: 0x0000023662000000, ArchiveRelocationMode: 1.
Compressed class space mapped at: 0x0000023663000000-0x000002367d000000, reserved size: 436207616
Narrow klass base: 0x0000023662000000, Narrow klass shift: 0, Narrow klass range: 0x100000000

GC Precious Log:
 CardTable entry size: 512
 Card Set container configuration: InlinePtr #cards 5 size 8 Array Of Cards #cards 12 size 40 Howl #buckets 4 coarsen threshold 1843 Howl Bitmap #cards 512 size 80 coarsen threshold 460 Card regions per heap region 1 cards per card region 2048
 CPUs: 12 total, 12 available
 Memory: 7832M
 Large Page Support: Disabled
 NUMA Support: Disabled
 Compressed Oops: Enabled (32-bit)
 Heap Region Size: 1M
 Heap Min Capacity: 8M
 Heap Initial Capacity: 124M
 Heap Max Capacity: 2G
 Pre-touch: Disabled
 Parallel Workers: 10
 Concurrent Workers: 3
 Concurrent Refinement Workers: 10
 Periodic GC: Disabled

Heap:
 garbage-first heap   total 312320K, used 195189K [0x0000000080000000, 0x0000000100000000)
  region size 1024K, 8 young (8192K), 2 survivors (2048K)
 Metaspace       used 126396K, committed 128960K, reserved 557056K
  class space    used 17401K, committed 18624K, reserved 425984K

Heap Regions: E=young(eden), S=young(survivor), O=old, HS=humongous(starts), HC=humongous(continues), CS=collection set, F=free, TAMS=top-at-mark-start, PB=parsable bottom
|   0|0x0000000080000000, 0x0000000080100000, 0x0000000080100000|100%| O|  |TAMS 0x0000000080000000| PB 0x0000000080000000| Untracked 
|   1|0x0000000080100000, 0x0000000080200000, 0x0000000080200000|100%|HS|  |TAMS 0x0000000080100000| PB 0x0000000080100000| Complete 
|   2|0x0000000080200000, 0x0000000080300000, 0x0000000080300000|100%|HC|  |TAMS 0x0000000080200000| PB 0x0000000080200000| Complete 
|   3|0x0000000080300000, 0x0000000080400000, 0x0000000080400000|100%|HC|  |TAMS 0x0000000080300000| PB 0x0000000080300000| Complete 
|   4|0x0000000080400000, 0x0000000080500000, 0x0000000080500000|100%| O|  |TAMS 0x0000000080400000| PB 0x0000000080400000| Untracked 
|   5|0x0000000080500000, 0x0000000080600000, 0x0000000080600000|100%| O|  |TAMS 0x0000000080500000| PB 0x0000000080500000| Untracked 
|   6|0x0000000080600000, 0x0000000080700000, 0x0000000080700000|100%| O|  |TAMS 0x0000000080600000| PB 0x0000000080600000| Untracked 
|   7|0x0000000080700000, 0x0000000080800000, 0x0000000080800000|100%|HS|  |TAMS 0x0000000080700000| PB 0x0000000080700000| Complete 
|   8|0x0000000080800000, 0x0000000080900000, 0x0000000080900000|100%| O|  |TAMS 0x0000000080800000| PB 0x0000000080800000| Untracked 
|   9|0x0000000080900000, 0x0000000080a00000, 0x0000000080a00000|100%| O|  |TAMS 0x0000000080900000| PB 0x0000000080900000| Untracked 
|  10|0x0000000080a00000, 0x0000000080b00000, 0x0000000080b00000|100%| O|  |TAMS 0x0000000080a00000| PB 0x0000000080a00000| Untracked 
|  11|0x0000000080b00000, 0x0000000080c00000, 0x0000000080c00000|100%| O|  |TAMS 0x0000000080b00000| PB 0x0000000080b00000| Untracked 
|  12|0x0000000080c00000, 0x0000000080d00000, 0x0000000080d00000|100%| O|  |TAMS 0x0000000080c00000| PB 0x0000000080c00000| Untracked 
|  13|0x0000000080d00000, 0x0000000080e00000, 0x0000000080e00000|100%| O|  |TAMS 0x0000000080d00000| PB 0x0000000080d00000| Untracked 
|  14|0x0000000080e00000, 0x0000000080f00000, 0x0000000080f00000|100%| O|  |TAMS 0x0000000080e00000| PB 0x0000000080e00000| Untracked 
|  15|0x0000000080f00000, 0x0000000081000000, 0x0000000081000000|100%| O|  |TAMS 0x0000000080f00000| PB 0x0000000080f00000| Untracked 
|  16|0x0000000081000000, 0x0000000081100000, 0x0000000081100000|100%| O|  |TAMS 0x0000000081000000| PB 0x0000000081000000| Untracked 
|  17|0x0000000081100000, 0x0000000081200000, 0x0000000081200000|100%| O|  |TAMS 0x0000000081100000| PB 0x0000000081100000| Untracked 
|  18|0x0000000081200000, 0x0000000081300000, 0x0000000081300000|100%| O|  |TAMS 0x0000000081200000| PB 0x0000000081200000| Untracked 
|  19|0x0000000081300000, 0x0000000081400000, 0x0000000081400000|100%| O|  |TAMS 0x0000000081300000| PB 0x0000000081300000| Untracked 
|  20|0x0000000081400000, 0x0000000081500000, 0x0000000081500000|100%| O|  |TAMS 0x0000000081400000| PB 0x0000000081400000| Untracked 
|  21|0x0000000081500000, 0x0000000081600000, 0x0000000081600000|100%| O|  |TAMS 0x0000000081500000| PB 0x0000000081500000| Untracked 
|  22|0x0000000081600000, 0x0000000081700000, 0x0000000081700000|100%| O|  |TAMS 0x0000000081600000| PB 0x0000000081600000| Untracked 
|  23|0x0000000081700000, 0x0000000081800000, 0x0000000081800000|100%| O|  |TAMS 0x0000000081700000| PB 0x0000000081700000| Untracked 
|  24|0x0000000081800000, 0x0000000081900000, 0x0000000081900000|100%| O|  |TAMS 0x0000000081800000| PB 0x0000000081800000| Untracked 
|  25|0x0000000081900000, 0x0000000081a00000, 0x0000000081a00000|100%| O|  |TAMS 0x0000000081900000| PB 0x0000000081900000| Untracked 
|  26|0x0000000081a00000, 0x0000000081b00000, 0x0000000081b00000|100%| O|  |TAMS 0x0000000081a00000| PB 0x0000000081a00000| Untracked 
|  27|0x0000000081b00000, 0x0000000081c00000, 0x0000000081c00000|100%| O|  |TAMS 0x0000000081b00000| PB 0x0000000081b00000| Untracked 
|  28|0x0000000081c00000, 0x0000000081d00000, 0x0000000081d00000|100%| O|  |TAMS 0x0000000081c00000| PB 0x0000000081c00000| Untracked 
|  29|0x0000000081d00000, 0x0000000081e00000, 0x0000000081e00000|100%| O|  |TAMS 0x0000000081d00000| PB 0x0000000081d00000| Untracked 
|  30|0x0000000081e00000, 0x0000000081f00000, 0x0000000081f00000|100%| O|  |TAMS 0x0000000081e00000| PB 0x0000000081e00000| Untracked 
|  31|0x0000000081f00000, 0x0000000082000000, 0x0000000082000000|100%| O|  |TAMS 0x0000000081f00000| PB 0x0000000081f00000| Untracked 
|  32|0x0000000082000000, 0x0000000082100000, 0x0000000082100000|100%| O|  |TAMS 0x0000000082000000| PB 0x0000000082000000| Untracked 
|  33|0x0000000082100000, 0x0000000082200000, 0x0000000082200000|100%| O|  |TAMS 0x0000000082100000| PB 0x0000000082100000| Untracked 
|  34|0x0000000082200000, 0x0000000082300000, 0x0000000082300000|100%|HS|  |TAMS 0x0000000082200000| PB 0x0000000082200000| Complete 
|  35|0x0000000082300000, 0x0000000082400000, 0x0000000082400000|100%|HC|  |TAMS 0x0000000082300000| PB 0x0000000082300000| Complete 
|  36|0x0000000082400000, 0x0000000082500000, 0x0000000082500000|100%| O|  |TAMS 0x0000000082400000| PB 0x0000000082400000| Untracked 
|  37|0x0000000082500000, 0x0000000082600000, 0x0000000082600000|100%| O|  |TAMS 0x0000000082500000| PB 0x0000000082500000| Untracked 
|  38|0x0000000082600000, 0x0000000082700000, 0x0000000082700000|100%| O|  |TAMS 0x0000000082600000| PB 0x0000000082600000| Untracked 
|  39|0x0000000082700000, 0x0000000082800000, 0x0000000082800000|100%|HS|  |TAMS 0x0000000082700000| PB 0x0000000082700000| Complete 
|  40|0x0000000082800000, 0x0000000082900000, 0x0000000082900000|100%|HC|  |TAMS 0x0000000082800000| PB 0x0000000082800000| Complete 
|  41|0x0000000082900000, 0x0000000082a00000, 0x0000000082a00000|100%| O|  |TAMS 0x0000000082900000| PB 0x0000000082900000| Untracked 
|  42|0x0000000082a00000, 0x0000000082b00000, 0x0000000082b00000|100%| O|  |TAMS 0x0000000082a00000| PB 0x0000000082a00000| Untracked 
|  43|0x0000000082b00000, 0x0000000082c00000, 0x0000000082c00000|100%| O|  |TAMS 0x0000000082b00000| PB 0x0000000082b00000| Untracked 
|  44|0x0000000082c00000, 0x0000000082d00000, 0x0000000082d00000|100%| O|  |TAMS 0x0000000082c00000| PB 0x0000000082c00000| Untracked 
|  45|0x0000000082d00000, 0x0000000082e00000, 0x0000000082e00000|100%| O|  |TAMS 0x0000000082d00000| PB 0x0000000082d00000| Untracked 
|  46|0x0000000082e00000, 0x0000000082f00000, 0x0000000082f00000|100%| O|  |TAMS 0x0000000082e00000| PB 0x0000000082e00000| Untracked 
|  47|0x0000000082f00000, 0x0000000083000000, 0x0000000083000000|100%| O|  |TAMS 0x0000000082f00000| PB 0x0000000082f00000| Untracked 
|  48|0x0000000083000000, 0x0000000083100000, 0x0000000083100000|100%| O|  |TAMS 0x0000000083000000| PB 0x0000000083000000| Untracked 
|  49|0x0000000083100000, 0x0000000083200000, 0x0000000083200000|100%| O|  |TAMS 0x0000000083100000| PB 0x0000000083100000| Untracked 
|  50|0x0000000083200000, 0x0000000083300000, 0x0000000083300000|100%| O|  |TAMS 0x0000000083200000| PB 0x0000000083200000| Untracked 
|  51|0x0000000083300000, 0x0000000083400000, 0x0000000083400000|100%| O|  |TAMS 0x0000000083300000| PB 0x0000000083300000| Untracked 
|  52|0x0000000083400000, 0x0000000083500000, 0x0000000083500000|100%| O|  |TAMS 0x0000000083400000| PB 0x0000000083400000| Untracked 
|  53|0x0000000083500000, 0x0000000083600000, 0x0000000083600000|100%| O|  |TAMS 0x0000000083500000| PB 0x0000000083500000| Untracked 
|  54|0x0000000083600000, 0x0000000083700000, 0x0000000083700000|100%| O|  |TAMS 0x0000000083600000| PB 0x0000000083600000| Untracked 
|  55|0x0000000083700000, 0x0000000083800000, 0x0000000083800000|100%| O|  |TAMS 0x0000000083700000| PB 0x0000000083700000| Untracked 
|  56|0x0000000083800000, 0x0000000083900000, 0x0000000083900000|100%| O|  |TAMS 0x0000000083800000| PB 0x0000000083800000| Untracked 
|  57|0x0000000083900000, 0x0000000083a00000, 0x0000000083a00000|100%| O|  |TAMS 0x0000000083900000| PB 0x0000000083900000| Untracked 
|  58|0x0000000083a00000, 0x0000000083b00000, 0x0000000083b00000|100%| O|  |TAMS 0x0000000083a00000| PB 0x0000000083a00000| Untracked 
|  59|0x0000000083b00000, 0x0000000083c00000, 0x0000000083c00000|100%| O|  |TAMS 0x0000000083b00000| PB 0x0000000083b00000| Untracked 
|  60|0x0000000083c00000, 0x0000000083d00000, 0x0000000083d00000|100%| O|  |TAMS 0x0000000083c00000| PB 0x0000000083c00000| Untracked 
|  61|0x0000000083d00000, 0x0000000083e00000, 0x0000000083e00000|100%| O|  |TAMS 0x0000000083d00000| PB 0x0000000083d00000| Untracked 
|  62|0x0000000083e00000, 0x0000000083f00000, 0x0000000083f00000|100%|HS|  |TAMS 0x0000000083e00000| PB 0x0000000083e00000| Complete 
|  63|0x0000000083f00000, 0x0000000084000000, 0x0000000084000000|100%|HS|  |TAMS 0x0000000083f00000| PB 0x0000000083f00000| Complete 
|  64|0x0000000084000000, 0x0000000084100000, 0x0000000084100000|100%|HS|  |TAMS 0x0000000084000000| PB 0x0000000084000000| Complete 
|  65|0x0000000084100000, 0x0000000084200000, 0x0000000084200000|100%|HC|  |TAMS 0x0000000084100000| PB 0x0000000084100000| Complete 
|  66|0x0000000084200000, 0x0000000084300000, 0x0000000084300000|100%| O|  |TAMS 0x0000000084200000| PB 0x0000000084200000| Untracked 
|  67|0x0000000084300000, 0x0000000084400000, 0x0000000084400000|100%|HS|  |TAMS 0x0000000084300000| PB 0x0000000084300000| Complete 
|  68|0x0000000084400000, 0x0000000084500000, 0x0000000084500000|100%|HS|  |TAMS 0x0000000084400000| PB 0x0000000084400000| Complete 
|  69|0x0000000084500000, 0x0000000084600000, 0x0000000084600000|100%|HS|  |TAMS 0x0000000084500000| PB 0x0000000084500000| Complete 
|  70|0x0000000084600000, 0x0000000084700000, 0x0000000084700000|100%| O|  |TAMS 0x0000000084600000| PB 0x0000000084600000| Untracked 
|  71|0x0000000084700000, 0x0000000084800000, 0x0000000084800000|100%| O|  |TAMS 0x0000000084700000| PB 0x0000000084700000| Untracked 
|  72|0x0000000084800000, 0x0000000084900000, 0x0000000084900000|100%|HS|  |TAMS 0x0000000084800000| PB 0x0000000084800000| Complete 
|  73|0x0000000084900000, 0x0000000084a00000, 0x0000000084a00000|100%|HC|  |TAMS 0x0000000084900000| PB 0x0000000084900000| Complete 
|  74|0x0000000084a00000, 0x0000000084b00000, 0x0000000084b00000|100%|HS|  |TAMS 0x0000000084a00000| PB 0x0000000084a00000| Complete 
|  75|0x0000000084b00000, 0x0000000084c00000, 0x0000000084c00000|100%| O|  |TAMS 0x0000000084b00000| PB 0x0000000084b00000| Untracked 
|  76|0x0000000084c00000, 0x0000000084d00000, 0x0000000084d00000|100%| O|  |TAMS 0x0000000084c00000| PB 0x0000000084c00000| Untracked 
|  77|0x0000000084d00000, 0x0000000084e00000, 0x0000000084e00000|100%| O|  |TAMS 0x0000000084d00000| PB 0x0000000084d00000| Untracked 
|  78|0x0000000084e00000, 0x0000000084f00000, 0x0000000084f00000|100%| O|  |TAMS 0x0000000084e00000| PB 0x0000000084e00000| Untracked 
|  79|0x0000000084f00000, 0x0000000085000000, 0x0000000085000000|100%| O|  |TAMS 0x0000000084f00000| PB 0x0000000084f00000| Untracked 
|  80|0x0000000085000000, 0x0000000085100000, 0x0000000085100000|100%| O|  |TAMS 0x0000000085000000| PB 0x0000000085000000| Untracked 
|  81|0x0000000085100000, 0x0000000085200000, 0x0000000085200000|100%| O|  |TAMS 0x0000000085100000| PB 0x0000000085100000| Untracked 
|  82|0x0000000085200000, 0x0000000085300000, 0x0000000085300000|100%| O|  |TAMS 0x0000000085200000| PB 0x0000000085200000| Untracked 
|  83|0x0000000085300000, 0x0000000085400000, 0x0000000085400000|100%| O|  |TAMS 0x0000000085300000| PB 0x0000000085300000| Untracked 
|  84|0x0000000085400000, 0x0000000085500000, 0x0000000085500000|100%| O|  |TAMS 0x0000000085400000| PB 0x0000000085400000| Untracked 
|  85|0x0000000085500000, 0x0000000085600000, 0x0000000085600000|100%|HS|  |TAMS 0x0000000085500000| PB 0x0000000085500000| Complete 
|  86|0x0000000085600000, 0x0000000085700000, 0x0000000085700000|100%| O|  |TAMS 0x0000000085600000| PB 0x0000000085600000| Untracked 
|  87|0x0000000085700000, 0x0000000085800000, 0x0000000085800000|100%| O|  |TAMS 0x0000000085700000| PB 0x0000000085700000| Untracked 
|  88|0x0000000085800000, 0x0000000085900000, 0x0000000085900000|100%| O|  |TAMS 0x0000000085800000| PB 0x0000000085800000| Untracked 
|  89|0x0000000085900000, 0x0000000085a00000, 0x0000000085a00000|100%| O|  |TAMS 0x0000000085900000| PB 0x0000000085900000| Untracked 
|  90|0x0000000085a00000, 0x0000000085b00000, 0x0000000085b00000|100%| O|  |TAMS 0x0000000085a00000| PB 0x0000000085a00000| Untracked 
|  91|0x0000000085b00000, 0x0000000085c00000, 0x0000000085c00000|100%| O|  |TAMS 0x0000000085b00000| PB 0x0000000085b00000| Untracked 
|  92|0x0000000085c00000, 0x0000000085d00000, 0x0000000085d00000|100%| O|  |TAMS 0x0000000085c00000| PB 0x0000000085c00000| Untracked 
|  93|0x0000000085d00000, 0x0000000085e00000, 0x0000000085e00000|100%| O|  |TAMS 0x0000000085d00000| PB 0x0000000085d00000| Untracked 
|  94|0x0000000085e00000, 0x0000000085f00000, 0x0000000085f00000|100%| O|  |TAMS 0x0000000085e00000| PB 0x0000000085e00000| Untracked 
|  95|0x0000000085f00000, 0x0000000086000000, 0x0000000086000000|100%| O|  |TAMS 0x0000000085f00000| PB 0x0000000085f00000| Untracked 
|  96|0x0000000086000000, 0x0000000086100000, 0x0000000086100000|100%| O|  |TAMS 0x0000000086000000| PB 0x0000000086000000| Untracked 
|  97|0x0000000086100000, 0x0000000086200000, 0x0000000086200000|100%| O|  |TAMS 0x0000000086100000| PB 0x0000000086100000| Untracked 
|  98|0x0000000086200000, 0x0000000086300000, 0x0000000086300000|100%| O|  |TAMS 0x0000000086200000| PB 0x0000000086200000| Untracked 
|  99|0x0000000086300000, 0x0000000086400000, 0x0000000086400000|100%| O|  |TAMS 0x0000000086300000| PB 0x0000000086300000| Untracked 
| 100|0x0000000086400000, 0x0000000086500000, 0x0000000086500000|100%| O|  |TAMS 0x0000000086400000| PB 0x0000000086400000| Untracked 
| 101|0x0000000086500000, 0x0000000086600000, 0x0000000086600000|100%| O|  |TAMS 0x0000000086500000| PB 0x0000000086500000| Untracked 
| 102|0x0000000086600000, 0x0000000086700000, 0x0000000086700000|100%| O|  |TAMS 0x0000000086600000| PB 0x0000000086600000| Untracked 
| 103|0x0000000086700000, 0x0000000086800000, 0x0000000086800000|100%| O|  |TAMS 0x0000000086700000| PB 0x0000000086700000| Untracked 
| 104|0x0000000086800000, 0x0000000086900000, 0x0000000086900000|100%|HS|  |TAMS 0x0000000086800000| PB 0x0000000086800000| Complete 
| 105|0x0000000086900000, 0x0000000086a00000, 0x0000000086a00000|100%|HS|  |TAMS 0x0000000086900000| PB 0x0000000086900000| Complete 
| 106|0x0000000086a00000, 0x0000000086b00000, 0x0000000086b00000|100%|HS|  |TAMS 0x0000000086a00000| PB 0x0000000086a00000| Complete 
| 107|0x0000000086b00000, 0x0000000086c00000, 0x0000000086c00000|100%|HS|  |TAMS 0x0000000086b00000| PB 0x0000000086b00000| Complete 
| 108|0x0000000086c00000, 0x0000000086d00000, 0x0000000086d00000|100%|HC|  |TAMS 0x0000000086c00000| PB 0x0000000086c00000| Complete 
| 109|0x0000000086d00000, 0x0000000086e00000, 0x0000000086e00000|100%| O|  |TAMS 0x0000000086d00000| PB 0x0000000086d00000| Untracked 
| 110|0x0000000086e00000, 0x0000000086f00000, 0x0000000086f00000|100%| O|  |TAMS 0x0000000086e00000| PB 0x0000000086e00000| Untracked 
| 111|0x0000000086f00000, 0x0000000087000000, 0x0000000087000000|100%| O|  |TAMS 0x0000000086f00000| PB 0x0000000086f00000| Untracked 
| 112|0x0000000087000000, 0x0000000087100000, 0x0000000087100000|100%| O|  |TAMS 0x0000000087000000| PB 0x0000000087000000| Untracked 
| 113|0x0000000087100000, 0x0000000087200000, 0x0000000087200000|100%| O|  |TAMS 0x0000000087100000| PB 0x0000000087100000| Untracked 
| 114|0x0000000087200000, 0x0000000087300000, 0x0000000087300000|100%| O|  |TAMS 0x0000000087200000| PB 0x0000000087200000| Untracked 
| 115|0x0000000087300000, 0x0000000087400000, 0x0000000087400000|100%| O|  |TAMS 0x0000000087300000| PB 0x0000000087300000| Untracked 
| 116|0x0000000087400000, 0x0000000087500000, 0x0000000087500000|100%| O|Cm|TAMS 0x0000000087400000| PB 0x0000000087400000| Complete 
| 117|0x0000000087500000, 0x0000000087600000, 0x0000000087600000|100%| O|  |TAMS 0x0000000087500000| PB 0x0000000087500000| Untracked 
| 118|0x0000000087600000, 0x0000000087700000, 0x0000000087700000|100%| O|  |TAMS 0x0000000087600000| PB 0x0000000087600000| Untracked 
| 119|0x0000000087700000, 0x0000000087800000, 0x0000000087800000|100%| O|  |TAMS 0x0000000087700000| PB 0x0000000087700000| Untracked 
| 120|0x0000000087800000, 0x0000000087900000, 0x0000000087900000|100%| O|  |TAMS 0x0000000087800000| PB 0x0000000087800000| Untracked 
| 121|0x0000000087900000, 0x0000000087a00000, 0x0000000087a00000|100%| O|  |TAMS 0x0000000087900000| PB 0x0000000087900000| Untracked 
| 122|0x0000000087a00000, 0x0000000087b00000, 0x0000000087b00000|100%| O|  |TAMS 0x0000000087a00000| PB 0x0000000087a00000| Untracked 
| 123|0x0000000087b00000, 0x0000000087c00000, 0x0000000087c00000|100%| O|  |TAMS 0x0000000087b00000| PB 0x0000000087b00000| Untracked 
| 124|0x0000000087c00000, 0x0000000087d00000, 0x0000000087d00000|100%| O|  |TAMS 0x0000000087c00000| PB 0x0000000087c00000| Untracked 
| 125|0x0000000087d00000, 0x0000000087e00000, 0x0000000087e00000|100%| O|  |TAMS 0x0000000087d00000| PB 0x0000000087d00000| Untracked 
| 126|0x0000000087e00000, 0x0000000087f00000, 0x0000000087f00000|100%| O|  |TAMS 0x0000000087e00000| PB 0x0000000087e00000| Untracked 
| 127|0x0000000087f00000, 0x0000000088000000, 0x0000000088000000|100%| O|  |TAMS 0x0000000087f00000| PB 0x0000000087f00000| Untracked 
| 128|0x0000000088000000, 0x0000000088100000, 0x0000000088100000|100%|HS|  |TAMS 0x0000000088000000| PB 0x0000000088000000| Complete 
| 129|0x0000000088100000, 0x0000000088200000, 0x0000000088200000|100%|HS|  |TAMS 0x0000000088100000| PB 0x0000000088100000| Complete 
| 130|0x0000000088200000, 0x0000000088300000, 0x0000000088300000|100%|HC|  |TAMS 0x0000000088200000| PB 0x0000000088200000| Complete 
| 131|0x0000000088300000, 0x0000000088400000, 0x0000000088400000|100%|HS|  |TAMS 0x0000000088300000| PB 0x0000000088300000| Complete 
| 132|0x0000000088400000, 0x0000000088500000, 0x0000000088500000|100%|HS|  |TAMS 0x0000000088400000| PB 0x0000000088400000| Complete 
| 133|0x0000000088500000, 0x0000000088600000, 0x0000000088600000|100%| O|  |TAMS 0x0000000088500000| PB 0x0000000088500000| Untracked 
| 134|0x0000000088600000, 0x0000000088700000, 0x0000000088700000|100%| O|  |TAMS 0x0000000088600000| PB 0x0000000088600000| Untracked 
| 135|0x0000000088700000, 0x0000000088800000, 0x0000000088800000|100%| O|  |TAMS 0x0000000088700000| PB 0x0000000088700000| Untracked 
| 136|0x0000000088800000, 0x0000000088900000, 0x0000000088900000|100%| O|  |TAMS 0x0000000088800000| PB 0x0000000088800000| Untracked 
| 137|0x0000000088900000, 0x0000000088a00000, 0x0000000088a00000|100%| O|  |TAMS 0x0000000088900000| PB 0x0000000088900000| Untracked 
| 138|0x0000000088a00000, 0x0000000088b00000, 0x0000000088b00000|100%| O|Cm|TAMS 0x0000000088a00000| PB 0x0000000088a00000| Complete 
| 139|0x0000000088b00000, 0x0000000088c00000, 0x0000000088c00000|100%| O|  |TAMS 0x0000000088b00000| PB 0x0000000088b00000| Untracked 
| 140|0x0000000088c00000, 0x0000000088d00000, 0x0000000088d00000|100%| O|  |TAMS 0x0000000088c00000| PB 0x0000000088c00000| Untracked 
| 141|0x0000000088d00000, 0x0000000088e00000, 0x0000000088e00000|100%| O|  |TAMS 0x0000000088d00000| PB 0x0000000088d00000| Untracked 
| 142|0x0000000088e00000, 0x0000000088f00000, 0x0000000088f00000|100%| O|  |TAMS 0x0000000088e00000| PB 0x0000000088e00000| Untracked 
| 143|0x0000000088f00000, 0x0000000089000000, 0x0000000089000000|100%| O|  |TAMS 0x0000000088f00000| PB 0x0000000088f00000| Untracked 
| 144|0x0000000089000000, 0x0000000089100000, 0x0000000089100000|100%| O|  |TAMS 0x0000000089000000| PB 0x0000000089000000| Untracked 
| 145|0x0000000089100000, 0x0000000089200000, 0x0000000089200000|100%| O|  |TAMS 0x0000000089100000| PB 0x0000000089100000| Untracked 
| 146|0x0000000089200000, 0x0000000089300000, 0x0000000089300000|100%|HS|  |TAMS 0x0000000089200000| PB 0x0000000089200000| Complete 
| 147|0x0000000089300000, 0x0000000089400000, 0x0000000089400000|100%| O|  |TAMS 0x0000000089300000| PB 0x0000000089300000| Untracked 
| 148|0x0000000089400000, 0x0000000089500000, 0x0000000089500000|100%| O|  |TAMS 0x0000000089400000| PB 0x0000000089400000| Untracked 
| 149|0x0000000089500000, 0x0000000089600000, 0x0000000089600000|100%| O|  |TAMS 0x0000000089500000| PB 0x0000000089500000| Untracked 
| 150|0x0000000089600000, 0x0000000089700000, 0x0000000089700000|100%| O|  |TAMS 0x0000000089600000| PB 0x0000000089600000| Untracked 
| 151|0x0000000089700000, 0x0000000089800000, 0x0000000089800000|100%| O|  |TAMS 0x0000000089700000| PB 0x0000000089700000| Untracked 
| 152|0x0000000089800000, 0x0000000089900000, 0x0000000089900000|100%| O|  |TAMS 0x0000000089800000| PB 0x0000000089800000| Untracked 
| 153|0x0000000089900000, 0x0000000089900000, 0x0000000089a00000|  0%| F|  |TAMS 0x0000000089900000| PB 0x0000000089900000| Untracked 
| 154|0x0000000089a00000, 0x0000000089b00000, 0x0000000089b00000|100%| O|  |TAMS 0x0000000089a00000| PB 0x0000000089a00000| Untracked 
| 155|0x0000000089b00000, 0x0000000089c00000, 0x0000000089c00000|100%| O|  |TAMS 0x0000000089b00000| PB 0x0000000089b00000| Untracked 
| 156|0x0000000089c00000, 0x0000000089d00000, 0x0000000089d00000|100%| O|  |TAMS 0x0000000089c00000| PB 0x0000000089c00000| Untracked 
| 157|0x0000000089d00000, 0x0000000089e00000, 0x0000000089e00000|100%| O|  |TAMS 0x0000000089d00000| PB 0x0000000089d00000| Untracked 
| 158|0x0000000089e00000, 0x0000000089f00000, 0x0000000089f00000|100%| O|  |TAMS 0x0000000089e00000| PB 0x0000000089e00000| Untracked 
| 159|0x0000000089f00000, 0x000000008a000000, 0x000000008a000000|100%| O|Cm|TAMS 0x0000000089f00000| PB 0x0000000089f00000| Complete 
| 160|0x000000008a000000, 0x000000008a100000, 0x000000008a100000|100%| O|  |TAMS 0x000000008a000000| PB 0x000000008a000000| Untracked 
| 161|0x000000008a100000, 0x000000008a200000, 0x000000008a200000|100%| O|  |TAMS 0x000000008a100000| PB 0x000000008a100000| Untracked 
| 162|0x000000008a200000, 0x000000008a300000, 0x000000008a300000|100%| O|  |TAMS 0x000000008a200000| PB 0x000000008a200000| Untracked 
| 163|0x000000008a300000, 0x000000008a400000, 0x000000008a400000|100%| O|  |TAMS 0x000000008a300000| PB 0x000000008a300000| Untracked 
| 164|0x000000008a400000, 0x000000008a500000, 0x000000008a500000|100%| O|  |TAMS 0x000000008a400000| PB 0x000000008a400000| Untracked 
| 165|0x000000008a500000, 0x000000008a600000, 0x000000008a600000|100%| O|  |TAMS 0x000000008a500000| PB 0x000000008a500000| Untracked 
| 166|0x000000008a600000, 0x000000008a700000, 0x000000008a700000|100%| O|  |TAMS 0x000000008a600000| PB 0x000000008a600000| Untracked 
| 167|0x000000008a700000, 0x000000008a800000, 0x000000008a800000|100%| O|  |TAMS 0x000000008a700000| PB 0x000000008a700000| Untracked 
| 168|0x000000008a800000, 0x000000008a900000, 0x000000008a900000|100%| O|  |TAMS 0x000000008a800000| PB 0x000000008a800000| Untracked 
| 169|0x000000008a900000, 0x000000008aa00000, 0x000000008aa00000|100%| O|  |TAMS 0x000000008a900000| PB 0x000000008a900000| Untracked 
| 170|0x000000008aa00000, 0x000000008ab00000, 0x000000008ab00000|100%| O|  |TAMS 0x000000008aa00000| PB 0x000000008aa00000| Untracked 
| 171|0x000000008ab00000, 0x000000008ac00000, 0x000000008ac00000|100%| O|  |TAMS 0x000000008ab00000| PB 0x000000008ab00000| Untracked 
| 172|0x000000008ac00000, 0x000000008ad00000, 0x000000008ad00000|100%| O|  |TAMS 0x000000008ac00000| PB 0x000000008ac00000| Untracked 
| 173|0x000000008ad00000, 0x000000008ae00000, 0x000000008ae00000|100%| O|  |TAMS 0x000000008ad00000| PB 0x000000008ad00000| Untracked 
| 174|0x000000008ae00000, 0x000000008af00000, 0x000000008af00000|100%| O|  |TAMS 0x000000008ae00000| PB 0x000000008ae00000| Untracked 
| 175|0x000000008af00000, 0x000000008b000000, 0x000000008b000000|100%| O|  |TAMS 0x000000008af00000| PB 0x000000008af00000| Untracked 
| 176|0x000000008b000000, 0x000000008b09d7c0, 0x000000008b100000| 61%| O|  |TAMS 0x000000008b000000| PB 0x000000008b000000| Untracked 
| 177|0x000000008b100000, 0x000000008b100000, 0x000000008b200000|  0%| F|  |TAMS 0x000000008b100000| PB 0x000000008b100000| Untracked 
| 178|0x000000008b200000, 0x000000008b200000, 0x000000008b300000|  0%| F|  |TAMS 0x000000008b200000| PB 0x000000008b200000| Untracked 
| 179|0x000000008b300000, 0x000000008b300000, 0x000000008b400000|  0%| F|  |TAMS 0x000000008b300000| PB 0x000000008b300000| Untracked 
| 180|0x000000008b400000, 0x000000008b400000, 0x000000008b500000|  0%| F|  |TAMS 0x000000008b400000| PB 0x000000008b400000| Untracked 
| 181|0x000000008b500000, 0x000000008b500000, 0x000000008b600000|  0%| F|  |TAMS 0x000000008b500000| PB 0x000000008b500000| Untracked 
| 182|0x000000008b600000, 0x000000008b600000, 0x000000008b700000|  0%| F|  |TAMS 0x000000008b600000| PB 0x000000008b600000| Untracked 
| 183|0x000000008b700000, 0x000000008b700000, 0x000000008b800000|  0%| F|  |TAMS 0x000000008b700000| PB 0x000000008b700000| Untracked 
| 184|0x000000008b800000, 0x000000008b800000, 0x000000008b900000|  0%| F|  |TAMS 0x000000008b800000| PB 0x000000008b800000| Untracked 
| 185|0x000000008b900000, 0x000000008b900000, 0x000000008ba00000|  0%| F|  |TAMS 0x000000008b900000| PB 0x000000008b900000| Untracked 
| 186|0x000000008ba00000, 0x000000008ba00000, 0x000000008bb00000|  0%| F|  |TAMS 0x000000008ba00000| PB 0x000000008ba00000| Untracked 
| 187|0x000000008bb00000, 0x000000008bb00000, 0x000000008bc00000|  0%| F|  |TAMS 0x000000008bb00000| PB 0x000000008bb00000| Untracked 
| 188|0x000000008bc00000, 0x000000008bc00000, 0x000000008bd00000|  0%| F|  |TAMS 0x000000008bc00000| PB 0x000000008bc00000| Untracked 
| 189|0x000000008bd00000, 0x000000008bd00000, 0x000000008be00000|  0%| F|  |TAMS 0x000000008bd00000| PB 0x000000008bd00000| Untracked 
| 190|0x000000008be00000, 0x000000008be00000, 0x000000008bf00000|  0%| F|  |TAMS 0x000000008be00000| PB 0x000000008be00000| Untracked 
| 191|0x000000008bf00000, 0x000000008bf00000, 0x000000008c000000|  0%| F|  |TAMS 0x000000008bf00000| PB 0x000000008bf00000| Untracked 
| 192|0x000000008c000000, 0x000000008c000000, 0x000000008c100000|  0%| F|  |TAMS 0x000000008c000000| PB 0x000000008c000000| Untracked 
| 193|0x000000008c100000, 0x000000008c100000, 0x000000008c200000|  0%| F|  |TAMS 0x000000008c100000| PB 0x000000008c100000| Untracked 
| 194|0x000000008c200000, 0x000000008c200000, 0x000000008c300000|  0%| F|  |TAMS 0x000000008c200000| PB 0x000000008c200000| Untracked 
| 195|0x000000008c300000, 0x000000008c300000, 0x000000008c400000|  0%| F|  |TAMS 0x000000008c300000| PB 0x000000008c300000| Untracked 
| 196|0x000000008c400000, 0x000000008c400000, 0x000000008c500000|  0%| F|  |TAMS 0x000000008c400000| PB 0x000000008c400000| Untracked 
| 197|0x000000008c500000, 0x000000008c500000, 0x000000008c600000|  0%| F|  |TAMS 0x000000008c500000| PB 0x000000008c500000| Untracked 
| 198|0x000000008c600000, 0x000000008c600000, 0x000000008c700000|  0%| F|  |TAMS 0x000000008c600000| PB 0x000000008c600000| Untracked 
| 199|0x000000008c700000, 0x000000008c700000, 0x000000008c800000|  0%| F|  |TAMS 0x000000008c700000| PB 0x000000008c700000| Untracked 
| 200|0x000000008c800000, 0x000000008c800000, 0x000000008c900000|  0%| F|  |TAMS 0x000000008c800000| PB 0x000000008c800000| Untracked 
| 201|0x000000008c900000, 0x000000008c900000, 0x000000008ca00000|  0%| F|  |TAMS 0x000000008c900000| PB 0x000000008c900000| Untracked 
| 202|0x000000008ca00000, 0x000000008ca00000, 0x000000008cb00000|  0%| F|  |TAMS 0x000000008ca00000| PB 0x000000008ca00000| Untracked 
| 203|0x000000008cb00000, 0x000000008cb00000, 0x000000008cc00000|  0%| F|  |TAMS 0x000000008cb00000| PB 0x000000008cb00000| Untracked 
| 204|0x000000008cc00000, 0x000000008cc00000, 0x000000008cd00000|  0%| F|  |TAMS 0x000000008cc00000| PB 0x000000008cc00000| Untracked 
| 205|0x000000008cd00000, 0x000000008cd00000, 0x000000008ce00000|  0%| F|  |TAMS 0x000000008cd00000| PB 0x000000008cd00000| Untracked 
| 206|0x000000008ce00000, 0x000000008ce00000, 0x000000008cf00000|  0%| F|  |TAMS 0x000000008ce00000| PB 0x000000008ce00000| Untracked 
| 207|0x000000008cf00000, 0x000000008cf00000, 0x000000008d000000|  0%| F|  |TAMS 0x000000008cf00000| PB 0x000000008cf00000| Untracked 
| 208|0x000000008d000000, 0x000000008d000000, 0x000000008d100000|  0%| F|  |TAMS 0x000000008d000000| PB 0x000000008d000000| Untracked 
| 209|0x000000008d100000, 0x000000008d100000, 0x000000008d200000|  0%| F|  |TAMS 0x000000008d100000| PB 0x000000008d100000| Untracked 
| 210|0x000000008d200000, 0x000000008d200000, 0x000000008d300000|  0%| F|  |TAMS 0x000000008d200000| PB 0x000000008d200000| Untracked 
| 211|0x000000008d300000, 0x000000008d300000, 0x000000008d400000|  0%| F|  |TAMS 0x000000008d300000| PB 0x000000008d300000| Untracked 
| 212|0x000000008d400000, 0x000000008d400000, 0x000000008d500000|  0%| F|  |TAMS 0x000000008d400000| PB 0x000000008d400000| Untracked 
| 213|0x000000008d500000, 0x000000008d500000, 0x000000008d600000|  0%| F|  |TAMS 0x000000008d500000| PB 0x000000008d500000| Untracked 
| 214|0x000000008d600000, 0x000000008d600000, 0x000000008d700000|  0%| F|  |TAMS 0x000000008d600000| PB 0x000000008d600000| Untracked 
| 215|0x000000008d700000, 0x000000008d700000, 0x000000008d800000|  0%| F|  |TAMS 0x000000008d700000| PB 0x000000008d700000| Untracked 
| 216|0x000000008d800000, 0x000000008d800000, 0x000000008d900000|  0%| F|  |TAMS 0x000000008d800000| PB 0x000000008d800000| Untracked 
| 217|0x000000008d900000, 0x000000008d900000, 0x000000008da00000|  0%| F|  |TAMS 0x000000008d900000| PB 0x000000008d900000| Untracked 
| 218|0x000000008da00000, 0x000000008da00000, 0x000000008db00000|  0%| F|  |TAMS 0x000000008da00000| PB 0x000000008da00000| Untracked 
| 219|0x000000008db00000, 0x000000008db00000, 0x000000008dc00000|  0%| F|  |TAMS 0x000000008db00000| PB 0x000000008db00000| Untracked 
| 220|0x000000008dc00000, 0x000000008dc00000, 0x000000008dd00000|  0%| F|  |TAMS 0x000000008dc00000| PB 0x000000008dc00000| Untracked 
| 221|0x000000008dd00000, 0x000000008dd00000, 0x000000008de00000|  0%| F|  |TAMS 0x000000008dd00000| PB 0x000000008dd00000| Untracked 
| 222|0x000000008de00000, 0x000000008de00000, 0x000000008df00000|  0%| F|  |TAMS 0x000000008de00000| PB 0x000000008de00000| Untracked 
| 223|0x000000008df00000, 0x000000008df00000, 0x000000008e000000|  0%| F|  |TAMS 0x000000008df00000| PB 0x000000008df00000| Untracked 
| 224|0x000000008e000000, 0x000000008e000000, 0x000000008e100000|  0%| F|  |TAMS 0x000000008e000000| PB 0x000000008e000000| Untracked 
| 225|0x000000008e100000, 0x000000008e100000, 0x000000008e200000|  0%| F|  |TAMS 0x000000008e100000| PB 0x000000008e100000| Untracked 
| 226|0x000000008e200000, 0x000000008e200000, 0x000000008e300000|  0%| F|  |TAMS 0x000000008e200000| PB 0x000000008e200000| Untracked 
| 227|0x000000008e300000, 0x000000008e300000, 0x000000008e400000|  0%| F|  |TAMS 0x000000008e300000| PB 0x000000008e300000| Untracked 
| 228|0x000000008e400000, 0x000000008e400000, 0x000000008e500000|  0%| F|  |TAMS 0x000000008e400000| PB 0x000000008e400000| Untracked 
| 229|0x000000008e500000, 0x000000008e500000, 0x000000008e600000|  0%| F|  |TAMS 0x000000008e500000| PB 0x000000008e500000| Untracked 
| 230|0x000000008e600000, 0x000000008e600000, 0x000000008e700000|  0%| F|  |TAMS 0x000000008e600000| PB 0x000000008e600000| Untracked 
| 231|0x000000008e700000, 0x000000008e700000, 0x000000008e800000|  0%| F|  |TAMS 0x000000008e700000| PB 0x000000008e700000| Untracked 
| 232|0x000000008e800000, 0x000000008e800000, 0x000000008e900000|  0%| F|  |TAMS 0x000000008e800000| PB 0x000000008e800000| Untracked 
| 233|0x000000008e900000, 0x000000008e900000, 0x000000008ea00000|  0%| F|  |TAMS 0x000000008e900000| PB 0x000000008e900000| Untracked 
| 234|0x000000008ea00000, 0x000000008ea00000, 0x000000008eb00000|  0%| F|  |TAMS 0x000000008ea00000| PB 0x000000008ea00000| Untracked 
| 235|0x000000008eb00000, 0x000000008eb00000, 0x000000008ec00000|  0%| F|  |TAMS 0x000000008eb00000| PB 0x000000008eb00000| Untracked 
| 236|0x000000008ec00000, 0x000000008ec00000, 0x000000008ed00000|  0%| F|  |TAMS 0x000000008ec00000| PB 0x000000008ec00000| Untracked 
| 237|0x000000008ed00000, 0x000000008ed00000, 0x000000008ee00000|  0%| F|  |TAMS 0x000000008ed00000| PB 0x000000008ed00000| Untracked 
| 238|0x000000008ee00000, 0x000000008ee00000, 0x000000008ef00000|  0%| F|  |TAMS 0x000000008ee00000| PB 0x000000008ee00000| Untracked 
| 239|0x000000008ef00000, 0x000000008ef00000, 0x000000008f000000|  0%| F|  |TAMS 0x000000008ef00000| PB 0x000000008ef00000| Untracked 
| 240|0x000000008f000000, 0x000000008f000000, 0x000000008f100000|  0%| F|  |TAMS 0x000000008f000000| PB 0x000000008f000000| Untracked 
| 241|0x000000008f100000, 0x000000008f100000, 0x000000008f200000|  0%| F|  |TAMS 0x000000008f100000| PB 0x000000008f100000| Untracked 
| 242|0x000000008f200000, 0x000000008f200000, 0x000000008f300000|  0%| F|  |TAMS 0x000000008f200000| PB 0x000000008f200000| Untracked 
| 243|0x000000008f300000, 0x000000008f300000, 0x000000008f400000|  0%| F|  |TAMS 0x000000008f300000| PB 0x000000008f300000| Untracked 
| 244|0x000000008f400000, 0x000000008f400000, 0x000000008f500000|  0%| F|  |TAMS 0x000000008f400000| PB 0x000000008f400000| Untracked 
| 245|0x000000008f500000, 0x000000008f500000, 0x000000008f600000|  0%| F|  |TAMS 0x000000008f500000| PB 0x000000008f500000| Untracked 
| 246|0x000000008f600000, 0x000000008f600000, 0x000000008f700000|  0%| F|  |TAMS 0x000000008f600000| PB 0x000000008f600000| Untracked 
| 247|0x000000008f700000, 0x000000008f700000, 0x000000008f800000|  0%| F|  |TAMS 0x000000008f700000| PB 0x000000008f700000| Untracked 
| 248|0x000000008f800000, 0x000000008f800000, 0x000000008f900000|  0%| F|  |TAMS 0x000000008f800000| PB 0x000000008f800000| Untracked 
| 249|0x000000008f900000, 0x000000008f900000, 0x000000008fa00000|  0%| F|  |TAMS 0x000000008f900000| PB 0x000000008f900000| Untracked 
| 250|0x000000008fa00000, 0x000000008fa00000, 0x000000008fb00000|  0%| F|  |TAMS 0x000000008fa00000| PB 0x000000008fa00000| Untracked 
| 251|0x000000008fb00000, 0x000000008fb00000, 0x000000008fc00000|  0%| F|  |TAMS 0x000000008fb00000| PB 0x000000008fb00000| Untracked 
| 252|0x000000008fc00000, 0x000000008fc00000, 0x000000008fd00000|  0%| F|  |TAMS 0x000000008fc00000| PB 0x000000008fc00000| Untracked 
| 253|0x000000008fd00000, 0x000000008fd00000, 0x000000008fe00000|  0%| F|  |TAMS 0x000000008fd00000| PB 0x000000008fd00000| Untracked 
| 254|0x000000008fe00000, 0x000000008fe00000, 0x000000008ff00000|  0%| F|  |TAMS 0x000000008fe00000| PB 0x000000008fe00000| Untracked 
| 255|0x000000008ff00000, 0x000000008ff00000, 0x0000000090000000|  0%| F|  |TAMS 0x000000008ff00000| PB 0x000000008ff00000| Untracked 
| 256|0x0000000090000000, 0x0000000090000000, 0x0000000090100000|  0%| F|  |TAMS 0x0000000090000000| PB 0x0000000090000000| Untracked 
| 257|0x0000000090100000, 0x0000000090100000, 0x0000000090200000|  0%| F|  |TAMS 0x0000000090100000| PB 0x0000000090100000| Untracked 
| 258|0x0000000090200000, 0x0000000090200000, 0x0000000090300000|  0%| F|  |TAMS 0x0000000090200000| PB 0x0000000090200000| Untracked 
| 259|0x0000000090300000, 0x0000000090300000, 0x0000000090400000|  0%| F|  |TAMS 0x0000000090300000| PB 0x0000000090300000| Untracked 
| 260|0x0000000090400000, 0x0000000090400000, 0x0000000090500000|  0%| F|  |TAMS 0x0000000090400000| PB 0x0000000090400000| Untracked 
| 261|0x0000000090500000, 0x0000000090500000, 0x0000000090600000|  0%| F|  |TAMS 0x0000000090500000| PB 0x0000000090500000| Untracked 
| 262|0x0000000090600000, 0x0000000090600000, 0x0000000090700000|  0%| F|  |TAMS 0x0000000090600000| PB 0x0000000090600000| Untracked 
| 263|0x0000000090700000, 0x0000000090700000, 0x0000000090800000|  0%| F|  |TAMS 0x0000000090700000| PB 0x0000000090700000| Untracked 
| 264|0x0000000090800000, 0x0000000090800000, 0x0000000090900000|  0%| F|  |TAMS 0x0000000090800000| PB 0x0000000090800000| Untracked 
| 265|0x0000000090900000, 0x0000000090900000, 0x0000000090a00000|  0%| F|  |TAMS 0x0000000090900000| PB 0x0000000090900000| Untracked 
| 266|0x0000000090a00000, 0x0000000090a00000, 0x0000000090b00000|  0%| F|  |TAMS 0x0000000090a00000| PB 0x0000000090a00000| Untracked 
| 267|0x0000000090b00000, 0x0000000090b00000, 0x0000000090c00000|  0%| F|  |TAMS 0x0000000090b00000| PB 0x0000000090b00000| Untracked 
| 268|0x0000000090c00000, 0x0000000090c00000, 0x0000000090d00000|  0%| F|  |TAMS 0x0000000090c00000| PB 0x0000000090c00000| Untracked 
| 269|0x0000000090d00000, 0x0000000090d00000, 0x0000000090e00000|  0%| F|  |TAMS 0x0000000090d00000| PB 0x0000000090d00000| Untracked 
| 270|0x0000000090e00000, 0x0000000090e00000, 0x0000000090f00000|  0%| F|  |TAMS 0x0000000090e00000| PB 0x0000000090e00000| Untracked 
| 271|0x0000000090f00000, 0x0000000090f00000, 0x0000000091000000|  0%| F|  |TAMS 0x0000000090f00000| PB 0x0000000090f00000| Untracked 
| 272|0x0000000091000000, 0x0000000091000000, 0x0000000091100000|  0%| F|  |TAMS 0x0000000091000000| PB 0x0000000091000000| Untracked 
| 273|0x0000000091100000, 0x0000000091100000, 0x0000000091200000|  0%| F|  |TAMS 0x0000000091100000| PB 0x0000000091100000| Untracked 
| 274|0x0000000091200000, 0x0000000091200000, 0x0000000091300000|  0%| F|  |TAMS 0x0000000091200000| PB 0x0000000091200000| Untracked 
| 275|0x0000000091300000, 0x0000000091300000, 0x0000000091400000|  0%| F|  |TAMS 0x0000000091300000| PB 0x0000000091300000| Untracked 
| 276|0x0000000091400000, 0x0000000091400000, 0x0000000091500000|  0%| F|  |TAMS 0x0000000091400000| PB 0x0000000091400000| Untracked 
| 277|0x0000000091500000, 0x0000000091500000, 0x0000000091600000|  0%| F|  |TAMS 0x0000000091500000| PB 0x0000000091500000| Untracked 
| 278|0x0000000091600000, 0x0000000091600000, 0x0000000091700000|  0%| F|  |TAMS 0x0000000091600000| PB 0x0000000091600000| Untracked 
| 279|0x0000000091700000, 0x0000000091700000, 0x0000000091800000|  0%| F|  |TAMS 0x0000000091700000| PB 0x0000000091700000| Untracked 
| 280|0x0000000091800000, 0x0000000091800000, 0x0000000091900000|  0%| F|  |TAMS 0x0000000091800000| PB 0x0000000091800000| Untracked 
| 281|0x0000000091900000, 0x0000000091a00000, 0x0000000091a00000|100%| S|CS|TAMS 0x0000000091900000| PB 0x0000000091900000| Complete 
| 282|0x0000000091a00000, 0x0000000091b00000, 0x0000000091b00000|100%| S|CS|TAMS 0x0000000091a00000| PB 0x0000000091a00000| Complete 
| 283|0x0000000091b00000, 0x0000000091b00000, 0x0000000091c00000|  0%| F|  |TAMS 0x0000000091b00000| PB 0x0000000091b00000| Untracked 
| 284|0x0000000091c00000, 0x0000000091c00000, 0x0000000091d00000|  0%| F|  |TAMS 0x0000000091c00000| PB 0x0000000091c00000| Untracked 
| 285|0x0000000091d00000, 0x0000000091d00000, 0x0000000091e00000|  0%| F|  |TAMS 0x0000000091d00000| PB 0x0000000091d00000| Untracked 
| 286|0x0000000091e00000, 0x0000000091e00000, 0x0000000091f00000|  0%| F|  |TAMS 0x0000000091e00000| PB 0x0000000091e00000| Untracked 
| 287|0x0000000091f00000, 0x0000000091f00000, 0x0000000092000000|  0%| F|  |TAMS 0x0000000091f00000| PB 0x0000000091f00000| Untracked 
| 288|0x0000000092000000, 0x0000000092000000, 0x0000000092100000|  0%| F|  |TAMS 0x0000000092000000| PB 0x0000000092000000| Untracked 
| 289|0x0000000092100000, 0x0000000092100000, 0x0000000092200000|  0%| F|  |TAMS 0x0000000092100000| PB 0x0000000092100000| Untracked 
|2033|0x00000000ff100000, 0x00000000ff200000, 0x00000000ff200000|100%| O|  |TAMS 0x00000000ff100000| PB 0x00000000ff100000| Untracked 
|2034|0x00000000ff200000, 0x00000000ff300000, 0x00000000ff300000|100%| O|  |TAMS 0x00000000ff200000| PB 0x00000000ff200000| Untracked 
|2035|0x00000000ff300000, 0x00000000ff400000, 0x00000000ff400000|100%| O|  |TAMS 0x00000000ff300000| PB 0x00000000ff300000| Untracked 
|2036|0x00000000ff400000, 0x00000000ff500000, 0x00000000ff500000|100%| O|  |TAMS 0x00000000ff400000| PB 0x00000000ff400000| Untracked 
|2037|0x00000000ff500000, 0x00000000ff5d4b20, 0x00000000ff600000| 83%| E|  |TAMS 0x00000000ff500000| PB 0x00000000ff500000| Complete 
|2038|0x00000000ff600000, 0x00000000ff700000, 0x00000000ff700000|100%| O|  |TAMS 0x00000000ff600000| PB 0x00000000ff600000| Untracked 
|2039|0x00000000ff700000, 0x00000000ff800000, 0x00000000ff800000|100%| O|  |TAMS 0x00000000ff700000| PB 0x00000000ff700000| Untracked 
|2040|0x00000000ff800000, 0x00000000ff900000, 0x00000000ff900000|100%| O|  |TAMS 0x00000000ff800000| PB 0x00000000ff800000| Untracked 
|2041|0x00000000ff900000, 0x00000000ffa00000, 0x00000000ffa00000|100%| E|  |TAMS 0x00000000ff900000| PB 0x00000000ff900000| Complete 
|2042|0x00000000ffa00000, 0x00000000ffb00000, 0x00000000ffb00000|100%| O|  |TAMS 0x00000000ffa00000| PB 0x00000000ffa00000| Untracked 
|2043|0x00000000ffb00000, 0x00000000ffc00000, 0x00000000ffc00000|100%| E|CS|TAMS 0x00000000ffb00000| PB 0x00000000ffb00000| Complete 
|2044|0x00000000ffc00000, 0x00000000ffd00000, 0x00000000ffd00000|100%| E|CS|TAMS 0x00000000ffc00000| PB 0x00000000ffc00000| Complete 
|2045|0x00000000ffd00000, 0x00000000ffe00000, 0x00000000ffe00000|100%| O|  |TAMS 0x00000000ffd00000| PB 0x00000000ffd00000| Untracked 
|2046|0x00000000ffe00000, 0x00000000fff00000, 0x00000000fff00000|100%| E|CS|TAMS 0x00000000ffe00000| PB 0x00000000ffe00000| Complete 
|2047|0x00000000fff00000, 0x0000000100000000, 0x0000000100000000|100%| E|CS|TAMS 0x00000000fff00000| PB 0x00000000fff00000| Complete 

Card table byte_map: [0x000002365c4b0000,0x000002365c8b0000] _byte_map_base: 0x000002365c0b0000

Marking Bits: (CMBitMap*) 0x00000236489aa470
 Bits: [0x000002365c8b0000, 0x000002365e8b0000)

Polling page: 0x0000023646780000

Metaspace:

Usage:
  Non-class:    106.44 MB used.
      Class:     16.99 MB used.
       Both:    123.43 MB used.

Virtual space:
  Non-class space:      128.00 MB reserved,     107.75 MB ( 84%) committed,  2 nodes.
      Class space:      416.00 MB reserved,      18.19 MB (  4%) committed,  1 nodes.
             Both:      544.00 MB reserved,     125.94 MB ( 23%) committed. 

Chunk freelists:
   Non-Class:  3.90 MB
       Class:  13.84 MB
        Both:  17.75 MB

MaxMetaspaceSize: 512.00 MB
CompressedClassSpaceSize: 416.00 MB
Initial GC threshold: 21.00 MB
Current GC threshold: 209.62 MB
CDS: on
 - commit_granule_bytes: 65536.
 - commit_granule_words: 8192.
 - virtual_space_node_default_size: 8388608.
 - enlarge_chunks_in_place: 1.
 - use_allocation_guard: 0.


Internal statistics:

num_allocs_failed_limit: 9.
num_arena_births: 4578.
num_arena_deaths: 2.
num_vsnodes_births: 3.
num_vsnodes_deaths: 0.
num_space_committed: 2013.
num_space_uncommitted: 0.
num_chunks_returned_to_freelist: 11.
num_chunks_taken_from_freelist: 10517.
num_chunk_merges: 9.
num_chunk_splits: 6908.
num_chunks_enlarged: 4427.
num_inconsistent_stats: 0.

CodeHeap 'non-profiled nmethods': size=128192Kb used=9319Kb max_used=9319Kb free=118872Kb
 bounds [0x0000023653e20000, 0x0000023654740000, 0x000002365bb50000]
CodeHeap 'profiled nmethods': size=128192Kb used=25887Kb max_used=26380Kb free=102304Kb
 bounds [0x000002364bb50000, 0x000002364d520000, 0x0000023653880000]
CodeHeap 'non-nmethods': size=5760Kb used=2802Kb max_used=2860Kb free=2957Kb
 bounds [0x0000023653880000, 0x0000023653b50000, 0x0000023653e20000]
CodeCache: size=262144Kb, used=38008Kb, max_used=38559Kb, free=224133Kb
 total_blobs=13742, nmethods=12693, adapters=952, full_count=0
Compilation: enabled, stopped_count=0, restarted_count=0

Compilation events (20 events):
Event: 367.321 Thread 0x0000023660ee48f0 17890       4       org.gradle.internal.logging.progress.DefaultProgressLoggerFactory$ProgressLoggerImpl::completed (61 bytes)
Event: 367.800 Thread 0x0000023660ee48f0 nmethod 17890 0x0000023654736210 code [0x0000023654736500, 0x00000236547377d8]
Event: 372.837 Thread 0x0000023660eeaf30 17902       3       com.google.common.collect.Sets::newLinkedHashSet (31 bytes)
Event: 372.857 Thread 0x0000023660eeaf30 nmethod 17902 0x000002364ccee090 code [0x000002364ccee320, 0x000002364cceec98]
Event: 373.316 Thread 0x0000023660ee48f0 17903       4       com.google.common.collect.TransformedIterator::next (14 bytes)
Event: 373.320 Thread 0x0000023660ee48f0 nmethod 17903 0x0000023654738390 code [0x0000023654738520, 0x0000023654738600]
Event: 374.350 Thread 0x0000023660eeaf30 17904       3       org.gradle.cache.internal.DefaultFileLockManager$DefaultFileLock::getState (9 bytes)
Event: 374.397 Thread 0x0000023660eeaf30 nmethod 17904 0x000002364c69d310 code [0x000002364c69d4e0, 0x000002364c69d768]
Event: 374.397 Thread 0x0000023660eeaf30 17905       1       org.gradle.cache.internal.LockOnDemandCrossProcessCacheAccess::access$300 (5 bytes)
Event: 374.399 Thread 0x0000023660eeaf30 nmethod 17905 0x0000023654738710 code [0x00000236547388a0, 0x0000023654738950]
Event: 374.400 Thread 0x0000023660eeaf30 17906       1       org.gradle.cache.internal.LockOnDemandCrossProcessCacheAccess::access$400 (5 bytes)
Event: 374.402 Thread 0x0000023660eeaf30 nmethod 17906 0x0000023654738a10 code [0x0000023654738ba0, 0x0000023654738c50]
Event: 374.428 Thread 0x0000023660ee48f0 17907       4       com.google.common.base.Objects::equal (23 bytes)
Event: 374.430 Thread 0x0000023660ee48f0 nmethod 17907 0x0000023654738d10 code [0x0000023654738ea0, 0x0000023654738f48]
Event: 374.431 Thread 0x0000023660ee48f0 17908       4       com.google.common.collect.ImmutableMapEntrySet::contains (51 bytes)
Event: 374.474 Thread 0x0000023660ee48f0 nmethod 17908 0x0000023654739010 code [0x0000023654739220, 0x0000023654739838]
Event: 374.937 Thread 0x0000023660eeaf30 17909       3       org.gradle.api.internal.attributes.DefaultAttributesSchema::attribute (19 bytes)
Event: 374.954 Thread 0x0000023660ee48f0 17911       4       java.util.AbstractCollection::toArray (70 bytes)
Event: 374.964 Thread 0x0000023660eeaf30 nmethod 17909 0x000002364bf3e890 code [0x000002364bf3ea60, 0x000002364bf3ecb0]
Event: 374.964 Thread 0x0000023660eeaf30 17910       3       org.gradle.api.internal.attributes.DefaultAttributesSchema::getStrategy (70 bytes)

GC Heap History (20 events):
Event: 224.063 GC heap before
{Heap before GC invocations=48 (full 0):
 garbage-first heap   total 209920K, used 190545K [0x0000000080000000, 0x0000000100000000)
  region size 1024K, 56 young (57344K), 8 survivors (8192K)
 Metaspace       used 108928K, committed 111424K, reserved 557056K
  class space    used 15460K, committed 16704K, reserved 425984K
}
Event: 224.070 GC heap after
{Heap after GC invocations=49 (full 0):
 garbage-first heap   total 209920K, used 144860K [0x0000000080000000, 0x0000000100000000)
  region size 1024K, 2 young (2048K), 2 survivors (2048K)
 Metaspace       used 108928K, committed 111424K, reserved 557056K
  class space    used 15460K, committed 16704K, reserved 425984K
}
Event: 225.756 GC heap before
{Heap before GC invocations=50 (full 0):
 garbage-first heap   total 242688K, used 199132K [0x0000000080000000, 0x0000000100000000)
  region size 1024K, 51 young (52224K), 2 survivors (2048K)
 Metaspace       used 108987K, committed 111552K, reserved 557056K
  class space    used 15463K, committed 16704K, reserved 425984K
}
Event: 225.763 GC heap after
{Heap after GC invocations=51 (full 0):
 garbage-first heap   total 242688K, used 152788K [0x0000000080000000, 0x0000000100000000)
  region size 1024K, 5 young (5120K), 5 survivors (5120K)
 Metaspace       used 108987K, committed 111552K, reserved 557056K
  class space    used 15463K, committed 16704K, reserved 425984K
}
Event: 228.927 GC heap before
{Heap before GC invocations=51 (full 0):
 garbage-first heap   total 242688K, used 228564K [0x0000000080000000, 0x0000000100000000)
  region size 1024K, 73 young (74752K), 5 survivors (5120K)
 Metaspace       used 113013K, committed 115584K, reserved 557056K
  class space    used 15838K, committed 17088K, reserved 425984K
}
Event: 228.941 GC heap after
{Heap after GC invocations=52 (full 0):
 garbage-first heap   total 246784K, used 162191K [0x0000000080000000, 0x0000000100000000)
  region size 1024K, 10 young (10240K), 10 survivors (10240K)
 Metaspace       used 113013K, committed 115584K, reserved 557056K
  class space    used 15838K, committed 17088K, reserved 425984K
}
Event: 230.708 GC heap before
{Heap before GC invocations=52 (full 0):
 garbage-first heap   total 246784K, used 225679K [0x0000000080000000, 0x0000000100000000)
  region size 1024K, 72 young (73728K), 10 survivors (10240K)
 Metaspace       used 116148K, committed 118656K, reserved 557056K
  class space    used 16268K, committed 17472K, reserved 425984K
}
Event: 230.719 GC heap after
{Heap after GC invocations=53 (full 0):
 garbage-first heap   total 246784K, used 168545K [0x0000000080000000, 0x0000000100000000)
  region size 1024K, 6 young (6144K), 6 survivors (6144K)
 Metaspace       used 116148K, committed 118656K, reserved 557056K
  class space    used 16268K, committed 17472K, reserved 425984K
}
Event: 233.186 GC heap before
{Heap before GC invocations=54 (full 0):
 garbage-first heap   total 280576K, used 227937K [0x0000000080000000, 0x0000000100000000)
  region size 1024K, 65 young (66560K), 6 survivors (6144K)
 Metaspace       used 119946K, committed 122432K, reserved 557056K
  class space    used 16784K, committed 17984K, reserved 425984K
}
Event: 233.195 GC heap after
{Heap after GC invocations=55 (full 0):
 garbage-first heap   total 280576K, used 172032K [0x0000000080000000, 0x0000000100000000)
  region size 1024K, 5 young (5120K), 5 survivors (5120K)
 Metaspace       used 119946K, committed 122432K, reserved 557056K
  class space    used 16784K, committed 17984K, reserved 425984K
}
Event: 241.002 GC heap before
{Heap before GC invocations=55 (full 0):
 garbage-first heap   total 280576K, used 248832K [0x0000000080000000, 0x0000000100000000)
  region size 1024K, 81 young (82944K), 5 survivors (5120K)
 Metaspace       used 124288K, committed 126784K, reserved 557056K
  class space    used 17238K, committed 18432K, reserved 425984K
}
Event: 241.031 GC heap after
{Heap after GC invocations=56 (full 0):
 garbage-first heap   total 280576K, used 181214K [0x0000000080000000, 0x0000000100000000)
  region size 1024K, 11 young (11264K), 11 survivors (11264K)
 Metaspace       used 124288K, committed 126784K, reserved 557056K
  class space    used 17238K, committed 18432K, reserved 425984K
}
Event: 336.534 GC heap before
{Heap before GC invocations=56 (full 0):
 garbage-first heap   total 280576K, used 252894K [0x0000000080000000, 0x0000000100000000)
  region size 1024K, 82 young (83968K), 11 survivors (11264K)
 Metaspace       used 126265K, committed 128768K, reserved 557056K
  class space    used 17400K, committed 18624K, reserved 425984K
}
Event: 338.542 GC heap after
{Heap after GC invocations=57 (full 0):
 garbage-first heap   total 280576K, used 186698K [0x0000000080000000, 0x0000000100000000)
  region size 1024K, 5 young (5120K), 5 survivors (5120K)
 Metaspace       used 126265K, committed 128768K, reserved 557056K
  class space    used 17400K, committed 18624K, reserved 425984K
}
Event: 362.976 GC heap before
{Heap before GC invocations=58 (full 0):
 garbage-first heap   total 312320K, used 195914K [0x0000000080000000, 0x0000000100000000)
  region size 1024K, 15 young (15360K), 5 survivors (5120K)
 Metaspace       used 126300K, committed 128832K, reserved 557056K
  class space    used 17400K, committed 18624K, reserved 425984K
}
Event: 363.022 GC heap after
{Heap after GC invocations=59 (full 0):
 garbage-first heap   total 312320K, used 188058K [0x0000000080000000, 0x0000000100000000)
  region size 1024K, 2 young (2048K), 2 survivors (2048K)
 Metaspace       used 126300K, committed 128832K, reserved 557056K
  class space    used 17400K, committed 18624K, reserved 425984K
}
Event: 366.068 GC heap before
{Heap before GC invocations=59 (full 0):
 garbage-first heap   total 312320K, used 201370K [0x0000000080000000, 0x0000000100000000)
  region size 1024K, 15 young (15360K), 2 survivors (2048K)
 Metaspace       used 126360K, committed 128896K, reserved 557056K
  class space    used 17400K, committed 18624K, reserved 425984K
}
Event: 366.117 GC heap after
{Heap after GC invocations=60 (full 0):
 garbage-first heap   total 312320K, used 189248K [0x0000000080000000, 0x0000000100000000)
  region size 1024K, 2 young (2048K), 2 survivors (2048K)
 Metaspace       used 126360K, committed 128896K, reserved 557056K
  class space    used 17400K, committed 18624K, reserved 425984K
}
Event: 366.702 GC heap before
{Heap before GC invocations=60 (full 0):
 garbage-first heap   total 312320K, used 201536K [0x0000000080000000, 0x0000000100000000)
  region size 1024K, 15 young (15360K), 2 survivors (2048K)
 Metaspace       used 126390K, committed 128960K, reserved 557056K
  class space    used 17401K, committed 18624K, reserved 425984K
}
Event: 366.763 GC heap after
{Heap after GC invocations=61 (full 0):
 garbage-first heap   total 312320K, used 191093K [0x0000000080000000, 0x0000000100000000)
  region size 1024K, 2 young (2048K), 2 survivors (2048K)
 Metaspace       used 126390K, committed 128960K, reserved 557056K
  class space    used 17401K, committed 18624K, reserved 425984K
}

Dll operation events (20 events):
Event: 0.505 Attempting to load shared library C:\Users\user5\.vscode\extensions\redhat.java-1.56.0-win32-x64\jre\21.0.12.1-win32-x86_64\bin\zip.dll
Event: 0.505 Loaded shared library C:\Users\user5\.vscode\extensions\redhat.java-1.56.0-win32-x64\jre\21.0.12.1-win32-x86_64\bin\zip.dll
Event: 1.148 Attempting to load shared library C:\Users\user5\.vscode\extensions\redhat.java-1.56.0-win32-x64\jre\21.0.12.1-win32-x86_64\bin\jimage.dll
Event: 1.148 Loaded shared library C:\Users\user5\.vscode\extensions\redhat.java-1.56.0-win32-x64\jre\21.0.12.1-win32-x86_64\bin\jimage.dll
Event: 2.224 Attempting to load shared library C:\Users\user5\.vscode\extensions\redhat.java-1.56.0-win32-x64\jre\21.0.12.1-win32-x86_64\bin\verify.dll
Event: 2.225 Loaded shared library C:\Users\user5\.vscode\extensions\redhat.java-1.56.0-win32-x64\jre\21.0.12.1-win32-x86_64\bin\verify.dll
Event: 3.391 Attempting to load shared library D:\gradle_cache\native\1def1411415f61bf3af743bc5b6707747c0891f09f0c88961ee8f79bc544acac\windows-amd64\native-platform.dll
Event: 3.398 Loaded shared library D:\gradle_cache\native\1def1411415f61bf3af743bc5b6707747c0891f09f0c88961ee8f79bc544acac\windows-amd64\native-platform.dll
Event: 3.411 Attempting to load shared library D:\gradle_cache\native\0.2.5\x86_64-windows-gnu\gradle-fileevents.dll
Event: 3.412 Loaded shared library D:\gradle_cache\native\0.2.5\x86_64-windows-gnu\gradle-fileevents.dll
Event: 11.361 Attempting to load shared library C:\Users\user5\.vscode\extensions\redhat.java-1.56.0-win32-x64\jre\21.0.12.1-win32-x86_64\bin\management.dll
Event: 11.365 Loaded shared library C:\Users\user5\.vscode\extensions\redhat.java-1.56.0-win32-x64\jre\21.0.12.1-win32-x86_64\bin\management.dll
Event: 11.374 Attempting to load shared library C:\Users\user5\.vscode\extensions\redhat.java-1.56.0-win32-x64\jre\21.0.12.1-win32-x86_64\bin\management_ext.dll
Event: 11.377 Loaded shared library C:\Users\user5\.vscode\extensions\redhat.java-1.56.0-win32-x64\jre\21.0.12.1-win32-x86_64\bin\management_ext.dll
Event: 12.220 Attempting to load shared library C:\Users\user5\.vscode\extensions\redhat.java-1.56.0-win32-x64\jre\21.0.12.1-win32-x86_64\bin\extnet.dll
Event: 12.221 Loaded shared library C:\Users\user5\.vscode\extensions\redhat.java-1.56.0-win32-x64\jre\21.0.12.1-win32-x86_64\bin\extnet.dll
Event: 12.868 Attempting to load shared library C:\Users\user5\.vscode\extensions\redhat.java-1.56.0-win32-x64\jre\21.0.12.1-win32-x86_64\bin\sunmscapi.dll
Event: 12.889 Loaded shared library C:\Users\user5\.vscode\extensions\redhat.java-1.56.0-win32-x64\jre\21.0.12.1-win32-x86_64\bin\sunmscapi.dll
Event: 24.710 Attempting to load shared library D:\temp\native-platform6210529445212868860dir\gradle-fileevents.dll
Event: 24.946 Loaded shared library D:\temp\native-platform6210529445212868860dir\gradle-fileevents.dll

Deoptimization events (20 events):
Event: 366.497 Thread 0x0000023661896970 Uncommon trap: trap_request=0xffffffc6 fr.pc=0x00000236546d1a84 relative=0x0000000000000de4
Event: 366.501 Thread 0x0000023661896970 Uncommon trap: reason=bimorphic_or_optimized_type_check action=maybe_recompile pc=0x00000236546d1a84 method=org.gradle.internal.snapshot.DirectorySnapshot.accept(Lorg/gradle/internal/snapshot/FileSystemSnapshotHierarchyVisitor;)Lorg/gradle/internal/snapsh
Event: 366.501 Thread 0x0000023661896970 DEOPT PACKING pc=0x00000236546d1a84 sp=0x000000f9ac9f55f0
Event: 366.502 Thread 0x0000023661896970 DEOPT UNPACKING pc=0x00000236538d4422 sp=0x000000f9ac9f54f0 mode 2
Event: 366.504 Thread 0x0000023661896970 Uncommon trap: trap_request=0xffffffc6 fr.pc=0x00000236546d1a84 relative=0x0000000000000de4
Event: 366.504 Thread 0x0000023661896970 Uncommon trap: reason=bimorphic_or_optimized_type_check action=maybe_recompile pc=0x00000236546d1a84 method=org.gradle.internal.snapshot.DirectorySnapshot.accept(Lorg/gradle/internal/snapshot/FileSystemSnapshotHierarchyVisitor;)Lorg/gradle/internal/snapsh
Event: 366.504 Thread 0x0000023661896970 DEOPT PACKING pc=0x00000236546d1a84 sp=0x000000f9ac9f53b0
Event: 366.504 Thread 0x0000023661896970 DEOPT UNPACKING pc=0x00000236538d4422 sp=0x000000f9ac9f52b0 mode 2
Event: 366.504 Thread 0x0000023661896970 Uncommon trap: trap_request=0xffffffc6 fr.pc=0x00000236546d1a84 relative=0x0000000000000de4
Event: 366.504 Thread 0x0000023661896970 Uncommon trap: reason=bimorphic_or_optimized_type_check action=maybe_recompile pc=0x00000236546d1a84 method=org.gradle.internal.snapshot.DirectorySnapshot.accept(Lorg/gradle/internal/snapshot/FileSystemSnapshotHierarchyVisitor;)Lorg/gradle/internal/snapsh
Event: 366.504 Thread 0x0000023661896970 DEOPT PACKING pc=0x00000236546d1a84 sp=0x000000f9ac9f5170
Event: 366.504 Thread 0x0000023661896970 DEOPT UNPACKING pc=0x00000236538d4422 sp=0x000000f9ac9f5070 mode 2
Event: 366.513 Thread 0x0000023661896970 Uncommon trap: trap_request=0xffffffc6 fr.pc=0x00000236546d1a84 relative=0x0000000000000de4
Event: 366.513 Thread 0x0000023661896970 Uncommon trap: reason=bimorphic_or_optimized_type_check action=maybe_recompile pc=0x00000236546d1a84 method=org.gradle.internal.snapshot.DirectorySnapshot.accept(Lorg/gradle/internal/snapshot/FileSystemSnapshotHierarchyVisitor;)Lorg/gradle/internal/snapsh
Event: 366.513 Thread 0x0000023661896970 DEOPT PACKING pc=0x00000236546d1a84 sp=0x000000f9ac9f4f20
Event: 366.513 Thread 0x0000023661896970 DEOPT UNPACKING pc=0x00000236538d4422 sp=0x000000f9ac9f4e20 mode 2
Event: 366.513 Thread 0x0000023661896970 Uncommon trap: trap_request=0xffffffc6 fr.pc=0x00000236546d3f44 relative=0x0000000000000da4
Event: 366.513 Thread 0x0000023661896970 Uncommon trap: reason=bimorphic_or_optimized_type_check action=maybe_recompile pc=0x00000236546d3f44 method=org.gradle.internal.snapshot.DirectorySnapshot.accept(Lorg/gradle/internal/snapshot/FileSystemSnapshotHierarchyVisitor;)Lorg/gradle/internal/snapsh
Event: 366.513 Thread 0x0000023661896970 DEOPT PACKING pc=0x00000236546d3f44 sp=0x000000f9ac9f4ea0
Event: 366.513 Thread 0x0000023661896970 DEOPT UNPACKING pc=0x00000236538d4422 sp=0x000000f9ac9f4e18 mode 2

Classes loaded (20 events):
Event: 239.243 Loading class java/util/concurrent/ConcurrentHashMap$EntrySpliterator
Event: 239.250 Loading class java/util/concurrent/ConcurrentHashMap$EntrySpliterator done
Event: 239.292 Loading class java/nio/file/StandardCopyOption
Event: 239.296 Loading class java/nio/file/StandardCopyOption done
Event: 239.297 Loading class sun/nio/fs/WindowsFileCopy
Event: 239.299 Loading class sun/nio/fs/WindowsFileCopy done
Event: 239.890 Loading class java/lang/Throwable$PrintStreamOrWriter
Event: 239.892 Loading class java/lang/Throwable$PrintStreamOrWriter done
Event: 239.919 Loading class java/lang/Short$ShortCache
Event: 239.922 Loading class java/lang/Short$ShortCache done
Event: 239.941 Loading class java/util/Collections$EmptyListIterator
Event: 239.943 Loading class java/util/Collections$EmptyListIterator done
Event: 240.031 Loading class java/time/Instant$1
Event: 240.048 Loading class java/time/Instant$1 done
Event: 240.805 Loading class java/net/UrlDeserializedState
Event: 240.819 Loading class java/net/UrlDeserializedState done
Event: 240.872 Loading class java/util/concurrent/CompletableFuture$AsyncRun
Event: 240.928 Loading class java/util/concurrent/CompletableFuture$AsyncRun done
Event: 243.681 Loading class jdk/internal/math/FormattedFPDecimal
Event: 243.685 Loading class jdk/internal/math/FormattedFPDecimal done

Classes unloaded (1 events):
Event: 99.908 Thread 0x0000023660eb7a90 Unloading class 0x00000236637bc400 'java/lang/invoke/LambdaForm$DMH+0x00000236637bc400'

Classes redefined (0 events):
No events

Internal exceptions (20 events):
Event: 241.053 Thread 0x000002360b8684c0 Exception <a 'sun/nio/fs/WindowsException'{0x00000000fff04c68}> (0x00000000fff04c68) 
thrown [s\src\hotspot\share\prims\jni.cpp, line 520]
Event: 243.845 Thread 0x0000023661896970 Exception <a 'sun/nio/fs/WindowsException'{0x000000008f261430}> (0x000000008f261430) 
thrown [s\src\hotspot\share\prims\jni.cpp, line 520]
Event: 243.846 Thread 0x0000023661896970 Exception <a 'sun/nio/fs/WindowsException'{0x000000008f2628a0}> (0x000000008f2628a0) 
thrown [s\src\hotspot\share\prims\jni.cpp, line 520]
Event: 243.846 Thread 0x0000023661896970 Exception <a 'sun/nio/fs/WindowsException'{0x000000008f263d00}> (0x000000008f263d00) 
thrown [s\src\hotspot\share\prims\jni.cpp, line 520]
Event: 243.846 Thread 0x0000023661896970 Exception <a 'sun/nio/fs/WindowsException'{0x000000008f264d70}> (0x000000008f264d70) 
thrown [s\src\hotspot\share\prims\jni.cpp, line 520]
Event: 244.068 Thread 0x0000023661896970 Exception <a 'sun/nio/fs/WindowsException'{0x000000008f1a3e90}> (0x000000008f1a3e90) 
thrown [s\src\hotspot\share\prims\jni.cpp, line 520]
Event: 244.068 Thread 0x0000023661896970 Exception <a 'sun/nio/fs/WindowsException'{0x000000008f1a5b10}> (0x000000008f1a5b10) 
thrown [s\src\hotspot\share\prims\jni.cpp, line 520]
Event: 244.069 Thread 0x0000023661896970 Exception <a 'sun/nio/fs/WindowsException'{0x000000008f1a7780}> (0x000000008f1a7780) 
thrown [s\src\hotspot\share\prims\jni.cpp, line 520]
Event: 244.069 Thread 0x0000023661896970 Exception <a 'sun/nio/fs/WindowsException'{0x000000008f1a9000}> (0x000000008f1a9000) 
thrown [s\src\hotspot\share\prims\jni.cpp, line 520]
Event: 246.106 Thread 0x0000023661896970 Implicit null exception at 0x000002365470c7ec to 0x000002365470c8b8
Event: 246.961 Thread 0x0000023661896970 Implicit null exception at 0x00000236542d4f0c to 0x00000236542d7744
Event: 246.962 Thread 0x0000023661896970 Implicit null exception at 0x0000023654276ca8 to 0x0000023654276e90
Event: 357.368 Thread 0x0000023661896970 Implicit null exception at 0x000002365409d828 to 0x000002365409dc98
Event: 365.003 Thread 0x000002367ef0be70 Exception <a 'sun/nio/fs/WindowsException'{0x00000000ffbe75c0}> (0x00000000ffbe75c0) 
thrown [s\src\hotspot\share\prims\jni.cpp, line 520]
Event: 365.011 Thread 0x000002367ef0be70 Exception <a 'sun/nio/fs/WindowsException'{0x00000000ffbe9650}> (0x00000000ffbe9650) 
thrown [s\src\hotspot\share\prims\jni.cpp, line 520]
Event: 365.012 Thread 0x000002367ef0be70 Exception <a 'sun/nio/fs/WindowsException'{0x00000000ffbfc228}> (0x00000000ffbfc228) 
thrown [s\src\hotspot\share\prims\jni.cpp, line 520]
Event: 365.014 Thread 0x000002367ef0be70 Exception <a 'sun/nio/fs/WindowsException'{0x00000000ffbfdd90}> (0x00000000ffbfdd90) 
thrown [s\src\hotspot\share\prims\jni.cpp, line 520]
Event: 365.021 Thread 0x000002367ef0be70 Exception <a 'sun/nio/fs/WindowsException'{0x00000000ff9173d8}> (0x00000000ff9173d8) 
thrown [s\src\hotspot\share\prims\jni.cpp, line 520]
Event: 365.022 Thread 0x000002367ef0be70 Exception <a 'sun/nio/fs/WindowsException'{0x00000000ff9191b0}> (0x00000000ff9191b0) 
thrown [s\src\hotspot\share\prims\jni.cpp, line 520]
Event: 365.025 Thread 0x000002367ef0be70 Exception <a 'sun/nio/fs/WindowsException'{0x00000000ff91ac60}> (0x00000000ff91ac60) 
thrown [s\src\hotspot\share\prims\jni.cpp, line 520]

ZGC Phase Switch (0 events):
No events

VM Operations (20 events):
Event: 360.011 Executing safepoint VM operation: Cleanup
Event: 360.012 Executing safepoint VM operation: Cleanup done
Event: 361.013 Executing safepoint VM operation: Cleanup
Event: 361.014 Executing safepoint VM operation: Cleanup done
Event: 362.962 Executing safepoint VM operation: G1CollectForAllocation (G1 Evacuation Pause)
Event: 363.022 Executing safepoint VM operation: G1CollectForAllocation (G1 Evacuation Pause) done
Event: 364.034 Executing safepoint VM operation: Cleanup
Event: 364.034 Executing safepoint VM operation: Cleanup done
Event: 365.048 Executing safepoint VM operation: Cleanup
Event: 365.048 Executing safepoint VM operation: Cleanup done
Event: 366.061 Executing safepoint VM operation: Cleanup
Event: 366.061 Executing safepoint VM operation: Cleanup done
Event: 366.068 Executing safepoint VM operation: G1CollectForAllocation (G1 Evacuation Pause)
Event: 366.117 Executing safepoint VM operation: G1CollectForAllocation (G1 Evacuation Pause) done
Event: 366.691 Executing safepoint VM operation: G1CollectForAllocation (G1 Evacuation Pause)
Event: 366.763 Executing safepoint VM operation: G1CollectForAllocation (G1 Evacuation Pause) done
Event: 367.779 Executing safepoint VM operation: Cleanup
Event: 367.779 Executing safepoint VM operation: Cleanup done
Event: 374.845 Executing safepoint VM operation: Cleanup
Event: 374.847 Executing safepoint VM operation: Cleanup done

Memory protections (0 events):
No events

Nmethod flushes (20 events):
Event: 342.602 Thread 0x0000023660eb7a90 flushing  nmethod 0x000002364c98ae90
Event: 342.603 Thread 0x0000023660eb7a90 flushing  nmethod 0x000002364c98c410
Event: 342.603 Thread 0x0000023660eb7a90 flushing  nmethod 0x000002364c9dbb90
Event: 342.604 Thread 0x0000023660eb7a90 flushing  nmethod 0x000002364c9de310
Event: 342.604 Thread 0x0000023660eb7a90 flushing  nmethod 0x000002364ca25b10
Event: 342.604 Thread 0x0000023660eb7a90 flushing  nmethod 0x000002364ca26f90
Event: 342.604 Thread 0x0000023660eb7a90 flushing  nmethod 0x000002364ca71c10
Event: 342.604 Thread 0x0000023660eb7a90 flushing  nmethod 0x000002364ca79710
Event: 342.604 Thread 0x0000023660eb7a90 flushing  nmethod 0x000002364cb2a410
Event: 342.604 Thread 0x0000023660eb7a90 flushing  nmethod 0x000002364cb2ab10
Event: 342.604 Thread 0x0000023660eb7a90 flushing  nmethod 0x000002364cb30e90
Event: 342.604 Thread 0x0000023660eb7a90 flushing  nmethod 0x000002364cb31290
Event: 342.604 Thread 0x0000023660eb7a90 flushing  nmethod 0x000002364cb5df10
Event: 342.604 Thread 0x0000023660eb7a90 flushing  nmethod 0x000002364cb5e310
Event: 342.604 Thread 0x0000023660eb7a90 flushing  nmethod 0x000002364cb5e690
Event: 342.604 Thread 0x0000023660eb7a90 flushing  nmethod 0x000002364cb5f890
Event: 342.604 Thread 0x0000023660eb7a90 flushing  nmethod 0x000002364cb5fd90
Event: 342.604 Thread 0x0000023660eb7a90 flushing  nmethod 0x000002364cb60310
Event: 342.604 Thread 0x0000023660eb7a90 flushing  nmethod 0x000002364cbd5490
Event: 342.604 Thread 0x0000023660eb7a90 flushing  nmethod 0x000002364cbd6f90

Events (20 events):
Event: 366.179 Thread 0x0000023661896970 Thread added: 0x0000023606ab8e10
Event: 366.180 Thread 0x0000023661896970 Thread added: 0x0000023606ac0ac0
Event: 366.181 Thread 0x0000023661896970 Thread added: 0x0000023606abfda0
Event: 366.182 Thread 0x0000023661896970 Thread added: 0x0000023606abd640
Event: 366.182 Thread 0x0000023661896970 Thread added: 0x0000023606abf080
Event: 366.183 Thread 0x0000023661896970 Thread added: 0x0000023606abf710
Event: 366.184 Thread 0x0000023661896970 Thread added: 0x0000023606ac1150
Event: 366.184 Thread 0x0000023661896970 Thread added: 0x0000023606abdcd0
Event: 366.186 Thread 0x0000023661896970 Thread added: 0x0000023604feaec0
Event: 366.588 Thread 0x0000023661896970 Thread added: 0x0000023604fe80d0
Event: 366.598 Thread 0x0000023661896970 Thread added: 0x0000023604fe8760
Event: 366.606 Thread 0x0000023661896970 Thread added: 0x0000023604fea1a0
Event: 366.608 Thread 0x0000023661896970 Thread added: 0x0000023604fe9480
Event: 366.614 Thread 0x0000023661896970 Thread added: 0x0000023604feb550
Event: 366.618 Thread 0x0000023661896970 Thread added: 0x0000023604fe9b10
Event: 366.619 Thread 0x0000023661896970 Thread added: 0x0000023604fed620
Event: 366.621 Thread 0x0000023661896970 Thread added: 0x0000023604febbe0
Event: 366.621 Thread 0x0000023661896970 Thread added: 0x0000023604fedcb0
Event: 366.627 Thread 0x0000023661896970 Thread added: 0x0000023604fec270
Event: 366.632 Thread 0x0000023661896970 Thread added: 0x0000023604fea830


Dynamic libraries:
0x00007ff7a95b0000 - 0x00007ff7a95be000 	C:\Users\user5\.vscode\extensions\redhat.java-1.56.0-win32-x64\jre\21.0.12.1-win32-x86_64\bin\java.exe
0x00007ff8236e0000 - 0x00007ff823947000 	C:\WINDOWS\SYSTEM32\ntdll.dll
0x00007ff822840000 - 0x00007ff82290b000 	C:\WINDOWS\System32\KERNEL32.DLL
0x00007ff820b10000 - 0x00007ff820f12000 	C:\WINDOWS\System32\KERNELBASE.dll
0x00007ff8212a0000 - 0x00007ff8213ec000 	C:\WINDOWS\System32\ucrtbase.dll
0x00007ff810520000 - 0x00007ff810538000 	C:\Users\user5\.vscode\extensions\redhat.java-1.56.0-win32-x64\jre\21.0.12.1-win32-x86_64\bin\jli.dll
0x00007ff822450000 - 0x00007ff82261f000 	C:\WINDOWS\System32\USER32.dll
0x00007ff820f20000 - 0x00007ff820f47000 	C:\WINDOWS\System32\win32u.dll
0x00007ff822760000 - 0x00007ff82278b000 	C:\WINDOWS\System32\GDI32.dll
0x00007ff820f50000 - 0x00007ff821079000 	C:\WINDOWS\System32\gdi32full.dll
0x00007ff820a60000 - 0x00007ff820b03000 	C:\WINDOWS\System32\msvcp_win.dll
0x00007ff813580000 - 0x00007ff81359e000 	C:\Users\user5\.vscode\extensions\redhat.java-1.56.0-win32-x64\jre\21.0.12.1-win32-x86_64\bin\VCRUNTIME140.dll
0x00007ff800850000 - 0x00007ff800ae0000 	C:\WINDOWS\WinSxS\amd64_microsoft.windows.common-controls_6595b64144ccf1df_6.0.26100.9278_none_3e0d1ba8e3303201\COMCTL32.dll
0x00007ff822910000 - 0x00007ff8229b9000 	C:\WINDOWS\System32\msvcrt.dll
0x00007ff821400000 - 0x00007ff821431000 	C:\WINDOWS\System32\IMM32.DLL
0x00007ff818840000 - 0x00007ff81884c000 	C:\Users\user5\.vscode\extensions\redhat.java-1.56.0-win32-x64\jre\21.0.12.1-win32-x86_64\bin\vcruntime140_1.dll
0x00007fffefad0000 - 0x00007fffefb5d000 	C:\Users\user5\.vscode\extensions\redhat.java-1.56.0-win32-x64\jre\21.0.12.1-win32-x86_64\bin\msvcp140.dll
0x00007fff950e0000 - 0x00007fff95e82000 	C:\Users\user5\.vscode\extensions\redhat.java-1.56.0-win32-x64\jre\21.0.12.1-win32-x86_64\bin\server\jvm.dll
0x00007ff822680000 - 0x00007ff82273c000 	C:\WINDOWS\System32\ADVAPI32.dll
0x00007ff8234d0000 - 0x00007ff823579000 	C:\WINDOWS\System32\sechost.dll
0x00007ff823580000 - 0x00007ff823698000 	C:\WINDOWS\System32\RPCRT4.dll
0x00007ff8227b0000 - 0x00007ff822830000 	C:\WINDOWS\System32\WS2_32.dll
0x00007ff8142c0000 - 0x00007ff8142cb000 	C:\WINDOWS\SYSTEM32\VERSION.dll
0x00007ff80c220000 - 0x00007ff80c256000 	C:\WINDOWS\SYSTEM32\WINMM.dll
0x00007ff81ffb0000 - 0x00007ff82000e000 	C:\WINDOWS\SYSTEM32\POWRPROF.dll
0x00007ff81ff70000 - 0x00007ff81ff85000 	C:\WINDOWS\SYSTEM32\UMPDC.dll
0x00007ff81f5b0000 - 0x00007ff81f5cb000 	C:\WINDOWS\SYSTEM32\kernel.appcore.dll
0x00007ff816440000 - 0x00007ff81644a000 	C:\Users\user5\.vscode\extensions\redhat.java-1.56.0-win32-x64\jre\21.0.12.1-win32-x86_64\bin\jimage.dll
0x00007ff81de40000 - 0x00007ff81e08c000 	C:\WINDOWS\SYSTEM32\DBGHELP.DLL
0x00007ff8215c0000 - 0x00007ff821945000 	C:\WINDOWS\System32\combase.dll
0x00007ff821950000 - 0x00007ff821a29000 	C:\WINDOWS\System32\OLEAUT32.dll
0x00007ffff9420000 - 0x00007ffff945b000 	C:\WINDOWS\SYSTEM32\dbgcore.DLL
0x00007ff8208e0000 - 0x00007ff82098c000 	C:\WINDOWS\System32\bcryptPrimitives.dll
0x00007ff804240000 - 0x00007ff80424f000 	C:\Users\user5\.vscode\extensions\redhat.java-1.56.0-win32-x64\jre\21.0.12.1-win32-x86_64\bin\instrument.dll
0x00007ff801b30000 - 0x00007ff801b50000 	C:\Users\user5\.vscode\extensions\redhat.java-1.56.0-win32-x64\jre\21.0.12.1-win32-x86_64\bin\java.dll
0x00007ff822d30000 - 0x00007ff8234c8000 	C:\WINDOWS\System32\SHELL32.dll
0x00007ff81e340000 - 0x00007ff81ebee000 	C:\WINDOWS\SYSTEM32\windows.storage.dll
0x00007ff822b30000 - 0x00007ff822c2b000 	C:\WINDOWS\System32\SHCORE.dll
0x00007ff822ac0000 - 0x00007ff822b26000 	C:\WINDOWS\System32\shlwapi.dll
0x00007ff820800000 - 0x00007ff820829000 	C:\WINDOWS\SYSTEM32\profapi.dll
0x00007ffffca20000 - 0x00007ffffca38000 	C:\Users\user5\.vscode\extensions\redhat.java-1.56.0-win32-x64\jre\21.0.12.1-win32-x86_64\bin\zip.dll
0x00007ff8047d0000 - 0x00007ff8047e0000 	C:\Users\user5\.vscode\extensions\redhat.java-1.56.0-win32-x64\jre\21.0.12.1-win32-x86_64\bin\net.dll
0x00007ff816de0000 - 0x00007ff816f0a000 	C:\WINDOWS\SYSTEM32\WINHTTP.dll
0x00007ff81fbe0000 - 0x00007ff81fc4c000 	C:\WINDOWS\system32\mswsock.dll
0x00007ffffc410000 - 0x00007ffffc426000 	C:\Users\user5\.vscode\extensions\redhat.java-1.56.0-win32-x64\jre\21.0.12.1-win32-x86_64\bin\nio.dll
0x00007ff8039a0000 - 0x00007ff8039b0000 	C:\Users\user5\.vscode\extensions\redhat.java-1.56.0-win32-x64\jre\21.0.12.1-win32-x86_64\bin\verify.dll
0x00007ffffbfd0000 - 0x00007ffffbff7000 	D:\gradle_cache\native\1def1411415f61bf3af743bc5b6707747c0891f09f0c88961ee8f79bc544acac\windows-amd64\native-platform.dll
0x000000006bd40000 - 0x000000006bdb3000 	D:\gradle_cache\native\0.2.5\x86_64-windows-gnu\gradle-fileevents.dll
0x00007ff8163f0000 - 0x00007ff8163fa000 	C:\Users\user5\.vscode\extensions\redhat.java-1.56.0-win32-x64\jre\21.0.12.1-win32-x86_64\bin\management.dll
0x00007ff8163e0000 - 0x00007ff8163ec000 	C:\Users\user5\.vscode\extensions\redhat.java-1.56.0-win32-x64\jre\21.0.12.1-win32-x86_64\bin\management_ext.dll
0x00007ff822440000 - 0x00007ff822448000 	C:\WINDOWS\System32\PSAPI.DLL
0x00007ff81fef0000 - 0x00007ff81ff0b000 	C:\WINDOWS\SYSTEM32\CRYPTSP.dll
0x00007ff81f510000 - 0x00007ff81f549000 	C:\WINDOWS\system32\rsaenh.dll
0x00007ff81fc90000 - 0x00007ff81fcc4000 	C:\WINDOWS\SYSTEM32\USERENV.dll
0x00007ff8207d0000 - 0x00007ff8207fa000 	C:\WINDOWS\SYSTEM32\bcrypt.dll
0x00007ff81ff10000 - 0x00007ff81ff1c000 	C:\WINDOWS\SYSTEM32\CRYPTBASE.dll
0x00007ff81efb0000 - 0x00007ff81efe3000 	C:\WINDOWS\SYSTEM32\IPHLPAPI.DLL
0x00007ff822750000 - 0x00007ff82275a000 	C:\WINDOWS\System32\NSI.dll
0x00007ffffce70000 - 0x00007ffffce79000 	C:\Users\user5\.vscode\extensions\redhat.java-1.56.0-win32-x64\jre\21.0.12.1-win32-x86_64\bin\extnet.dll
0x00007ffffa2f0000 - 0x00007ffffa2fe000 	C:\Users\user5\.vscode\extensions\redhat.java-1.56.0-win32-x64\jre\21.0.12.1-win32-x86_64\bin\sunmscapi.dll
0x00007ff821080000 - 0x00007ff8211fe000 	C:\WINDOWS\System32\CRYPT32.dll
0x00007ff8201c0000 - 0x00007ff8201f0000 	C:\WINDOWS\SYSTEM32\ncrypt.dll
0x00007ff820170000 - 0x00007ff8201af000 	C:\WINDOWS\SYSTEM32\NTASN1.dll
0x00007ff813c90000 - 0x00007ff813c98000 	C:\WINDOWS\system32\wshunix.dll
0x000000006b8c0000 - 0x000000006b933000 	D:\temp\native-platform6210529445212868860dir\gradle-fileevents.dll

JVMTI agents:
D:\gradle_cache\wrapper\dists\gradle-8.12-all\ejduaidbjup3bmmkhw3rie4zb\gradle-8.12\lib\agents\gradle-instrumentation-agent-8.12.jar path:C:\Users\user5\.vscode\extensions\redhat.java-1.56.0-win32-x64\jre\21.0.12.1-win32-x86_64\bin\instrument.dll, loaded, initialized, instrumentlib options:none

dbghelp: loaded successfully - version: 4.0.5 - missing functions: none
symbol engine: initialized successfully - sym options: 0x614 - pdb path: .;C:\Users\user5\.vscode\extensions\redhat.java-1.56.0-win32-x64\jre\21.0.12.1-win32-x86_64\bin;C:\WINDOWS\SYSTEM32;C:\WINDOWS\WinSxS\amd64_microsoft.windows.common-controls_6595b64144ccf1df_6.0.26100.9278_none_3e0d1ba8e3303201;C:\Users\user5\.vscode\extensions\redhat.java-1.56.0-win32-x64\jre\21.0.12.1-win32-x86_64\bin\server;D:\gradle_cache\native\1def1411415f61bf3af743bc5b6707747c0891f09f0c88961ee8f79bc544acac\windows-amd64;D:\gradle_cache\native\0.2.5\x86_64-windows-gnu;D:\temp\native-platform6210529445212868860dir

VM Arguments:
jvm_args: --add-opens=java.base/java.lang=ALL-UNNAMED --add-opens=java.base/java.lang.invoke=ALL-UNNAMED --add-opens=java.base/java.util=ALL-UNNAMED --add-opens=java.prefs/java.util.prefs=ALL-UNNAMED --add-exports=jdk.compiler/com.sun.tools.javac.api=ALL-UNNAMED --add-exports=jdk.compiler/com.sun.tools.javac.util=ALL-UNNAMED --add-opens=java.base/java.util=ALL-UNNAMED --add-opens=java.prefs/java.util.prefs=ALL-UNNAMED --add-opens=java.base/java.nio.charset=ALL-UNNAMED --add-opens=java.base/java.net=ALL-UNNAMED --add-opens=java.base/java.util.concurrent.atomic=ALL-UNNAMED --add-opens=java.xml/javax.xml.namespace=ALL-UNNAMED -XX:MaxMetaspaceSize=512m -XX:ReservedCodeCacheSize=256m -XX:+HeapDumpOnOutOfMemoryError -Xmx2G -Dfile.encoding=UTF-8 -Duser.country=IN -Duser.language=en -Duser.variant -javaagent:D:\gradle_cache\wrapper\dists\gradle-8.12-all\ejduaidbjup3bmmkhw3rie4zb\gradle-8.12\lib\agents\gradle-instrumentation-agent-8.12.jar 
java_command: org.gradle.launcher.daemon.bootstrap.GradleDaemon 8.12
java_class_path (initial): D:\gradle_cache\wrapper\dists\gradle-8.12-all\ejduaidbjup3bmmkhw3rie4zb\gradle-8.12\lib\gradle-daemon-main-8.12.jar
Launcher Type: SUN_STANDARD

[Global flags]
     intx CICompilerCount                          = 4                                         {product} {ergonomic}
   size_t CompressedClassSpaceSize                 = 436207616                                 {product} {ergonomic}
     uint ConcGCThreads                            = 3                                         {product} {ergonomic}
     uint G1ConcRefinementThreads                  = 10                                        {product} {ergonomic}
   size_t G1HeapRegionSize                         = 1048576                                   {product} {ergonomic}
    uintx GCDrainStackTargetSize                   = 64                                        {product} {ergonomic}
     bool HeapDumpOnOutOfMemoryError               = true                                   {manageable} {command line}
   size_t InitialHeapSize                          = 130023424                                 {product} {ergonomic}
   size_t MarkStackSize                            = 4194304                                   {product} {ergonomic}
   size_t MaxHeapSize                              = 2147483648                                {product} {command line}
   size_t MaxMetaspaceSize                         = 536870912                                 {product} {command line}
   size_t MaxNewSize                               = 1287651328                                {product} {ergonomic}
   size_t MinHeapDeltaBytes                        = 1048576                                   {product} {ergonomic}
   size_t MinHeapSize                              = 8388608                                   {product} {ergonomic}
    uintx NonNMethodCodeHeapSize                   = 5839372                                {pd product} {ergonomic}
    uintx NonProfiledCodeHeapSize                  = 131298042                              {pd product} {ergonomic}
    uintx ProfiledCodeHeapSize                     = 131298042                              {pd product} {ergonomic}
    uintx ReservedCodeCacheSize                    = 268435456                              {pd product} {command line}
     bool SegmentedCodeCache                       = true                                      {product} {ergonomic}
   size_t SoftMaxHeapSize                          = 2147483648                             {manageable} {ergonomic}
     bool UseCompressedOops                        = true                           {product lp64_product} {ergonomic}
     bool UseG1GC                                  = true                                      {product} {ergonomic}
     bool UseLargePagesIndividualAllocation        = false                                  {pd product} {ergonomic}

Logging:
Log output configuration:
 #0: stdout all=warning uptime,level,tags foldmultilines=false
 #1: stderr all=off uptime,level,tags foldmultilines=false

Release file:
JAVA_VERSION="21.0.12.1" 
MODULES="java.base java.compiler java.datatransfer java.xml java.prefs java.desktop java.instrument java.logging java.management java.security.sasl java.naming java.rmi java.management.rmi java.net.http java.scripting java.security.jgss java.transaction.xa java.sql java.sql.rowset java.xml.crypto java.se java.smartcardio jdk.accessibility jdk.internal.jvmstat jdk.attach jdk.charsets jdk.internal.opt jdk.zipfs jdk.compiler jdk.crypto.ec jdk.crypto.cryptoki jdk.crypto.mscapi jdk.dynalink jdk.internal.ed jdk.editpad jdk.hotspot.agent jdk.httpserver jdk.internal.le jdk.internal.vm.ci jdk.internal.vm.compiler jdk.internal.vm.compiler.management jdk.jartool jdk.javadoc jdk.jcmd jdk.management jdk.management.agent jdk.jconsole jdk.jdeps jdk.jdwp.agent jdk.jdi jdk.jfr jdk.jshell jdk.jsobject jdk.jstatd jdk.localedata jdk.management.jfr jdk.naming.dns jdk.naming.rmi jdk.net jdk.nio.mapmode jdk.random jdk.sctp jdk.security.auth jdk.security.jgss jdk.unsupported jdk.unsupported.desktop jdk.xml.dom" 

Environment Variables:
PATH=C:\Program Files\Common Files\Oracle\Java\javapath;C:\windows\system32;C:\windows;C:\windows\System32\Wbem;C:\windows\System32\WindowsPowerShell\v1.0\;C:\windows\System32\OpenSSH\;C:\Program Files (x86)\NVIDIA Corporation\PhysX\Common;C:\Program Files\NVIDIA Corporation\NVIDIA NvDLISR;C:\Users\Administrator\AppData\Local\Microsoft\WindowsApps;C:\Program Files\HP\OMEN-Broadcast\Common;C:\WINDOWS\system32;C:\WINDOWS;C:\WINDOWS\System32\Wbem;C:\WINDOWS\System32\WindowsPowerShell\v1.0\;C:\WINDOWS\System32\OpenSSH\;C:\src\flutter\bin;C:\Users\user5\AppData\Local\Android\Sdk\platform-tools;C:\Program Files\MySQL\MySQL Server 8.0\bin;C:\Program Files\Git\cmd;C:\Program Files\Git\mingw64\bin;C:\src\flutter\bin;C:\Program Files\Git\usr\bin;C:\Program Files\nodejs\;C:\Program Files\MySQL\MySQL Shell 8.0\bin\;C:\Users\user5\AppData\Local\Microsoft\WindowsApps;C:\Users\user5\AppData\Local\Programs\Microsoft VS Code\bin;C:\MinGW\bin;C:\Program Files\JetBrains\IntelliJ IDEA Community Edition 2025.1.1.1\bin;C:\Program Files\Git\cmd;;C:\Users\user5\AppData\Local\Programs\Antigravity IDE\bin;C:\Users\user5\AppData\Roaming\npm
USERNAME=User
OS=Windows_NT
PROCESSOR_IDENTIFIER=Intel64 Family 6 Model 154 Stepping 3, GenuineIntel
TMP=D:\temp
TEMP=D:\temp




Periodic native trim disabled

---------------  S Y S T E M  ---------------

OS:
 Windows 11 , 64 bit Build 26100 (10.0.26100.9444)
OS uptime: 0 days 4:03 hours
Hyper-V role detected

CPU: total 12 (initial active 12) (6 cores per cpu, 2 threads per core) family 6 model 154 stepping 3 microcode 0x435, cx8, cmov, fxsr, ht, mmx, 3dnowpref, sse, sse2, sse3, ssse3, sse4.1, sse4.2, popcnt, lzcnt, tsc, tscinvbit, avx, avx2, aes, erms, clmul, bmi1, bmi2, adx, sha, fma, vzeroupper, clflush, clflushopt, clwb, hv, serialize, rdtscp, rdpid, fsrm, f16c, cet_ibt, cet_ss
Processor Information for processor 0
  Max Mhz: 2000, Current Mhz: 2000, Mhz Limit: 2000
Processor Information for processor 1
  Max Mhz: 2000, Current Mhz: 2000, Mhz Limit: 2000
Processor Information for processor 2
  Max Mhz: 2000, Current Mhz: 2000, Mhz Limit: 2000
Processor Information for processor 3
  Max Mhz: 2000, Current Mhz: 2000, Mhz Limit: 2000
Processor Information for processor 4
  Max Mhz: 2000, Current Mhz: 2000, Mhz Limit: 2000
Processor Information for processor 5
  Max Mhz: 2000, Current Mhz: 1520, Mhz Limit: 2000
Processor Information for processor 6
  Max Mhz: 2000, Current Mhz: 2000, Mhz Limit: 2000
Processor Information for processor 7
  Max Mhz: 2000, Current Mhz: 2000, Mhz Limit: 2000
Processor Information for processor 8
  Max Mhz: 2000, Current Mhz: 2000, Mhz Limit: 2000
Processor Information for processor 9
  Max Mhz: 2000, Current Mhz: 1466, Mhz Limit: 2000
Processor Information for processor 10
  Max Mhz: 2000, Current Mhz: 1466, Mhz Limit: 2000
Processor Information for processor 11
  Max Mhz: 2000, Current Mhz: 2000, Mhz Limit: 2000

Memory: 4k page, system-wide physical 7832M (81M free)
TotalPageFile size 28210M (AvailPageFile size 6M)
current process WorkingSet (physical memory assigned to process): 33M, peak: 444M
current process commit charge ("private bytes"): 673M, peak: 686M

vm_info: OpenJDK 64-Bit Server VM (21.0.12.1+1-LTS) for windows-amd64 JRE (21.0.12.1+1-LTS), built on 2026-08-18T00:00:00Z by "admin" with MS VC++ 17.12 (VS2022)

END.
