#
# There is insufficient memory for the Java Runtime Environment to continue.
# Native memory allocation (mmap) failed to map 65536 bytes. Error detail: Failed to commit metaspace.
# Possible reasons:
#   The system is out of physical RAM or swap space
#   This process is running with CompressedOops enabled, and the Java Heap may be blocking the growth of the native heap
# Possible solutions:
#   Reduce memory load on the system
#   Increase physical memory or swap space
#   Check if swap backing store is full
#   Decrease Java heap size (-Xmx/-Xms)
#   Decrease number of Java threads
#   Decrease Java thread stack sizes (-Xss)
#   Set larger code cache with -XX:ReservedCodeCacheSize=
#   JVM is running with Unscaled Compressed Oops mode in which the Java heap is
#     placed in the first 4GB address space. The Java Heap base address is the
#     maximum limit for the native heap growth. Please use -XX:HeapBaseMinAddress
#     to set the Java Heap base and to place the Java Heap above 4GB virtual address.
# This output file may be truncated or incomplete.
#
#  Out of Memory Error (virtualSpaceNode.cpp:113), pid=10128, tid=23624
#
# JRE version: OpenJDK Runtime Environment Temurin-21.0.12.1+1 (21.0.12.1+1) (build 21.0.12.1+1-LTS)
# Java VM: OpenJDK 64-Bit Server VM Temurin-21.0.12.1+1 (21.0.12.1+1-LTS, mixed mode, sharing, tiered, compressed oops, compressed class ptrs, g1 gc, windows-amd64)
# No core dump will be written. Minidumps are not enabled by default on client versions of Windows
#

---------------  S U M M A R Y ------------

Command Line: --add-opens=java.base/java.lang=ALL-UNNAMED --add-opens=java.base/java.lang.invoke=ALL-UNNAMED --add-opens=java.base/java.util=ALL-UNNAMED --add-opens=java.prefs/java.util.prefs=ALL-UNNAMED --add-exports=jdk.compiler/com.sun.tools.javac.api=ALL-UNNAMED --add-exports=jdk.compiler/com.sun.tools.javac.util=ALL-UNNAMED --add-opens=java.base/java.util=ALL-UNNAMED --add-opens=java.prefs/java.util.prefs=ALL-UNNAMED --add-opens=java.base/java.nio.charset=ALL-UNNAMED --add-opens=java.base/java.net=ALL-UNNAMED --add-opens=java.base/java.util.concurrent.atomic=ALL-UNNAMED --add-opens=java.xml/javax.xml.namespace=ALL-UNNAMED -XX:MaxMetaspaceSize=512m -XX:ReservedCodeCacheSize=256m -XX:+HeapDumpOnOutOfMemoryError -Xmx2G -Dfile.encoding=UTF-8 -Duser.country=IN -Duser.language=en -Duser.variant -javaagent:D:\gradle_cache\wrapper\dists\gradle-8.12-all\ejduaidbjup3bmmkhw3rie4zb\gradle-8.12\lib\agents\gradle-instrumentation-agent-8.12.jar org.gradle.launcher.daemon.bootstrap.GradleDaemon 8.12

Host: 12th Gen Intel(R) Core(TM) i5-12450H, 12 cores, 7G,  Windows 11 , 64 bit Build 26100 (10.0.26100.9444)
Time: Sun Sep 13 16:58:04 2026 India Standard Time elapsed time: 44.347883 seconds (0d 0h 0m 44s)

---------------  T H R E A D  ---------------

Current thread (0x000001fd7e16e690):  JavaThread "Daemon worker"        [_thread_in_vm, id=23624, stack(0x000000dd3ed00000,0x000000dd3ee00000) (1024K)]

Stack: [0x000000dd3ed00000,0x000000dd3ee00000]
Native frames: (J=compiled Java code, j=interpreted, Vv=VM code, C=native code)
V  [jvm.dll+0x6d83e9]
V  [jvm.dll+0x8b5736]
V  [jvm.dll+0x8b7cee]
V  [jvm.dll+0x8b83d3]
V  [jvm.dll+0x284596]
V  [jvm.dll+0x8b147e]
V  [jvm.dll+0x679ad4]
V  [jvm.dll+0x1e849b]
V  [jvm.dll+0x1e825e]
V  [jvm.dll+0x67c3d2]
V  [jvm.dll+0x67c202]
V  [jvm.dll+0x67a4ae]
V  [jvm.dll+0x684758]
V  [jvm.dll+0x21973e]
V  [jvm.dll+0x219be5]
V  [jvm.dll+0x21a5d8]
V  [jvm.dll+0x20f80e]
V  [jvm.dll+0x5b6a7f]
V  [jvm.dll+0x82f606]
V  [jvm.dll+0x4792f8]
V  [jvm.dll+0x47f128]
C  [java.dll+0x17ec]

Java frames: (J=compiled Java code, j=interpreted, Vv=VM code)
J 790  java.lang.ClassLoader.defineClass1(Ljava/lang/ClassLoader;Ljava/lang/String;[BIILjava/security/ProtectionDomain;Ljava/lang/String;)Ljava/lang/Class; java.base@21.0.12.1 (0 bytes) @ 0x000001fd4fc10b11 [0x000001fd4fc10a40+0x00000000000000d1]
J 4567 c2 java.security.SecureClassLoader.defineClass(Ljava/lang/String;[BIILjava/security/CodeSource;)Ljava/lang/Class; java.base@21.0.12.1 (16 bytes) @ 0x000001fd4fc1469c [0x000001fd4fc13fc0+0x00000000000006dc]
J 4898 c2 java.net.URLClassLoader.findClass(Ljava/lang/String;)Ljava/lang/Class; java.base@21.0.12.1 (47 bytes) @ 0x000001fd4fe510bc [0x000001fd4fe4fa20+0x000000000000169c]
J 5339 c2 java.lang.ClassLoader.loadClass(Ljava/lang/String;Z)Ljava/lang/Class; java.base@21.0.12.1 (121 bytes) @ 0x000001fd4fea8554 [0x000001fd4fea8220+0x0000000000000334]
J 5339 c2 java.lang.ClassLoader.loadClass(Ljava/lang/String;Z)Ljava/lang/Class; java.base@21.0.12.1 (121 bytes) @ 0x000001fd4fea84f8 [0x000001fd4fea8220+0x00000000000002d8]
J 5339 c2 java.lang.ClassLoader.loadClass(Ljava/lang/String;Z)Ljava/lang/Class; java.base@21.0.12.1 (121 bytes) @ 0x000001fd4fea84f8 [0x000001fd4fea8220+0x00000000000002d8]
J 7210 c1 org.gradle.internal.classloader.FilteringClassLoader.loadClass(Ljava/lang/String;Z)Ljava/lang/Class; (62 bytes) @ 0x000001fd4854297c [0x000001fd48542540+0x000000000000043c]
J 5339 c2 java.lang.ClassLoader.loadClass(Ljava/lang/String;Z)Ljava/lang/Class; java.base@21.0.12.1 (121 bytes) @ 0x000001fd4fea84f8 [0x000001fd4fea8220+0x00000000000002d8]
J 7191 c1 org.gradle.internal.classloader.CachingClassLoader.loadClass(Ljava/lang/String;Z)Ljava/lang/Class; (85 bytes) @ 0x000001fd48535654 [0x000001fd485353a0+0x00000000000002b4]
J 5339 c2 java.lang.ClassLoader.loadClass(Ljava/lang/String;Z)Ljava/lang/Class; java.base@21.0.12.1 (121 bytes) @ 0x000001fd4fea84f8 [0x000001fd4fea8220+0x00000000000002d8]
J 3626 c2 java.lang.ClassLoader.loadClass(Ljava/lang/String;)Ljava/lang/Class; java.base@21.0.12.1 (7 bytes) @ 0x000001fd4fdc54ec [0x000001fd4fdc54a0+0x000000000000004c]
v  ~StubRoutines::call_stub 0x000001fd4f62100d
j  org.jetbrains.kotlin.gradle.plugin.KotlinPluginLifecycleImpl.<init>(Lorg/gradle/api/Project;)V+96
j  org.jetbrains.kotlin.gradle.plugin.KotlinPluginLifecycleKt$kotlinPluginLifecycle$2.invoke(Lorg/gradle/api/Project;)Lorg/jetbrains/kotlin/gradle/plugin/KotlinPluginLifecycleImpl;+22
j  org.jetbrains.kotlin.gradle.plugin.KotlinPluginLifecycleKt$kotlinPluginLifecycle$2.invoke(Ljava/lang/Object;)Ljava/lang/Object;+5
j  org.jetbrains.kotlin.gradle.utils.StoredLazyProperty$getValue$1.invoke()Ljava/lang/Object;+11
j  org.jetbrains.kotlin.gradle.utils.StoredPropertyStorage.getOrPut(Lorg/jetbrains/kotlin/gradle/utils/StoredLazyProperty;Lkotlin/jvm/functions/Function0;)Ljava/lang/Object;+65
j  org.jetbrains.kotlin.gradle.utils.StoredLazyProperty.getValue(Ljava/lang/Object;Lkotlin/reflect/KProperty;)Ljava/lang/Object;+32
j  org.jetbrains.kotlin.gradle.plugin.KotlinPluginLifecycleKt.getKotlinPluginLifecycle(Lorg/gradle/api/Project;)Lorg/jetbrains/kotlin/gradle/plugin/KotlinPluginLifecycle;+15
j  org.jetbrains.kotlin.gradle.plugin.KotlinPluginLifecycleKt.startKotlinPluginLifecycle(Lorg/gradle/api/Project;)V+7
j  org.jetbrains.kotlin.gradle.plugin.KotlinBasePluginWrapper.apply(Lorg/gradle/api/Project;)V+204
j  org.jetbrains.kotlin.gradle.plugin.KotlinPluginWrapper.apply(Lorg/gradle/api/Project;)V+12
j  org.jetbrains.kotlin.gradle.plugin.KotlinPluginWrapper.apply(Ljava/lang/Object;)V+5
j  org.gradle.api.internal.plugins.ImperativeOnlyPluginTarget.applyImperative(Ljava/lang/String;Lorg/gradle/api/Plugin;)V+13
j  org.gradle.api.internal.plugins.RuleBasedPluginTarget.applyImperative(Ljava/lang/String;Lorg/gradle/api/Plugin;)V+6
j  org.gradle.api.internal.plugins.DefaultPluginManager.addPlugin(Ljava/lang/Runnable;Lorg/gradle/api/internal/plugins/PluginImplementation;Ljava/lang/String;Ljava/lang/Class;)V+54
j  org.gradle.api.internal.plugins.DefaultPluginManager.access$100(Lorg/gradle/api/internal/plugins/DefaultPluginManager;Ljava/lang/Runnable;Lorg/gradle/api/internal/plugins/PluginImplementation;Ljava/lang/String;Ljava/lang/Class;)V+6
j  org.gradle.api.internal.plugins.DefaultPluginManager$AddPluginBuildOperation.run(Lorg/gradle/internal/operations/BuildOperationContext;)V+20
j  org.gradle.internal.operations.DefaultBuildOperationRunner$1.execute(Lorg/gradle/internal/operations/RunnableBuildOperation;Lorg/gradle/internal/operations/BuildOperationContext;)V+2
j  org.gradle.internal.operations.DefaultBuildOperationRunner$1.execute(Lorg/gradle/internal/operations/BuildOperation;Lorg/gradle/internal/operations/BuildOperationContext;)V+6
J 6798 c1 org.gradle.internal.operations.DefaultBuildOperationRunner$2.execute(Lorg/gradle/internal/operations/BuildOperationDescriptor;Lorg/gradle/internal/operations/BuildOperationState;Lorg/gradle/internal/operations/BuildOperationState;Lorg/gradle/internal/operations/DefaultBuildOperationRunner$ReadableBuildOperationContext;Lorg/gradle/internal/operations/DefaultBuildOperationRunner$BuildOperationExecutionListener;)Lorg/gradle/internal/operations/BuildOperation; (110 bytes) @ 0x000001fd48463144 [0x000001fd48462f40+0x0000000000000204]
J 6627 c1 org.gradle.internal.operations.DefaultBuildOperationRunner$2.execute(Lorg/gradle/internal/operations/BuildOperationDescriptor;Lorg/gradle/internal/operations/BuildOperationState;Lorg/gradle/internal/operations/BuildOperationState;Lorg/gradle/internal/operations/DefaultBuildOperationRunner$ReadableBuildOperationContext;Lorg/gradle/internal/operations/DefaultBuildOperationRunner$BuildOperationExecutionListener;)Ljava/lang/Object; (12 bytes) @ 0x000001fd4840443c [0x000001fd484043c0+0x000000000000007c]
J 6408 c1 org.gradle.internal.operations.DefaultBuildOperationRunner.execute(Lorg/gradle/internal/operations/BuildOperationDescriptor$Builder;Lorg/gradle/internal/operations/BuildOperationState;Lorg/gradle/internal/operations/DefaultBuildOperationRunner$BuildOperationExecution;)Ljava/lang/Object; (147 bytes) @ 0x000001fd483a4094 [0x000001fd483a3500+0x0000000000000b94]
J 6407 c1 org.gradle.internal.operations.DefaultBuildOperationRunner.execute(Lorg/gradle/internal/operations/BuildOperation;Lorg/gradle/internal/operations/BuildOperationWorker;Lorg/gradle/internal/operations/BuildOperationState;)V (23 bytes) @ 0x000001fd483a2e94 [0x000001fd483a2be0+0x00000000000002b4]
j  org.gradle.internal.operations.DefaultBuildOperationRunner.run(Lorg/gradle/internal/operations/RunnableBuildOperation;)V+9
j  org.gradle.api.internal.plugins.DefaultPluginManager.lambda$doApply$0(Ljava/lang/Runnable;Lorg/gradle/api/internal/plugins/PluginImplementation;Ljava/lang/String;Ljava/lang/Class;Lorg/gradle/internal/code/UserCodeApplicationId;)V+20
j  org.gradle.api.internal.plugins.DefaultPluginManager$$Lambda+0x000001fd5f705da0.execute(Ljava/lang/Object;)V+24
j  org.gradle.internal.code.DefaultUserCodeApplicationContext.apply(Lorg/gradle/internal/code/UserCodeSource;Lorg/gradle/api/Action;)V+37
j  org.gradle.api.internal.plugins.DefaultPluginManager.doApply(Lorg/gradle/api/internal/plugins/PluginImplementation;)V+144
j  org.gradle.api.internal.plugins.DefaultPluginManager.addImperativePlugin(Lorg/gradle/api/internal/plugins/PluginImplementation;)Lorg/gradle/api/Plugin;+2
j  org.gradle.api.internal.plugins.DefaultPluginManager.addImperativePlugin(Ljava/lang/Class;)Lorg/gradle/api/Plugin;+11
j  org.gradle.api.internal.plugins.DefaultPluginContainer.apply(Ljava/lang/Class;)Lorg/gradle/api/Plugin;+5
j  org.gradle.kotlin.dsl.plugins.embedded.EmbeddedKotlinPlugin.apply(Lorg/gradle/api/Project;)V+18
j  org.gradle.kotlin.dsl.plugins.embedded.EmbeddedKotlinPlugin.apply(Ljava/lang/Object;)V+5
j  org.gradle.api.internal.plugins.ImperativeOnlyPluginTarget.applyImperative(Ljava/lang/String;Lorg/gradle/api/Plugin;)V+13
j  org.gradle.api.internal.plugins.RuleBasedPluginTarget.applyImperative(Ljava/lang/String;Lorg/gradle/api/Plugin;)V+6
j  org.gradle.api.internal.plugins.DefaultPluginManager.addPlugin(Ljava/lang/Runnable;Lorg/gradle/api/internal/plugins/PluginImplementation;Ljava/lang/String;Ljava/lang/Class;)V+54
j  org.gradle.api.internal.plugins.DefaultPluginManager.access$100(Lorg/gradle/api/internal/plugins/DefaultPluginManager;Ljava/lang/Runnable;Lorg/gradle/api/internal/plugins/PluginImplementation;Ljava/lang/String;Ljava/lang/Class;)V+6
j  org.gradle.api.internal.plugins.DefaultPluginManager$AddPluginBuildOperation.run(Lorg/gradle/internal/operations/BuildOperationContext;)V+20
j  org.gradle.internal.operations.DefaultBuildOperationRunner$1.execute(Lorg/gradle/internal/operations/RunnableBuildOperation;Lorg/gradle/internal/operations/BuildOperationContext;)V+2
j  org.gradle.internal.operations.DefaultBuildOperationRunner$1.execute(Lorg/gradle/internal/operations/BuildOperation;Lorg/gradle/internal/operations/BuildOperationContext;)V+6
J 6798 c1 org.gradle.internal.operations.DefaultBuildOperationRunner$2.execute(Lorg/gradle/internal/operations/BuildOperationDescriptor;Lorg/gradle/internal/operations/BuildOperationState;Lorg/gradle/internal/operations/BuildOperationState;Lorg/gradle/internal/operations/DefaultBuildOperationRunner$ReadableBuildOperationContext;Lorg/gradle/internal/operations/DefaultBuildOperationRunner$BuildOperationExecutionListener;)Lorg/gradle/internal/operations/BuildOperation; (110 bytes) @ 0x000001fd48463144 [0x000001fd48462f40+0x0000000000000204]
J 6627 c1 org.gradle.internal.operations.DefaultBuildOperationRunner$2.execute(Lorg/gradle/internal/operations/BuildOperationDescriptor;Lorg/gradle/internal/operations/BuildOperationState;Lorg/gradle/internal/operations/BuildOperationState;Lorg/gradle/internal/operations/DefaultBuildOperationRunner$ReadableBuildOperationContext;Lorg/gradle/internal/operations/DefaultBuildOperationRunner$BuildOperationExecutionListener;)Ljava/lang/Object; (12 bytes) @ 0x000001fd4840443c [0x000001fd484043c0+0x000000000000007c]
J 6408 c1 org.gradle.internal.operations.DefaultBuildOperationRunner.execute(Lorg/gradle/internal/operations/BuildOperationDescriptor$Builder;Lorg/gradle/internal/operations/BuildOperationState;Lorg/gradle/internal/operations/DefaultBuildOperationRunner$BuildOperationExecution;)Ljava/lang/Object; (147 bytes) @ 0x000001fd483a4094 [0x000001fd483a3500+0x0000000000000b94]
J 6407 c1 org.gradle.internal.operations.DefaultBuildOperationRunner.execute(Lorg/gradle/internal/operations/BuildOperation;Lorg/gradle/internal/operations/BuildOperationWorker;Lorg/gradle/internal/operations/BuildOperationState;)V (23 bytes) @ 0x000001fd483a2e94 [0x000001fd483a2be0+0x00000000000002b4]
j  org.gradle.internal.operations.DefaultBuildOperationRunner.run(Lorg/gradle/internal/operations/RunnableBuildOperation;)V+9
j  org.gradle.api.internal.plugins.DefaultPluginManager.lambda$doApply$0(Ljava/lang/Runnable;Lorg/gradle/api/internal/plugins/PluginImplementation;Ljava/lang/String;Ljava/lang/Class;Lorg/gradle/internal/code/UserCodeApplicationId;)V+20
j  org.gradle.api.internal.plugins.DefaultPluginManager$$Lambda+0x000001fd5f705da0.execute(Ljava/lang/Object;)V+24
j  org.gradle.internal.code.DefaultUserCodeApplicationContext.apply(Lorg/gradle/internal/code/UserCodeSource;Lorg/gradle/api/Action;)V+37
j  org.gradle.api.internal.plugins.DefaultPluginManager.doApply(Lorg/gradle/api/internal/plugins/PluginImplementation;)V+144
j  org.gradle.api.internal.plugins.DefaultPluginManager.apply(Ljava/lang/Class;)V+11
j  org.gradle.api.internal.plugins.DefaultObjectConfigurationAction.applyType(Ljava/lang/Class;)V+43
j  org.gradle.api.internal.plugins.DefaultObjectConfigurationAction.applyPlugin(Ljava/lang/Class;)V+2
j  org.gradle.api.internal.plugins.DefaultObjectConfigurationAction.access$100(Lorg/gradle/api/internal/plugins/DefaultObjectConfigurationAction;Ljava/lang/Class;)V+2
j  org.gradle.api.internal.plugins.DefaultObjectConfigurationAction$2.run()V+8
j  org.gradle.api.internal.plugins.DefaultObjectConfigurationAction.execute()V+58
j  org.gradle.api.internal.project.AbstractPluginAware.apply(Lorg/gradle/api/Action;)V+13
j  org.gradle.api.internal.project.DefaultProject.apply(Lorg/gradle/api/Action;)V+6
j  org.gradle.kotlin.dsl.plugins.base.KotlinDslBasePlugin.apply(Lorg/gradle/api/Project;)V+34
j  org.gradle.kotlin.dsl.plugins.base.KotlinDslBasePlugin.apply(Ljava/lang/Object;)V+5
j  org.gradle.api.internal.plugins.ImperativeOnlyPluginTarget.applyImperative(Ljava/lang/String;Lorg/gradle/api/Plugin;)V+13
j  org.gradle.api.internal.plugins.RuleBasedPluginTarget.applyImperative(Ljava/lang/String;Lorg/gradle/api/Plugin;)V+6
j  org.gradle.api.internal.plugins.DefaultPluginManager.addPlugin(Ljava/lang/Runnable;Lorg/gradle/api/internal/plugins/PluginImplementation;Ljava/lang/String;Ljava/lang/Class;)V+54
j  org.gradle.api.internal.plugins.DefaultPluginManager.access$100(Lorg/gradle/api/internal/plugins/DefaultPluginManager;Ljava/lang/Runnable;Lorg/gradle/api/internal/plugins/PluginImplementation;Ljava/lang/String;Ljava/lang/Class;)V+6
j  org.gradle.api.internal.plugins.DefaultPluginManager$AddPluginBuildOperation.run(Lorg/gradle/internal/operations/BuildOperationContext;)V+20
j  org.gradle.internal.operations.DefaultBuildOperationRunner$1.execute(Lorg/gradle/internal/operations/RunnableBuildOperation;Lorg/gradle/internal/operations/BuildOperationContext;)V+2
j  org.gradle.internal.operations.DefaultBuildOperationRunner$1.execute(Lorg/gradle/internal/operations/BuildOperation;Lorg/gradle/internal/operations/BuildOperationContext;)V+6
J 6798 c1 org.gradle.internal.operations.DefaultBuildOperationRunner$2.execute(Lorg/gradle/internal/operations/BuildOperationDescriptor;Lorg/gradle/internal/operations/BuildOperationState;Lorg/gradle/internal/operations/BuildOperationState;Lorg/gradle/internal/operations/DefaultBuildOperationRunner$ReadableBuildOperationContext;Lorg/gradle/internal/operations/DefaultBuildOperationRunner$BuildOperationExecutionListener;)Lorg/gradle/internal/operations/BuildOperation; (110 bytes) @ 0x000001fd48463144 [0x000001fd48462f40+0x0000000000000204]
J 6627 c1 org.gradle.internal.operations.DefaultBuildOperationRunner$2.execute(Lorg/gradle/internal/operations/BuildOperationDescriptor;Lorg/gradle/internal/operations/BuildOperationState;Lorg/gradle/internal/operations/BuildOperationState;Lorg/gradle/internal/operations/DefaultBuildOperationRunner$ReadableBuildOperationContext;Lorg/gradle/internal/operations/DefaultBuildOperationRunner$BuildOperationExecutionListener;)Ljava/lang/Object; (12 bytes) @ 0x000001fd4840443c [0x000001fd484043c0+0x000000000000007c]
J 6408 c1 org.gradle.internal.operations.DefaultBuildOperationRunner.execute(Lorg/gradle/internal/operations/BuildOperationDescriptor$Builder;Lorg/gradle/internal/operations/BuildOperationState;Lorg/gradle/internal/operations/DefaultBuildOperationRunner$BuildOperationExecution;)Ljava/lang/Object; (147 bytes) @ 0x000001fd483a4094 [0x000001fd483a3500+0x0000000000000b94]
J 6407 c1 org.gradle.internal.operations.DefaultBuildOperationRunner.execute(Lorg/gradle/internal/operations/BuildOperation;Lorg/gradle/internal/operations/BuildOperationWorker;Lorg/gradle/internal/operations/BuildOperationState;)V (23 bytes) @ 0x000001fd483a2e94 [0x000001fd483a2be0+0x00000000000002b4]
j  org.gradle.internal.operations.DefaultBuildOperationRunner.run(Lorg/gradle/internal/operations/RunnableBuildOperation;)V+9
j  org.gradle.api.internal.plugins.DefaultPluginManager.lambda$doApply$0(Ljava/lang/Runnable;Lorg/gradle/api/internal/plugins/PluginImplementation;Ljava/lang/String;Ljava/lang/Class;Lorg/gradle/internal/code/UserCodeApplicationId;)V+20
j  org.gradle.api.internal.plugins.DefaultPluginManager$$Lambda+0x000001fd5f705da0.execute(Ljava/lang/Object;)V+24
j  org.gradle.internal.code.DefaultUserCodeApplicationContext.apply(Lorg/gradle/internal/code/UserCodeSource;Lorg/gradle/api/Action;)V+37
j  org.gradle.api.internal.plugins.DefaultPluginManager.doApply(Lorg/gradle/api/internal/plugins/PluginImplementation;)V+144
j  org.gradle.api.internal.plugins.DefaultPluginManager.apply(Ljava/lang/Class;)V+11
j  org.gradle.api.internal.plugins.DefaultObjectConfigurationAction.applyType(Ljava/lang/Class;)V+43
j  org.gradle.api.internal.plugins.DefaultObjectConfigurationAction.applyPlugin(Ljava/lang/Class;)V+2
j  org.gradle.api.internal.plugins.DefaultObjectConfigurationAction.access$100(Lorg/gradle/api/internal/plugins/DefaultObjectConfigurationAction;Ljava/lang/Class;)V+2
j  org.gradle.api.internal.plugins.DefaultObjectConfigurationAction$2.run()V+8
j  org.gradle.api.internal.plugins.DefaultObjectConfigurationAction.execute()V+58
j  org.gradle.api.internal.project.AbstractPluginAware.apply(Lorg/gradle/api/Action;)V+13
j  org.gradle.api.internal.project.DefaultProject.apply(Lorg/gradle/api/Action;)V+6
j  org.gradle.kotlin.dsl.plugins.dsl.KotlinDslPlugin.apply(Lorg/gradle/api/Project;)V+70
j  org.gradle.kotlin.dsl.plugins.dsl.KotlinDslPlugin.apply(Ljava/lang/Object;)V+5
j  org.gradle.api.internal.plugins.ImperativeOnlyPluginTarget.applyImperative(Ljava/lang/String;Lorg/gradle/api/Plugin;)V+13
j  org.gradle.api.internal.plugins.RuleBasedPluginTarget.applyImperative(Ljava/lang/String;Lorg/gradle/api/Plugin;)V+6
j  org.gradle.api.internal.plugins.DefaultPluginManager.addPlugin(Ljava/lang/Runnable;Lorg/gradle/api/internal/plugins/PluginImplementation;Ljava/lang/String;Ljava/lang/Class;)V+54
j  org.gradle.api.internal.plugins.DefaultPluginManager.access$100(Lorg/gradle/api/internal/plugins/DefaultPluginManager;Ljava/lang/Runnable;Lorg/gradle/api/internal/plugins/PluginImplementation;Ljava/lang/String;Ljava/lang/Class;)V+6
j  org.gradle.api.internal.plugins.DefaultPluginManager$AddPluginBuildOperation.run(Lorg/gradle/internal/operations/BuildOperationContext;)V+20
j  org.gradle.internal.operations.DefaultBuildOperationRunner$1.execute(Lorg/gradle/internal/operations/RunnableBuildOperation;Lorg/gradle/internal/operations/BuildOperationContext;)V+2
j  org.gradle.internal.operations.DefaultBuildOperationRunner$1.execute(Lorg/gradle/internal/operations/BuildOperation;Lorg/gradle/internal/operations/BuildOperationContext;)V+6
J 6798 c1 org.gradle.internal.operations.DefaultBuildOperationRunner$2.execute(Lorg/gradle/internal/operations/BuildOperationDescriptor;Lorg/gradle/internal/operations/BuildOperationState;Lorg/gradle/internal/operations/BuildOperationState;Lorg/gradle/internal/operations/DefaultBuildOperationRunner$ReadableBuildOperationContext;Lorg/gradle/internal/operations/DefaultBuildOperationRunner$BuildOperationExecutionListener;)Lorg/gradle/internal/operations/BuildOperation; (110 bytes) @ 0x000001fd48463144 [0x000001fd48462f40+0x0000000000000204]
J 6627 c1 org.gradle.internal.operations.DefaultBuildOperationRunner$2.execute(Lorg/gradle/internal/operations/BuildOperationDescriptor;Lorg/gradle/internal/operations/BuildOperationState;Lorg/gradle/internal/operations/BuildOperationState;Lorg/gradle/internal/operations/DefaultBuildOperationRunner$ReadableBuildOperationContext;Lorg/gradle/internal/operations/DefaultBuildOperationRunner$BuildOperationExecutionListener;)Ljava/lang/Object; (12 bytes) @ 0x000001fd4840443c [0x000001fd484043c0+0x000000000000007c]
J 6408 c1 org.gradle.internal.operations.DefaultBuildOperationRunner.execute(Lorg/gradle/internal/operations/BuildOperationDescriptor$Builder;Lorg/gradle/internal/operations/BuildOperationState;Lorg/gradle/internal/operations/DefaultBuildOperationRunner$BuildOperationExecution;)Ljava/lang/Object; (147 bytes) @ 0x000001fd483a4094 [0x000001fd483a3500+0x0000000000000b94]
J 6407 c1 org.gradle.internal.operations.DefaultBuildOperationRunner.execute(Lorg/gradle/internal/operations/BuildOperation;Lorg/gradle/internal/operations/BuildOperationWorker;Lorg/gradle/internal/operations/BuildOperationState;)V (23 bytes) @ 0x000001fd483a2e94 [0x000001fd483a2be0+0x00000000000002b4]
j  org.gradle.internal.operations.DefaultBuildOperationRunner.run(Lorg/gradle/internal/operations/RunnableBuildOperation;)V+9
j  org.gradle.api.internal.plugins.DefaultPluginManager.lambda$doApply$0(Ljava/lang/Runnable;Lorg/gradle/api/internal/plugins/PluginImplementation;Ljava/lang/String;Ljava/lang/Class;Lorg/gradle/internal/code/UserCodeApplicationId;)V+20
j  org.gradle.api.internal.plugins.DefaultPluginManager$$Lambda+0x000001fd5f705da0.execute(Ljava/lang/Object;)V+24
j  org.gradle.internal.code.DefaultUserCodeApplicationContext.apply(Lorg/gradle/internal/code/UserCodeSource;Lorg/gradle/api/Action;)V+37
j  org.gradle.api.internal.plugins.DefaultPluginManager.doApply(Lorg/gradle/api/internal/plugins/PluginImplementation;)V+144
j  org.gradle.api.internal.plugins.DefaultPluginManager.apply(Ljava/lang/String;)V+52
j  org.gradle.plugin.use.resolve.internal.ArtifactRepositoriesPluginResolver$ExternalPluginResolution.applyTo(Lorg/gradle/api/internal/plugins/PluginManagerInternal;)V+55
j  org.gradle.plugin.use.internal.DefaultPluginRequestApplicator$ApplyAction.apply(Lorg/gradle/api/internal/plugins/PluginManagerInternal;)V+21
j  org.gradle.plugin.use.internal.DefaultPluginRequestApplicator.lambda$applyPlugins$1(Lorg/gradle/api/internal/plugins/PluginManagerInternal;Lorg/gradle/plugin/use/internal/DefaultPluginRequestApplicator$ApplyAction;)V+2
j  org.gradle.plugin.use.internal.DefaultPluginRequestApplicator$$Lambda+0x000001fd5f7d2b18.accept(Ljava/lang/Object;)V+8
j  java.util.ArrayList.forEach(Ljava/util/function/Consumer;)V+46 java.base@21.0.12.1
j  org.gradle.plugin.use.internal.DefaultPluginRequestApplicator.applyPlugins(Lorg/gradle/plugin/management/internal/PluginRequests;Lorg/gradle/api/internal/initialization/ScriptHandlerInternal;Lorg/gradle/api/internal/plugins/PluginManagerInternal;Lorg/gradle/api/internal/initialization/ClassLoaderScope;)V+375
j  org.gradle.kotlin.dsl.provider.PluginRequestsHandler.handle(Lorg/gradle/plugin/management/internal/PluginRequests;Lorg/gradle/api/internal/initialization/ScriptHandlerInternal;Lorg/gradle/api/internal/plugins/PluginAwareInternal;Lorg/gradle/api/internal/initialization/ClassLoaderScope;)V+65
j  org.gradle.kotlin.dsl.provider.StandardKotlinScriptEvaluator$InterpreterHost.applyPluginsTo(Lorg/gradle/kotlin/dsl/support/KotlinScriptHost;Lorg/gradle/plugin/management/internal/PluginRequests;)V+52
j  org.gradle.kotlin.dsl.execution.Interpreter$ProgramHost.applyPluginsTo(Lorg/gradle/kotlin/dsl/support/KotlinScriptHost;Lorg/gradle/plugin/management/internal/PluginRequests;)V+21
j  Program.execute(Lorg/gradle/kotlin/dsl/execution/ExecutableProgram$Host;Lorg/gradle/kotlin/dsl/support/KotlinScriptHost;)V+38
j  org.gradle.kotlin.dsl.execution.Interpreter$ProgramHost.eval(Lorg/gradle/kotlin/dsl/execution/CompiledScript;Lorg/gradle/kotlin/dsl/support/KotlinScriptHost;)V+88
j  org.gradle.kotlin.dsl.execution.Interpreter.eval(Ljava/lang/Object;Lorg/gradle/groovy/scripts/ScriptSource;Lorg/gradle/internal/hash/HashCode;Lorg/gradle/api/initialization/dsl/ScriptHandler;Lorg/gradle/api/internal/initialization/ClassLoaderScope;Lorg/gradle/api/internal/initialization/ClassLoaderScope;ZLjava/util/EnumSet;)V+213
j  org.gradle.kotlin.dsl.provider.StandardKotlinScriptEvaluator.evaluate(Ljava/lang/Object;Lorg/gradle/groovy/scripts/ScriptSource;Lorg/gradle/api/initialization/dsl/ScriptHandler;Lorg/gradle/api/internal/initialization/ClassLoaderScope;Lorg/gradle/api/internal/initialization/ClassLoaderScope;ZLjava/util/EnumSet;)V+163
j  org.gradle.kotlin.dsl.provider.KotlinScriptPluginFactory$create$1.invoke(Ljava/lang/Object;)V+253
j  org.gradle.kotlin.dsl.provider.KotlinScriptPluginFactory$create$1.invoke(Ljava/lang/Object;)Ljava/lang/Object;+2
j  org.gradle.kotlin.dsl.provider.KotlinScriptPlugin.apply(Ljava/lang/Object;)V+22
j  org.gradle.configuration.BuildOperationScriptPlugin$1.run(Lorg/gradle/internal/operations/BuildOperationContext;)V+11
j  org.gradle.internal.operations.DefaultBuildOperationRunner$1.execute(Lorg/gradle/internal/operations/RunnableBuildOperation;Lorg/gradle/internal/operations/BuildOperationContext;)V+2
j  org.gradle.internal.operations.DefaultBuildOperationRunner$1.execute(Lorg/gradle/internal/operations/BuildOperation;Lorg/gradle/internal/operations/BuildOperationContext;)V+6
j  org.gradle.internal.operations.DefaultBuildOperationRunner$2.execute(Lorg/gradle/internal/operations/BuildOperationDescriptor;Lorg/gradle/internal/operations/BuildOperationState;Lorg/gradle/internal/operations/BuildOperationState;Lorg/gradle/internal/operations/DefaultBuildOperationRunner$ReadableBuildOperationContext;Lorg/gradle/internal/operations/DefaultBuildOperationRunner$BuildOperationExecutionListener;)Lorg/gradle/internal/operations/BuildOperation;+22
j  org.gradle.internal.operations.DefaultBuildOperationRunner$2.execute(Lorg/gradle/internal/operations/BuildOperationDescriptor;Lorg/gradle/internal/operations/BuildOperationState;Lorg/gradle/internal/operations/BuildOperationState;Lorg/gradle/internal/operations/DefaultBuildOperationRunner$ReadableBuildOperationContext;Lorg/gradle/internal/operations/DefaultBuildOperationRunner$BuildOperationExecutionListener;)Ljava/lang/Object;+8
j  org.gradle.internal.operations.DefaultBuildOperationRunner.execute(Lorg/gradle/internal/operations/BuildOperationDescriptor$Builder;Lorg/gradle/internal/operations/BuildOperationState;Lorg/gradle/internal/operations/DefaultBuildOperationRunner$BuildOperationExecution;)Ljava/lang/Object;+141
j  org.gradle.internal.operations.DefaultBuildOperationRunner.execute(Lorg/gradle/internal/operations/BuildOperation;Lorg/gradle/internal/operations/BuildOperationWorker;Lorg/gradle/internal/operations/BuildOperationState;)V+18
j  org.gradle.internal.operations.DefaultBuildOperationRunner.run(Lorg/gradle/internal/operations/RunnableBuildOperation;)V+9
j  org.gradle.configuration.BuildOperationScriptPlugin.lambda$apply$0(Ljava/lang/Object;Lorg/gradle/internal/code/UserCodeApplicationId;)V+14
j  org.gradle.configuration.BuildOperationScriptPlugin$$Lambda+0x000001fd5f520000.execute(Ljava/lang/Object;)V+12
j  org.gradle.internal.code.DefaultUserCodeApplicationContext.apply(Lorg/gradle/internal/code/UserCodeSource;Lorg/gradle/api/Action;)V+37
j  org.gradle.configuration.BuildOperationScriptPlugin.apply(Ljava/lang/Object;)V+71
j  org.gradle.configuration.project.BuildScriptProcessor$$Lambda+0x000001fd5f739a68.accept(Ljava/lang/Object;)V+8
j  org.gradle.api.internal.project.DefaultProjectStateRegistry$ProjectStateImpl.lambda$applyToMutableState$1(Ljava/util/function/Consumer;Lorg/gradle/api/internal/project/ProjectInternal;)Ljava/lang/Object;+2
j  org.gradle.api.internal.project.DefaultProjectStateRegistry$ProjectStateImpl$$Lambda+0x000001fd5f6efce8.apply(Ljava/lang/Object;)Ljava/lang/Object;+8
j  org.gradle.api.internal.project.DefaultProjectStateRegistry$ProjectStateImpl.fromMutableState(Ljava/util/function/Function;)Ljava/lang/Object;+97
j  org.gradle.api.internal.project.DefaultProjectStateRegistry$ProjectStateImpl.applyToMutableState(Ljava/util/function/Consumer;)V+7
j  org.gradle.configuration.project.BuildScriptProcessor.execute(Lorg/gradle/api/internal/project/ProjectInternal;)V+88
j  org.gradle.configuration.project.BuildScriptProcessor.execute(Ljava/lang/Object;)V+5
j  org.gradle.configuration.project.ConfigureActionsProjectEvaluator.evaluate(Lorg/gradle/api/internal/project/ProjectInternal;Lorg/gradle/api/internal/project/ProjectStateInternal;)V+33
j  org.gradle.configuration.project.LifecycleProjectEvaluator$EvaluateProject.lambda$run$0(Lorg/gradle/internal/operations/BuildOperationContext;Lorg/gradle/api/internal/project/ProjectInternal;)V+67
j  org.gradle.configuration.project.LifecycleProjectEvaluator$EvaluateProject$$Lambda+0x000001fd5f6efab0.accept(Ljava/lang/Object;)V+12
j  org.gradle.api.internal.project.DefaultProjectStateRegistry$ProjectStateImpl.lambda$applyToMutableState$1(Ljava/util/function/Consumer;Lorg/gradle/api/internal/project/ProjectInternal;)Ljava/lang/Object;+2
j  org.gradle.api.internal.project.DefaultProjectStateRegistry$ProjectStateImpl$$Lambda+0x000001fd5f6efce8.apply(Ljava/lang/Object;)Ljava/lang/Object;+8
j  org.gradle.api.internal.project.DefaultProjectStateRegistry$ProjectStateImpl.lambda$fromMutableState$2(Ljava/util/function/Function;)Ljava/lang/Object;+5
j  org.gradle.api.internal.project.DefaultProjectStateRegistry$ProjectStateImpl$$Lambda+0x000001fd5f6ea000.create()Ljava/lang/Object;+8
j  org.gradle.internal.work.DefaultWorkerLeaseService.withReplacedLocks(Ljava/util/Collection;Lorg/gradle/internal/resources/ResourceLock;Lorg/gradle/internal/Factory;)Ljava/lang/Object;+40
j  org.gradle.api.internal.project.DefaultProjectStateRegistry$ProjectStateImpl.fromMutableState(Ljava/util/function/Function;)Ljava/lang/Object;+133
j  org.gradle.api.internal.project.DefaultProjectStateRegistry$ProjectStateImpl.applyToMutableState(Ljava/util/function/Consumer;)V+7
j  org.gradle.configuration.project.LifecycleProjectEvaluator$EvaluateProject.run(Lorg/gradle/internal/operations/BuildOperationContext;)V+16
j  org.gradle.internal.operations.DefaultBuildOperationRunner$1.execute(Lorg/gradle/internal/operations/RunnableBuildOperation;Lorg/gradle/internal/operations/BuildOperationContext;)V+2
j  org.gradle.internal.operations.DefaultBuildOperationRunner$1.execute(Lorg/gradle/internal/operations/BuildOperation;Lorg/gradle/internal/operations/BuildOperationContext;)V+6
j  org.gradle.internal.operations.DefaultBuildOperationRunner$2.execute(Lorg/gradle/internal/operations/BuildOperationDescriptor;Lorg/gradle/internal/operations/BuildOperationState;Lorg/gradle/internal/operations/BuildOperationState;Lorg/gradle/internal/operations/DefaultBuildOperationRunner$ReadableBuildOperationContext;Lorg/gradle/internal/operations/DefaultBuildOperationRunner$BuildOperationExecutionListener;)Lorg/gradle/internal/operations/BuildOperation;+22
j  org.gradle.internal.operations.DefaultBuildOperationRunner$2.execute(Lorg/gradle/internal/operations/BuildOperationDescriptor;Lorg/gradle/internal/operations/BuildOperationState;Lorg/gradle/internal/operations/BuildOperationState;Lorg/gradle/internal/operations/DefaultBuildOperationRunner$ReadableBuildOperationContext;Lorg/gradle/internal/operations/DefaultBuildOperationRunner$BuildOperationExecutionListener;)Ljava/lang/Object;+8
j  org.gradle.internal.operations.DefaultBuildOperationRunner.execute(Lorg/gradle/internal/operations/BuildOperationDescriptor$Builder;Lorg/gradle/internal/operations/BuildOperationState;Lorg/gradle/internal/operations/DefaultBuildOperationRunner$BuildOperationExecution;)Ljava/lang/Object;+141
j  org.gradle.internal.operations.DefaultBuildOperationRunner.execute(Lorg/gradle/internal/operations/BuildOperation;Lorg/gradle/internal/operations/BuildOperationWorker;Lorg/gradle/internal/operations/BuildOperationState;)V+18
j  org.gradle.internal.operations.DefaultBuildOperationRunner.run(Lorg/gradle/internal/operations/RunnableBuildOperation;)V+9
j  org.gradle.configuration.project.LifecycleProjectEvaluator.evaluate(Lorg/gradle/api/internal/project/ProjectInternal;Lorg/gradle/api/internal/project/ProjectStateInternal;)V+42
j  org.gradle.api.internal.project.DefaultProject.evaluateUnchecked()Lorg/gradle/api/internal/project/ProjectInternal;+20
j  org.gradle.api.internal.project.ProjectLifecycleController.lambda$ensureSelfConfigured$2()V+4
j  org.gradle.api.internal.project.ProjectLifecycleController$$Lambda+0x000001fd5f6ee4e0.run()V+4
j  org.gradle.internal.model.StateTransitionController.lambda$doTransition$14(Ljava/lang/Runnable;)Lorg/gradle/internal/build/ExecutionResult;+1
j  org.gradle.internal.model.StateTransitionController$$Lambda+0x000001fd5f3f5b10.get()Ljava/lang/Object;+4
j  org.gradle.internal.model.StateTransitionController.doTransition(Lorg/gradle/internal/model/StateTransitionController$State;Lorg/gradle/internal/model/StateTransitionController$State;Ljava/util/function/Supplier;)Lorg/gradle/internal/build/ExecutionResult;+24
j  org.gradle.internal.model.StateTransitionController.doTransition(Lorg/gradle/internal/model/StateTransitionController$State;Lorg/gradle/internal/model/StateTransitionController$State;Ljava/lang/Runnable;)V+9
j  org.gradle.internal.model.StateTransitionController.lambda$maybeTransitionIfNotCurrentlyTransitioning$10(Lorg/gradle/internal/model/StateTransitionController$State;Lorg/gradle/internal/model/StateTransitionController$State;Ljava/lang/Runnable;)V+16
j  org.gradle.internal.model.StateTransitionController$$Lambda+0x000001fd5f6ee708.run()V+16
j  org.gradle.internal.work.DefaultSynchronizer.withLock(Ljava/lang/Runnable;)V+6
j  org.gradle.internal.model.StateTransitionController.maybeTransitionIfNotCurrentlyTransitioning(Lorg/gradle/internal/model/StateTransitionController$State;Lorg/gradle/internal/model/StateTransitionController$State;Ljava/lang/Runnable;)V+13
j  org.gradle.api.internal.project.ProjectLifecycleController.ensureSelfConfigured()V+16
j  org.gradle.api.internal.project.DefaultProjectStateRegistry$ProjectStateImpl.ensureConfigured()V+19
j  org.gradle.execution.TaskPathProjectEvaluator.configure(Lorg/gradle/api/internal/project/ProjectInternal;)V+6
j  org.gradle.execution.TaskPathProjectEvaluator.configureHierarchy(Lorg/gradle/api/internal/project/ProjectInternal;)V+2
j  org.gradle.configuration.DefaultProjectsPreparer.prepareProjects(Lorg/gradle/api/internal/GradleInternal;)V+52
j  org.gradle.configuration.BuildTreePreparingProjectsPreparer.prepareProjects(Lorg/gradle/api/internal/GradleInternal;)V+114
j  org.gradle.configuration.BuildOperationFiringProjectsPreparer$ConfigureBuild.run(Lorg/gradle/internal/operations/BuildOperationContext;)V+11
j  org.gradle.internal.operations.DefaultBuildOperationRunner$1.execute(Lorg/gradle/internal/operations/RunnableBuildOperation;Lorg/gradle/internal/operations/BuildOperationContext;)V+2
j  org.gradle.internal.operations.DefaultBuildOperationRunner$1.execute(Lorg/gradle/internal/operations/BuildOperation;Lorg/gradle/internal/operations/BuildOperationContext;)V+6
j  org.gradle.internal.operations.DefaultBuildOperationRunner$2.execute(Lorg/gradle/internal/operations/BuildOperationDescriptor;Lorg/gradle/internal/operations/BuildOperationState;Lorg/gradle/internal/operations/BuildOperationState;Lorg/gradle/internal/operations/DefaultBuildOperationRunner$ReadableBuildOperationContext;Lorg/gradle/internal/operations/DefaultBuildOperationRunner$BuildOperationExecutionListener;)Lorg/gradle/internal/operations/BuildOperation;+22
j  org.gradle.internal.operations.DefaultBuildOperationRunner$2.execute(Lorg/gradle/internal/operations/BuildOperationDescriptor;Lorg/gradle/internal/operations/BuildOperationState;Lorg/gradle/internal/operations/BuildOperationState;Lorg/gradle/internal/operations/DefaultBuildOperationRunner$ReadableBuildOperationContext;Lorg/gradle/internal/operations/DefaultBuildOperationRunner$BuildOperationExecutionListener;)Ljava/lang/Object;+8
j  org.gradle.internal.operations.DefaultBuildOperationRunner.execute(Lorg/gradle/internal/operations/BuildOperationDescriptor$Builder;Lorg/gradle/internal/operations/BuildOperationState;Lorg/gradle/internal/operations/DefaultBuildOperationRunner$BuildOperationExecution;)Ljava/lang/Object;+141
j  org.gradle.internal.operations.DefaultBuildOperationRunner.execute(Lorg/gradle/internal/operations/BuildOperation;Lorg/gradle/internal/operations/BuildOperationWorker;Lorg/gradle/internal/operations/BuildOperationState;)V+18
j  org.gradle.internal.operations.DefaultBuildOperationRunner.run(Lorg/gradle/internal/operations/RunnableBuildOperation;)V+9
j  org.gradle.configuration.BuildOperationFiringProjectsPreparer.prepareProjects(Lorg/gradle/api/internal/GradleInternal;)V+13
j  org.gradle.initialization.VintageBuildModelController.lambda$prepareProjects$2()V+8
j  org.gradle.initialization.VintageBuildModelController$$Lambda+0x000001fd5f6ba6d0.run()V+4
j  org.gradle.internal.model.StateTransitionController.lambda$doTransition$14(Ljava/lang/Runnable;)Lorg/gradle/internal/build/ExecutionResult;+1
j  org.gradle.internal.model.StateTransitionController$$Lambda+0x000001fd5f3f5b10.get()Ljava/lang/Object;+4
j  org.gradle.internal.model.StateTransitionController.doTransition(Lorg/gradle/internal/model/StateTransitionController$State;Lorg/gradle/internal/model/StateTransitionController$State;Ljava/util/function/Supplier;)Lorg/gradle/internal/build/ExecutionResult;+24
j  org.gradle.internal.model.StateTransitionController.doTransition(Lorg/gradle/internal/model/StateTransitionController$State;Lorg/gradle/internal/model/StateTransitionController$State;Ljava/lang/Runnable;)V+9
j  org.gradle.internal.model.StateTransitionController.lambda$transitionIfNotPreviously$11(Lorg/gradle/internal/model/StateTransitionController$State;Lorg/gradle/internal/model/StateTransitionController$State;Ljava/lang/Runnable;)V+16
j  org.gradle.internal.model.StateTransitionController$$Lambda+0x000001fd5f3f58e8.run()V+16
j  org.gradle.internal.work.DefaultSynchronizer.withLock(Ljava/lang/Runnable;)V+6
j  org.gradle.internal.model.StateTransitionController.transitionIfNotPreviously(Lorg/gradle/internal/model/StateTransitionController$State;Lorg/gradle/internal/model/StateTransitionController$State;Ljava/lang/Runnable;)V+13
j  org.gradle.initialization.VintageBuildModelController.prepareProjects()V+16
j  org.gradle.initialization.VintageBuildModelController.getConfiguredModel()Lorg/gradle/api/internal/GradleInternal;+5
j  org.gradle.internal.build.DefaultBuildLifecycleController$$Lambda+0x000001fd5f6ba4a8.get()Ljava/lang/Object;+4
j  org.gradle.internal.model.StateTransitionController.lambda$notInState$3(Lorg/gradle/internal/model/StateTransitionController$State;Ljava/util/function/Supplier;)Ljava/lang/Object;+11
j  org.gradle.internal.model.StateTransitionController$$Lambda+0x000001fd5f3f5498.create()Ljava/lang/Object;+12
j  org.gradle.internal.work.DefaultSynchronizer.withLock(Lorg/gradle/internal/Factory;)Ljava/lang/Object;+6
j  org.gradle.internal.model.StateTransitionController.notInState(Lorg/gradle/internal/model/StateTransitionController$State;Ljava/util/function/Supplier;)Ljava/lang/Object;+12
j  org.gradle.internal.build.DefaultBuildLifecycleController.configureProjects()V+21
j  org.gradle.internal.build.AbstractBuildState.ensureProjectsConfigured()V+4
j  org.gradle.internal.buildtree.BuildInclusionCoordinator$$Lambda+0x000001fd5f6b9bf8.run()V+4
j  org.gradle.internal.buildtree.BuildInclusionCoordinator$BuildSynchronizer.lambda$withLock$0(Ljava/lang/Runnable;)V+14
j  org.gradle.internal.buildtree.BuildInclusionCoordinator$BuildSynchronizer$$Lambda+0x000001fd5f6ba280.run()V+8
j  org.gradle.internal.work.DefaultSynchronizer.withLock(Ljava/lang/Runnable;)V+6
j  org.gradle.internal.buildtree.BuildInclusionCoordinator$BuildSynchronizer.withLock(Ljava/lang/Runnable;)V+11
j  org.gradle.internal.buildtree.BuildInclusionCoordinator.withLockForBuild(Lorg/gradle/internal/build/BuildState;Ljava/lang/Runnable;)V+20
j  org.gradle.internal.buildtree.BuildInclusionCoordinator.prepareForPluginResolution(Lorg/gradle/internal/build/IncludedBuildState;)V+13
j  org.gradle.internal.composite.DefaultBuildIncluder.prepareForPluginResolution(Lorg/gradle/internal/build/IncludedBuildState;)V+5
j  org.gradle.composite.internal.plugins.CompositeBuildPluginResolverContributor$CompositeBuildPluginResolver.resolveFromIncludedPluginBuilds(Lorg/gradle/plugin/use/PluginId;)Lorg/gradle/plugin/use/resolve/internal/PluginResolution;+39
j  org.gradle.composite.internal.plugins.CompositeBuildPluginResolverContributor$CompositeBuildPluginResolver.doResolve(Lorg/gradle/plugin/use/PluginId;)Lorg/gradle/composite/internal/plugins/CompositeBuildPluginResolverContributor$PluginResult;+2
j  org.gradle.composite.internal.plugins.CompositeBuildPluginResolverContributor$CompositeBuildPluginResolver$$Lambda+0x000001fd5f6a6fc0.apply(Ljava/lang/Object;)Ljava/lang/Object;+8
J 4593 c2 java.util.concurrent.ConcurrentHashMap.computeIfAbsent(Ljava/lang/Object;Ljava/util/function/Function;)Ljava/lang/Object; java.base@21.0.12.1 (576 bytes) @ 0x000001fd4fc405f8 [0x000001fd4fc3ff40+0x00000000000006b8]
j  org.gradle.composite.internal.plugins.CompositeBuildPluginResolverContributor$CompositeBuildPluginResolver.resolve(Lorg/gradle/plugin/management/internal/PluginRequestInternal;)Lorg/gradle/plugin/use/resolve/internal/PluginResolutionResult;+16
j  org.gradle.plugin.use.resolve.internal.CompositePluginResolver.resolve(Lorg/gradle/plugin/management/internal/PluginRequestInternal;)Lorg/gradle/plugin/use/resolve/internal/PluginResolutionResult;+37
j  org.gradle.plugin.use.resolve.internal.AlreadyOnClasspathPluginResolver.resolve(Lorg/gradle/plugin/management/internal/PluginRequestInternal;)Lorg/gradle/plugin/use/resolve/internal/PluginResolutionResult;+28
j  org.gradle.plugin.use.internal.DefaultPluginRequestApplicator.resolvePluginRequest(Lorg/gradle/plugin/use/resolve/internal/PluginResolver;Lorg/gradle/plugin/management/internal/PluginRequestInternal;)Lorg/gradle/plugin/use/resolve/internal/PluginResolution;+2
j  org.gradle.plugin.use.internal.DefaultPluginRequestApplicator.applyPlugins(Lorg/gradle/plugin/management/internal/PluginRequests;Lorg/gradle/api/internal/initialization/ScriptHandlerInternal;Lorg/gradle/api/internal/plugins/PluginManagerInternal;Lorg/gradle/api/internal/initialization/ClassLoaderScope;)V+136
j  org.gradle.kotlin.dsl.provider.PluginRequestsHandler.handle(Lorg/gradle/plugin/management/internal/PluginRequests;Lorg/gradle/api/internal/initialization/ScriptHandlerInternal;Lorg/gradle/api/internal/plugins/PluginAwareInternal;Lorg/gradle/api/internal/initialization/ClassLoaderScope;)V+65
j  org.gradle.kotlin.dsl.provider.StandardKotlinScriptEvaluator$InterpreterHost.applyPluginsTo(Lorg/gradle/kotlin/dsl/support/KotlinScriptHost;Lorg/gradle/plugin/management/internal/PluginRequests;)V+52
j  org.gradle.kotlin.dsl.execution.Interpreter$ProgramHost.applyPluginsTo(Lorg/gradle/kotlin/dsl/support/KotlinScriptHost;Lorg/gradle/plugin/management/internal/PluginRequests;)V+21
j  Program.execute(Lorg/gradle/kotlin/dsl/execution/ExecutableProgram$Host;Lorg/gradle/kotlin/dsl/support/KotlinScriptHost;)V+45
j  org.gradle.kotlin.dsl.execution.Interpreter$ProgramHost.eval(Lorg/gradle/kotlin/dsl/execution/CompiledScript;Lorg/gradle/kotlin/dsl/support/KotlinScriptHost;)V+88
j  org.gradle.kotlin.dsl.execution.Interpreter.eval(Ljava/lang/Object;Lorg/gradle/groovy/scripts/ScriptSource;Lorg/gradle/internal/hash/HashCode;Lorg/gradle/api/initialization/dsl/ScriptHandler;Lorg/gradle/api/internal/initialization/ClassLoaderScope;Lorg/gradle/api/internal/initialization/ClassLoaderScope;ZLjava/util/EnumSet;)V+213
j  org.gradle.kotlin.dsl.provider.StandardKotlinScriptEvaluator.evaluate(Ljava/lang/Object;Lorg/gradle/groovy/scripts/ScriptSource;Lorg/gradle/api/initialization/dsl/ScriptHandler;Lorg/gradle/api/internal/initialization/ClassLoaderScope;Lorg/gradle/api/internal/initialization/ClassLoaderScope;ZLjava/util/EnumSet;)V+163
j  org.gradle.kotlin.dsl.provider.KotlinScriptPluginFactory$create$1.invoke(Ljava/lang/Object;)V+253
j  org.gradle.kotlin.dsl.provider.KotlinScriptPluginFactory$create$1.invoke(Ljava/lang/Object;)Ljava/lang/Object;+2
j  org.gradle.kotlin.dsl.provider.KotlinScriptPlugin.apply(Ljava/lang/Object;)V+22
j  org.gradle.configuration.BuildOperationScriptPlugin$1.run(Lorg/gradle/internal/operations/BuildOperationContext;)V+11
j  org.gradle.internal.operations.DefaultBuildOperationRunner$1.execute(Lorg/gradle/internal/operations/RunnableBuildOperation;Lorg/gradle/internal/operations/BuildOperationContext;)V+2
j  org.gradle.internal.operations.DefaultBuildOperationRunner$1.execute(Lorg/gradle/internal/operations/BuildOperation;Lorg/gradle/internal/operations/BuildOperationContext;)V+6
j  org.gradle.internal.operations.DefaultBuildOperationRunner$2.execute(Lorg/gradle/internal/operations/BuildOperationDescriptor;Lorg/gradle/internal/operations/BuildOperationState;Lorg/gradle/internal/operations/BuildOperationState;Lorg/gradle/internal/operations/DefaultBuildOperationRunner$ReadableBuildOperationContext;Lorg/gradle/internal/operations/DefaultBuildOperationRunner$BuildOperationExecutionListener;)Lorg/gradle/internal/operations/BuildOperation;+22
j  org.gradle.internal.operations.DefaultBuildOperationRunner$2.execute(Lorg/gradle/internal/operations/BuildOperationDescriptor;Lorg/gradle/internal/operations/BuildOperationState;Lorg/gradle/internal/operations/BuildOperationState;Lorg/gradle/internal/operations/DefaultBuildOperationRunner$ReadableBuildOperationContext;Lorg/gradle/internal/operations/DefaultBuildOperationRunner$BuildOperationExecutionListener;)Ljava/lang/Object;+8
j  org.gradle.internal.operations.DefaultBuildOperationRunner.execute(Lorg/gradle/internal/operations/BuildOperationDescriptor$Builder;Lorg/gradle/internal/operations/BuildOperationState;Lorg/gradle/internal/operations/DefaultBuildOperationRunner$BuildOperationExecution;)Ljava/lang/Object;+141
j  org.gradle.internal.operations.DefaultBuildOperationRunner.execute(Lorg/gradle/internal/operations/BuildOperation;Lorg/gradle/internal/operations/BuildOperationWorker;Lorg/gradle/internal/operations/BuildOperationState;)V+18
j  org.gradle.internal.operations.DefaultBuildOperationRunner.run(Lorg/gradle/internal/operations/RunnableBuildOperation;)V+9
j  org.gradle.configuration.BuildOperationScriptPlugin.lambda$apply$0(Ljava/lang/Object;Lorg/gradle/internal/code/UserCodeApplicationId;)V+14
j  org.gradle.configuration.BuildOperationScriptPlugin$$Lambda+0x000001fd5f520000.execute(Ljava/lang/Object;)V+12
j  org.gradle.internal.code.DefaultUserCodeApplicationContext.apply(Lorg/gradle/internal/code/UserCodeSource;Lorg/gradle/api/Action;)V+37
j  org.gradle.configuration.BuildOperationScriptPlugin.apply(Ljava/lang/Object;)V+71
j  org.gradle.initialization.ScriptEvaluatingSettingsProcessor.applySettingsScript(Lorg/gradle/groovy/scripts/TextResourceScriptSource;Lorg/gradle/api/internal/SettingsInternal;)V+32
j  org.gradle.initialization.ScriptEvaluatingSettingsProcessor.process(Lorg/gradle/api/internal/GradleInternal;Lorg/gradle/initialization/SettingsLocation;Lorg/gradle/api/internal/initialization/ClassLoaderScope;Lorg/gradle/StartParameter;)Lorg/gradle/initialization/SettingsState;+90
j  org.gradle.initialization.SettingsEvaluatedCallbackFiringSettingsProcessor.process(Lorg/gradle/api/internal/GradleInternal;Lorg/gradle/initialization/SettingsLocation;Lorg/gradle/api/internal/initialization/ClassLoaderScope;Lorg/gradle/StartParameter;)Lorg/gradle/initialization/SettingsState;+9
j  org.gradle.initialization.RootBuildCacheControllerSettingsProcessor.process(Lorg/gradle/api/internal/GradleInternal;Lorg/gradle/initialization/SettingsLocation;Lorg/gradle/api/internal/initialization/ClassLoaderScope;Lorg/gradle/StartParameter;)Lorg/gradle/initialization/SettingsState;+9
j  org.gradle.initialization.BuildOperationSettingsProcessor$2.call(Lorg/gradle/internal/operations/BuildOperationContext;)Lorg/gradle/initialization/SettingsState;+23
j  org.gradle.initialization.BuildOperationSettingsProcessor$2.call(Lorg/gradle/internal/operations/BuildOperationContext;)Ljava/lang/Object;+2
j  org.gradle.internal.operations.DefaultBuildOperationRunner$CallableBuildOperationWorker.execute(Lorg/gradle/internal/operations/CallableBuildOperation;Lorg/gradle/internal/operations/BuildOperationContext;)V+3
j  org.gradle.internal.operations.DefaultBuildOperationRunner$CallableBuildOperationWorker.execute(Lorg/gradle/internal/operations/BuildOperation;Lorg/gradle/internal/operations/BuildOperationContext;)V+6
j  org.gradle.internal.operations.DefaultBuildOperationRunner$2.execute(Lorg/gradle/internal/operations/BuildOperationDescriptor;Lorg/gradle/internal/operations/BuildOperationState;Lorg/gradle/internal/operations/BuildOperationState;Lorg/gradle/internal/operations/DefaultBuildOperationRunner$ReadableBuildOperationContext;Lorg/gradle/internal/operations/DefaultBuildOperationRunner$BuildOperationExecutionListener;)Lorg/gradle/internal/operations/BuildOperation;+22
j  org.gradle.internal.operations.DefaultBuildOperationRunner$2.execute(Lorg/gradle/internal/operations/BuildOperationDescriptor;Lorg/gradle/internal/operations/BuildOperationState;Lorg/gradle/internal/operations/BuildOperationState;Lorg/gradle/internal/operations/DefaultBuildOperationRunner$ReadableBuildOperationContext;Lorg/gradle/internal/operations/DefaultBuildOperationRunner$BuildOperationExecutionListener;)Ljava/lang/Object;+8
j  org.gradle.internal.operations.DefaultBuildOperationRunner.execute(Lorg/gradle/internal/operations/BuildOperationDescriptor$Builder;Lorg/gradle/internal/operations/BuildOperationState;Lorg/gradle/internal/operations/DefaultBuildOperationRunner$BuildOperationExecution;)Ljava/lang/Object;+141
j  org.gradle.internal.operations.DefaultBuildOperationRunner.execute(Lorg/gradle/internal/operations/BuildOperation;Lorg/gradle/internal/operations/BuildOperationWorker;Lorg/gradle/internal/operations/BuildOperationState;)V+18
j  org.gradle.internal.operations.DefaultBuildOperationRunner.call(Lorg/gradle/internal/operations/CallableBuildOperation;)Ljava/lang/Object;+16
j  org.gradle.initialization.BuildOperationSettingsProcessor.process(Lorg/gradle/api/internal/GradleInternal;Lorg/gradle/initialization/SettingsLocation;Lorg/gradle/api/internal/initialization/ClassLoaderScope;Lorg/gradle/StartParameter;)Lorg/gradle/initialization/SettingsState;+17
j  org.gradle.initialization.DefaultSettingsLoader.findSettingsAndLoadIfAppropriate(Lorg/gradle/api/internal/GradleInternal;Lorg/gradle/StartParameter;Lorg/gradle/initialization/SettingsLocation;Lorg/gradle/api/internal/initialization/ClassLoaderScope;)Lorg/gradle/initialization/SettingsState;+9
j  org.gradle.initialization.DefaultSettingsLoader.findAndLoadSettings(Lorg/gradle/api/internal/GradleInternal;)Lorg/gradle/initialization/SettingsState;+103
j  org.gradle.initialization.SettingsAttachingSettingsLoader.findAndLoadSettings(Lorg/gradle/api/internal/GradleInternal;)Lorg/gradle/initialization/SettingsState;+5
j  org.gradle.internal.composite.CommandLineIncludedBuildSettingsLoader.findAndLoadSettings(Lorg/gradle/api/internal/GradleInternal;)Lorg/gradle/initialization/SettingsState;+5
j  org.gradle.internal.composite.ChildBuildRegisteringSettingsLoader.findAndLoadSettings(Lorg/gradle/api/internal/GradleInternal;)Lorg/gradle/initialization/SettingsState;+5
j  org.gradle.internal.composite.CompositeBuildSettingsLoader.findAndLoadSettings(Lorg/gradle/api/internal/GradleInternal;)Lorg/gradle/initialization/SettingsState;+5
j  org.gradle.initialization.InitScriptHandlingSettingsLoader.findAndLoadSettings(Lorg/gradle/api/internal/GradleInternal;)Lorg/gradle/initialization/SettingsState;+13
j  org.gradle.api.internal.initialization.CacheConfigurationsHandlingSettingsLoader.findAndLoadSettings(Lorg/gradle/api/internal/GradleInternal;)Lorg/gradle/initialization/SettingsState;+15
j  org.gradle.initialization.GradlePropertiesHandlingSettingsLoader.findAndLoadSettings(Lorg/gradle/api/internal/GradleInternal;)Lorg/gradle/initialization/SettingsState;+40
j  org.gradle.initialization.DefaultSettingsPreparer.prepareSettings(Lorg/gradle/api/internal/GradleInternal;)V+33
j  org.gradle.initialization.BuildOperationFiringSettingsPreparer$LoadBuild.doLoadBuild()V+11
j  org.gradle.initialization.BuildOperationFiringSettingsPreparer$LoadBuild.run(Lorg/gradle/internal/operations/BuildOperationContext;)V+1
j  org.gradle.internal.operations.DefaultBuildOperationRunner$1.execute(Lorg/gradle/internal/operations/RunnableBuildOperation;Lorg/gradle/internal/operations/BuildOperationContext;)V+2
j  org.gradle.internal.operations.DefaultBuildOperationRunner$1.execute(Lorg/gradle/internal/operations/BuildOperation;Lorg/gradle/internal/operations/BuildOperationContext;)V+6
j  org.gradle.internal.operations.DefaultBuildOperationRunner$2.execute(Lorg/gradle/internal/operations/BuildOperationDescriptor;Lorg/gradle/internal/operations/BuildOperationState;Lorg/gradle/internal/operations/BuildOperationState;Lorg/gradle/internal/operations/DefaultBuildOperationRunner$ReadableBuildOperationContext;Lorg/gradle/internal/operations/DefaultBuildOperationRunner$BuildOperationExecutionListener;)Lorg/gradle/internal/operations/BuildOperation;+22
j  org.gradle.internal.operations.DefaultBuildOperationRunner$2.execute(Lorg/gradle/internal/operations/BuildOperationDescriptor;Lorg/gradle/internal/operations/BuildOperationState;Lorg/gradle/internal/operations/BuildOperationState;Lorg/gradle/internal/operations/DefaultBuildOperationRunner$ReadableBuildOperationContext;Lorg/gradle/internal/operations/DefaultBuildOperationRunner$BuildOperationExecutionListener;)Ljava/lang/Object;+8
j  org.gradle.internal.operations.DefaultBuildOperationRunner.execute(Lorg/gradle/internal/operations/BuildOperationDescriptor$Builder;Lorg/gradle/internal/operations/BuildOperationState;Lorg/gradle/internal/operations/DefaultBuildOperationRunner$BuildOperationExecution;)Ljava/lang/Object;+141
j  org.gradle.internal.operations.DefaultBuildOperationRunner.execute(Lorg/gradle/internal/operations/BuildOperation;Lorg/gradle/internal/operations/BuildOperationWorker;Lorg/gradle/internal/operations/BuildOperationState;)V+18
j  org.gradle.internal.operations.DefaultBuildOperationRunner.run(Lorg/gradle/internal/operations/RunnableBuildOperation;)V+9
j  org.gradle.initialization.BuildOperationFiringSettingsPreparer.prepareSettings(Lorg/gradle/api/internal/GradleInternal;)V+31
j  org.gradle.initialization.VintageBuildModelController.lambda$prepareSettings$1()V+8
j  org.gradle.initialization.VintageBuildModelController$$Lambda+0x000001fd5f3f56c0.run()V+4
j  org.gradle.internal.model.StateTransitionController.lambda$doTransition$14(Ljava/lang/Runnable;)Lorg/gradle/internal/build/ExecutionResult;+1
j  org.gradle.internal.model.StateTransitionController$$Lambda+0x000001fd5f3f5b10.get()Ljava/lang/Object;+4
j  org.gradle.internal.model.StateTransitionController.doTransition(Lorg/gradle/internal/model/StateTransitionController$State;Lorg/gradle/internal/model/StateTransitionController$State;Ljava/util/function/Supplier;)Lorg/gradle/internal/build/ExecutionResult;+24
j  org.gradle.internal.model.StateTransitionController.doTransition(Lorg/gradle/internal/model/StateTransitionController$State;Lorg/gradle/internal/model/StateTransitionController$State;Ljava/lang/Runnable;)V+9
j  org.gradle.internal.model.StateTransitionController.lambda$transitionIfNotPreviously$11(Lorg/gradle/internal/model/StateTransitionController$State;Lorg/gradle/internal/model/StateTransitionController$State;Ljava/lang/Runnable;)V+16
j  org.gradle.internal.model.StateTransitionController$$Lambda+0x000001fd5f3f58e8.run()V+16
j  org.gradle.internal.work.DefaultSynchronizer.withLock(Ljava/lang/Runnable;)V+6
j  org.gradle.internal.model.StateTransitionController.transitionIfNotPreviously(Lorg/gradle/internal/model/StateTransitionController$State;Lorg/gradle/internal/model/StateTransitionController$State;Ljava/lang/Runnable;)V+13
j  org.gradle.initialization.VintageBuildModelController.prepareSettings()V+16
j  org.gradle.initialization.VintageBuildModelController.getConfiguredModel()Lorg/gradle/api/internal/GradleInternal;+1
j  org.gradle.internal.build.DefaultBuildLifecycleController.lambda$withProjectsConfigured$1(Ljava/util/function/Function;)Ljava/lang/Object;+5
j  org.gradle.internal.build.DefaultBuildLifecycleController$$Lambda+0x000001fd5f3f5270.get()Ljava/lang/Object;+8
j  org.gradle.internal.model.StateTransitionController.lambda$notInState$3(Lorg/gradle/internal/model/StateTransitionController$State;Ljava/util/function/Supplier;)Ljava/lang/Object;+11
j  org.gradle.internal.model.StateTransitionController$$Lambda+0x000001fd5f3f5498.create()Ljava/lang/Object;+12
j  org.gradle.internal.work.DefaultSynchronizer.withLock(Lorg/gradle/internal/Factory;)Ljava/lang/Object;+6
j  org.gradle.internal.model.StateTransitionController.notInState(Lorg/gradle/internal/model/StateTransitionController$State;Ljava/util/function/Supplier;)Ljava/lang/Object;+12
j  org.gradle.internal.build.DefaultBuildLifecycleController.withProjectsConfigured(Ljava/util/function/Function;)Ljava/lang/Object;+14
j  org.gradle.internal.build.DefaultBuildToolingModelController.locateBuilderForTarget(Ljava/lang/String;Z)Lorg/gradle/tooling/provider/model/internal/ToolingModelScope;+38
j  org.gradle.internal.buildtree.DefaultBuildTreeModelCreator$DefaultBuildTreeModelController.lambda$locateBuilderForTarget$0(Ljava/lang/String;ZLorg/gradle/internal/build/BuildToolingModelController;)Lorg/gradle/tooling/provider/model/internal/ToolingModelScope;+3
j  org.gradle.internal.buildtree.DefaultBuildTreeModelCreator$DefaultBuildTreeModelController$$Lambda+0x000001fd5f3d7250.apply(Ljava/lang/Object;)Ljava/lang/Object;+12
j  org.gradle.internal.build.DefaultBuildLifecycleController.withToolingModels(Ljava/util/function/Function;)Ljava/lang/Object;+15
j  org.gradle.internal.build.AbstractBuildState.withToolingModels(Ljava/util/function/Function;)Ljava/lang/Object;+5
j  org.gradle.internal.buildtree.DefaultBuildTreeModelCreator$DefaultBuildTreeModelController.locateBuilderForTarget(Lorg/gradle/internal/build/BuildState;Ljava/lang/String;Z)Lorg/gradle/tooling/provider/model/internal/ToolingModelScope;+8
j  org.gradle.internal.buildtree.DefaultBuildTreeModelCreator$DefaultBuildTreeModelController.locateBuilderForDefaultTarget(Ljava/lang/String;Z)Lorg/gradle/tooling/provider/model/internal/ToolingModelScope;+10
j  org.gradle.tooling.internal.provider.runner.BuildModelActionRunner$ModelCreateAction.fromBuildModel(Lorg/gradle/internal/buildtree/BuildTreeModelController;)Ljava/lang/Object;+11
j  org.gradle.internal.buildtree.DefaultBuildTreeModelCreator.fromBuildModel(Lorg/gradle/internal/buildtree/BuildTreeModelAction;)Ljava/lang/Object;+10
j  org.gradle.internal.buildtree.DefaultBuildTreeLifecycleController.lambda$fromBuildModel$2(Lorg/gradle/internal/buildtree/BuildTreeModelAction;Z)Lorg/gradle/internal/build/ExecutionResult;+57
j  org.gradle.internal.buildtree.DefaultBuildTreeLifecycleController$$Lambda+0x000001fd5f3d6330.get()Ljava/lang/Object;+12
j  org.gradle.internal.buildtree.DefaultBuildTreeLifecycleController.lambda$runBuild$4(Ljava/util/function/Supplier;)Ljava/lang/Object;+1
j  org.gradle.internal.buildtree.DefaultBuildTreeLifecycleController$$Lambda+0x000001fd5f3d6558.get()Ljava/lang/Object;+8
j  org.gradle.internal.model.StateTransitionController.lambda$transition$6(Ljava/util/function/Supplier;)Lorg/gradle/internal/build/ExecutionResult;+1
j  org.gradle.internal.model.StateTransitionController$$Lambda+0x000001fd5f3d69a8.get()Ljava/lang/Object;+4
j  org.gradle.internal.model.StateTransitionController.doTransition(Lorg/gradle/internal/model/StateTransitionController$State;Lorg/gradle/internal/model/StateTransitionController$State;Ljava/util/function/Supplier;)Lorg/gradle/internal/build/ExecutionResult;+24
j  org.gradle.internal.model.StateTransitionController.lambda$transition$7(Lorg/gradle/internal/model/StateTransitionController$State;Lorg/gradle/internal/model/StateTransitionController$State;Ljava/util/function/Supplier;)Ljava/lang/Object;+9
j  org.gradle.internal.model.StateTransitionController$$Lambda+0x000001fd5f3d6780.create()Ljava/lang/Object;+16
j  org.gradle.internal.work.DefaultSynchronizer.withLock(Lorg/gradle/internal/Factory;)Ljava/lang/Object;+6
j  org.gradle.internal.model.StateTransitionController.transition(Lorg/gradle/internal/model/StateTransitionController$State;Lorg/gradle/internal/model/StateTransitionController$State;Ljava/util/function/Supplier;)Ljava/lang/Object;+13
j  org.gradle.internal.buildtree.DefaultBuildTreeLifecycleController.runBuild(Ljava/util/function/Supplier;)Ljava/lang/Object;+17
j  org.gradle.internal.buildtree.DefaultBuildTreeLifecycleController.fromBuildModel(ZLorg/gradle/internal/buildtree/BuildTreeModelAction;)Ljava/lang/Object;+9
j  org.gradle.tooling.internal.provider.runner.BuildModelActionRunner.run(Lorg/gradle/internal/invocation/BuildAction;Lorg/gradle/internal/buildtree/BuildTreeLifecycleController;)Lorg/gradle/internal/buildtree/BuildActionRunner$Result;+40
j  org.gradle.launcher.exec.ChainingBuildActionRunner.run(Lorg/gradle/internal/invocation/BuildAction;Lorg/gradle/internal/buildtree/BuildTreeLifecycleController;)Lorg/gradle/internal/buildtree/BuildActionRunner$Result;+34
j  org.gradle.internal.buildtree.ProblemReportingBuildActionRunner.run(Lorg/gradle/internal/invocation/BuildAction;Lorg/gradle/internal/buildtree/BuildTreeLifecycleController;)Lorg/gradle/internal/buildtree/BuildActionRunner$Result;+12
j  org.gradle.launcher.exec.BuildOutcomeReportingBuildActionRunner.run(Lorg/gradle/internal/invocation/BuildAction;Lorg/gradle/internal/buildtree/BuildTreeLifecycleController;)Lorg/gradle/internal/buildtree/BuildActionRunner$Result;+69
j  org.gradle.tooling.internal.provider.FileSystemWatchingBuildActionRunner.run(Lorg/gradle/internal/invocation/BuildAction;Lorg/gradle/internal/buildtree/BuildTreeLifecycleController;)Lorg/gradle/internal/buildtree/BuildActionRunner$Result;+317
j  org.gradle.launcher.exec.BuildCompletionNotifyingBuildActionRunner.run(Lorg/gradle/internal/invocation/BuildAction;Lorg/gradle/internal/buildtree/BuildTreeLifecycleController;)Lorg/gradle/internal/buildtree/BuildActionRunner$Result;+6
j  org.gradle.launcher.exec.RootBuildLifecycleBuildActionExecutor.lambda$execute$0(Lorg/gradle/internal/invocation/BuildAction;Lorg/gradle/internal/buildtree/BuildTreeLifecycleController;)Lorg/gradle/internal/buildtree/BuildActionRunner$Result;+6
j  org.gradle.launcher.exec.RootBuildLifecycleBuildActionExecutor$$Lambda+0x000001fd5f3bee88.apply(Ljava/lang/Object;)Ljava/lang/Object;+12
j  org.gradle.composite.internal.DefaultRootBuildState.run(Ljava/util/function/Function;)Ljava/lang/Object;+87
j  org.gradle.launcher.exec.RootBuildLifecycleBuildActionExecutor.execute(Lorg/gradle/internal/invocation/BuildAction;Lorg/gradle/internal/buildtree/BuildTreeContext;)Lorg/gradle/internal/buildtree/BuildActionRunner$Result;+75
j  org.gradle.internal.buildtree.InitDeprecationLoggingActionExecutor.execute(Lorg/gradle/internal/invocation/BuildAction;Lorg/gradle/internal/buildtree/BuildTreeContext;)Lorg/gradle/internal/buildtree/BuildActionRunner$Result;+83
j  org.gradle.internal.buildtree.InitProblems.execute(Lorg/gradle/internal/invocation/BuildAction;Lorg/gradle/internal/buildtree/BuildTreeContext;)Lorg/gradle/internal/buildtree/BuildActionRunner$Result;+13
j  org.gradle.internal.buildtree.DefaultBuildTreeContext.execute(Lorg/gradle/internal/invocation/BuildAction;)Lorg/gradle/internal/buildtree/BuildActionRunner$Result;+64
j  org.gradle.launcher.exec.BuildTreeLifecycleBuildActionExecutor.lambda$execute$0(Lorg/gradle/internal/invocation/BuildAction;Lorg/gradle/internal/buildtree/BuildTreeContext;)Lorg/gradle/internal/buildtree/BuildActionRunner$Result;+2
j  org.gradle.launcher.exec.BuildTreeLifecycleBuildActionExecutor$$Lambda+0x000001fd5f2b3380.apply(Ljava/lang/Object;)Ljava/lang/Object;+8
j  org.gradle.internal.buildtree.BuildTreeState.run(Ljava/util/function/Function;)Ljava/lang/Object;+47
j  org.gradle.launcher.exec.BuildTreeLifecycleBuildActionExecutor.execute(Lorg/gradle/internal/invocation/BuildAction;Lorg/gradle/internal/session/BuildSessionContext;)Lorg/gradle/internal/buildtree/BuildActionRunner$Result;+74
j  org.gradle.launcher.exec.RunAsBuildOperationBuildActionExecutor$2.call(Lorg/gradle/internal/operations/BuildOperationContext;)Lorg/gradle/internal/buildtree/BuildActionRunner$Result;+25
j  org.gradle.launcher.exec.RunAsBuildOperationBuildActionExecutor$2.call(Lorg/gradle/internal/operations/BuildOperationContext;)Ljava/lang/Object;+2
j  org.gradle.internal.operations.DefaultBuildOperationRunner$CallableBuildOperationWorker.execute(Lorg/gradle/internal/operations/CallableBuildOperation;Lorg/gradle/internal/operations/BuildOperationContext;)V+3
j  org.gradle.internal.operations.DefaultBuildOperationRunner$CallableBuildOperationWorker.execute(Lorg/gradle/internal/operations/BuildOperation;Lorg/gradle/internal/operations/BuildOperationContext;)V+6
j  org.gradle.internal.operations.DefaultBuildOperationRunner$2.execute(Lorg/gradle/internal/operations/BuildOperationDescriptor;Lorg/gradle/internal/operations/BuildOperationState;Lorg/gradle/internal/operations/BuildOperationState;Lorg/gradle/internal/operations/DefaultBuildOperationRunner$ReadableBuildOperationContext;Lorg/gradle/internal/operations/DefaultBuildOperationRunner$BuildOperationExecutionListener;)Lorg/gradle/internal/operations/BuildOperation;+22
j  org.gradle.internal.operations.DefaultBuildOperationRunner$2.execute(Lorg/gradle/internal/operations/BuildOperationDescriptor;Lorg/gradle/internal/operations/BuildOperationState;Lorg/gradle/internal/operations/BuildOperationState;Lorg/gradle/internal/operations/DefaultBuildOperationRunner$ReadableBuildOperationContext;Lorg/gradle/internal/operations/DefaultBuildOperationRunner$BuildOperationExecutionListener;)Ljava/lang/Object;+8
j  org.gradle.internal.operations.DefaultBuildOperationRunner.execute(Lorg/gradle/internal/operations/BuildOperationDescriptor$Builder;Lorg/gradle/internal/operations/BuildOperationState;Lorg/gradle/internal/operations/DefaultBuildOperationRunner$BuildOperationExecution;)Ljava/lang/Object;+141
j  org.gradle.internal.operations.DefaultBuildOperationRunner.execute(Lorg/gradle/internal/operations/BuildOperation;Lorg/gradle/internal/operations/BuildOperationWorker;Lorg/gradle/internal/operations/BuildOperationState;)V+18
j  org.gradle.internal.operations.DefaultBuildOperationRunner.call(Lorg/gradle/internal/operations/CallableBuildOperation;)Ljava/lang/Object;+16
j  org.gradle.launcher.exec.RunAsBuildOperationBuildActionExecutor.execute(Lorg/gradle/internal/invocation/BuildAction;Lorg/gradle/internal/session/BuildSessionContext;)Lorg/gradle/internal/buildtree/BuildActionRunner$Result;+23
j  org.gradle.launcher.exec.RunAsWorkerThreadBuildActionExecutor.lambda$execute$0(Lorg/gradle/internal/invocation/BuildAction;Lorg/gradle/internal/session/BuildSessionContext;)Lorg/gradle/internal/buildtree/BuildActionRunner$Result;+6
j  org.gradle.launcher.exec.RunAsWorkerThreadBuildActionExecutor$$Lambda+0x000001fd5f27ace8.create()Ljava/lang/Object;+12
j  org.gradle.internal.work.DefaultWorkerLeaseService.withLocks(Ljava/util/Collection;Lorg/gradle/internal/Factory;)Ljava/lang/Object;+28
j  org.gradle.internal.work.DefaultWorkerLeaseService.runAsWorkerThread(Lorg/gradle/internal/Factory;)Ljava/lang/Object;+33
j  org.gradle.launcher.exec.RunAsWorkerThreadBuildActionExecutor.execute(Lorg/gradle/internal/invocation/BuildAction;Lorg/gradle/internal/session/BuildSessionContext;)Lorg/gradle/internal/buildtree/BuildActionRunner$Result;+12
j  org.gradle.tooling.internal.provider.continuous.ContinuousBuildActionExecutor.execute(Lorg/gradle/internal/invocation/BuildAction;Lorg/gradle/internal/session/BuildSessionContext;)Lorg/gradle/internal/buildtree/BuildActionRunner$Result;+58
j  org.gradle.tooling.internal.provider.SubscribableBuildActionExecutor.execute(Lorg/gradle/internal/invocation/BuildAction;Lorg/gradle/internal/session/BuildSessionContext;)Lorg/gradle/internal/buildtree/BuildActionRunner$Result;+30
j  org.gradle.internal.session.DefaultBuildSessionContext.execute(Lorg/gradle/internal/invocation/BuildAction;)Lorg/gradle/internal/buildtree/BuildActionRunner$Result;+64
j  org.gradle.internal.buildprocess.execution.BuildSessionLifecycleBuildActionExecutor$ActionImpl.apply(Lorg/gradle/internal/session/BuildSessionContext;)Lorg/gradle/launcher/exec/BuildActionResult;+6
j  org.gradle.internal.buildprocess.execution.BuildSessionLifecycleBuildActionExecutor$ActionImpl.apply(Ljava/lang/Object;)Ljava/lang/Object;+5
j  org.gradle.internal.session.BuildSessionState.run(Ljava/util/function/Function;)Ljava/lang/Object;+5
j  org.gradle.internal.buildprocess.execution.BuildSessionLifecycleBuildActionExecutor.execute(Lorg/gradle/internal/invocation/BuildAction;Lorg/gradle/launcher/exec/BuildActionParameters;Lorg/gradle/initialization/BuildRequestContext;)Lorg/gradle/launcher/exec/BuildActionResult;+95
j  org.gradle.internal.buildprocess.execution.BuildSessionLifecycleBuildActionExecutor.execute(Lorg/gradle/internal/invocation/BuildAction;Ljava/lang/Object;Ljava/lang/Object;)Lorg/gradle/launcher/exec/BuildActionResult;+10
j  org.gradle.internal.buildprocess.execution.StartParamsValidatingActionExecutor.execute(Lorg/gradle/internal/invocation/BuildAction;Lorg/gradle/launcher/exec/BuildActionParameters;Lorg/gradle/initialization/BuildRequestContext;)Lorg/gradle/launcher/exec/BuildActionResult;+203
j  org.gradle.internal.buildprocess.execution.StartParamsValidatingActionExecutor.execute(Lorg/gradle/internal/invocation/BuildAction;Ljava/lang/Object;Ljava/lang/Object;)Lorg/gradle/launcher/exec/BuildActionResult;+10
j  org.gradle.internal.buildprocess.execution.SessionFailureReportingActionExecutor.execute(Lorg/gradle/internal/invocation/BuildAction;Lorg/gradle/launcher/exec/BuildActionParameters;Lorg/gradle/initialization/BuildRequestContext;)Lorg/gradle/launcher/exec/BuildActionResult;+7
j  org.gradle.internal.buildprocess.execution.SessionFailureReportingActionExecutor.execute(Lorg/gradle/internal/invocation/BuildAction;Ljava/lang/Object;Ljava/lang/Object;)Lorg/gradle/launcher/exec/BuildActionResult;+10
j  org.gradle.internal.buildprocess.execution.SetupLoggingActionExecutor.execute(Lorg/gradle/internal/invocation/BuildAction;Lorg/gradle/launcher/exec/BuildActionParameters;Lorg/gradle/initialization/BuildRequestContext;)Lorg/gradle/launcher/exec/BuildActionResult;+50
j  org.gradle.internal.buildprocess.execution.SetupLoggingActionExecutor.execute(Lorg/gradle/internal/invocation/BuildAction;Ljava/lang/Object;Ljava/lang/Object;)Lorg/gradle/launcher/exec/BuildActionResult;+10
j  org.gradle.launcher.daemon.server.exec.ExecuteBuild.doBuild(Lorg/gradle/launcher/daemon/server/api/DaemonCommandExecution;Lorg/gradle/launcher/daemon/protocol/Build;)V+147
j  org.gradle.launcher.daemon.server.exec.BuildCommandOnly.execute(Lorg/gradle/launcher/daemon/server/api/DaemonCommandExecution;)V+49
j  org.gradle.launcher.daemon.server.api.DaemonCommandExecution.proceed()Z+23
j  org.gradle.launcher.daemon.server.exec.WatchForDisconnection.execute(Lorg/gradle/launcher/daemon/server/api/DaemonCommandExecution;)V+19
j  org.gradle.launcher.daemon.server.api.DaemonCommandExecution.proceed()Z+23
j  org.gradle.launcher.daemon.server.exec.ResetDeprecationLogger.execute(Lorg/gradle/launcher/daemon/server/api/DaemonCommandExecution;)V+7
j  org.gradle.launcher.daemon.server.api.DaemonCommandExecution.proceed()Z+23
j  org.gradle.launcher.daemon.server.exec.RequestStopIfSingleUsedDaemon.execute(Lorg/gradle/launcher/daemon/server/api/DaemonCommandExecution;)V+33
j  org.gradle.launcher.daemon.server.api.DaemonCommandExecution.proceed()Z+23
j  org.gradle.launcher.daemon.server.exec.ForwardClientInput.lambda$execute$0(Lorg/gradle/launcher/daemon/server/api/DaemonCommandExecution;Lorg/gradle/internal/daemon/clientinput/StdinHandler;)Ljava/lang/Object;+11
j  org.gradle.launcher.daemon.server.exec.ForwardClientInput$$Lambda+0x000001fd5f18de48.apply(Ljava/lang/Object;)Ljava/lang/Object;+8
j  org.gradle.internal.daemon.clientinput.ClientInputForwarder.forwardInput(Ljava/util/function/Function;)Ljava/lang/Object;+46
j  org.gradle.launcher.daemon.server.exec.ForwardClientInput.execute(Lorg/gradle/launcher/daemon/server/api/DaemonCommandExecution;)V+10
j  org.gradle.launcher.daemon.server.api.DaemonCommandExecution.proceed()Z+23
j  org.gradle.launcher.daemon.server.exec.LogAndCheckHealth.execute(Lorg/gradle/launcher/daemon/server/api/DaemonCommandExecution;)V+51
j  org.gradle.launcher.daemon.server.api.DaemonCommandExecution.proceed()Z+23
j  org.gradle.launcher.daemon.server.exec.LogToClient.doBuild(Lorg/gradle/launcher/daemon/server/api/DaemonCommandExecution;Lorg/gradle/launcher/daemon/protocol/Build;)V+87
j  org.gradle.launcher.daemon.server.exec.BuildCommandOnly.execute(Lorg/gradle/launcher/daemon/server/api/DaemonCommandExecution;)V+49
j  org.gradle.launcher.daemon.server.api.DaemonCommandExecution.proceed()Z+23
j  org.gradle.launcher.daemon.server.exec.EstablishBuildEnvironment.doBuild(Lorg/gradle/launcher/daemon/server/api/DaemonCommandExecution;Lorg/gradle/launcher/daemon/protocol/Build;)V+356
j  org.gradle.launcher.daemon.server.exec.BuildCommandOnly.execute(Lorg/gradle/launcher/daemon/server/api/DaemonCommandExecution;)V+49
j  org.gradle.launcher.daemon.server.api.DaemonCommandExecution.proceed()Z+23
j  org.gradle.launcher.daemon.server.exec.StartBuildOrRespondWithBusy$1.run()V+44
j  org.gradle.launcher.daemon.server.DaemonStateCoordinator.lambda$runCommand$0(Ljava/lang/Runnable;)V+1
j  org.gradle.launcher.daemon.server.DaemonStateCoordinator$$Lambda+0x000001fd5f18c7d0.run()V+8
j  org.gradle.internal.concurrent.ExecutorPolicy$CatchAndRecordFailures.onExecute(Ljava/lang/Runnable;)V+1
j  org.gradle.internal.concurrent.AbstractManagedExecutor$1.run()V+25
j  java.util.concurrent.ThreadPoolExecutor.runWorker(Ljava/util/concurrent/ThreadPoolExecutor$Worker;)V+92 java.base@21.0.12.1
j  java.util.concurrent.ThreadPoolExecutor$Worker.run()V+5 java.base@21.0.12.1
j  java.lang.Thread.runWith(Ljava/lang/Object;Ljava/lang/Runnable;)V+5 java.base@21.0.12.1
j  java.lang.Thread.run()V+19 java.base@21.0.12.1
v  ~StubRoutines::call_stub 0x000001fd4f62100d

Compiled method (n/a) 45063  790     n 0       java.lang.ClassLoader::defineClass1 (native)
 total in heap  [0x000001fd4fc10890,0x000001fd4fc10e28] = 1432
 relocation     [0x000001fd4fc109f0,0x000001fd4fc10a28] = 56
 main code      [0x000001fd4fc10a40,0x000001fd4fc10e21] = 993
 stub code      [0x000001fd4fc10e21,0x000001fd4fc10e28] = 7

[Constant Pool (empty)]

[MachCode]
[Entry Point]
  # {method} {0x000001fd5e434c38} 'defineClass1' '(Ljava/lang/ClassLoader;Ljava/lang/String;[BIILjava/security/ProtectionDomain;Ljava/lang/String;)Ljava/lang/Class;' in 'java/lang/ClassLoader'
  # parm0:    rdx:rdx   = 'java/lang/ClassLoader'
  # parm1:    r8:r8     = 'java/lang/String'
  # parm2:    r9:r9     = '[B'
  # parm3:    rdi       = int
  # parm4:    rsi       = int
  # parm5:    rcx:rcx   = 'java/security/ProtectionDomain'
  # parm6:    [sp+0xa0]   = 'java/lang/String'  (sp of caller)
  0x000001fd4fc10a40: 448b 5208 | 49bb 0000 | 005e fd01 | 0000 4d03 | d349 3bc2 | 0f84 0600 

  0x000001fd4fc10a58: ;   {runtime_call ic_miss_stub}
  0x000001fd4fc10a58: 0000 e921 | dda5 ff90 
[Verified Entry Point]
  0x000001fd4fc10a60: 8984 2400 | 80ff ff55 | 488b ec48 | 81ec 9000 | 0000 6690 | 4181 7f20 | 0700 0000 

  0x000001fd4fc10a7c: ;   {runtime_call StubRoutines (final stubs)}
  0x000001fd4fc10a7c: 7405 e81d | 5aa4 ff48 | 837d 1000 | 488d 4510 | 480f 4445 | 1048 8944 | 2440 4889 | 4c24 7048 
  0x000001fd4fc10a9c: 83f9 0048 | 8d44 2470 | 480f 4444 | 2470 4889 | 4424 3848 | 8974 2430 | 4889 7c24 | 284c 894c 
  0x000001fd4fc10abc: 2458 4983 | f900 488d | 4424 5848 | 0f44 4424 | 5848 8944 | 2420 4c89 | 4424 5049 | 83f8 004c 
  0x000001fd4fc10adc: 8d4c 2450 | 4c0f 444c | 2450 4889 | 5424 4848 | 83fa 004c | 8d44 2448 | 4c0f 4444 

  0x000001fd4fc10af8: ;   {oop(a 'java/lang/Class'{0x00000000800e1c78} = 'java/lang/ClassLoader')}
  0x000001fd4fc10af8: 2448 49be | 781c 0e80 | 0000 0000 | 4c89 7424 | 784c 8d74 | 2478 498b | d6c5 f877 

  0x000001fd4fc10b14: ;   {internal_word}
  0x000001fd4fc10b14: 49ba 110b | c14f fd01 | 0000 4d89 | 97a8 0300 | 0049 89a7 | a003 0000 

  0x000001fd4fc10b2c: ;   {external_word}
  0x000001fd4fc10b2c: 49ba 066d | d895 ff7f | 0000 4180 | 3a00 0f84 | 4e00 0000 | 5241 5041 

  0x000001fd4fc10b44: ;   {metadata({method} {0x000001fd5e434c38} 'defineClass1' '(Ljava/lang/ClassLoader;Ljava/lang/String;[BIILjava/security/ProtectionDomain;Ljava/lang/String;)Ljava/lang/Class;' in 'java/lang/ClassLoader')}
  0x000001fd4fc10b44: 5148 ba30 | 4c43 5efd | 0100 0049 | 8bcf 4883 | ec20 40f6 | c40f 0f84 | 1900 0000 | 4883 ec08 
  0x000001fd4fc10b64: ;   {runtime_call}
  0x000001fd4fc10b64: 48b8 e0ea | 8195 ff7f | 0000 ffd0 | 4883 c408 | e90c 0000 

  0x000001fd4fc10b78: ;   {runtime_call}
  0x000001fd4fc10b78: 0048 b8e0 | ea81 95ff | 7f00 00ff | d048 83c4 | 2041 5941 | 585a 498d | 8fc0 0300 | 0041 c787 
  0x000001fd4fc10b98: 4c04 0000 | 0400 0000 

  0x000001fd4fc10ba0: ;   {runtime_call}
  0x000001fd4fc10ba0: 48b8 ac16 | b301 f87f | 0000 ffd0 | c5f8 7741 | c787 4c04 | 0000 0500 | 0000 f083 | 4424 c000 
  0x000001fd4fc10bc0: 493b af50 | 0400 000f | 870e 0000 | 0041 83bf | 4804 0000 | 000f 842b | 0000 00c5 | f877 4889 
  0x000001fd4fc10be0: 45f8 498b | cf4c 8be4 | 4883 ec20 | 4883 e4f0 

  0x000001fd4fc10bf0: ;   {runtime_call}
  0x000001fd4fc10bf0: 48b8 0058 | 4d95 ff7f | 0000 ffd0 | 498b e44d | 33e4 488b | 45f8 41c7 | 874c 0400 | 0008 0000 
  0x000001fd4fc10c10: 0041 83bf | c804 0000 | 020f 84d5 

  0x000001fd4fc10c1c: ;   {external_word}
  0x000001fd4fc10c1c: 0100 0049 | ba06 6dd8 | 95ff 7f00 | 0041 803a | 000f 844c | 0000 0048 

  0x000001fd4fc10c34: ;   {metadata({method} {0x000001fd5e434c38} 'defineClass1' '(Ljava/lang/ClassLoader;Ljava/lang/String;[BIILjava/security/ProtectionDomain;Ljava/lang/String;)Ljava/lang/Class;' in 'java/lang/ClassLoader')}
  0x000001fd4fc10c34: 8945 f848 | ba30 4c43 | 5efd 0100 | 0049 8bcf | 4883 ec20 | 40f6 c40f | 0f84 1900 | 0000 4883 
  0x000001fd4fc10c54: ;   {runtime_call}
  0x000001fd4fc10c54: ec08 48b8 | e0ea 8195 | ff7f 0000 | ffd0 4883 | c408 e90c 

  0x000001fd4fc10c68: ;   {runtime_call}
  0x000001fd4fc10c68: 0000 0048 | b8e0 ea81 | 95ff 7f00 | 00ff d048 | 83c4 2048 | 8b45 f849 | c787 a003 | 0000 0000 
  0x000001fd4fc10c88: 0000 49c7 | 87a8 0300 | 0000 0000 | 00c5 f877 | 4885 c00f | 8430 0100 | 00a8 030f | 8508 0000 
  0x000001fd4fc10ca8: 0048 8b00 | e920 0100 | 00a8 010f | 8509 0000 | 0048 8b40 | fee9 0f01 | 0000 488b | 40ff 4180 
  0x000001fd4fc10cc8: 7f40 000f | 8400 0100 | 0048 83f8 | 000f 84f6 | 0000 0049 | 8b4f 2848 | 83f9 000f | 8414 0000 
  0x000001fd4fc10ce8: 0048 83e9 | 0849 894f | 2849 034f | 3848 8901 | e9d4 0000 | 0048 83ec | 7048 8904 | 2448 894c 
  0x000001fd4fc10d08: 2408 4889 | 5424 104c | 8944 2418 | 4c89 4c24 | 204c 8954 | 2428 4c89 | 5c24 30c5 | fb11 4424 
  0x000001fd4fc10d28: 40c5 fb11 | 4c24 48c5 | fb11 5424 | 50c5 fb11 | 5c24 58c5 | fb11 6424 | 60c5 fb11 | 6c24 6849 
  0x000001fd4fc10d48: 8bd7 488b | c848 83ec | 2040 f6c4 | 0f0f 8419 | 0000 0048 

  0x000001fd4fc10d5c: ;   {runtime_call}
  0x000001fd4fc10d5c: 83ec 0848 | b820 a440 | 95ff 7f00 | 00ff d048 | 83c4 08e9 | 0c00 0000 

  0x000001fd4fc10d74: ;   {runtime_call}
  0x000001fd4fc10d74: 48b8 20a4 | 4095 ff7f | 0000 ffd0 | 4883 c420 | c5fb 106c | 2468 c5fb | 1064 2460 | c5fb 105c 
  0x000001fd4fc10d94: 2458 c5fb | 1054 2450 | c5fb 104c | 2448 c5fb | 1044 2440 | 4c8b 5c24 | 304c 8b54 | 2428 4c8b 
  0x000001fd4fc10db4: 4c24 204c | 8b44 2418 | 488b 5424 | 1048 8b4c | 2408 488b | 0424 4883 | c470 c5f8 | 7749 8b8f 
  0x000001fd4fc10dd4: 3004 0000 | c781 0001 | 0000 0000 | 0000 c949 | 837f 0800 | 0f85 0100 

  0x000001fd4fc10dec: ;   {runtime_call StubRoutines (initial stubs)}
  0x000001fd4fc10dec: 0000 c3e9 | 0c01 a1ff | c5f8 7748 | 8945 f84c | 8be4 4883 | ec20 4883 

  0x000001fd4fc10e04: ;   {runtime_call}
  0x000001fd4fc10e04: e4f0 48b8 | 3022 8295 | ff7f 0000 | ffd0 498b | e44d 33e4 | 488b 45f8 | e9fe fdff | fff4 f4f4 
  0x000001fd4fc10e24: f4f4 f4f4 
[/MachCode]


Compiled method (c2) 45307 4567       4       java.security.SecureClassLoader::defineClass (16 bytes)
 total in heap  [0x000001fd4fc13b90,0x000001fd4fc18098] = 17672
 relocation     [0x000001fd4fc13cf0,0x000001fd4fc13fb0] = 704
 main code      [0x000001fd4fc13fc0,0x000001fd4fc16648] = 9864
 stub code      [0x000001fd4fc16648,0x000001fd4fc16760] = 280
 oops           [0x000001fd4fc16760,0x000001fd4fc16778] = 24
 metadata       [0x000001fd4fc16778,0x000001fd4fc16908] = 400
 scopes data    [0x000001fd4fc16908,0x000001fd4fc17768] = 3680
 scopes pcs     [0x000001fd4fc17768,0x000001fd4fc17d58] = 1520
 dependencies   [0x000001fd4fc17d58,0x000001fd4fc17d70] = 24
 handler table  [0x000001fd4fc17d70,0x000001fd4fc18028] = 696
 nul chk table  [0x000001fd4fc18028,0x000001fd4fc18098] = 112

[Constant Pool (empty)]

[MachCode]
[Entry Point]
  # {method} {0x000001fd5e04e0e8} 'defineClass' '(Ljava/lang/String;[BIILjava/security/CodeSource;)Ljava/lang/Class;' in 'java/security/SecureClassLoader'
  # this:     rdx:rdx   = 'java/security/SecureClassLoader'
  # parm0:    r8:r8     = 'java/lang/String'
  # parm1:    r9:r9     = '[B'
  # parm2:    rdi       = int
  # parm3:    rsi       = int
  # parm4:    rcx:rcx   = 'java/security/CodeSource'
  #           [sp+0xc0]  (sp of caller)
  0x000001fd4fc13fc0: 448b 5208 | 49bb 0000 | 005e fd01 | 0000 4d03 | d349 3bc2 

  0x000001fd4fc13fd4: ;   {runtime_call ic_miss_stub}
  0x000001fd4fc13fd4: 0f85 a6a7 | a5ff 6690 | 0f1f 4000 
[Verified Entry Point]
  0x000001fd4fc13fe0: 8984 2400 | 80ff ff55 | 4881 ecb0 | 0000 0090 | 4181 7f20 | 0700 0000 | 0f85 4026 | 0000 8974 
  0x000001fd4fc14000: 2444 897c | 2440 4c89 | 4c24 384c | 8944 2430 | 4889 5424 | 2848 8be9 | 4885 c90f | 8463 1d00 
  0x000001fd4fc14020: 004d 8b87 | b801 0000 | 4d8b d049 | 83c2 104d | 3b97 c801 | 0000 0f83 | 3115 0000 | 4d89 97b8 
  0x000001fd4fc14040: 0100 0041 | 0f0d 8ac0 | 0000 0049 | c700 0100 

  0x000001fd4fc14050: ;   {metadata('java/security/SecureClassLoader$CodeSourceKey')}
  0x000001fd4fc14050: 0000 41c7 | 4008 b8b4 | 1100 4c8b | d545 8950 | 0c4d 8b8f | b801 0000 | 4c8b 5424 | 2841 8b6a 
  0x000001fd4fc14070: 504d 8bd1 | 4983 c210 | 4d3b 97c8 | 0100 000f | 830b 1500 | 004d 8997 | b801 0000 | 410f 0d8a 
  0x000001fd4fc14090: c000 0000 | 49c7 0101 

  0x000001fd4fc14098: ;   {metadata('java/security/SecureClassLoader$1')}
  0x000001fd4fc14098: 0000 0041 | c741 0850 | ba11 004c | 8b54 2428 | 4589 510c 

  0x000001fd4fc140ac: ; implicit exception: dispatches to 0x000001fd4fc1637c
  0x000001fd4fc140ac: 448b 5508 

  0x000001fd4fc140b0: ;   {metadata('java/util/concurrent/ConcurrentHashMap')}
  0x000001fd4fc140b0: 4181 fa80 | 2706 000f | 852f 1a00 | 0048 8bd5 

  0x000001fd4fc140c0: ;   {optimized virtual_call}
  0x000001fd4fc140c0: c5f8 77e8 

  0x000001fd4fc140c4: ; ImmutableOopMap {[40]=Oop [48]=Oop [56]=Oop }
                      ;*invokeinterface computeIfAbsent {reexecute=0 rethrow=0 return_oop=1}
                      ; - java.security.SecureClassLoader::getProtectionDomain@28
                      ; - java.security.SecureClassLoader::defineClass@9
  0x000001fd4fc140c4: 38ca 68f8 

  0x000001fd4fc140c8: ;   {other}
  0x000001fd4fc140c8: 0f1f 8400 | 3805 0000 

  0x000001fd4fc140d0: ; implicit exception: dispatches to 0x000001fd4fc1639c
  0x000001fd4fc140d0: 448b 5808 

  0x000001fd4fc140d4: ;   {metadata('java/security/ProtectionDomain')}
  0x000001fd4fc140d4: 4181 fbe8 | 5800 000f | 85e7 2100 | 0048 8984 | 2490 0000 | 004c 8b54 | 2430 458b | 5214 458b 
  0x000001fd4fc140f4: 5a0c 4585 | db0f 8641 | 1a00 004c | 8b44 2430 | 450f be40 | 1045 85c0 | 0f85 be1b | 0000 c442 
  0x000001fd4fc14114: 3af7 cb45 | 3bcb 418b | f141 0f4f | f34d 8bc2 | c4c1 f96e | c04d 8d42 | 1085 f60f | 8ecf 0000 
  0x000001fd4fc14134: 0044 3bde | 0f82 461a | 0000 b82f | 0000 0049 | 8bf8 8bd6 | 488b df83 | fa10 0f8c | 7900 0000 
  0x000001fd4fc14154: 83fa 200f | 8c36 0000 | 00c5 f96e | c8c4 e27d | 78c9 c5ed | efd2 8bca | 83e1 e083 | e21f c5fe 
  0x000001fd4fc14174: 6f1b c5e5 | 74d9 c4e2 | 7d17 d30f | 8369 0000 | 0048 83c3 | 2083 e920 | 75e4 e90d | 0000 00c5 
  0x000001fd4fc14194: f96e c8c5 | e9ef d2c4 | e271 00ca | 83fa 100f | 8c24 0000 | 008b ca83 | e1f0 83e2 | 0fc5 fa6f 
  0x000001fd4fc141b4: 1bc5 e174 | d9c4 e279 | 17d3 0f83 | 2a00 0000 | 4883 c310 | 83e9 1075 | e485 d20f 

  0x000001fd4fc141d0: ;   {no_reloc}
  0x000001fd4fc141d0: 8412 0000 | 000f b60b | 3bc1 741c | 4883 c301 | 83ea 0174 | 02eb eebb | ffff ffff | eb0d c5fd 
  0x000001fd4fc141f0: d7cb 0fbc | c148 03d8 | 482b df83 | fbff 0f85 | 2c1b 0000 | 410f b628 | 83fd 5b0f | 84a7 1b00 
  0x000001fd4fc14210: 0041 8d59 | fb85 db7c | 0d41 0fbe | 0883 f96a | 0f84 0d0e | 0000 488b | 5c24 2848 | 8b8c 2490 
  0x000001fd4fc14230: 0000 0044 | 8b71 1041 | 8d79 ff41 | 8d53 ff3b | fa0f 4ffa | 85ff 0f8c | a80f 0000 | 413b fb0f 
  0x000001fd4fc14250: 836f 1800 | 0085 ff0f | 8eff 1800 | 008d 4fff | 33f6 c4c1 | f96e c841 | 0fbe 543a | 1083 fa2e 
  0x000001fd4fc14270: 0f84 270e | 0000 ffcf | 3bf9 7feb | 83ff 020f | 8e92 0000 | 0044 8d47 | fe83 ff02 | 440f 4cc6 
  0x000001fd4fc14290: 4181 f8a0 | 0f00 00ba | a00f 0000 | 440f 47c2 | 8bc7 412b | c066 6666 | 0f1f 8400 | 0000 0000 
  0x000001fd4fc142b0: 4c63 c743 | 0fbe 4c02 | 1083 f92e | 0f84 8500 | 0000 470f | be44 020f | 4183 f82e | 747d 8d4f 
  0x000001fd4fc142d0: ;   {no_reloc}
  0x000001fd4fc142d0: fe45 0fbe | 440a 1041 | 83f8 2e74 | 718d 4ffd | 410f be54 | 0a10 83fa | 2e74 6383 | c7fc 3bf8 
  0x000001fd4fc142f0: 7fbe 498b | af58 0400 | 004c 8b44 | 2428 488b | 4c24 3048 | 8b94 2490 

  0x000001fd4fc14308: ; ImmutableOopMap {r10=NarrowOop r8=Oop rcx=Oop rbx=Oop rdx=Oop r14=NarrowOop xmm0=Oop xmm1=Derived_oop_xmm0 [40]=Oop [48]=Oop [56]=Oop [144]=Oop }
                      ;*goto {reexecute=1 rethrow=0 return_oop=0}
                      ; - (reexecute) java.lang.StringLatin1::lastIndexOf@35
                      ; - java.lang.String::lastIndexOf@13
                      ; - java.lang.String::lastIndexOf@8
                      ; - java.lang.ClassLoader::checkCerts@3
                      ; - java.lang.ClassLoader::preDefineClass@113
                      ; - java.lang.ClassLoader::defineClass@4
                      ; - java.security.SecureClassLoader::defineClass@12
                      ;   {poll}
  0x000001fd4fc14308: 0000 0085 | 4500 83ff | 020f 8f6e | ffff ff83 | ffff 7e21 | 450f be44 | 3a10 4183 | f82e 0f84 
  0x000001fd4fc14328: 581b 0000 | ffcf 83ff | ff7f e9c4 | c1f9 7ec8 | e9b9 0e00 | 00c4 c1f9 | 7ec8 e9af | 0e00 008b 
  0x000001fd4fc14348: cfeb 038d | 4fff c4c1 | f97e c883 | f9ff 0f84 | f311 0000 | 85c9 0f8c | a019 0000 | 413b c90f 
  0x000001fd4fc14368: 8fc3 1a00 | 0041 3bc9 | 0f84 880c | 0000 85c9 | 0f84 e011 | 0000 4d8b | afb8 0100 | 004d 8bcd 
  0x000001fd4fc14388: 4983 c118 | 4d3b 8fc8 | 0100 000f | 8324 1200 | 004d 898f | b801 0000 | 410f 0d89 | c000 0000 
  0x000001fd4fc143a8: 49c7 4500 | 0100 0000 

  0x000001fd4fc143b0: ;   {metadata('java/lang/String')}
  0x000001fd4fc143b0: 41c7 4508 | 78e8 0000 | 4589 650c | 4d89 6510 | 413b cb0f | 85d4 0000 | 0049 63eb | 4181 fb00 
  0x000001fd4fc143d0: 0010 000f | 87ba 1500 | 004c 8944 | 2450 498b | bfb8 0100 | 004c 8d45 | 1749 83e0 | f84c 8bcf 
  0x000001fd4fc143f0: 4d03 c84d | 3b8f c801 | 0000 0f83 | 8e15 0000 | 4d89 8fb8 | 0100 0041 | 0f0d 89c0 | 0000 0048 
  0x000001fd4fc14410: c707 0100 | 0000 410f | 0d89 0001 

  0x000001fd4fc1441c: ;   {metadata({type array byte})}
  0x000001fd4fc1441c: 0000 c747 | 0818 2300 | 0044 895f | 0c41 0f0d | 8940 0100 | 0041 0f0d | 8980 0100 | 0089 7424 
  0x000001fd4fc1443c: 2048 895c | 2458 4489 | 7424 244c | 896c 2460 | 4889 6c24 | 6848 8bd7 | 4883 c210 | 4c8b 4424 
  0x000001fd4fc1445c: 6849 83c0 | 0749 c1e8 | 0348 8b4c | 2450 c5f8 | 7749 ba60 | 4b65 4ffd | 0100 0041 

  0x000001fd4fc14478: ;   {other}
  0x000001fd4fc14478: ffd2 0f1f | 8400 0000 | 0000 8b74 | 2420 488b | 5c24 5844 | 8b74 2424 | 4c8b 6c24 | 604c 8bd7 
  0x000001fd4fc14498: e9db 0000 | 0081 f900 | 0010 000f | 8787 1700 | 004c 63c9 | 498b f844 | 3bd9 418b | eb0f 4fe9 
  0x000001fd4fc144b8: 443b dd0f | 82e3 1700 | 003b cd0f | 82db 1700 | 0049 83c1 | 174d 8bc1 | 4983 e0f8 | 81f9 0000 
  0x000001fd4fc144d8: 1000 0f87 | 0713 0000 | 4d8b 97b8 | 0100 004d | 8bda 4d03 | d84d 3b9f | c801 0000 | 0f83 ed12 
  0x000001fd4fc144f8: 0000 4d89 | 9fb8 0100 | 0041 0f0d | 8bc0 0000 | 0049 c702 | 0100 0000 | 410f 0d8b | 0001 0000 
  0x000001fd4fc14518: ;   {metadata({type array byte})}
  0x000001fd4fc14518: 41c7 4208 | 1823 0000 | 4189 4a0c | 410f 0d8b | 4001 0000 | 410f 0d8b | 8001 0000 | 498b d248 
  0x000001fd4fc14538: 83c2 1049 | c1e9 0385 | ed0f 84f1 | 1600 003b | e90f 8cd8 | 0d00 0049 | 8bea 4983 | c0f0 49c1 
  0x000001fd4fc14558: e803 488b | cfc5 f877 | 49ba 604b | 654f fd01 | 0000 41ff 

  0x000001fd4fc1456c: ;   {other}
  0x000001fd4fc1456c: d20f 1f84 | 0000 0000 | 004c 8bd5 | 4180 7f40 | 000f 859c | 0c00 004d | 8bdd 4d8b | ca45 894d 
  0x000001fd4fc1458c: 144d 33d3 | 49c1 ea14 | 4d85 d274 | 1a49 c1eb | 0948 b900 | 00e4 57fd | 0100 0049 | 03cb 8039 
  0x000001fd4fc145ac: 020f 859f | 0c00 0045 | 8865 1041 | 8b6e 1485 | ed0f 850d | 1800 0041 | 8b6e 1085 | ed0f 8531 
  0x000001fd4fc145cc: 1800 0044 | 8b5b 2c45 | 85db 0f84 | 9f14 0000 | 4889 5c24 | 4889 7424 | 2049 8bd3 | bf01 0000 
  0x000001fd4fc145ec: ;   {oop(a 'java/security/cert/Certificate'[0] {0x00000000804026b0})}
  0x000001fd4fc145ec: 0049 b9b0 | 2640 8000 | 0000 004d | 8bc5 6690 

  0x000001fd4fc145fc: ;   {optimized virtual_call}
  0x000001fd4fc145fc: c5f8 77e8 

  0x000001fd4fc14600: ; ImmutableOopMap {[40]=Oop [48]=Oop [56]=Oop [72]=Oop [144]=Oop }
                      ;*invokevirtual putVal {reexecute=0 rethrow=0 return_oop=1}
                      ; - java.util.concurrent.ConcurrentHashMap::putIfAbsent@4
                      ; - java.lang.ClassLoader::checkCerts@62
                      ; - java.lang.ClassLoader::preDefineClass@113
                      ; - java.lang.ClassLoader::defineClass@4
                      ; - java.security.SecureClassLoader::defineClass@12
  0x000001fd4fc14600: bcb2 3500 

  0x000001fd4fc14604: ;   {other}
  0x000001fd4fc14604: 0f1f 8400 | 740a 0002 | 4885 c074 | 1c44 8b58 

  0x000001fd4fc14614: ;   {metadata('java/security/cert/Certificate'[])}
  0x000001fd4fc14614: 0841 81fb | 2029 1000 | 0f85 1a1d | 0000 8b68 | 0c85 ed0f | 8737 1800 | 004c 8b8c | 2490 0000 
  0x000001fd4fc14634: 0045 8b51 | 1041 8b6a | 0c44 8b55 | 3845 85d2 | 0f84 4a14 | 0000 48ff | b424 9000 | 0000 488f 
  0x000001fd4fc14654: 4424 4849 | 8bd2 4c8b | c566 6690 

  0x000001fd4fc14660: ;   {optimized virtual_call}
  0x000001fd4fc14660: c5f8 77e8 

  0x000001fd4fc14664: ; ImmutableOopMap {[40]=Oop [48]=Oop [56]=Oop [72]=Oop [144]=Oop }
                      ;*invokevirtual toExternalForm {reexecute=0 rethrow=0 return_oop=1}
                      ; - java.net.URL::toExternalForm@5
                      ; - java.net.URL::toString@1
                      ; - java.lang.ClassLoader::defineClassSourceLocation@22
                      ; - java.lang.ClassLoader::defineClass@12
                      ; - java.security.SecureClassLoader::defineClass@12
  0x000001fd4fc14664: 38e5 1c00 

  0x000001fd4fc14668: ;   {other}
  0x000001fd4fc14668: 0f1f 8400 | d80a 0003 | 488b 5424 | 284c 8b44 | 2430 4c8b | 4c24 388b | 7c24 408b | 7424 4448 
  0x000001fd4fc14688: 8b8c 2490 | 0000 0048 | 8904 2490 

  0x000001fd4fc14694: ;   {static_call}
  0x000001fd4fc14694: c5f8 77e8 

  0x000001fd4fc14698: ; ImmutableOopMap {[40]=Oop [72]=Oop [144]=Oop }
                      ;*invokestatic defineClass1 {reexecute=0 rethrow=0 return_oop=1}
                      ; - java.lang.ClassLoader::defineClass@27
                      ; - java.security.SecureClassLoader::defineClass@12
  0x000001fd4fc14698: c4c3 ffff 

  0x000001fd4fc1469c: ;   {other}
  0x000001fd4fc1469c: 0f1f 8400 | 0c0b 0004 | 4c8b f044 | 8b50 3c45 | 85d2 7412 | 498b da49 | bd00 00e4 | 57fd 0100 
  0x000001fd4fc146bc: 00e9 0204 | 0000 4c8b | 5010 458b | 5a08 4585 | db0f 8c11 | 1500 0044 | 8b50 2c45 | 85d2 0f84 
  0x000001fd4fc146dc: 2809 0000 | 498b c244 | 8b48 1445 | 8b59 0c44 | 0fbe 5010 | c4c2 2af7 | cb44 8d41 | ff45 85d2 
  0x000001fd4fc146fc: 0f85 ba18 | 0000 4d8b | d14c 8994 | 2488 0000 | 0045 8d53 | ff45 3bd0 | 450f 4fd0 | 4585 d20f 
  0x000001fd4fc1471c: 8cdf 0a00 | 0045 85db | 0f86 8e14 | 0000 453b | d30f 8385 | 1400 0045 | 85d2 0f8e | c814 0000 
  0x000001fd4fc1473c: 458d 42ff 

  0x000001fd4fc14740: ;   {oop(""{0x00000000800d2ec8})}
  0x000001fd4fc14740: 48bb c82e | 0d80 0000 | 0000 49bd | 0000 e457 | fd01 0000 | 430f be54 | 1110 83fa | 2e0f 8489 
  0x000001fd4fc14760: 0a00 0041 | ffca 453b | d07f e941 | 83fa 020f | 8e81 0000 | 0041 8d6a | fe41 83fa | 020f 4c6c 
  0x000001fd4fc14780: 2420 81fd | a00f 0000 | 41b8 a00f | 0000 410f | 47e8 418b | d22b d566 | 0f1f 8400 | 0000 0000 
  0x000001fd4fc147a0: 4963 fa45 | 0fbe 4439 | 1041 83f8 | 2e74 6f45 | 0fbe 4439 | 0f41 83f8 | 2e74 6845 | 8d42 fe43 
  0x000001fd4fc147c0: 0fbe 6c01 | 1083 fd2e | 745d 458d | 42fd 430f | be6c 0110 | 83fd 2e74 | 4e41 83c2 | fc44 3bd2 
  0x000001fd4fc147e0: 7fbe 498b | af58 0400 

  0x000001fd4fc147e8: ; ImmutableOopMap {r9=NarrowOop rbx=Oop rax=Oop r14=Oop [40]=Oop [72]=Oop [136]=Oop }
                      ;*goto {reexecute=1 rethrow=0 return_oop=0}
                      ; - (reexecute) java.lang.StringLatin1::lastIndexOf@35
                      ; - java.lang.String::lastIndexOf@13
                      ; - java.lang.String::lastIndexOf@8
                      ; - java.lang.Class::getPackageName@47
                      ; - java.lang.ClassLoader::postDefineClass@2
                      ; - java.lang.ClassLoader::defineClass@37
                      ; - java.security.SecureClassLoader::defineClass@12
                      ;   {poll}
  0x000001fd4fc147e8: 0085 4500 | 4183 fa02 | 0f8f 7fff | ffff 4183 | faff 0f8e | 140a 0000 | 470f be44 | 1110 4183 
  0x000001fd4fc14808: f82e 0f84 | 0019 0000 | 41ff ca41 | 83fa ff7f | e7e9 f609 | 0000 458b | c2eb 0445 | 8d42 ff41 
  0x000001fd4fc14828: 83f8 ff0f | 8450 0200 | 0045 85c0 | 0f8c de17 | 0000 443b | c10f 8f8d | 1800 0044 | 3bc1 0f84 
  0x000001fd4fc14848: 4408 0000 | 4585 c00f | 8408 0e00 | 0049 8b9f | b801 0000 | 4c8b d349 | 83c2 184d | 3b97 c801 
  0x000001fd4fc14868: 0000 0f83 | 2b10 0000 | 4d89 97b8 | 0100 0041 | 0f0d 8ac0 | 0000 0048 | c703 0100 

  0x000001fd4fc14884: ;   {metadata('java/lang/String')}
  0x000001fd4fc14884: 0000 c743 | 0878 e800 | 0044 8963 | 0c4c 8963 | 104d 8d51 | 1045 3bc3 | 0f85 9600 | 0000 4d63 
  0x000001fd4fc148a4: c341 81fb | 0000 1000 | 0f87 6f11 | 0000 498b | b7b8 0100 | 0049 8d48 | 1748 83e1 | f848 8bfe 
  0x000001fd4fc148c4: 4803 f949 | 3bbf c801 | 0000 0f83 | 4d11 0000 | 4989 bfb8 | 0100 000f | 0d8f c000 | 0000 48c7 
  0x000001fd4fc148e4: 0601 0000 | 000f 0d8f | 0001 0000 

  0x000001fd4fc148f0: ;   {metadata({type array byte})}
  0x000001fd4fc148f0: c746 0818 | 2300 0044 | 895e 0c0f | 0d8f 4001 | 0000 0f0d | 8f80 0100 | 0048 8bd6 | 4883 c210 
  0x000001fd4fc14910: 4983 c007 | 49c1 e803 | 498b cac5 | f877 49ba | 604b 654f | fd01 0000 

  0x000001fd4fc14928: ;   {other}
  0x000001fd4fc14928: 41ff d20f | 1f84 0000 | 0000 00e9 | dc00 0000 | 4181 f800 | 0010 000f | 879b 1500 | 0049 63c0 
  0x000001fd4fc14948: 453b d841 | 8beb 410f | 4fe8 443b | dd0f 82f9 | 1500 0044 | 3bc5 0f82 | f015 0000 | 4883 c017 
  0x000001fd4fc14968: 4c8b c849 | 83e1 f841 | 81f8 0000 | 1000 0f87 | a50f 0000 | 498b b7b8 | 0100 004c | 8bde 4d03 
  0x000001fd4fc14988: d94d 3b9f | c801 0000 | 0f83 8b0f | 0000 4d89 | 9fb8 0100 | 0041 0f0d | 8bc0 0000 | 0048 c706 
  0x000001fd4fc149a8: 0100 0000 | 410f 0d8b | 0001 0000 

  0x000001fd4fc149b4: ;   {metadata({type array byte})}
  0x000001fd4fc149b4: c746 0818 | 2300 0044 | 8946 0c41 | 0f0d 8b40 | 0100 0041 | 0f0d 8b80 | 0100 004c | 8bde 4983 
  0x000001fd4fc149d4: c310 48c1 | e803 85ed | 0f84 0615 | 0000 413b | e80f 8c92 | 0a00 0049 | 83c1 f049 | c1e9 0349 
  0x000001fd4fc149f4: 8bca 498b | d34d 8bc1 | c5f8 7749 | ba60 4b65 | 4ffd 0100 | 0041 ffd2 

  0x000001fd4fc14a0c: ;   {other}
  0x000001fd4fc14a0c: 0f1f 8400 | 0000 0000 | 4180 7f40 | 000f 85da | 0900 004c | 8bd3 4c8b | c644 8943 | 144c 8bde 
  0x000001fd4fc14a2c: 4d33 da49 | c1eb 144d | 85db 741a | 49c1 ea09 | 48b9 0000 | e457 fd01 | 0000 4903 | ca80 3902 
  0x000001fd4fc14a4c: 0f85 da09 | 0000 4488 | 6310 4c89 | 6c24 4048 | 8bd3 4c89 | 7424 3090 

  0x000001fd4fc14a64: ;   {optimized virtual_call}
  0x000001fd4fc14a64: c5f8 77e8 

  0x000001fd4fc14a68: ; ImmutableOopMap {[40]=Oop [48]=Oop [72]=Oop }
                      ;*invokevirtual intern {reexecute=0 rethrow=0 return_oop=1}
                      ; - java.lang.Class::getPackageName@65
                      ; - java.lang.ClassLoader::postDefineClass@2
                      ; - java.lang.ClassLoader::defineClass@37
                      ; - java.security.SecureClassLoader::defineClass@12
  0x000001fd4fc14a68: f426 fcff 

  0x000001fd4fc14a6c: ;   {other}
  0x000001fd4fc14a6c: 0f1f 8400 | dc0e 0006 | 488b d84c | 8b6c 2440 | 4c8b 7424 | 3041 807f | 4000 0f85 | 1708 0000 
  0x000001fd4fc14a8c: 4c8b db45 | 895e 3c4d | 8bd6 4c8b | db4d 33da | 49c1 eb14 | 4d85 db74 | 1f48 85db | 741a 49c1 
  0x000001fd4fc14aac: ea09 48b9 | 0000 e457 | fd01 0000 | 4903 ca80 | 3902 0f85 | 1208 0000 | 4c8b 5424 | 2845 8b52 
  0x000001fd4fc14acc: 3845 85d2 | 0f84 d60f | 0000 4c8b | db8b 430c | 458b 4e30 | 85c0 0f84 | a304 0000 | 418b 4a28 
  0x000001fd4fc14aec: 85c9 0f84 | 1401 0000 | 448b 410c | 4585 c00f | 864f 1200 | 0044 8bd0 | 41c1 ea10 | 4433 d041 
  0x000001fd4fc14b0c: ffc8 4181 | e2ff ffff | 7f45 23c2 | 4d63 c046 | 8b44 8110 | 4585 c00f | 84df 0000 | 0041 8b68 
  0x000001fd4fc14b2c: 0c41 3bea | 0f84 c702 | 0000 85ed | 0f8c 3616 | 0000 418b | 4818 85c9 | 0f84 be00 | 0000 488b 
  0x000001fd4fc14b4c: d949 8b97 | 5804 0000 

  0x000001fd4fc14b54: ; ImmutableOopMap {r11=Oop r9=NarrowOop rbx=Oop r14=Oop [40]=Oop [72]=Oop }
                      ;*if_icmpne {reexecute=1 rethrow=0 return_oop=0}
                      ; - (reexecute) java.util.concurrent.ConcurrentHashMap::get@127
                      ; - java.lang.ClassLoader::getNamedPackage@5
                      ; - java.lang.ClassLoader::postDefineClass@9
                      ; - java.lang.ClassLoader::defineClass@37
                      ; - java.security.SecureClassLoader::defineClass@12
                      ;   {poll}
  0x000001fd4fc14b54: 8b4b 0c85 | 0241 3bca | 7410 8b4b | 1885 c90f | 849f 0000 | 0048 8bd9 | ebdf 8b6b | 104c 8bc5 
  0x000001fd4fc14b74: 4d3b c30f | 8480 0000 | 0085 ed0f | 84a7 1600 | 0048 895c | 2458 4489 | 5424 5444 | 894c 2450 
  0x000001fd4fc14b94: 4c89 5c24 | 404c 8974 | 2438 4c89 | 6c24 304c | 8b54 2428 | 4c89 5424 | 204c 8bc5 | 498b d34c 
  0x000001fd4fc14bb4: 8974 2428 

  0x000001fd4fc14bb8: ;   {optimized virtual_call}
  0x000001fd4fc14bb8: c5f8 77e8 

  0x000001fd4fc14bbc: ; ImmutableOopMap {[32]=Oop [40]=Oop [56]=Oop [64]=Oop [72]=Oop [80]=NarrowOop [88]=Oop }
                      ;*invokevirtual equals {reexecute=0 rethrow=0 return_oop=0}
                      ; - java.util.concurrent.ConcurrentHashMap::get@149
                      ; - java.lang.ClassLoader::getNamedPackage@5
                      ; - java.lang.ClassLoader::postDefineClass@9
                      ; - java.lang.ClassLoader::defineClass@37
                      ; - java.security.SecureClassLoader::defineClass@12
  0x000001fd4fc14bbc: 8066 fbff 

  0x000001fd4fc14bc0: ;   {other}
  0x000001fd4fc14bc0: 0f1f 8400 | 3010 0008 | 4d8b 9758 

  0x000001fd4fc14bcc: ; ImmutableOopMap {[32]=Oop [40]=Oop [56]=Oop [64]=Oop [72]=Oop [80]=NarrowOop [88]=Oop }
                      ;*ifeq {reexecute=1 rethrow=0 return_oop=0}
                      ; - (reexecute) java.util.concurrent.ConcurrentHashMap::get@152
                      ; - java.lang.ClassLoader::getNamedPackage@5
                      ; - java.lang.ClassLoader::postDefineClass@9
                      ; - java.lang.ClassLoader::defineClass@37
                      ; - java.security.SecureClassLoader::defineClass@12
                      ;   {poll}
  0x000001fd4fc14bcc: 0400 0041 | 8502 85c0 | 0f84 4809 | 0000 4c8b | 5424 204c | 8954 2428 | 4c8b 6c24 | 304c 8b74 
  0x000001fd4fc14bec: 2438 4c8b | 5c24 4044 | 8b4c 2450 | 488b 5c24 | 588b 6b14 | 85ed 0f85 | 1e03 0000 | 498b 87b8 
  0x000001fd4fc14c0c: 0100 004c | 8bd0 4983 | c218 4d3b | 97c8 0100 | 000f 83c8 | 0c00 004d | 8997 b801 | 0000 410f 
  0x000001fd4fc14c2c: 0d8a c000 | 0000 48c7 | 0001 0000 

  0x000001fd4fc14c38: ;   {metadata('java/lang/NamedPackage')}
  0x000001fd4fc14c38: 00c7 4008 | e8c0 0100 | 4489 600c | 4c89 6010 | 4c89 6c24 | 204c 8974 | 2430 4c89 | 5c24 3844 
  0x000001fd4fc14c58: 894c 2440 | 4889 4424 | 5048 8b54 | 2438 6690 

  0x000001fd4fc14c68: ;   {optimized virtual_call}
  0x000001fd4fc14c68: c5f8 77e8 

  0x000001fd4fc14c6c: ; ImmutableOopMap {[40]=Oop [48]=Oop [56]=Oop [64]=NarrowOop [72]=Oop [80]=Oop }
                      ;*invokevirtual isEmpty {reexecute=0 rethrow=0 return_oop=0}
                      ; - java.lang.NamedPackage::<init>@5
                      ; - java.lang.ClassLoader::getNamedPackage@22
                      ; - java.lang.ClassLoader::postDefineClass@9
                      ; - java.lang.ClassLoader::defineClass@37
                      ; - java.security.SecureClassLoader::defineClass@12
  0x000001fd4fc14c6c: d08c 0000 

  0x000001fd4fc14c70: ;   {other}
  0x000001fd4fc14c70: 0f1f 8400 | e010 000a | 85c0 0f84 | 2404 0000 | 448b 5424 | 4045 85d2 | 0f84 3b12 | 0000 4c89 
  0x000001fd4fc14c90: 5424 5849 | 8bd2 6690 

  0x000001fd4fc14c98: ;   {optimized virtual_call}
  0x000001fd4fc14c98: c5f8 77e8 

  0x000001fd4fc14c9c: ; ImmutableOopMap {[40]=Oop [48]=Oop [56]=Oop [64]=NarrowOop [72]=Oop [80]=Oop [88]=Oop }
                      ;*invokevirtual isNamed {reexecute=0 rethrow=0 return_oop=0}
                      ; - java.lang.NamedPackage::<init>@12
                      ; - java.lang.ClassLoader::getNamedPackage@22
                      ; - java.lang.ClassLoader::postDefineClass@9
                      ; - java.lang.ClassLoader::defineClass@37
                      ; - java.security.SecureClassLoader::defineClass@12
  0x000001fd4fc14c9c: a00b e5f7 

  0x000001fd4fc14ca0: ;   {other}
  0x000001fd4fc14ca0: 0f1f 8400 | 1011 000b | 85c0 0f84 | f403 0000 | 498b 87b8 | 0100 004c | 8bd0 4983 | c228 4d3b 
  0x000001fd4fc14cc0: 97c8 0100 | 000f 8315 | 0d00 004d | 8997 b801 | 0000 410f | 0d8a c000 | 0000 48c7 | 0001 0000 
  0x000001fd4fc14ce0: ;   {metadata('java/lang/InternalError')}
  0x000001fd4fc14ce0: 00c7 4008 | 3807 0100 | 4489 600c | 4c89 6010 | 4c89 6018 | 4c89 6020 | 4889 4424 | 7049 8b87 
  0x000001fd4fc14d00: b801 0000 | 4c8b d049 | 83c2 184d | 3b97 c801 | 0000 0f83 | e90c 0000 | 4d89 97b8 | 0100 0041 
  0x000001fd4fc14d20: 0f0d 8ac0 | 0000 0048 | c700 0100 

  0x000001fd4fc14d2c: ;   {metadata('java/lang/StringBuilder')}
  0x000001fd4fc14d2c: 0000 c740 | 0840 8000 | 0044 8960 | 0c4c 8960 | 1048 8be8 | 488b d54c | 8b54 2470 | 4c89 5424 
  0x000001fd4fc14d4c: 6866 6690 

  0x000001fd4fc14d50: ;   {optimized virtual_call}
  0x000001fd4fc14d50: c5f8 77e8 

  0x000001fd4fc14d54: ; ImmutableOopMap {rbp=Oop [40]=Oop [48]=Oop [56]=Oop [64]=NarrowOop [72]=Oop [80]=Oop [88]=Oop [104]=Oop [112]=Oop }
                      ;*invokespecial <init> {reexecute=0 rethrow=0 return_oop=0}
                      ; - java.lang.NamedPackage::<init>@26
                      ; - java.lang.ClassLoader::getNamedPackage@22
                      ; - java.lang.ClassLoader::postDefineClass@9
                      ; - java.lang.ClassLoader::defineClass@37
                      ; - java.security.SecureClassLoader::defineClass@12
  0x000001fd4fc14d54: 289d a5ff 

  0x000001fd4fc14d58: ;   {other}
  0x000001fd4fc14d58: 0f1f 8400 | c811 000c 

  0x000001fd4fc14d60: ;   {oop("unnamed package in  "{0x0000000080c09518})}
  0x000001fd4fc14d60: 49b8 1895 | c080 0000 | 0000 488b | d54c 8b54 | 2468 4c89 | 5424 6090 

  0x000001fd4fc14d78: ;   {optimized virtual_call}
  0x000001fd4fc14d78: c5f8 77e8 

  0x000001fd4fc14d7c: ; ImmutableOopMap {[40]=Oop [48]=Oop [56]=Oop [64]=NarrowOop [72]=Oop [80]=Oop [88]=Oop [96]=Oop [104]=Oop }
                      ;*invokevirtual append {reexecute=0 rethrow=0 return_oop=1}
                      ; - java.lang.NamedPackage::<init>@31
                      ; - java.lang.ClassLoader::getNamedPackage@22
                      ; - java.lang.ClassLoader::postDefineClass@9
                      ; - java.lang.ClassLoader::defineClass@37
                      ; - java.security.SecureClassLoader::defineClass@12
  0x000001fd4fc14d7c: 009d a5ff 

  0x000001fd4fc14d80: ;   {other}
  0x000001fd4fc14d80: 0f1f 8400 | f011 000d | 4885 c00f | 84fb 1100 | 0048 8bd0 | 4c8b 4424 | 584c 8b54 | 2460 4c89 
  0x000001fd4fc14da0: 5424 2090 

  0x000001fd4fc14da4: ;   {optimized virtual_call}
  0x000001fd4fc14da4: c5f8 77e8 

  0x000001fd4fc14da8: ; ImmutableOopMap {[32]=Oop [40]=Oop [48]=Oop [56]=Oop [64]=NarrowOop [72]=Oop [80]=Oop [96]=Oop }
                      ;*invokevirtual append {reexecute=0 rethrow=0 return_oop=1}
                      ; - java.lang.NamedPackage::<init>@35
                      ; - java.lang.ClassLoader::getNamedPackage@22
                      ; - java.lang.ClassLoader::postDefineClass@9
                      ; - java.lang.ClassLoader::defineClass@37
                      ; - java.security.SecureClassLoader::defineClass@12
  0x000001fd4fc14da8: d49c a5ff 

  0x000001fd4fc14dac: ;   {other}
  0x000001fd4fc14dac: 0f1f 8400 | 1c12 000e | 4885 c00f | 84e7 1100 | 0048 8bd0 

  0x000001fd4fc14dc0: ;   {optimized virtual_call}
  0x000001fd4fc14dc0: c5f8 77e8 

  0x000001fd4fc14dc4: ; ImmutableOopMap {[32]=Oop [40]=Oop [48]=Oop [56]=Oop [64]=NarrowOop [72]=Oop [80]=Oop }
                      ;*invokevirtual toString {reexecute=0 rethrow=0 return_oop=1}
                      ; - java.lang.NamedPackage::<init>@38
                      ; - java.lang.ClassLoader::getNamedPackage@22
                      ; - java.lang.ClassLoader::postDefineClass@9
                      ; - java.lang.ClassLoader::defineClass@37
                      ; - java.security.SecureClassLoader::defineClass@12
  0x000001fd4fc14dc4: b89c a5ff 

  0x000001fd4fc14dc8: ;   {other}
  0x000001fd4fc14dc8: 0f1f 8400 | 3812 000f | 488b 5424 | 204c 8bc0 

  0x000001fd4fc14dd8: ;   {optimized virtual_call}
  0x000001fd4fc14dd8: c5f8 77e8 

  0x000001fd4fc14ddc: ; ImmutableOopMap {[32]=Oop [40]=Oop [48]=Oop [56]=Oop [64]=NarrowOop [72]=Oop [80]=Oop }
                      ;*invokespecial <init> {reexecute=0 rethrow=0 return_oop=0}
                      ; - java.lang.NamedPackage::<init>@41
                      ; - java.lang.ClassLoader::getNamedPackage@22
                      ; - java.lang.ClassLoader::postDefineClass@9
                      ; - java.lang.ClassLoader::defineClass@37
                      ; - java.security.SecureClassLoader::defineClass@12
  0x000001fd4fc14ddc: a09c a5ff 

  0x000001fd4fc14de0: ;   {other}
  0x000001fd4fc14de0: 0f1f 8400 | 5012 0010 | 488b 5424 | 20c5 f877 | 4881 c4b0 | 0000 005d 

  0x000001fd4fc14df8: ;   {runtime_call _rethrow_Java}
  0x000001fd4fc14df8: e903 66b2 | ff41 8b68 | 1048 8bcd | 493b cb0f | 840d 0100 | 008b 5d08 | 488b fd4c | 3bdf 0f84 
  0x000001fd4fc14e18: fe00 0000 

  0x000001fd4fc14e1c: ;   {metadata('java/lang/String')}
  0x000001fd4fc14e1c: 81fb 78e8 | 0000 0f85 | d414 0000 | 410f be4b | 100f be6f | 103b cd0f | 85ff 1200 | 008b 7714 
  0x000001fd4fc14e3c: 418b 7b14 | 8b5e 0c8b | 4f0c 3bcb | 0f85 0a12 | 0000 488b | de48 8d76 | 1048 8bdf | 488d 7f10 
  0x000001fd4fc14e5c: 85c9 0f84 | 9d00 0000 | 8bc1 83e0 | 1f83 e1e0 | 0f84 4b00 | 0000 488d | 3c0f 488d | 340e 48f7 
  0x000001fd4fc14e7c: d9c5 fe6f | 0c0f c5fe | 6f04 0ec5 | f5ef c8c4 | e27d 17c9 | 0f85 7200 | 0000 4883 | c120 75e1 
  0x000001fd4fc14e9c: 85c0 0f84 | 5d00 0000 | c5fe 6f4c | 07e0 c5fe | 6f44 06e0 | c5f5 efc8 | c4e2 7d17 | c975 4deb 
  0x000001fd4fc14ebc: 448b c883 | e1fc 7419 | 488d 3c0f | 488d 340e | 48f7 d98b | 1c0f 3b1c | 0e75 3148 | 83c1 0475 
  0x000001fd4fc14edc: f2a8 0274 | 120f b71f | 0fb7 0e3b | d975 1d48 | 8d7f 0248 | 8d76 02a8 | 0174 0a0f | b61f 0fb6 
  0x000001fd4fc14efc: 0e3b d975 | 07b8 0100 | 0000 eb02 | 33c0 c5f5 | efc9 c5fd | efc0 85c0 | 0f84 3a11 

  0x000001fd4fc14f18: ;   {no_reloc}
  0x000001fd4fc14f18: 0000 418b | 6814 85ed | 0f84 e2fc | ffff 448b | 5d08 49ba | 0000 005e | fd01 0000 | 4d03 d34d 
  0x000001fd4fc14f38: ;   {metadata('java/lang/NamedPackage')}
  0x000001fd4fc14f38: 8b52 3849 | bbe8 c001 | 5efd 0100 | 004d 3bd3 | 0f85 520c | 0000 4c8b | 5424 4845 | 8b52 1041 
  0x000001fd4fc14f58: 8b6a 1485 | ed0f 852d | 1100 0041 | 8b6a 1085 | ed0f 8541 | 1100 0049 | 8bc6 c5f8 | 7748 81c4 
  0x000001fd4fc14f78: b000 0000 

  0x000001fd4fc14f7c: ;   {poll_return}
  0x000001fd4fc14f7c: 5d49 3ba7 | 5004 0000 | 0f87 9e16 | 0000 c30f | b64b 1185 | c90f 8584 | 0500 008b | 4b14 498b 
  0x000001fd4fc14f9c: ea48 8bd1 | 807b 1000 | 0f85 c206 | 0000 4489 | 4c24 5044 | 8954 2424 | 4889 5c24 | 404c 8974 
  0x000001fd4fc14fbc: 2438 4c89 | 6c24 3090 

  0x000001fd4fc14fc4: ;   {static_call}
  0x000001fd4fc14fc4: c5f8 77e8 

  0x000001fd4fc14fc8: ; ImmutableOopMap {rbp=Oop [36]=NarrowOop [40]=Oop [56]=Oop [64]=Oop [72]=Oop [80]=NarrowOop }
                      ;*invokestatic hashCode {reexecute=0 rethrow=0 return_oop=0}
                      ; - java.lang.String::hashCode@27
                      ; - java.util.concurrent.ConcurrentHashMap::get@1
                      ; - java.lang.ClassLoader::getNamedPackage@5
                      ; - java.lang.ClassLoader::postDefineClass@9
                      ; - java.lang.ClassLoader::defineClass@37
                      ; - java.security.SecureClassLoader::defineClass@12
  0x000001fd4fc14fc8: f4a4 fdff 

  0x000001fd4fc14fcc: ;   {other}
  0x000001fd4fc14fcc: 0f1f 8400 | 3c14 0011 | 85c0 0f84 | c106 0000 | 4c8b 5c24 | 4041 8943 | 0c4c 8b6c | 2430 4c8b 
  0x000001fd4fc14fec: 7424 3844 | 8b54 2424 | 448b 4c24 | 50e9 eafa | ffff 4c8b | 6c24 30e9 | aff5 ffff | 4889 4424 
  0x000001fd4fc1500c: 3048 8bd0 

  0x000001fd4fc15010: ;   {optimized virtual_call}
  0x000001fd4fc15010: c5f8 77e8 

  0x000001fd4fc15014: ; ImmutableOopMap {[40]=Oop [48]=Oop [72]=Oop [144]=Oop }
                      ;*invokevirtual initClassName {reexecute=0 rethrow=0 return_oop=1}
                      ; - java.lang.Class::getName@14
                      ; - java.lang.Class::getPackageName@40
                      ; - java.lang.ClassLoader::postDefineClass@2
                      ; - java.lang.ClassLoader::defineClass@37
                      ; - java.security.SecureClassLoader::defineClass@12
  0x000001fd4fc15014: c8dd fdff 

  0x000001fd4fc15018: ;   {other}
  0x000001fd4fc15018: 0f1f 8400 | 8814 0012 | 4885 c00f | 8483 1100 | 004c 8b74 | 2430 e9b0 | f6ff ff41 | 83fb 040f 
  0x000001fd4fc15038: 8687 1100 | 0041 807a | 1161 0f85 | def1 ffff | 4180 7a12 | 760f 85d3 | f1ff ff41 | 807a 1361 
  0x000001fd4fc15058: 0f85 c8f1 | ffff 4180 | 7a14 2e0f | 85bd f1ff 

  0x000001fd4fc15068: ;   {oop(a 'jdk/internal/loader/ClassLoaders$PlatformClassLoader'{0x00000000800fb190})}
  0x000001fd4fc15068: ff48 b990 | b10f 8000 | 0000 0048 | 8b5c 2428 | 483b d90f | 8523 1200 

  0x000001fd4fc15080: ;   {oop(a 'jdk/internal/loader/ClassLoaders$PlatformClassLoader'{0x00000000800fb190})}
  0x000001fd4fc15080: 0048 bb90 | b10f 8000 | 0000 00e9 | 9bf1 ffff | 4c89 6c24 | 4048 8bd8 | e9be f9ff | ff8b cfe9 
  0x000001fd4fc150a0: aaf2 ffff | 448b 5424 | 4049 8bea | 488b 5424 | 3866 6690 

  0x000001fd4fc150b4: ;   {optimized virtual_call}
  0x000001fd4fc150b4: c5f8 77e8 

  0x000001fd4fc150b8: ; ImmutableOopMap {rbp=Oop [40]=Oop [48]=Oop [56]=Oop [64]=NarrowOop [72]=Oop [80]=Oop }
                      ;*invokevirtual intern {reexecute=0 rethrow=0 return_oop=1}
                      ; - java.lang.NamedPackage::<init>@47
                      ; - java.lang.ClassLoader::getNamedPackage@22
                      ; - java.lang.ClassLoader::postDefineClass@9
                      ; - java.lang.ClassLoader::defineClass@37
                      ; - java.security.SecureClassLoader::defineClass@12
  0x000001fd4fc150b8: a420 fcff 

  0x000001fd4fc150bc: ;   {other}
  0x000001fd4fc150bc: 0f1f 8400 | 2c15 0013 | 488b d841 | 807f 4000 | 0f85 2806 | 0000 4c8b | 5424 504c | 8954 2458 
  0x000001fd4fc150dc: 4c8b c34d | 8bd0 4c8b | 5c24 5845 | 8953 0c4d | 8bd3 4d8b | d84d 33da | 49c1 eb14 | 4d85 db74 
  0x000001fd4fc150fc: 1f4d 85c0 | 741a 49c1 | ea09 48b9 | 0000 e457 | fd01 0000 | 4903 ca80 | 3902 0f85 | 2506 0000 
  0x000001fd4fc1511c: 4180 7f40 | 000f 859b | 0500 0044 | 8b5c 2440 | 4489 5c24 | 504c 8b54 | 2458 4589 | 5a10 4c8b 
  0x000001fd4fc1513c: d54c 8b5c | 2458 4d33 | d349 c1ea | 144d 85d2 | 7420 448b | 4424 4045 | 85c0 7416 | 49c1 eb09 
  0x000001fd4fc1515c: 4c8b 4424 | 204d 03c3 | 4180 3802 | 0f85 2406 | 0000 4c8b | 5424 2845 | 8b52 3845 | 85d2 0f84 
  0x000001fd4fc1517c: 6810 0000 | 498b d24c | 8b44 2438 | 4c8b 4c24 | 5866 6690 

  0x000001fd4fc15190: ;   {optimized virtual_call}
  0x000001fd4fc15190: c5f8 77e8 

  0x000001fd4fc15194: ; ImmutableOopMap {[40]=Oop [48]=Oop [72]=Oop [80]=NarrowOop [88]=Oop }
                      ;*invokevirtual putIfAbsent {reexecute=0 rethrow=0 return_oop=1}
                      ; - java.lang.ClassLoader::getNamedPackage@32
                      ; - java.lang.ClassLoader::postDefineClass@9
                      ; - java.lang.ClassLoader::defineClass@37
                      ; - java.security.SecureClassLoader::defineClass@12
  0x000001fd4fc15194: a88a 0700 

  0x000001fd4fc15198: ;   {other}
  0x000001fd4fc15198: 0f1f 8400 | 0816 0014 | 4885 c00f | 848e 0500 | 0044 8b50 | 0849 bb00 | 0000 5efd | 0100 004d 
  0x000001fd4fc151b8: 03da 4d8b 

  0x000001fd4fc151bc: ;   {metadata('java/lang/NamedPackage')}
  0x000001fd4fc151bc: 5338 49bb | e8c0 015e | fd01 0000 | 4d3b d30f | 842f 1000 | 00ba deff | ffff 488b | e866 6690 
  0x000001fd4fc151dc: ;   {runtime_call UncommonTrapBlob}
  0x000001fd4fc151dc: c5f8 77e8 

  0x000001fd4fc151e0: ; ImmutableOopMap {rbp=Oop }
                      ;*checkcast {reexecute=0 rethrow=0 return_oop=0}
                      ; - java.lang.ClassLoader::getNamedPackage@35
                      ; - java.lang.ClassLoader::postDefineClass@9
                      ; - java.lang.ClassLoader::defineClass@37
                      ; - java.security.SecureClassLoader::defineClass@12
  0x000001fd4fc151e0: 9cf1 a5ff 

  0x000001fd4fc151e4: ;   {other}
  0x000001fd4fc151e4: 0f1f 8400 | 5416 0015 | 458b c2e9 | 33f6 ffff | 33f6 b9ff | ffff ffe9 | 53f1 ffff 

  0x000001fd4fc15200: ;   {oop(""{0x00000000800d2ec8})}
  0x000001fd4fc15200: 48bb c82e | 0d80 0000 | 0000 49bd | 0000 e457 | fd01 0000 | 41b8 ffff | ffff e908 | f6ff ff45 
  0x000001fd4fc15220: 8b5d 1445 | 85db 0f84 | 57f3 ffff | 4d8b 4728 | 498b cb4d | 85c0 0f84 | 4f0c 0000 | 4d8b 5f38 
  0x000001fd4fc15240: 4b89 4c03 | f849 83c0 | f84d 8947 | 28e9 31f3 | ffff 4d8b | 5748 4d8b | 5f58 f083 | 4424 c000 
  0x000001fd4fc15260: 8039 000f | 844a f3ff | ff44 8821 | 4d85 d275 | 2049 8bd7 | c5f8 7749 | ba00 a440 | 95ff 7f00 
  0x000001fd4fc15280: 0041 ffd2 

  0x000001fd4fc15284: ;   {other}
  0x000001fd4fc15284: 0f1f 8400 | 0000 0000 | e922 f3ff | ff4b 894c | 13f8 4983 | c2f8 4d89 | 5748 e910 | f3ff ff45 
  0x000001fd4fc152a4: 8b56 3c45 | 85d2 0f84 | dcf7 ffff | 4d8b 5f28 | 498b ca4d | 85db 0f84 | 380d 0000 | 4d8b 5738 
  0x000001fd4fc152c4: 4b89 4c1a | f849 83c3 | f84d 895f | 28e9 b6f7 | ffff 4d8b | 5758 4d8b | 5f48 f083 | 4424 c000 
  0x000001fd4fc152e4: 8039 000f | 84d7 f7ff | ff44 8821 | 4d85 db75 | 2049 8bd7 | c5f8 7749 | ba00 a440 | 95ff 7f00 
  0x000001fd4fc15304: 0041 ffd2 

  0x000001fd4fc15308: ;   {other}
  0x000001fd4fc15308: 0f1f 8400 | 0000 0000 | e9af f7ff | ff4b 894c | 1af8 4983 | c3f8 4d89 | 5f48 e99d | f7ff ffc4 
  0x000001fd4fc15328: e1f9 6ec2 | 4c89 6c24 | 5044 8974 | 2448 4889 | 5c24 204c | 8bdf 448b | f64c 63c5 | 498d 4810 
  0x000001fd4fc15348: 488b d148 | 83e2 f849 | 8bfa 4803 | fa49 8bea | 48c1 e903 | 4c2b c949 | 8bc9 4833 | c048 83f9 
  0x000001fd4fc15368: 087f 1048 | ffc9 784f | 4889 04cf | 48ff c97d | f7eb 44c5 | f5ef c9e9 | 0d00 0000 | c5fe 7f0f 
  0x000001fd4fc15388: c5fe 7f4f | 2048 83c7 | 4048 83e9 | 087d ed48 | 83c1 047c | 0cc5 fe7f | 0f48 83c7 | 2048 83e9 
  0x000001fd4fc153a8: 0448 83c1 | 047e 1048 | ffc9 c5f9 | d60f 4883 | c708 48ff | c97d f349 | 8bcb c4e1 | f97e c2c5 
  0x000001fd4fc153c8: f877 49ba | c044 654f | fd01 0000 

  0x000001fd4fc153d4: ;   {other}
  0x000001fd4fc153d4: 41ff d20f | 1f84 0000 | 0000 0041 | 8bf6 488b | 5c24 2044 | 8b74 2448 | 4c8b 6c24 | 504c 8bd5 
  0x000001fd4fc153f4: e97f f1ff | ff44 8b53 | 1445 85d2 | 0f84 19f6 | ffff 4d8b | 5f28 498b | ca4d 85db | 0f84 020d 
  0x000001fd4fc15414: 0000 4d8b | 5738 4b89 | 4c1a f849 | 83c3 f84d | 895f 28e9 | f3f5 ffff | 4d8b 5748 | 4d8b 5f58 
  0x000001fd4fc15434: f083 4424 | c000 8039 | 000f 840f | f6ff ff44 | 8821 4d85 | d275 2049 | 8bd7 c5f8 | 7749 ba00 
  0x000001fd4fc15454: a440 95ff | 7f00 0041 

  0x000001fd4fc1545c: ;   {other}
  0x000001fd4fc1545c: ffd2 0f1f | 8400 0000 | 0000 e9e7 | f5ff ff4b | 894c 13f8 | 4983 c2f8 | 4d89 5748 | e9d5 f5ff 
  0x000001fd4fc1547c: ff4c 63c5 | 4d8d 4810 | 498b c948 | 83e1 f848 | 8bfe 4803 | f949 c1e9 | 0349 2bc1 | 488b c848 
  0x000001fd4fc1549c: 33c0 4883 | f908 7f10 | 48ff c978 | 4f48 8904 | cf48 ffc9 | 7df7 eb44 | c5fd efc0 | e90d 0000 
  0x000001fd4fc154bc: 00c5 fe7f | 07c5 fe7f | 4720 4883 | c740 4883 | e908 7ded | 4883 c104 | 7c0c c5fe | 7f07 4883 
  0x000001fd4fc154dc: c720 4883 | e904 4883 | c104 7e10 | 48ff c9c5 | f9d6 0748 | 83c7 0848 | ffc9 7df3 | 498b ca49 
  0x000001fd4fc154fc: 8bd3 c5f8 | 7749 bac0 | 4465 4ffd | 0100 0041 

  0x000001fd4fc1550c: ;   {other}
  0x000001fd4fc1550c: ffd2 0f1f | 8400 0000 | 0000 e9f9 | f4ff ff33 | c0e9 c6f5 | ffff 4c8b | 5424 204c | 8954 2428 
  0x000001fd4fc1552c: 4c8b 6c24 | 304c 8b74 | 2438 4c8b | 5c24 4044 | 8b4c 2450 | 448b 5424 | 544c 8b44 | 2458 e9ef 
  0x000001fd4fc1554c: ;   {oop(""{0x00000000800d2ec8})}
  0x000001fd4fc1554c: f5ff ff49 | bdc8 2e0d | 8000 0000 | 00e9 59f0 

  0x000001fd4fc1555c: ;   {oop(""{0x00000000800d2ec8})}
  0x000001fd4fc1555c: ffff 49bd | c82e 0d80 | 0000 0000 | e94a f0ff 

  0x000001fd4fc1556c: ;   {metadata('java/security/SecureClassLoader$CodeSourceKey')}
  0x000001fd4fc1556c: ff48 bab8 | b411 5efd | 0100 0090 

  0x000001fd4fc15578: ;   {runtime_call _new_instance_Java}
  0x000001fd4fc15578: c5f8 77e8 

  0x000001fd4fc1557c: ; ImmutableOopMap {rbp=Oop [40]=Oop [48]=Oop [56]=Oop }
                      ;*new {reexecute=0 rethrow=0 return_oop=1}
                      ; - java.security.SecureClassLoader::getProtectionDomain@6
                      ; - java.security.SecureClassLoader::defineClass@9
  0x000001fd4fc1557c: 00ec b1ff 

  0x000001fd4fc15580: ;   {other}
  0x000001fd4fc15580: 0f1f 8400 | f019 0016 | 4c8b c0e9 | caea ffff 

  0x000001fd4fc15590: ;   {metadata('java/security/SecureClassLoader$1')}
  0x000001fd4fc15590: 48ba 50ba | 115e fd01 | 0000 4c89 | 4424 5090 

  0x000001fd4fc155a0: ;   {runtime_call _new_instance_Java}
  0x000001fd4fc155a0: c5f8 77e8 

  0x000001fd4fc155a4: ; ImmutableOopMap {rbp=NarrowOop [40]=Oop [48]=Oop [56]=Oop [80]=Oop }
                      ;*new {reexecute=0 rethrow=0 return_oop=1}
                      ; - java.security.SecureClassLoader::getProtectionDomain@20
                      ; - java.security.SecureClassLoader::defineClass@9
  0x000001fd4fc155a4: d8eb b1ff 

  0x000001fd4fc155a8: ;   {other}
  0x000001fd4fc155a8: 0f1f 8400 | 181a 0017 | 4c8b c84c | 8b44 2450 | e9e6 eaff | ff89 4c24 | 7844 8974 | 245c 4889 
  0x000001fd4fc155c8: 5c24 704c | 8944 2468 | c5fb 1144 | 2460 8974 | 2458 4489 | 5c24 5444 | 8954 2450 | 4c8b 9424 
  0x000001fd4fc155e8: 9000 0000 | 4c89 5424 | 484c 8b54 | 2430 4c89 | 5424 2048 | 8b6c 2428 

  0x000001fd4fc15600: ;   {metadata('java/lang/String')}
  0x000001fd4fc15600: 48ba 78e8 | 005e fd01 | 0000 6690 

  0x000001fd4fc1560c: ;   {runtime_call _new_instance_Java}
  0x000001fd4fc1560c: c5f8 77e8 

  0x000001fd4fc15610: ; ImmutableOopMap {rbp=Oop [32]=Oop [56]=Oop [72]=Oop [80]=NarrowOop [92]=NarrowOop [96]=Oop [104]=Derived_oop_[96] [112]=Oop [144]=Oop }
                      ;*new {reexecute=0 rethrow=0 return_oop=1}
                      ; - java.lang.StringLatin1::newString@7
                      ; - java.lang.String::substring@41
                      ; - java.lang.ClassLoader::checkCerts@21
                      ; - java.lang.ClassLoader::preDefineClass@113
                      ; - java.lang.ClassLoader::defineClass@4
                      ; - java.security.SecureClassLoader::defineClass@12
  0x000001fd4fc15610: 6ceb b1ff 

  0x000001fd4fc15614: ;   {other}
  0x000001fd4fc15614: 0f1f 8400 | 841a 0018 | 4889 6c24 | 284c 8b54 | 2420 4c89 | 5424 3044 | 8b54 2450 | 448b 5c24 
  0x000001fd4fc15634: 548b 7424 | 58c5 fb10 | 4424 604c | 8b4c 2468 | 488b 5c24 | 7044 8b74 | 245c 8b4c | 2478 4c8b 
  0x000001fd4fc15654: e84d 8bc1 | e963 edff 

  0x000001fd4fc1565c: ;   {oop(""{0x00000000800d2ec8})}
  0x000001fd4fc1565c: ff48 bbc8 | 2e0d 8000 | 0000 00e9 | eaf3 ffff | 4489 4c24 | 5044 8954 | 2424 4889 | 5c24 404c 
  0x000001fd4fc1567c: 8974 2438 | 4c89 6c24 | 3066 6690 

  0x000001fd4fc15688: ;   {static_call}
  0x000001fd4fc15688: c5f8 77e8 

  0x000001fd4fc1568c: ; ImmutableOopMap {rbp=Oop [36]=NarrowOop [40]=Oop [56]=Oop [64]=Oop [72]=Oop [80]=NarrowOop }
                      ;*invokestatic hashCode {reexecute=0 rethrow=0 return_oop=0}
                      ; - java.lang.String::hashCode@37
                      ; - java.util.concurrent.ConcurrentHashMap::get@1
                      ; - java.lang.ClassLoader::getNamedPackage@5
                      ; - java.lang.ClassLoader::postDefineClass@9
                      ; - java.lang.ClassLoader::defineClass@37
                      ; - java.security.SecureClassLoader::defineClass@12
  0x000001fd4fc1568c: f099 a5ff 

  0x000001fd4fc15690: ;   {other}
  0x000001fd4fc15690: 0f1f 8400 | 001b 0019 | e937 f9ff | ff4c 8b5c | 2440 41c6 | 4311 0133 | c04c 8b6c | 2430 4c8b 
  0x000001fd4fc156b0: 7424 3844 | 8b54 2424 | 448b 4c24 | 50e9 26f4 | ffff 4c8b | 5424 5845 | 8b52 1045 | 85d2 0f84 
  0x000001fd4fc156d0: 53fa ffff | 4d8b 5f28 | 498b ca4d | 85db 0f84 | 800b 0000 | 4d8b 5738 | 4b89 4c1a | f849 83c3 
  0x000001fd4fc156f0: f84d 895f | 28e9 2dfa | ffff 4c8b | 5424 504c | 8954 2458 | 458b 5a0c | 4585 db0f | 84cb f9ff 
  0x000001fd4fc15710: ff4d 8b57 | 2849 8bcb | 4d85 d20f | 8463 0b00 | 004d 8b5f | 384b 894c | 13f8 4983 | c2f8 4d89 
  0x000001fd4fc15730: 5728 e9a5 | f9ff ff4c | 8b74 2430 | e90d f8ff | ff4d 8b57 | 584d 8b5f | 48f0 8344 | 24c0 0080 
  0x000001fd4fc15750: 3900 0f84 | c4f9 ffff | 4488 214d | 85db 7520 | 498b d7c5 | f877 49ba | 00a4 4095 | ff7f 0000 
  0x000001fd4fc15770: ;   {other}
  0x000001fd4fc15770: 41ff d20f | 1f84 0000 | 0000 00e9 | 9cf9 ffff | 4b89 4c1a | f849 83c3 | f84d 895f | 48e9 8af9 
  0x000001fd4fc15790: ffff 4d8b | 5748 4d8b | 5f58 f083 | 4424 c000 | 4180 3800 | 0f84 c4f9 | ffff 4588 | 204d 85d2 
  0x000001fd4fc157b0: 7523 498b | c849 8bd7 | c5f8 7749 | ba00 a440 | 95ff 7f00 | 0041 ffd2 

  0x000001fd4fc157c8: ;   {other}
  0x000001fd4fc157c8: 0f1f 8400 | 0000 0000 | e999 f9ff | ff4f 8944 | 13f8 4983 | c2f8 4d89 | 5748 e987 | f9ff ff4c 
  0x000001fd4fc157e8: 8984 2488 | 0000 004c | 898c 2480 | 0000 004c | 896c 2478 | 894c 2470 | 4489 7424 | 5448 895c 
  0x000001fd4fc15808: 2468 4889 | 7c24 60c5 | fb11 4424 | 5889 7424 | 504c 8b94 | 2490 0000 | 004c 8954 | 2448 4c8b 
  0x000001fd4fc15828: 5424 284c | 8954 2420 

  0x000001fd4fc15830: ;   {metadata({type array byte})}
  0x000001fd4fc15830: 48ba 1823 | 005e fd01 | 0000 448b | c166 6690 

  0x000001fd4fc15840: ;   {runtime_call _new_array_nozero_Java}
  0x000001fd4fc15840: c5f8 77e8 

  0x000001fd4fc15844: ; ImmutableOopMap {[32]=Oop [48]=Oop [56]=Oop [72]=Oop [84]=NarrowOop [88]=Oop [96]=Derived_oop_[88] [104]=Oop [120]=Oop }
                      ;*newarray {reexecute=0 rethrow=0 return_oop=1}
                      ; - java.util.Arrays::copyOfRangeByte@10
                      ; - java.util.Arrays::copyOfRange@13
                      ; - java.lang.StringLatin1::newString@16
                      ; - java.lang.String::substring@41
                      ; - java.lang.ClassLoader::checkCerts@21
                      ; - java.lang.ClassLoader::preDefineClass@113
                      ; - java.lang.ClassLoader::defineClass@4
                      ; - java.security.SecureClassLoader::defineClass@12
  0x000001fd4fc15844: b8fc b1ff 

  0x000001fd4fc15848: ;   {other}
  0x000001fd4fc15848: 0f1f 8400 | b81c 001a | 4c8b 5c24 | 204c 895c | 2428 4c8b | 5c24 484c | 899c 2490 | 0000 008b 
  0x000001fd4fc15868: 7424 5048 | 8b7c 2460 | 488b 5c24 | 6844 8b74 | 2454 8b4c | 2470 4c8b | 6c24 784c | 8b8c 2480 
  0x000001fd4fc15888: 0000 004c | 8b84 2488 | 0000 004c | 8bd0 e999 | ecff ff44 | 8944 243c | 4489 5c24 | 3844 894c 
  0x000001fd4fc158a8: 2424 4c89 | 7424 3049 

  0x000001fd4fc158b0: ;   {metadata('java/lang/String')}
  0x000001fd4fc158b0: 8bed 48ba | 78e8 005e | fd01 0000 

  0x000001fd4fc158bc: ;   {runtime_call _new_instance_Java}
  0x000001fd4fc158bc: c5f8 77e8 

  0x000001fd4fc158c0: ; ImmutableOopMap {[36]=NarrowOop [40]=Oop [48]=Oop [72]=Oop [136]=Oop }
                      ;*new {reexecute=0 rethrow=0 return_oop=1}
                      ; - java.lang.StringLatin1::newString@7
                      ; - java.lang.String::substring@41
                      ; - java.lang.Class::getPackageName@62
                      ; - java.lang.ClassLoader::postDefineClass@2
                      ; - java.lang.ClassLoader::defineClass@37
                      ; - java.security.SecureClassLoader::defineClass@12
  0x000001fd4fc158c0: bce8 b1ff 

  0x000001fd4fc158c4: ;   {other}
  0x000001fd4fc158c4: 0f1f 8400 | 341d 001b | 4c8b ed4c | 8b74 2430 | 448b 4c24 | 2444 8b5c | 2438 448b | 4424 3c48 
  0x000001fd4fc158e4: 8bd8 e9aa | efff ff44 | 894c 2440 | 4c89 5c24 | 384c 8974 | 2430 4c89 

  0x000001fd4fc158fc: ;   {metadata('java/lang/NamedPackage')}
  0x000001fd4fc158fc: 6c24 2048 | bae8 c001 | 5efd 0100 | 0049 8bee 

  0x000001fd4fc1590c: ;   {runtime_call _new_instance_Java}
  0x000001fd4fc1590c: c5f8 77e8 

  0x000001fd4fc15910: ; ImmutableOopMap {rbp=Oop [40]=Oop [48]=Oop [56]=Oop [64]=NarrowOop [72]=Oop }
                      ;*new {reexecute=0 rethrow=0 return_oop=1}
                      ; - java.lang.ClassLoader::getNamedPackage@16
                      ; - java.lang.ClassLoader::postDefineClass@9
                      ; - java.lang.ClassLoader::defineClass@37
                      ; - java.security.SecureClassLoader::defineClass@12
  0x000001fd4fc15910: 6ce8 b1ff 

  0x000001fd4fc15914: ;   {other}
  0x000001fd4fc15914: 0f1f 8400 | 841d 001c | e93b f3ff | ff4c 894c | 2460 4889 | 4424 584c | 8954 2450 | 4889 5c24 
  0x000001fd4fc15934: 4044 8944 | 2424 4c89 | 7424 384c | 896c 2430 

  0x000001fd4fc15944: ;   {metadata({type array byte})}
  0x000001fd4fc15944: 48ba 1823 | 005e fd01 | 0000 6690 

  0x000001fd4fc15950: ;   {runtime_call _new_array_nozero_Java}
  0x000001fd4fc15950: c5f8 77e8 

  0x000001fd4fc15954: ; ImmutableOopMap {[40]=Oop [56]=Oop [64]=Oop [72]=Oop [136]=Oop [80]=Derived_oop_[136] }
                      ;*newarray {reexecute=0 rethrow=0 return_oop=1}
                      ; - java.util.Arrays::copyOfRangeByte@10
                      ; - java.util.Arrays::copyOfRange@13
                      ; - java.lang.StringLatin1::newString@16
                      ; - java.lang.String::substring@41
                      ; - java.lang.Class::getPackageName@62
                      ; - java.lang.ClassLoader::postDefineClass@2
                      ; - java.lang.ClassLoader::defineClass@37
                      ; - java.security.SecureClassLoader::defineClass@12
  0x000001fd4fc15954: a8fb b1ff 

  0x000001fd4fc15958: ;   {other}
  0x000001fd4fc15958: 0f1f 8400 | c81d 001d | 4c8b d84c | 8b6c 2430 | 4c8b 7424 | 3844 8b44 | 2424 488b | 5c24 404c 
  0x000001fd4fc15978: 8b54 2450 | 488b 4424 | 584c 8b4c | 2460 498b | f3e9 41f0 | ffff 4c8b | 4424 5048 | 896c 2468 
  0x000001fd4fc15998: 4c89 6c24 | 6044 8974 | 2424 4889 | 5c24 584c | 8944 2450 | c5fb 1144 | 2448 8974 | 2420 418b 
  0x000001fd4fc159b8: ;   {metadata({type array byte})}
  0x000001fd4fc159b8: ea48 ba18 | 2300 5efd | 0100 0045 | 8bc3 6690 

  0x000001fd4fc159c8: ;   {runtime_call _new_array_nozero_Java}
  0x000001fd4fc159c8: c5f8 77e8 

  0x000001fd4fc159cc: ; ImmutableOopMap {rbp=NarrowOop [36]=NarrowOop [40]=Oop [48]=Oop [56]=Oop [72]=Oop [80]=Derived_oop_[72] [88]=Oop [96]=Oop [144]=Oop }
                      ;*invokevirtual clone {reexecute=1 rethrow=0 return_oop=1}
                      ; - (reexecute) java.util.Arrays::copyOfRange@18
                      ; - java.lang.StringLatin1::newString@16
                      ; - java.lang.String::substring@41
                      ; - java.lang.ClassLoader::checkCerts@21
                      ; - java.lang.ClassLoader::preDefineClass@113
                      ; - java.lang.ClassLoader::defineClass@4
                      ; - java.security.SecureClassLoader::defineClass@12
  0x000001fd4fc159cc: 30fb b1ff 

  0x000001fd4fc159d0: ;   {other}
  0x000001fd4fc159d0: 0f1f 8400 | 401e 001e | 488b f8e9 | 71ea ffff 

  0x000001fd4fc159e0: ;   {metadata('java/lang/InternalError')}
  0x000001fd4fc159e0: 48ba 3807 | 015e fd01 | 0000 6690 

  0x000001fd4fc159ec: ;   {runtime_call _new_instance_Java}
  0x000001fd4fc159ec: c5f8 77e8 

  0x000001fd4fc159f0: ; ImmutableOopMap {[40]=Oop [48]=Oop [56]=Oop [64]=NarrowOop [72]=Oop [80]=Oop [88]=Oop }
                      ;*new {reexecute=0 rethrow=0 return_oop=1}
                      ; - java.lang.NamedPackage::<init>@18
                      ; - java.lang.ClassLoader::getNamedPackage@22
                      ; - java.lang.ClassLoader::postDefineClass@9
                      ; - java.lang.ClassLoader::defineClass@37
                      ; - java.security.SecureClassLoader::defineClass@12
  0x000001fd4fc159f0: 8ce7 b1ff 

  0x000001fd4fc159f4: ;   {other}
  0x000001fd4fc159f4: 0f1f 8400 | 641e 001f | e9f7 f2ff 

  0x000001fd4fc15a00: ;   {metadata('java/lang/StringBuilder')}
  0x000001fd4fc15a00: ff48 ba40 | 8000 5efd | 0100 0090 

  0x000001fd4fc15a0c: ;   {runtime_call _new_instance_Java}
  0x000001fd4fc15a0c: c5f8 77e8 

  0x000001fd4fc15a10: ; ImmutableOopMap {[40]=Oop [48]=Oop [56]=Oop [64]=NarrowOop [72]=Oop [80]=Oop [88]=Oop [112]=Oop }
                      ;*new {reexecute=0 rethrow=0 return_oop=1}
                      ; - java.lang.NamedPackage::<init>@22
                      ; - java.lang.ClassLoader::getNamedPackage@22
                      ; - java.lang.ClassLoader::postDefineClass@9
                      ; - java.lang.ClassLoader::defineClass@37
                      ; - java.security.SecureClassLoader::defineClass@12
  0x000001fd4fc15a10: 6ce7 b1ff 

  0x000001fd4fc15a14: ;   {other}
  0x000001fd4fc15a14: 0f1f 8400 | 841e 0020 | e91c f3ff | ff4c 8944 | 2450 4c89 | 5424 4048 | 895c 2438 | 4489 4c24 
  0x000001fd4fc15a34: 244c 8974 | 2430 498b 

  0x000001fd4fc15a3c: ;   {metadata({type array byte})}
  0x000001fd4fc15a3c: ed48 ba18 | 2300 5efd | 0100 0045 | 8bc3 6690 

  0x000001fd4fc15a4c: ;   {runtime_call _new_array_nozero_Java}
  0x000001fd4fc15a4c: c5f8 77e8 

  0x000001fd4fc15a50: ; ImmutableOopMap {[36]=NarrowOop [40]=Oop [48]=Oop [56]=Oop [72]=Oop [136]=Oop [64]=Derived_oop_[136] }
                      ;*invokevirtual clone {reexecute=1 rethrow=0 return_oop=1}
                      ; - (reexecute) java.util.Arrays::copyOfRange@18
                      ; - java.lang.StringLatin1::newString@16
                      ; - java.lang.String::substring@41
                      ; - java.lang.Class::getPackageName@62
                      ; - java.lang.ClassLoader::postDefineClass@2
                      ; - java.lang.ClassLoader::defineClass@37
                      ; - java.security.SecureClassLoader::defineClass@12
  0x000001fd4fc15a50: acfa b1ff 

  0x000001fd4fc15a54: ;   {other}
  0x000001fd4fc15a54: 0f1f 8400 | c41e 0021 | 4c8b ed4c | 8b74 2430 | 488b 5c24 | 384c 8b54 | 2440 4c8b | 4424 5048 
  0x000001fd4fc15a74: 8bf0 e98e | eeff ffba | f6ff ffff | 498b ed90 

  0x000001fd4fc15a84: ;   {runtime_call UncommonTrapBlob}
  0x000001fd4fc15a84: c5f8 77e8 

  0x000001fd4fc15a88: ; ImmutableOopMap {rbp=Oop }
                      ;*invokevirtual putIfAbsent {reexecute=0 rethrow=0 return_oop=0}
                      ; - java.lang.ClassLoader::checkCerts@62
                      ; - java.lang.ClassLoader::preDefineClass@113
                      ; - java.lang.ClassLoader::defineClass@4
                      ; - java.security.SecureClassLoader::defineClass@12
  0x000001fd4fc15a88: f4e8 a5ff 

  0x000001fd4fc15a8c: ;   {other}
  0x000001fd4fc15a8c: 0f1f 8400 | fc1e 0022 | baf6 ffff | ff66 6690 

  0x000001fd4fc15a9c: ;   {runtime_call UncommonTrapBlob}
  0x000001fd4fc15a9c: c5f8 77e8 

  0x000001fd4fc15aa0: ; ImmutableOopMap {rbp=NarrowOop }
                      ;*invokevirtual toExternalForm {reexecute=0 rethrow=0 return_oop=0}
                      ; - java.net.URL::toExternalForm@5
                      ; - java.net.URL::toString@1
                      ; - java.lang.ClassLoader::defineClassSourceLocation@22
                      ; - java.lang.ClassLoader::defineClass@12
                      ; - java.security.SecureClassLoader::defineClass@12
  0x000001fd4fc15aa0: dce8 a5ff 

  0x000001fd4fc15aa4: ;   {other}
  0x000001fd4fc15aa4: 0f1f 8400 | 141f 0023 | baf6 ffff | ff48 8beb 

  0x000001fd4fc15ab4: ;   {runtime_call UncommonTrapBlob}
  0x000001fd4fc15ab4: c5f8 77e8 

  0x000001fd4fc15ab8: ; ImmutableOopMap {rbp=Oop }
                      ;*invokevirtual get {reexecute=0 rethrow=0 return_oop=0}
                      ; - java.lang.ClassLoader::getNamedPackage@5
                      ; - java.lang.ClassLoader::postDefineClass@9
                      ; - java.lang.ClassLoader::defineClass@37
                      ; - java.security.SecureClassLoader::defineClass@12
  0x000001fd4fc15ab8: c4e8 a5ff 

  0x000001fd4fc15abc: ;   {other}
  0x000001fd4fc15abc: 0f1f 8400 | 2c1f 0024 | ba76 ffff | ff41 8bea | 897c 2424 | 4889 5c24 | 5044 8974 | 2460 6690 
  0x000001fd4fc15adc: ;   {runtime_call UncommonTrapBlob}
  0x000001fd4fc15adc: c5f8 77e8 

  0x000001fd4fc15ae0: ; ImmutableOopMap {rbp=NarrowOop [40]=Oop [48]=Oop [56]=Oop [80]=Oop [96]=NarrowOop [144]=Oop }
                      ;*iflt {reexecute=1 rethrow=0 return_oop=0}
                      ; - (reexecute) java.lang.StringLatin1::lastIndexOf@19
                      ; - java.lang.String::lastIndexOf@13
                      ; - java.lang.String::lastIndexOf@8
                      ; - java.lang.ClassLoader::checkCerts@3
                      ; - java.lang.ClassLoader::preDefineClass@113
                      ; - java.lang.ClassLoader::defineClass@4
                      ; - java.security.SecureClassLoader::defineClass@12
  0x000001fd4fc15ae0: 9ce8 a5ff 

  0x000001fd4fc15ae4: ;   {other}
  0x000001fd4fc15ae4: 0f1f 8400 | 541f 0025 | bade ffff | ff4c 8b54 | 2428 4c89 | 5424 204c | 8b54 2430 | 4c89 5424 
  0x000001fd4fc15b04: 284c 8b54 | 2438 4c89 | 5424 3044 | 8b5c 2440 | 4489 5c24 | 3844 8b54 | 2444 4489 | 5424 3c4c 
  0x000001fd4fc15b24: 8944 2440 | 4c89 4c24 | 4866 6690 

  0x000001fd4fc15b30: ;   {runtime_call UncommonTrapBlob}
  0x000001fd4fc15b30: c5f8 77e8 

  0x000001fd4fc15b34: ; ImmutableOopMap {rbp=NarrowOop [32]=Oop [40]=Oop [48]=Oop [64]=Oop [72]=Oop }
                      ;*invokeinterface computeIfAbsent {reexecute=0 rethrow=0 return_oop=0}
                      ; - java.security.SecureClassLoader::getProtectionDomain@28
                      ; - java.security.SecureClassLoader::defineClass@9
  0x000001fd4fc15b34: 48e8 a5ff 

  0x000001fd4fc15b38: ;   {other}
  0x000001fd4fc15b38: 0f1f 8400 | a81f 0026 | ba45 ffff | ff48 8b6c | 2428 6690 

  0x000001fd4fc15b4c: ;   {runtime_call UncommonTrapBlob}
  0x000001fd4fc15b4c: c5f8 77e8 

  0x000001fd4fc15b50: ; ImmutableOopMap {rbp=Oop [48]=Oop [56]=Oop [144]=Oop }
                      ;*ifeq {reexecute=1 rethrow=0 return_oop=0}
                      ; - (reexecute) java.lang.ClassLoader::checkName@8
                      ; - java.lang.ClassLoader::preDefineClass@1
                      ; - java.lang.ClassLoader::defineClass@4
                      ; - java.security.SecureClassLoader::defineClass@12
  0x000001fd4fc15b50: 2ce8 a5ff 

  0x000001fd4fc15b54: ;   {other}
  0x000001fd4fc15b54: 0f1f 8400 | c41f 0027 | ba6e ffff | ff41 8bea | 897c 2424 | 4889 5c24 | 5044 8974 | 2460 6690 
  0x000001fd4fc15b74: ;   {runtime_call UncommonTrapBlob}
  0x000001fd4fc15b74: c5f8 77e8 

  0x000001fd4fc15b78: ; ImmutableOopMap {rbp=NarrowOop [40]=Oop [48]=Oop [56]=Oop [80]=Oop [96]=NarrowOop [144]=Oop }
                      ;*iflt {reexecute=1 rethrow=0 return_oop=0}
                      ; - (reexecute) java.lang.StringLatin1::lastIndexOf@19
                      ; - java.lang.String::lastIndexOf@13
                      ; - java.lang.String::lastIndexOf@8
                      ; - java.lang.ClassLoader::checkCerts@3
                      ; - java.lang.ClassLoader::preDefineClass@113
                      ; - java.lang.ClassLoader::defineClass@4
                      ; - java.security.SecureClassLoader::defineClass@12
  0x000001fd4fc15b78: 04e8 a5ff 

  0x000001fd4fc15b7c: ;   {other}
  0x000001fd4fc15b7c: 0f1f 8400 | ec1f 0028 | bace ffff | ff41 8bea | 8974 2460 

  0x000001fd4fc15b90: ;   {runtime_call UncommonTrapBlob}
  0x000001fd4fc15b90: c5f8 77e8 

  0x000001fd4fc15b94: ; ImmutableOopMap {rbp=NarrowOop [40]=Oop [48]=Oop [56]=Oop [144]=Oop }
                      ;*invokestatic indexOfChar {reexecute=0 rethrow=0 return_oop=0}
                      ; - java.lang.StringLatin1::indexOf@33
                      ; - java.lang.String::indexOf@17
                      ; - java.lang.String::indexOf@3
                      ; - java.lang.ClassLoader::checkName@16
                      ; - java.lang.ClassLoader::preDefineClass@1
                      ; - java.lang.ClassLoader::defineClass@4
                      ; - java.security.SecureClassLoader::defineClass@12
  0x000001fd4fc15b94: e8e7 a5ff 

  0x000001fd4fc15b98: ;   {other}
  0x000001fd4fc15b98: 0f1f 8400 | 0820 0029 | bade ffff | ff66 6690 

  0x000001fd4fc15ba8: ;   {runtime_call UncommonTrapBlob}
  0x000001fd4fc15ba8: c5f8 77e8 

  0x000001fd4fc15bac: ; ImmutableOopMap {rbp=NarrowOop }
                      ;*checkcast {reexecute=0 rethrow=0 return_oop=0}
                      ; - java.lang.ClassLoader::getNamedPackage@8
                      ; - java.lang.ClassLoader::postDefineClass@9
                      ; - java.lang.ClassLoader::defineClass@37
                      ; - java.security.SecureClassLoader::defineClass@12
  0x000001fd4fc15bac: d0e7 a5ff 

  0x000001fd4fc15bb0: ;   {other}
  0x000001fd4fc15bb0: 0f1f 8400 | 2020 002a | ba76 ffff | ff41 8be9 | 4489 5424 | 244c 8974 | 2438 4c89 | 7424 5048 
  0x000001fd4fc15bd0: 8944 2458 

  0x000001fd4fc15bd4: ;   {runtime_call UncommonTrapBlob}
  0x000001fd4fc15bd4: c5f8 77e8 

  0x000001fd4fc15bd8: ; ImmutableOopMap {rbp=NarrowOop [40]=Oop [56]=Oop [80]=Oop [88]=Oop [144]=Oop }
                      ;*iflt {reexecute=1 rethrow=0 return_oop=0}
                      ; - (reexecute) java.lang.StringLatin1::lastIndexOf@19
                      ; - java.lang.String::lastIndexOf@13
                      ; - java.lang.String::lastIndexOf@8
                      ; - java.lang.Class::getPackageName@47
                      ; - java.lang.ClassLoader::postDefineClass@2
                      ; - java.lang.ClassLoader::defineClass@37
                      ; - java.security.SecureClassLoader::defineClass@12
  0x000001fd4fc15bd8: a4e7 a5ff 

  0x000001fd4fc15bdc: ;   {other}
  0x000001fd4fc15bdc: 0f1f 8400 | 4c20 002b | ba45 ffff | ff48 8944 | 2430 4889 | 4424 4090 

  0x000001fd4fc15bf4: ;   {runtime_call UncommonTrapBlob}
  0x000001fd4fc15bf4: c5f8 77e8 

  0x000001fd4fc15bf8: ; ImmutableOopMap {[40]=Oop [48]=Oop [64]=Oop [144]=Oop }
                      ;*ifeq {reexecute=1 rethrow=0 return_oop=0}
                      ; - (reexecute) java.lang.Class::getPackageName@13
                      ; - java.lang.ClassLoader::postDefineClass@2
                      ; - java.lang.ClassLoader::defineClass@37
                      ; - java.security.SecureClassLoader::defineClass@12
  0x000001fd4fc15bf8: 84e7 a5ff 

  0x000001fd4fc15bfc: ;   {other}
  0x000001fd4fc15bfc: 0f1f 8400 | 6c20 002c | ba6e ffff | ff41 8be9 | 4489 5424 | 244c 8974 | 2438 4c89 | 7424 5048 
  0x000001fd4fc15c1c: 8944 2458 

  0x000001fd4fc15c20: ;   {runtime_call UncommonTrapBlob}
  0x000001fd4fc15c20: c5f8 77e8 

  0x000001fd4fc15c24: ; ImmutableOopMap {rbp=NarrowOop [40]=Oop [56]=Oop [80]=Oop [88]=Oop [144]=Oop }
                      ;*iflt {reexecute=1 rethrow=0 return_oop=0}
                      ; - (reexecute) java.lang.StringLatin1::lastIndexOf@19
                      ; - java.lang.String::lastIndexOf@13
                      ; - java.lang.String::lastIndexOf@8
                      ; - java.lang.Class::getPackageName@47
                      ; - java.lang.ClassLoader::postDefineClass@2
                      ; - java.lang.ClassLoader::defineClass@37
                      ; - java.security.SecureClassLoader::defineClass@12
  0x000001fd4fc15c24: 58e7 a5ff 

  0x000001fd4fc15c28: ;   {other}
  0x000001fd4fc15c28: 0f1f 8400 | 9820 002d | 4c63 c9e9 | 74e8 ffff | 4983 c1fe | 498b c948 | 8bfa 4833 | c048 83f9 
  0x000001fd4fc15c48: 087f 1048 | ffc9 784f | 4889 04cf | 48ff c97d | f7eb 44c5 | fdef c0e9 | 0d00 0000 | c5fe 7f07 
  0x000001fd4fc15c68: c5fe 7f47 | 2048 83c7 | 4048 83e9 | 087d ed48 | 83c1 047c | 0cc5 fe7f | 0748 83c7 | 2048 83e9 
  0x000001fd4fc15c88: 0448 83c1 | 047e 1048 | ffc9 c5f9 | d607 4883 | c708 48ff | c97d f3e9 | d4e8 ffff | bacc ffff 
  0x000001fd4fc15ca8: ff41 8bea | 894c 2424 | 4889 5c24 | 5044 8974 | 2460 4c89 | 6c24 7090 

  0x000001fd4fc15cc0: ;   {runtime_call UncommonTrapBlob}
  0x000001fd4fc15cc0: c5f8 77e8 

  0x000001fd4fc15cc4: ; ImmutableOopMap {rbp=NarrowOop [40]=Oop [48]=Oop [56]=Oop [80]=Oop [96]=NarrowOop [112]=Oop [144]=Oop }
                      ;*newarray {reexecute=1 rethrow=0 return_oop=0}
                      ; - (reexecute) java.util.Arrays::copyOfRangeByte@10
                      ; - java.util.Arrays::copyOfRange@13
                      ; - java.lang.StringLatin1::newString@16
                      ; - java.lang.String::substring@41
                      ; - java.lang.ClassLoader::checkCerts@21
                      ; - java.lang.ClassLoader::preDefineClass@113
                      ; - java.lang.ClassLoader::defineClass@4
                      ; - java.security.SecureClassLoader::defineClass@12
  0x000001fd4fc15cc4: b8e6 a5ff 

  0x000001fd4fc15cc8: ;   {other}
  0x000001fd4fc15cc8: 0f1f 8400 | 3821 002e | 4533 d245 | 85c0 410f | 94c2 ba45 | ffff ff48 | 8b6c 2428 | 4c8b 5c24 
  0x000001fd4fc15ce8: 304c 895c | 2420 4489 | 5424 6090 

  0x000001fd4fc15cf4: ;   {runtime_call UncommonTrapBlob}
  0x000001fd4fc15cf4: c5f8 77e8 

  0x000001fd4fc15cf8: ; ImmutableOopMap {rbp=Oop [32]=Oop [56]=Oop [144]=Oop }
                      ;*ifeq {reexecute=1 rethrow=0 return_oop=0}
                      ; - (reexecute) java.lang.String::indexOf@4
                      ; - java.lang.String::indexOf@3
                      ; - java.lang.ClassLoader::checkName@16
                      ; - java.lang.ClassLoader::preDefineClass@1
                      ; - java.lang.ClassLoader::defineClass@4
                      ; - java.security.SecureClassLoader::defineClass@12
  0x000001fd4fc15cf8: 84e6 a5ff 

  0x000001fd4fc15cfc: ;   {other}
  0x000001fd4fc15cfc: 0f1f 8400 | 6c21 002f | ba45 ffff | ff89 4c24 | 2089 4c24 | 2448 895c | 2450 4489 | 7424 6044 
  0x000001fd4fc15d1c: 894c 2470 

  0x000001fd4fc15d20: ;   {runtime_call UncommonTrapBlob}
  0x000001fd4fc15d20: c5f8 77e8 

  0x000001fd4fc15d24: ; ImmutableOopMap {[40]=Oop [48]=Oop [56]=Oop [80]=Oop [96]=NarrowOop [144]=Oop }
                      ;*if_icmpgt {reexecute=1 rethrow=0 return_oop=0}
                      ; - (reexecute) jdk.internal.util.Preconditions::checkFromToIndex@6
                      ; - java.lang.String::checkBoundsBeginEnd@6
                      ; - java.lang.String::substring@8
                      ; - java.lang.ClassLoader::checkCerts@21
                      ; - java.lang.ClassLoader::preDefineClass@113
                      ; - java.lang.ClassLoader::defineClass@4
                      ; - java.security.SecureClassLoader::defineClass@12
  0x000001fd4fc15d24: 58e6 a5ff 

  0x000001fd4fc15d28: ;   {other}
  0x000001fd4fc15d28: 0f1f 8400 | 9821 0030 | ba45 ffff | ff48 8b6c | 2428 895c | 2450 6690 

  0x000001fd4fc15d40: ;   {runtime_call UncommonTrapBlob}
  0x000001fd4fc15d40: c5f8 77e8 

  0x000001fd4fc15d44: ; ImmutableOopMap {rbp=Oop [48]=Oop [56]=Oop [144]=Oop }
                      ;*if_icmpne {reexecute=1 rethrow=0 return_oop=0}
                      ; - (reexecute) java.lang.ClassLoader::checkName@20
                      ; - java.lang.ClassLoader::preDefineClass@1
                      ; - java.lang.ClassLoader::defineClass@4
                      ; - java.security.SecureClassLoader::defineClass@12
  0x000001fd4fc15d44: 38e6 a5ff 

  0x000001fd4fc15d48: ;   {other}
  0x000001fd4fc15d48: 0f1f 8400 | b821 0031 | ba45 ffff | ff4c 8974 | 2430 4c8b | 5424 484c | 8954 2438 | 4c89 5c24 
  0x000001fd4fc15d68: 4044 894c | 2448 4489 | 4424 4c90 

  0x000001fd4fc15d74: ;   {runtime_call UncommonTrapBlob}
  0x000001fd4fc15d74: c5f8 77e8 

  0x000001fd4fc15d78: ; ImmutableOopMap {[40]=Oop [48]=Oop [56]=Oop [64]=Oop [72]=NarrowOop }
                      ;*ifle {reexecute=1 rethrow=0 return_oop=0}
                      ; - (reexecute) java.util.concurrent.ConcurrentHashMap::get@23
                      ; - java.lang.ClassLoader::getNamedPackage@5
                      ; - java.lang.ClassLoader::postDefineClass@9
                      ; - java.lang.ClassLoader::defineClass@37
                      ; - java.security.SecureClassLoader::defineClass@12
  0x000001fd4fc15d78: 04e6 a5ff 

  0x000001fd4fc15d7c: ;   {other}
  0x000001fd4fc15d7c: 0f1f 8400 | ec21 0032 | ba45 ffff | ff4c 8b54 | 2428 4c89 | 5424 204c | 8944 2428 | 4c89 4c24 
  0x000001fd4fc15d9c: 3089 7c24 | 3889 7424 | 3c66 6690 

  0x000001fd4fc15da8: ;   {runtime_call UncommonTrapBlob}
  0x000001fd4fc15da8: c5f8 77e8 

  0x000001fd4fc15dac: ; ImmutableOopMap {rbp=Oop [32]=Oop [40]=Oop [48]=Oop }
                      ;*ifnonnull {reexecute=1 rethrow=0 return_oop=0}
                      ; - (reexecute) java.security.SecureClassLoader::getProtectionDomain@1
                      ; - java.security.SecureClassLoader::defineClass@9
  0x000001fd4fc15dac: d0e5 a5ff 

  0x000001fd4fc15db0: ;   {other}
  0x000001fd4fc15db0: 0f1f 8400 | 2022 0033 | ba45 ffff | ff66 6690 

  0x000001fd4fc15dc0: ;   {runtime_call UncommonTrapBlob}
  0x000001fd4fc15dc0: c5f8 77e8 

  0x000001fd4fc15dc4: ; ImmutableOopMap {[40]=Oop [48]=Oop [56]=Oop [144]=Oop }
                      ;*if_icmpne {reexecute=1 rethrow=0 return_oop=0}
                      ; - (reexecute) java.lang.ClassLoader::checkName@30
                      ; - java.lang.ClassLoader::preDefineClass@1
                      ; - java.lang.ClassLoader::defineClass@4
                      ; - java.security.SecureClassLoader::defineClass@12
  0x000001fd4fc15dc4: b8e5 a5ff 

  0x000001fd4fc15dc8: ;   {other}
  0x000001fd4fc15dc8: 0f1f 8400 | 3822 0034 | ba45 ffff | ff4c 8b54 | 2428 4c89 | 5424 2048 | 895c 2450 | 4c89 6c24 
  0x000001fd4fc15de8: 5844 8974 | 2460 6690 

  0x000001fd4fc15df0: ;   {runtime_call UncommonTrapBlob}
  0x000001fd4fc15df0: c5f8 77e8 

  0x000001fd4fc15df4: ; ImmutableOopMap {rbp=NarrowOop [32]=Oop [48]=Oop [56]=Oop [80]=Oop [88]=Oop [96]=NarrowOop [144]=Oop }
                      ;*ifnull {reexecute=1 rethrow=0 return_oop=0}
                      ; - (reexecute) java.security.CodeSource::getCertificates@4
                      ; - java.lang.ClassLoader::checkCerts@34
                      ; - java.lang.ClassLoader::preDefineClass@113
                      ; - java.lang.ClassLoader::defineClass@4
                      ; - java.security.SecureClassLoader::defineClass@12
  0x000001fd4fc15df4: 88e5 a5ff 

  0x000001fd4fc15df8: ;   {other}
  0x000001fd4fc15df8: 0f1f 8400 | 6822 0035 | ba45 ffff | ff4c 8b54 | 2428 4c89 | 5424 2048 | 895c 2450 | 4c89 6c24 
  0x000001fd4fc15e18: 5844 8974 | 2460 6690 

  0x000001fd4fc15e20: ;   {runtime_call UncommonTrapBlob}
  0x000001fd4fc15e20: c5f8 77e8 

  0x000001fd4fc15e24: ; ImmutableOopMap {rbp=NarrowOop [32]=Oop [48]=Oop [56]=Oop [80]=Oop [88]=Oop [96]=NarrowOop [144]=Oop }
                      ;*ifnull {reexecute=1 rethrow=0 return_oop=0}
                      ; - (reexecute) java.security.CodeSource::getCertificates@22
                      ; - java.lang.ClassLoader::checkCerts@34
                      ; - java.lang.ClassLoader::preDefineClass@113
                      ; - java.lang.ClassLoader::defineClass@4
                      ; - java.security.SecureClassLoader::defineClass@12
  0x000001fd4fc15e24: 58e5 a5ff 

  0x000001fd4fc15e28: ;   {other}
  0x000001fd4fc15e28: 0f1f 8400 | 9822 0036 | ba45 ffff | ff89 4c24 | 2089 4c24 | 2448 895c | 2450 4489 | 7424 6044 
  0x000001fd4fc15e48: 894c 2470 | 4489 4c24 | 7466 6690 

  0x000001fd4fc15e54: ;   {runtime_call UncommonTrapBlob}
  0x000001fd4fc15e54: c5f8 77e8 

  0x000001fd4fc15e58: ; ImmutableOopMap {[40]=Oop [48]=Oop [56]=Oop [80]=Oop [96]=NarrowOop [144]=Oop }
                      ;*if_icmple {reexecute=1 rethrow=0 return_oop=0}
                      ; - (reexecute) jdk.internal.util.Preconditions::checkFromToIndex@11
                      ; - java.lang.String::checkBoundsBeginEnd@6
                      ; - java.lang.String::substring@8
                      ; - java.lang.ClassLoader::checkCerts@21
                      ; - java.lang.ClassLoader::preDefineClass@113
                      ; - java.lang.ClassLoader::defineClass@4
                      ; - java.security.SecureClassLoader::defineClass@12
  0x000001fd4fc15e58: 24e5 a5ff 

  0x000001fd4fc15e5c: ;   {other}
  0x000001fd4fc15e5c: 0f1f 8400 | cc22 0037 | ba45 ffff | ff4c 8b54 | 2428 4c89 | 5424 2090 

  0x000001fd4fc15e74: ;   {runtime_call UncommonTrapBlob}
  0x000001fd4fc15e74: c5f8 77e8 

  0x000001fd4fc15e78: ; ImmutableOopMap {[32]=Oop [48]=Oop [56]=Oop [144]=Oop }
                      ;*ifne {reexecute=1 rethrow=0 return_oop=0}
                      ; - (reexecute) java.lang.ClassLoader::compareCerts@7
                      ; - java.lang.ClassLoader::checkCerts@80
                      ; - java.lang.ClassLoader::preDefineClass@113
                      ; - java.lang.ClassLoader::defineClass@4
                      ; - java.security.SecureClassLoader::defineClass@12
  0x000001fd4fc15e78: 04e5 a5ff 

  0x000001fd4fc15e7c: ;   {other}
  0x000001fd4fc15e7c: 0f1f 8400 | ec22 0038 | 8bcf e9c3 | e4ff ff4c | 8954 2448 | 4c89 6c24 | 204c 8beb | 8bee 498b 
  0x000001fd4fc15e9c: d7c5 f877 | 49ba 20a4 | 4095 ff7f | 0000 41ff 

  0x000001fd4fc15eac: ;   {other}
  0x000001fd4fc15eac: d20f 1f84 | 0000 0000 | 008b f549 | 8bdd 4c8b | 6c24 204c | 8b54 2448 | e9ba e6ff | ffba f6ff 
  0x000001fd4fc15ecc: ffff 6690 

  0x000001fd4fc15ed0: ;   {runtime_call UncommonTrapBlob}
  0x000001fd4fc15ed0: c5f8 77e8 

  0x000001fd4fc15ed4: ; ImmutableOopMap {}
                      ;*invokevirtual isNamed {reexecute=0 rethrow=0 return_oop=0}
                      ; - java.lang.NamedPackage::<init>@12
                      ; - java.lang.ClassLoader::getNamedPackage@22
                      ; - java.lang.ClassLoader::postDefineClass@9
                      ; - java.lang.ClassLoader::defineClass@37
                      ; - java.security.SecureClassLoader::defineClass@12
  0x000001fd4fc15ed4: a8e4 a5ff 

  0x000001fd4fc15ed8: ;   {other}
  0x000001fd4fc15ed8: 0f1f 8400 | 4823 0039 | 4963 c0e9 | 60ea ffff | 4883 c0fe | 488b c849 | 8bfb 4833 | c048 83f9 
  0x000001fd4fc15ef8: 087f 1048 | ffc9 784f | 4889 04cf | 48ff c97d | f7eb 44c5 | fdef c0e9 | 0d00 0000 | c5fe 7f07 
  0x000001fd4fc15f18: c5fe 7f47 | 2048 83c7 | 4048 83e9 | 087d ed48 | 83c1 047c | 0cc5 fe7f | 0748 83c7 | 2048 83e9 
  0x000001fd4fc15f38: 0448 83c1 | 047e 1048 | ffc9 c5f9 | d607 4883 | c708 48ff | c97d f3e9 | c0ea ffff | bacc ffff 
  0x000001fd4fc15f58: ff41 8be9 | 4489 4424 | 244c 8974 | 2438 4c8b | 5424 484c | 8954 2440 | 4c89 7424 | 5048 895c 
  0x000001fd4fc15f78: 2460 6690 

  0x000001fd4fc15f7c: ;   {runtime_call UncommonTrapBlob}
  0x000001fd4fc15f7c: c5f8 77e8 

  0x000001fd4fc15f80: ; ImmutableOopMap {rbp=NarrowOop [40]=Oop [56]=Oop [64]=Oop [80]=Oop [96]=Oop }
                      ;*newarray {reexecute=1 rethrow=0 return_oop=0}
                      ; - (reexecute) java.util.Arrays::copyOfRangeByte@10
                      ; - java.util.Arrays::copyOfRange@13
                      ; - java.lang.StringLatin1::newString@16
                      ; - java.lang.String::substring@41
                      ; - java.lang.Class::getPackageName@62
                      ; - java.lang.ClassLoader::postDefineClass@2
                      ; - java.lang.ClassLoader::defineClass@37
                      ; - java.security.SecureClassLoader::defineClass@12
  0x000001fd4fc15f80: fce3 a5ff 

  0x000001fd4fc15f84: ;   {other}
  0x000001fd4fc15f84: 0f1f 8400 | f423 003a | baf6 ffff | ff66 6690 

  0x000001fd4fc15f94: ;   {runtime_call UncommonTrapBlob}
  0x000001fd4fc15f94: c5f8 77e8 

  0x000001fd4fc15f98: ; ImmutableOopMap {[64]=NarrowOop }
                      ;*invokevirtual append {reexecute=0 rethrow=0 return_oop=0}
                      ; - java.lang.NamedPackage::<init>@35
                      ; - java.lang.ClassLoader::getNamedPackage@22
                      ; - java.lang.ClassLoader::postDefineClass@9
                      ; - java.lang.ClassLoader::defineClass@37
                      ; - java.security.SecureClassLoader::defineClass@12
  0x000001fd4fc15f98: e4e3 a5ff 

  0x000001fd4fc15f9c: ;   {other}
  0x000001fd4fc15f9c: 0f1f 8400 | 0c24 003b | baf6 ffff | ff66 6690 

  0x000001fd4fc15fac: ;   {runtime_call UncommonTrapBlob}
  0x000001fd4fc15fac: c5f8 77e8 

  0x000001fd4fc15fb0: ; ImmutableOopMap {}
                      ;*invokevirtual toString {reexecute=0 rethrow=0 return_oop=0}
                      ; - java.lang.NamedPackage::<init>@38
                      ; - java.lang.ClassLoader::getNamedPackage@22
                      ; - java.lang.ClassLoader::postDefineClass@9
                      ; - java.lang.ClassLoader::defineClass@37
                      ; - java.security.SecureClassLoader::defineClass@12
  0x000001fd4fc15fb0: cce3 a5ff 

  0x000001fd4fc15fb4: ;   {other}
  0x000001fd4fc15fb4: 0f1f 8400 | 2424 003c | 4585 d244 | 8b54 2420 | 410f 94c2 | ba45 ffff | ff4c 8974 | 2430 4c89 
  0x000001fd4fc15fd4: 7424 4048 | 8944 2450 | 4489 4424 | 5844 8954 | 245c 6690 

  0x000001fd4fc15fe8: ;   {runtime_call UncommonTrapBlob}
  0x000001fd4fc15fe8: c5f8 77e8 

  0x000001fd4fc15fec: ; ImmutableOopMap {[40]=Oop [48]=Oop [64]=Oop [80]=Oop [144]=Oop }
                      ;*ifeq {reexecute=1 rethrow=0 return_oop=0}
                      ; - (reexecute) java.lang.String::lastIndexOf@4
                      ; - java.lang.String::lastIndexOf@8
                      ; - java.lang.Class::getPackageName@47
                      ; - java.lang.ClassLoader::postDefineClass@2
                      ; - java.lang.ClassLoader::defineClass@37
                      ; - java.security.SecureClassLoader::defineClass@12
  0x000001fd4fc15fec: 90e3 a5ff 

  0x000001fd4fc15ff0: ;   {other}
  0x000001fd4fc15ff0: 0f1f 8400 | 6024 003d | 498b d7c5 | f877 49ba | 20a4 4095 | ff7f 0000 

  0x000001fd4fc16008: ;   {other}
  0x000001fd4fc16008: 41ff d20f | 1f84 0000 | 0000 00e9 | 74ea ffff | ba45 ffff | ff44 8944 | 2420 4489 | 4424 244c 
  0x000001fd4fc16028: 8974 2438 | 4c8b 5424 | 484c 8954 | 2440 4c89 | 7424 5048 | 8944 2458 | 894c 2464 

  0x000001fd4fc16044: ;   {runtime_call UncommonTrapBlob}
  0x000001fd4fc16044: c5f8 77e8 

  0x000001fd4fc16048: ; ImmutableOopMap {[40]=Oop [56]=Oop [64]=Oop [80]=Oop [88]=Oop }
                      ;*if_icmpgt {reexecute=1 rethrow=0 return_oop=0}
                      ; - (reexecute) jdk.internal.util.Preconditions::checkFromToIndex@6
                      ; - java.lang.String::checkBoundsBeginEnd@6
                      ; - java.lang.String::substring@8
                      ; - java.lang.Class::getPackageName@62
                      ; - java.lang.ClassLoader::postDefineClass@2
                      ; - java.lang.ClassLoader::defineClass@37
                      ; - java.security.SecureClassLoader::defineClass@12
  0x000001fd4fc16048: 34e3 a5ff 

  0x000001fd4fc1604c: ;   {other}
  0x000001fd4fc1604c: 0f1f 8400 | bc24 003e | 8944 2420 | ba45 ffff | ff4c 8974 | 2430 488b | 4c24 4848 | 894c 2438 
  0x000001fd4fc1606c: 4489 4c24 | 244c 895c | 2450 4489 | 4424 5844 | 8954 245c 

  0x000001fd4fc16080: ;   {runtime_call UncommonTrapBlob}
  0x000001fd4fc16080: c5f8 77e8 

  0x000001fd4fc16084: ; ImmutableOopMap {[36]=NarrowOop [40]=Oop [48]=Oop [56]=Oop [80]=Oop [88]=NarrowOop }
                      ;*ifeq {reexecute=1 rethrow=0 return_oop=0}
                      ; - (reexecute) java.util.concurrent.ConcurrentHashMap::get@76
                      ; - java.lang.ClassLoader::getNamedPackage@5
                      ; - java.lang.ClassLoader::postDefineClass@9
                      ; - java.lang.ClassLoader::defineClass@37
                      ; - java.security.SecureClassLoader::defineClass@12
  0x000001fd4fc16084: f8e2 a5ff 

  0x000001fd4fc16088: ;   {other}
  0x000001fd4fc16088: 0f1f 8400 | f824 003f | ba45 ffff | ff4c 8974 | 2430 4489 | 5424 3890 

  0x000001fd4fc160a0: ;   {runtime_call UncommonTrapBlob}
  0x000001fd4fc160a0: c5f8 77e8 

  0x000001fd4fc160a4: ; ImmutableOopMap {rbp=NarrowOop [40]=Oop [48]=Oop [56]=NarrowOop }
                      ;*ifnull {reexecute=1 rethrow=0 return_oop=0}
                      ; - (reexecute) java.security.CodeSource::getCertificates@4
                      ; - java.lang.ClassLoader::postDefineClass@24
                      ; - java.lang.ClassLoader::defineClass@37
                      ; - java.security.SecureClassLoader::defineClass@12
  0x000001fd4fc160a4: d8e2 a5ff 

  0x000001fd4fc160a8: ;   {other}
  0x000001fd4fc160a8: 0f1f 8400 | 1825 0040 | ba45 ffff | ff4c 8974 | 2430 4489 | 5424 3890 

  0x000001fd4fc160c0: ;   {runtime_call UncommonTrapBlob}
  0x000001fd4fc160c0: c5f8 77e8 

  0x000001fd4fc160c4: ; ImmutableOopMap {rbp=NarrowOop [40]=Oop [48]=Oop [56]=NarrowOop }
                      ;*ifnull {reexecute=1 rethrow=0 return_oop=0}
                      ; - (reexecute) java.security.CodeSource::getCertificates@22
                      ; - java.lang.ClassLoader::postDefineClass@24
                      ; - java.lang.ClassLoader::defineClass@37
                      ; - java.security.SecureClassLoader::defineClass@12
  0x000001fd4fc160c4: b8e2 a5ff 

  0x000001fd4fc160c8: ;   {other}
  0x000001fd4fc160c8: 0f1f 8400 | 3825 0041 | ba45 ffff | ff44 8944 | 2420 4489 | 4424 244c | 8974 2438 | 4c8b 5424 
  0x000001fd4fc160e8: 484c 8954 | 2440 4c89 | 7424 5048 | 8944 2458 | 894c 2464 | 894c 2468 

  0x000001fd4fc16100: ;   {runtime_call UncommonTrapBlob}
  0x000001fd4fc16100: c5f8 77e8 

  0x000001fd4fc16104: ; ImmutableOopMap {[40]=Oop [56]=Oop [64]=Oop [80]=Oop [88]=Oop }
                      ;*if_icmple {reexecute=1 rethrow=0 return_oop=0}
                      ; - (reexecute) jdk.internal.util.Preconditions::checkFromToIndex@11
                      ; - java.lang.String::checkBoundsBeginEnd@6
                      ; - java.lang.String::substring@8
                      ; - java.lang.Class::getPackageName@62
                      ; - java.lang.ClassLoader::postDefineClass@2
                      ; - java.lang.ClassLoader::defineClass@37
                      ; - java.security.SecureClassLoader::defineClass@12
  0x000001fd4fc16104: 78e2 a5ff 

  0x000001fd4fc16108: ;   {other}
  0x000001fd4fc16108: 0f1f 8400 | 7825 0042 | 458b c2e9 | 0fe7 ffff | 498b d7c5 | f877 49ba | 20a4 4095 | ff7f 0000 
  0x000001fd4fc16128: ;   {other}
  0x000001fd4fc16128: 41ff d20f | 1f84 0000 | 0000 00e9 | e7e8 ffff | ba45 ffff | ff4c 8974 | 2430 488b | 5c24 4848 
  0x000001fd4fc16148: 895c 2438 | 4489 4c24 | 504c 895c | 2458 4489 | 4424 5444 | 8954 2460 | 894c 2464 

  0x000001fd4fc16164: ;   {runtime_call UncommonTrapBlob}
  0x000001fd4fc16164: c5f8 77e8 

  0x000001fd4fc16168: ; ImmutableOopMap {[40]=Oop [48]=Oop [56]=Oop [80]=NarrowOop [84]=NarrowOop [88]=Oop }
                      ;*if_icmpne {reexecute=1 rethrow=0 return_oop=0}
                      ; - (reexecute) java.lang.String::equals@33
                      ; - java.util.concurrent.ConcurrentHashMap::get@73
                      ; - java.lang.ClassLoader::getNamedPackage@5
                      ; - java.lang.ClassLoader::postDefineClass@9
                      ; - java.lang.ClassLoader::defineClass@37
                      ; - java.security.SecureClassLoader::defineClass@12
  0x000001fd4fc16168: 14e2 a5ff 

  0x000001fd4fc1616c: ;   {other}
  0x000001fd4fc1616c: 0f1f 8400 | dc25 0043 | ba45 ffff | ff4c 8974 | 2430 488b | 4c24 4848 | 894c 2438 | 4489 4c24 
  0x000001fd4fc1618c: 504c 895c | 2458 4489 | 4424 5444 | 8954 2460 

  0x000001fd4fc1619c: ;   {runtime_call UncommonTrapBlob}
  0x000001fd4fc1619c: c5f8 77e8 

  0x000001fd4fc161a0: ; ImmutableOopMap {[40]=Oop [48]=Oop [56]=Oop [80]=NarrowOop [84]=NarrowOop [88]=Oop }
                      ;*ifge {reexecute=1 rethrow=0 return_oop=0}
                      ; - (reexecute) java.util.concurrent.ConcurrentHashMap::get@86
                      ; - java.lang.ClassLoader::getNamedPackage@5
                      ; - java.lang.ClassLoader::postDefineClass@9
                      ; - java.lang.ClassLoader::defineClass@37
                      ; - java.security.SecureClassLoader::defineClass@12
  0x000001fd4fc161a0: dce1 a5ff 

  0x000001fd4fc161a4: ;   {other}
  0x000001fd4fc161a4: 0f1f 8400 | 1426 0044 | baf6 ffff | ff66 6690 

  0x000001fd4fc161b4: ;   {runtime_call UncommonTrapBlob}
  0x000001fd4fc161b4: c5f8 77e8 

  0x000001fd4fc161b8: ; ImmutableOopMap {}
                      ;*invokevirtual lastIndexOf {reexecute=0 rethrow=0 return_oop=0}
                      ; - java.lang.Class::getPackageName@47
                      ; - java.lang.ClassLoader::postDefineClass@2
                      ; - java.lang.ClassLoader::defineClass@37
                      ; - java.security.SecureClassLoader::defineClass@12
  0x000001fd4fc161b8: c4e1 a5ff 

  0x000001fd4fc161bc: ;   {other}
  0x000001fd4fc161bc: 0f1f 8400 | 2c26 0045 | bae4 ffff | ff44 8954 | 2420 448b | 5c24 4044 | 895c 2424 

  0x000001fd4fc161d8: ;   {runtime_call UncommonTrapBlob}
  0x000001fd4fc161d8: c5f8 77e8 

  0x000001fd4fc161dc: ; ImmutableOopMap {[32]=NarrowOop [40]=Oop [48]=Oop [56]=Oop [144]=Oop }
                      ;*baload {reexecute=0 rethrow=0 return_oop=0}
                      ; - jdk.internal.util.ArraysSupport::mismatch@82
                      ; - java.lang.String::startsWith@70
                      ; - java.lang.String::startsWith@3
                      ; - java.lang.ClassLoader::preDefineClass@43
                      ; - java.lang.ClassLoader::defineClass@4
                      ; - java.security.SecureClassLoader::defineClass@12
  0x000001fd4fc161dc: a0e1 a5ff 

  0x000001fd4fc161e0: ;   {other}
  0x000001fd4fc161e0: 0f1f 8400 | 5026 0046 | baf6 ffff | ff66 6690 

  0x000001fd4fc161f0: ;   {runtime_call UncommonTrapBlob}
  0x000001fd4fc161f0: c5f8 77e8 

  0x000001fd4fc161f4: ; ImmutableOopMap {[56]=Oop [88]=Oop }
                      ;*invokevirtual putIfAbsent {reexecute=0 rethrow=0 return_oop=0}
                      ; - java.lang.ClassLoader::getNamedPackage@32
                      ; - java.lang.ClassLoader::postDefineClass@9
                      ; - java.lang.ClassLoader::defineClass@37
                      ; - java.security.SecureClassLoader::defineClass@12
  0x000001fd4fc161f4: 88e1 a5ff 

  0x000001fd4fc161f8: ;   {other}
  0x000001fd4fc161f8: 0f1f 8400 | 6826 0047 | 488b e8ba | 54ff ffff | 4c8b 5424 | 484c 8954 | 2438 448b | 5c24 5044 
  0x000001fd4fc16218: 895c 2440 

  0x000001fd4fc1621c: ;   {runtime_call UncommonTrapBlob}
  0x000001fd4fc1621c: c5f8 77e8 

  0x000001fd4fc16220: ; ImmutableOopMap {rbp=Oop [40]=Oop [48]=Oop [56]=Oop [64]=NarrowOop [88]=Oop }
                      ;*ifnull {reexecute=1 rethrow=0 return_oop=0}
                      ; - (reexecute) java.lang.ClassLoader::getNamedPackage@42
                      ; - java.lang.ClassLoader::postDefineClass@9
                      ; - java.lang.ClassLoader::defineClass@37
                      ; - java.security.SecureClassLoader::defineClass@12
  0x000001fd4fc16220: 5ce1 a5ff 

  0x000001fd4fc16224: ;   {other}
  0x000001fd4fc16224: 0f1f 8400 | 9426 0048 | ba45 ffff | ff4c 8974 | 2430 4c8b | 4424 484c | 8944 2438 | 4489 4c24 
  0x000001fd4fc16244: 504c 895c | 2458 4889 | 5c24 6044 | 8954 2454 

  0x000001fd4fc16254: ;   {runtime_call UncommonTrapBlob}
  0x000001fd4fc16254: c5f8 77e8 

  0x000001fd4fc16258: ; ImmutableOopMap {rbp=NarrowOop [40]=Oop [48]=Oop [56]=Oop [80]=NarrowOop [88]=Oop [96]=Oop }
                      ;*ifnull {reexecute=1 rethrow=0 return_oop=0}
                      ; - (reexecute) java.util.concurrent.ConcurrentHashMap::get@143
                      ; - java.lang.ClassLoader::getNamedPackage@5
                      ; - java.lang.ClassLoader::postDefineClass@9
                      ; - java.lang.ClassLoader::defineClass@37
                      ; - java.security.SecureClassLoader::defineClass@12
  0x000001fd4fc16258: 24e1 a5ff 

  0x000001fd4fc1625c: ;   {other}
  0x000001fd4fc1625c: 0f1f 8400 | cc26 0049 | 498b d7c5 | f877 49ba | 20a4 4095 | ff7f 0000 

  0x000001fd4fc16274: ;   {other}
  0x000001fd4fc16274: 41ff d20f | 1f84 0000 | 0000 00e9 | a3ee ffff | 498b d7c5 | f877 49ba | 20a4 4095 | ff7f 0000 
  0x000001fd4fc16294: ;   {other}
  0x000001fd4fc16294: 41ff d20f | 1f84 0000 | 0000 00e9 | 38ee ffff | ba37 0100 | 0048 8beb | 4c8b 5424 | 384c 8954 
  0x000001fd4fc162b4: 2428 6690 

  0x000001fd4fc162b8: ;   {runtime_call UncommonTrapBlob}
  0x000001fd4fc162b8: c5f8 77e8 

  0x000001fd4fc162bc: ; ImmutableOopMap {rbp=Oop [40]=Oop [48]=Oop }
                      ;*new {reexecute=0 rethrow=0 return_oop=0}
                      ; - java.lang.ClassLoader::preDefineClass@56
                      ; - java.lang.ClassLoader::defineClass@4
                      ; - java.security.SecureClassLoader::defineClass@12
  0x000001fd4fc162bc: c0e0 a5ff 

  0x000001fd4fc162c0: ;   {other}
  0x000001fd4fc162c0: 0f1f 8400 | 3027 004a | bade ffff | ff48 8b6c | 2428 4c8b | 5424 304c | 8954 2420 | 4c8b 5424 
  0x000001fd4fc162e0: 384c 8954 | 2428 4889 | 4424 3890 

  0x000001fd4fc162ec: ;   {runtime_call UncommonTrapBlob}
  0x000001fd4fc162ec: c5f8 77e8 

  0x000001fd4fc162f0: ; ImmutableOopMap {rbp=Oop [32]=Oop [40]=Oop [56]=Oop }
                      ;*checkcast {reexecute=0 rethrow=0 return_oop=0}
                      ; - java.security.SecureClassLoader::getProtectionDomain@33
                      ; - java.security.SecureClassLoader::defineClass@9
  0x000001fd4fc162f0: 8ce0 a5ff 

  0x000001fd4fc162f4: ;   {other}
  0x000001fd4fc162f4: 0f1f 8400 | 6427 004b | bade ffff | ff4c 8974 | 2430 488b | 4c24 4848 | 894c 2438 | 4489 4c24 
  0x000001fd4fc16314: 504c 895c | 2458 4489 | 4424 5444 | 8954 2460 | 4c89 5c24 | 6866 6690 

  0x000001fd4fc1632c: ;   {runtime_call UncommonTrapBlob}
  0x000001fd4fc1632c: c5f8 77e8 

  0x000001fd4fc16330: ; ImmutableOopMap {rbp=NarrowOop [40]=Oop [48]=Oop [56]=Oop [80]=NarrowOop [84]=NarrowOop [88]=Oop [104]=Oop }
                      ;*instanceof {reexecute=0 rethrow=0 return_oop=0}
                      ; - java.lang.String::equals@8
                      ; - java.util.concurrent.ConcurrentHashMap::get@73
                      ; - java.lang.ClassLoader::getNamedPackage@5
                      ; - java.lang.ClassLoader::postDefineClass@9
                      ; - java.lang.ClassLoader::defineClass@37
                      ; - java.security.SecureClassLoader::defineClass@12
  0x000001fd4fc16330: 4ce0 a5ff 

  0x000001fd4fc16334: ;   {other}
  0x000001fd4fc16334: 0f1f 8400 | a427 004c | bade ffff | ff48 8b6c | 2428 4c8b | 5424 384c | 8954 2428 | 448b 5c24 
  0x000001fd4fc16354: 4044 895c | 2438 448b | 5424 4444 | 8954 243c | 4889 4424 | 5066 6690 

  0x000001fd4fc1636c: ;   {runtime_call UncommonTrapBlob}
  0x000001fd4fc1636c: c5f8 77e8 

  0x000001fd4fc16370: ; ImmutableOopMap {rbp=Oop [40]=Oop [48]=Oop [72]=Oop [80]=Oop [144]=Oop }
                      ;*checkcast {reexecute=0 rethrow=0 return_oop=0}
                      ; - java.lang.ClassLoader::checkCerts@65
                      ; - java.lang.ClassLoader::preDefineClass@113
                      ; - java.lang.ClassLoader::defineClass@4
                      ; - java.security.SecureClassLoader::defineClass@12
  0x000001fd4fc16370: 0ce0 a5ff 

  0x000001fd4fc16374: ;   {other}
  0x000001fd4fc16374: 0f1f 8400 | e427 004d | baf6 ffff | ff49 8be8 | 4c89 4c24 | 2066 6690 

  0x000001fd4fc1638c: ;   {runtime_call UncommonTrapBlob}
  0x000001fd4fc1638c: c5f8 77e8 

  0x000001fd4fc16390: ; ImmutableOopMap {rbp=Oop [32]=Oop }
                      ;*invokeinterface computeIfAbsent {reexecute=0 rethrow=0 return_oop=0}
                      ; - java.security.SecureClassLoader::getProtectionDomain@28
                      ; - java.security.SecureClassLoader::defineClass@9
  0x000001fd4fc16390: ecdf a5ff 

  0x000001fd4fc16394: ;   {other}
  0x000001fd4fc16394: 0f1f 8400 | 0428 004e | baf4 ffff | ff48 8b6c | 2428 4c8b | 5424 304c | 8954 2420 

  0x000001fd4fc163b0: ;   {runtime_call UncommonTrapBlob}
  0x000001fd4fc163b0: c5f8 77e8 

  0x000001fd4fc163b4: ; ImmutableOopMap {rbp=Oop [32]=Oop [56]=Oop }
                      ;*checkcast {reexecute=0 rethrow=0 return_oop=0}
                      ; - java.security.SecureClassLoader::getProtectionDomain@33
                      ; - java.security.SecureClassLoader::defineClass@9
  0x000001fd4fc163b4: c8df a5ff 

  0x000001fd4fc163b8: ;   {other}
  0x000001fd4fc163b8: 0f1f 8400 | 2828 004f | baf6 ffff | ff66 6690 

  0x000001fd4fc163c8: ;   {runtime_call UncommonTrapBlob}
  0x000001fd4fc163c8: c5f8 77e8 

  0x000001fd4fc163cc: ; ImmutableOopMap {}
                      ;*arraylength {reexecute=0 rethrow=0 return_oop=0}
                      ; - java.lang.String::isEmpty@4
                      ; - java.lang.ClassLoader::checkName@5
                      ; - java.lang.ClassLoader::preDefineClass@1
                      ; - java.lang.ClassLoader::defineClass@4
                      ; - java.security.SecureClassLoader::defineClass@12
  0x000001fd4fc163cc: b0df a5ff 

  0x000001fd4fc163d0: ;   {other}
  0x000001fd4fc163d0: 0f1f 8400 | 4028 0050 | baf6 ffff | ff66 6690 

  0x000001fd4fc163e0: ;   {runtime_call UncommonTrapBlob}
  0x000001fd4fc163e0: c5f8 77e8 

  0x000001fd4fc163e4: ; ImmutableOopMap {}
                      ;*invokevirtual getPackageName {reexecute=0 rethrow=0 return_oop=0}
                      ; - java.lang.ClassLoader::postDefineClass@2
                      ; - java.lang.ClassLoader::defineClass@37
                      ; - java.security.SecureClassLoader::defineClass@12
  0x000001fd4fc163e4: 98df a5ff 

  0x000001fd4fc163e8: ;   {other}
  0x000001fd4fc163e8: 0f1f 8400 | 5828 0051 | baf6 ffff | ff66 6690 

  0x000001fd4fc163f8: ;   {runtime_call UncommonTrapBlob}
  0x000001fd4fc163f8: c5f8 77e8 

  0x000001fd4fc163fc: ; ImmutableOopMap {}
                      ;*invokevirtual hashCode {reexecute=0 rethrow=0 return_oop=0}
                      ; - java.util.concurrent.ConcurrentHashMap::get@1
                      ; - java.lang.ClassLoader::getNamedPackage@5
                      ; - java.lang.ClassLoader::postDefineClass@9
                      ; - java.lang.ClassLoader::defineClass@37
                      ; - java.security.SecureClassLoader::defineClass@12
  0x000001fd4fc163fc: 80df a5ff 

  0x000001fd4fc16400: ;   {other}
  0x000001fd4fc16400: 0f1f 8400 | 7028 0052 | 4d85 d244 | 8b54 2420 | 410f 94c2 | ba45 ffff | ff48 8944 | 2430 4889 
  0x000001fd4fc16420: 4424 4044 | 8954 2448 

  0x000001fd4fc16428: ;   {runtime_call UncommonTrapBlob}
  0x000001fd4fc16428: c5f8 77e8 

  0x000001fd4fc1642c: ; ImmutableOopMap {[40]=Oop [48]=Oop [64]=Oop [144]=Oop }
                      ;*ifeq {reexecute=1 rethrow=0 return_oop=0}
                      ; - (reexecute) java.lang.Class::getPackageName@29
                      ; - java.lang.ClassLoader::postDefineClass@2
                      ; - java.lang.ClassLoader::defineClass@37
                      ; - java.security.SecureClassLoader::defineClass@12
  0x000001fd4fc1642c: 50df a5ff 

  0x000001fd4fc16430: ;   {other}
  0x000001fd4fc16430: 0f1f 8400 | a028 0053 | baf6 ffff | ff66 6690 

  0x000001fd4fc16440: ;   {runtime_call UncommonTrapBlob}
  0x000001fd4fc16440: c5f8 77e8 

  0x000001fd4fc16444: ; ImmutableOopMap {}
                      ;*arraylength {reexecute=0 rethrow=0 return_oop=0}
                      ; - java.lang.String::length@4
                      ; - java.lang.String::lastIndexOf@3
                      ; - java.lang.Class::getPackageName@47
                      ; - java.lang.ClassLoader::postDefineClass@2
                      ; - java.lang.ClassLoader::defineClass@37
                      ; - java.security.SecureClassLoader::defineClass@12
  0x000001fd4fc16444: 38df a5ff 

  0x000001fd4fc16448: ;   {other}
  0x000001fd4fc16448: 0f1f 8400 | b828 0054 | ba45 ffff | ff48 8b6c | 2428 4c8b | 5424 304c | 8954 2420 

  0x000001fd4fc16464: ;   {runtime_call UncommonTrapBlob}
  0x000001fd4fc16464: c5f8 77e8 

  0x000001fd4fc16468: ; ImmutableOopMap {rbp=Oop [32]=Oop [56]=Oop [144]=Oop }
                      ;*ifnull {reexecute=1 rethrow=0 return_oop=0}
                      ; - (reexecute) java.lang.ClassLoader::checkName@1
                      ; - java.lang.ClassLoader::preDefineClass@1
                      ; - java.lang.ClassLoader::defineClass@4
                      ; - java.security.SecureClassLoader::defineClass@12
  0x000001fd4fc16468: 14df a5ff 

  0x000001fd4fc1646c: ;   {other}
  0x000001fd4fc1646c: 0f1f 8400 | dc28 0055 | ba45 ffff | ff48 8b6c | 2428 4c8b | 5424 384c | 8954 2428 | 448b 5424 
  0x000001fd4fc1648c: 4044 8954 | 2438 448b | 5424 4444 | 8954 243c | 4889 5c24 | 484c 896c | 2458 4489 | 7424 5490 
  0x000001fd4fc164ac: ;   {runtime_call UncommonTrapBlob}
  0x000001fd4fc164ac: c5f8 77e8 

  0x000001fd4fc164b0: ; ImmutableOopMap {rbp=Oop [40]=Oop [48]=Oop [72]=Oop [84]=NarrowOop [88]=Oop [144]=Oop }
                      ;*ifnull {reexecute=1 rethrow=0 return_oop=0}
                      ; - (reexecute) java.lang.ClassLoader::checkCerts@30
                      ; - java.lang.ClassLoader::preDefineClass@113
                      ; - java.lang.ClassLoader::defineClass@4
                      ; - java.security.SecureClassLoader::defineClass@12
  0x000001fd4fc164b0: ccde a5ff 

  0x000001fd4fc164b4: ;   {other}
  0x000001fd4fc164b4: 0f1f 8400 | 2429 0056 | ba45 ffff | ff48 8b6c | 2428 4c8b | 5c24 304c | 895c 2420 | 4c8b 5c24 
  0x000001fd4fc164d4: 384c 895c | 2428 448b | 5c24 4044 | 895c 2430 | 448b 4424 | 4444 8944 | 2434 4489 | 5424 4490 
  0x000001fd4fc164f4: ;   {runtime_call UncommonTrapBlob}
  0x000001fd4fc164f4: c5f8 77e8 

  0x000001fd4fc164f8: ; ImmutableOopMap {rbp=Oop [32]=Oop [40]=Oop [68]=NarrowOop [144]=Oop }
                      ;*ifnull {reexecute=1 rethrow=0 return_oop=0}
                      ; - (reexecute) java.lang.ClassLoader::defineClassSourceLocation@8
                      ; - java.lang.ClassLoader::defineClass@12
                      ; - java.security.SecureClassLoader::defineClass@12
  0x000001fd4fc164f8: 84de a5ff 

  0x000001fd4fc164fc: ;   {other}
  0x000001fd4fc164fc: 0f1f 8400 | 6c29 0057 | ba45 ffff | ff4c 8b54 | 2428 4c89 | 5424 204c | 8b54 2430 | 4c89 5424 
  0x000001fd4fc1651c: 284c 8b54 | 2438 4c89 | 5424 3044 | 8b54 2440 | 4489 5424 | 3844 8b5c | 2444 4489 | 5c24 3c90 
  0x000001fd4fc1653c: ;   {runtime_call UncommonTrapBlob}
  0x000001fd4fc1653c: c5f8 77e8 

  0x000001fd4fc16540: ; ImmutableOopMap {rbp=NarrowOop [32]=Oop [40]=Oop [48]=Oop [144]=Oop }
                      ;*ifnull {reexecute=1 rethrow=0 return_oop=0}
                      ; - (reexecute) java.lang.ClassLoader::defineClassSourceLocation@15
                      ; - java.lang.ClassLoader::defineClass@12
                      ; - java.security.SecureClassLoader::defineClass@12
  0x000001fd4fc16540: 3cde a5ff 

  0x000001fd4fc16544: ;   {other}
  0x000001fd4fc16544: 0f1f 8400 | b429 0058 | ba45 ffff | ff49 8bee | 4489 5424 | 2066 6690 

  0x000001fd4fc1655c: ;   {runtime_call UncommonTrapBlob}
  0x000001fd4fc1655c: c5f8 77e8 

  0x000001fd4fc16560: ; ImmutableOopMap {rbp=Oop [32]=NarrowOop }
                      ;*ifnull {reexecute=1 rethrow=0 return_oop=0}
                      ; - (reexecute) java.lang.ClassLoader::postDefineClass@17
                      ; - java.lang.ClassLoader::defineClass@37
                      ; - java.security.SecureClassLoader::defineClass@12
  0x000001fd4fc16560: 1cde a5ff 

  0x000001fd4fc16564: ;   {other}
  0x000001fd4fc16564: 0f1f 8400 | d429 0059 | ba45 ffff | ff4c 8974 | 2430 488b | 4c24 4848 | 894c 2438 | 4489 4c24 
  0x000001fd4fc16584: 504c 895c | 2458 4489 | 4424 5444 | 8954 2460 

  0x000001fd4fc16594: ;   {runtime_call UncommonTrapBlob}
  0x000001fd4fc16594: c5f8 77e8 

  0x000001fd4fc16598: ; ImmutableOopMap {rbp=NarrowOop [40]=Oop [48]=Oop [56]=Oop [80]=NarrowOop [84]=NarrowOop [88]=Oop }
                      ;*ifnull {reexecute=1 rethrow=0 return_oop=0}
                      ; - (reexecute) java.util.concurrent.ConcurrentHashMap::get@67
                      ; - java.lang.ClassLoader::getNamedPackage@5
                      ; - java.lang.ClassLoader::postDefineClass@9
                      ; - java.lang.ClassLoader::defineClass@37
                      ; - java.security.SecureClassLoader::defineClass@12
  0x000001fd4fc16598: e4dd a5ff 

  0x000001fd4fc1659c: ;   {other}
  0x000001fd4fc1659c: 0f1f 8400 | 0c2a 005a | ba97 ffff | ff44 8b54 | 2440 4489 | 5424 204c | 8b54 2458 | 4c89 5424 
  0x000001fd4fc165bc: 5066 6690 

  0x000001fd4fc165c0: ;   {runtime_call UncommonTrapBlob}
  0x000001fd4fc165c0: c5f8 77e8 

  0x000001fd4fc165c4: ; ImmutableOopMap {rbp=NarrowOop [36]=NarrowOop [40]=Oop [48]=Oop [56]=Oop [80]=Oop [96]=Oop [144]=Oop }
                      ;*invokevirtual clone {reexecute=1 rethrow=0 return_oop=0}
                      ; - (reexecute) java.util.Arrays::copyOfRange@18
                      ; - java.lang.StringLatin1::newString@16
                      ; - java.lang.String::substring@41
                      ; - java.lang.ClassLoader::checkCerts@21
                      ; - java.lang.ClassLoader::preDefineClass@113
                      ; - java.lang.ClassLoader::defineClass@4
                      ; - java.security.SecureClassLoader::defineClass@12
  0x000001fd4fc165c4: b8dd a5ff 

  0x000001fd4fc165c8: ;   {other}
  0x000001fd4fc165c8: 0f1f 8400 | 382a 005b | eb32 eb30 | eb2e eb2c | eb2a eb28 | eb26 eb24 | eb22 eb20 | eb1e eb1c 
  0x000001fd4fc165e8: eb1a eb18 | eb16 eb14 | eb12 eb10 | eb0e eb0c | eb0a eb08 | eb06 eb04 | eb02 eb00 | 488b d0e9 
  0x000001fd4fc16608: e1e7 ffff | ba97 ffff | ff8b 6c24 | 2466 6690 

  0x000001fd4fc16618: ;   {runtime_call UncommonTrapBlob}
  0x000001fd4fc16618: c5f8 77e8 

  0x000001fd4fc1661c: ; ImmutableOopMap {rbp=NarrowOop [40]=Oop [48]=Oop [56]=Oop [72]=Oop }
                      ;*invokevirtual clone {reexecute=1 rethrow=0 return_oop=0}
                      ; - (reexecute) java.util.Arrays::copyOfRange@18
                      ; - java.lang.StringLatin1::newString@16
                      ; - java.lang.String::substring@41
                      ; - java.lang.Class::getPackageName@62
                      ; - java.lang.ClassLoader::postDefineClass@2
                      ; - java.lang.ClassLoader::defineClass@37
                      ; - java.security.SecureClassLoader::defineClass@12
  0x000001fd4fc1661c: 60dd a5ff 

  0x000001fd4fc16620: ;   {other}
  0x000001fd4fc16620: 0f1f 8400 | 902a 005c 

  0x000001fd4fc16628: ;   {internal_word}
  0x000001fd4fc16628: 49ba 7d4f | c14f fd01 | 0000 4d89 | 9768 0400 

  0x000001fd4fc16638: ;   {runtime_call SafepointBlob}
  0x000001fd4fc16638: 00e9 42ee 

  0x000001fd4fc1663c: ;   {runtime_call StubRoutines (final stubs)}
  0x000001fd4fc1663c: a5ff e85d | fea3 ffe9 | b6d9 ffff 
[Stub Code]
  0x000001fd4fc16648: ;   {no_reloc}
  0x000001fd4fc16648: 48bb 1039 | 065e fd01 

  0x000001fd4fc16650: ;   {runtime_call I2C/C2I adapters}
  0x000001fd4fc16650: 0000 e914 

  0x000001fd4fc16654: ;   {static_stub}
  0x000001fd4fc16654: 48a5 ff48 | bb00 0000 | 0000 0000 

  0x000001fd4fc16660: ;   {runtime_call nmethod}
  0x000001fd4fc16660: 00e9 fbff 

  0x000001fd4fc16664: ;   {static_stub}
  0x000001fd4fc16664: ffff 48bb | 0000 0000 | 0000 0000 

  0x000001fd4fc16670: ;   {runtime_call nmethod}
  0x000001fd4fc16670: e9fb ffff 

  0x000001fd4fc16674: ;   {static_stub}
  0x000001fd4fc16674: ff48 bb00 | 0000 0000 

  0x000001fd4fc1667c: ;   {runtime_call nmethod}
  0x000001fd4fc1667c: 0000 00e9 | fbff ffff 

  0x000001fd4fc16684: ;   {static_stub}
  0x000001fd4fc16684: 48bb 0000 | 0000 0000 

  0x000001fd4fc1668c: ;   {runtime_call nmethod}
  0x000001fd4fc1668c: 0000 e9fb 

  0x000001fd4fc16690: ;   {static_stub}
  0x000001fd4fc16690: ffff ff48 | bb00 0000 | 0000 0000 

  0x000001fd4fc1669c: ;   {runtime_call nmethod}
  0x000001fd4fc1669c: 00e9 fbff 

  0x000001fd4fc166a0: ;   {static_stub}
  0x000001fd4fc166a0: ffff 48bb | 0000 0000 | 0000 0000 

  0x000001fd4fc166ac: ;   {runtime_call nmethod}
  0x000001fd4fc166ac: e9fb ffff 

  0x000001fd4fc166b0: ;   {static_stub}
  0x000001fd4fc166b0: ff48 bb00 | 0000 0000 

  0x000001fd4fc166b8: ;   {runtime_call nmethod}
  0x000001fd4fc166b8: 0000 00e9 | fbff ffff 

  0x000001fd4fc166c0: ;   {static_stub}
  0x000001fd4fc166c0: 48bb 0000 | 0000 0000 

  0x000001fd4fc166c8: ;   {runtime_call nmethod}
  0x000001fd4fc166c8: 0000 e9fb 

  0x000001fd4fc166cc: ;   {static_stub}
  0x000001fd4fc166cc: ffff ff48 | bb00 0000 | 0000 0000 

  0x000001fd4fc166d8: ;   {runtime_call nmethod}
  0x000001fd4fc166d8: 00e9 fbff 

  0x000001fd4fc166dc: ;   {static_stub}
  0x000001fd4fc166dc: ffff 48bb | 0000 0000 | 0000 0000 

  0x000001fd4fc166e8: ;   {runtime_call nmethod}
  0x000001fd4fc166e8: e9fb ffff 

  0x000001fd4fc166ec: ;   {static_stub}
  0x000001fd4fc166ec: ff48 bb00 | 0000 0000 

  0x000001fd4fc166f4: ;   {runtime_call nmethod}
  0x000001fd4fc166f4: 0000 00e9 | fbff ffff 

  0x000001fd4fc166fc: ;   {static_stub}
  0x000001fd4fc166fc: 48bb 0000 | 0000 0000 

  0x000001fd4fc16704: ;   {runtime_call nmethod}
  0x000001fd4fc16704: 0000 e9fb 

  0x000001fd4fc16708: ;   {static_stub}
  0x000001fd4fc16708: ffff ff48 | bb00 0000 | 0000 0000 

  0x000001fd4fc16714: ;   {runtime_call nmethod}
  0x000001fd4fc16714: 00e9 fbff 

  0x000001fd4fc16718: ;   {static_stub}
  0x000001fd4fc16718: ffff 48bb | 0000 0000 | 0000 0000 

  0x000001fd4fc16724: ;   {runtime_call nmethod}
  0x000001fd4fc16724: e9fb ffff 

  0x000001fd4fc16728: ;   {static_stub}
  0x000001fd4fc16728: ff48 bb00 | 0000 0000 

  0x000001fd4fc16730: ;   {runtime_call nmethod}
  0x000001fd4fc16730: 0000 00e9 | fbff ffff 

  0x000001fd4fc16738: ;   {static_stub}
  0x000001fd4fc16738: 48bb 0000 | 0000 0000 

  0x000001fd4fc16740: ;   {runtime_call nmethod}
  0x000001fd4fc16740: 0000 e9fb 

  0x000001fd4fc16744: ;   {runtime_call ExceptionBlob}
  0x000001fd4fc16744: ffff ffe9 | 34dd b1ff 
[Deopt Handler Code]
  0x000001fd4fc1674c: e800 0000 | 0048 832c 

  0x000001fd4fc16754: ;   {runtime_call DeoptimizationBlob}
  0x000001fd4fc16754: 2405 e9c5 | dfa5 fff4 | f4f4 f4f4 
[/MachCode]


Compiled method (c2) 45644 4898   !   4       java.net.URLClassLoader::findClass (47 bytes)
 total in heap  [0x000001fd4fe4f010,0x000001fd4fe5ff08] = 69368
 relocation     [0x000001fd4fe4f170,0x000001fd4fe4fa00] = 2192
 constants      [0x000001fd4fe4fa00,0x000001fd4fe4fa20] = 32
 main code      [0x000001fd4fe4fa20,0x000001fd4fe588d8] = 36536
 stub code      [0x000001fd4fe588d8,0x000001fd4fe58b78] = 672
 oops           [0x000001fd4fe58b78,0x000001fd4fe58bc8] = 80
 metadata       [0x000001fd4fe58bc8,0x000001fd4fe58fe8] = 1056
 scopes data    [0x000001fd4fe58fe8,0x000001fd4fe5e330] = 21320
 scopes pcs     [0x000001fd4fe5e330,0x000001fd4fe5f310] = 4064
 dependencies   [0x000001fd4fe5f310,0x000001fd4fe5f380] = 112
 handler table  [0x000001fd4fe5f380,0x000001fd4fe5fdd0] = 2640
 nul chk table  [0x000001fd4fe5fdd0,0x000001fd4fe5ff08] = 312


[Constant Pool]
             Address          hex4                    hex8      
  0x000001fd4fe4fa00:   0x3f400000      0xf4f4f4f43f400000      
  0x000001fd4fe4fa04:   0xf4f4f4f4                              
  0x000001fd4fe4fa08:   0xf4f4f4f4      0xf4f4f4f4f4f4f4f4      
  0x000001fd4fe4fa0c:   0xf4f4f4f4                              
  0x000001fd4fe4fa10:   0xf4f4f4f4      0xf4f4f4f4f4f4f4f4      
  0x000001fd4fe4fa14:   0xf4f4f4f4                              
  0x000001fd4fe4fa18:   0xf4f4f4f4      0xf4f4f4f4f4f4f4f4      
  0x000001fd4fe4fa1c:   0xf4f4f4f4                              

[MachCode]
[Entry Point]
  # {method} {0x000001fd7905b120} 'findClass' '(Ljava/lang/String;)Ljava/lang/Class;' in 'java/net/URLClassLoader'
  # this:     rdx:rdx   = 'java/net/URLClassLoader'
  # parm0:    r8:r8     = 'java/lang/String'
  #           [sp+0xf0]  (sp of caller)
  0x000001fd4fe4fa20: ;   {no_reloc}
  0x000001fd4fe4fa20: 448b 5208 | 49bb 0000 | 005e fd01 | 0000 4d03 | d349 3bc2 

  0x000001fd4fe4fa34: ;   {runtime_call ic_miss_stub}
  0x000001fd4fe4fa34: 0f85 46ed | 81ff 6690 | 0f1f 4000 
[Verified Entry Point]
  0x000001fd4fe4fa40: 8984 2400 | 80ff ff55 | 4881 ece0 | 0000 0090 | 4181 7f20 | 0700 0000 | 0f85 6f8e | 0000 4c89 
  0x000001fd4fe4fa60: 4424 6048 | 8954 2468 | 448b 5a58 | 4585 db0f | 8455 2900 | 0049 8beb | 488b d54c | 8944 2420 
  0x000001fd4fe4fa80: ;   {static_call}
  0x000001fd4fe4fa80: c5f8 77e8 

  0x000001fd4fe4fa84: ; ImmutableOopMap {rbp=Oop [32]=Oop [96]=Oop [104]=Oop }
                      ;*invokestatic ensureMaterializedForStackWalk {reexecute=0 rethrow=0 return_oop=0}
                      ; - java.security.AccessController::executePrivileged@5
                      ; - java.security.AccessController::doPrivileged@13
                      ; - java.net.URLClassLoader::findClass@13
  0x000001fd4fe4fa84: 585c dbff 

  0x000001fd4fe4fa88: ;   {other}
  0x000001fd4fe4fa88: 0f1f 8400 | 780a 0000 | 488b dd4c | 8b6c 2460 

  0x000001fd4fe4fa98: ; implicit exception: dispatches to 0x000001fd4fe5780c
  0x000001fd4fe4fa98: 450f be55 | 1045 85d2 | 0f85 ba54 | 0000 458b | 5d14 458b | 430c 4585 | c00f 86b0 | 0300 0045 
  0x000001fd4fe4fab8: 8d48 ff45 | 3bc8 0f83 | b052 0000 | 418d 48fd | 498b f341 | 807b 102e | 0f84 ed28 | 0000 83f9 
  0x000001fd4fe4fad8: 010f 8ebd | 5200 00bd | 0100 0000 | 458b d044 | 2bd5 4183 | c2fd 33ff | 3bcd 440f | 4cd7 4181 
  0x000001fd4fe4faf8: faa0 0f00 | 00ba a00f | 0000 440f | 47d2 4403 | d541 8bc1 | eb04 6690 | 8bef 4c63 | cd43 0fbe 
  0x000001fd4fe4fb18: 7c0b 1083 | ff2e 7453 | 430f be54 | 0b11 83fa | 2e74 4143 | 0fbe 7c0b | 1283 ff2e | 743a 470f 
  0x000001fd4fe4fb38: be4c 0b13 | 4183 f92e | 7427 8d7d | 0441 3bfa | 7cc6 4d8b | 9758 0400 

  0x000001fd4fe4fb50: ; ImmutableOopMap {r11=NarrowOop rbx=Oop rsi=Oop r13=Oop [104]=Oop }
                      ;*if_icmpne {reexecute=1 rethrow=0 return_oop=0}
                      ; - (reexecute) java.lang.StringLatin1::replace@28
                      ; - java.lang.String::replace@18
                      ; - java.net.URLClassLoader$1::run@8
                      ; - java.net.URLClassLoader$1::run@1
                      ; - java.security.AccessController::executePrivileged@29
                      ; - java.security.AccessController::doPrivileged@13
                      ; - java.net.URLClassLoader::findClass@13
  0x000001fd4fe4fb50: 0083 c503 

  0x000001fd4fe4fb54: ;   {poll}
  0x000001fd4fe4fb54: 4185 023b | f90f 8de9 | 0200 008b | ef44 8bc8 | e97b ffff | ff83 c502 | ffc5 eb03 | 83c5 0244 
  0x000001fd4fe4fb74: 8bc8 413b | e80f 8de8 | 0200 0041 | 81f8 0000 | 1000 0f87 | f139 0000 | 4d8b 97b8 | 0100 0049 
  0x000001fd4fe4fb94: 63f8 4883 | c717 4883 | e7f8 498b | d248 03d7 | 493b 97c8 | 0100 000f | 83cc 3900 | 0049 8997 
  0x000001fd4fe4fbb4: b801 0000 | 0f0d 8ac0 | 0000 0049 | c702 0100 | 0000 0f0d | 8a00 0100 

  0x000001fd4fe4fbcc: ;   {metadata({type array byte})}
  0x000001fd4fe4fbcc: 0041 c742 | 0818 2300 | 0045 8942 | 0c0f 0d8a | 4001 0000 | 0f0d 8a80 | 0100 0085 | ed0f 8ed5 
  0x000001fd4fe4fbec: 0000 008d | 55ff 413b | d00f 8349 | 5500 0045 | 85c0 0f86 | 4055 0000 | 410f be7b | 1041 887a 
  0x000001fd4fe4fc0c: 1083 fa01 | 0f8e 6255 | 0000 c4c1 | f96e d24c | 8bf6 c5f9 | 6ec9 c4c1 | 796e c145 | 8bc8 458b 
  0x000001fd4fe4fc2c: c3be d007 | 0000 bf01 | 0000 008b | cd2b cfff | c945 33d2 | 3bd7 410f | 4cca 81f9 | d007 0000 
  0x000001fd4fe4fc4c: 0f47 ce03 | cf48 63c7 | 450f be5c | 0010 c4c1 | f97e d245 | 885c 0210 | 450f be54 | 0011 c4c1 
  0x000001fd4fe4fc6c: f97e d345 | 8854 0311 | 83c7 023b | f97c d64d | 8b97 5804 

  0x000001fd4fe4fc80: ; ImmutableOopMap {r11=Oop r8=NarrowOop rbx=Oop r13=Oop r14=Oop xmm2=Oop [104]=Oop }
                      ;*goto {reexecute=1 rethrow=0 return_oop=0}
                      ; - (reexecute) java.lang.StringLatin1::replace@76
                      ; - java.lang.String::replace@18
                      ; - java.net.URLClassLoader$1::run@8
                      ; - java.net.URLClassLoader$1::run@1
                      ; - java.security.AccessController::executePrivileged@29
                      ; - java.security.AccessController::doPrivileged@13
                      ; - java.net.URLClassLoader::findClass@13
                      ;   {poll}
  0x000001fd4fe4fc80: 0000 4185 | 023b fa7c | ae45 8bd8 | 458b c1c4 | c179 7ec1 | c5f9 7ec9 | 498b f6c4 | c1f9 7ed2 
  0x000001fd4fe4fca0: 3bfd 7d20 | 488b c649 | 8bd2 4c63 | f743 0fbe | 7433 1042 | 8874 3210 | ffc7 3bfd | 7cec 488b 
  0x000001fd4fe4fcc0: f04c 8bd2 | 413b e80f | 8d31 0100 | 0041 3be8 | 0f83 3e51 | 0000 453b | c80f 8335 | 5100 008d 
  0x000001fd4fe4fce0: 5501 4c63 | cd43 0fbe | 7c0b 1083 | ff2e 0f84 | d014 0000 | 4388 7c0a | 108d 7d01 | 3bfa 7d04 
  0x000001fd4fe4fd00: 8bef ebde | 3bf9 0f8d | cd00 0000 | ffc5 e97c | 0000 00bf | 2f00 0000 | 0f1f 8400 | 0000 0000 
  0x000001fd4fe4fd20: 4188 7c12 | 1241 0fbe | 7c13 1383 | ff2e 7444 | 4188 7c12 | 1383 c504 | 413b e97d | 4548 63d5 
  0x000001fd4fe4fd40: 410f be7c | 1310 83ff | 2e74 2241 | 887c 1210 | 410f be7c | 1311 83ff | 2e74 2041 | 887c 1211 
  0x000001fd4fe4fd60: 410f be7c | 1312 83ff | 2e75 b5eb | a6bf 2f00 | 0000 ebd7 | bf2f 0000 | 00eb b5bf | 2f00 0000 
  0x000001fd4fe4fd80: ;   {no_reloc}
  0x000001fd4fe4fd80: ebd9 498b | bf58 0400 

  0x000001fd4fe4fd88: ; ImmutableOopMap {r10=Oop r11=NarrowOop rbx=Oop rsi=Oop r13=Oop [104]=Oop }
                      ;*goto {reexecute=1 rethrow=0 return_oop=0}
                      ; - (reexecute) java.lang.StringLatin1::replace@113
                      ; - java.lang.String::replace@18
                      ; - java.net.URLClassLoader$1::run@8
                      ; - java.net.URLClassLoader$1::run@1
                      ; - java.security.AccessController::executePrivileged@29
                      ; - java.security.AccessController::doPrivileged@13
                      ; - java.net.URLClassLoader::findClass@13
                      ;   {poll}
  0x000001fd4fe4fd88: 0085 073b | e97d 4c45 | 8bc8 442b | cd41 83c1 | fd33 d23b | cd44 0f4c | ca41 81f9 | a00f 0000 
  0x000001fd4fe4fda8: bfa0 0f00 | 0044 0f47 | cf44 03cd | eb87 c644 | 1710 2ec6 | 4417 1163 | c644 1712 | 6cc6 4417 
  0x000001fd4fe4fdc8: 1361 c644 | 1714 73c6 | 4417 1573 | e98f 0100 | 008b ef41 | 3be8 7d1e | 4c63 cd43 | 0fbe 4c0b 
  0x000001fd4fe4fde8: 1083 f92e | 0f84 8815 | 0000 4388 | 4c0a 10ff | c541 3be8 | 7ce2 4d8b | 9fb8 0100 | 004d 8bc3 
  0x000001fd4fe4fe08: 4983 c018 | 4d3b 87c8 | 0100 000f | 83e1 3700 | 004d 8987 | b801 0000 | 410f 0d88 | c000 0000 
  0x000001fd4fe4fe28: 49c7 0301 

  0x000001fd4fe4fe2c: ;   {metadata('java/lang/String')}
  0x000001fd4fe4fe2c: 0000 0041 | c743 0878 | e800 0045 | 8963 0c4d | 8963 104d | 8bc2 4589 | 4314 eb25 | 448b c841 
  0x000001fd4fe4fe4c: 3bf8 7d17 | 450f be54 | 3b10 4183 | fa2e 0f84 | 2848 0000 | ffc7 413b | f87c e94d | 8bd3 4d8b 
  0x000001fd4fe4fe6c: dd41 8b4a | 0c85 c90f | 86df 1200 | 0045 0fbe | 4b10 c462 | 32f7 c149 | 63f0 4183 | f901 0f84 
  0x000001fd4fe4fe8c: c554 0000 | 4585 c00f | 8c1d 5400 | 0048 8d46 | 068b e885 | ed0f 8c39 | 5400 0048 | 8bf8 48c1 
  0x000001fd4fe4feac: ff20 8bd7 | c4e2 69f7 | ed85 ed0f | 8cc7 5400 | 0081 fd00 | 0010 000f | 87dd 4e00 | 0048 63d5 
  0x000001fd4fe4fecc: 81fd 0000 | 1000 0f87 | ae35 0000 | 498b bfb8 | 0100 0048 | 83c2 1748 | 83e2 f84c | 8bf7 4c03 
  0x000001fd4fe4feec: f24d 3bb7 | c801 0000 | 0f83 8c35 | 0000 4d89 | b7b8 0100 | 0041 0f0d | 8ec0 0000 | 0048 c707 
  0x000001fd4fe4ff0c: 0100 0000 | 410f 0d8e | 0001 0000 

  0x000001fd4fe4ff18: ;   {metadata({type array byte})}
  0x000001fd4fe4ff18: c747 0818 | 2300 0089 | 6f0c 410f | 0d8e 4001 | 0000 410f | 0d8e 8001 | 0000 418d | 5006 3bea 
  0x000001fd4fe4ff38: 0f82 704e | 0000 4963 | d045 85c0 | 0f8e 6cfe | ffff c644 | 1715 73c6 | 4417 1473 | c644 1713 
  0x000001fd4fe4ff58: 61c6 4417 | 126c c644 | 1711 63c6 | 4417 102e | 4585 c90f | 8593 5300 | 003b e90f | 826b 4e00 
  0x000001fd4fe4ff78: 0085 c976 | 2949 83c2 | 1048 8bd7 | 4883 c210 | 4c63 c149 | 8bca c5f8 | 7749 bac0 | 4465 4ffd 
  0x000001fd4fe4ff98: 0100 0041 

  0x000001fd4fe4ff9c: ;   {other}
  0x000001fd4fe4ff9c: ffd2 0f1f | 8400 0000 | 0000 498b | 87b8 0100 | 004c 8bd0 | 4983 c218 | 4d3b 97c8 | 0100 000f 
  0x000001fd4fe4ffbc: 834e 3500 | 004d 8997 | b801 0000 | 410f 0d8a | c000 0000 | 48c7 0001 

  0x000001fd4fe4ffd4: ;   {metadata('java/lang/String')}
  0x000001fd4fe4ffd4: 0000 00c7 | 4008 78e8 | 0000 4489 | 600c 4489 | 6010 4c8b | d744 8950 | 1448 8944 | 2450 4c8b 
  0x000001fd4fe4fff4: 5424 6845 | 8b5a 5445 | 85db 0f84 | 504d 0000 | 4889 5c24 | 284c 896c | 2460 4d8b | d34c 8954 
  0x000001fd4fe50014: 2438 4489 | 5c24 3049 | 8bd2 4533 | c066 6690 

  0x000001fd4fe50024: ;   {optimized virtual_call}
  0x000001fd4fe50024: c5f8 77e8 

  0x000001fd4fe50028: ; ImmutableOopMap {[40]=Oop [48]=NarrowOop [56]=Oop [80]=Oop [96]=Oop [104]=Oop }
                      ;*invokevirtual getLoader {reexecute=0 rethrow=0 return_oop=1}
                      ; - jdk.internal.loader.URLClassPath::getResource@42
                      ; - java.net.URLClassLoader$1::run@26
                      ; - java.net.URLClassLoader$1::run@1
                      ; - java.security.AccessController::executePrivileged@29
                      ; - java.security.AccessController::doPrivileged@13
                      ; - java.net.URLClassLoader::findClass@13
  0x000001fd4fe50028: d4a7 e5ff 

  0x000001fd4fe5002c: ;   {other}
  0x000001fd4fe5002c: 0f1f 8400 | 1c10 0004 | 4885 c00f | 848c 1000 | 0049 b900 | 00e4 57fd | 0100 0045 | 33d2 e92e 
  0x000001fd4fe5004c: 0100 0048 | 8944 2470 | 4c89 5c24 | 4844 8954 | 2440 4c89 | 4c24 5849 | 8be8 488b | d54c 8b54 
  0x000001fd4fe5006c: 2460 4c89 | 5424 2090 

  0x000001fd4fe50074: ;   {static_call}
  0x000001fd4fe50074: c5f8 77e8 

  0x000001fd4fe50078: ; ImmutableOopMap {rbp=Oop [32]=Oop [40]=Oop [48]=NarrowOop [56]=Oop [72]=Oop [80]=Oop [96]=Oop [104]=Oop [112]=Oop }
                      ;*invokestatic ensureMaterializedForStackWalk {reexecute=0 rethrow=0 return_oop=0}
                      ; - java.security.AccessController::executePrivileged@5
                      ; - java.security.AccessController::doPrivileged@13
                      ; - jdk.internal.loader.URLClassPath$JarLoader::ensureOpen@19
                      ; - jdk.internal.loader.URLClassPath$JarLoader::getResource@1
                      ; - jdk.internal.loader.URLClassPath::getResource@53
                      ; - java.net.URLClassLoader$1::run@26
                      ; - java.net.URLClassLoader$1::run@1
                      ; - java.security.AccessController::executePrivileged@29
                      ; - java.security.AccessController::doPrivileged@13
                      ; - java.net.URLClassLoader::findClass@13
  0x000001fd4fe50078: 04f0 81ff 

  0x000001fd4fe5007c: ;   {other}
  0x000001fd4fe5007c: 0f1f 8400 | 6c10 0005 | 4889 6c24 | 2048 8b54 | 2470 488b | 6c24 6090 

  0x000001fd4fe50094: ;   {optimized virtual_call}
  0x000001fd4fe50094: c5f8 77e8 

  0x000001fd4fe50098: ; ImmutableOopMap {rbp=Oop [32]=Oop [40]=Oop [48]=NarrowOop [56]=Oop [72]=Oop [80]=Oop [96]=Oop [104]=Oop }
                      ;*invokevirtual run {reexecute=0 rethrow=0 return_oop=1}
                      ; - jdk.internal.loader.URLClassPath$JarLoader$1::run@1
                      ; - java.security.AccessController::executePrivileged@29
                      ; - java.security.AccessController::doPrivileged@13
                      ; - jdk.internal.loader.URLClassPath$JarLoader::ensureOpen@19
                      ; - jdk.internal.loader.URLClassPath$JarLoader::getResource@1
                      ; - jdk.internal.loader.URLClassPath::getResource@53
                      ; - java.net.URLClassLoader$1::run@26
                      ; - java.net.URLClassLoader$1::run@1
                      ; - java.security.AccessController::executePrivileged@29
                      ; - java.security.AccessController::doPrivileged@13
                      ; - java.net.URLClassLoader::findClass@13
  0x000001fd4fe50098: e4e9 81ff 

  0x000001fd4fe5009c: ;   {other}
  0x000001fd4fe5009c: 0f1f 8400 | 8c10 0006 | 4c8b 5c24 | 4845 8b43 | 1845 85c0 | 0f84 114c | 0000 4c8b | 4c24 5844 
  0x000001fd4fe500bc: 8b54 2440 | 418b 4808 

  0x000001fd4fe500c4: ;   {metadata('java/util/jar/JarFile')}
  0x000001fd4fe500c4: 81f9 0814 | 1900 0f85 | 6136 0000 | 4c89 5c24 | 4844 8954 | 2440 4c89 | 4c24 2049 | 8bd0 4c8b 
  0x000001fd4fe500e4: 4424 5048 | 8b6c 2460 

  0x000001fd4fe500ec: ;   {optimized virtual_call}
  0x000001fd4fe500ec: c5f8 77e8 

  0x000001fd4fe500f0: ; ImmutableOopMap {rbp=Oop [40]=Oop [48]=NarrowOop [56]=Oop [72]=Oop [80]=Oop [96]=Oop [104]=Oop }
                      ;*invokevirtual getEntry {reexecute=0 rethrow=0 return_oop=1}
                      ; - java.util.jar.JarFile::getJarEntry@2
                      ; - jdk.internal.loader.URLClassPath$JarLoader::getResource@22
                      ; - jdk.internal.loader.URLClassPath::getResource@53
                      ; - java.net.URLClassLoader$1::run@26
                      ; - java.net.URLClassLoader$1::run@1
                      ; - java.security.AccessController::executePrivileged@29
                      ; - java.security.AccessController::doPrivileged@13
                      ; - java.net.URLClassLoader::findClass@13
  0x000001fd4fe500f0: ccd8 1200 

  0x000001fd4fe500f4: ;   {other}
  0x000001fd4fe500f4: 0f1f 8400 | e410 0007 | 4885 c00f | 847f 1200 | 0044 8b50 

  0x000001fd4fe50108: ;   {metadata('java/util/jar/JarFile$JarFileEntry')}
  0x000001fd4fe50108: 0841 81fa | d032 3100 | 0f85 0a76 | 0000 488b | f848 8b54 | 2448 4c8b | 4424 5045 | 33c9 6690 
  0x000001fd4fe50128: ;   {optimized virtual_call}
  0x000001fd4fe50128: c5f8 77e8 

  0x000001fd4fe5012c: ; ImmutableOopMap {rbp=Oop [40]=Oop [48]=NarrowOop [56]=Oop [80]=Oop [96]=Oop [104]=Oop }
                      ;*invokevirtual checkResource {reexecute=0 rethrow=0 return_oop=1}
                      ; - jdk.internal.loader.URLClassPath$JarLoader::getResource@34
                      ; - jdk.internal.loader.URLClassPath::getResource@53
                      ; - java.net.URLClassLoader$1::run@26
                      ; - java.net.URLClassLoader$1::run@1
                      ; - java.security.AccessController::executePrivileged@29
                      ; - java.security.AccessController::doPrivileged@13
                      ; - java.net.URLClassLoader::findClass@13
  0x000001fd4fe5012c: b00e feff 

  0x000001fd4fe50130: ;   {other}
  0x000001fd4fe50130: 0f1f 8400 | 2011 0008 | 4c8b e848 | 85c0 0f85 | c400 0000 | 8b6c 2440 | ffc5 488b | 5424 3844 
  0x000001fd4fe50150: 8bc5 4c8b | 5424 604c | 8954 2440 

  0x000001fd4fe5015c: ;   {optimized virtual_call}
  0x000001fd4fe5015c: c5f8 77e8 

  0x000001fd4fe50160: ; ImmutableOopMap {[40]=Oop [48]=NarrowOop [56]=Oop [64]=Oop [80]=Oop [96]=Oop [104]=Oop }
                      ;*invokevirtual getLoader {reexecute=0 rethrow=0 return_oop=1}
                      ; - jdk.internal.loader.URLClassPath::getResource@42
                      ; - java.net.URLClassLoader$1::run@26
                      ; - java.net.URLClassLoader$1::run@1
                      ; - java.security.AccessController::executePrivileged@29
                      ; - java.security.AccessController::doPrivileged@13
                      ; - java.net.URLClassLoader::findClass@13
  0x000001fd4fe50160: 9ca6 e5ff 

  0x000001fd4fe50164: ;   {other}
  0x000001fd4fe50164: 0f1f 8400 | 5411 0009 | 4885 c00f | 8454 0f00 | 004c 8b4c | 2420 448b | d544 8b40 

  0x000001fd4fe50180: ;   {metadata('jdk/internal/loader/URLClassPath$JarLoader')}
  0x000001fd4fe50180: 0841 81f8 | 700c 2100 | 0f85 de22 | 0000 4c8b | d845 8b43 | 1845 85c0 | 0f85 22ff | ffff 498b 
  0x000001fd4fe501a0: 87b8 0100 | 004c 8bc0 | 4983 c010 | 4d3b 87c8 | 0100 000f | 833d 3200 | 004d 8987 | b801 0000 
  0x000001fd4fe501c0: 410f 0d88 | c000 0000 | 48c7 0001 

  0x000001fd4fe501cc: ;   {metadata('jdk/internal/loader/URLClassPath$JarLoader$1')}
  0x000001fd4fe501cc: 0000 00c7 | 4008 402e | 2100 4489 | 600c 458b | 4328 498b | db89 580c | 4585 c00f | 8562 feff 
  0x000001fd4fe501ec: ff33 ed4c | 894c 2458 | 4489 5424 | 404c 895c | 2448 4889 | 4424 70e9 | 7cfe ffff | c5f8 7749 
  0x000001fd4fe5020c: bad0 307b | 95ff 7f00 | 0041 ffd2 

  0x000001fd4fe50218: ;   {other}
  0x000001fd4fe50218: 0f1f 8400 | 0000 0000 | 4889 4424 | 704c 8b54 | 2460 458b | 4214 458b | 480c 410f | be4a 10c4 
  0x000001fd4fe50238: 4272 f7d1 | 458d 5aff | 85c9 0f85 | 6c53 0000 | 418d 59ff | 413b db41 | 0f4f db49 | 8bc8 85db 
  0x000001fd4fe50258: 0f8c d700 | 0000 4585 | c90f 86bd | 4c00 0041 | 3bd9 0f83 | b44c 0000 | 85db 0f8e | 904e 0000 
  0x000001fd4fe50278: 448d 5bff | 418b fa41 | 0fbe 5418 | 1083 fa2e | 0f84 2421 | 0000 ffcb | 413b db7f | ea83 fb02 
  0x000001fd4fe50298: 0f8e 7300 | 0000 8d73 | fe45 33db | 83fb 0241 | 0f4c f381 | fea0 0f00 | 0041 baa0 | 0f00 0041 
  0x000001fd4fe502b8: 0f47 f244 | 8bd3 442b | d648 63d3 | 450f be5c | 1010 4183 | fb2e 746d | 450f be5c | 100f 4183 
  0x000001fd4fe502d8: fb2e 7466 | 448d 5bfe | 430f be54 | 1810 83fa | 2e74 608d | 73fd 450f | be5c 3010 | 4183 fb2e 
  0x000001fd4fe502f8: 744e 83c3 | fc41 3bda | 7fbf 4d8b | 9758 0400 

  0x000001fd4fe50308: ; ImmutableOopMap {r8=NarrowOop rcx=Oop r13=Oop [40]=Oop [96]=Oop [104]=Oop }
                      ;*goto {reexecute=1 rethrow=0 return_oop=0}
                      ; - (reexecute) java.lang.StringLatin1::lastIndexOf@35
                      ; - java.lang.String::lastIndexOf@13
                      ; - java.lang.String::lastIndexOf@8
                      ; - java.net.URLClassLoader::defineClass@7
                      ; - java.net.URLClassLoader$1::run@43
                      ; - java.net.URLClassLoader$1::run@1
                      ; - java.security.AccessController::executePrivileged@29
                      ; - java.security.AccessController::doPrivileged@13
                      ; - java.net.URLClassLoader::findClass@13
                      ;   {poll}
  0x000001fd4fe50308: 0041 8502 | 83fb 027f | 8d83 fbff | 7e1c 450f | be54 1810 | 4183 fa2e | 0f84 4e54 | 0000 ffcb 
  0x000001fd4fe50328: 83fb ff7f | e944 8bd7 | eb03 448b | d741 bbff | ffff ffeb | 1144 8bdb | eb09 448d | 5bff eb03 
  0x000001fd4fe50348: 448b de44 | 8bd7 418b 

  0x000001fd4fe50350: ;   {metadata('jdk/internal/loader/URLClassPath$JarLoader$2')}
  0x000001fd4fe50350: 5d08 81fb | 3024 2100 | 0f85 b828 | 0000 498b | dd8b 7b20 

  0x000001fd4fe50364: ; implicit exception: dispatches to 0x000001fd4fe5794c
  0x000001fd4fe50364: 8b57 1c89 | 9424 8800 | 0000 8b9c | 2488 0000 | 0048 8bf3 | 4183 fbff | 0f84 e028 | 0000 4585 
  0x000001fd4fe50384: db0f 8c69 | 5200 0045 | 3bda 0f8f | 5053 0000 | 453b da0f | 8404 0f00 | 0045 85db | 0f84 a532 
  0x000001fd4fe503a4: 0000 498b | 9fb8 0100 | 004c 8bd3 | 4983 c218 | 4d3b 97c8 | 0100 000f | 83af 3300 | 004d 8997 
  0x000001fd4fe503c4: b801 0000 | 410f 0d8a | c000 0000 | 48c7 0301 

  0x000001fd4fe503d4: ;   {metadata('java/lang/String')}
  0x000001fd4fe503d4: 0000 00c7 | 4308 78e8 | 0000 4489 | 630c 4c89 | 6310 498d | 7810 453b | d90f 85d2 | 0000 004d 
  0x000001fd4fe503f4: 63d1 4181 | f900 0010 | 000f 8733 | 4200 0048 | 897c 2438 | 4889 5c24 | 7848 8974 | 2430 488b 
  0x000001fd4fe50414: e944 8944 | 2448 4c89 | 6c24 404d | 8bb7 b801 | 0000 4c89 | 5424 5049 | 83c2 1749 | 83e2 f84d 
  0x000001fd4fe50434: 8bde 4d03 | da4d 3b9f | c801 0000 | 0f83 1142 | 0000 4d89 | 9fb8 0100 | 0041 0f0d | 8bc0 0000 
  0x000001fd4fe50454: 0049 c706 | 0100 0000 | 410f 0d8b | 0001 0000 

  0x000001fd4fe50464: ;   {metadata({type array byte})}
  0x000001fd4fe50464: 41c7 4608 | 1823 0000 | 4589 4e0c | 410f 0d8b | 4001 0000 | 410f 0d8b | 8001 0000 | 498b d648 
  0x000001fd4fe50484: 83c2 104c | 8b44 2450 | 4983 c007 | 49c1 e803 | 488b 4c24 | 38c5 f877 | 49ba 604b | 654f fd01 
  0x000001fd4fe504a4: 0000 41ff 

  0x000001fd4fe504a8: ;   {other}
  0x000001fd4fe504a8: d20f 1f84 | 0000 0000 | 004c 8b6c | 2440 488b | 5c24 7848 | 8b74 2430 | e9da 0000 | 0041 81fb 
  0x000001fd4fe504c8: 0000 1000 | 0f87 b64f | 0000 4d63 | d345 3bcb | 418b e941 | 0f4f eb44 | 3bcd 0f82 | 1450 0000 
  0x000001fd4fe504e8: 443b dd0f | 820b 5000 | 0049 83c2 | 174d 8bca | 4983 e1f8 | 4181 fb00 | 0010 000f | 87b0 3400 
  0x000001fd4fe50508: 004d 8bb7 | b801 0000 | 4d8b c64d | 03c1 4d3b | 87c8 0100 | 000f 8396 | 3400 004d | 8987 b801 
  0x000001fd4fe50528: 0000 410f | 0d88 c000 | 0000 49c7 | 0601 0000 | 0041 0f0d | 8800 0100 

  0x000001fd4fe50540: ;   {metadata({type array byte})}
  0x000001fd4fe50540: 0041 c746 | 0818 2300 | 0045 895e | 0c41 0f0d | 8840 0100 | 0041 0f0d | 8880 0100 | 0049 8bd6 
  0x000001fd4fe50560: 4883 c210 | 49c1 ea03 | 85ed 0f84 | 204f 0000 | 413b eb0f | 8cc4 2d00 | 0049 83c1 | f049 c1e9 
  0x000001fd4fe50580: 0348 8bcf | 4d8b c1c5 | f877 49ba | 604b 654f | fd01 0000 

  0x000001fd4fe50594: ;   {other}
  0x000001fd4fe50594: 41ff d20f | 1f84 0000 | 0000 0041 | 807f 4000 | 0f85 a029 | 0000 4d8b | d644 8953 | 144c 8bd3 
  0x000001fd4fe505b4: 4d8b de4d | 33da 49c1 | eb14 4d85 | db74 1a49 | c1ea 0948 | b900 00e4 | 57fd 0100 | 0049 03ca 
  0x000001fd4fe505d4: 8039 020f | 85a0 2900 | 0044 8863 | 1048 899c | 24c8 0000 | 0045 8b55 

  0x000001fd4fe505ec: ;   {metadata('jdk/internal/loader/URLClassPath$JarLoader$2')}
  0x000001fd4fe505ec: 0841 81fa | 3024 2100 | 0f85 9649 | 0000 4d8b | d54c 8994 | 2480 0000 

  0x000001fd4fe50604: ;   {oop(a 'java/lang/Class'{0x00000000804c6a58} = 'jdk/internal/access/SharedSecrets')}
  0x000001fd4fe50604: 0049 ba58 | 6a4c 8000 | 0000 0045 | 8b82 d400 | 0000 418b | 4808 4c8b | 9424 8000 | 0000 458b 
  0x000001fd4fe50624: 5220 458b 

  0x000001fd4fe50628: ;   {metadata('java/util/jar/JavaUtilJarAccessImpl')}
  0x000001fd4fe50628: 4a18 81f9 | a05b 3100 | 0f85 9e49 | 0000 4585 | c90f 847a | 4800 004d | 8bd9 488d | 9c24 d000 
  0x000001fd4fe50648: 0000 498b | 03a8 020f | 8523 0000 | 0048 83c8 | 0148 8903 | f049 0fb1 | 1b0f 8437 | 0000 0048 
  0x000001fd4fe50668: 2bc4 4825 | 07f0 ffff | 4889 03e9 | 2400 0000 | 4c8b d048 | 33c0 f04d | 0fb1 7a3e | 48c7 0303 
  0x000001fd4fe50688: 0000 0074 | 114c 3bf8 | 7515 49ff | 8286 0000 | 0048 33c0 | 7509 49ff | 8750 0500 | 0033 c00f 
  0x000001fd4fe506a8: 857b 4900 | 0041 8b69 | 3085 ed0f | 856b 5000 | 0045 0fb6 | 4112 4585 | c00f 850a | 1d00 0048 
  0x000001fd4fe506c8: 8d84 24d0 | 0000 0048 | 8338 000f | 8479 0000 | 004d 8b13 | 41f6 c202 | 0f84 6200 | 0000 4983 
  0x000001fd4fe506e8: ba86 0000 | 0000 7409 | 49ff 8a86 | 0000 00eb | 4b49 8b82 | 9600 0000 | 490b 828e | 0000 0075 
  0x000001fd4fe50708: 0a49 c742 | 3e00 0000 | 00eb 3d49 | 83ba 9e00 | 0000 0074 | 2248 33c0 | 49c7 423e | 0000 0000 
  0x000001fd4fe50728: ;   {no_reloc}
  0x000001fd4fe50728: f083 0424 | 0049 83ba | 9e00 0000 | 0075 0df0 | 4d0f b17a | 3e75 0583 | c801 eb0c | a800 eb08 
  0x000001fd4fe50748: 4c8b 10f0 | 4d0f b113 | 750a 49ff | 8f50 0500 | 0045 33d2 | 0f85 3c49 | 0000 4c8b | 9424 8000 
  0x000001fd4fe50768: 0000 458b | 5220 418b | 6a18 448b 

  0x000001fd4fe50774: ;   {metadata('java/util/jar/JarFile')}
  0x000001fd4fe50774: 5d08 4181 | fb08 1419 | 000f 854c | 4900 004c | 8bd5 4d8b | c241 8b78 | 2885 ff0f | 84f6 0b00 
  0x000001fd4fe50794: 008b 6f0c | 4180 7f40 | 000f 8579 | 2700 0044 | 8b4d 084c 

  0x000001fd4fe507a8: ;   {oop(a 'java/lang/Class'{0x000000008003b2a0} = 'java/lang/ref/SoftReference')}
  0x000001fd4fe507a8: 8b57 2049 | bba0 b203 | 8000 0000 | 004d 8b5b | 704d 3bd3 | 0f85 f81b 

  0x000001fd4fe507c0: ;   {metadata('java/util/jar/Manifest')}
  0x000001fd4fe507c0: 0000 4181 | f9a0 e104 | 000f 859d | 6f00 004c | 8bd5 4c89 | 9424 a000 | 0000 4c8b | 7424 6845 
  0x000001fd4fe507e0: 8b56 3845 | 85d2 0f84 | 0047 0000 | 4c8b 8424 | c800 0000 | 418b 400c | 85c0 0f84 | ce09 0000 
  0x000001fd4fe50800: 458b 4a28 | 4585 c90f | 84f2 0600 | 0045 8b59 | 0c45 85db | 0f86 124e | 0000 448b | d041 c1ea 
  0x000001fd4fe50820: 1044 33d0 | 41ff cb41 | 81e2 ffff | ff7f 4523 | da4d 63db | 478b 5c99 | 1045 85db | 0f84 bd06 
  0x000001fd4fe50840: 0000 418b | 6b0c 413b | ea0f 842f | 0100 0085 | ed0f 8ce9 | 5200 004d | 8bcb 458b | 5918 4585 
  0x000001fd4fe50860: db0f 8498 | 0600 0049 | 8bcb 448b | 590c 498b | af58 0400 | 004c 8b4c 

  0x000001fd4fe50878: ; ImmutableOopMap {r8=Oop r9=Oop rcx=Oop rsi=Oop r13=Oop r14=Oop [40]=Oop [96]=Oop [128]=Oop [136]=NarrowOop [160]=Oop }
                      ;*if_icmpne {reexecute=1 rethrow=0 return_oop=0}
                      ; - (reexecute) java.util.concurrent.ConcurrentHashMap::get@127
                      ; - java.lang.ClassLoader::getDefinedPackage@13
                      ; - java.net.URLClassLoader::getAndVerifyPackage@2
                      ; - java.net.URLClassLoader::defineClass@46
                      ; - java.net.URLClassLoader$1::run@43
                      ; - java.net.URLClassLoader$1::run@1
                      ; - java.security.AccessController::executePrivileged@29
                      ; - java.security.AccessController::doPrivileged@13
                      ; - java.net.URLClassLoader::findClass@13
                      ;   {poll}
  0x000001fd4fe50878: 2460 8545 | 0045 3bda | 7412 448b | 4918 4585 | c90f 8470 | 0600 0049 | 8bc9 ebd6 | 8b69 104c 
  0x000001fd4fe50898: 8bdd 4d3b | d80f 84c2 | 0000 0085 | ed0f 84c9 | 5500 0048 | 894c 2458 | 4489 5424 | 244c 8b94 
  0x000001fd4fe508b8: 24a0 0000 | 004c 8954 | 2450 4c8b | 9424 8000 | 0000 4c89 | 5424 484c | 8944 2438 | 4889 7424 
  0x000001fd4fe508d8: 3044 8b9c | 2488 0000 | 0044 895c | 2420 4c89 | 6c24 404c | 8974 2468 | 4c8b c548 | 8b54 2438 
  0x000001fd4fe508f8: 4c89 8c24 | b000 0000 

  0x000001fd4fe50900: ;   {optimized virtual_call}
  0x000001fd4fe50900: c5f8 77e8 

  0x000001fd4fe50904: ; ImmutableOopMap {[32]=NarrowOop [40]=Oop [48]=Oop [56]=Oop [64]=Oop [72]=Oop [80]=Oop [88]=Oop [96]=Oop [104]=Oop [176]=Oop }
                      ;*invokevirtual equals {reexecute=0 rethrow=0 return_oop=0}
                      ; - java.util.concurrent.ConcurrentHashMap::get@149
                      ; - java.lang.ClassLoader::getDefinedPackage@13
                      ; - java.net.URLClassLoader::getAndVerifyPackage@2
                      ; - java.net.URLClassLoader::defineClass@46
                      ; - java.net.URLClassLoader$1::run@43
                      ; - java.net.URLClassLoader$1::run@1
                      ; - java.security.AccessController::executePrivileged@29
                      ; - java.security.AccessController::doPrivileged@13
                      ; - java.net.URLClassLoader::findClass@13
  0x000001fd4fe50904: 38a9 d7ff 

  0x000001fd4fe50908: ;   {other}
  0x000001fd4fe50908: 0f1f 8400 | f818 000c | 4d8b 9758 

  0x000001fd4fe50914: ; ImmutableOopMap {[32]=NarrowOop [40]=Oop [48]=Oop [56]=Oop [64]=Oop [72]=Oop [80]=Oop [88]=Oop [96]=Oop [104]=Oop }
                      ;*ifeq {reexecute=1 rethrow=0 return_oop=0}
                      ; - (reexecute) java.util.concurrent.ConcurrentHashMap::get@152
                      ; - java.lang.ClassLoader::getDefinedPackage@13
                      ; - java.net.URLClassLoader::getAndVerifyPackage@2
                      ; - java.net.URLClassLoader::defineClass@46
                      ; - java.net.URLClassLoader$1::run@43
                      ; - java.net.URLClassLoader$1::run@1
                      ; - java.security.AccessController::executePrivileged@29
                      ; - java.security.AccessController::doPrivileged@13
                      ; - java.net.URLClassLoader::findClass@13
                      ;   {poll}
  0x000001fd4fe50914: 0400 0041 | 8502 85c0 | 0f84 172b | 0000 4c8b | 7424 684c | 8b6c 2440 | 448b 5c24 | 2044 899c 
  0x000001fd4fe50934: 2488 0000 | 004c 8b54 | 2430 4c8b | 4424 384c | 8b5c 2448 | 4c89 9c24 | 8000 0000 | 4c8b 5c24 
  0x000001fd4fe50954: 504c 899c | 24a0 0000 | 0048 8b4c | 2458 498b | f28b 6914 | 85ed 0f84 | 8f05 0000 | 410f b648 
  0x000001fd4fe50974: 1141 8b40 | 0ce9 3b01 | 0000 418b | 6b10 4c8b | cd4d 3bc8 | 0f84 1601 | 0000 8b4d | 084c 8bcd 
  0x000001fd4fe50994: 4d3b c10f | 8407 0100 

  0x000001fd4fe5099c: ;   {metadata('java/lang/String')}
  0x000001fd4fe5099c: 0081 f978 | e800 000f | 8597 6c00 | 0041 0fbe | 4810 410f | be69 103b | cd0f 85dd | 5000 0048 
  0x000001fd4fe509bc: 8bee 458b | 4914 418b | 5014 418b | 790c 8b4a | 0c3b cf0f | 8513 4e00 | 0049 8bd9 | 498d 7110 
  0x000001fd4fe509dc: 4c8b ca48 | 8d7a 1085 | c90f 849d | 0000 008b | c183 e01f | 83e1 e00f | 844b 0000 | 0048 8d3c 
  0x000001fd4fe509fc: 0f48 8d34 | 0e48 f7d9 | c5fe 6f0c | 0fc5 fe6f | 040e c5f5 | efc8 c4e2 | 7d17 c90f | 8572 0000 
  0x000001fd4fe50a1c: 0048 83c1 | 2075 e185 | c00f 845d | 0000 00c5 | fe6f 4c07 | e0c5 fe6f | 4406 e0c5 | f5ef c8c4 
  0x000001fd4fe50a3c: e27d 17c9 | 754d eb44 | 8bc8 83e1 | fc74 1948 | 8d3c 0f48 | 8d34 0e48 | f7d9 8b1c | 0f3b 1c0e 
  0x000001fd4fe50a5c: 7531 4883 | c104 75f2 | a802 7412 | 0fb7 1f0f | b70e 3bd9 | 751d 488d | 7f02 488d | 7602 a801 
  0x000001fd4fe50a7c: 740a 0fb6 | 1f0f b60e | 3bd9 7507 | b801 0000 | 00eb 0233 | c0c5 f5ef | c9c5 fdef | c085 c00f 
  0x000001fd4fe50a9c: ;   {no_reloc}
  0x000001fd4fe50a9c: 844b 4d00 | 0048 8bf5 | 418b 6b14 | 85ed 0f84 | 4f04 0000 | 418b 400c | 410f b648 | 1144 8b5d 
  0x000001fd4fe50abc: ;   {metadata('java/lang/Package')}
  0x000001fd4fe50abc: 0841 81fb | e8bd 0100 | 0f85 bd6a | 0000 458b | 5814 458b | 530c 4c8b | cd45 8b49 | 1045 85d2 
  0x000001fd4fe50adc: 0f86 2e49 | 0000 458b | 5638 4585 | d20f 84e2 | 4800 0085 | c00f 84bc | 0700 0041 | 8b5a 2885 
  0x000001fd4fe50afc: db0f 84ba | 0200 0044 | 8b5b 0c45 | 85db 0f86 | 4c4d 0000 | 448b d041 | c1ea 1044 | 33d0 41ff 
  0x000001fd4fe50b1c: cb41 81e2 | ffff ff7f | 4523 da4d | 63db 468b | 5c9b 1045 | 85db 0f84 | 8502 0000 | 418b 6b0c 
  0x000001fd4fe50b3c: 413b ea0f | 8552 0100 | 0041 8b6b | 1048 8bcd | 493b c80f | 8413 0100 | 008b 4d08 | 488b d648 
  0x000001fd4fe50b5c: 8bdd 4c3b | c30f 8401 

  0x000001fd4fe50b64: ;   {metadata('java/lang/String')}
  0x000001fd4fe50b64: 0100 0081 | f978 e800 | 000f 8539 | 6b00 0041 | 0fbe 7810 | 0fbe 6b10 | 3bfd 0f85 | 4950 0000 
  0x000001fd4fe50b84: 8b7b 1441 | 8b58 148b | 770c 8b4b | 0c3b ce0f | 8583 4e00 | 0048 8bf7 | 488d 7710 | 488b fb48 
  0x000001fd4fe50ba4: 8d7b 1085 | c90f 849d | 0000 008b | c183 e01f | 83e1 e00f | 844b 0000 | 0048 8d3c | 0f48 8d34 
  0x000001fd4fe50bc4: 0e48 f7d9 | c5fe 6f0c | 0fc5 fe6f | 040e c5f5 | efc8 c4e2 | 7d17 c90f | 8572 0000 | 0048 83c1 
  0x000001fd4fe50be4: 2075 e185 | c00f 845d | 0000 00c5 | fe6f 4c07 | e0c5 fe6f | 4406 e0c5 | f5ef c8c4 | e27d 17c9 
  0x000001fd4fe50c04: 754d eb44 | 8bc8 83e1 | fc74 1948 | 8d3c 0f48 | 8d34 0e48 | f7d9 8b1c | 0f3b 1c0e | 7531 4883 
  0x000001fd4fe50c24: c104 75f2 | a802 7412 | 0fb7 1f0f | b70e 3bd9 | 751d 488d | 7f02 488d | 7602 a801 | 740a 0fb6 
  0x000001fd4fe50c44: 1f0f b60e | 3bd9 7507 | b801 0000 | 00eb 0233 | c0c5 f5ef | c9c5 fdef | c085 c00f | 84bb 4d00 
  0x000001fd4fe50c64: ;   {no_reloc}
  0x000001fd4fe50c64: 0048 8bf2 | 418b 6b14 | 85ed 0f84 | 4901 0000 | 448b 5508 

  0x000001fd4fe50c78: ;   {metadata('java/lang/Package')}
  0x000001fd4fe50c78: 4181 fae8 | bd01 000f | 8527 6b00 | 004c 8bd5 | 4c89 5424 | 7848 8974 | 2420 e9d0 | 0100 0085 
  0x000001fd4fe50c98: ed0f 8ca9 | 4f00 0049 | 8bcb 8b49 | 1885 c90f | 8410 0100 | 0048 8bd9 | 8b4b 0c49 | 8baf 5804 
  0x000001fd4fe50cb8: 0000 4c8b 

  0x000001fd4fe50cbc: ; ImmutableOopMap {r11=Oop r8=Oop r9=NarrowOop rbx=Oop rsi=Oop r13=Oop r14=Oop [40]=Oop [96]=Oop [128]=Oop [136]=NarrowOop [160]=Oop }
                      ;*if_icmpne {reexecute=1 rethrow=0 return_oop=0}
                      ; - (reexecute) java.util.concurrent.ConcurrentHashMap::get@127
                      ; - java.lang.ClassLoader::definePackage@47
                      ; - java.lang.ClassLoader::getDefinedPackage@32
                      ; - java.net.URLClassLoader::getAndVerifyPackage@2
                      ; - java.net.URLClassLoader::defineClass@46
                      ; - java.net.URLClassLoader$1::run@43
                      ; - java.net.URLClassLoader$1::run@1
                      ; - java.security.AccessController::executePrivileged@29
                      ; - java.security.AccessController::doPrivileged@13
                      ; - java.net.URLClassLoader::findClass@13
                      ;   {poll}
  0x000001fd4fe50cbc: 5c24 6085 | 4500 413b | ca74 108b | 4b18 85c9 | 0f84 eb00 | 0000 488b | d9eb d98b | 6b10 4c8b 
  0x000001fd4fe50cdc: dd4d 3bd8 | 0f84 cc00 | 0000 85ed | 0f84 9652 | 0000 4889 | 5c24 7844 | 8954 2458 | 4489 4c24 
  0x000001fd4fe50cfc: 244c 8b94 | 24a0 0000 | 004c 8954 | 2450 4c8b | 9424 8000 | 0000 4c89 | 5424 484c | 8944 2438 
  0x000001fd4fe50d1c: 4889 7424 | 3044 8b9c | 2488 0000 | 0044 895c | 2420 4c89 | 6c24 404c | 8974 2468 | 4c8b c548 
  0x000001fd4fe50d3c: 8b54 2438 | 488b 6c24 | 6066 6690 

  0x000001fd4fe50d48: ;   {optimized virtual_call}
  0x000001fd4fe50d48: c5f8 77e8 

  0x000001fd4fe50d4c: ; ImmutableOopMap {rbp=Oop [32]=NarrowOop [36]=NarrowOop [40]=Oop [48]=Oop [56]=Oop [64]=Oop [72]=Oop [80]=Oop [96]=Oop [104]=Oop [120]=Oop }
                      ;*invokevirtual equals {reexecute=0 rethrow=0 return_oop=0}
                      ; - java.util.concurrent.ConcurrentHashMap::get@149
                      ; - java.lang.ClassLoader::definePackage@47
                      ; - java.lang.ClassLoader::getDefinedPackage@32
                      ; - java.net.URLClassLoader::getAndVerifyPackage@2
                      ; - java.net.URLClassLoader::defineClass@46
                      ; - java.net.URLClassLoader$1::run@43
                      ; - java.net.URLClassLoader$1::run@1
                      ; - java.security.AccessController::executePrivileged@29
                      ; - java.security.AccessController::doPrivileged@13
                      ; - java.net.URLClassLoader::findClass@13
  0x000001fd4fe50d4c: f0a4 d7ff 

  0x000001fd4fe50d50: ;   {other}
  0x000001fd4fe50d50: 0f1f 8400 | 401d 000f | 4d8b 9758 

  0x000001fd4fe50d5c: ; ImmutableOopMap {rbp=Oop [32]=NarrowOop [36]=NarrowOop [40]=Oop [48]=Oop [56]=Oop [64]=Oop [72]=Oop [80]=Oop [96]=Oop [104]=Oop [120]=Oop }
                      ;*ifeq {reexecute=1 rethrow=0 return_oop=0}
                      ; - (reexecute) java.util.concurrent.ConcurrentHashMap::get@152
                      ; - java.lang.ClassLoader::definePackage@47
                      ; - java.lang.ClassLoader::getDefinedPackage@32
                      ; - java.net.URLClassLoader::getAndVerifyPackage@2
                      ; - java.net.URLClassLoader::defineClass@46
                      ; - java.net.URLClassLoader$1::run@43
                      ; - java.net.URLClassLoader$1::run@1
                      ; - java.security.AccessController::executePrivileged@29
                      ; - java.security.AccessController::doPrivileged@13
                      ; - java.net.URLClassLoader::findClass@13
                      ;   {poll}
  0x000001fd4fe50d5c: 0400 0041 | 8502 85c0 | 0f84 f028 | 0000 4c8b | 7424 684c | 8b6c 2440 | 448b 5424 | 2044 8994 
  0x000001fd4fe50d7c: 2488 0000 | 004c 8b54 | 2430 4c8b | 4424 384c | 8b5c 2448 | 4c89 9c24 | 8000 0000 | 4c8b 5c24 
  0x000001fd4fe50d9c: 504c 899c | 24a0 0000 | 0044 8b4c | 2424 488b | 5c24 7849 | 8bf2 8b6b | 1485 ed0f | 85b7 feff 
  0x000001fd4fe50dbc: ff41 8b6e | 384d 8b9f | b801 0000 | 4d8b d349 | 83c2 184d | 3b97 c801 | 0000 0f83 | f338 0000 
  0x000001fd4fe50ddc: 4d89 97b8 | 0100 0041 | 0f0d 8ac0 | 0000 0049 | c703 0100 

  0x000001fd4fe50df0: ;   {metadata('java/lang/ClassLoader$$Lambda+0x000001fd5f066288')}
  0x000001fd4fe50df0: 0000 41c7 | 4308 8862 | 0601 4d89 | 6310 4d8b | d645 8953 | 0c45 894b | 1085 ed0f | 84b7 4b00 
  0x000001fd4fe50e10: 004c 8944 | 2458 4889 | 7424 204c | 896c 2440 | 4c89 7424 | 6848 8bd5 | 4d8b cb4c | 8944 2438 
  0x000001fd4fe50e30: 498b ee90 

  0x000001fd4fe50e34: ;   {optimized virtual_call}
  0x000001fd4fe50e34: c5f8 77e8 

  0x000001fd4fe50e38: ; ImmutableOopMap {rbp=Oop [32]=Oop [40]=Oop [56]=Oop [64]=Oop [88]=Oop [96]=Oop [104]=Oop [128]=Oop [136]=NarrowOop [160]=Oop }
                      ;*invokevirtual compute {reexecute=0 rethrow=0 return_oop=1}
                      ; - java.lang.ClassLoader::definePackage@78
                      ; - java.lang.ClassLoader::getDefinedPackage@32
                      ; - java.net.URLClassLoader::getAndVerifyPackage@2
                      ; - java.net.URLClassLoader::defineClass@46
                      ; - java.net.URLClassLoader$1::run@43
                      ; - java.net.URLClassLoader$1::run@1
                      ; - java.security.AccessController::executePrivileged@29
                      ; - java.security.AccessController::doPrivileged@13
                      ; - java.net.URLClassLoader::findClass@13
  0x000001fd4fe50e38: 44dc 81ff 

  0x000001fd4fe50e3c: ;   {other}
  0x000001fd4fe50e3c: 0f1f 8400 | 2c1e 0011 

  0x000001fd4fe50e44: ; implicit exception: dispatches to 0x000001fd4fe57aac
  0x000001fd4fe50e44: 448b 5008 

  0x000001fd4fe50e48: ;   {metadata('java/lang/Package')}
  0x000001fd4fe50e48: 4181 fae8 | bd01 000f | 8587 6700 | 0048 8944 | 2478 4c8b | f54c 8b6c | 2440 4c8b | 4424 3848 
  0x000001fd4fe50e68: 8bac 24a0 | 0000 004c | 8944 2458 | 4c89 6c24 | 404c 8974 | 2468 488b | 5424 784c | 8b54 2460 
  0x000001fd4fe50e88: 4c89 5424 | 304c 8974 | 2438 4c89 | 4424 4890 

  0x000001fd4fe50e98: ;   {optimized virtual_call}
  0x000001fd4fe50e98: c5f8 77e8 

  0x000001fd4fe50e9c: ; ImmutableOopMap {rbp=Oop [32]=Oop [40]=Oop [48]=Oop [56]=Oop [64]=Oop [72]=Oop [88]=Oop [96]=Oop [104]=Oop [120]=Oop [128]=Oop [136]=NarrowOop [160]=Oop }
                      ;*invokevirtual isSealed {reexecute=0 rethrow=0 return_oop=0}
                      ; - java.net.URLClassLoader::getAndVerifyPackage@14
                      ; - java.net.URLClassLoader::defineClass@46
                      ; - java.net.URLClassLoader$1::run@43
                      ; - java.net.URLClassLoader$1::run@1
                      ; - java.security.AccessController::executePrivileged@29
                      ; - java.security.AccessController::doPrivileged@13
                      ; - java.net.URLClassLoader::findClass@13
  0x000001fd4fe50e9c: a07e 1300 

  0x000001fd4fe50ea0: ;   {other}
  0x000001fd4fe50ea0: 0f1f 8400 | 901e 0012 | 85c0 0f85 | 2c4a 0000 | 4885 ed0f | 8477 4a00 | 0048 8b54 | 2438 4c8b 
  0x000001fd4fe50ec0: 4424 484c | 8b8c 24a0 | 0000 004c | 8944 2430 | 4c8b 5424 | 604c 8954 | 2438 488b | ea66 6690 
  0x000001fd4fe50ee0: ;   {optimized virtual_call}
  0x000001fd4fe50ee0: c5f8 77e8 

  0x000001fd4fe50ee4: ; ImmutableOopMap {rbp=Oop [32]=Oop [40]=Oop [48]=Oop [56]=Oop [64]=Oop [72]=Oop [88]=Oop [96]=Oop [104]=Oop [120]=Oop [128]=Oop [136]=NarrowOop [160]=Oop }
                      ;*invokevirtual isSealed {reexecute=0 rethrow=0 return_oop=0}
                      ; - java.net.URLClassLoader::getAndVerifyPackage@68
                      ; - java.net.URLClassLoader::defineClass@46
                      ; - java.net.URLClassLoader$1::run@43
                      ; - java.net.URLClassLoader$1::run@1
                      ; - java.security.AccessController::executePrivileged@29
                      ; - java.security.AccessController::doPrivileged@13
                      ; - java.net.URLClassLoader::findClass@13
  0x000001fd4fe50ee4: 5889 1300 

  0x000001fd4fe50ee8: ;   {other}
  0x000001fd4fe50ee8: 0f1f 8400 | d81e 0013 | 85c0 0f85 | 884a 0000 | 4c8b 6c24 

  0x000001fd4fe50efc: ;   {metadata('java/lang/IllegalArgumentException')}
  0x000001fd4fe50efc: 40eb 6648 | bdc0 9a06 | 5efd 0100 | 004c 8b94 | 24a0 0000 | 004d 85d2 | 0f84 c020 | 0000 4c89 
  0x000001fd4fe50f1c: 4424 4848 | 8974 2420 | 4c89 6c24 | 404c 8974 | 2468 498b | d64c 8b8c | 24a0 0000 | 0048 8bfe 
  0x000001fd4fe50f3c: 4c8b 5424 | 604c 8954 | 2430 4c89 | 5424 384c | 8974 2450 

  0x000001fd4fe50f50: ;   {optimized virtual_call}
  0x000001fd4fe50f50: c5f8 77e8 

  0x000001fd4fe50f54: ; ImmutableOopMap {[32]=Oop [40]=Oop [48]=Oop [56]=Oop [64]=Oop [72]=Oop [80]=Oop [96]=Oop [104]=Oop [128]=Oop [136]=NarrowOop [160]=Oop }
                      ;*invokevirtual definePackage {reexecute=0 rethrow=0 return_oop=1}
                      ; - java.net.URLClassLoader::defineClass@64
                      ; - java.net.URLClassLoader$1::run@43
                      ; - java.net.URLClassLoader$1::run@1
                      ; - java.security.AccessController::executePrivileged@29
                      ; - java.security.AccessController::doPrivileged@13
                      ; - java.net.URLClassLoader::findClass@13
  0x000001fd4fe50f54: 48db fbf7 

  0x000001fd4fe50f58: ;   {other}
  0x000001fd4fe50f58: 0f1f 8400 | 481f 0014 | 4c8b 6c24 | 404c 896c | 2440 498b | d54c 896c | 2430 4c8b | 5424 604c 
  0x000001fd4fe50f78: 8954 2438 

  0x000001fd4fe50f7c: ;   {optimized virtual_call}
  0x000001fd4fe50f7c: c5f8 77e8 

  0x000001fd4fe50f80: ; ImmutableOopMap {[32]=Oop [40]=Oop [48]=Oop [56]=Oop [64]=Oop [96]=Oop [104]=Oop [136]=NarrowOop }
                      ;*invokevirtual getByteBuffer {reexecute=0 rethrow=0 return_oop=1}
                      ; - java.net.URLClassLoader::defineClass@132
                      ; - java.net.URLClassLoader$1::run@43
                      ; - java.net.URLClassLoader$1::run@1
                      ; - java.security.AccessController::executePrivileged@29
                      ; - java.security.AccessController::doPrivileged@13
                      ; - java.net.URLClassLoader::findClass@13
  0x000001fd4fe50f80: bcee 1200 

  0x000001fd4fe50f84: ;   {other}
  0x000001fd4fe50f84: 0f1f 8400 | 741f 0015 | 4885 c00f | 850f 4700 | 0048 8b54 | 2430 448b 

  0x000001fd4fe50f9c: ;   {metadata('jdk/internal/loader/URLClassPath$JarLoader$2')}
  0x000001fd4fe50f9c: 5208 4181 | fa30 2421 | 000f 858c | 1c00 0048 | 8954 2430 

  0x000001fd4fe50fb0: ;   {optimized virtual_call}
  0x000001fd4fe50fb0: c5f8 77e8 

  0x000001fd4fe50fb4: ; ImmutableOopMap {[32]=Oop [40]=Oop [48]=Oop [56]=Oop [64]=Oop [96]=Oop [104]=Oop [136]=NarrowOop }
                      ;*invokevirtual getBytes {reexecute=0 rethrow=0 return_oop=1}
                      ; - java.net.URLClassLoader::defineClass@179
                      ; - java.net.URLClassLoader$1::run@43
                      ; - java.net.URLClassLoader$1::run@1
                      ; - java.security.AccessController::executePrivileged@29
                      ; - java.security.AccessController::doPrivileged@13
                      ; - java.net.URLClassLoader::findClass@13
  0x000001fd4fe50fb4: a851 0300 

  0x000001fd4fe50fb8: ;   {other}
  0x000001fd4fe50fb8: 0f1f 8400 | a81f 0016 | 4889 4424 | 584c 8b5c | 2440 458b 

  0x000001fd4fe50fcc: ;   {metadata('jdk/internal/loader/URLClassPath$JarLoader$2')}
  0x000001fd4fe50fcc: 5308 4181 | fa30 2421 | 000f 8527 | 1c00 0049 | 8bd3 4c8b | 5424 604c | 8954 2430 

  0x000001fd4fe50fe8: ;   {optimized virtual_call}
  0x000001fd4fe50fe8: c5f8 77e8 

  0x000001fd4fe50fec: ; ImmutableOopMap {[32]=Oop [40]=Oop [48]=Oop [64]=Oop [88]=Oop [96]=Oop [104]=Oop [136]=NarrowOop }
                      ;*invokevirtual getCodeSigners {reexecute=0 rethrow=0 return_oop=1}
                      ; - java.net.URLClassLoader::defineClass@185
                      ; - java.net.URLClassLoader$1::run@43
                      ; - java.net.URLClassLoader$1::run@1
                      ; - java.security.AccessController::executePrivileged@29
                      ; - java.security.AccessController::doPrivileged@13
                      ; - java.net.URLClassLoader::findClass@13
  0x000001fd4fe50fec: 70d1 d9ff 

  0x000001fd4fe50ff0: ;   {other}
  0x000001fd4fe50ff0: 0f1f 8400 | e01f 0017 | 4c8b 5c24 | 4048 8be8 | 498b 87b8 | 0100 004c | 8bd0 4983 | c228 4d3b 
  0x000001fd4fe51010: 97c8 0100 | 000f 83e5 | 2600 004d | 8997 b801 | 0000 410f | 0d8a c000 | 0000 48c7 | 0001 0000 
  0x000001fd4fe51030: ;   {metadata('java/security/CodeSource')}
  0x000001fd4fe51030: 00c7 4008 | 285c 0000 | 4489 600c | 4c89 6010 | 4c89 6018 | 4c89 6020 | 4c89 5c24 | 4048 8944 
  0x000001fd4fe51050: 2450 488b | d04c 8b44 | 2420 4c8b | cd4c 8b54 | 2460 4c89 | 5424 2090 

  0x000001fd4fe51068: ;   {optimized virtual_call}
  0x000001fd4fe51068: c5f8 77e8 

  0x000001fd4fe5106c: ; ImmutableOopMap {[32]=Oop [40]=Oop [64]=Oop [80]=Oop [88]=Oop [96]=Oop [104]=Oop }
                      ;*invokespecial <init> {reexecute=0 rethrow=0 return_oop=0}
                      ; - java.net.URLClassLoader::defineClass@198
                      ; - java.net.URLClassLoader$1::run@43
                      ; - java.net.URLClassLoader$1::run@1
                      ; - java.security.AccessController::executePrivileged@29
                      ; - java.security.AccessController::doPrivileged@13
                      ; - java.net.URLClassLoader::findClass@13
  0x000001fd4fe5106c: f066 f0ff 

  0x000001fd4fe51070: ;   {other}
  0x000001fd4fe51070: 0f1f 8400 | 6020 0018 

  0x000001fd4fe51078: ;   {oop(a 'jdk/internal/perf/PerfCounter'{0x000000008044f0b8})}
  0x000001fd4fe51078: 48ba b8f0 | 4480 0000 | 0000 4c8b | 4424 7090 

  0x000001fd4fe51088: ;   {optimized virtual_call}
  0x000001fd4fe51088: c5f8 77e8 

  0x000001fd4fe5108c: ; ImmutableOopMap {[32]=Oop [40]=Oop [64]=Oop [80]=Oop [88]=Oop [96]=Oop [104]=Oop }
                      ;*invokevirtual addElapsedTimeFrom {reexecute=0 rethrow=0 return_oop=0}
                      ; - java.net.URLClassLoader::defineClass@207
                      ; - java.net.URLClassLoader$1::run@43
                      ; - java.net.URLClassLoader$1::run@1
                      ; - java.security.AccessController::executePrivileged@29
                      ; - java.security.AccessController::doPrivileged@13
                      ; - java.net.URLClassLoader::findClass@13
  0x000001fd4fe5108c: b072 ecff 

  0x000001fd4fe51090: ;   {other}
  0x000001fd4fe51090: 0f1f 8400 | 8020 0019 | 4c8b 4c24 | 5841 8b71 | 0c48 8b54 | 2468 4c8b | 4424 2033 | ff48 8b4c 
  0x000001fd4fe510b0: 2450 6690 

  0x000001fd4fe510b4: ;   {optimized virtual_call}
  0x000001fd4fe510b4: c5f8 77e8 

  0x000001fd4fe510b8: ; ImmutableOopMap {[32]=Oop [40]=Oop [64]=Oop [96]=Oop [104]=Oop }
                      ;*invokevirtual defineClass {reexecute=0 rethrow=0 return_oop=1}
                      ; - java.net.URLClassLoader::defineClass@220
                      ; - java.net.URLClassLoader$1::run@43
                      ; - java.net.URLClassLoader$1::run@1
                      ; - java.security.AccessController::executePrivileged@29
                      ; - java.security.AccessController::doPrivileged@13
                      ; - java.net.URLClassLoader::findClass@13
  0x000001fd4fe510b8: 242f dcff 

  0x000001fd4fe510bc: ;   {other}
  0x000001fd4fe510bc: 0f1f 8400 | ac20 001a | 4885 c075 | 7649 8b87 | b801 0000 | 4c8b d049 | 83c2 284d | 3b97 c801 
  0x000001fd4fe510dc: 0000 0f83 | 7424 0000 | 4d89 97b8 | 0100 0041 | 0f0d 8ac0 | 0000 0048 | c700 0100 

  0x000001fd4fe510f8: ;   {metadata('java/lang/ClassNotFoundException')}
  0x000001fd4fe510f8: 0000 c740 | 0888 9306 | 0044 8960 | 0c4c 8960 | 104c 8960 | 184c 8960 | 2048 8be8 | 488b d54c 
  0x000001fd4fe51118: 8b44 2460 

  0x000001fd4fe5111c: ;   {optimized virtual_call}
  0x000001fd4fe5111c: c5f8 77e8 

  0x000001fd4fe51120: ; ImmutableOopMap {rbp=Oop }
                      ;*invokespecial <init> {reexecute=0 rethrow=0 return_oop=0}
                      ; - java.net.URLClassLoader::findClass@41
  0x000001fd4fe51120: 5cbd efff 

  0x000001fd4fe51124: ;   {other}
  0x000001fd4fe51124: 0f1f 8400 | 1421 001b | 488b d5c5 | f877 4881 | c4e0 0000 

  0x000001fd4fe51138: ;   {runtime_call _rethrow_Java}
  0x000001fd4fe51138: 005d e9c1 | a28e ffc5 | f877 4881 | c4e0 0000 

  0x000001fd4fe51148: ;   {poll_return}
  0x000001fd4fe51148: 005d 493b | a750 0400 | 000f 8760 | 7700 00c3 | 498b 87b8 | 0100 004c | 8bd0 4983 | c218 4d3b 
  0x000001fd4fe51168: 97c8 0100 | 000f 831c | 3500 004d | 8997 b801 | 0000 410f | 0d8a c000 | 0000 48c7 | 0001 0000 
  0x000001fd4fe51188: ;   {metadata('java/lang/String')}
  0x000001fd4fe51188: 00c7 4008 | 78e8 0000 | 4489 600c | 4489 6010 

  0x000001fd4fe51198: ;   {oop([B{0x000000008043dbd0})}
  0x000001fd4fe51198: c740 14d0 

  0x000001fd4fe5119c: ;   {oop(".class"{0x000000008043dbb8})}
  0x000001fd4fe5119c: db43 8049 | bab8 db43 | 8000 0000 | 0045 8b5a | 0c44 8958 | 0c45 0fb6 | 5a11 4488 | 5811 4889 
  0x000001fd4fe511bc: 4424 50e9 | 2eee ffff | bf2f 0000 | 00e9 26eb | ffff 450f | b658 1145 | 85db 0f85 | 1322 0000 
  0x000001fd4fe511dc: 458b 5814 | 498b ea49 | 8bd3 4180 | 7810 000f | 851a 2700 | 0044 8954 | 2424 4c8b | 9424 a000 
  0x000001fd4fe511fc: 0000 4c89 | 5424 504c | 8b94 2480 | 0000 004c | 8954 2448 | 48ff b424 | c800 0000 | 488f 4424 
  0x000001fd4fe5121c: 3848 8974 | 2430 448b | 9c24 8800 | 0000 4489 | 5c24 204c | 896c 2440 | 4c8b 5424 | 604c 8954 
  0x000001fd4fe5123c: 2458 6690 

  0x000001fd4fe51240: ;   {static_call}
  0x000001fd4fe51240: c5f8 77e8 

  0x000001fd4fe51244: ; ImmutableOopMap {rbp=Oop [32]=NarrowOop [36]=NarrowOop [40]=Oop [48]=Oop [56]=Oop [64]=Oop [72]=Oop [80]=Oop [88]=Oop [96]=Oop [104]=Oop }
                      ;*invokestatic hashCode {reexecute=0 rethrow=0 return_oop=0}
                      ; - java.lang.String::hashCode@27
                      ; - java.util.concurrent.ConcurrentHashMap::get@1
                      ; - java.lang.ClassLoader::getDefinedPackage@13
                      ; - java.net.URLClassLoader::getAndVerifyPackage@2
                      ; - java.net.URLClassLoader::defineClass@46
                      ; - java.net.URLClassLoader$1::run@43
                      ; - java.net.URLClassLoader$1::run@1
                      ; - java.security.AccessController::executePrivileged@29
                      ; - java.security.AccessController::doPrivileged@13
                      ; - java.net.URLClassLoader::findClass@13
  0x000001fd4fe51244: 78e2 d9ff 

  0x000001fd4fe51248: ;   {other}
  0x000001fd4fe51248: 0f1f 8400 | 3822 001c | 85c0 0f84 | 1527 0000 | 4c8b 4424 | 3841 8940 | 0c4c 8b74 | 2468 4c8b 
  0x000001fd4fe51268: 6c24 4044 | 8b54 2420 | 4489 9424 | 8800 0000 | 4c8b 5424 | 484c 8994 | 2480 0000 | 004c 8b54 
  0x000001fd4fe51288: 2450 4c89 | 9424 a000 | 0000 448b | 5424 2448 | 8b74 2430 | e95f f5ff | ff4c 8b54 | 2460 4c89 
  0x000001fd4fe512a8: 9424 c800 | 0000 e936 | f3ff ff85 | c90f 8577 | 2100 0049 | 8bd3 498b | ea41 8078 | 1000 0f85 
  0x000001fd4fe512c8: e530 0000 | 4489 5424 | 5844 894c | 2424 4c8b | 9424 a000 | 0000 4c89 | 5424 504c | 8b94 2480 
  0x000001fd4fe512e8: 0000 004c | 8954 2448 | 4c89 4424 | 3848 8974 | 2430 448b | 9c24 8800 | 0000 4489 | 5c24 204c 
  0x000001fd4fe51308: 896c 2440 | 4c89 7424 | 6866 6690 

  0x000001fd4fe51314: ;   {static_call}
  0x000001fd4fe51314: c5f8 77e8 

  0x000001fd4fe51318: ; ImmutableOopMap {rbp=Oop [32]=NarrowOop [36]=NarrowOop [40]=Oop [48]=Oop [56]=Oop [64]=Oop [72]=Oop [80]=Oop [88]=NarrowOop [96]=Oop [104]=Oop }
                      ;*invokestatic hashCode {reexecute=0 rethrow=0 return_oop=0}
                      ; - java.lang.String::hashCode@27
                      ; - java.util.concurrent.ConcurrentHashMap::get@1
                      ; - java.lang.ClassLoader::definePackage@47
                      ; - java.lang.ClassLoader::getDefinedPackage@32
                      ; - java.net.URLClassLoader::getAndVerifyPackage@2
                      ; - java.net.URLClassLoader::defineClass@46
                      ; - java.net.URLClassLoader$1::run@43
                      ; - java.net.URLClassLoader$1::run@1
                      ; - java.security.AccessController::executePrivileged@29
                      ; - java.security.AccessController::doPrivileged@13
                      ; - java.net.URLClassLoader::findClass@13
  0x000001fd4fe51318: 64dd 81ff 

  0x000001fd4fe5131c: ;   {other}
  0x000001fd4fe5131c: 0f1f 8400 | 0c23 001d | 85c0 0f84 | e130 0000 | 4c8b 4424 | 3841 8940 | 0c4c 8b74 | 2468 4c8b 
  0x000001fd4fe5133c: 6c24 4044 | 8b54 2420 | 4489 9424 | 8800 0000 | 4c8b 5424 | 484c 8994 | 2480 0000 | 004c 8b54 
  0x000001fd4fe5135c: 2450 4c89 | 9424 a000 | 0000 448b | 4c24 2444 | 8b54 2458 | 488b 7424 | 30e9 7df7 | ffff b92f 
  0x000001fd4fe5137c: 0000 00e9 | 6eea ffff | 33c0 e9ad | edff ff4c | 8944 2438 | 4c8b 9424 | 8000 0000 | 4c89 5424 
  0x000001fd4fe5139c: 7848 8974 | 2430 448b | 9c24 8800 | 0000 4489 | 5c24 584c | 896c 2440 | 498b d04c | 8b54 2460 
  0x000001fd4fe513bc: 4c89 5424 | 5048 8b6c | 2450 6690 

  0x000001fd4fe513c8: ;   {optimized virtual_call}
  0x000001fd4fe513c8: c5f8 77e8 

  0x000001fd4fe513cc: ; ImmutableOopMap {rbp=Oop [40]=Oop [48]=Oop [56]=Oop [64]=Oop [80]=Oop [88]=NarrowOop [96]=Oop [104]=Oop [120]=Oop [200]=Oop }
                      ;*invokevirtual getManEntry {reexecute=0 rethrow=0 return_oop=1}
                      ; - java.util.jar.JarFile::getManifestFromReference@27
                      ; - java.util.jar.JarFile::getManifest@1
                      ; - jdk.internal.loader.URLClassPath$JarLoader$2::getManifest@22
                      ; - java.net.URLClassLoader::defineClass@34
                      ; - java.net.URLClassLoader$1::run@43
                      ; - java.net.URLClassLoader$1::run@1
                      ; - java.security.AccessController::executePrivileged@29
                      ; - java.security.AccessController::doPrivileged@13
                      ; - java.net.URLClassLoader::findClass@13
  0x000001fd4fe513cc: b0a5 cbf7 

  0x000001fd4fe513d0: ;   {other}
  0x000001fd4fe513d0: 0f1f 8400 | c023 001e | 4885 c00f | 8425 1f00 | 004c 8b44 | 2438 450f | b650 1245 | 85d2 0f85 
  0x000001fd4fe513f0: 7102 0000 | 498b e849 | 8bd0 4c8b | c066 6690 

  0x000001fd4fe51400: ;   {optimized virtual_call}
  0x000001fd4fe51400: c5f8 77e8 

  0x000001fd4fe51404: ; ImmutableOopMap {rbp=Oop [40]=Oop [48]=Oop [64]=Oop [80]=Oop [88]=NarrowOop [96]=Oop [104]=Oop [120]=Oop [200]=Oop }
                      ;*invokespecial getInputStream {reexecute=0 rethrow=0 return_oop=1}
                      ; - java.util.jar.JarFile::getManifestFromReference@130
                      ; - java.util.jar.JarFile::getManifest@1
                      ; - jdk.internal.loader.URLClassPath$JarLoader$2::getManifest@22
                      ; - java.net.URLClassLoader::defineClass@34
                      ; - java.net.URLClassLoader$1::run@43
                      ; - java.net.URLClassLoader$1::run@1
                      ; - java.security.AccessController::executePrivileged@29
                      ; - java.security.AccessController::doPrivileged@13
                      ; - java.net.URLClassLoader::findClass@13
  0x000001fd4fe51404: 184a f6ff 

  0x000001fd4fe51408: ;   {other}
  0x000001fd4fe51408: 0f1f 8400 | f823 001f | 4889 4424 | 3849 8b87 | b801 0000 | 4c8b d049 | 83c2 184d | 3b97 c801 
  0x000001fd4fe51428: 0000 0f83 | 0438 0000 | 4d89 97b8 | 0100 0041 | 0f0d 8ac0 | 0000 0048 | c700 0100 

  0x000001fd4fe51444: ;   {metadata('java/util/jar/Manifest')}
  0x000001fd4fe51444: 0000 c740 | 08a0 e104 | 0044 8960 | 0c4c 8960 | 104c 8bd8 | 4c8b c541 | 8b48 1449 | 8baf b801 
  0x000001fd4fe51464: 0000 4c8b | d549 83c2 | 104d 3b97 | c801 0000 | 0f83 e337 | 0000 4d89 | 97b8 0100 | 0041 0f0d 
  0x000001fd4fe51484: 8ac0 0000 | 0048 c745 | 0001 0000 

  0x000001fd4fe51490: ;   {metadata('java/util/jar/Attributes')}
  0x000001fd4fe51490: 00c7 4508 | 4088 1600 | 4489 650c | 4c89 4424 | 504c 895c | 2448 894c | 245c ba10 | 0000 0090 
  0x000001fd4fe514b0: ;   {static_call}
  0x000001fd4fe514b0: c5f8 77e8 

  0x000001fd4fe514b4: ; ImmutableOopMap {rbp=Oop [40]=Oop [48]=Oop [56]=Oop [64]=Oop [72]=Oop [80]=Oop [88]=NarrowOop [92]=NarrowOop [96]=Oop [104]=Oop [120]=Oop [200]=Oop }
                      ;*invokestatic newLinkedHashMap {reexecute=0 rethrow=0 return_oop=1}
                      ; - java.util.jar.Attributes::<init>@6
                      ; - java.util.jar.Attributes::<init>@3
                      ; - java.util.jar.Manifest::<init>@9
                      ; - java.util.jar.Manifest::<init>@4
                      ; - java.util.jar.JarFile::getManifestFromReference@143
                      ; - java.util.jar.JarFile::getManifest@1
                      ; - jdk.internal.loader.URLClassPath$JarLoader$2::getManifest@22
                      ; - java.net.URLClassLoader::defineClass@34
                      ; - java.net.URLClassLoader$1::run@43
                      ; - java.net.URLClassLoader$1::run@1
                      ; - java.security.AccessController::executePrivileged@29
                      ; - java.security.AccessController::doPrivileged@13
                      ; - java.net.URLClassLoader::findClass@13
  0x000001fd4fe514b4: e83f 63f8 

  0x000001fd4fe514b8: ;   {other}
  0x000001fd4fe514b8: 0f1f 8400 | a824 0020 | 488b f841 | 807f 4000 | 0f85 0030 | 0000 4c8b | df4d 8bd3 | 4489 550c 
  0x000001fd4fe514d8: 4d8b d34c | 8bdd 4d33 | d348 8bdd | 49c1 ea14 | 448b 4c24 | 5c4d 8bc1 | 4c89 8424 | 8000 0000 
  0x000001fd4fe514f8: 4d85 d274 | 1f48 85ff | 741a 49c1 | eb09 48b9 | 0000 e457 | fd01 0000 | 4903 cb80 | 3902 0f85 
  0x000001fd4fe51518: c930 0000 | 4180 7f40 | 000f 856a | 2f00 004c | 8b44 2448 | 4189 580c | 4c8b d54d | 8bd8 4d33 
  0x000001fd4fe51538: d349 c1ea | 144d 85d2 | 741a 49c1 | eb09 48b9 | 0000 e457 | fd01 0000 | 4903 cb80 | 3902 0f85 
  0x000001fd4fe51558: db2f 0000 | 4d8b 8fb8 | 0100 004d | 8bd1 4983 | c230 4d3b | 97c8 0100 | 000f 831d | 3700 004d 
  0x000001fd4fe51578: 8997 b801 | 0000 410f | 0d8a c000 | 0000 49c7 | 0101 0000 

  0x000001fd4fe5158c: ;   {metadata('java/util/HashMap')}
  0x000001fd4fe5158c: 0041 c741 | 0868 a908 | 0045 8961 | 0c4d 8961 | 104d 8961 | 184d 8961 | 2849 c741 | 2000 0040 
  0x000001fd4fe515ac: 3f41 807f | 4000 0f85 | a62e 0000 | 4d8b d945 | 8958 104d | 8bd0 4d8b | d94d 33da | 49c1 eb14 
  0x000001fd4fe515cc: 4d85 db74 | 1a49 c1ea | 0948 b900 | 00e4 57fd | 0100 0049 | 03ca 8039 | 020f 85a3 | 2f00 0049 
  0x000001fd4fe515ec: 8be8 498b | d04c 8b44 | 2438 4c8b | 8c24 8000 | 0000 4c8b | 5424 604c | 8954 2448 

  0x000001fd4fe51608: ;   {optimized virtual_call}
  0x000001fd4fe51608: c5f8 77e8 

  0x000001fd4fe5160c: ; ImmutableOopMap {rbp=Oop [40]=Oop [48]=Oop [56]=Oop [64]=Oop [72]=Oop [80]=Oop [88]=NarrowOop [96]=Oop [104]=Oop [120]=Oop [200]=Oop }
                      ;*invokevirtual read {reexecute=0 rethrow=0 return_oop=0}
                      ; - java.util.jar.Manifest::<init>@29
                      ; - java.util.jar.Manifest::<init>@4
                      ; - java.util.jar.JarFile::getManifestFromReference@143
                      ; - java.util.jar.JarFile::getManifest@1
                      ; - jdk.internal.loader.URLClassPath$JarLoader$2::getManifest@22
                      ; - java.net.URLClassLoader::defineClass@34
                      ; - java.net.URLClassLoader$1::run@43
                      ; - java.net.URLClassLoader$1::run@1
                      ; - java.security.AccessController::executePrivileged@29
                      ; - java.security.AccessController::doPrivileged@13
                      ; - java.net.URLClassLoader::findClass@13
  0x000001fd4fe5160c: 1096 d6f7 

  0x000001fd4fe51610: ;   {other}
  0x000001fd4fe51610: 0f1f 8400 | 0026 0021 | 4180 7f40 | 000f 85de | 2e00 004c | 8bd5 4589 | 6214 4c8b | 5c24 3845 
  0x000001fd4fe51630: ;   {metadata('java/util/zip/ZipFile$ZipFileInflaterInputStream')}
  0x000001fd4fe51630: 8b4b 0841 | 81f9 c0a4 | 3100 0f85 | ea48 0000 | 498b ea49 | 8bd3 4c8b | 5424 484c | 8954 2438 
  0x000001fd4fe51650: ;   {optimized virtual_call}
  0x000001fd4fe51650: c5f8 77e8 

  0x000001fd4fe51654: ; ImmutableOopMap {rbp=Oop [40]=Oop [48]=Oop [56]=Oop [64]=Oop [80]=Oop [88]=NarrowOop [96]=Oop [104]=Oop [120]=Oop [200]=Oop }
                      ;*invokevirtual close {reexecute=0 rethrow=0 return_oop=0}
                      ; - java.util.jar.JarFile::getManifestFromReference@152
                      ; - java.util.jar.JarFile::getManifest@1
                      ; - jdk.internal.loader.URLClassPath$JarLoader$2::getManifest@22
                      ; - java.net.URLClassLoader::defineClass@34
                      ; - java.net.URLClassLoader$1::run@43
                      ; - java.net.URLClassLoader$1::run@1
                      ; - java.security.AccessController::executePrivileged@29
                      ; - java.security.AccessController::doPrivileged@13
                      ; - java.net.URLClassLoader::findClass@13
  0x000001fd4fe51654: 08ce f5ff 

  0x000001fd4fe51658: ;   {other}
  0x000001fd4fe51658: 0f1f 8400 | 4826 0022 | e92c 0c00 | 0048 8944 | 2438 498b | e849 8bd0 | 4c8b c04c | 8b54 2450 
  0x000001fd4fe51678: 4c89 5424 | 4866 6690 

  0x000001fd4fe51680: ;   {optimized virtual_call}
  0x000001fd4fe51680: c5f8 77e8 

  0x000001fd4fe51684: ; ImmutableOopMap {rbp=Oop [40]=Oop [48]=Oop [56]=Oop [64]=Oop [72]=Oop [88]=NarrowOop [96]=Oop [104]=Oop [120]=Oop [200]=Oop }
                      ;*invokevirtual getBytes {reexecute=0 rethrow=0 return_oop=1}
                      ; - java.util.jar.JarFile::getManifestFromReference@44
                      ; - java.util.jar.JarFile::getManifest@1
                      ; - jdk.internal.loader.URLClassPath$JarLoader$2::getManifest@22
                      ; - java.net.URLClassLoader::defineClass@34
                      ; - java.net.URLClassLoader$1::run@43
                      ; - java.net.URLClassLoader$1::run@1
                      ; - java.security.AccessController::executePrivileged@29
                      ; - java.security.AccessController::doPrivileged@13
                      ; - java.net.URLClassLoader::findClass@13
  0x000001fd4fe51684: f8d3 81ff 

  0x000001fd4fe51688: ;   {other}
  0x000001fd4fe51688: 0f1f 8400 | 7826 0023 | 4889 8424 | 8000 0000 | 4c8b dd41 | 0fb6 6b11 | 85ed 0f85 | 5049 0000 
  0x000001fd4fe516a8: 4c89 9c24 | 8800 0000 | 498b d348 | 8b6c 2448 

  0x000001fd4fe516b8: ;   {optimized virtual_call}
  0x000001fd4fe516b8: c5f8 77e8 

  0x000001fd4fe516bc: ; ImmutableOopMap {rbp=Oop [40]=Oop [48]=Oop [56]=Oop [64]=Oop [88]=NarrowOop [96]=Oop [104]=Oop [120]=Oop [128]=Oop [136]=Oop [200]=Oop }
                      ;*invokevirtual getManifestNum {reexecute=0 rethrow=0 return_oop=0}
                      ; - java.util.zip.ZipFile$1::getManifestNum@1
                      ; - java.util.jar.JarFile::getManifestFromReference@59
                      ; - java.util.jar.JarFile::getManifest@1
                      ; - jdk.internal.loader.URLClassPath$JarLoader$2::getManifest@22
                      ; - java.net.URLClassLoader::defineClass@34
                      ; - java.net.URLClassLoader$1::run@43
                      ; - java.net.URLClassLoader$1::run@1
                      ; - java.security.AccessController::executePrivileged@29
                      ; - java.security.AccessController::doPrivileged@13
                      ; - java.net.URLClassLoader::findClass@13
  0x000001fd4fe516bc: c0d3 81ff 

  0x000001fd4fe516c0: ;   {other}
  0x000001fd4fe516c0: 0f1f 8400 | b026 0024 | 83f8 010f | 8573 4900 | 004d 8b9f | b801 0000 | 4d8b d349 | 83c2 404d 
  0x000001fd4fe516e0: 3b97 c801 | 0000 0f83 | b032 0000 | 4d89 97b8 | 0100 0041 | 0f0d 8ac0 | 0000 0049 | c703 0100 
  0x000001fd4fe51700: ;   {metadata('java/util/jar/JarVerifier')}
  0x000001fd4fe51700: 0000 41c7 | 4308 789e | 1600 4589 | 630c 4d89 | 6310 4d89 | 6318 4d89 | 6320 4d89 | 6328 4d89 
  0x000001fd4fe51720: 6330 4d89 | 6338 4c8b | 5424 3845 

  0x000001fd4fe5172c: ;   {metadata('java/util/jar/JarFile$JarFileEntry')}
  0x000001fd4fe5172c: 8b42 0841 | 81f8 d032 | 3100 0f85 | ec45 0000 | 41c6 430e | 0145 8b52 | 6045 8953 | 3041 c643 
  0x000001fd4fe5174c: 0d01 4d8b | c24d 8bcb | 498b db4d | 8bd8 4d33 | d94c 8b84 | 2480 0000 | 0041 8bf8 | 49c1 eb14 
  0x000001fd4fe5176c: 4d85 db74 | 1f45 85d2 | 741a 49c1 | e909 48b9 | 0000 e457 | fd01 0000 | 4903 c980 | 3902 0f85 
  0x000001fd4fe5178c: d22a 0000 | 4180 7f40 | 000f 85b0 | 2200 004c | 8bcb 448b | c745 8941 | 2c48 8b9c | 2480 0000 
  0x000001fd4fe517ac: 004c 8bd3 | 4d8b d94d | 33d3 49c1 | ea14 4d85 | d274 1f48 | 85db 741a | 49c1 eb09 | 48b9 0000 
  0x000001fd4fe517cc: e457 fd01 | 0000 4903 | cb80 3902 | 0f85 d52a | 0000 498b | afb8 0100 | 004c 8bd5 | 4983 c230 
  0x000001fd4fe517ec: 4d3b 97c8 | 0100 000f | 83c7 3100 | 004d 8997 | b801 0000 | 410f 0d8a | c000 0000 | 48c7 4500 
  0x000001fd4fe5180c: 0100 0000 

  0x000001fd4fe51810: ;   {metadata('java/util/Hashtable')}
  0x000001fd4fe51810: c745 08b8 | d300 0044 | 8965 0c4c | 8965 104c | 8965 184c | 8965 204c | 8965 284c | 898c 2490 
  0x000001fd4fe51830: 0000 0044 | 8944 2438 

  0x000001fd4fe51838: ;   {section_word}
  0x000001fd4fe51838: c5fa 1005 | c0e1 ffff | 4c8b 5424 | 604c 8954 | 2448 6690 

  0x000001fd4fe5184c: ;   {static_call}
  0x000001fd4fe5184c: c5f8 77e8 

  0x000001fd4fe51850: ; ImmutableOopMap {rbp=Oop [40]=Oop [48]=Oop [56]=NarrowOop [64]=Oop [72]=Oop [88]=NarrowOop [96]=Oop [104]=Oop [120]=Oop [128]=Oop [136]=Oop [144]=Oop [200]=Oop }
                      ;*invokestatic isNaN {reexecute=0 rethrow=0 return_oop=0}
                      ; - java.util.Hashtable::<init>@47
                      ; - java.util.Hashtable::<init>@5
                      ; - java.util.jar.JarVerifier::<init>@39
                      ; - java.util.jar.JarFile::getManifestFromReference@78
                      ; - java.util.jar.JarFile::getManifest@1
                      ; - jdk.internal.loader.URLClassPath$JarLoader$2::getManifest@22
                      ; - java.net.URLClassLoader::defineClass@34
                      ; - java.net.URLClassLoader$1::run@43
                      ; - java.net.URLClassLoader$1::run@1
                      ; - java.security.AccessController::executePrivileged@29
                      ; - java.security.AccessController::doPrivileged@13
                      ; - java.net.URLClassLoader::findClass@13
  0x000001fd4fe51850: 2cd8 81ff 

  0x000001fd4fe51854: ;   {other}
  0x000001fd4fe51854: 0f1f 8400 | 4428 0025 | 85c0 0f85 | 3845 0000 | c745 1400 | 0040 3f4d | 8b97 b801 | 0000 4d8b 
  0x000001fd4fe51874: da49 83c3 | 404d 3b9f | c801 0000 | 0f83 6e31 | 0000 4d89 | 9fb8 0100 | 0041 0f0d | 8bc0 0000 
  0x000001fd4fe51894: 0049 c702 | 0100 0000 | 410f 0d8b | 0001 0000 

  0x000001fd4fe518a4: ;   {metadata('java/util/Hashtable$Entry'[])}
  0x000001fd4fe518a4: 41c7 4208 | a87f 1300 | 410f 0d8b | 4001 0000 | 41c7 420c | 0b00 0000 | 410f 0d8b | 8001 0000 
  0x000001fd4fe518c4: 4d89 6210 | 4d89 6218 | 4d89 6220 | 4d89 6228 | 4d89 6230 | 4d89 6238 | 498b da41 | 807f 4000 
  0x000001fd4fe518e4: 0f85 d521 | 0000 4c8b | d34d 8bda | 4489 5d1c | 4c8b dd4d | 33d3 488b | fd49 c1ea | 144d 85d2 
  0x000001fd4fe51904: 741a 49c1 | eb09 48b9 | 0000 e457 | fd01 0000 | 4903 cb80 | 3902 0f85 | ce24 0000 | 4180 7f40 
  0x000001fd4fe51924: 000f 8559 | 2100 004c | 8b94 2490 | 0000 0041 | 897a 14c7 | 4510 0800 | 0000 4c8b | d54c 8b9c 
  0x000001fd4fe51944: 2490 0000 | 004d 33d3 | 49c1 ea14 | 4d85 d274 | 1a49 c1eb | 0948 b900 | 00e4 57fd | 0100 0049 
  0x000001fd4fe51964: 03cb 8039 | 020f 85d0 | 2400 0049 | 8baf b801 | 0000 4c8b | d549 83c2 | 304d 3b97 | c801 0000 
  0x000001fd4fe51984: 0f83 9230 | 0000 4d89 | 97b8 0100 | 0041 0f0d | 8ac0 0000 | 0048 c745 | 0001 0000 

  0x000001fd4fe519a0: ;   {metadata('java/util/Hashtable')}
  0x000001fd4fe519a0: 00c7 4508 | b8d3 0000 | 4489 650c | 4c89 6510 | 4c89 6518 | 4c89 6520 | 4c89 6528 

  0x000001fd4fe519bc: ;   {section_word}
  0x000001fd4fe519bc: c5fa 1005 | 3ce0 ffff | 4c8b 5424 | 604c 8954 | 2448 6690 

  0x000001fd4fe519d0: ;   {static_call}
  0x000001fd4fe519d0: c5f8 77e8 

  0x000001fd4fe519d4: ; ImmutableOopMap {rbp=Oop [40]=Oop [48]=Oop [56]=NarrowOop [64]=Oop [72]=Oop [88]=NarrowOop [96]=Oop [104]=Oop [120]=Oop [128]=Oop [136]=Oop [144]=Oop [200]=Oop }
                      ;*invokestatic isNaN {reexecute=0 rethrow=0 return_oop=0}
                      ; - java.util.Hashtable::<init>@47
                      ; - java.util.Hashtable::<init>@5
                      ; - java.util.jar.JarVerifier::<init>@50
                      ; - java.util.jar.JarFile::getManifestFromReference@78
                      ; - java.util.jar.JarFile::getManifest@1
                      ; - jdk.internal.loader.URLClassPath$JarLoader$2::getManifest@22
                      ; - java.net.URLClassLoader::defineClass@34
                      ; - java.net.URLClassLoader$1::run@43
                      ; - java.net.URLClassLoader$1::run@1
                      ; - java.security.AccessController::executePrivileged@29
                      ; - java.security.AccessController::doPrivileged@13
                      ; - java.net.URLClassLoader::findClass@13
  0x000001fd4fe519d4: a8d6 81ff 

  0x000001fd4fe519d8: ;   {other}
  0x000001fd4fe519d8: 0f1f 8400 | c829 0026 | 85c0 0f85 | fc43 0000 | c745 1400 | 0040 3f4d | 8b97 b801 | 0000 4d8b 
  0x000001fd4fe519f8: da49 83c3 | 404d 3b9f | c801 0000 | 0f83 3a30 | 0000 4d89 | 9fb8 0100 | 0041 0f0d | 8bc0 0000 
  0x000001fd4fe51a18: 0049 c702 | 0100 0000 | 410f 0d8b | 0001 0000 

  0x000001fd4fe51a28: ;   {metadata('java/util/Hashtable$Entry'[])}
  0x000001fd4fe51a28: 41c7 4208 | a87f 1300 | 410f 0d8b | 4001 0000 | 41c7 420c | 0b00 0000 | 410f 0d8b | 8001 0000 
  0x000001fd4fe51a48: 4d89 6210 | 4d89 6218 | 4d89 6220 | 4d89 6228 | 4d89 6230 | 4d89 6238 | 498b da41 | 807f 4000 
  0x000001fd4fe51a68: 0f85 8420 | 0000 4c8b | d344 8955 | 1c4c 8bd3 | 4c8b dd4d | 33d3 488b | dd49 c1ea | 144d 85d2 
  0x000001fd4fe51a88: 741a 49c1 | eb09 48b9 | 0000 e457 | fd01 0000 | 4903 cb80 | 3902 0f85 | 3d24 0000 | 4180 7f40 
  0x000001fd4fe51aa8: 000f 8576 | 2000 004c | 8b94 2490 | 0000 0041 | 895a 10c7 | 4510 0800 | 0000 4c8b | d54c 8b9c 
  0x000001fd4fe51ac8: 2490 0000 | 004d 33d3 | 49c1 ea14 | 4d85 d274 | 1a49 c1eb | 0948 b900 | 00e4 57fd | 0100 0049 
  0x000001fd4fe51ae8: 03cb 8039 | 020f 859d | 2300 0049 | 8baf b801 | 0000 4c8b | d549 83c2 | 304d 3b97 | c801 0000 
  0x000001fd4fe51b08: 0f83 5e2f | 0000 4d89 | 97b8 0100 | 0041 0f0d | 8ac0 0000 | 0048 c745 | 0001 0000 

  0x000001fd4fe51b24: ;   {metadata('java/util/Hashtable')}
  0x000001fd4fe51b24: 00c7 4508 | b8d3 0000 | 4489 650c | 4c89 6510 | 4c89 6518 | 4c89 6520 | 4c89 6528 

  0x000001fd4fe51b40: ;   {section_word}
  0x000001fd4fe51b40: c5fa 1005 | b8de ffff | 4c8b 5424 | 604c 8954 | 2448 6690 

  0x000001fd4fe51b54: ;   {static_call}
  0x000001fd4fe51b54: c5f8 77e8 

  0x000001fd4fe51b58: ; ImmutableOopMap {rbp=Oop [40]=Oop [48]=Oop [56]=NarrowOop [64]=Oop [72]=Oop [88]=NarrowOop [96]=Oop [104]=Oop [120]=Oop [128]=Oop [136]=Oop [144]=Oop [200]=Oop }
                      ;*invokestatic isNaN {reexecute=0 rethrow=0 return_oop=0}
                      ; - java.util.Hashtable::<init>@47
                      ; - java.util.Hashtable::<init>@4
                      ; - java.util.jar.JarVerifier::<init>@63
                      ; - java.util.jar.JarFile::getManifestFromReference@78
                      ; - java.util.jar.JarFile::getManifest@1
                      ; - jdk.internal.loader.URLClassPath$JarLoader$2::getManifest@22
                      ; - java.net.URLClassLoader::defineClass@34
                      ; - java.net.URLClassLoader$1::run@43
                      ; - java.net.URLClassLoader$1::run@1
                      ; - java.security.AccessController::executePrivileged@29
                      ; - java.security.AccessController::doPrivileged@13
                      ; - java.net.URLClassLoader::findClass@13
  0x000001fd4fe51b58: 24d5 81ff 

  0x000001fd4fe51b5c: ;   {other}
  0x000001fd4fe51b5c: 0f1f 8400 | 4c2b 0027 | 85c0 0f85 | c042 0000 | c745 1400 | 0040 3f4d | 8b97 b801 | 0000 4d8b 
  0x000001fd4fe51b7c: da49 83c3 | 404d 3b9f | c801 0000 | 0f83 a62f | 0000 4d89 | 9fb8 0100 | 0041 0f0d | 8bc0 0000 
  0x000001fd4fe51b9c: 0049 c702 | 0100 0000 | 410f 0d8b | 0001 0000 

  0x000001fd4fe51bac: ;   {metadata('java/util/Hashtable$Entry'[])}
  0x000001fd4fe51bac: 41c7 4208 | a87f 1300 | 410f 0d8b | 4001 0000 | 41c7 420c | 0b00 0000 | 410f 0d8b | 8001 0000 
  0x000001fd4fe51bcc: 4d89 6210 | 4d89 6218 | 4d89 6220 | 4d89 6228 | 4d89 6230 | 4d89 6238 | 4180 7f40 | 000f 8568 
  0x000001fd4fe51bec: 2000 004d | 8bc2 4489 | 451c 4c8b | 9c24 9000 | 0000 4489 | 5c24 5c48 | 8bfd 4c8b | dd4d 33d3 
  0x000001fd4fe51c0c: 49c1 ea14 | 4d85 d274 | 1a49 c1eb | 0948 b900 | 00e4 57fd | 0100 0049 | 03cb 8039 | 020f 859e 
  0x000001fd4fe51c2c: 2400 0041 | 807f 4000 | 0f85 5220 | 0000 4c8b | 9424 9000 | 0000 4189 | 7a18 c745 | 1008 0000 
  0x000001fd4fe51c4c: 004c 8bd5 | 4c8b 9c24 | 9000 0000 | 4d33 d349 | c1ea 144d | 85d2 741a | 49c1 eb09 | 48b9 0000 
  0x000001fd4fe51c6c: e457 fd01 | 0000 4903 | cb80 3902 | 0f85 f124 | 0000 4d8b | 97b8 0100 | 004d 8bda | 4983 c318 
  0x000001fd4fe51c8c: 4d3b 9fc8 | 0100 000f | 83c3 2e00 | 004d 899f | b801 0000 | 410f 0d8b | c000 0000 

  0x000001fd4fe51ca8: ;   {no_reloc}
  0x000001fd4fe51ca8: 49c7 0201 

  0x000001fd4fe51cac: ;   {metadata('java/util/ArrayList')}
  0x000001fd4fe51cac: 0000 0041 | c742 08d0 | 890b 0045 | 8962 0c45 

  0x000001fd4fe51cbc: ;   {oop(a 'java/lang/Object'[0] {0x00000000800fcbb8})}
  0x000001fd4fe51cbc: 8962 1041 | c742 14b8 | cb0f 8041 | 807f 4000 | 0f85 f51f | 0000 4d8b | da4c 8b84 | 2490 0000 
  0x000001fd4fe51cdc: 0045 8958 | 1c4d 8bd8 | 4d33 d349 | c1ea 144d | 85d2 741a | 49c1 eb09 | 48b9 0000 | e457 fd01 
  0x000001fd4fe51cfc: 0000 4903 | cb80 3902 | 0f85 1424 | 0000 4d8b | 9fb8 0100 | 004d 8bd3 | 4983 c218 | 4d3b 97c8 
  0x000001fd4fe51d1c: 0100 000f | 83c0 2d00 | 004d 8997 | b801 0000 | 410f 0d8a | c000 0000 | 49c7 0301 

  0x000001fd4fe51d38: ;   {metadata('java/io/ByteArrayOutputStream')}
  0x000001fd4fe51d38: 0000 0041 | c743 08a0 | 0022 0045 | 8963 0c4d | 8963 1049 | 8beb 498b | 87b8 0100 | 004c 8bd0 
  0x000001fd4fe51d58: 4983 c230 | 4d3b 97c8 | 0100 000f | 8343 2e00 | 004d 8997 | b801 0000 | 410f 0d8a | c000 0000 
  0x000001fd4fe51d78: 48c7 0001 | 0000 0041 | 0f0d 8a00 

  0x000001fd4fe51d84: ;   {metadata({type array byte})}
  0x000001fd4fe51d84: 0100 00c7 | 4008 1823 | 0000 410f | 0d8a 4001 | 0000 c740 | 0c20 0000 | 0041 0f0d | 8a80 0100 
  0x000001fd4fe51da4: 004c 8960 | 104c 8960 | 184c 8960 | 204c 8960 | 2848 8bfd | 4c8b d04c | 8bdd 4589 | 5310 4c8b 
  0x000001fd4fe51dc4: d04d 33d3 | 49c1 ea14 | 4d85 d274 | 1a49 c1eb | 0948 b900 | 00e4 57fd | 0100 0049 | 03cb 8039 
  0x000001fd4fe51de4: 020f 8591 | 2200 0041 | 807f 4000 | 0f85 e51d | 0000 4c8b | 9424 9000 | 0000 4189 | 7a24 4c8b 
  0x000001fd4fe51e04: d54c 8b9c | 2490 0000 | 004d 33d3 | 49c1 ea14 | 4d85 d274 | 1a49 c1eb | 0948 b900 | 00e4 57fd 
  0x000001fd4fe51e24: 0100 0049 | 03cb 8039 | 020f 85ff | 2000 004d | 8b97 b801 | 0000 4d8b | da49 83c3 | 184d 3b9f 
  0x000001fd4fe51e44: c801 0000 | 0f83 be2c | 0000 4d89 | 9fb8 0100 | 0041 0f0d | 8bc0 0000 | 0049 c702 | 0100 0000 
  0x000001fd4fe51e64: ;   {metadata('java/util/ArrayList')}
  0x000001fd4fe51e64: 41c7 4208 | d089 0b00 | 4589 620c | 4589 6210 

  0x000001fd4fe51e74: ;   {oop(a 'java/lang/Object'[0] {0x00000000800fcbb8})}
  0x000001fd4fe51e74: 41c7 4214 | b8cb 0f80 | 4180 7f40 | 000f 85d9 | 1c00 004d | 8bda 4c8b | 8424 9000 | 0000 4589 
  0x000001fd4fe51e94: 5834 4d8b | d84d 33d3 | 49c1 ea14 | 4d85 d274 | 1a49 c1eb | 0948 b900 | 00e4 57fd | 0100 0049 
  0x000001fd4fe51eb4: 03cb 8039 | 020f 856c | 2100 004d | 8b97 b801 | 0000 4d8b | da49 83c3 | 304d 3b9f | c801 0000 
  0x000001fd4fe51ed4: 0f83 aa2c | 0000 4d89 | 9fb8 0100 | 0041 0f0d | 8bc0 0000 | 0049 c702 | 0100 0000 

  0x000001fd4fe51ef0: ;   {metadata('java/util/HashMap')}
  0x000001fd4fe51ef0: 41c7 4208 | 68a9 0800 | 4589 620c | 4d89 6210 | 4d89 6218 | 4d89 6228 | 49c7 4220 | 0000 403f 
  0x000001fd4fe51f10: 4180 7f40 | 000f 8582 | 1c00 0049 | 8bda 4c8b | 9424 9000 | 0000 4c8b | db4c 8b84 | 2490 0000 
  0x000001fd4fe51f30: 0045 8958 | 384c 8bdb | 4d33 da49 | c1eb 144d | 85db 741a | 49c1 ea09 | 48b9 0000 | e457 fd01 
  0x000001fd4fe51f50: 0000 4903 | ca80 3902 | 0f85 2520 | 0000 4180 | 7f40 000f | 85ad 1c00 | 004c 8b84 | 2488 0000 
  0x000001fd4fe51f70: 0044 8b54 | 245c 4589 | 5030 4c8b | 9424 9000 | 0000 4d8b | d84d 33d3 | 49c1 ea14 | 4d85 d274 
  0x000001fd4fe51f90: 1a49 c1eb | 0948 b900 | 00e4 57fd | 0100 0049 | 03cb 8039 | 020f 8529 | 2000 0049 | 8b87 b801 
  0x000001fd4fe51fb0: 0000 4c8b | d049 83c2 | 184d 3b97 | c801 0000 | 0f83 f32a | 0000 4d89 | 97b8 0100 | 0041 0f0d 
  0x000001fd4fe51fd0: 8ac0 0000 | 0048 c700 | 0100 0000 

  0x000001fd4fe51fdc: ;   {metadata('java/util/jar/Manifest')}
  0x000001fd4fe51fdc: c740 08a0 | e104 0044 | 8960 0c4c | 8960 104c | 8944 2450 | 4c8b d04c | 8994 2488 | 0000 004c 
  0x000001fd4fe51ffc: 8b54 2450 | 458b 5a30 | 4489 5c24 | 5c49 8b87 | b801 0000 | 4c8b d049 | 83c2 204c | 895c 2448 
  0x000001fd4fe5201c: 4d3b 97c8 | 0100 000f | 836b 2a00 | 004d 8997 | b801 0000 | 410f 0d8a | c000 0000 | 48c7 0001 
  0x000001fd4fe5203c: ;   {metadata('java/io/ByteArrayInputStream')}
  0x000001fd4fe5203c: 0000 00c7 | 4008 a023 | 0500 4489 | 600c 4c89 | 6010 4c89 | 6018 4c8b | d044 8b5c | 2438 4589 
  0x000001fd4fe5205c: 5a18 4c8b | 9c24 8000 | 0000 458b | 430c 4589 | 4214 4c89 | 5424 384c | 8b54 2450 | 458b 5214 
  0x000001fd4fe5207c: 4489 9424 | 8000 0000 | 498b afb8 | 0100 004c | 8bd5 4983 | c210 4d3b | 97c8 0100 | 000f 833e 
  0x000001fd4fe5209c: 2b00 004d | 8997 b801 | 0000 410f | 0d8a c000 | 0000 48c7 | 4500 0100 

  0x000001fd4fe520b4: ;   {metadata('java/util/jar/Attributes')}
  0x000001fd4fe520b4: 0000 c745 | 0840 8816 | 0044 8965 | 0cba 1000 | 0000 6690 

  0x000001fd4fe520c8: ;   {static_call}
  0x000001fd4fe520c8: c5f8 77e8 

  0x000001fd4fe520cc: ; ImmutableOopMap {rbp=Oop [40]=Oop [48]=Oop [56]=Oop [64]=Oop [72]=Oop [80]=Oop [88]=NarrowOop [92]=NarrowOop [96]=Oop [104]=Oop [120]=Oop [128]=NarrowOop [136]=Oop [200]=Oop }
                      ;*invokestatic newLinkedHashMap {reexecute=0 rethrow=0 return_oop=1}
                      ; - java.util.jar.Attributes::<init>@6
                      ; - java.util.jar.Attributes::<init>@3
                      ; - java.util.jar.Manifest::<init>@9
                      ; - java.util.jar.JarFile::getManifestFromReference@121
                      ; - java.util.jar.JarFile::getManifest@1
                      ; - jdk.internal.loader.URLClassPath$JarLoader$2::getManifest@22
                      ; - java.net.URLClassLoader::defineClass@34
                      ; - java.net.URLClassLoader$1::run@43
                      ; - java.net.URLClassLoader$1::run@1
                      ; - java.security.AccessController::executePrivileged@29
                      ; - java.security.AccessController::doPrivileged@13
                      ; - java.net.URLClassLoader::findClass@13
  0x000001fd4fe520cc: b0cf 81ff 

  0x000001fd4fe520d0: ;   {other}
  0x000001fd4fe520d0: 0f1f 8400 | c030 0028 | 488b d841 | 807f 4000 | 0f85 591c | 0000 4c8b | d344 8955 | 0c4c 8bd3 
  0x000001fd4fe520f0: 4c8b dd4d | 33d3 448b | 8c24 8000 | 0000 4d8b | c14c 8984 | 2490 0000 | 0049 c1ea | 1448 8bfd 
  0x000001fd4fe52110: 4d85 d274 | 1f48 85db | 741a 49c1 | eb09 48b9 | 0000 e457 | fd01 0000 | 4903 cb80 | 3902 0f85 
  0x000001fd4fe52130: d521 0000 | 4180 7f40 | 000f 85c5 | 1b00 004c | 8b94 2488 | 0000 0041 | 897a 0c4c | 8bd5 4c8b 
  0x000001fd4fe52150: 9c24 8800 | 0000 4d33 | d349 c1ea | 144d 85d2 | 741a 49c1 | eb09 48b9 | 0000 e457 | fd01 0000 
  0x000001fd4fe52170: 4903 cb80 | 3902 0f85 | 9520 0000 | 4d8b 97b8 | 0100 004d | 8bda 4983 | c330 4d3b | 9fc8 0100 
  0x000001fd4fe52190: 000f 836d | 2a00 004d | 899f b801 | 0000 410f | 0d8b c000 | 0000 4d8b | da49 c703 | 0100 0000 
  0x000001fd4fe521b0: ;   {metadata('java/util/HashMap')}
  0x000001fd4fe521b0: 41c7 4308 | 68a9 0800 | 4589 630c | 4d89 6310 | 4d89 6318 | 4d89 6328 | 49c7 4320 | 0000 403f 
  0x000001fd4fe521d0: 4180 7f40 | 000f 8597 | 1b00 004c | 8b84 2488 | 0000 004d | 8bd3 4d8b | d849 8be8 | 4d8b ca45 
  0x000001fd4fe521f0: 8948 104d | 33d3 49c1 | ea14 4d85 | d274 1a49 | c1eb 0948 | b900 00e4 | 57fd 0100 | 0049 03cb 
  0x000001fd4fe52210: 8039 020f | 85a7 1f00 | 0048 8bd5 | 4c8b 4424 | 384c 8b8c | 2490 0000 | 004c 8b54 | 2460 4c89 
  0x000001fd4fe52230: 5424 3890 

  0x000001fd4fe52234: ;   {optimized virtual_call}
  0x000001fd4fe52234: c5f8 77e8 

  0x000001fd4fe52238: ; ImmutableOopMap {rbp=Oop [40]=Oop [48]=Oop [56]=Oop [64]=Oop [72]=Oop [80]=Oop [88]=NarrowOop [92]=NarrowOop [96]=Oop [104]=Oop [120]=Oop [200]=Oop }
                      ;*invokevirtual read {reexecute=0 rethrow=0 return_oop=0}
                      ; - java.util.jar.Manifest::<init>@29
                      ; - java.util.jar.JarFile::getManifestFromReference@121
                      ; - java.util.jar.JarFile::getManifest@1
                      ; - jdk.internal.loader.URLClassPath$JarLoader$2::getManifest@22
                      ; - java.net.URLClassLoader::defineClass@34
                      ; - java.net.URLClassLoader$1::run@43
                      ; - java.net.URLClassLoader$1::run@1
                      ; - java.security.AccessController::executePrivileged@29
                      ; - java.security.AccessController::doPrivileged@13
                      ; - java.net.URLClassLoader::findClass@13
  0x000001fd4fe52238: 44c8 81ff 

  0x000001fd4fe5223c: ;   {other}
  0x000001fd4fe5223c: 0f1f 8400 | 2c32 0029 | 4180 7f40 | 000f 8569 | 1b00 004c | 8bc5 448b | 4c24 5c45 | 8948 144c 
  0x000001fd4fe5225c: 8b54 2448 | 4d8b d84d | 33d3 49c1 | ea14 4d85 | d274 1f45 | 85c9 741a | 49c1 eb09 | 48b9 0000 
  0x000001fd4fe5227c: e457 fd01 | 0000 4903 | cb80 3902 | 0f85 cc20 | 0000 498b | e84d 8b87 | b801 0000 | 4d8b d049 
  0x000001fd4fe5229c: 83c2 284d | 3b97 c801 | 0000 0f83 | c226 0000 | 4d89 97b8 | 0100 0041 | 0f0d 8ac0 | 0000 0049 
  0x000001fd4fe522bc: c700 0100 

  0x000001fd4fe522c0: ;   {metadata('java/lang/ref/SoftReference')}
  0x000001fd4fe522c0: 0000 41c7 | 4008 90df | 0300 4589 | 600c 4d89 | 6010 4d89 | 6018 4d89 | 6020 4c8b | dd45 8958 
  0x000001fd4fe522e0: 0c41 807f | 4000 0f85 | 0115 0000 

  0x000001fd4fe522ec: ;   {oop(a 'java/lang/ref/ReferenceQueue$Null'{0x00000000800d2ce8})}
  0x000001fd4fe522ec: 41c7 4010 | e82c 0d80 | 4d8b d049 

  0x000001fd4fe522f8: ;   {oop(a 'java/lang/ref/ReferenceQueue$Null'{0x00000000800d2ce8})}
  0x000001fd4fe522f8: 8bf8 49bb | e82c 0d80 | 0000 0000 | 4d33 da49 | c1eb 144d | 85db 741a | 49c1 ea09 | 48b9 0000 
  0x000001fd4fe52318: e457 fd01 | 0000 4903 | ca80 3902 | 0f85 3c15 | 0000 f083 | 4424 c000 | 4180 7f40 | 000f 85e5 
  0x000001fd4fe52338: 1400 004c | 8b4c 2450 | 4189 7928 

  0x000001fd4fe52344: ;   {oop(a 'java/lang/Class'{0x000000008003b2a0} = 'java/lang/ref/SoftReference')}
  0x000001fd4fe52344: 49ba a0b2 | 0380 0000 | 0000 4d8b | 5270 4d89 | 5020 4d8b | d04d 8bd9 | 4d33 d349 | c1ea 144d 
  0x000001fd4fe52364: 85d2 7416 | 49c1 eb09 | 4c8b 4424 | 204d 03c3 | 4180 3802 | 0f85 3815 | 0000 4c8b | 6c24 4044 
  0x000001fd4fe52384: 8b44 2458 | 4489 8424 | 8800 0000 | 4c8b 5c24 | 304c 8b44 | 2478 4c89 | 8424 8000 | 0000 4889 
  0x000001fd4fe523a4: ac24 a000 | 0000 498b | f3e9 28e4 | ffff 448b | dbe9 91df | ffff 4c89 | 5f20 e9ff | e3ff ff33 
  0x000001fd4fe523c4: ede9 acd7 | ffff 33db | e9c2 d6ff | ff4c 895c | 2438 4489 | 4c24 504c | 8b94 2480 | 0000 004c 
  0x000001fd4fe523e4: 8954 2478 | 4889 7424 | 3044 8b9c | 2488 0000 | 0044 895c | 2458 4c89 | 6c24 4048 | 8b54 2438 
  0x000001fd4fe52404: 41b8 0100 | 0000 488b | 6c24 6090 

  0x000001fd4fe52410: ;   {optimized virtual_call}
  0x000001fd4fe52410: c5f8 77e8 

  0x000001fd4fe52414: ; ImmutableOopMap {rbp=Oop [40]=Oop [48]=Oop [56]=Oop [64]=Oop [80]=NarrowOop [88]=NarrowOop [96]=Oop [104]=Oop [120]=Oop [200]=Oop }
                      ;*invokevirtual getManifestName {reexecute=0 rethrow=0 return_oop=1}
                      ; - java.util.zip.ZipFile$1::getManifestName@2
                      ; - java.util.jar.JarFile::maybeInstantiateVerifier@20
                      ; - java.util.jar.JarFile::ensureInitialization@1
                      ; - java.util.jar.JavaUtilJarAccessImpl::ensureInitialization@1
                      ; - jdk.internal.loader.URLClassPath$JarLoader$2::getManifest@10
                      ; - java.net.URLClassLoader::defineClass@34
                      ; - java.net.URLClassLoader$1::run@43
                      ; - java.net.URLClassLoader$1::run@1
                      ; - java.security.AccessController::executePrivileged@29
                      ; - java.security.AccessController::doPrivileged@13
                      ; - java.net.URLClassLoader::findClass@13
  0x000001fd4fe52414: 6821 caf7 

  0x000001fd4fe52418: ;   {other}
  0x000001fd4fe52418: 0f1f 8400 | 0834 002a | 4885 c00f | 850c 4600 | 0044 8b5c | 2450 4588 | 6312 418b | 6b30 85ed 
  0x000001fd4fe52438: 0f85 5246 | 0000 4c8b | 6c24 4044 | 8b54 2458 | 4489 9424 | 8800 0000 | 4c8b 5c24 | 784c 899c 
  0x000001fd4fe52458: 2480 0000 | 004c 8b5c | 2438 488b | 7424 30e9 | 5be2 ffff 

  0x000001fd4fe5246c: ;   {metadata('jdk/internal/loader/URLClassPath$FileLoader')}
  0x000001fd4fe5246c: 4181 f818 | 714e 010f | 8593 4600 | 0044 8954 | 2440 4c89 | 4c24 204c | 8bd0 4c89 | 5424 5849 
  0x000001fd4fe5248c: 8b87 b801 | 0000 4c8b | d049 83c2 | 404d 3b97 | c801 0000 | 0f83 ee29 | 0000 4d89 | 97b8 0100 
  0x000001fd4fe524ac: 0041 0f0d | 8ac0 0000 | 0048 c700 | 0100 0000 

  0x000001fd4fe524bc: ;   {metadata('java/net/URL')}
  0x000001fd4fe524bc: c740 0880 | a901 0044 | 8960 0c4c | 8960 104c | 8960 184c | 8960 204c | 8960 284c | 8960 304c 
  0x000001fd4fe524dc: 8960 384c | 8bd0 4c89 | 5424 704c | 8b54 2458 | 418b 6a0c | 488b 5424 | 5045 33c0 

  0x000001fd4fe524f8: ;   {static_call}
  0x000001fd4fe524f8: c5f8 77e8 

  0x000001fd4fe524fc: ; ImmutableOopMap {rbp=NarrowOop [40]=Oop [48]=NarrowOop [56]=Oop [80]=Oop [88]=Oop [96]=Oop [104]=Oop [112]=Oop }
                      ;*invokestatic encodePath {reexecute=0 rethrow=0 return_oop=1}
                      ; - jdk.internal.loader.URLClassPath$FileLoader::getResource@10
                      ; - jdk.internal.loader.URLClassPath::getResource@53
                      ; - java.net.URLClassLoader$1::run@26
                      ; - java.net.URLClassLoader$1::run@1
                      ; - java.security.AccessController::executePrivileged@29
                      ; - java.security.AccessController::doPrivileged@13
                      ; - java.net.URLClassLoader::findClass@13
  0x000001fd4fe524fc: 604d c2f7 

  0x000001fd4fe52500: ;   {other}
  0x000001fd4fe52500: 0f1f 8400 | f034 002b | 4c8b c548 | 8b54 2470 | 4c8b c833 | ff48 8b6c | 2460 6690 

  0x000001fd4fe5251c: ;   {optimized virtual_call}
  0x000001fd4fe5251c: c5f8 77e8 

  0x000001fd4fe52520: ; ImmutableOopMap {rbp=Oop [40]=Oop [48]=NarrowOop [56]=Oop [80]=Oop [88]=Oop [96]=Oop [104]=Oop [112]=Oop }
                      ;*invokespecial <init> {reexecute=0 rethrow=0 return_oop=0}
                      ; - java.net.URL::<init>@4
                      ; - jdk.internal.loader.URLClassPath$FileLoader::getResource@13
                      ; - jdk.internal.loader.URLClassPath::getResource@53
                      ; - java.net.URLClassLoader$1::run@26
                      ; - java.net.URLClassLoader$1::run@1
                      ; - java.security.AccessController::executePrivileged@29
                      ; - java.security.AccessController::doPrivileged@13
                      ; - java.net.URLClassLoader::findClass@13
  0x000001fd4fe52520: 9cc7 c4f7 

  0x000001fd4fe52524: ;   {other}
  0x000001fd4fe52524: 0f1f 8400 | 1435 002c | 4c8b 5424 | 5845 8b42 | 184c 8b54 | 2470 458b | 521c 418b | 681c 4585 
  0x000001fd4fe52544: d20f 848d | 4500 004c | 8bc5 498b | d248 8b6c | 2460 6690 

  0x000001fd4fe52558: ;   {optimized virtual_call}
  0x000001fd4fe52558: c5f8 77e8 

  0x000001fd4fe5255c: ; ImmutableOopMap {rbp=Oop [40]=Oop [48]=NarrowOop [56]=Oop [80]=Oop [88]=Oop [96]=Oop [104]=Oop [112]=Oop }
                      ;*invokevirtual startsWith {reexecute=0 rethrow=0 return_oop=0}
                      ; - jdk.internal.loader.URLClassPath$FileLoader::getResource@31
                      ; - jdk.internal.loader.URLClassPath::getResource@53
                      ; - java.net.URLClassLoader$1::run@26
                      ; - java.net.URLClassLoader$1::run@1
                      ; - java.security.AccessController::executePrivileged@29
                      ; - java.security.AccessController::doPrivileged@13
                      ; - java.net.URLClassLoader::findClass@13
  0x000001fd4fe5255c: 002d e9ff 

  0x000001fd4fe52560: ;   {other}
  0x000001fd4fe52560: 0f1f 8400 | 5035 002d | 85c0 0f84 | 2707 0000 

  0x000001fd4fe52570: ;   {oop(".."{0x000000008043d8a8})}
  0x000001fd4fe52570: 49b8 a8d8 | 4380 0000 | 0000 488b | 5424 5090 

  0x000001fd4fe52580: ;   {optimized virtual_call}
  0x000001fd4fe52580: c5f8 77e8 

  0x000001fd4fe52584: ; ImmutableOopMap {rbp=Oop [40]=Oop [48]=NarrowOop [56]=Oop [80]=Oop [88]=Oop [96]=Oop [104]=Oop [112]=Oop }
                      ;*invokevirtual contains {reexecute=0 rethrow=0 return_oop=0}
                      ; - jdk.internal.loader.URLClassPath$FileLoader::getResource@50
                      ; - jdk.internal.loader.URLClassPath::getResource@53
                      ; - java.net.URLClassLoader$1::run@26
                      ; - java.net.URLClassLoader$1::run@1
                      ; - java.security.AccessController::executePrivileged@29
                      ; - java.security.AccessController::doPrivileged@13
                      ; - java.net.URLClassLoader::findClass@13
  0x000001fd4fe52584: f88a 2af8 

  0x000001fd4fe52588: ;   {other}
  0x000001fd4fe52588: 0f1f 8400 | 7835 002e | 4c8b 5424 | 5845 8b5a | 1444 895c | 2478 85c0 | 0f84 f806 | 0000 498b 
  0x000001fd4fe525a8: 87b8 0100 | 004c 8bd0 | 4983 c220 | 4d3b 97c8 | 0100 000f | 8373 2d00 | 004d 8997 | b801 0000 
  0x000001fd4fe525c8: 410f 0d8a | c000 0000 | 48c7 0001 

  0x000001fd4fe525d4: ;   {metadata('java/io/File')}
  0x000001fd4fe525d4: 0000 00c7 | 4008 10f6 | 0400 4489 | 600c 4c89 | 6010 4c89 | 6018 4c8b | d04c 8994 | 2480 0000 
  0x000001fd4fe525f4: 0048 8b54 | 2450 41b8 | 2f00 0000 | 41b9 5c00 | 0000 6690 

  0x000001fd4fe52608: ;   {optimized virtual_call}
  0x000001fd4fe52608: c5f8 77e8 

  0x000001fd4fe5260c: ; ImmutableOopMap {rbp=Oop [40]=Oop [48]=NarrowOop [56]=Oop [80]=Oop [88]=Oop [96]=Oop [104]=Oop [112]=Oop [120]=NarrowOop [128]=Oop }
                      ;*invokevirtual replace {reexecute=0 rethrow=0 return_oop=1}
                      ; - jdk.internal.loader.URLClassPath$FileLoader::getResource@70
                      ; - jdk.internal.loader.URLClassPath::getResource@53
                      ; - java.net.URLClassLoader$1::run@26
                      ; - java.net.URLClassLoader$1::run@1
                      ; - java.security.AccessController::executePrivileged@29
                      ; - java.security.AccessController::doPrivileged@13
                      ; - java.net.URLClassLoader::findClass@13
  0x000001fd4fe5260c: 70c4 81ff 

  0x000001fd4fe52610: ;   {other}
  0x000001fd4fe52610: 0f1f 8400 | 0036 002f | 4889 8424 | 8800 0000 | 4180 7f40 | 000f 8511 | 2200 004c | 8b94 2480 
  0x000001fd4fe52630: 0000 0045 | 8962 144c | 8b94 2488 | 0000 0045 | 8b52 1444 | 8b5c 2478 

  0x000001fd4fe52648: ; implicit exception: dispatches to 0x000001fd4fe58184
  0x000001fd4fe52648: 458b 5b10 | 4489 5c24 | 7845 8b43 | 1445 8b58 | 0c45 85db | 0f86 2e45 | 0000 458b | 520c 4c8b 
  0x000001fd4fe52668: 9c24 8800 | 0000 450f 

  0x000001fd4fe52670: ;   {oop(a 'java/io/WinNTFileSystem'{0x00000000800d27e8})}
  0x000001fd4fe52670: be43 1049 | bbe8 270d | 8000 0000 | 0045 0fb7 | 4b0c 4489 | 4c24 7cc4 | 423a f7d2 | 4489 9424 
  0x000001fd4fe52690: 9000 0000 | 4585 d20f | 8e87 0100 

  0x000001fd4fe5269c: ;   {oop(a 'java/io/WinNTFileSystem'{0x00000000800d27e8})}
  0x000001fd4fe5269c: 0049 bae8 | 270d 8000 | 0000 0045 | 0fb7 5a0e | 4489 9c24 | 9400 0000 | 41ba 0300 | 0000 4533 
  0x000001fd4fe526bc: c045 33c9 | 4489 9424 | b000 0000 | 4489 8424 | ac00 0000 | 4489 8c24 | a800 0000 | eb39 660f 
  0x000001fd4fe526dc: 1f44 0000 | 4183 f83a | 0f84 c304 | 0000 448b | 9424 ac00 | 0000 41ff | c244 8994 | 24ac 0000 
  0x000001fd4fe526fc: 0044 3b94 | 2490 0000 | 000f 8d2a | 0100 0044 | 8984 24a8 | 0000 004c | 8b94 2488 | 0000 0045 
  0x000001fd4fe5271c: 8b52 144c | 8b9c 2488 | 0000 0041 | 807b 1000 | 0f85 3927 | 0000 418b | 6a0c 448b | 8424 ac00 
  0x000001fd4fe5273c: 0000 443b | c50f 8301 | 2e00 0047 | 0fb6 4402 | 1044 3b84 | 2494 0000 | 000f 8451 | 0f00 0044 
  0x000001fd4fe5275c: 3b44 247c | 0f85 7aff | ffff 448b | 9424 a800 | 0000 443b | 5424 7c0f | 8567 ffff | ffba 45ff 
  0x000001fd4fe5277c: ffff 488b | 6c24 604c | 8b54 2428 | 4c89 5424 | 2044 8b54 | 2430 4489 | 5424 284c | 8b54 2450 
  0x000001fd4fe5279c: ;   {no_reloc}
  0x000001fd4fe5279c: 448b 5c24 | 4044 895c | 242c 4c89 | 5424 384c | 8b54 2468 | 4c89 5424 | 484c 8b54 | 2458 4c89 
  0x000001fd4fe527bc: 5424 504c | 8b54 2470 | 4c89 5424 | 584c 8b94 | 2480 0000 | 004c 8954 | 2468 4c89 | 5424 704c 
  0x000001fd4fe527dc: 8b94 2488 | 0000 004c | 8994 2480 | 0000 0044 | 8b94 2490 | 0000 0044 | 8994 2488 | 0000 0044 
  0x000001fd4fe527fc: 8b94 2494 | 0000 0044 | 8994 248c | 0000 0044 | 8984 2494 | 0000 0090 

  0x000001fd4fe52814: ;   {runtime_call UncommonTrapBlob}
  0x000001fd4fe52814: c5f8 77e8 

  0x000001fd4fe52818: ; ImmutableOopMap {rbp=Oop [32]=Oop [40]=NarrowOop [56]=Oop [72]=Oop [80]=Oop [88]=Oop [104]=Oop [112]=Oop [120]=NarrowOop [128]=Oop }
                      ;*if_icmpne {reexecute=1 rethrow=0 return_oop=0}
                      ; - (reexecute) java.io.WinNTFileSystem::normalize@74
                      ; - java.io.File::<init>@73
                      ; - jdk.internal.loader.URLClassPath$FileLoader::getResource@73
                      ; - jdk.internal.loader.URLClassPath::getResource@53
                      ; - java.net.URLClassLoader$1::run@26
                      ; - java.net.URLClassLoader$1::run@1
                      ; - java.security.AccessController::executePrivileged@29
                      ; - java.security.AccessController::doPrivileged@13
                      ; - java.net.URLClassLoader::findClass@13
  0x000001fd4fe52818: 641b 82ff 

  0x000001fd4fe5281c: ;   {other}
  0x000001fd4fe5281c: 0f1f 8400 | 0c38 0030 | 41ba 0300 | 0000 4533 | c044 8994 | 24b0 0000 | 0044 3b44 | 247c 0f84 
  0x000001fd4fe5283c: 3c1f 0000 | 4c8b 8c24 | 8800 0000 | 448b 5c24 | 784d 8bc3 

  0x000001fd4fe52850: ;   {oop(a 'java/io/WinNTFileSystem'{0x00000000800d27e8})}
  0x000001fd4fe52850: 48ba e827 | 0d80 0000 | 0000 488b | 6c24 6090 

  0x000001fd4fe52860: ;   {optimized virtual_call}
  0x000001fd4fe52860: c5f8 77e8 

  0x000001fd4fe52864: ; ImmutableOopMap {rbp=Oop [40]=Oop [48]=NarrowOop [56]=Oop [80]=Oop [88]=Oop [96]=Oop [104]=Oop [112]=Oop [128]=Oop }
                      ;*invokevirtual resolve {reexecute=0 rethrow=0 return_oop=1}
                      ; - java.io.File::<init>@76
                      ; - jdk.internal.loader.URLClassPath$FileLoader::getResource@73
                      ; - jdk.internal.loader.URLClassPath::getResource@53
                      ; - java.net.URLClassLoader$1::run@26
                      ; - java.net.URLClassLoader$1::run@1
                      ; - java.security.AccessController::executePrivileged@29
                      ; - java.security.AccessController::doPrivileged@13
                      ; - java.net.URLClassLoader::findClass@13
  0x000001fd4fe52864: 18c2 81ff 

  0x000001fd4fe52868: ;   {other}
  0x000001fd4fe52868: 0f1f 8400 | 5838 0031 | 4889 4424 | 7841 807f | 4000 0f85 | 4c20 0000 | 4c8b 5424 | 784c 8b9c 
  0x000001fd4fe52888: 2480 0000 | 0045 8953 | 104d 8bd3 | 4c8b 5c24 | 784d 33da | 49c1 eb14 | 4d85 db0f | 84ce 1f00 
  0x000001fd4fe528a8: 004c 8b5c | 2478 4d85 | db0f 84ce | 1f00 0049 | c1ea 0948 | b900 00e4 | 57fd 0100 | 0049 03ca 
  0x000001fd4fe528c8: 8039 020f | 8536 2000 | 004c 8b54 | 2478 458b | 5a14 458b | cb45 8b53 | 0c45 8bc2 | 4c8b 5424 
  0x000001fd4fe528e8: 7845 0fbe | 5a10 c4c2 | 22f7 c889 | 8c24 8800 | 0000 85c9 | 0f84 6e45 

  0x000001fd4fe52900: ;   {oop(a 'java/io/WinNTFileSystem'{0x00000000800d27e8})}
  0x000001fd4fe52900: 0000 49ba | e827 0d80 | 0000 0000 | 450f b752 | 0c44 8994 | 248c 0000 | 0045 85db | 0f85 7139 
  0x000001fd4fe52920: 0000 458b | d045 85d2 | 0f86 c242 | 0000 458b | d945 0fb6 | 5b10 4489 | 9c24 9000 | 0000 448b 
  0x000001fd4fe52940: 9424 8800 | 0000 4183 | fa01 0f8e | f824 0000 | 4c8b 5424 | 7845 8b5a | 1445 8bc3 | 4180 7a10 
  0x000001fd4fe52960: 000f 8551 | 3900 0041 | 8b6b 0c83 | fd01 0f86 | 0043 0000 | 450f b653 | 1145 8bca | 448b 9424 
  0x000001fd4fe52980: 9000 0000 | 443b 9424 | 8c00 0000 | 0f84 4645 | 0000 448b | 9c24 9000 | 0000 4183 | c39f 4183 
  0x000001fd4fe529a0: fb1a 0f82 | 9400 0000 | 4183 fa41 | 0f8c 7a22 | 0000 4183 | fa5a 0f8e | 8000 0000 | ba45 ffff 
  0x000001fd4fe529c0: ff48 8b6c | 2460 4c8b | 5424 284c | 8954 2420 | 448b 5424 | 3044 8954 | 2428 4c8b | 5424 5044 
  0x000001fd4fe529e0: 8b5c 2440 | 4489 5c24 | 2c4c 8954 | 2438 4c8b | 5424 684c | 8954 2448 | 4c8b 5424 | 584c 8954 
  0x000001fd4fe52a00: ;   {no_reloc}
  0x000001fd4fe52a00: 2450 4c8b | 5424 704c | 8954 2458 | 4c8b 9424 | 8000 0000 | 4c89 5424 | 684c 8b54 | 2478 4c89 
  0x000001fd4fe52a20: 5424 7044 | 898c 2480 | 0000 0090 

  0x000001fd4fe52a2c: ;   {runtime_call UncommonTrapBlob}
  0x000001fd4fe52a2c: c5f8 77e8 

  0x000001fd4fe52a30: ; ImmutableOopMap {rbp=Oop [32]=Oop [40]=NarrowOop [56]=Oop [72]=Oop [80]=Oop [88]=Oop [104]=Oop [112]=Oop }
                      ;*if_icmpgt {reexecute=1 rethrow=0 return_oop=0}
                      ; - (reexecute) java.io.WinNTFileSystem::isLetter@21
                      ; - java.io.WinNTFileSystem::prefixLength@58
                      ; - java.io.File::<init>@104
                      ; - jdk.internal.loader.URLClassPath$FileLoader::getResource@73
                      ; - jdk.internal.loader.URLClassPath::getResource@53
                      ; - java.net.URLClassLoader$1::run@26
                      ; - java.net.URLClassLoader$1::run@1
                      ; - java.security.AccessController::executePrivileged@29
                      ; - java.security.AccessController::doPrivileged@13
                      ; - java.net.URLClassLoader::findClass@13
  0x000001fd4fe52a30: 4c19 82ff 

  0x000001fd4fe52a34: ;   {other}
  0x000001fd4fe52a34: 0f1f 8400 | 243a 0032 | 4183 f93a | 0f85 e621 | 0000 448b | 9424 8800 | 0000 4183 | fa02 0f8e 
  0x000001fd4fe52a54: 3443 0000 | 4c8b 5424 | 7845 0fbe | 5210 4c8b | 5c24 7845 | 8b5b 1445 | 8bc3 4585 | d20f 8565 
  0x000001fd4fe52a74: 3800 0041 | 8b6b 0c83 | fd02 0f86 | 6c42 0000 | 450f b65b | 1245 8bd3 | 443b 9424 | 8c00 0000 
  0x000001fd4fe52a94: 0f85 6243 | 0000 448b | 8424 b000 | 0000 4c8b | 9424 8000 | 0000 4589 | 420c 498b | d248 8b6c 
  0x000001fd4fe52ab4: 2460 6690 

  0x000001fd4fe52ab8: ;   {optimized virtual_call}
  0x000001fd4fe52ab8: c5f8 77e8 

  0x000001fd4fe52abc: ; ImmutableOopMap {rbp=Oop [40]=Oop [48]=NarrowOop [56]=Oop [80]=Oop [88]=Oop [96]=Oop [104]=Oop [112]=Oop }
                      ;*invokevirtual getCanonicalFile {reexecute=0 rethrow=0 return_oop=1}
                      ; - jdk.internal.loader.URLClassPath$FileLoader::getResource@76
                      ; - jdk.internal.loader.URLClassPath::getResource@53
                      ; - java.net.URLClassLoader$1::run@26
                      ; - java.net.URLClassLoader$1::run@1
                      ; - java.security.AccessController::executePrivileged@29
                      ; - java.security.AccessController::doPrivileged@13
                      ; - java.net.URLClassLoader::findClass@13
  0x000001fd4fe52abc: c0bf 81ff 

  0x000001fd4fe52ac0: ;   {other}
  0x000001fd4fe52ac0: 0f1f 8400 | b03a 0033 

  0x000001fd4fe52ac8: ; implicit exception: dispatches to 0x000001fd4fe57fb4
  0x000001fd4fe52ac8: 448b 4010 | 458b d048 | 8944 2478 | 4c8b 5c24 | 5845 8b43 | 1441 8b68 | 1045 85d2 | 0f84 6640 
  0x000001fd4fe52ae8: 0000 4c8b | c549 8bd2 | 488b 6c24 | 6066 6690 

  0x000001fd4fe52af8: ;   {optimized virtual_call}
  0x000001fd4fe52af8: c5f8 77e8 

  0x000001fd4fe52afc: ; ImmutableOopMap {rbp=Oop [40]=Oop [48]=NarrowOop [56]=Oop [80]=Oop [88]=Oop [96]=Oop [104]=Oop [112]=Oop [120]=Oop }
                      ;*invokevirtual startsWith {reexecute=0 rethrow=0 return_oop=0}
                      ; - jdk.internal.loader.URLClassPath$FileLoader::getResource@93
                      ; - jdk.internal.loader.URLClassPath::getResource@53
                      ; - java.net.URLClassLoader$1::run@26
                      ; - java.net.URLClassLoader$1::run@1
                      ; - java.security.AccessController::executePrivileged@29
                      ; - java.security.AccessController::doPrivileged@13
                      ; - java.net.URLClassLoader::findClass@13
  0x000001fd4fe52afc: 80bf 81ff 

  0x000001fd4fe52b00: ;   {other}
  0x000001fd4fe52b00: 0f1f 8400 | f03a 0034 | 85c0 0f84 | 8701 0000 | 488b 5424 | 7848 8b6c | 2460 6690 

  0x000001fd4fe52b1c: ;   {optimized virtual_call}
  0x000001fd4fe52b1c: c5f8 77e8 

  0x000001fd4fe52b20: ; ImmutableOopMap {rbp=Oop [40]=Oop [48]=NarrowOop [56]=Oop [80]=Oop [88]=Oop [96]=Oop [104]=Oop [112]=Oop [120]=Oop }
                      ;*invokevirtual exists {reexecute=0 rethrow=0 return_oop=0}
                      ; - jdk.internal.loader.URLClassPath$FileLoader::getResource@125
                      ; - jdk.internal.loader.URLClassPath::getResource@53
                      ; - java.net.URLClassLoader$1::run@26
                      ; - java.net.URLClassLoader$1::run@1
                      ; - java.security.AccessController::executePrivileged@29
                      ; - java.security.AccessController::doPrivileged@13
                      ; - java.net.URLClassLoader::findClass@13
  0x000001fd4fe52b20: fcbb c8f7 

  0x000001fd4fe52b24: ;   {other}
  0x000001fd4fe52b24: 0f1f 8400 | 143b 0035 | 85c0 0f84 | 6301 0000 | 498b 87b8 | 0100 004c | 8bd0 4983 | c220 4d3b 
  0x000001fd4fe52b44: 97c8 0100 | 000f 8361 | 2800 004d | 8997 b801 | 0000 410f | 0d8a c000 | 0000 48c7 | 0001 0000 
  0x000001fd4fe52b64: ;   {metadata('jdk/internal/loader/URLClassPath$FileLoader$1')}
  0x000001fd4fe52b64: 00c7 4008 | 9073 4e01 | 4489 600c | 4c89 6010 | 4c89 6018 | 4c8b 5424 | 504d 8bda | 4489 5810 
  0x000001fd4fe52b84: 4c8b 5424 | 584d 8bda | 4489 581c | 4c8b 5424 | 704d 8bda | 4489 5814 | 4c8b 5424 | 784d 8bda 
  0x000001fd4fe52ba4: 4489 5818 | e98b d5ff | ff44 8b9c | 24ac 0000 | 0041 83fb 

  0x000001fd4fe52bb8: ;   {oop(a 'java/io/WinNTFileSystem'{0x00000000800d27e8})}
  0x000001fd4fe52bb8: 017e 3948 | bae8 270d | 8000 0000 | 004c 8b84 | 2488 0000 | 0044 8b8c | 2490 0000 | 0033 ff48 
  0x000001fd4fe52bd8: 8b6c 2460 

  0x000001fd4fe52bdc: ;   {optimized virtual_call}
  0x000001fd4fe52bdc: c5f8 77e8 

  0x000001fd4fe52be0: ; ImmutableOopMap {rbp=Oop [40]=Oop [48]=NarrowOop [56]=Oop [80]=Oop [88]=Oop [96]=Oop [104]=Oop [112]=Oop [120]=NarrowOop [128]=Oop }
                      ;*invokevirtual normalize {reexecute=0 rethrow=0 return_oop=1}
                      ; - java.io.WinNTFileSystem::normalize@111
                      ; - java.io.File::<init>@73
                      ; - jdk.internal.loader.URLClassPath$FileLoader::getResource@73
                      ; - jdk.internal.loader.URLClassPath::getResource@53
                      ; - java.net.URLClassLoader$1::run@26
                      ; - java.net.URLClassLoader$1::run@1
                      ; - java.security.AccessController::executePrivileged@29
                      ; - java.security.AccessController::doPrivileged@13
                      ; - java.net.URLClassLoader::findClass@13
  0x000001fd4fe52be0: 9cbe 81ff 

  0x000001fd4fe52be4: ;   {other}
  0x000001fd4fe52be4: 0f1f 8400 | d43b 0036 | 4c8b c8e9 | 54fc ffff | 41bb 3a00 | 0000 458b | c3e9 e8fa 

  0x000001fd4fe52c00: ;   {metadata('jdk/internal/loader/URLClassPath$FileLoader$1')}
  0x000001fd4fe52c00: ffff 4181 | fa90 734e | 010f 85bd | 4300 0033 | ede9 eae3 

  0x000001fd4fe52c14: ;   {metadata('jdk/internal/loader/URLClassPath$FileLoader$1')}
  0x000001fd4fe52c14: ffff 81fb | 9073 4e01 | 0f85 da43 | 0000 498b | dd8b 7b1c 

  0x000001fd4fe52c28: ; implicit exception: dispatches to 0x000001fd4fe5823a
  0x000001fd4fe52c28: 8b7f 0c89 | bc24 8800 | 0000 e937 | d7ff ff48 | 8b6c 2438 | 6690 c5f8 | 7748 b8ff | ffff ffff 
  0x000001fd4fe52c48: ;   {virtual_call}
  0x000001fd4fe52c48: ffff ffe8 

  0x000001fd4fe52c4c: ; ImmutableOopMap {rbp=Oop [32]=Oop [40]=Oop [48]=Oop [64]=Oop [96]=Oop [104]=Oop [136]=NarrowOop }
                      ;*invokevirtual getBytes {reexecute=0 rethrow=0 return_oop=1}
                      ; - java.net.URLClassLoader::defineClass@179
                      ; - java.net.URLClassLoader$1::run@43
                      ; - java.net.URLClassLoader$1::run@1
                      ; - java.security.AccessController::executePrivileged@29
                      ; - java.security.AccessController::doPrivileged@13
                      ; - java.net.URLClassLoader::findClass@13
  0x000001fd4fe52c4c: 30c1 81ff 

  0x000001fd4fe52c50: ;   {other}
  0x000001fd4fe52c50: 0f1f 8400 | 403c 0037 | 4889 4424 | 58e9 63e3 | ffff 4889 | 7424 20e9 | f9e2 ffff | 4c8b d044 
  0x000001fd4fe52c70: 8b40 0849 | bb00 0000 | 5efd 0100 | 004d 03d8 | 4d8b 5b40 

  0x000001fd4fe52c84: ;   {metadata('java/lang/Exception')}
  0x000001fd4fe52c84: 49b8 20c0 | 005e fd01 | 0000 4d3b | d80f 8566 | 3700 0033 | c0e9 9ad4 | ffff 498b | 87b8 0100 
  0x000001fd4fe52ca4: 004c 8bd0 | 4983 c220 | 4d3b 97c8 | 0100 000f | 83f3 2e00 | 004d 8997 | b801 0000 | 410f 0d8a 
  0x000001fd4fe52cc4: c000 0000 | 48c7 0001 

  0x000001fd4fe52ccc: ;   {metadata('java/io/File')}
  0x000001fd4fe52ccc: 0000 00c7 | 4008 10f6 | 0400 4489 | 600c 4c89 | 6010 4c89 | 6018 4c8b | d04c 8994 | 2480 0000 
  0x000001fd4fe52cec: 0048 8b54 | 2450 41b8 | 2f00 0000 | 41b9 5c00 | 0000 6690 

  0x000001fd4fe52d00: ;   {optimized virtual_call}
  0x000001fd4fe52d00: c5f8 77e8 

  0x000001fd4fe52d04: ; ImmutableOopMap {rbp=Oop [40]=Oop [48]=NarrowOop [56]=Oop [80]=Oop [88]=Oop [96]=Oop [104]=Oop [112]=Oop [120]=NarrowOop [128]=Oop }
                      ;*invokevirtual replace {reexecute=0 rethrow=0 return_oop=1}
                      ; - jdk.internal.loader.URLClassPath$FileLoader::getResource@115
                      ; - jdk.internal.loader.URLClassPath::getResource@53
                      ; - java.net.URLClassLoader$1::run@26
                      ; - java.net.URLClassLoader$1::run@1
                      ; - java.security.AccessController::executePrivileged@29
                      ; - java.security.AccessController::doPrivileged@13
                      ; - java.net.URLClassLoader::findClass@13
  0x000001fd4fe52d04: 789e e2ff 

  0x000001fd4fe52d08: ;   {other}
  0x000001fd4fe52d08: 0f1f 8400 | f83c 0038 | 4889 8424 | 8800 0000 | 4180 7f40 | 000f 855f | 2400 004c | 8b94 2480 
  0x000001fd4fe52d28: 0000 0045 | 8962 144c | 8b94 2488 | 0000 0045 | 8b52 1444 | 8b5c 2478 

  0x000001fd4fe52d40: ; implicit exception: dispatches to 0x000001fd4fe584fc
  0x000001fd4fe52d40: 458b 5b10 | 4489 5c24 | 7845 8b43 | 1445 8b58 | 0c45 85db | 0f86 e242 | 0000 458b | 520c 4c8b 
  0x000001fd4fe52d60: 9c24 8800 | 0000 450f 

  0x000001fd4fe52d68: ;   {oop(a 'java/io/WinNTFileSystem'{0x00000000800d27e8})}
  0x000001fd4fe52d68: be43 1049 | bbe8 270d | 8000 0000 | 0045 0fb7 | 4b0c 4489 | 4c24 7cc4 | 423a f7d2 | 4489 9424 
  0x000001fd4fe52d88: 9000 0000 | 4585 d20f | 8e27 1a00 

  0x000001fd4fe52d94: ;   {oop(a 'java/io/WinNTFileSystem'{0x00000000800d27e8})}
  0x000001fd4fe52d94: 0049 bae8 | 270d 8000 | 0000 0045 | 0fb7 5a0e | 4489 9c24 | 9400 0000 | 41bb 0300 | 0000 4533 
  0x000001fd4fe52db4: d245 33c0 | 4489 9c24 | b000 0000 | 4489 9424 | ac00 0000 | 4489 8424 | a800 0000 | eb33 4183 
  0x000001fd4fe52dd4: f93a 0f84 | d404 0000 | 448b 9c24 | ac00 0000 | 41ff c344 | 899c 24ac | 0000 0044 | 3b9c 2490 
  0x000001fd4fe52df4: 0000 000f | 8d30 0200 | 0044 898c | 24a8 0000 | 004c 8b94 | 2488 0000 | 0045 8b52 | 1445 8bc2 
  0x000001fd4fe52e14: 4c8b 9424 | 8800 0000 | 4180 7a10 | 000f 85f0 | 2c00 0041 | 8b68 0c44 | 8b94 24ac | 0000 0044 
  0x000001fd4fe52e34: 3bd5 0f83 | 802e 0000 | 470f b65c | 1010 458b | cb44 3b8c | 2494 0000 | 000f 847f | 1900 0044 
  0x000001fd4fe52e54: 3b4c 247c | 0f85 74ff | ffff 448b | 9424 a800 | 0000 443b | 5424 7c0f | 8561 ffff | ffba 45ff 
  0x000001fd4fe52e74: ffff 488b | 6c24 604c | 8b54 2428 | 4c89 5424 | 2044 8b5c | 2430 4489 | 5c24 2844 | 8b54 2440 
  0x000001fd4fe52e94: ;   {no_reloc}
  0x000001fd4fe52e94: 4489 5424 | 2c4c 8b54 | 2450 4c89 | 5424 384c | 8b54 2468 | 4c89 5424 | 484c 8b54 | 2458 4c89 
  0x000001fd4fe52eb4: 5424 504c | 8b54 2470 | 4c89 5424 | 584c 8b94 | 2480 0000 | 004c 8954 | 2468 4c89 | 5424 704c 
  0x000001fd4fe52ed4: 8b94 2488 | 0000 004c | 8994 2480 | 0000 0044 | 8b94 2490 | 0000 0044 | 8994 2488 | 0000 0044 
  0x000001fd4fe52ef4: 8b9c 2494 | 0000 0044 | 899c 248c | 0000 0044 | 898c 2494 | 0000 0090 

  0x000001fd4fe52f0c: ;   {runtime_call UncommonTrapBlob}
  0x000001fd4fe52f0c: c5f8 77e8 

  0x000001fd4fe52f10: ; ImmutableOopMap {rbp=Oop [32]=Oop [40]=NarrowOop [56]=Oop [72]=Oop [80]=Oop [88]=Oop [104]=Oop [112]=Oop [120]=NarrowOop [128]=Oop }
                      ;*if_icmpne {reexecute=1 rethrow=0 return_oop=0}
                      ; - (reexecute) java.io.WinNTFileSystem::normalize@74
                      ; - java.io.File::<init>@73
                      ; - jdk.internal.loader.URLClassPath$FileLoader::getResource@118
                      ; - jdk.internal.loader.URLClassPath::getResource@53
                      ; - java.net.URLClassLoader$1::run@26
                      ; - java.net.URLClassLoader$1::run@1
                      ; - java.security.AccessController::executePrivileged@29
                      ; - java.security.AccessController::doPrivileged@13
                      ; - java.net.URLClassLoader::findClass@13
  0x000001fd4fe52f10: 6c14 82ff 

  0x000001fd4fe52f14: ;   {other}
  0x000001fd4fe52f14: 0f1f 8400 | 043f 0039 | 85ed 0f84 | 7fd8 ffff | 4d8b 5728 | 488b cd4d | 85d2 0f84 | 4828 0000 
  0x000001fd4fe52f34: 4d8b 5f38 | 4b89 4c13 | f849 83c2 | f84d 8957 | 28e9 59d8 | ffff 448b | 5b14 4585 | db0f 8453 
  0x000001fd4fe52f54: d6ff ff4d | 8b57 2849 | 8bcb 4d85 | d20f 8451 | 2800 004d | 8b5f 384b | 894c 13f8 | 4983 c2f8 
  0x000001fd4fe52f74: 4d89 5728 | e92d d6ff | ff4d 8b57 | 584d 8b5f | 48f0 8344 | 24c0 0080 | 3900 0f84 | 49d6 ffff 
  0x000001fd4fe52f94: 4488 214d | 85db 752c | 4c8b f348 | 8bee 498b | d7c5 f877 | 49ba 00a4 | 4095 ff7f | 0000 41ff 
  0x000001fd4fe52fb4: ;   {other}
  0x000001fd4fe52fb4: d20f 1f84 | 0000 0000 | 0049 8bde | 488b f5e9 | 15d6 ffff | 4b89 4c1a | f849 83c3 | f84d 895f 
  0x000001fd4fe52fd4: 48e9 03d6 | ffff 4c89 | 4424 4848 | 8974 2420 | 4c89 6c24 | 404c 8974 | 2468 498b | d645 33c9 
  0x000001fd4fe52ff4: 33ff 33f6 | 33c9 4533 | d24c 8914 | 244c 8954 | 2408 4c89 | 5424 104c | 8b54 2460 | 4c89 5424 
  0x000001fd4fe53014: 3066 6690 

  0x000001fd4fe53018: ;   {optimized virtual_call}
  0x000001fd4fe53018: c5f8 77e8 

  0x000001fd4fe5301c: ; ImmutableOopMap {[32]=Oop [40]=Oop [48]=Oop [64]=Oop [72]=Oop [96]=Oop [104]=Oop [128]=Oop [136]=NarrowOop }
                      ;*invokevirtual definePackage {reexecute=0 rethrow=0 return_oop=1}
                      ; - java.net.URLClassLoader::defineClass@81
                      ; - java.net.URLClassLoader$1::run@43
                      ; - java.net.URLClassLoader$1::run@1
                      ; - java.security.AccessController::executePrivileged@29
                      ; - java.security.AccessController::doPrivileged@13
                      ; - java.net.URLClassLoader::findClass@13
  0x000001fd4fe5301c: 60ba 81ff 

  0x000001fd4fe53020: ;   {other}
  0x000001fd4fe53020: 0f1f 8400 | 1040 003a | e933 dfff | ff45 8bd1 | 443b 5424 | 7c0f 84d9 | 1c00 004c | 8b8c 2488 
  0x000001fd4fe53040: 0000 0044 | 8b54 2478 

  0x000001fd4fe53048: ;   {oop(a 'java/io/WinNTFileSystem'{0x00000000800d27e8})}
  0x000001fd4fe53048: 4d8b c248 | bae8 270d | 8000 0000 | 0048 8b6c | 2460 6690 

  0x000001fd4fe5305c: ;   {optimized virtual_call}
  0x000001fd4fe5305c: c5f8 77e8 

  0x000001fd4fe53060: ; ImmutableOopMap {rbp=Oop [40]=Oop [48]=NarrowOop [56]=Oop [80]=Oop [88]=Oop [96]=Oop [104]=Oop [112]=Oop [128]=Oop }
                      ;*invokevirtual resolve {reexecute=0 rethrow=0 return_oop=1}
                      ; - java.io.File::<init>@76
                      ; - jdk.internal.loader.URLClassPath$FileLoader::getResource@118
                      ; - jdk.internal.loader.URLClassPath::getResource@53
                      ; - java.net.URLClassLoader$1::run@26
                      ; - java.net.URLClassLoader$1::run@1
                      ; - java.security.AccessController::executePrivileged@29
                      ; - java.security.AccessController::doPrivileged@13
                      ; - java.net.URLClassLoader::findClass@13
  0x000001fd4fe53060: fc9a 02f8 

  0x000001fd4fe53064: ;   {other}
  0x000001fd4fe53064: 0f1f 8400 | 5440 003b | 4889 4424 | 7841 807f | 4000 0f85 | 9821 0000 | 4c8b 5424 | 784c 8b9c 
  0x000001fd4fe53084: 2480 0000 | 0045 8953 | 104d 8bd3 | 4c8b 5c24 | 784d 33da | 49c1 eb14 | 4d85 db0f | 8418 2100 
  0x000001fd4fe530a4: 004c 8b5c | 2478 4d85 | db0f 8418 | 2100 0049 | c1ea 0948 | b900 00e4 | 57fd 0100 | 0049 03ca 
  0x000001fd4fe530c4: 8039 020f | 8582 2100 | 004c 8b54 | 2478 458b | 5a14 458b | cb45 8b53 | 0c45 8bc2 | 4c8b 5424 
  0x000001fd4fe530e4: 7845 0fbe | 5a10 c4c2 | 22f7 c889 | 8c24 8800 | 0000 85c9 | 0f84 7642 

  0x000001fd4fe530fc: ;   {oop(a 'java/io/WinNTFileSystem'{0x00000000800d27e8})}
  0x000001fd4fe530fc: 0000 49ba | e827 0d80 | 0000 0000 | 450f b752 | 0c44 8994 | 248c 0000 | 0045 85db | 0f85 3a3e 
  0x000001fd4fe5311c: 0000 4585 | c00f 8675 | 3f00 0045 | 0fb6 5910 | 4489 9c24 | 9000 0000 | 448b 9c24 | 8800 0000 
  0x000001fd4fe5313c: 4183 fb01 | 0f8e c629 | 0000 4c8b | 5424 7845 | 8b5a 1445 | 8bc3 4180 | 7a10 000f | 8523 3e00 
  0x000001fd4fe5315c: 0041 8b6b | 0c83 fd01 | 0f86 b63f | 0000 450f | b653 1145 | 8bca 448b | 9c24 9000 | 0000 443b 
  0x000001fd4fe5317c: 9c24 8c00 | 0000 0f84 | 5442 0000 | 4183 c39f | 4183 fb1a | 0f82 9e00 | 0000 448b | 9424 9000 
  0x000001fd4fe5319c: 0000 4183 | fa41 0f8c | 0826 0000 | 4183 fa5a | 0f8e 8200 | 0000 ba45 | ffff ff48 | 8b6c 2460 
  0x000001fd4fe531bc: 4c8b 5424 | 284c 8954 | 2420 448b | 5c24 3044 | 895c 2428 | 448b 5424 | 4044 8954 | 242c 4c8b 
  0x000001fd4fe531dc: 5424 504c | 8954 2438 | 4c8b 5424 | 684c 8954 | 2448 4c8b | 5424 584c | 8954 2450 | 4c8b 5424 
  0x000001fd4fe531fc: ;   {no_reloc}
  0x000001fd4fe531fc: 704c 8954 | 2458 4c8b | 9424 8000 | 0000 4c89 | 5424 684c | 8b54 2478 | 4c89 5424 | 7044 898c 
  0x000001fd4fe5321c: 2480 0000 | 0066 6690 

  0x000001fd4fe53224: ;   {runtime_call UncommonTrapBlob}
  0x000001fd4fe53224: c5f8 77e8 

  0x000001fd4fe53228: ; ImmutableOopMap {rbp=Oop [32]=Oop [40]=NarrowOop [56]=Oop [72]=Oop [80]=Oop [88]=Oop [104]=Oop [112]=Oop }
                      ;*if_icmpgt {reexecute=1 rethrow=0 return_oop=0}
                      ; - (reexecute) java.io.WinNTFileSystem::isLetter@21
                      ; - java.io.WinNTFileSystem::prefixLength@58
                      ; - java.io.File::<init>@104
                      ; - jdk.internal.loader.URLClassPath$FileLoader::getResource@118
                      ; - jdk.internal.loader.URLClassPath::getResource@53
                      ; - java.net.URLClassLoader$1::run@26
                      ; - java.net.URLClassLoader$1::run@1
                      ; - java.security.AccessController::executePrivileged@29
                      ; - java.security.AccessController::doPrivileged@13
                      ; - java.net.URLClassLoader::findClass@13
  0x000001fd4fe53228: 5411 82ff 

  0x000001fd4fe5322c: ;   {other}
  0x000001fd4fe5322c: 0f1f 8400 | 1c42 003c | 4183 f93a | 0f85 7225 | 0000 448b | 9c24 8800 | 0000 4183 | fb02 0f8e 
  0x000001fd4fe5324c: 1140 0000 | 4c8b 5424 | 7845 0fbe | 5210 4c8b | 5c24 7845 | 8b5b 1445 | 8bc3 4585 | d20f 8535 
  0x000001fd4fe5326c: 3d00 0041 | 8b6b 0c83 | fd02 0f86 | 203f 0000 | 450f b65b | 1245 8bd3 | 443b 9424 | 8c00 0000 
  0x000001fd4fe5328c: 0f85 3e40 | 0000 448b | 9c24 b000 | 0000 4c8b | 9424 8000 | 0000 4589 | 5a0c 4c89 | 5424 78e9 
  0x000001fd4fe532ac: 60f8 ffff | 448b 9424 | ac00 0000 | 4183 fa01 

  0x000001fd4fe532bc: ;   {oop(a 'java/io/WinNTFileSystem'{0x00000000800d27e8})}
  0x000001fd4fe532bc: 7e3a 48ba | e827 0d80 | 0000 0000 | 4c8b 8424 | 8800 0000 | 448b 8c24 | 9000 0000 | 33ff 488b 
  0x000001fd4fe532dc: 6c24 6090 

  0x000001fd4fe532e0: ;   {optimized virtual_call}
  0x000001fd4fe532e0: c5f8 77e8 

  0x000001fd4fe532e4: ; ImmutableOopMap {rbp=Oop [40]=Oop [48]=NarrowOop [56]=Oop [80]=Oop [88]=Oop [96]=Oop [104]=Oop [112]=Oop [120]=NarrowOop [128]=Oop }
                      ;*invokevirtual normalize {reexecute=0 rethrow=0 return_oop=1}
                      ; - java.io.WinNTFileSystem::normalize@111
                      ; - java.io.File::<init>@73
                      ; - jdk.internal.loader.URLClassPath$FileLoader::getResource@118
                      ; - jdk.internal.loader.URLClassPath::getResource@53
                      ; - java.net.URLClassLoader$1::run@26
                      ; - java.net.URLClassLoader$1::run@1
                      ; - java.security.AccessController::executePrivileged@29
                      ; - java.security.AccessController::doPrivileged@13
                      ; - java.net.URLClassLoader::findClass@13
  0x000001fd4fe532e4: 98b7 81ff 

  0x000001fd4fe532e8: ;   {other}
  0x000001fd4fe532e8: 0f1f 8400 | d842 003d | 4c8b c8e9 | 4bfd ffff | 41ba 3a00 | 0000 458b | cae9 d6fa | ffff 4c8b 
  0x000001fd4fe53308: 6c24 4044 | 8b54 2458 | 4489 9424 | 8800 0000 | 4c8b 5424 | 304c 8b5c | 2478 4c89 | 9c24 8000 
  0x000001fd4fe53328: 0000 4533 | db49 8bf2 | 4c89 9c24 | a000 0000 | e99d d4ff | ff4c 8bcf | 4889 5c24 | 4048 8974 
  0x000001fd4fe53348: 2438 4c63 | c54d 8d58 | 1049 8bcb | 4883 e1f8 | 498b fe48 | 03f9 49c1 | eb03 4d2b | d349 8bca 
  0x000001fd4fe53368: 4833 c048 | 83f9 087f | 1048 ffc9 | 784f 4889 | 04cf 48ff | c97d f7eb | 44c5 fdef | c0e9 0d00 
  0x000001fd4fe53388: 0000 c5fe | 7f07 c5fe | 7f47 2048 | 83c7 4048 | 83e9 087d | ed48 83c1 | 047c 0cc5 | fe7f 0748 
  0x000001fd4fe533a8: 83c7 2048 | 83e9 0448 | 83c1 047e | 1048 ffc9 | c5f9 d607 | 4883 c708 | 48ff c97d | f349 8bc9 
  0x000001fd4fe533c8: c5f8 7749 | bac0 4465 | 4ffd 0100 | 0041 ffd2 

  0x000001fd4fe533d8: ;   {other}
  0x000001fd4fe533d8: 0f1f 8400 | 0000 0000 | 488b 5c24 | 4048 8b74 | 2438 e9b0 | d1ff ff33 | c0e9 0ad4 | ffff 4c89 
  0x000001fd4fe533f8: 5c24 4844 | 8954 2440 

  0x000001fd4fe53400: ;   {metadata('jdk/internal/loader/URLClassPath$JarLoader$1')}
  0x000001fd4fe53400: 498b e948 | ba40 2e21 | 5efd 0100 | 0066 6690 

  0x000001fd4fe53410: ;   {runtime_call _new_instance_Java}
  0x000001fd4fe53410: c5f8 77e8 

  0x000001fd4fe53414: ; ImmutableOopMap {[40]=Oop [48]=NarrowOop [56]=Oop [72]=Oop [80]=Oop [96]=Oop [104]=Oop }
                      ;*new {reexecute=0 rethrow=0 return_oop=1}
                      ; - jdk.internal.loader.URLClassPath$JarLoader::ensureOpen@7
                      ; - jdk.internal.loader.URLClassPath$JarLoader::getResource@1
                      ; - jdk.internal.loader.URLClassPath::getResource@53
                      ; - java.net.URLClassLoader$1::run@26
                      ; - java.net.URLClassLoader$1::run@1
                      ; - java.security.AccessController::executePrivileged@29
                      ; - java.security.AccessController::doPrivileged@13
                      ; - java.net.URLClassLoader::findClass@13
  0x000001fd4fe53414: 680d 8eff 

  0x000001fd4fe53418: ;   {other}
  0x000001fd4fe53418: 0f1f 8400 | 0844 003e | 4c8b cd44 | 8b54 2440 | 4c8b 5c24 | 48e9 a8cd | ffff 33c0 | e9be d6ff 
  0x000001fd4fe53438: ff4c 8b74 | 2468 4c8b | 6c24 4044 | 8b5c 2420 | 4489 9c24 | 8800 0000 | 4c8b 5c24 | 304c 8b44 
  0x000001fd4fe53458: 2438 4c8b | 5424 484c | 8994 2480 | 0000 004c | 8b54 2450 | 4c89 9424 | a000 0000 | 448b 5424 
  0x000001fd4fe53478: 244c 8b4c | 2458 498b | f3e9 d4d3 | ffff 896c | 2444 4889 | 7424 4844 | 8944 2440 | 4489 4c24 
  0x000001fd4fe53498: 3c89 4c24 | 384c 895c | 2430 4c89 | 5424 2848 | 895c 2420 | 4c89 6c24 | 6048 8b6c 

  0x000001fd4fe534b4: ;   {metadata({type array byte})}
  0x000001fd4fe534b4: 2468 48ba | 1823 005e | fd01 0000 | 448b 4424 | 4448 8944 | 2458 6690 

  0x000001fd4fe534cc: ;   {runtime_call _new_array_Java}
  0x000001fd4fe534cc: c5f8 77e8 

  0x000001fd4fe534d0: ; ImmutableOopMap {rbp=Oop [32]=Oop [40]=Oop [48]=Oop [96]=Oop [104]=Oop }
                      ;*invokevirtual allocateUninitializedArray0 {reexecute=0 rethrow=0 return_oop=1}
                      ; - jdk.internal.misc.Unsafe::allocateUninitializedArray@51
                      ; - java.lang.StringConcatHelper::newArray@33
                      ; - java.lang.StringConcatHelper::simpleConcat@61
                      ; - java.lang.String::concat@11
                      ; - java.net.URLClassLoader$1::run@13
                      ; - java.net.URLClassLoader$1::run@1
                      ; - java.security.AccessController::executePrivileged@29
                      ; - java.security.AccessController::doPrivileged@13
                      ; - java.net.URLClassLoader::findClass@13
  0x000001fd4fe534d0: ac48 8eff 

  0x000001fd4fe534d4: ;   {other}
  0x000001fd4fe534d4: 0f1f 8400 | c444 003f | 4c8b 6c24 | 6048 8b5c | 2420 4c8b | 5424 284c | 8b5c 2430 | 8b4c 2438 
  0x000001fd4fe534f4: 448b 4c24 | 3c44 8b44 | 2440 488b | 7424 488b | 6c24 4448 | 8bf8 e923 | caff ff48 | 897c 2428 
  0x000001fd4fe53514: 4889 5c24 | 204c 896c | 2460 488b 

  0x000001fd4fe53520: ;   {metadata('java/lang/String')}
  0x000001fd4fe53520: 6c24 6848 | ba78 e800 | 5efd 0100 | 004c 896c | 2438 6690 

  0x000001fd4fe53534: ;   {runtime_call _new_instance_Java}
  0x000001fd4fe53534: c5f8 77e8 

  0x000001fd4fe53538: ; ImmutableOopMap {rbp=Oop [32]=Oop [40]=Oop [56]=Oop [96]=Oop [104]=Oop }
                      ;*new {reexecute=0 rethrow=0 return_oop=1}
                      ; - java.lang.StringConcatHelper::newString@6
                      ; - java.lang.StringConcatHelper::simpleConcat@90
                      ; - java.lang.String::concat@11
                      ; - java.net.URLClassLoader$1::run@13
                      ; - java.net.URLClassLoader$1::run@1
                      ; - java.security.AccessController::executePrivileged@29
                      ; - java.security.AccessController::doPrivileged@13
                      ; - java.net.URLClassLoader::findClass@13
  0x000001fd4fe53538: 440c 8eff 

  0x000001fd4fe5353c: ;   {other}
  0x000001fd4fe5353c: 0f1f 8400 | 2c45 0040 | 4c8b 6c24 | 3848 8b5c | 2420 488b | 7c24 28e9 | 8eca ffff 

  0x000001fd4fe53558: ;   {metadata('java/lang/ClassNotFoundException')}
  0x000001fd4fe53558: 48ba 8893 | 065e fd01 | 0000 488b | 6c24 6090 

  0x000001fd4fe53568: ;   {runtime_call _new_instance_Java}
  0x000001fd4fe53568: c5f8 77e8 

  0x000001fd4fe5356c: ; ImmutableOopMap {rbp=Oop [96]=Oop }
                      ;*new {reexecute=0 rethrow=0 return_oop=1}
                      ; - java.net.URLClassLoader::findClass@36
  0x000001fd4fe5356c: 100c 8eff 

  0x000001fd4fe53570: ;   {other}
  0x000001fd4fe53570: 0f1f 8400 | 6045 0041 | e994 dbff | ff48 8974 | 2440 894c | 243c 4489 | 4c24 3844 | 8944 2434 
  0x000001fd4fe53590: 4489 5c24 | 3048 895c | 2428 4c89 | 6c24 604c | 8b54 2468 | 4c89 5424 

  0x000001fd4fe535a8: ;   {metadata({type array byte})}
  0x000001fd4fe535a8: 2048 ba18 | 2300 5efd | 0100 004c | 896c 2450 | 4c89 6c24 | 5866 6690 

  0x000001fd4fe535c0: ;   {runtime_call _new_array_Java}
  0x000001fd4fe535c0: c5f8 77e8 

  0x000001fd4fe535c4: ; ImmutableOopMap {[32]=Oop [40]=Oop [48]=NarrowOop [64]=Oop [80]=Oop [88]=Oop [96]=Oop [104]=Oop }
                      ;*invokevirtual allocateUninitializedArray0 {reexecute=0 rethrow=0 return_oop=1}
                      ; - jdk.internal.misc.Unsafe::allocateUninitializedArray@51
                      ; - java.lang.StringConcatHelper::newArray@33
                      ; - java.lang.StringLatin1::replace@49
                      ; - java.lang.String::replace@18
                      ; - java.net.URLClassLoader$1::run@8
                      ; - java.net.URLClassLoader$1::run@1
                      ; - java.security.AccessController::executePrivileged@29
                      ; - java.security.AccessController::doPrivileged@13
                      ; - java.net.URLClassLoader::findClass@13
  0x000001fd4fe535c4: b847 8eff 

  0x000001fd4fe535c8: ;   {other}
  0x000001fd4fe535c8: 0f1f 8400 | b845 0042 | 4c8b 6c24 | 5048 8b5c | 2428 448b | 5c24 3044 | 8b44 2434 | 448b 4c24 
  0x000001fd4fe535e8: 388b 4c24 | 3c48 8b74 | 2440 4c8b | d0e9 edc5 | ffff 4c89 | 5424 2848 | 895c 2420 | 4c89 6c24 
  0x000001fd4fe53608: 6048 8b6c 

  0x000001fd4fe5360c: ;   {metadata('java/lang/String')}
  0x000001fd4fe5360c: 2468 48ba | 78e8 005e | fd01 0000 | 4c89 6c24 | 384c 896c | 2440 6690 

  0x000001fd4fe53624: ;   {runtime_call _new_instance_Java}
  0x000001fd4fe53624: c5f8 77e8 

  0x000001fd4fe53628: ; ImmutableOopMap {rbp=Oop [32]=Oop [40]=Oop [56]=Oop [64]=Oop [96]=Oop [104]=Oop }
                      ;*new {reexecute=0 rethrow=0 return_oop=1}
                      ; - java.lang.StringLatin1::replace@116
                      ; - java.lang.String::replace@18
                      ; - java.net.URLClassLoader$1::run@8
                      ; - java.net.URLClassLoader$1::run@1
                      ; - java.security.AccessController::executePrivileged@29
                      ; - java.security.AccessController::doPrivileged@13
                      ; - java.net.URLClassLoader::findClass@13
  0x000001fd4fe53628: 540b 8eff 

  0x000001fd4fe5362c: ;   {other}
  0x000001fd4fe5362c: 0f1f 8400 | 1c46 0043 | 4c8b 6c24 | 3848 8b5c | 2420 4c8b | 5424 284c | 8bd8 e9f4 

  0x000001fd4fe53648: ;   {oop(""{0x00000000800d2ec8})}
  0x000001fd4fe53648: c7ff ff48 | bbc8 2e0d | 8000 0000 | 00e9 87cf | ffff 4c8b | 7424 684c | 8b6c 2440 | 448b 5c24 
  0x000001fd4fe53668: 2044 899c | 2488 0000 | 004c 8b5c | 2430 4c8b | 4424 384c | 8b54 2448 | 4c89 9424 | 8000 0000 
  0x000001fd4fe53688: 4c8b 5424 | 504c 8994 | 24a0 0000 | 0044 8b4c | 2424 448b | 5424 5848 | 8b4c 2478 | 498b f3e9 
  0x000001fd4fe536a8: f6d5 ffff | 448b 9c24 | a800 0000 | 443b 5c24 | 7c0f 8465 

  0x000001fd4fe536bc: ;   {oop(a 'java/io/WinNTFileSystem'{0x00000000800d27e8})}
  0x000001fd4fe536bc: 1100 0048 | bae8 270d | 8000 0000 | 004c 8b84 | 2488 0000 | 0044 8b8c | 2490 0000 | 008b bc24 
  0x000001fd4fe536dc: ac00 0000 | 488b 6c24 | 6066 6690 

  0x000001fd4fe536e8: ;   {optimized virtual_call}
  0x000001fd4fe536e8: c5f8 77e8 

  0x000001fd4fe536ec: ; ImmutableOopMap {rbp=Oop [40]=Oop [48]=NarrowOop [56]=Oop [80]=Oop [88]=Oop [96]=Oop [104]=Oop [112]=Oop [120]=NarrowOop [128]=Oop }
                      ;*invokevirtual normalize {reexecute=0 rethrow=0 return_oop=1}
                      ; - java.io.WinNTFileSystem::normalize@61
                      ; - java.io.File::<init>@73
                      ; - jdk.internal.loader.URLClassPath$FileLoader::getResource@73
                      ; - jdk.internal.loader.URLClassPath::getResource@53
                      ; - java.net.URLClassLoader$1::run@26
                      ; - java.net.URLClassLoader$1::run@1
                      ; - java.security.AccessController::executePrivileged@29
                      ; - java.security.AccessController::doPrivileged@13
                      ; - java.net.URLClassLoader::findClass@13
  0x000001fd4fe536ec: 90b3 81ff 

  0x000001fd4fe536f0: ;   {other}
  0x000001fd4fe536f0: 0f1f 8400 | e046 0044 | 4c8b c8e9 | 48f1 ffff | 4c89 5c24 

  0x000001fd4fe53704: ;   {metadata('java/security/CodeSource')}
  0x000001fd4fe53704: 4048 ba28 | 5c00 5efd | 0100 004c | 8b54 2460 | 4c89 5424 | 3066 6690 

  0x000001fd4fe5371c: ;   {runtime_call _new_instance_Java}
  0x000001fd4fe5371c: c5f8 77e8 

  0x000001fd4fe53720: ; ImmutableOopMap {rbp=Oop [32]=Oop [40]=Oop [48]=Oop [64]=Oop [88]=Oop [96]=Oop [104]=Oop [136]=NarrowOop }
                      ;*new {reexecute=0 rethrow=0 return_oop=1}
                      ; - java.net.URLClassLoader::defineClass@190
                      ; - java.net.URLClassLoader$1::run@43
                      ; - java.net.URLClassLoader$1::run@1
                      ; - java.security.AccessController::executePrivileged@29
                      ; - java.security.AccessController::doPrivileged@13
                      ; - java.net.URLClassLoader::findClass@13
  0x000001fd4fe53720: 5c0a 8eff 

  0x000001fd4fe53724: ;   {other}
  0x000001fd4fe53724: 0f1f 8400 | 1447 0045 | e91c d9ff | ffba 66ff | ffff 488b | 6c24 604c | 8b4c 2428 | 4c89 4c24 
  0x000001fd4fe53744: 2044 8b4c | 2430 4489 | 4c24 2844 | 8954 242c | 4c89 5c24 | 3844 8944 | 2448 6690 

  0x000001fd4fe53760: ;   {runtime_call UncommonTrapBlob}
  0x000001fd4fe53760: c5f8 77e8 

  0x000001fd4fe53764: ; ImmutableOopMap {rbp=Oop [32]=Oop [40]=NarrowOop [56]=Oop [72]=NarrowOop [80]=Oop [104]=Oop }
                      ;*invokevirtual getEntry {reexecute=0 rethrow=0 return_oop=0}
                      ; - java.util.jar.JarFile::getJarEntry@2
                      ; - jdk.internal.loader.URLClassPath$JarLoader::getResource@22
                      ; - jdk.internal.loader.URLClassPath::getResource@53
                      ; - java.net.URLClassLoader$1::run@26
                      ; - java.net.URLClassLoader$1::run@1
                      ; - java.security.AccessController::executePrivileged@29
                      ; - java.security.AccessController::doPrivileged@13
                      ; - java.net.URLClassLoader::findClass@13
  0x000001fd4fe53764: 180c 82ff 

  0x000001fd4fe53768: ;   {other}
  0x000001fd4fe53768: 0f1f 8400 | 5847 0046 | 4889 7424 | 508b 9c24 | 8800 0000 | 895c 2448 | 4489 5c24 | 3448 894c 
  0x000001fd4fe53788: 2438 4489 | 4c24 3041 | 8be8 4c89 

  0x000001fd4fe53794: ;   {metadata('java/lang/String')}
  0x000001fd4fe53794: 6c24 4048 | ba78 e800 | 5efd 0100 | 004c 8b54 | 2460 4c89 | 5424 5890 

  0x000001fd4fe537ac: ;   {runtime_call _new_instance_Java}
  0x000001fd4fe537ac: c5f8 77e8 

  0x000001fd4fe537b0: ; ImmutableOopMap {rbp=NarrowOop [40]=Oop [56]=Oop [64]=Oop [72]=NarrowOop [80]=Oop [88]=Oop [96]=Oop [104]=Oop }
                      ;*new {reexecute=0 rethrow=0 return_oop=1}
                      ; - java.lang.StringLatin1::newString@7
                      ; - java.lang.String::substring@41
                      ; - java.net.URLClassLoader::defineClass@28
                      ; - java.net.URLClassLoader$1::run@43
                      ; - java.net.URLClassLoader$1::run@1
                      ; - java.security.AccessController::executePrivileged@29
                      ; - java.security.AccessController::doPrivileged@13
                      ; - java.net.URLClassLoader::findClass@13
  0x000001fd4fe537b0: cc09 8eff 

  0x000001fd4fe537b4: ;   {other}
  0x000001fd4fe537b4: 0f1f 8400 | a447 0047 | 4c8b 6c24 | 4044 8bc5 | 448b 4c24 | 3048 8b4c | 2438 448b | 5c24 3444 
  0x000001fd4fe537d4: 8b54 2448 | 4489 9424 | 8800 0000 | 488b d848 | 8b74 2450 | e9f9 cbff | ff45 8b50 | 1045 85d2 
  0x000001fd4fe537f4: 0f84 f2ea | ffff 4d8b | 5f28 498b | ca4d 85db | 0f84 fa26 | 0000 4d8b | 5738 4b89 | 4c1a f849 
  0x000001fd4fe53814: 83c3 f84d | 895f 28e9 | ccea ffff | 4c8b 4c24 | 5045 8b51 | 2845 85d2 | 0f84 0eeb | ffff 4d8b 
  0x000001fd4fe53834: 5f28 498b | ca4d 85db | 0f84 9a26 | 0000 498b | f048 8b5c | 2450 4d8b | 5738 4b89 | 4c1a f849 
  0x000001fd4fe53854: 83c3 f84d | 895f 284c | 8bcb 4c8b | c6e9 daea | ffff 498b | d84d 8b57 | 484d 8b5f | 58f0 8344 
  0x000001fd4fe53874: 24c0 0080 | 3900 7432 | 4488 214d | 85d2 740f | 4b89 4c13 | f849 83c2 | f84d 8957 | 48eb 1b49 
  0x000001fd4fe53894: 8bd7 c5f8 | 7749 ba00 | a440 95ff | 7f00 0041 

  0x000001fd4fe538a4: ;   {other}
  0x000001fd4fe538a4: ffd2 0f1f | 8400 0000 | 0000 4c8b | c3e9 74ea | ffff 4d8b | 5748 4d8b | 5f58 f083 | 4424 c000 
  0x000001fd4fe538c4: 4180 3800 | 0f84 b0ea | ffff 4588 | 204d 85d2 | 7523 498b | c849 8bd7 | c5f8 7749 | ba00 a440 
  0x000001fd4fe538e4: 95ff 7f00 | 0041 ffd2 

  0x000001fd4fe538ec: ;   {other}
  0x000001fd4fe538ec: 0f1f 8400 | 0000 0000 | e985 eaff | ff4f 8944 | 13f8 4983 | c2f8 4d89 | 5748 e973 | eaff ff44 
  0x000001fd4fe5390c: 8954 2424 | 4c8b 9424 | a000 0000 | 4c89 5424 | 504c 8b94 | 2480 0000 | 004c 8954 | 2448 48ff 
  0x000001fd4fe5392c: b424 c800 | 0000 488f | 4424 3848 | 8974 2430 | 448b 9424 | 8800 0000 | 4489 5424 | 204c 896c 
  0x000001fd4fe5394c: 2440 4c8b | 5424 604c | 8954 2458 

  0x000001fd4fe53958: ;   {static_call}
  0x000001fd4fe53958: c5f8 77e8 

  0x000001fd4fe5395c: ; ImmutableOopMap {rbp=Oop [32]=NarrowOop [36]=NarrowOop [40]=Oop [48]=Oop [56]=Oop [64]=Oop [72]=Oop [80]=Oop [88]=Oop [96]=Oop [104]=Oop }
                      ;*invokestatic hashCode {reexecute=0 rethrow=0 return_oop=0}
                      ; - java.lang.String::hashCode@37
                      ; - java.util.concurrent.ConcurrentHashMap::get@1
                      ; - java.lang.ClassLoader::getDefinedPackage@13
                      ; - java.net.URLClassLoader::getAndVerifyPackage@2
                      ; - java.net.URLClassLoader::defineClass@46
                      ; - java.net.URLClassLoader$1::run@43
                      ; - java.net.URLClassLoader$1::run@1
                      ; - java.security.AccessController::executePrivileged@29
                      ; - java.security.AccessController::doPrivileged@13
                      ; - java.net.URLClassLoader::findClass@13
  0x000001fd4fe5395c: 20b7 81ff 

  0x000001fd4fe53960: ;   {other}
  0x000001fd4fe53960: 0f1f 8400 | 5049 0048 | e9e3 d8ff | ff4c 8b44 | 2438 41c6 | 4011 0133 | c04c 8b74 | 2468 4c8b 
  0x000001fd4fe53980: 6c24 4044 | 8b5c 2420 | 4489 9c24 | 8800 0000 | 4c8b 5424 | 484c 8994 | 2480 0000 | 004c 8b54 
  0x000001fd4fe539a0: 2450 4c89 | 9424 a000 | 0000 448b | 5424 2448 | 8b74 2430 | e947 ceff | ff4c 898c | 2480 0000 
  0x000001fd4fe539c0: 004c 8954 | 2478 4889 | 7c24 5848 | 895c 2450 | 4889 7424 | 4844 8b84 | 2488 0000 | 0044 8944 
  0x000001fd4fe539e0: 243c 4489 | 5c24 3848 | 894c 2430 | 4c89 6c24 

  0x000001fd4fe539f0: ;   {metadata({type array byte})}
  0x000001fd4fe539f0: 4048 ba18 | 2300 5efd | 0100 0045 | 8bc3 6690 

  0x000001fd4fe53a00: ;   {runtime_call _new_array_nozero_Java}
  0x000001fd4fe53a00: c5f8 77e8 

  0x000001fd4fe53a04: ; ImmutableOopMap {[40]=Oop [48]=Oop [88]=Derived_oop_[48] [60]=NarrowOop [64]=Oop [72]=Oop [80]=Oop [96]=Oop [104]=Oop }
                      ;*newarray {reexecute=0 rethrow=0 return_oop=1}
                      ; - java.util.Arrays::copyOfRangeByte@10
                      ; - java.util.Arrays::copyOfRange@13
                      ; - java.lang.StringLatin1::newString@16
                      ; - java.lang.String::substring@41
                      ; - java.net.URLClassLoader::defineClass@28
                      ; - java.net.URLClassLoader$1::run@43
                      ; - java.net.URLClassLoader$1::run@1
                      ; - java.security.AccessController::executePrivileged@29
                      ; - java.security.AccessController::doPrivileged@13
                      ; - java.net.URLClassLoader::findClass@13
  0x000001fd4fe53a04: f81a 8eff 

  0x000001fd4fe53a08: ;   {other}
  0x000001fd4fe53a08: 0f1f 8400 | f849 0049 | 4c8b 6c24 | 4044 8b5c | 2438 448b | 5424 3c44 | 8994 2488 | 0000 0048 
  0x000001fd4fe53a28: 8b5c 2450 | 488b 7c24 | 584c 8b54 | 2478 4c8b | 8c24 8000 | 0000 4c8b | f048 8b74 | 2448 e912 
  0x000001fd4fe53a48: cbff ff4c | 8bcb 458b | 512c 4585 | d20f 8443 | ddff ff4d | 8b5f 2849 | 8bca 4d85 | db0f 8425 
  0x000001fd4fe53a68: 2600 004d | 8b57 384b | 894c 1af8 | 4983 c3f8 | 4d89 5f28 | 4c8b cbe9 | 1add ffff | 4c8b 9424 
  0x000001fd4fe53a88: 9000 0000 | 458b 5a14 | 4585 db0f | 8492 deff | ff4d 8b57 | 2849 8bcb | 4d85 d20f | 8427 2600 
  0x000001fd4fe53aa8: 004d 8b5f | 384b 894c | 13f8 4983 | c2f8 4d89 | 5728 e96c | deff ff44 | 8b55 1c45 | 85d2 0f84 
  0x000001fd4fe53ac8: 1ede ffff | 4d8b 5f28 | 498b ca4d | 85db 0f84 | d425 0000 | 4d8b 5738 | 4b89 4c1a | f849 83c3 
  0x000001fd4fe53ae8: f84d 895f | 28e9 f8dd | ffff 448b | 5d1c 4585 | db0f 846f | dfff ff4d | 8b57 2849 

  0x000001fd4fe53b04: ;   {no_reloc}
  0x000001fd4fe53b04: 8bcb 4d85 | d20f 8401 | 2600 004d | 8b5f 384b | 894c 13f8 | 4983 c2f8 | 4d89 5728 | e949 dfff 
  0x000001fd4fe53b24: ff4c 8b94 | 2490 0000 | 0045 8b52 | 1045 85d2 | 0f84 75df | ffff 4d8b | 5f28 498b | ca4d 85db 
  0x000001fd4fe53b44: 0f84 a625 | 0000 4d8b | 5738 4b89 | 4c1a f849 | 83c3 f84d | 895f 28e9 | 4fdf ffff | 498b da4c 
  0x000001fd4fe53b64: 8b94 2490 | 0000 0045 | 8b5a 3445 | 85db 7421 | 4d8b 5728 | 498b cb4d | 85d2 0f84 | ec25 0000 
  0x000001fd4fe53b84: 4d8b 5f38 | 4b89 4c13 | f849 83c2 | f84d 8957 | 284c 8bd3 | e9ea e2ff | ff49 8bda | 4c8b 9424 
  0x000001fd4fe53ba4: 9000 0000 | 458b 5a38 | 4585 db0f | 8469 e3ff | ff4d 8b57 | 2849 8bcb | 4d85 d20f | 848b 2500 
  0x000001fd4fe53bc4: 004d 8b5f | 384b 894c | 13f8 4983 | c2f8 4d89 | 5728 e943 | e3ff ff4c | 8b94 2490 | 0000 0045 
  0x000001fd4fe53be4: 8b5a 2445 | 85db 0f84 | 06e2 ffff | 4d8b 5728 | 498b cb4d | 85d2 0f84 | 3025 0000 | 4d8b 5f38 
  0x000001fd4fe53c04: ;   {no_reloc}
  0x000001fd4fe53c04: 4b89 4c13 | f849 83c2 | f84d 8957 | 28e9 e0e1 | ffff 4c8b | 8424 8800 | 0000 458b | 5830 4585 
  0x000001fd4fe53c24: db0f 8446 | e3ff ff49 | 8bd8 4d8b | 5728 498b | cb4d 85d2 | 0f84 5225 | 0000 4d8b | 5f38 4b89 
  0x000001fd4fe53c44: 4c13 f849 | 83c2 f84d | 8957 284c | 8bc3 e91a | e3ff ff49 | 8bda 448b | 551c 4585 | d274 214d 
  0x000001fd4fe53c64: 8b5f 2849 | 8bca 4d85 | db0f 847d | 2500 004d | 8b57 384b | 894c 1af8 | 4983 c3f8 | 4d89 5f28 
  0x000001fd4fe53c84: 4c8b d3e9 | 63df ffff | 4c8b 9424 | 9000 0000 | 458b 5a18 | 4585 db0f | 8499 dfff | ff4d 8b57 
  0x000001fd4fe53ca4: 2849 8bcb | 4d85 d20f | 84ff 2400 | 004d 8b5f | 384b 894c | 13f8 4983 | c2f8 4d89 | 5728 e973 
  0x000001fd4fe53cc4: dfff ff49 | 8bda 4c8b | 9424 9000 | 0000 458b | 5a1c 4585 | db74 214d | 8b57 2849 | 8bcb 4d85 
  0x000001fd4fe53ce4: d20f 84e5 | 2400 004d | 8b5f 384b | 894c 13f8 | 4983 c2f8 | 4d89 5728 | 4c8b d3e9 | cedf ffff 
  0x000001fd4fe53d04: ;   {no_reloc}
  0x000001fd4fe53d04: 4c8b 9424 | 8800 0000 | 458b 520c | 4585 d20f | 8426 e4ff | ff4d 8b5f | 2849 8bca | 4d85 db0f 
  0x000001fd4fe53d24: 8427 2500 | 004d 8b57 | 384b 894c | 1af8 4983 | c3f8 4d89 | 5f28 e900 | e4ff ff44 | 8b5d 0c45 
  0x000001fd4fe53d44: 85db 0f84 | 9ae3 ffff | 4d8b 5728 | 498b cb4d | 85d2 0f84 | b424 0000 | 4d8b 5f38 | 4b89 4c13 
  0x000001fd4fe53d64: f849 83c2 | f84d 8957 | 28e9 74e3 | ffff 4c8b | 8424 8800 | 0000 458b | 5010 4585 | d274 2d49 
  0x000001fd4fe53d84: 8bfb 498b | d84d 8b5f | 2849 8bca | 4d85 db0f | 8497 2400 | 004d 8b57 | 384b 894c | 1af8 4983 
  0x000001fd4fe53da4: c3f8 4d89 | 5f28 4c8b | c34c 8bdf | 4d8b d3e9 | 2ee4 ffff | 4c8b c545 | 8b50 1445 | 85d2 0f84 
  0x000001fd4fe53dc4: 8ae4 ffff | 4d8b 5f28 | 498b ca4d | 85db 0f84 | 9824 0000 | 4d8b 5738 | 4b89 4c1a | f849 83c3 
  0x000001fd4fe53de4: f84d 895f | 28e9 64e4 | ffff 4d8b | 5758 4d8b | 5f48 f083 | 4424 c000 | 8039 000f | 841b dbff 
  0x000001fd4fe53e04: ;   {no_reloc}
  0x000001fd4fe53e04: ff44 8821 | 4d85 db75 | 2049 8bd7 | c5f8 7749 | ba00 a440 | 95ff 7f00 | 0041 ffd2 

  0x000001fd4fe53e20: ;   {other}
  0x000001fd4fe53e20: 0f1f 8400 | 0000 0000 | e9f3 daff | ff4b 894c | 1af8 4983 | c3f8 4d89 | 5f48 e9e1 | daff ff4d 
  0x000001fd4fe53e40: 8b57 484d | 8b5f 58f0 | 8344 24c0 | 0080 3900 | 0f84 19db | ffff 4488 | 214d 85d2 | 7520 498b 
  0x000001fd4fe53e60: d7c5 f877 | 49ba 00a4 | 4095 ff7f | 0000 41ff 

  0x000001fd4fe53e70: ;   {other}
  0x000001fd4fe53e70: d20f 1f84 | 0000 0000 | 00e9 f1da | ffff 4b89 | 4c13 f849 | 83c2 f84d | 8957 48e9 | dfda ffff 
  0x000001fd4fe53e90: 4d8b 5748 | 4d8b 5f58 | f083 4424 | c000 8039 | 000f 844c | dcff ff44 | 8821 4d85 | d275 2049 
  0x000001fd4fe53eb0: 8bd7 c5f8 | 7749 ba00 | a440 95ff | 7f00 0041 

  0x000001fd4fe53ec0: ;   {other}
  0x000001fd4fe53ec0: ffd2 0f1f | 8400 0000 | 0000 e924 | dcff ff4b | 894c 13f8 | 4983 c2f8 | 4d89 5748 | e912 dcff 
  0x000001fd4fe53ee0: ff4d 8b57 | 584d 8b5f | 48f0 8344 | 24c0 0080 | 3900 0f84 | acdb ffff | 4488 214d | 85db 7520 
  0x000001fd4fe53f00: 498b d7c5 | f877 49ba | 00a4 4095 | ff7f 0000 

  0x000001fd4fe53f10: ;   {other}
  0x000001fd4fe53f10: 41ff d20f | 1f84 0000 | 0000 00e9 | 84db ffff | 4b89 4c1a | f849 83c3 | f84d 895f | 48e9 72db 
  0x000001fd4fe53f30: ffff 4d8b | 5748 4d8b | 5f58 f083 | 4424 c000 | 8039 000f | 84ea deff | ff44 8821 | 4d85 d275 
  0x000001fd4fe53f50: 2049 8bd7 | c5f8 7749 | ba00 a440 | 95ff 7f00 | 0041 ffd2 

  0x000001fd4fe53f64: ;   {other}
  0x000001fd4fe53f64: 0f1f 8400 | 0000 0000 | e9c2 deff | ff4b 894c | 13f8 4983 | c2f8 4d89 | 5748 e9b0 | deff ff4d 
  0x000001fd4fe53f84: 8b57 484d | 8b5f 58f0 | 8344 24c0 | 0080 3900 | 0f84 c4df | ffff 4488 | 214d 85d2 | 7520 498b 
  0x000001fd4fe53fa4: d7c5 f877 | 49ba 00a4 | 4095 ff7f | 0000 41ff 

  0x000001fd4fe53fb4: ;   {other}
  0x000001fd4fe53fb4: d20f 1f84 | 0000 0000 | 00e9 9cdf | ffff 4b89 | 4c13 f849 | 83c2 f84d | 8957 48e9 | 8adf ffff 
  0x000001fd4fe53fd4: 4d8b 5748 | 4d8b 5f58 | f083 4424 | c000 8039 | 000f 84c0 | dfff ff44 | 8821 4d85 | d275 2649 
  0x000001fd4fe53ff4: 8bd8 498b | d7c5 f877 | 49ba 00a4 | 4095 ff7f | 0000 41ff 

  0x000001fd4fe54008: ;   {other}
  0x000001fd4fe54008: d20f 1f84 | 0000 0000 | 004c 8bc3 | e992 dfff | ff4b 894c | 13f8 4983 | c2f8 4d89 | 5748 e980 
  0x000001fd4fe54028: dfff ff4d | 8b57 584d | 8b5f 48f0 | 8344 24c0 | 0080 3900 | 0f84 7dde | ffff 4488 | 214d 85db 
  0x000001fd4fe54048: 7520 498b | d7c5 f877 | 49ba 00a4 | 4095 ff7f | 0000 41ff 

  0x000001fd4fe5405c: ;   {other}
  0x000001fd4fe5405c: d20f 1f84 | 0000 0000 | 00e9 55de | ffff 4b89 | 4c1a f849 | 83c3 f84d | 895f 48e9 | 43de ffff 
  0x000001fd4fe5407c: 4d8b 5758 | 4d8b 5f48 | f083 4424 | c000 8039 | 000f 8458 | ddff ff44 | 8821 4d85 | db75 2049 
  0x000001fd4fe5409c: 8bd7 c5f8 | 7749 ba00 | a440 95ff | 7f00 0041 

  0x000001fd4fe540ac: ;   {other}
  0x000001fd4fe540ac: ffd2 0f1f | 8400 0000 | 0000 e930 | ddff ff4b | 894c 1af8 | 4983 c3f8 | 4d89 5f48 | e91e ddff 
  0x000001fd4fe540cc: ff4d 8b57 | 584d 8b5f | 48f0 8344 | 24c0 0080 | 3900 0f84 | 4bdb ffff | 4488 214d | 85db 7520 
  0x000001fd4fe540ec: 498b d7c5 | f877 49ba | 00a4 4095 | ff7f 0000 

  0x000001fd4fe540fc: ;   {other}
  0x000001fd4fe540fc: 41ff d20f | 1f84 0000 | 0000 00e9 | 23db ffff | 4b89 4c1a | f849 83c3 | f84d 895f | 48e9 11db 
  0x000001fd4fe5411c: ffff 4d8b | 5758 4d8b | 5f48 f083 | 4424 c000 | 8039 000f | 84d5 dbff | ff44 8821 | 4d85 db75 
  0x000001fd4fe5413c: 2049 8bd7 | c5f8 7749 | ba00 a440 | 95ff 7f00 | 0041 ffd2 

  0x000001fd4fe54150: ;   {other}
  0x000001fd4fe54150: 0f1f 8400 | 0000 0000 | e9ad dbff | ff4b 894c | 1af8 4983 | c3f8 4d89 | 5f48 e99b | dbff ff4d 
  0x000001fd4fe54170: 8b57 484d | 8b5f 58f0 | 8344 24c0 | 0080 3900 | 0f84 f8da | ffff 4488 | 214d 85d2 | 7520 498b 
  0x000001fd4fe54190: d7c5 f877 | 49ba 00a4 | 4095 ff7f | 0000 41ff 

  0x000001fd4fe541a0: ;   {other}
  0x000001fd4fe541a0: d20f 1f84 | 0000 0000 | 00e9 d0da | ffff 4b89 | 4c13 f849 | 83c2 f84d | 8957 48e9 | beda ffff 
  0x000001fd4fe541c0: 4d8b 5748 | 4d8b 5f58 | f083 4424 | c000 8039 | 000f 8442 | e0ff ff44 | 8821 4d85 | d275 2049 
  0x000001fd4fe541e0: 8bd7 c5f8 | 7749 ba00 | a440 95ff | 7f00 0041 

  0x000001fd4fe541f0: ;   {other}
  0x000001fd4fe541f0: ffd2 0f1f | 8400 0000 | 0000 e91a | e0ff ff4b | 894c 13f8 | 4983 c2f8 | 4d89 5748 | e908 e0ff 
  0x000001fd4fe54210: ff4d 8b57 | 484d 8b5f | 58f0 8344 | 24c0 0080 | 3900 0f84 | 54df ffff | 4488 214d | 85d2 7520 
  0x000001fd4fe54230: 498b d7c5 | f877 49ba | 00a4 4095 | ff7f 0000 

  0x000001fd4fe54240: ;   {other}
  0x000001fd4fe54240: 41ff d20f | 1f84 0000 | 0000 00e9 | 2cdf ffff | 4b89 4c13 | f849 83c2 | f84d 8957 | 48e9 1adf 
  0x000001fd4fe54260: ffff 4d8b | 5758 4d8b | 5f48 f083 | 4424 c000 | 8039 000f | 8417 d5ff | ff44 8821 | 4d85 db75 
  0x000001fd4fe54280: 2049 8bd7 | c5f8 7749 | ba00 a440 | 95ff 7f00 | 0041 ffd2 

  0x000001fd4fe54294: ;   {other}
  0x000001fd4fe54294: 0f1f 8400 | 0000 0000 | e9ef d4ff | ff4b 894c | 1af8 4983 | c3f8 4d89 | 5f48 e9dd | d4ff ff41 
  0x000001fd4fe542b4: 8be8 498b | f94d 8b57 | 584d 8b5f | 48f0 8344 | 24c0 0080 | 3900 7432 | 4488 214d | 85db 740f 
  0x000001fd4fe542d4: 4b89 4c1a | f849 83c3 | f84d 895f | 48eb 1b49 | 8bd7 c5f8 | 7749 ba00 | a440 95ff | 7f00 0041 
  0x000001fd4fe542f4: ;   {other}
  0x000001fd4fe542f4: ffd2 0f1f | 8400 0000 | 0000 4c8b | cf44 8bc5 | e9d5 d4ff | ff4d 8b57 | 584d 8b5f | 48f0 8344 
  0x000001fd4fe54314: 24c0 0080 | 3900 0f84 | 14de ffff | 4488 214d | 85db 7520 | 498b d7c5 | f877 49ba | 00a4 4095 
  0x000001fd4fe54334: ff7f 0000 

  0x000001fd4fe54338: ;   {other}
  0x000001fd4fe54338: 41ff d20f | 1f84 0000 | 0000 00e9 | ecdd ffff | 4b89 4c1a | f849 83c3 | f84d 895f | 48e9 dadd 
  0x000001fd4fe54358: ffff 4d8b | 5748 4d8b | 5f58 f083 | 4424 c000 | 8039 000f | 841d dfff | ff44 8821 | 4d85 d275 
  0x000001fd4fe54378: 2649 8bd8 | 498b d7c5 | f877 49ba | 00a4 4095 | ff7f 0000 

  0x000001fd4fe5438c: ;   {other}
  0x000001fd4fe5438c: 41ff d20f | 1f84 0000 | 0000 004c | 8bc3 e9ef | deff ff4b | 894c 13f8 | 4983 c2f8 | 4d89 5748 
  0x000001fd4fe543ac: e9dd deff | ff44 8954 | 2458 4489 | 4c24 244c | 8b94 24a0 | 0000 004c | 8954 2450 | 4c8b 9424 
  0x000001fd4fe543cc: 8000 0000 | 4c89 5424 | 484c 8944 | 2438 4889 | 7424 3044 | 8b94 2488 | 0000 0044 | 8954 2420 
  0x000001fd4fe543ec: 4c89 6c24 | 404c 8974 | 2468 6690 

  0x000001fd4fe543f8: ;   {static_call}
  0x000001fd4fe543f8: c5f8 77e8 

  0x000001fd4fe543fc: ; ImmutableOopMap {rbp=Oop [32]=NarrowOop [36]=NarrowOop [40]=Oop [48]=Oop [56]=Oop [64]=Oop [72]=Oop [80]=Oop [88]=NarrowOop [96]=Oop [104]=Oop }
                      ;*invokestatic hashCode {reexecute=0 rethrow=0 return_oop=0}
                      ; - java.lang.String::hashCode@37
                      ; - java.util.concurrent.ConcurrentHashMap::get@1
                      ; - java.lang.ClassLoader::definePackage@47
                      ; - java.lang.ClassLoader::getDefinedPackage@32
                      ; - java.net.URLClassLoader::getAndVerifyPackage@2
                      ; - java.net.URLClassLoader::defineClass@46
                      ; - java.net.URLClassLoader$1::run@43
                      ; - java.net.URLClassLoader$1::run@1
                      ; - java.security.AccessController::executePrivileged@29
                      ; - java.security.AccessController::doPrivileged@13
                      ; - java.net.URLClassLoader::findClass@13
  0x000001fd4fe543fc: 80ac 81ff 

  0x000001fd4fe54400: ;   {other}
  0x000001fd4fe54400: 0f1f 8400 | f053 004a | e917 cfff | ff4c 8b44 | 2438 41c6 | 4011 0133 | c04c 8b74 | 2468 4c8b 
  0x000001fd4fe54420: 6c24 4044 | 8b5c 2420 | 4489 9c24 | 8800 0000 | 4c8b 5424 | 484c 8994 | 2480 0000 | 004c 8b54 
  0x000001fd4fe54440: 2450 4c89 | 9424 a000 | 0000 448b | 4c24 2444 | 8b54 2458 | 488b 7424 | 30e9 99c6 | ffff 458b 
  0x000001fd4fe54460: 5010 4585 | d20f 844d | d1ff ff4d | 8b5f 2849 | 8bca 4d85 | db0f 844b | 2500 004d | 8b57 384b 
  0x000001fd4fe54480: 894c 1af8 | 4983 c3f8 | 4d89 5f28 | e927 d1ff | ff4c 8b44 | 2448 458b | 500c 4585 | d20f 8489 
  0x000001fd4fe544a0: d0ff ff4d | 8b5f 2849 | 8bca 4d85 | db0f 84f3 | 2400 004d | 8b57 384b | 894c 1af8 | 4983 c3f8 
  0x000001fd4fe544c0: 4d89 5f28 | 4c8b 4424 | 48e9 5ed0 | ffff 448b | 5d0c 4585 | db0f 84f3 | cfff ff4d | 8b57 2849 
  0x000001fd4fe544e0: 8bcb 4d85 | d20f 8407 | 2500 004d | 8b5f 384b | 894c 13f8 | 4983 c2f8 | 4d89 5728 

  0x000001fd4fe544fc: ;   {no_reloc}
  0x000001fd4fe544fc: e9cd cfff | ff4c 8bd5 | 458b 5a14 | 4585 db0f | 8415 d1ff | ff4d 8b47 | 2849 8bcb | 4d85 c00f 
  0x000001fd4fe5451c: 84f1 2400 | 004d 8b5f | 384b 894c | 03f8 4983 | c0f8 4d89 | 4728 e9ef | d0ff ff4d | 8b57 484d 
  0x000001fd4fe5453c: 8b5f 58f0 | 8344 24c0 | 0080 3900 | 0f84 0ed0 | ffff 4488 | 214d 85d2 | 7526 498b | d849 8bd7 
  0x000001fd4fe5455c: c5f8 7749 | ba00 a440 | 95ff 7f00 | 0041 ffd2 

  0x000001fd4fe5456c: ;   {other}
  0x000001fd4fe5456c: 0f1f 8400 | 0000 0000 | 4c8b c3e9 | e0cf ffff | 4b89 4c13 | f849 83c2 | f84d 8957 | 48e9 cecf 
  0x000001fd4fe5458c: ffff 4d8b | 5758 4d8b | 5f48 f083 | 4424 c000 | 8039 000f | 8446 d0ff | ff44 8821 | 4d85 db75 
  0x000001fd4fe545ac: 2649 8bd8 | 498b d7c5 | f877 49ba | 00a4 4095 | ff7f 0000 

  0x000001fd4fe545c0: ;   {other}
  0x000001fd4fe545c0: 41ff d20f | 1f84 0000 | 0000 004c | 8bc3 e918 | d0ff ff4b | 894c 1af8 | 4983 c3f8 | 4d89 5f48 
  0x000001fd4fe545e0: e906 d0ff | ff4d 8b57 | 584d 8b5f | 48f0 8344 | 24c0 0080 | 3900 0f84 | 20cf ffff | 4488 214d 
  0x000001fd4fe54600: 85db 7520 | 498b d7c5 | f877 49ba | 00a4 4095 | ff7f 0000 

  0x000001fd4fe54614: ;   {other}
  0x000001fd4fe54614: 41ff d20f | 1f84 0000 | 0000 00e9 | f8ce ffff | 4b89 4c1a | f849 83c3 | f84d 895f | 48e9 e6ce 
  0x000001fd4fe54634: ffff 4c89 | 6c24 4044 | 8944 2448 | 488b e948 | 8974 2430 | 4889 5c24 | 7848 897c | 2438 4c89 
  0x000001fd4fe54654: ;   {metadata({type array byte})}
  0x000001fd4fe54654: 5424 5048 | ba18 2300 | 5efd 0100 | 0045 8bc1 | 4c8b 5424 | 604c 8954 | 2458 6690 

  0x000001fd4fe54670: ;   {runtime_call _new_array_nozero_Java}
  0x000001fd4fe54670: c5f8 77e8 

  0x000001fd4fe54674: ; ImmutableOopMap {rbp=Oop [56]=Derived_oop_rbp [40]=Oop [48]=Oop [64]=Oop [72]=NarrowOop [88]=Oop [96]=Oop [104]=Oop [120]=Oop [136]=NarrowOop }
                      ;*invokevirtual clone {reexecute=1 rethrow=0 return_oop=1}
                      ; - (reexecute) java.util.Arrays::copyOfRange@18
                      ; - java.lang.StringLatin1::newString@16
                      ; - java.lang.String::substring@41
                      ; - java.net.URLClassLoader::defineClass@28
                      ; - java.net.URLClassLoader$1::run@43
                      ; - java.net.URLClassLoader$1::run@1
                      ; - java.security.AccessController::executePrivileged@29
                      ; - java.security.AccessController::doPrivileged@13
                      ; - java.net.URLClassLoader::findClass@13
  0x000001fd4fe54674: 880e 8eff 

  0x000001fd4fe54678: ;   {other}
  0x000001fd4fe54678: 0f1f 8400 | 6856 004b | 4c8b f0e9 | f8bd ffff | 8bef e9e7 | b4ff ff48 | 895c 2420 | 4c89 6c24 
  0x000001fd4fe54698: 6048 8b6c 

  0x000001fd4fe5469c: ;   {metadata('java/lang/String')}
  0x000001fd4fe5469c: 2468 48ba | 78e8 005e | fd01 0000 | 4c89 6c24 | 3066 6690 

  0x000001fd4fe546b0: ;   {runtime_call _new_instance_Java}
  0x000001fd4fe546b0: c5f8 77e8 

  0x000001fd4fe546b4: ; ImmutableOopMap {rbp=Oop [32]=Oop [48]=Oop [96]=Oop [104]=Oop }
                      ;*new {reexecute=0 rethrow=0 return_oop=1}
                      ; - java.lang.StringConcatHelper::simpleConcat@17
                      ; - java.lang.String::concat@11
                      ; - java.net.URLClassLoader$1::run@13
                      ; - java.net.URLClassLoader$1::run@1
                      ; - java.security.AccessController::executePrivileged@29
                      ; - java.security.AccessController::doPrivileged@13
                      ; - java.net.URLClassLoader::findClass@13
  0x000001fd4fe546b4: c8fa 8dff 

  0x000001fd4fe546b8: ;   {other}
  0x000001fd4fe546b8: 0f1f 8400 | a856 004c | 4c8b 6c24 | 3048 8b5c | 2420 e9c9 | caff ff44 | 894c 2424 | 4c8b 9424 
  0x000001fd4fe546d8: a000 0000 | 4c89 5424 | 504c 8b94 | 2480 0000 | 004c 8954 | 2448 4c89 | 4424 3848 | 8974 2430 
  0x000001fd4fe546f8: 448b 9c24 | 8800 0000 | 4489 5c24 | 204c 896c | 2440 4c89 

  0x000001fd4fe5470c: ;   {metadata('java/lang/ClassLoader$$Lambda+0x000001fd5f066288')}
  0x000001fd4fe5470c: 7424 6848 | ba88 6206 | 5ffd 0100 | 004c 8b54 | 2460 4c89 | 5424 5890 

  0x000001fd4fe54724: ;   {runtime_call _new_instance_Java}
  0x000001fd4fe54724: c5f8 77e8 

  0x000001fd4fe54728: ; ImmutableOopMap {rbp=NarrowOop [32]=NarrowOop [36]=NarrowOop [40]=Oop [48]=Oop [56]=Oop [64]=Oop [72]=Oop [80]=Oop [88]=Oop [96]=Oop [104]=Oop }
                      ;*invokevirtual allocateInstance {reexecute=0 rethrow=0 return_oop=1}
                      ; - java.lang.invoke.DirectMethodHandle::allocateInstance@12
                      ; - java.lang.invoke.DirectMethodHandle$Holder::newInvokeSpecial@1
                      ; - java.lang.invoke.Invokers$Holder::linkToTargetMethod@6
                      ; - java.lang.ClassLoader::definePackage@73
                      ; - java.lang.ClassLoader::getDefinedPackage@32
                      ; - java.net.URLClassLoader::getAndVerifyPackage@2
                      ; - java.net.URLClassLoader::defineClass@46
                      ; - java.net.URLClassLoader$1::run@43
                      ; - java.net.URLClassLoader$1::run@1
                      ; - java.security.AccessController::executePrivileged@29
                      ; - java.security.AccessController::doPrivileged@13
                      ; - java.net.URLClassLoader::findClass@13
  0x000001fd4fe54728: 54fa 8dff 

  0x000001fd4fe5472c: ;   {other}
  0x000001fd4fe5472c: 0f1f 8400 | 1c57 004d | 4c8b 7424 | 684c 8b6c | 2440 448b | 5424 2044 | 8994 2488 | 0000 004c 
  0x000001fd4fe5474c: 8b44 2438 | 4c8b 4c24 | 484c 898c | 2480 0000 | 004c 8b4c | 2450 4c89 | 8c24 a000 | 0000 448b 
  0x000001fd4fe5476c: 4c24 244c | 8bd8 488b | 7424 30e9 | 82c6 ffff | 8bbc 2490 | 0000 00ff 

  0x000001fd4fe54784: ;   {oop(a 'java/io/WinNTFileSystem'{0x00000000800d27e8})}
  0x000001fd4fe54784: cf48 bae8 | 270d 8000 | 0000 004c | 8b84 2488 | 0000 0044 | 8b8c 2490 | 0000 0048 | 8b6c 2460 
  0x000001fd4fe547a4: ;   {optimized virtual_call}
  0x000001fd4fe547a4: c5f8 77e8 

  0x000001fd4fe547a8: ; ImmutableOopMap {rbp=Oop [40]=Oop [48]=NarrowOop [56]=Oop [80]=Oop [88]=Oop [96]=Oop [104]=Oop [112]=Oop [120]=NarrowOop [128]=Oop }
                      ;*invokevirtual normalize {reexecute=0 rethrow=0 return_oop=1}
                      ; - java.io.WinNTFileSystem::normalize@137
                      ; - java.io.File::<init>@73
                      ; - jdk.internal.loader.URLClassPath$FileLoader::getResource@73
                      ; - jdk.internal.loader.URLClassPath::getResource@53
                      ; - java.net.URLClassLoader$1::run@26
                      ; - java.net.URLClassLoader$1::run@1
                      ; - java.security.AccessController::executePrivileged@29
                      ; - java.security.AccessController::doPrivileged@13
                      ; - java.net.URLClassLoader::findClass@13
  0x000001fd4fe547a8: d4a2 81ff 

  0x000001fd4fe547ac: ;   {other}
  0x000001fd4fe547ac: 0f1f 8400 | 9c57 004e | 4c8b c8e9 | 8ce0 ffff | 41bb 0300 | 0000 4533 | d244 899c | 24b0 0000 
  0x000001fd4fe547cc: 00e9 5ee8 | ffff 448b | 9424 a800 | 0000 443b | 5424 7c0f | 846e 0600 

  0x000001fd4fe547e4: ;   {oop(a 'java/io/WinNTFileSystem'{0x00000000800d27e8})}
  0x000001fd4fe547e4: 0048 bae8 | 270d 8000 | 0000 004c | 8b84 2488 | 0000 0044 | 8b8c 2490 | 0000 008b | bc24 ac00 
  0x000001fd4fe54804: 0000 488b | 6c24 6090 

  0x000001fd4fe5480c: ;   {optimized virtual_call}
  0x000001fd4fe5480c: c5f8 77e8 

  0x000001fd4fe54810: ; ImmutableOopMap {rbp=Oop [40]=Oop [48]=NarrowOop [56]=Oop [80]=Oop [88]=Oop [96]=Oop [104]=Oop [112]=Oop [120]=NarrowOop [128]=Oop }
                      ;*invokevirtual normalize {reexecute=0 rethrow=0 return_oop=1}
                      ; - java.io.WinNTFileSystem::normalize@61
                      ; - java.io.File::<init>@73
                      ; - jdk.internal.loader.URLClassPath$FileLoader::getResource@118
                      ; - jdk.internal.loader.URLClassPath::getResource@53
                      ; - java.net.URLClassLoader$1::run@26
                      ; - java.net.URLClassLoader$1::run@1
                      ; - java.security.AccessController::executePrivileged@29
                      ; - java.security.AccessController::doPrivileged@13
                      ; - java.net.URLClassLoader::findClass@13
  0x000001fd4fe54810: 6ca2 81ff 

  0x000001fd4fe54814: ;   {other}
  0x000001fd4fe54814: 0f1f 8400 | 0458 004f | 4c8b c8e9 | 1fe8 ffff | 448b 9424 | ac00 0000 | 41ff ca44 | 8994 24ac 
  0x000001fd4fe54834: 0000 00e9 | 83ee ffff | 4c8b 9424 | 8000 0000 | 458b 5a14 | 4585 db0f | 84da ddff | ff4d 8b57 
  0x000001fd4fe54854: 2849 8bcb | 4d85 d20f | 84eb 2400 | 004d 8b5f | 384b 894c | 13f8 4983 | c2f8 4d89 | 5728 e9b4 
  0x000001fd4fe54874: ddff ff4c | 8b54 2478 | 4d85 d20f | 854c e0ff | ffba f6ff | ffff 4c8b | 5424 284c | 8954 2420 
  0x000001fd4fe54894: 448b 5424 | 3044 8954 | 2428 4c8b | 5424 5044 | 8b5c 2440 | 4489 5c24 | 2c4c 8954 | 2438 4c8b 
  0x000001fd4fe548b4: 5424 584c | 8954 2450 

  0x000001fd4fe548bc: ;   {runtime_call UncommonTrapBlob}
  0x000001fd4fe548bc: c5f8 77e8 

  0x000001fd4fe548c0: ; ImmutableOopMap {rbp=Oop [32]=Oop [40]=NarrowOop [56]=Oop [80]=Oop [104]=Oop [112]=Oop [128]=Oop }
                      ;*invokevirtual length {reexecute=0 rethrow=0 return_oop=0}
                      ; - java.io.WinNTFileSystem::prefixLength@6
                      ; - java.io.File::<init>@104
                      ; - jdk.internal.loader.URLClassPath$FileLoader::getResource@73
                      ; - jdk.internal.loader.URLClassPath::getResource@53
                      ; - java.net.URLClassLoader$1::run@26
                      ; - java.net.URLClassLoader$1::run@1
                      ; - java.security.AccessController::executePrivileged@29
                      ; - java.security.AccessController::doPrivileged@13
                      ; - java.net.URLClassLoader::findClass@13
  0x000001fd4fe548c0: bcfa 81ff 

  0x000001fd4fe548c4: ;   {other}
  0x000001fd4fe548c4: 0f1f 8400 | b458 0050 | 4c8b 9424 | 8000 0000 | 458b 5a10 | 4585 db0f | 849f dfff | ff4d 8b57 
  0x000001fd4fe548e4: 2849 8bcb | 4d85 d20f | 847b 2400 | 004d 8b5f | 384b 894c | 13f8 4983 | c2f8 4d89 | 5728 e979 
  0x000001fd4fe54904: dfff ff4d | 8b57 584d | 8b5f 48f0 | 8344 24c0 | 0080 3900 | 7432 4488 | 214d 85db | 740f 4b89 
  0x000001fd4fe54924: 4c1a f849 | 83c3 f84d | 895f 48eb | 1b49 8bd7 | c5f8 7749 | ba00 a440 | 95ff 7f00 | 0041 ffd2 
  0x000001fd4fe54944: ;   {other}
  0x000001fd4fe54944: 0f1f 8400 | 0000 0000 | 4c8b 9424 | 8000 0000 | 458b 5a10 | 4585 db0f | 8424 ffff | ff4d 8bd3 
  0x000001fd4fe54964: 4c89 5424 | 78e9 63df 

  0x000001fd4fe5496c: ;   {metadata('java/lang/ref/SoftReference')}
  0x000001fd4fe5496c: ffff 48ba | 90df 035e | fd01 0000 | 4c8b 5424 | 604c 8954 | 2438 6690 

  0x000001fd4fe54984: ;   {runtime_call _new_instance_Java}
  0x000001fd4fe54984: c5f8 77e8 

  0x000001fd4fe54988: ; ImmutableOopMap {rbp=Oop [40]=Oop [48]=Oop [56]=Oop [64]=Oop [80]=Oop [88]=NarrowOop [96]=Oop [104]=Oop [120]=Oop [200]=Oop }
                      ;*new {reexecute=0 rethrow=0 return_oop=1}
                      ; - java.util.jar.JarFile::getManifestFromReference@184
                      ; - java.util.jar.JarFile::getManifest@1
                      ; - jdk.internal.loader.URLClassPath$JarLoader$2::getManifest@22
                      ; - java.net.URLClassLoader::defineClass@34
                      ; - java.net.URLClassLoader$1::run@43
                      ; - java.net.URLClassLoader$1::run@1
                      ; - java.security.AccessController::executePrivileged@29
                      ; - java.security.AccessController::doPrivileged@13
                      ; - java.net.URLClassLoader::findClass@13
  0x000001fd4fe54988: f4f7 8dff 

  0x000001fd4fe5498c: ;   {other}
  0x000001fd4fe5498c: 0f1f 8400 | 7c59 0051 | 4c8b c0e9 | 3ed9 ffff 

  0x000001fd4fe5499c: ;   {metadata('java/util/jar/JarVerifier')}
  0x000001fd4fe5499c: 48ba 789e | 165e fd01 | 0000 6690 

  0x000001fd4fe549a8: ;   {runtime_call _new_instance_Java}
  0x000001fd4fe549a8: c5f8 77e8 

  0x000001fd4fe549ac: ; ImmutableOopMap {rbp=Oop [40]=Oop [48]=Oop [56]=Oop [64]=Oop [88]=NarrowOop [96]=Oop [104]=Oop [120]=Oop [128]=Oop [136]=Oop [200]=Oop }
                      ;*new {reexecute=0 rethrow=0 return_oop=1}
                      ; - java.util.jar.JarFile::getManifestFromReference@69
                      ; - java.util.jar.JarFile::getManifest@1
                      ; - jdk.internal.loader.URLClassPath$JarLoader$2::getManifest@22
                      ; - java.net.URLClassLoader::defineClass@34
                      ; - java.net.URLClassLoader$1::run@43
                      ; - java.net.URLClassLoader$1::run@1
                      ; - java.security.AccessController::executePrivileged@29
                      ; - java.security.AccessController::doPrivileged@13
                      ; - java.net.URLClassLoader::findClass@13
  0x000001fd4fe549ac: d0f7 8dff 

  0x000001fd4fe549b0: ;   {other}
  0x000001fd4fe549b0: 0f1f 8400 | a059 0052 | 4c8b d8e9 | 66cd ffff | 4489 4424 | 384c 898c | 2490 0000 

  0x000001fd4fe549cc: ;   {metadata('java/util/Hashtable')}
  0x000001fd4fe549cc: 0048 bab8 | d300 5efd | 0100 0048 | 8b6c 2460 

  0x000001fd4fe549dc: ;   {runtime_call _new_instance_Java}
  0x000001fd4fe549dc: c5f8 77e8 

  0x000001fd4fe549e0: ; ImmutableOopMap {rbp=Oop [40]=Oop [48]=Oop [56]=NarrowOop [64]=Oop [88]=NarrowOop [96]=Oop [104]=Oop [120]=Oop [128]=Oop [136]=Oop [144]=Oop [200]=Oop }
                      ;*new {reexecute=0 rethrow=0 return_oop=1}
                      ; - java.util.jar.JarVerifier::<init>@35
                      ; - java.util.jar.JarFile::getManifestFromReference@78
                      ; - java.util.jar.JarFile::getManifest@1
                      ; - jdk.internal.loader.URLClassPath$JarLoader$2::getManifest@22
                      ; - java.net.URLClassLoader::defineClass@34
                      ; - java.net.URLClassLoader$1::run@43
                      ; - java.net.URLClassLoader$1::run@1
                      ; - java.security.AccessController::executePrivileged@29
                      ; - java.security.AccessController::doPrivileged@13
                      ; - java.net.URLClassLoader::findClass@13
  0x000001fd4fe549e0: 9cf7 8dff 

  0x000001fd4fe549e4: ;   {other}
  0x000001fd4fe549e4: 0f1f 8400 | d459 0053 | 488b e8e9 | 44ce ffff 

  0x000001fd4fe549f4: ;   {metadata('java/util/Hashtable$Entry'[])}
  0x000001fd4fe549f4: 48ba a87f | 135e fd01 | 0000 41b8 | 0b00 0000 

  0x000001fd4fe54a04: ;   {runtime_call _new_array_Java}
  0x000001fd4fe54a04: c5f8 77e8 

  0x000001fd4fe54a08: ; ImmutableOopMap {rbp=Oop [40]=Oop [48]=Oop [56]=NarrowOop [64]=Oop [72]=Oop [88]=NarrowOop [96]=Oop [104]=Oop [120]=Oop [128]=Oop [136]=Oop [144]=Oop [200]=Oop }
                      ;*anewarray {reexecute=0 rethrow=0 return_oop=1}
                      ; - java.util.Hashtable::<init>@93
                      ; - java.util.Hashtable::<init>@5
                      ; - java.util.jar.JarVerifier::<init>@39
                      ; - java.util.jar.JarFile::getManifestFromReference@78
                      ; - java.util.jar.JarFile::getManifest@1
                      ; - jdk.internal.loader.URLClassPath$JarLoader$2::getManifest@22
                      ; - java.net.URLClassLoader::defineClass@34
                      ; - java.net.URLClassLoader$1::run@43
                      ; - java.net.URLClassLoader$1::run@1
                      ; - java.security.AccessController::executePrivileged@29
                      ; - java.security.AccessController::doPrivileged@13
                      ; - java.net.URLClassLoader::findClass@13
  0x000001fd4fe54a08: 7433 8eff 

  0x000001fd4fe54a0c: ;   {other}
  0x000001fd4fe54a0c: 0f1f 8400 | fc59 0054 | 4c8b d0e9 | c0ce ffff 

  0x000001fd4fe54a1c: ;   {metadata('java/util/Hashtable')}
  0x000001fd4fe54a1c: 48ba b8d3 | 005e fd01 | 0000 488b | 6c24 4890 

  0x000001fd4fe54a2c: ;   {runtime_call _new_instance_Java}
  0x000001fd4fe54a2c: c5f8 77e8 

  0x000001fd4fe54a30: ; ImmutableOopMap {rbp=Oop [40]=Oop [48]=Oop [56]=NarrowOop [64]=Oop [88]=NarrowOop [96]=Oop [104]=Oop [120]=Oop [128]=Oop [136]=Oop [144]=Oop [200]=Oop }
                      ;*new {reexecute=0 rethrow=0 return_oop=1}
                      ; - java.util.jar.JarVerifier::<init>@46
                      ; - java.util.jar.JarFile::getManifestFromReference@78
                      ; - java.util.jar.JarFile::getManifest@1
                      ; - jdk.internal.loader.URLClassPath$JarLoader$2::getManifest@22
                      ; - java.net.URLClassLoader::defineClass@34
                      ; - java.net.URLClassLoader$1::run@43
                      ; - java.net.URLClassLoader$1::run@1
                      ; - java.security.AccessController::executePrivileged@29
                      ; - java.security.AccessController::doPrivileged@13
                      ; - java.net.URLClassLoader::findClass@13
  0x000001fd4fe54a30: 4cf7 8dff 

  0x000001fd4fe54a34: ;   {other}
  0x000001fd4fe54a34: 0f1f 8400 | 245a 0055 | 488b e8e9 | 78cf ffff 

  0x000001fd4fe54a44: ;   {metadata('java/util/Hashtable$Entry'[])}
  0x000001fd4fe54a44: 48ba a87f | 135e fd01 | 0000 41b8 | 0b00 0000 

  0x000001fd4fe54a54: ;   {runtime_call _new_array_Java}
  0x000001fd4fe54a54: c5f8 77e8 

  0x000001fd4fe54a58: ; ImmutableOopMap {rbp=Oop [40]=Oop [48]=Oop [56]=NarrowOop [64]=Oop [72]=Oop [88]=NarrowOop [96]=Oop [104]=Oop [120]=Oop [128]=Oop [136]=Oop [144]=Oop [200]=Oop }
                      ;*anewarray {reexecute=0 rethrow=0 return_oop=1}
                      ; - java.util.Hashtable::<init>@93
                      ; - java.util.Hashtable::<init>@5
                      ; - java.util.jar.JarVerifier::<init>@50
                      ; - java.util.jar.JarFile::getManifestFromReference@78
                      ; - java.util.jar.JarFile::getManifest@1
                      ; - jdk.internal.loader.URLClassPath$JarLoader$2::getManifest@22
                      ; - java.net.URLClassLoader::defineClass@34
                      ; - java.net.URLClassLoader$1::run@43
                      ; - java.net.URLClassLoader$1::run@1
                      ; - java.security.AccessController::executePrivileged@29
                      ; - java.security.AccessController::doPrivileged@13
                      ; - java.net.URLClassLoader::findClass@13
  0x000001fd4fe54a58: 2433 8eff 

  0x000001fd4fe54a5c: ;   {other}
  0x000001fd4fe54a5c: 0f1f 8400 | 4c5a 0056 | 4c8b d0e9 | f4cf ffff 

  0x000001fd4fe54a6c: ;   {metadata('java/util/Hashtable')}
  0x000001fd4fe54a6c: 48ba b8d3 | 005e fd01 | 0000 488b | 6c24 4890 

  0x000001fd4fe54a7c: ;   {runtime_call _new_instance_Java}
  0x000001fd4fe54a7c: c5f8 77e8 

  0x000001fd4fe54a80: ; ImmutableOopMap {rbp=Oop [40]=Oop [48]=Oop [56]=NarrowOop [64]=Oop [88]=NarrowOop [96]=Oop [104]=Oop [120]=Oop [128]=Oop [136]=Oop [144]=Oop [200]=Oop }
                      ;*new {reexecute=0 rethrow=0 return_oop=1}
                      ; - java.util.jar.JarVerifier::<init>@57
                      ; - java.util.jar.JarFile::getManifestFromReference@78
                      ; - java.util.jar.JarFile::getManifest@1
                      ; - jdk.internal.loader.URLClassPath$JarLoader$2::getManifest@22
                      ; - java.net.URLClassLoader::defineClass@34
                      ; - java.net.URLClassLoader$1::run@43
                      ; - java.net.URLClassLoader$1::run@1
                      ; - java.security.AccessController::executePrivileged@29
                      ; - java.security.AccessController::doPrivileged@13
                      ; - java.net.URLClassLoader::findClass@13
  0x000001fd4fe54a80: fcf6 8dff 

  0x000001fd4fe54a84: ;   {other}
  0x000001fd4fe54a84: 0f1f 8400 | 745a 0057 | 488b e8e9 | acd0 ffff 

  0x000001fd4fe54a94: ;   {metadata('java/io/ByteArrayInputStream')}
  0x000001fd4fe54a94: 48ba a023 | 055e fd01 | 0000 488b | 6c24 6090 

  0x000001fd4fe54aa4: ;   {runtime_call _new_instance_Java}
  0x000001fd4fe54aa4: c5f8 77e8 

  0x000001fd4fe54aa8: ; ImmutableOopMap {rbp=Oop [40]=Oop [48]=Oop [56]=NarrowOop [64]=Oop [72]=Oop [80]=Oop [88]=NarrowOop [92]=NarrowOop [96]=Oop [104]=Oop [120]=Oop [128]=Oop [136]=Oop [200]=Oop }
                      ;*new {reexecute=0 rethrow=0 return_oop=1}
                      ; - java.util.jar.JarFile::getManifestFromReference@109
                      ; - java.util.jar.JarFile::getManifest@1
                      ; - jdk.internal.loader.URLClassPath$JarLoader$2::getManifest@22
                      ; - java.net.URLClassLoader::defineClass@34
                      ; - java.net.URLClassLoader$1::run@43
                      ; - java.net.URLClassLoader$1::run@1
                      ; - java.security.AccessController::executePrivileged@29
                      ; - java.security.AccessController::doPrivileged@13
                      ; - java.net.URLClassLoader::findClass@13
  0x000001fd4fe54aa8: d4f6 8dff 

  0x000001fd4fe54aac: ;   {other}
  0x000001fd4fe54aac: 0f1f 8400 | 9c5a 0058 | e999 d5ff | ff4c 8944 

  0x000001fd4fe54abc: ;   {metadata('java/util/jar/Manifest')}
  0x000001fd4fe54abc: 2450 48ba | a0e1 045e | fd01 0000 | 488b 6c24 | 6066 6690 

  0x000001fd4fe54ad0: ;   {runtime_call _new_instance_Java}
  0x000001fd4fe54ad0: c5f8 77e8 

  0x000001fd4fe54ad4: ; ImmutableOopMap {rbp=Oop [40]=Oop [48]=Oop [56]=NarrowOop [64]=Oop [80]=Oop [88]=NarrowOop [96]=Oop [104]=Oop [120]=Oop [128]=Oop [200]=Oop }
                      ;*new {reexecute=0 rethrow=0 return_oop=1}
                      ; - java.util.jar.JarFile::getManifestFromReference@101
                      ; - java.util.jar.JarFile::getManifest@1
                      ; - jdk.internal.loader.URLClassPath$JarLoader$2::getManifest@22
                      ; - java.net.URLClassLoader::defineClass@34
                      ; - java.net.URLClassLoader$1::run@43
                      ; - java.net.URLClassLoader$1::run@1
                      ; - java.security.AccessController::executePrivileged@29
                      ; - java.security.AccessController::doPrivileged@13
                      ; - java.net.URLClassLoader::findClass@13
  0x000001fd4fe54ad4: a8f6 8dff 

  0x000001fd4fe54ad8: ;   {other}
  0x000001fd4fe54ad8: 0f1f 8400 | c85a 0059 | e90b d5ff 

  0x000001fd4fe54ae4: ;   {metadata('java/io/ByteArrayOutputStream')}
  0x000001fd4fe54ae4: ff48 baa0 | 0022 5efd | 0100 0048 | 8b6c 2460 

  0x000001fd4fe54af4: ;   {runtime_call _new_instance_Java}
  0x000001fd4fe54af4: c5f8 77e8 

  0x000001fd4fe54af8: ; ImmutableOopMap {rbp=Oop [40]=Oop [48]=Oop [56]=NarrowOop [64]=Oop [88]=NarrowOop [92]=NarrowOop [96]=Oop [104]=Oop [120]=Oop [128]=Oop [136]=Oop [144]=Oop [200]=Oop }
                      ;*new {reexecute=0 rethrow=0 return_oop=1}
                      ; - java.util.jar.JarVerifier::<init>@81
                      ; - java.util.jar.JarFile::getManifestFromReference@78
                      ; - java.util.jar.JarFile::getManifest@1
                      ; - jdk.internal.loader.URLClassPath$JarLoader$2::getManifest@22
                      ; - java.net.URLClassLoader::defineClass@34
                      ; - java.net.URLClassLoader$1::run@43
                      ; - java.net.URLClassLoader$1::run@1
                      ; - java.security.AccessController::executePrivileged@29
                      ; - java.security.AccessController::doPrivileged@13
                      ; - java.net.URLClassLoader::findClass@13
  0x000001fd4fe54af8: 84f6 8dff 

  0x000001fd4fe54afc: ;   {other}
  0x000001fd4fe54afc: 0f1f 8400 | ec5a 005a | 4c8b d8e9 | 3fd2 ffff 

  0x000001fd4fe54b0c: ;   {metadata('java/util/ArrayList')}
  0x000001fd4fe54b0c: 48ba d089 | 0b5e fd01 | 0000 488b | 6c24 6090 

  0x000001fd4fe54b1c: ;   {runtime_call _new_instance_Java}
  0x000001fd4fe54b1c: c5f8 77e8 

  0x000001fd4fe54b20: ; ImmutableOopMap {rbp=Oop [40]=Oop [48]=Oop [56]=NarrowOop [64]=Oop [88]=NarrowOop [92]=NarrowOop [96]=Oop [104]=Oop [120]=Oop [128]=Oop [136]=Oop [144]=Oop [200]=Oop }
                      ;*new {reexecute=0 rethrow=0 return_oop=1}
                      ; - java.util.jar.JarVerifier::<init>@92
                      ; - java.util.jar.JarFile::getManifestFromReference@78
                      ; - java.util.jar.JarFile::getManifest@1
                      ; - jdk.internal.loader.URLClassPath$JarLoader$2::getManifest@22
                      ; - java.net.URLClassLoader::defineClass@34
                      ; - java.net.URLClassLoader$1::run@43
                      ; - java.net.URLClassLoader$1::run@1
                      ; - java.security.AccessController::executePrivileged@29
                      ; - java.security.AccessController::doPrivileged@13
                      ; - java.net.URLClassLoader::findClass@13
  0x000001fd4fe54b20: 5cf6 8dff 

  0x000001fd4fe54b24: ;   {other}
  0x000001fd4fe54b24: 0f1f 8400 | 145b 005b | 4c8b d0e9 | 40d3 ffff 

  0x000001fd4fe54b34: ;   {metadata('java/util/Hashtable$Entry'[])}
  0x000001fd4fe54b34: 48ba a87f | 135e fd01 | 0000 41b8 | 0b00 0000 

  0x000001fd4fe54b44: ;   {runtime_call _new_array_Java}
  0x000001fd4fe54b44: c5f8 77e8 

  0x000001fd4fe54b48: ; ImmutableOopMap {rbp=Oop [40]=Oop [48]=Oop [56]=NarrowOop [64]=Oop [72]=Oop [88]=NarrowOop [96]=Oop [104]=Oop [120]=Oop [128]=Oop [136]=Oop [144]=Oop [200]=Oop }
                      ;*anewarray {reexecute=0 rethrow=0 return_oop=1}
                      ; - java.util.Hashtable::<init>@93
                      ; - java.util.Hashtable::<init>@4
                      ; - java.util.jar.JarVerifier::<init>@63
                      ; - java.util.jar.JarFile::getManifestFromReference@78
                      ; - java.util.jar.JarFile::getManifest@1
                      ; - jdk.internal.loader.URLClassPath$JarLoader$2::getManifest@22
                      ; - java.net.URLClassLoader::defineClass@34
                      ; - java.net.URLClassLoader$1::run@43
                      ; - java.net.URLClassLoader$1::run@1
                      ; - java.security.AccessController::executePrivileged@29
                      ; - java.security.AccessController::doPrivileged@13
                      ; - java.net.URLClassLoader::findClass@13
  0x000001fd4fe54b48: 3432 8eff 

  0x000001fd4fe54b4c: ;   {other}
  0x000001fd4fe54b4c: 0f1f 8400 | 3c5b 005c | 4c8b d0e9 | 88d0 ffff 

  0x000001fd4fe54b5c: ;   {metadata('java/util/ArrayList')}
  0x000001fd4fe54b5c: 48ba d089 | 0b5e fd01 | 0000 488b | 6c24 4890 

  0x000001fd4fe54b6c: ;   {runtime_call _new_instance_Java}
  0x000001fd4fe54b6c: c5f8 77e8 

  0x000001fd4fe54b70: ; ImmutableOopMap {rbp=Oop [40]=Oop [48]=Oop [56]=NarrowOop [64]=Oop [88]=NarrowOop [92]=NarrowOop [96]=Oop [104]=Oop [120]=Oop [128]=Oop [136]=Oop [144]=Oop [200]=Oop }
                      ;*new {reexecute=0 rethrow=0 return_oop=1}
                      ; - java.util.jar.JarVerifier::<init>@70
                      ; - java.util.jar.JarFile::getManifestFromReference@78
                      ; - java.util.jar.JarFile::getManifest@1
                      ; - jdk.internal.loader.URLClassPath$JarLoader$2::getManifest@22
                      ; - java.net.URLClassLoader::defineClass@34
                      ; - java.net.URLClassLoader$1::run@43
                      ; - java.net.URLClassLoader$1::run@1
                      ; - java.security.AccessController::executePrivileged@29
                      ; - java.security.AccessController::doPrivileged@13
                      ; - java.net.URLClassLoader::findClass@13
  0x000001fd4fe54b70: 0cf6 8dff 

  0x000001fd4fe54b74: ;   {other}
  0x000001fd4fe54b74: 0f1f 8400 | 645b 005d | 4c8b d0e9 | 3bd1 ffff 

  0x000001fd4fe54b84: ;   {metadata('java/util/HashMap')}
  0x000001fd4fe54b84: 48ba 68a9 | 085e fd01 | 0000 488b | 6c24 6090 

  0x000001fd4fe54b94: ;   {runtime_call _new_instance_Java}
  0x000001fd4fe54b94: c5f8 77e8 

  0x000001fd4fe54b98: ; ImmutableOopMap {rbp=Oop [40]=Oop [48]=Oop [56]=NarrowOop [64]=Oop [88]=NarrowOop [92]=NarrowOop [96]=Oop [104]=Oop [120]=Oop [128]=Oop [136]=Oop [144]=Oop [200]=Oop }
                      ;*new {reexecute=0 rethrow=0 return_oop=1}
                      ; - java.util.jar.JarVerifier::<init>@103
                      ; - java.util.jar.JarFile::getManifestFromReference@78
                      ; - java.util.jar.JarFile::getManifest@1
                      ; - jdk.internal.loader.URLClassPath$JarLoader$2::getManifest@22
                      ; - java.net.URLClassLoader::defineClass@34
                      ; - java.net.URLClassLoader$1::run@43
                      ; - java.net.URLClassLoader$1::run@1
                      ; - java.security.AccessController::executePrivileged@29
                      ; - java.security.AccessController::doPrivileged@13
                      ; - java.net.URLClassLoader::findClass@13
  0x000001fd4fe54b98: e4f5 8dff 

  0x000001fd4fe54b9c: ;   {other}
  0x000001fd4fe54b9c: 0f1f 8400 | 8c5b 005e | 4c8b d0e9 | 5cd3 ffff 

  0x000001fd4fe54bac: ;   {metadata({type array byte})}
  0x000001fd4fe54bac: 48ba 1823 | 005e fd01 | 0000 41b8 | 2000 0000 | 4c8b 5424 | 604c 8954 | 2448 6690 

  0x000001fd4fe54bc8: ;   {runtime_call _new_array_Java}
  0x000001fd4fe54bc8: c5f8 77e8 

  0x000001fd4fe54bcc: ; ImmutableOopMap {rbp=Oop [40]=Oop [48]=Oop [56]=NarrowOop [64]=Oop [72]=Oop [88]=NarrowOop [92]=NarrowOop [96]=Oop [104]=Oop [120]=Oop [128]=Oop [136]=Oop [144]=Oop [200]=Oop }
                      ;*newarray {reexecute=0 rethrow=0 return_oop=1}
                      ; - java.io.ByteArrayOutputStream::<init>@37
                      ; - java.io.ByteArrayOutputStream::<init>@3
                      ; - java.util.jar.JarVerifier::<init>@85
                      ; - java.util.jar.JarFile::getManifestFromReference@78
                      ; - java.util.jar.JarFile::getManifest@1
                      ; - jdk.internal.loader.URLClassPath$JarLoader$2::getManifest@22
                      ; - java.net.URLClassLoader::defineClass@34
                      ; - java.net.URLClassLoader$1::run@43
                      ; - java.net.URLClassLoader$1::run@1
                      ; - java.security.AccessController::executePrivileged@29
                      ; - java.security.AccessController::doPrivileged@13
                      ; - java.net.URLClassLoader::findClass@13
  0x000001fd4fe54bcc: b031 8eff 

  0x000001fd4fe54bd0: ;   {other}
  0x000001fd4fe54bd0: 0f1f 8400 | c05b 005f | e9d8 d1ff 

  0x000001fd4fe54bdc: ;   {metadata('java/util/jar/Attributes')}
  0x000001fd4fe54bdc: ff48 ba40 | 8816 5efd | 0100 0048 | 8b6c 2460 

  0x000001fd4fe54bec: ;   {runtime_call _new_instance_Java}
  0x000001fd4fe54bec: c5f8 77e8 

  0x000001fd4fe54bf0: ; ImmutableOopMap {rbp=Oop [40]=Oop [48]=Oop [56]=Oop [64]=Oop [72]=Oop [80]=Oop [88]=NarrowOop [92]=NarrowOop [96]=Oop [104]=Oop [120]=Oop [128]=NarrowOop [136]=Oop [200]=Oop }
                      ;*new {reexecute=0 rethrow=0 return_oop=1}
                      ; - java.util.jar.Manifest::<init>@5
                      ; - java.util.jar.JarFile::getManifestFromReference@121
                      ; - java.util.jar.JarFile::getManifest@1
                      ; - jdk.internal.loader.URLClassPath$JarLoader$2::getManifest@22
                      ; - java.net.URLClassLoader::defineClass@34
                      ; - java.net.URLClassLoader$1::run@43
                      ; - java.net.URLClassLoader$1::run@1
                      ; - java.security.AccessController::executePrivileged@29
                      ; - java.security.AccessController::doPrivileged@13
                      ; - java.net.URLClassLoader::findClass@13
  0x000001fd4fe54bf0: 8cf5 8dff 

  0x000001fd4fe54bf4: ;   {other}
  0x000001fd4fe54bf4: 0f1f 8400 | e45b 0060 | 488b e8e9 | bdd4 ffff 

  0x000001fd4fe54c04: ;   {metadata('java/util/HashMap')}
  0x000001fd4fe54c04: 48ba 68a9 | 085e fd01 | 0000 488b | 6c24 6090 

  0x000001fd4fe54c14: ;   {runtime_call _new_instance_Java}
  0x000001fd4fe54c14: c5f8 77e8 

  0x000001fd4fe54c18: ; ImmutableOopMap {rbp=Oop [40]=Oop [48]=Oop [56]=Oop [64]=Oop [72]=Oop [80]=Oop [88]=NarrowOop [92]=NarrowOop [96]=Oop [104]=Oop [120]=Oop [128]=NarrowOop [136]=Oop [144]=Oop [200]=Oop }
                      ;*new {reexecute=0 rethrow=0 return_oop=1}
                      ; - java.util.jar.Manifest::<init>@16
                      ; - java.util.jar.JarFile::getManifestFromReference@121
                      ; - java.util.jar.JarFile::getManifest@1
                      ; - jdk.internal.loader.URLClassPath$JarLoader$2::getManifest@22
                      ; - java.net.URLClassLoader::defineClass@34
                      ; - java.net.URLClassLoader$1::run@43
                      ; - java.net.URLClassLoader$1::run@1
                      ; - java.security.AccessController::executePrivileged@29
                      ; - java.security.AccessController::doPrivileged@13
                      ; - java.net.URLClassLoader::findClass@13
  0x000001fd4fe54c18: 64f5 8dff 

  0x000001fd4fe54c1c: ;   {other}
  0x000001fd4fe54c1c: 0f1f 8400 | 0c5c 0061 | 4c8b d8e9 | 9cd5 ffff | 4533 c0e9 | 6ede ffff 

  0x000001fd4fe54c34: ;   {metadata('java/util/jar/Manifest')}
  0x000001fd4fe54c34: 48ba a0e1 | 045e fd01 | 0000 4c8b | 5424 504c | 8954 2448 

  0x000001fd4fe54c48: ;   {runtime_call _new_instance_Java}
  0x000001fd4fe54c48: c5f8 77e8 

  0x000001fd4fe54c4c: ; ImmutableOopMap {rbp=Oop [40]=Oop [48]=Oop [56]=Oop [64]=Oop [72]=Oop [88]=NarrowOop [96]=Oop [104]=Oop [120]=Oop [200]=Oop }
                      ;*new {reexecute=0 rethrow=0 return_oop=1}
                      ; - java.util.jar.JarFile::getManifestFromReference@134
                      ; - java.util.jar.JarFile::getManifest@1
                      ; - jdk.internal.loader.URLClassPath$JarLoader$2::getManifest@22
                      ; - java.net.URLClassLoader::defineClass@34
                      ; - java.net.URLClassLoader$1::run@43
                      ; - java.net.URLClassLoader$1::run@1
                      ; - java.security.AccessController::executePrivileged@29
                      ; - java.security.AccessController::doPrivileged@13
                      ; - java.net.URLClassLoader::findClass@13
  0x000001fd4fe54c4c: 30f5 8dff 

  0x000001fd4fe54c50: ;   {other}
  0x000001fd4fe54c50: 0f1f 8400 | 405c 0062 | e9f8 c7ff | ff89 4c24 | 5c4c 895c | 2448 4c89 

  0x000001fd4fe54c68: ;   {metadata('java/util/jar/Attributes')}
  0x000001fd4fe54c68: 4424 5048 | ba40 8816 | 5efd 0100 | 0048 8b6c | 2460 6690 

  0x000001fd4fe54c7c: ;   {runtime_call _new_instance_Java}
  0x000001fd4fe54c7c: c5f8 77e8 

  0x000001fd4fe54c80: ; ImmutableOopMap {rbp=Oop [40]=Oop [48]=Oop [56]=Oop [64]=Oop [72]=Oop [80]=Oop [88]=NarrowOop [92]=NarrowOop [96]=Oop [104]=Oop [120]=Oop [200]=Oop }
                      ;*new {reexecute=0 rethrow=0 return_oop=1}
                      ; - java.util.jar.Manifest::<init>@5
                      ; - java.util.jar.Manifest::<init>@4
                      ; - java.util.jar.JarFile::getManifestFromReference@143
                      ; - java.util.jar.JarFile::getManifest@1
                      ; - jdk.internal.loader.URLClassPath$JarLoader$2::getManifest@22
                      ; - java.net.URLClassLoader::defineClass@34
                      ; - java.net.URLClassLoader$1::run@43
                      ; - java.net.URLClassLoader$1::run@1
                      ; - java.security.AccessController::executePrivileged@29
                      ; - java.security.AccessController::doPrivileged@13
                      ; - java.net.URLClassLoader::findClass@13
  0x000001fd4fe54c80: fcf4 8dff 

  0x000001fd4fe54c84: ;   {other}
  0x000001fd4fe54c84: 0f1f 8400 | 745c 0063 | 488b e8e9 | 16c8 ffff 

  0x000001fd4fe54c94: ;   {metadata('java/util/HashMap')}
  0x000001fd4fe54c94: 498b e848 | ba68 a908 | 5efd 0100 | 004c 8b54 | 2460 4c89 | 5424 4890 

  0x000001fd4fe54cac: ;   {runtime_call _new_instance_Java}
  0x000001fd4fe54cac: c5f8 77e8 

  0x000001fd4fe54cb0: ; ImmutableOopMap {rbp=Oop [40]=Oop [48]=Oop [56]=Oop [64]=Oop [72]=Oop [80]=Oop [88]=NarrowOop [92]=NarrowOop [96]=Oop [104]=Oop [120]=Oop [128]=Oop [200]=Oop }
                      ;*new {reexecute=0 rethrow=0 return_oop=1}
                      ; - java.util.jar.Manifest::<init>@16
                      ; - java.util.jar.Manifest::<init>@4
                      ; - java.util.jar.JarFile::getManifestFromReference@143
                      ; - java.util.jar.JarFile::getManifest@1
                      ; - jdk.internal.loader.URLClassPath$JarLoader$2::getManifest@22
                      ; - java.net.URLClassLoader::defineClass@34
                      ; - java.net.URLClassLoader$1::run@43
                      ; - java.net.URLClassLoader$1::run@1
                      ; - java.security.AccessController::executePrivileged@29
                      ; - java.security.AccessController::doPrivileged@13
                      ; - java.net.URLClassLoader::findClass@13
  0x000001fd4fe54cb0: ccf4 8dff 

  0x000001fd4fe54cb4: ;   {other}
  0x000001fd4fe54cb4: 0f1f 8400 | a45c 0064 | 4c8b c54c | 8bc8 e9de | c8ff ffba | f6ff ffff | 4c8b 5424 | 284c 8954 
  0x000001fd4fe54cd4: 2420 448b | 4424 3044 | 8944 2428 | 448b 5424 | 4044 8954 | 242c 48ff | 7424 4848 | 8f44 2438 
  0x000001fd4fe54cf4: 4c8b 5424 | 504c 8954 | 2440 4c89 | 5424 4890 

  0x000001fd4fe54d04: ;   {runtime_call UncommonTrapBlob}
  0x000001fd4fe54d04: c5f8 77e8 

  0x000001fd4fe54d08: ; ImmutableOopMap {rbp=Oop [32]=Oop [40]=NarrowOop [56]=Oop [64]=Oop [72]=Oop [104]=Oop }
                      ;*invokevirtual getJarEntry {reexecute=0 rethrow=0 return_oop=0}
                      ; - jdk.internal.loader.URLClassPath$JarLoader::getResource@22
                      ; - jdk.internal.loader.URLClassPath::getResource@53
                      ; - java.net.URLClassLoader$1::run@26
                      ; - java.net.URLClassLoader$1::run@1
                      ; - java.security.AccessController::executePrivileged@29
                      ; - java.security.AccessController::doPrivileged@13
                      ; - java.net.URLClassLoader::findClass@13
  0x000001fd4fe54d08: 74f6 81ff 

  0x000001fd4fe54d0c: ;   {other}
  0x000001fd4fe54d0c: 0f1f 8400 | fc5c 0065 | 8bbc 2490 | 0000 00ff 

  0x000001fd4fe54d1c: ;   {oop(a 'java/io/WinNTFileSystem'{0x00000000800d27e8})}
  0x000001fd4fe54d1c: cf48 bae8 | 270d 8000 | 0000 004c | 8b84 2488 | 0000 0044 | 8b8c 2490 | 0000 0048 | 8b6c 2460 
  0x000001fd4fe54d3c: ;   {optimized virtual_call}
  0x000001fd4fe54d3c: c5f8 77e8 

  0x000001fd4fe54d40: ; ImmutableOopMap {rbp=Oop [40]=Oop [48]=NarrowOop [56]=Oop [80]=Oop [88]=Oop [96]=Oop [104]=Oop [112]=Oop [120]=NarrowOop [128]=Oop }
                      ;*invokevirtual normalize {reexecute=0 rethrow=0 return_oop=1}
                      ; - java.io.WinNTFileSystem::normalize@137
                      ; - java.io.File::<init>@73
                      ; - jdk.internal.loader.URLClassPath$FileLoader::getResource@118
                      ; - jdk.internal.loader.URLClassPath::getResource@53
                      ; - java.net.URLClassLoader$1::run@26
                      ; - java.net.URLClassLoader$1::run@1
                      ; - java.security.AccessController::executePrivileged@29
                      ; - java.security.AccessController::doPrivileged@13
                      ; - java.net.URLClassLoader::findClass@13
  0x000001fd4fe54d40: 3c9d 81ff 

  0x000001fd4fe54d44: ;   {other}
  0x000001fd4fe54d44: 0f1f 8400 | 345d 0066 | 4c8b c8e9 | efe2 ffff | baf6 ffff | ff48 895c | 2420 4c89 | 6c24 3090 
  0x000001fd4fe54d64: ;   {runtime_call UncommonTrapBlob}
  0x000001fd4fe54d64: c5f8 77e8 

  0x000001fd4fe54d68: ; ImmutableOopMap {[32]=Oop [48]=Oop [80]=Oop [104]=Oop }
                      ;*invokevirtual getResource {reexecute=0 rethrow=0 return_oop=0}
                      ; - java.net.URLClassLoader$1::run@26
                      ; - java.net.URLClassLoader$1::run@1
                      ; - java.security.AccessController::executePrivileged@29
                      ; - java.security.AccessController::doPrivileged@13
                      ; - java.net.URLClassLoader::findClass@13
  0x000001fd4fe54d68: 14f6 81ff 

  0x000001fd4fe54d6c: ;   {other}
  0x000001fd4fe54d6c: 0f1f 8400 | 5c5d 0067 | ba76 ffff | ff49 8bed | 4889 5c24 | 2044 895c | 2430 4489 | 4424 3890 
  0x000001fd4fe54d8c: ;   {runtime_call UncommonTrapBlob}
  0x000001fd4fe54d8c: c5f8 77e8 

  0x000001fd4fe54d90: ; ImmutableOopMap {rbp=Oop [32]=Oop [48]=NarrowOop [104]=Oop }
                      ;*if_icmpge {reexecute=1 rethrow=0 return_oop=0}
                      ; - (reexecute) java.lang.StringLatin1::replace@19
                      ; - java.lang.String::replace@18
                      ; - java.net.URLClassLoader$1::run@8
                      ; - java.net.URLClassLoader$1::run@1
                      ; - java.security.AccessController::executePrivileged@29
                      ; - java.security.AccessController::doPrivileged@13
                      ; - java.net.URLClassLoader::findClass@13
  0x000001fd4fe54d90: ecf5 81ff 

  0x000001fd4fe54d94: ;   {other}
  0x000001fd4fe54d94: 0f1f 8400 | 845d 0068 | bf01 0000 | 00e9 a5b0 | ffff 4863 | d5e9 1eb1 | ffff bacc | ffff ff48 
  0x000001fd4fe54db4: 895c 2420 | 4c89 6c24 | 284c 895c | 2438 4889 | 7424 4848 | 897c 2450 | 4489 4424 | 5866 6690 
  0x000001fd4fe54dd4: ;   {runtime_call UncommonTrapBlob}
  0x000001fd4fe54dd4: c5f8 77e8 

  0x000001fd4fe54dd8: ; ImmutableOopMap {[32]=Oop [40]=Oop [56]=Oop [80]=Oop [104]=Oop }
                      ;*invokestatic arraycopy {reexecute=0 rethrow=0 return_oop=0}
                      ; - java.lang.String::getBytes@22
                      ; - java.lang.StringConcatHelper::prepend@21
                      ; - java.lang.StringConcatHelper::simpleConcat@71
                      ; - java.lang.String::concat@11
                      ; - java.net.URLClassLoader$1::run@13
                      ; - java.net.URLClassLoader$1::run@1
                      ; - java.security.AccessController::executePrivileged@29
                      ; - java.security.AccessController::doPrivileged@13
                      ; - java.net.URLClassLoader::findClass@13
  0x000001fd4fe54dd8: a4f5 81ff 

  0x000001fd4fe54ddc: ;   {other}
  0x000001fd4fe54ddc: 0f1f 8400 | cc5d 0069 | bacc ffff | ff48 895c | 2420 4c89 | 5424 284c | 896c 2430 | 4889 7c24 
  0x000001fd4fe54dfc: 4889 4c24 | 5066 6690 

  0x000001fd4fe54e04: ;   {runtime_call UncommonTrapBlob}
  0x000001fd4fe54e04: c5f8 77e8 

  0x000001fd4fe54e08: ; ImmutableOopMap {[32]=Oop [40]=Oop [48]=Oop [72]=Oop [104]=Oop }
                      ;*invokestatic arraycopy {reexecute=0 rethrow=0 return_oop=0}
                      ; - java.lang.String::getBytes@22
                      ; - java.lang.StringConcatHelper::prepend@21
                      ; - java.lang.StringConcatHelper::simpleConcat@81
                      ; - java.lang.String::concat@11
                      ; - java.net.URLClassLoader$1::run@13
                      ; - java.net.URLClassLoader$1::run@1
                      ; - java.security.AccessController::executePrivileged@29
                      ; - java.security.AccessController::doPrivileged@13
                      ; - java.net.URLClassLoader::findClass@13
  0x000001fd4fe54e08: 74f5 81ff 

  0x000001fd4fe54e0c: ;   {other}
  0x000001fd4fe54e0c: 0f1f 8400 | fc5d 006a | ba76 ffff | ff48 895c | 2428 4c89 | 6c24 3044 | 895c 2438 | 4c89 5424 
  0x000001fd4fe54e2c: 4044 8944 | 244c 4c89 | 6c24 5090 

  0x000001fd4fe54e38: ;   {runtime_call UncommonTrapBlob}
  0x000001fd4fe54e38: c5f8 77e8 

  0x000001fd4fe54e3c: ; ImmutableOopMap {[40]=Oop [48]=Oop [56]=NarrowOop [64]=Oop [80]=Oop [104]=Oop }
                      ;*if_icmpge {reexecute=1 rethrow=0 return_oop=0}
                      ; - (reexecute) java.lang.StringLatin1::replace@82
                      ; - java.lang.String::replace@18
                      ; - java.net.URLClassLoader$1::run@8
                      ; - java.net.URLClassLoader$1::run@1
                      ; - java.security.AccessController::executePrivileged@29
                      ; - java.security.AccessController::doPrivileged@13
                      ; - java.net.URLClassLoader::findClass@13
  0x000001fd4fe54e3c: 40f5 81ff 

  0x000001fd4fe54e40: ;   {other}
  0x000001fd4fe54e40: 0f1f 8400 | 305e 006b | 4533 db45 | 8bcb e929 | dbff ff44 | 8b9c 24ac | 0000 0041 | ffcb 4489 
  0x000001fd4fe54e60: 9c24 ac00 | 0000 e97a | f9ff ff49 | 8bd2 448b | 8424 ac00 | 0000 488b | 6c24 6090 

  0x000001fd4fe54e7c: ;   {static_call}
  0x000001fd4fe54e7c: c5f8 77e8 

  0x000001fd4fe54e80: ; ImmutableOopMap {rbp=Oop [40]=Oop [48]=NarrowOop [56]=Oop [80]=Oop [88]=Oop [96]=Oop [104]=Oop [112]=Oop [120]=NarrowOop [128]=Oop [136]=Oop }
                      ;*invokestatic charAt {reexecute=0 rethrow=0 return_oop=0}
                      ; - java.lang.String::charAt@21
                      ; - java.io.WinNTFileSystem::normalize@31
                      ; - java.io.File::<init>@73
                      ; - jdk.internal.loader.URLClassPath$FileLoader::getResource@73
                      ; - jdk.internal.loader.URLClassPath::getResource@53
                      ; - java.net.URLClassLoader$1::run@26
                      ; - java.net.URLClassLoader$1::run@1
                      ; - java.security.AccessController::executePrivileged@29
                      ; - java.security.AccessController::doPrivileged@13
                      ; - java.net.URLClassLoader::findClass@13
  0x000001fd4fe54e80: fca1 81ff 

  0x000001fd4fe54e84: ;   {other}
  0x000001fd4fe54e84: 0f1f 8400 | 745e 006c | 448b c0e9 | b9d8 ffff 

  0x000001fd4fe54e94: ;   {metadata('java/net/URL')}
  0x000001fd4fe54e94: 48ba 80a9 | 015e fd01 | 0000 488b | 6c24 6090 

  0x000001fd4fe54ea4: ;   {runtime_call _new_instance_Java}
  0x000001fd4fe54ea4: c5f8 77e8 

  0x000001fd4fe54ea8: ; ImmutableOopMap {rbp=Oop [40]=Oop [48]=NarrowOop [56]=Oop [80]=Oop [88]=Oop [96]=Oop [104]=Oop }
                      ;*new {reexecute=0 rethrow=0 return_oop=1}
                      ; - jdk.internal.loader.URLClassPath$FileLoader::getResource@0
                      ; - jdk.internal.loader.URLClassPath::getResource@53
                      ; - java.net.URLClassLoader$1::run@26
                      ; - java.net.URLClassLoader$1::run@1
                      ; - java.security.AccessController::executePrivileged@29
                      ; - java.security.AccessController::doPrivileged@13
                      ; - java.net.URLClassLoader::findClass@13
  0x000001fd4fe54ea8: d4f2 8dff 

  0x000001fd4fe54eac: ;   {other}
  0x000001fd4fe54eac: 0f1f 8400 | 9c5e 006d | e926 d6ff | ffba f6ff | ffff 488b | 6c24 604c | 8b54 2428 | 4c89 5424 
  0x000001fd4fe54ecc: 204c 896c | 2428 4c8b | 5424 684c | 8954 2430 

  0x000001fd4fe54edc: ;   {runtime_call UncommonTrapBlob}
  0x000001fd4fe54edc: c5f8 77e8 

  0x000001fd4fe54ee0: ; ImmutableOopMap {rbp=Oop [32]=Oop [40]=Oop [48]=Oop [128]=Oop [136]=NarrowOop [200]=Oop }
                      ;*invokevirtual ensureInitialization {reexecute=0 rethrow=0 return_oop=0}
                      ; - java.util.jar.JavaUtilJarAccessImpl::ensureInitialization@1
                      ; - jdk.internal.loader.URLClassPath$JarLoader$2::getManifest@10
                      ; - java.net.URLClassLoader::defineClass@34
                      ; - java.net.URLClassLoader$1::run@43
                      ; - java.net.URLClassLoader$1::run@1
                      ; - java.security.AccessController::executePrivileged@29
                      ; - java.security.AccessController::doPrivileged@13
                      ; - java.net.URLClassLoader::findClass@13
  0x000001fd4fe54ee0: 9cf4 81ff 

  0x000001fd4fe54ee4: ;   {other}
  0x000001fd4fe54ee4: 0f1f 8400 | d45e 006e | baf6 ffff | ff48 8b6c | 2460 4c8b | 5424 284c | 8954 2420 | 4c89 6c24 
  0x000001fd4fe54f04: 284c 8974 | 2448 4c8b | 5424 704c | 8954 2458 

  0x000001fd4fe54f14: ;   {runtime_call UncommonTrapBlob}
  0x000001fd4fe54f14: c5f8 77e8 

  0x000001fd4fe54f18: ; ImmutableOopMap {rbp=Oop [32]=Oop [40]=Oop [72]=Oop [128]=Oop [136]=NarrowOop [160]=Oop [200]=Oop }
                      ;*invokevirtual get {reexecute=0 rethrow=0 return_oop=0}
                      ; - java.lang.ClassLoader::getDefinedPackage@13
                      ; - java.net.URLClassLoader::getAndVerifyPackage@2
                      ; - java.net.URLClassLoader::defineClass@46
                      ; - java.net.URLClassLoader$1::run@43
                      ; - java.net.URLClassLoader$1::run@1
                      ; - java.security.AccessController::executePrivileged@29
                      ; - java.security.AccessController::doPrivileged@13
                      ; - java.net.URLClassLoader::findClass@13
  0x000001fd4fe54f18: 64f4 81ff 

  0x000001fd4fe54f1c: ;   {other}
  0x000001fd4fe54f1c: 0f1f 8400 | 0c5f 006f | ba76 ffff | ff48 8b6c | 2460 4c8b | 5424 284c | 8954 2420 | 4c8b 5424 
  0x000001fd4fe54f3c: 684c 8954 | 2430 4c89 | 6c24 4044 | 8944 2448 | 895c 2450 

  0x000001fd4fe54f50: ;   {runtime_call UncommonTrapBlob}
  0x000001fd4fe54f50: c5f8 77e8 

  0x000001fd4fe54f54: ; ImmutableOopMap {rbp=Oop [32]=Oop [48]=Oop [64]=Oop [72]=NarrowOop }
                      ;*iflt {reexecute=1 rethrow=0 return_oop=0}
                      ; - (reexecute) java.lang.StringLatin1::lastIndexOf@19
                      ; - java.lang.String::lastIndexOf@13
                      ; - java.lang.String::lastIndexOf@8
                      ; - java.net.URLClassLoader::defineClass@7
                      ; - java.net.URLClassLoader$1::run@43
                      ; - java.net.URLClassLoader$1::run@1
                      ; - java.security.AccessController::executePrivileged@29
                      ; - java.security.AccessController::doPrivileged@13
                      ; - java.net.URLClassLoader::findClass@13
  0x000001fd4fe54f54: 28f4 81ff 

  0x000001fd4fe54f58: ;   {other}
  0x000001fd4fe54f58: 0f1f 8400 | 485f 0070 | 33ed 4585 | d240 0f94 | c5ba 45ff | ffff 4889 | 5c24 284c | 896c 2430 
  0x000001fd4fe54f78: 4c89 6c24 | 3866 6690 

  0x000001fd4fe54f80: ;   {runtime_call UncommonTrapBlob}
  0x000001fd4fe54f80: c5f8 77e8 

  0x000001fd4fe54f84: ; ImmutableOopMap {[40]=Oop [48]=Oop [56]=Oop [104]=Oop }
                      ;*ifeq {reexecute=1 rethrow=0 return_oop=0}
                      ; - (reexecute) java.lang.String::replace@9
                      ; - java.net.URLClassLoader$1::run@8
                      ; - java.net.URLClassLoader$1::run@1
                      ; - java.security.AccessController::executePrivileged@29
                      ; - java.security.AccessController::doPrivileged@13
                      ; - java.net.URLClassLoader::findClass@13
  0x000001fd4fe54f84: f8f3 81ff 

  0x000001fd4fe54f88: ;   {other}
  0x000001fd4fe54f88: 0f1f 8400 | 785f 0071 | bade ffff | ff48 8b6c | 2460 4c8b | 5424 284c | 8954 2420 | 4c8b 5424 
  0x000001fd4fe54fa8: 684c 8954 | 2430 4c89 | 6c24 404c | 896c 2448 | 4c8b 5424 | 704c 8954 | 2460 6690 

  0x000001fd4fe54fc4: ;   {runtime_call UncommonTrapBlob}
  0x000001fd4fe54fc4: c5f8 77e8 

  0x000001fd4fe54fc8: ; ImmutableOopMap {rbp=Oop [32]=Oop [48]=Oop [64]=Oop [72]=Oop [136]=NarrowOop [200]=Oop }
                      ;*invokevirtual getManifest {reexecute=0 rethrow=0 return_oop=0}
                      ; - java.net.URLClassLoader::defineClass@34
                      ; - java.net.URLClassLoader$1::run@43
                      ; - java.net.URLClassLoader$1::run@1
                      ; - java.security.AccessController::executePrivileged@29
                      ; - java.security.AccessController::doPrivileged@13
                      ; - java.net.URLClassLoader::findClass@13
  0x000001fd4fe54fc8: b4f3 81ff 

  0x000001fd4fe54fcc: ;   {other}
  0x000001fd4fe54fcc: 0f1f 8400 | bc5f 0072 | bade ffff | ff48 8b6c | 2460 4c8b | 5424 284c | 8954 2420 | 4c89 6c24 
  0x000001fd4fe54fec: 284c 8b54 | 2468 4c89 | 5424 304c | 8b94 2480 | 0000 004c | 8954 2450 | 4c8b 5424 | 704c 8954 
  0x000001fd4fe5500c: 2458 4489 | 4424 6444 | 894c 2478 

  0x000001fd4fe55018: ;   {runtime_call UncommonTrapBlob}
  0x000001fd4fe55018: c5f8 77e8 

  0x000001fd4fe5501c: ; ImmutableOopMap {rbp=Oop [32]=Oop [40]=Oop [48]=Oop [80]=Oop [100]=NarrowOop [120]=NarrowOop [136]=NarrowOop [200]=Oop }
                      ;*invokeinterface ensureInitialization {reexecute=0 rethrow=0 return_oop=0}
                      ; - jdk.internal.loader.URLClassPath$JarLoader$2::getManifest@10
                      ; - java.net.URLClassLoader::defineClass@34
                      ; - java.net.URLClassLoader$1::run@43
                      ; - java.net.URLClassLoader$1::run@1
                      ; - java.security.AccessController::executePrivileged@29
                      ; - java.security.AccessController::doPrivileged@13
                      ; - java.net.URLClassLoader::findClass@13
  0x000001fd4fe5501c: 60f3 81ff 

  0x000001fd4fe55020: ;   {other}
  0x000001fd4fe55020: 0f1f 8400 | 1060 0073 | 4c89 5c24 | 5044 894c | 243c 4c8b | 9424 8000 | 0000 4c89 | 5424 4848 
  0x000001fd4fe55040: 8974 2440 | 448b 9424 | 8800 0000 | 4489 5424 | 384c 896c | 2430 488b | 6c24 6049 | 8bd3 4c8d 
  0x000001fd4fe55060: 8424 d000 | 0000 6690 

  0x000001fd4fe55068: ;   {runtime_call _complete_monitor_locking_Java}
  0x000001fd4fe55068: c5f8 77e8 

  0x000001fd4fe5506c: ; ImmutableOopMap {rbp=Oop [40]=Oop [48]=Oop [56]=NarrowOop [60]=NarrowOop [64]=Oop [72]=Oop [80]=Oop [96]=Oop [104]=Oop [128]=Oop [200]=Oop }
                      ;*synchronization entry
                      ; - java.util.jar.JarFile::ensureInitialization@-1
                      ; - java.util.jar.JavaUtilJarAccessImpl::ensureInitialization@1
                      ; - jdk.internal.loader.URLClassPath$JarLoader$2::getManifest@10
                      ; - java.net.URLClassLoader::defineClass@34
                      ; - java.net.URLClassLoader$1::run@43
                      ; - java.net.URLClassLoader$1::run@1
                      ; - java.security.AccessController::executePrivileged@29
                      ; - java.security.AccessController::doPrivileged@13
                      ; - java.net.URLClassLoader::findClass@13
  0x000001fd4fe5506c: 905a 8eff 

  0x000001fd4fe55070: ;   {other}
  0x000001fd4fe55070: 0f1f 8400 | 6060 0074 | 4c8b 6c24 | 3044 8b5c | 2438 4489 | 9c24 8800 | 0000 448b | 4c24 3c4c 
  0x000001fd4fe55090: 8b5c 2450 | 488b 7424 | 40e9 0fb6 | ffff 488b | ee49 8bcb | 488d 9424 | d000 0000 | 4d8b c7c5 
  0x000001fd4fe550b0: f877 49ba | 40d9 8195 | ff7f 0000 

  0x000001fd4fe550bc: ;   {other}
  0x000001fd4fe550bc: 41ff d20f | 1f84 0000 | 0000 0048 | 8bf5 e993 | b6ff ffba | deff ffff | 4c8b 5424 | 604c 8954 
  0x000001fd4fe550dc: 2420 4c89 | 6c24 304c | 8b54 2468 | 4c89 5424 | 384c 8b54 | 2470 4c89 | 5424 6090 

  0x000001fd4fe550f8: ;   {runtime_call UncommonTrapBlob}
  0x000001fd4fe550f8: c5f8 77e8 

  0x000001fd4fe550fc: ; ImmutableOopMap {rbp=NarrowOop [32]=Oop [40]=Oop [48]=Oop [56]=Oop [128]=Oop [136]=NarrowOop [200]=Oop }
                      ;*invokevirtual getManifest {reexecute=0 rethrow=0 return_oop=0}
                      ; - jdk.internal.loader.URLClassPath$JarLoader$2::getManifest@22
                      ; - java.net.URLClassLoader::defineClass@34
                      ; - java.net.URLClassLoader$1::run@43
                      ; - java.net.URLClassLoader$1::run@1
                      ; - java.security.AccessController::executePrivileged@29
                      ; - java.security.AccessController::doPrivileged@13
                      ; - java.net.URLClassLoader::findClass@13
  0x000001fd4fe550fc: 80f2 81ff 

  0x000001fd4fe55100: ;   {other}
  0x000001fd4fe55100: 0f1f 8400 | f060 0075 | ba6e ffff | ff48 8b6c | 2460 4c8b | 5424 284c | 8954 2420 | 4c8b 5424 
  0x000001fd4fe55120: 684c 8954 | 2430 4c89 | 6c24 4044 | 8944 2448 | 895c 2450 

  0x000001fd4fe55134: ;   {runtime_call UncommonTrapBlob}
  0x000001fd4fe55134: c5f8 77e8 

  0x000001fd4fe55138: ; ImmutableOopMap {rbp=Oop [32]=Oop [48]=Oop [64]=Oop [72]=NarrowOop }
                      ;*iflt {reexecute=1 rethrow=0 return_oop=0}
                      ; - (reexecute) java.lang.StringLatin1::lastIndexOf@19
                      ; - java.lang.String::lastIndexOf@13
                      ; - java.lang.String::lastIndexOf@8
                      ; - java.net.URLClassLoader::defineClass@7
                      ; - java.net.URLClassLoader$1::run@43
                      ; - java.net.URLClassLoader$1::run@1
                      ; - java.security.AccessController::executePrivileged@29
                      ; - java.security.AccessController::doPrivileged@13
                      ; - java.net.URLClassLoader::findClass@13
  0x000001fd4fe55138: 44f2 81ff 

  0x000001fd4fe5513c: ;   {other}
  0x000001fd4fe5513c: 0f1f 8400 | 2c61 0076 | ba76 ffff | ff48 895c | 2428 4c89 | 6c24 3044 | 895c 2438 | 4489 4424 
  0x000001fd4fe5515c: 3c4c 8954 | 2440 4c89 | 6c24 5090 

  0x000001fd4fe55168: ;   {runtime_call UncommonTrapBlob}
  0x000001fd4fe55168: c5f8 77e8 

  0x000001fd4fe5516c: ; ImmutableOopMap {[40]=Oop [48]=Oop [56]=NarrowOop [64]=Oop [80]=Oop [104]=Oop }
                      ;*if_icmpge {reexecute=1 rethrow=0 return_oop=0}
                      ; - (reexecute) java.lang.StringLatin1::replace@61
                      ; - java.lang.String::replace@18
                      ; - java.net.URLClassLoader$1::run@8
                      ; - java.net.URLClassLoader$1::run@1
                      ; - java.security.AccessController::executePrivileged@29
                      ; - java.security.AccessController::doPrivileged@13
                      ; - java.net.URLClassLoader::findClass@13
  0x000001fd4fe5516c: 10f2 81ff 

  0x000001fd4fe55170: ;   {other}
  0x000001fd4fe55170: 0f1f 8400 | 6061 0077 | bf01 0000 | 00e9 1eab | ffff 4c8b | 9424 8000 | 0000 458b | 5a14 4585 
  0x000001fd4fe55190: db0f 848c | dbff ff4d | 8b57 2849 | 8bcb 4d85 | d20f 847a | 2000 004d | 8b5f 384b | 894c 13f8 
  0x000001fd4fe551b0: 4983 c2f8 | 4d89 5728 | e966 dbff | ff4c 8b54 | 2478 4d85 | d20f 8502 | dfff ffba | f6ff ffff 
  0x000001fd4fe551d0: 4c8b 5424 | 284c 8954 | 2420 448b | 5424 3044 | 8954 2428 | 4c8b 5424 | 5044 8b5c | 2440 4489 
  0x000001fd4fe551f0: 5c24 2c4c | 8954 2438 | 4c8b 5424 | 584c 8954 | 2450 6690 

  0x000001fd4fe55204: ;   {runtime_call UncommonTrapBlob}
  0x000001fd4fe55204: c5f8 77e8 

  0x000001fd4fe55208: ; ImmutableOopMap {rbp=Oop [32]=Oop [40]=NarrowOop [56]=Oop [80]=Oop [104]=Oop [112]=Oop [128]=Oop }
                      ;*invokevirtual length {reexecute=0 rethrow=0 return_oop=0}
                      ; - java.io.WinNTFileSystem::prefixLength@6
                      ; - java.io.File::<init>@104
                      ; - jdk.internal.loader.URLClassPath$FileLoader::getResource@118
                      ; - jdk.internal.loader.URLClassPath::getResource@53
                      ; - java.net.URLClassLoader$1::run@26
                      ; - java.net.URLClassLoader$1::run@1
                      ; - java.security.AccessController::executePrivileged@29
                      ; - java.security.AccessController::doPrivileged@13
                      ; - java.net.URLClassLoader::findClass@13
  0x000001fd4fe55208: 74f1 81ff 

  0x000001fd4fe5520c: ;   {other}
  0x000001fd4fe5520c: 0f1f 8400 | fc61 0078 | 4c8b 9424 | 8000 0000 | 458b 5a10 | 4585 db0f | 8453 deff | ff4d 8b57 
  0x000001fd4fe5522c: 2849 8bcb | 4d85 d20f | 8408 2000 | 004d 8b5f | 384b 894c | 13f8 4983 | c2f8 4d89 | 5728 e92d 
  0x000001fd4fe5524c: deff ff4d | 8b57 584d | 8b5f 48f0 | 8344 24c0 | 0080 3900 | 7432 4488 | 214d 85db | 740f 4b89 
  0x000001fd4fe5526c: 4c1a f849 | 83c3 f84d | 895f 48eb | 1b49 8bd7 | c5f8 7749 | ba00 a440 | 95ff 7f00 | 0041 ffd2 
  0x000001fd4fe5528c: ;   {other}
  0x000001fd4fe5528c: 0f1f 8400 | 0000 0000 | 4c8b 9424 | 8000 0000 | 458b 5a10 | 4585 db0f | 8422 ffff | ff4d 8bd3 
  0x000001fd4fe552ac: 4c89 5424 | 78e9 17de | ffff ba45 | ffff ff48 | 895c 2420 | 4c89 6c24 | 284c 895c | 2438 4489 
  0x000001fd4fe552cc: 4424 4090 

  0x000001fd4fe552d0: ;   {runtime_call UncommonTrapBlob}
  0x000001fd4fe552d0: c5f8 77e8 

  0x000001fd4fe552d4: ; ImmutableOopMap {[32]=Oop [40]=Oop [56]=Oop [104]=Oop }
                      ;*iflt {reexecute=1 rethrow=0 return_oop=0}
                      ; - (reexecute) java.lang.StringConcatHelper::checkOverflow@2
                      ; - java.lang.StringConcatHelper::mix@23
                      ; - java.lang.StringConcatHelper::simpleConcat@46
                      ; - java.lang.String::concat@11
                      ; - java.net.URLClassLoader$1::run@13
                      ; - java.net.URLClassLoader$1::run@1
                      ; - java.security.AccessController::executePrivileged@29
                      ; - java.security.AccessController::doPrivileged@13
                      ; - java.net.URLClassLoader::findClass@13
  0x000001fd4fe552d4: a8f0 81ff 

  0x000001fd4fe552d8: ;   {other}
  0x000001fd4fe552d8: 0f1f 8400 | c862 0079 | ba45 ffff | ff48 895c | 2428 4c89 | 6c24 304c | 895c 2440 

  0x000001fd4fe552f4: ;   {runtime_call UncommonTrapBlob}
  0x000001fd4fe552f4: c5f8 77e8 

  0x000001fd4fe552f8: ; ImmutableOopMap {[40]=Oop [48]=Oop [64]=Oop [104]=Oop }
                      ;*iflt {reexecute=1 rethrow=0 return_oop=0}
                      ; - (reexecute) java.lang.StringConcatHelper::checkOverflow@2
                      ; - java.lang.StringConcatHelper::mix@23
                      ; - java.lang.StringConcatHelper::simpleConcat@54
                      ; - java.lang.String::concat@11
                      ; - java.net.URLClassLoader$1::run@13
                      ; - java.net.URLClassLoader$1::run@1
                      ; - java.security.AccessController::executePrivileged@29
                      ; - java.security.AccessController::doPrivileged@13
                      ; - java.net.URLClassLoader::findClass@13
  0x000001fd4fe552f8: 84f0 81ff 

  0x000001fd4fe552fc: ;   {other}
  0x000001fd4fe552fc: 0f1f 8400 | ec62 007a | ba45 ffff | ff48 895c | 2420 4c89 | 6c24 284c | 895c 2440 | 4889 7c24 
  0x000001fd4fe5531c: 4844 894c | 2450 6690 

  0x000001fd4fe55324: ;   {runtime_call UncommonTrapBlob}
  0x000001fd4fe55324: c5f8 77e8 

  0x000001fd4fe55328: ; ImmutableOopMap {[32]=Oop [40]=Oop [64]=Oop [72]=Oop [104]=Oop }
                      ;*if_icmpne {reexecute=1 rethrow=0 return_oop=0}
                      ; - (reexecute) java.lang.String::getBytes@5
                      ; - java.lang.StringConcatHelper::prepend@21
                      ; - java.lang.StringConcatHelper::simpleConcat@81
                      ; - java.lang.String::concat@11
                      ; - java.net.URLClassLoader$1::run@13
                      ; - java.net.URLClassLoader$1::run@1
                      ; - java.security.AccessController::executePrivileged@29
                      ; - java.security.AccessController::doPrivileged@13
                      ; - java.net.URLClassLoader::findClass@13
  0x000001fd4fe55328: 54f0 81ff 

  0x000001fd4fe5532c: ;   {other}
  0x000001fd4fe5532c: 0f1f 8400 | 1c63 007b 

  0x000001fd4fe55334: ;   {metadata('java/io/File')}
  0x000001fd4fe55334: 48ba 10f6 | 045e fd01 | 0000 6690 

  0x000001fd4fe55340: ;   {runtime_call _new_instance_Java}
  0x000001fd4fe55340: c5f8 77e8 

  0x000001fd4fe55344: ; ImmutableOopMap {rbp=Oop [40]=Oop [48]=NarrowOop [56]=Oop [80]=Oop [88]=Oop [96]=Oop [104]=Oop [112]=Oop [120]=NarrowOop }
                      ;*new {reexecute=0 rethrow=0 return_oop=1}
                      ; - jdk.internal.loader.URLClassPath$FileLoader::getResource@56
                      ; - jdk.internal.loader.URLClassPath::getResource@53
                      ; - java.net.URLClassLoader$1::run@26
                      ; - java.net.URLClassLoader$1::run@1
                      ; - java.security.AccessController::executePrivileged@29
                      ; - java.security.AccessController::doPrivileged@13
                      ; - java.net.URLClassLoader::findClass@13
  0x000001fd4fe55344: 38ee 8dff 

  0x000001fd4fe55348: ;   {other}
  0x000001fd4fe55348: 0f1f 8400 | 3863 007c | e995 d2ff | ffba 45ff | ffff 4889 | 5c24 204c | 896c 2428 | 4c89 5c24 
  0x000001fd4fe55368: 3848 8974 | 2440 4489 | 4c24 4890 

  0x000001fd4fe55374: ;   {runtime_call UncommonTrapBlob}
  0x000001fd4fe55374: c5f8 77e8 

  0x000001fd4fe55378: ; ImmutableOopMap {[32]=Oop [40]=Oop [56]=Oop [104]=Oop }
                      ;*if_icmpne {reexecute=1 rethrow=0 return_oop=0}
                      ; - (reexecute) java.lang.StringConcatHelper::mix@13
                      ; - java.lang.StringConcatHelper::simpleConcat@46
                      ; - java.lang.String::concat@11
                      ; - java.net.URLClassLoader$1::run@13
                      ; - java.net.URLClassLoader$1::run@1
                      ; - java.security.AccessController::executePrivileged@29
                      ; - java.security.AccessController::doPrivileged@13
                      ; - java.net.URLClassLoader::findClass@13
  0x000001fd4fe55378: 04f0 81ff 

  0x000001fd4fe5537c: ;   {other}
  0x000001fd4fe5537c: 0f1f 8400 | 6c63 007d | ba45 ffff | ff48 895c | 2428 4c89 | 6c24 304c | 895c 2440 | 4889 4424 
  0x000001fd4fe5539c: 4866 6690 

  0x000001fd4fe553a0: ;   {runtime_call UncommonTrapBlob}
  0x000001fd4fe553a0: c5f8 77e8 

  0x000001fd4fe553a4: ; ImmutableOopMap {[40]=Oop [48]=Oop [64]=Oop [104]=Oop }
                      ;*ifge {reexecute=1 rethrow=0 return_oop=0}
                      ; - (reexecute) java.lang.StringConcatHelper::newArray@13
                      ; - java.lang.StringConcatHelper::simpleConcat@61
                      ; - java.lang.String::concat@11
                      ; - java.net.URLClassLoader$1::run@13
                      ; - java.net.URLClassLoader$1::run@1
                      ; - java.security.AccessController::executePrivileged@29
                      ; - java.security.AccessController::doPrivileged@13
                      ; - java.net.URLClassLoader::findClass@13
  0x000001fd4fe553a4: d8ef 81ff 

  0x000001fd4fe553a8: ;   {other}
  0x000001fd4fe553a8: 0f1f 8400 | 9863 007e 

  0x000001fd4fe553b0: ;   {metadata('jdk/internal/loader/URLClassPath$FileLoader$1')}
  0x000001fd4fe553b0: 48ba 9073 | 4e5f fd01 | 0000 6690 

  0x000001fd4fe553bc: ;   {runtime_call _new_instance_Java}
  0x000001fd4fe553bc: c5f8 77e8 

  0x000001fd4fe553c0: ; ImmutableOopMap {rbp=Oop [40]=Oop [48]=NarrowOop [56]=Oop [80]=Oop [88]=Oop [96]=Oop [104]=Oop [112]=Oop [120]=Oop }
                      ;*new {reexecute=0 rethrow=0 return_oop=1}
                      ; - jdk.internal.loader.URLClassPath$FileLoader::getResource@131
                      ; - jdk.internal.loader.URLClassPath::getResource@53
                      ; - java.net.URLClassLoader$1::run@26
                      ; - java.net.URLClassLoader$1::run@1
                      ; - java.security.AccessController::executePrivileged@29
                      ; - java.security.AccessController::doPrivileged@13
                      ; - java.net.URLClassLoader::findClass@13
  0x000001fd4fe553c0: bced 8dff 

  0x000001fd4fe553c4: ;   {other}
  0x000001fd4fe553c4: 0f1f 8400 | b463 007f | e9a7 d7ff | ffba f6ff | ffff 488b | 6c24 604c | 8b54 2428 | 4c89 5424 
  0x000001fd4fe553e4: 204c 896c | 2428 4c89 | 7424 484c | 8b54 2470 | 4c89 5424 | 584c 8944 | 2478 6690 

  0x000001fd4fe55400: ;   {runtime_call UncommonTrapBlob}
  0x000001fd4fe55400: c5f8 77e8 

  0x000001fd4fe55404: ; ImmutableOopMap {rbp=Oop [32]=Oop [40]=Oop [72]=Oop [120]=Oop [128]=Oop [136]=NarrowOop [160]=Oop }
                      ;*invokevirtual get {reexecute=0 rethrow=0 return_oop=0}
                      ; - java.lang.ClassLoader::definePackage@47
                      ; - java.lang.ClassLoader::getDefinedPackage@32
                      ; - java.net.URLClassLoader::getAndVerifyPackage@2
                      ; - java.net.URLClassLoader::defineClass@46
                      ; - java.net.URLClassLoader$1::run@43
                      ; - java.net.URLClassLoader$1::run@1
                      ; - java.security.AccessController::executePrivileged@29
                      ; - java.security.AccessController::doPrivileged@13
                      ; - java.net.URLClassLoader::findClass@13
  0x000001fd4fe55404: 78ef 81ff 

  0x000001fd4fe55408: ;   {other}
  0x000001fd4fe55408: 0f1f 8400 | f863 0080 | ba45 ffff | ff48 8b6c | 2460 4c8b | 5424 284c | 8954 2420 | 4c89 6c24 
  0x000001fd4fe55428: 284c 8974 | 2440 4c89 | 7424 484c | 8b94 2480 | 0000 004c | 8954 2460 | 4c8b 5424 | 704c 8954 
  0x000001fd4fe55448: 2468 448b | 9c24 8800 | 0000 4c8b | 9424 a000 | 0000 4c89 | 9424 9800 | 0000 4489 | 5c24 744c 
  0x000001fd4fe55468: 8984 2488 | 0000 0044 | 898c 24a0 | 0000 0090 

  0x000001fd4fe55478: ;   {runtime_call UncommonTrapBlob}
  0x000001fd4fe55478: c5f8 77e8 

  0x000001fd4fe5547c: ; ImmutableOopMap {rbp=Oop [32]=Oop [40]=Oop [64]=Oop [72]=Oop [96]=Oop [116]=NarrowOop [136]=Oop [152]=Oop [160]=NarrowOop }
                      ;*ifeq {reexecute=1 rethrow=0 return_oop=0}
                      ; - (reexecute) java.lang.ClassLoader::definePackage@4
                      ; - java.lang.ClassLoader::getDefinedPackage@32
                      ; - java.net.URLClassLoader::getAndVerifyPackage@2
                      ; - java.net.URLClassLoader::defineClass@46
                      ; - java.net.URLClassLoader$1::run@43
                      ; - java.net.URLClassLoader$1::run@1
                      ; - java.security.AccessController::executePrivileged@29
                      ; - java.security.AccessController::doPrivileged@13
                      ; - java.net.URLClassLoader::findClass@13
  0x000001fd4fe5547c: 00ef 81ff 

  0x000001fd4fe55480: ;   {other}
  0x000001fd4fe55480: 0f1f 8400 | 7064 0081 | 4d63 d3e9 | 45b0 ffff | 4983 c2fe | 498b ca48 | 8bfa 4833 | c048 83f9 
  0x000001fd4fe554a0: 087f 1048 | ffc9 784f | 4889 04cf | 48ff c97d | f7eb 44c5 | fdef c0e9 | 0d00 0000 | c5fe 7f07 
  0x000001fd4fe554c0: c5fe 7f47 | 2048 83c7 | 4048 83e9 | 087d ed48 | 83c1 047c | 0cc5 fe7f | 0748 83c7 | 2048 83e9 
  0x000001fd4fe554e0: 0448 83c1 | 047e 1048 | ffc9 c5f9 | d607 4883 | c708 48ff | c97d f3e9 | a3b0 ffff | bacc ffff 
  0x000001fd4fe55500: ff48 8b6c | 2460 4c8b | 5424 284c | 8954 2420 | 4c8b 5424 | 684c 8954 | 2430 4c89 | 6c24 4044 
  0x000001fd4fe55520: 8944 2448 | 4489 5c24 | 504c 8b54 | 2470 4c89 | 5424 6848 | 895c 2478 

  0x000001fd4fe55538: ;   {runtime_call UncommonTrapBlob}
  0x000001fd4fe55538: c5f8 77e8 

  0x000001fd4fe5553c: ; ImmutableOopMap {rbp=Oop [32]=Oop [48]=Oop [64]=Oop [72]=NarrowOop [120]=Oop [136]=NarrowOop }
                      ;*newarray {reexecute=1 rethrow=0 return_oop=0}
                      ; - (reexecute) java.util.Arrays::copyOfRangeByte@10
                      ; - java.util.Arrays::copyOfRange@13
                      ; - java.lang.StringLatin1::newString@16
                      ; - java.lang.String::substring@41
                      ; - java.net.URLClassLoader::defineClass@28
                      ; - java.net.URLClassLoader$1::run@43
                      ; - java.net.URLClassLoader$1::run@1
                      ; - java.security.AccessController::executePrivileged@29
                      ; - java.security.AccessController::doPrivileged@13
                      ; - java.net.URLClassLoader::findClass@13
  0x000001fd4fe5553c: 40ee 81ff 

  0x000001fd4fe55540: ;   {other}
  0x000001fd4fe55540: 0f1f 8400 | 3065 0082 | bae4 ffff | ff4c 8b5c | 2460 4c89 | 5c24 204c | 8b5c 2450 | 448b 4424 
  0x000001fd4fe55560: 4044 8944 | 2434 4c89 | 5c24 404c | 8b5c 2468 | 4c89 5c24 | 504c 8b5c | 2470 4c89 | 5c24 604c 
  0x000001fd4fe55580: 8b9c 2480 | 0000 004c | 895c 2470 | 448b 9c24 | a800 0000 | 4489 9c24 | 9800 0000 | 4489 9424 
  0x000001fd4fe555a0: a000 0000 

  0x000001fd4fe555a4: ;   {runtime_call UncommonTrapBlob}
  0x000001fd4fe555a4: c5f8 77e8 

  0x000001fd4fe555a8: ; ImmutableOopMap {[32]=Oop [40]=Oop [48]=NarrowOop [64]=Oop [80]=Oop [88]=Oop [96]=Oop [112]=Oop [120]=NarrowOop [128]=Oop [136]=Oop [160]=NarrowOop }
                      ;*invokestatic checkIndex {reexecute=0 rethrow=0 return_oop=0}
                      ; - java.lang.String::checkIndex@5
                      ; - java.lang.StringLatin1::charAt@3
                      ; - java.lang.String::charAt@12
                      ; - java.io.WinNTFileSystem::normalize@31
                      ; - java.io.File::<init>@73
                      ; - jdk.internal.loader.URLClassPath$FileLoader::getResource@73
                      ; - jdk.internal.loader.URLClassPath::getResource@53
                      ; - java.net.URLClassLoader$1::run@26
                      ; - java.net.URLClassLoader$1::run@1
                      ; - java.security.AccessController::executePrivileged@29
                      ; - java.security.AccessController::doPrivileged@13
                      ; - java.net.URLClassLoader::findClass@13
  0x000001fd4fe555a8: d4ed 81ff 

  0x000001fd4fe555ac: ;   {other}
  0x000001fd4fe555ac: 0f1f 8400 | 9c65 0083 | 33ed 85c9 | 400f 94c5 | ba45 ffff | ff4c 8b54 | 2460 4c89 | 5424 204c 
  0x000001fd4fe555cc: 8b54 2468 | 4c89 5424 | 384c 896c | 2448 4889 | 4424 6844 | 895c 2470 

  0x000001fd4fe555e4: ;   {runtime_call UncommonTrapBlob}
  0x000001fd4fe555e4: c5f8 77e8 

  0x000001fd4fe555e8: ; ImmutableOopMap {[32]=Oop [40]=Oop [56]=Oop [72]=Oop }
                      ;*ifeq {reexecute=1 rethrow=0 return_oop=0}
                      ; - (reexecute) java.lang.String::lastIndexOf@4
                      ; - java.lang.String::lastIndexOf@8
                      ; - java.net.URLClassLoader::defineClass@7
                      ; - java.net.URLClassLoader$1::run@43
                      ; - java.net.URLClassLoader$1::run@1
                      ; - java.security.AccessController::executePrivileged@29
                      ; - java.security.AccessController::doPrivileged@13
                      ; - java.net.URLClassLoader::findClass@13
  0x000001fd4fe555e8: 94ed 81ff 

  0x000001fd4fe555ec: ;   {other}
  0x000001fd4fe555ec: 0f1f 8400 | dc65 0084 | ba45 ffff | ff48 8b6c | 2460 4c8b | 4424 284c | 8944 2420 | 4c89 6c24 
  0x000001fd4fe5560c: 4044 895c | 2454 4489 | 5c24 5844 | 8954 247c 

  0x000001fd4fe5561c: ;   {runtime_call UncommonTrapBlob}
  0x000001fd4fe5561c: c5f8 77e8 

  0x000001fd4fe55620: ; ImmutableOopMap {rbp=Oop [32]=Oop [64]=Oop [104]=Oop [136]=NarrowOop }
                      ;*if_icmpgt {reexecute=1 rethrow=0 return_oop=0}
                      ; - (reexecute) jdk.internal.util.Preconditions::checkFromToIndex@6
                      ; - java.lang.String::checkBoundsBeginEnd@6
                      ; - java.lang.String::substring@8
                      ; - java.net.URLClassLoader::defineClass@28
                      ; - java.net.URLClassLoader$1::run@43
                      ; - java.net.URLClassLoader$1::run@1
                      ; - java.security.AccessController::executePrivileged@29
                      ; - java.security.AccessController::doPrivileged@13
                      ; - java.net.URLClassLoader::findClass@13
  0x000001fd4fe55620: 5ced 81ff 

  0x000001fd4fe55624: ;   {other}
  0x000001fd4fe55624: 0f1f 8400 | 1466 0085 | ba45 ffff | ff48 8b6c | 2460 4c8b | 5424 284c | 8954 2420 | 4c89 6c24 
  0x000001fd4fe55644: 284c 8974 | 2440 4c89 | 7424 484c | 8b94 2480 | 0000 004c | 8954 2460 | 4c8b 5424 | 704c 8954 
  0x000001fd4fe55664: 2468 448b | 8c24 8800 | 0000 4c8b | 9424 a000 | 0000 4c89 | 9424 9800 | 0000 4489 | 4c24 744c 
  0x000001fd4fe55684: 8984 2488 | 0000 0044 | 899c 24a0 | 0000 0090 

  0x000001fd4fe55694: ;   {runtime_call UncommonTrapBlob}
  0x000001fd4fe55694: c5f8 77e8 

  0x000001fd4fe55698: ; ImmutableOopMap {rbp=Oop [32]=Oop [40]=Oop [64]=Oop [72]=Oop [96]=Oop [116]=NarrowOop [136]=Oop [152]=Oop }
                      ;*ifle {reexecute=1 rethrow=0 return_oop=0}
                      ; - (reexecute) java.util.concurrent.ConcurrentHashMap::get@23
                      ; - java.lang.ClassLoader::getDefinedPackage@13
                      ; - java.net.URLClassLoader::getAndVerifyPackage@2
                      ; - java.net.URLClassLoader::defineClass@46
                      ; - java.net.URLClassLoader$1::run@43
                      ; - java.net.URLClassLoader$1::run@1
                      ; - java.security.AccessController::executePrivileged@29
                      ; - java.security.AccessController::doPrivileged@13
                      ; - java.net.URLClassLoader::findClass@13
  0x000001fd4fe55698: e4ec 81ff 

  0x000001fd4fe5569c: ;   {other}
  0x000001fd4fe5569c: 0f1f 8400 | 8c66 0086 | ba45 ffff | ff48 8b6c | 2438 4c8b | 5424 284c | 8954 2420 | 4c8b 5424 
  0x000001fd4fe556bc: 684c 8954 | 2450 4c8b | 5424 704c | 8954 2458 | 4889 4424 | 7066 6690 

  0x000001fd4fe556d4: ;   {runtime_call UncommonTrapBlob}
  0x000001fd4fe556d4: c5f8 77e8 

  0x000001fd4fe556d8: ; ImmutableOopMap {rbp=Oop [32]=Oop [64]=Oop [80]=Oop [112]=Oop [136]=NarrowOop }
                      ;*ifnull {reexecute=1 rethrow=0 return_oop=0}
                      ; - (reexecute) java.net.URLClassLoader::defineClass@139
                      ; - java.net.URLClassLoader$1::run@43
                      ; - java.net.URLClassLoader$1::run@1
                      ; - java.security.AccessController::executePrivileged@29
                      ; - java.security.AccessController::doPrivileged@13
                      ; - java.net.URLClassLoader::findClass@13
  0x000001fd4fe556d8: a4ec 81ff 

  0x000001fd4fe556dc: ;   {other}
  0x000001fd4fe556dc: 0f1f 8400 | cc66 0087 | ba45 ffff | ff48 8b6c | 2460 4c8b | 4424 284c | 8944 2420 | 4c89 6c24 
  0x000001fd4fe556fc: 4044 895c | 2454 4489 | 5c24 5844 | 8954 247c | 4489 9424 | 8000 0000 

  0x000001fd4fe55714: ;   {runtime_call UncommonTrapBlob}
  0x000001fd4fe55714: c5f8 77e8 

  0x000001fd4fe55718: ; ImmutableOopMap {rbp=Oop [32]=Oop [64]=Oop [104]=Oop [136]=NarrowOop }
                      ;*if_icmple {reexecute=1 rethrow=0 return_oop=0}
                      ; - (reexecute) jdk.internal.util.Preconditions::checkFromToIndex@11
                      ; - java.lang.String::checkBoundsBeginEnd@6
                      ; - java.lang.String::substring@8
                      ; - java.net.URLClassLoader::defineClass@28
                      ; - java.net.URLClassLoader$1::run@43
                      ; - java.net.URLClassLoader$1::run@1
                      ; - java.security.AccessController::executePrivileged@29
                      ; - java.security.AccessController::doPrivileged@13
                      ; - java.net.URLClassLoader::findClass@13
  0x000001fd4fe55718: 64ec 81ff 

  0x000001fd4fe5571c: ;   {other}
  0x000001fd4fe5571c: 0f1f 8400 | 0c67 0088 | ba45 ffff | ff4c 8b54 | 2460 4c89 | 5424 204c | 896c 2430 | 4c8b 5424 
  0x000001fd4fe5573c: 684c 8954 | 2438 4c8b | 9424 8000 | 0000 4c89 | 5424 584c | 8b54 2470 | 4c89 5424 | 6044 898c 
  0x000001fd4fe5575c: 2480 0000 | 0066 6690 

  0x000001fd4fe55764: ;   {runtime_call UncommonTrapBlob}
  0x000001fd4fe55764: c5f8 77e8 

  0x000001fd4fe55768: ; ImmutableOopMap {rbp=NarrowOop [32]=Oop [40]=Oop [48]=Oop [56]=Oop [88]=Oop [128]=NarrowOop [136]=NarrowOop [200]=Oop }
                      ;*ifnull {reexecute=1 rethrow=0 return_oop=0}
                      ; - (reexecute) java.util.jar.JarFile::maybeInstantiateVerifier@4
                      ; - java.util.jar.JarFile::ensureInitialization@1
                      ; - java.util.jar.JavaUtilJarAccessImpl::ensureInitialization@1
                      ; - jdk.internal.loader.URLClassPath$JarLoader$2::getManifest@10
                      ; - java.net.URLClassLoader::defineClass@34
                      ; - java.net.URLClassLoader$1::run@43
                      ; - java.net.URLClassLoader$1::run@1
                      ; - java.security.AccessController::executePrivileged@29
                      ; - java.security.AccessController::doPrivileged@13
                      ; - java.net.URLClassLoader::findClass@13
  0x000001fd4fe55768: 14ec 81ff 

  0x000001fd4fe5576c: ;   {other}
  0x000001fd4fe5576c: 0f1f 8400 | 5c67 0089 | 448b dbe9 | cfab ffff | 4c89 4424 | 3848 8974 | 2420 498b | d7c5 f877 
  0x000001fd4fe5578c: 49ba 20a4 | 4095 ff7f | 0000 41ff 

  0x000001fd4fe55798: ;   {other}
  0x000001fd4fe55798: d20f 1f84 | 0000 0000 | 004c 8b44 | 2438 488b | 7424 20e9 | f3af ffff | 4533 dbe9 | e2da ffff 
  0x000001fd4fe557b8: 4c89 7424 | 304c 8bf3 | 498b d7c5 | f877 49ba | 20a4 4095 | ff7f 0000 

  0x000001fd4fe557d0: ;   {other}
  0x000001fd4fe557d0: 41ff d20f | 1f84 0000 | 0000 0049 | 8bde 4c8b | 7424 30e9 | c2ad ffff | 33ed eb02 | 8be8 ba45 
  0x000001fd4fe557f0: ffff ff4c | 8b4c 2460 | 4c89 6c24 | 304c 894c | 2440 4c89 | 7424 484c | 8974 2450 | 4c89 4c24 
  0x000001fd4fe55810: 584c 8b8c | 2480 0000 | 004c 894c | 2468 8b8c | 2488 0000 | 0089 4c24 | 7c4c 8984 | 2488 0000 
  0x000001fd4fe55830: 004c 8984 | 24a8 0000 | 0044 899c | 24b0 0000 | 0044 8994 | 24b4 0000 | 0066 6690 

  0x000001fd4fe5584c: ;   {runtime_call UncommonTrapBlob}
  0x000001fd4fe5584c: c5f8 77e8 

  0x000001fd4fe55850: ; ImmutableOopMap {[40]=Oop [48]=Oop [64]=Oop [72]=Oop [80]=Oop [88]=Oop [104]=Oop [124]=NarrowOop [136]=Oop [160]=Oop [168]=Oop [176]=NarrowOop }
                      ;*ifeq {reexecute=1 rethrow=0 return_oop=0}
                      ; - (reexecute) java.util.concurrent.ConcurrentHashMap::get@76
                      ; - java.lang.ClassLoader::getDefinedPackage@13
                      ; - java.net.URLClassLoader::getAndVerifyPackage@2
                      ; - java.net.URLClassLoader::defineClass@46
                      ; - java.net.URLClassLoader$1::run@43
                      ; - java.net.URLClassLoader$1::run@1
                      ; - java.security.AccessController::executePrivileged@29
                      ; - java.security.AccessController::doPrivileged@13
                      ; - java.net.URLClassLoader::findClass@13
  0x000001fd4fe55850: 2ceb 81ff 

  0x000001fd4fe55854: ;   {other}
  0x000001fd4fe55854: 0f1f 8400 | 4468 008a | ba45 ffff | ff48 8b6c | 2460 4c8b | 5424 284c | 8954 2420 | 4c89 6c24 
  0x000001fd4fe55874: 284c 8974 | 2440 4c89 | 7424 484c | 8b94 2480 | 0000 004c | 8954 2460 | 4c8b 5424 | 704c 8954 
  0x000001fd4fe55894: 2468 4c8b | 9424 a000 | 0000 4c89 | 9424 9800 | 0000 8b8c | 2488 0000 | 0089 4c24 | 744c 8984 
  0x000001fd4fe558b4: 2488 0000 | 0044 898c | 24a0 0000 | 0044 899c | 24a4 0000 | 0066 6690 

  0x000001fd4fe558cc: ;   {runtime_call UncommonTrapBlob}
  0x000001fd4fe558cc: c5f8 77e8 

  0x000001fd4fe558d0: ; ImmutableOopMap {rbp=Oop [32]=Oop [40]=Oop [64]=Oop [72]=Oop [96]=Oop [116]=NarrowOop [136]=Oop [152]=Oop [160]=NarrowOop }
                      ;*ifle {reexecute=1 rethrow=0 return_oop=0}
                      ; - (reexecute) java.util.concurrent.ConcurrentHashMap::get@23
                      ; - java.lang.ClassLoader::definePackage@47
                      ; - java.lang.ClassLoader::getDefinedPackage@32
                      ; - java.net.URLClassLoader::getAndVerifyPackage@2
                      ; - java.net.URLClassLoader::defineClass@46
                      ; - java.net.URLClassLoader$1::run@43
                      ; - java.net.URLClassLoader$1::run@1
                      ; - java.security.AccessController::executePrivileged@29
                      ; - java.security.AccessController::doPrivileged@13
                      ; - java.net.URLClassLoader::findClass@13
  0x000001fd4fe558d0: acea 81ff 

  0x000001fd4fe558d4: ;   {other}
  0x000001fd4fe558d4: 0f1f 8400 | c468 008b | ba45 ffff | ff4c 8b54 | 2430 4c89 | 5424 204c | 8b54 2440 | 4c89 5424 
  0x000001fd4fe558f4: 304c 8b94 | 2480 0000 | 004c 8954 | 2460 4c8b | 5424 704c | 8954 2468 | 448b 9c24 | 8800 0000 
  0x000001fd4fe55914: 4489 5c24 | 7489 8424 | 8800 0000 

  0x000001fd4fe55920: ;   {runtime_call UncommonTrapBlob}
  0x000001fd4fe55920: c5f8 77e8 

  0x000001fd4fe55924: ; ImmutableOopMap {[32]=Oop [40]=Oop [48]=Oop [56]=Oop [88]=Oop [96]=Oop [116]=NarrowOop [120]=Oop [160]=Oop }
                      ;*ifeq {reexecute=1 rethrow=0 return_oop=0}
                      ; - (reexecute) java.net.URLClassLoader::getAndVerifyPackage@17
                      ; - java.net.URLClassLoader::defineClass@46
                      ; - java.net.URLClassLoader$1::run@43
                      ; - java.net.URLClassLoader$1::run@1
                      ; - java.security.AccessController::executePrivileged@29
                      ; - java.security.AccessController::doPrivileged@13
                      ; - java.net.URLClassLoader::findClass@13
  0x000001fd4fe55924: 58ea 81ff 

  0x000001fd4fe55928: ;   {other}
  0x000001fd4fe55928: 0f1f 8400 | 1869 008c | ba45 ffff | ff4c 8b54 | 2430 4c89 | 5424 204c | 8b54 2440 | 4c89 5424 
  0x000001fd4fe55948: 304c 8b94 | 2480 0000 | 004c 8954 | 2460 4c8b | 5424 704c | 8954 2468 | 448b 9424 | 8800 0000 
  0x000001fd4fe55968: 4489 5424 | 7066 6690 

  0x000001fd4fe55970: ;   {runtime_call UncommonTrapBlob}
  0x000001fd4fe55970: c5f8 77e8 

  0x000001fd4fe55974: ; ImmutableOopMap {[32]=Oop [40]=Oop [48]=Oop [56]=Oop [88]=Oop [96]=Oop [112]=NarrowOop [120]=Oop [160]=Oop }
                      ;*ifnull {reexecute=1 rethrow=0 return_oop=0}
                      ; - (reexecute) java.net.URLClassLoader::getAndVerifyPackage@62
                      ; - java.net.URLClassLoader::defineClass@46
                      ; - java.net.URLClassLoader$1::run@43
                      ; - java.net.URLClassLoader$1::run@1
                      ; - java.security.AccessController::executePrivileged@29
                      ; - java.security.AccessController::doPrivileged@13
                      ; - java.net.URLClassLoader::findClass@13
  0x000001fd4fe55974: 08ea 81ff 

  0x000001fd4fe55978: ;   {other}
  0x000001fd4fe55978: 0f1f 8400 | 6869 008d | ba45 ffff | ff48 8b6c | 2438 4c8b | 5424 284c | 8954 2420 | 4c8b 5424 
  0x000001fd4fe55998: 404c 8954 | 2428 4c8b | 5424 684c | 8954 2430 | 4c8b 5424 | 704c 8954 | 2468 8944 | 2474 6690 
  0x000001fd4fe559b8: ;   {runtime_call UncommonTrapBlob}
  0x000001fd4fe559b8: c5f8 77e8 

  0x000001fd4fe559bc: ; ImmutableOopMap {rbp=Oop [32]=Oop [40]=Oop [48]=Oop [88]=Oop [128]=Oop [136]=NarrowOop [160]=Oop }
                      ;*ifeq {reexecute=1 rethrow=0 return_oop=0}
                      ; - (reexecute) java.net.URLClassLoader::getAndVerifyPackage@71
                      ; - java.net.URLClassLoader::defineClass@46
                      ; - java.net.URLClassLoader$1::run@43
                      ; - java.net.URLClassLoader$1::run@1
                      ; - java.security.AccessController::executePrivileged@29
                      ; - java.security.AccessController::doPrivileged@13
                      ; - java.net.URLClassLoader::findClass@13
  0x000001fd4fe559bc: c0e9 81ff 

  0x000001fd4fe559c0: ;   {other}
  0x000001fd4fe559c0: 0f1f 8400 | b069 008e | baf6 ffff | ff48 8b6c | 2460 4c8b | 5424 284c | 8954 2420 | 4c89 6c24 
  0x000001fd4fe559e0: 284c 8974 | 2448 4c8b | 9424 8000 | 0000 4c89 | 5424 504c | 8b54 2470 | 4c89 5424 | 584c 8944 
  0x000001fd4fe55a00: 2478 4c89 | 9c24 8000 | 0000 6690 

  0x000001fd4fe55a0c: ;   {runtime_call UncommonTrapBlob}
  0x000001fd4fe55a0c: c5f8 77e8 

  0x000001fd4fe55a10: ; ImmutableOopMap {rbp=Oop [32]=Oop [40]=Oop [72]=Oop [80]=Oop [120]=Oop [128]=Oop [136]=NarrowOop [160]=Oop }
                      ;*invokevirtual compute {reexecute=0 rethrow=0 return_oop=0}
                      ; - java.lang.ClassLoader::definePackage@78
                      ; - java.lang.ClassLoader::getDefinedPackage@32
                      ; - java.net.URLClassLoader::getAndVerifyPackage@2
                      ; - java.net.URLClassLoader::defineClass@46
                      ; - java.net.URLClassLoader$1::run@43
                      ; - java.net.URLClassLoader$1::run@1
                      ; - java.security.AccessController::executePrivileged@29
                      ; - java.security.AccessController::doPrivileged@13
                      ; - java.net.URLClassLoader::findClass@13
  0x000001fd4fe55a10: 6ce9 81ff 

  0x000001fd4fe55a14: ;   {other}
  0x000001fd4fe55a14: 0f1f 8400 | 046a 008f | 33ed eb02 | 8be8 ba45 | ffff ff48 | 8b4c 2460 | 4c89 6c24 | 3048 894c 
  0x000001fd4fe55a34: 2440 4c89 | 7424 484c | 8974 2450 | 4889 4c24 | 5848 8b8c | 2480 0000 | 0048 894c | 2468 8b9c 
  0x000001fd4fe55a54: 2488 0000 | 0089 5c24 | 7c4c 8984 | 2488 0000 | 0044 898c | 24a8 0000 | 004c 8984 | 24b0 0000 
  0x000001fd4fe55a74: 0044 899c | 24ac 0000 | 0044 8994 | 24b8 0000 | 0066 6690 

  0x000001fd4fe55a88: ;   {runtime_call UncommonTrapBlob}
  0x000001fd4fe55a88: c5f8 77e8 

  0x000001fd4fe55a8c: ; ImmutableOopMap {[40]=Oop [48]=Oop [64]=Oop [72]=Oop [80]=Oop [88]=Oop [104]=Oop [124]=NarrowOop [136]=Oop [160]=Oop [168]=NarrowOop [172]=NarrowOop [176]=Oop }
                      ;*ifeq {reexecute=1 rethrow=0 return_oop=0}
                      ; - (reexecute) java.util.concurrent.ConcurrentHashMap::get@76
                      ; - java.lang.ClassLoader::definePackage@47
                      ; - java.lang.ClassLoader::getDefinedPackage@32
                      ; - java.net.URLClassLoader::getAndVerifyPackage@2
                      ; - java.net.URLClassLoader::defineClass@46
                      ; - java.net.URLClassLoader$1::run@43
                      ; - java.net.URLClassLoader$1::run@1
                      ; - java.security.AccessController::executePrivileged@29
                      ; - java.security.AccessController::doPrivileged@13
                      ; - java.net.URLClassLoader::findClass@13
  0x000001fd4fe55a8c: f0e8 81ff 

  0x000001fd4fe55a90: ;   {other}
  0x000001fd4fe55a90: 0f1f 8400 | 806a 0090 | ba45 ffff | ff4c 8b4c | 2460 4c89 | 6c24 304c | 894c 2440 | 4c89 7424 
  0x000001fd4fe55ab0: 484c 8974 | 2450 4c89 | 4c24 584c | 8b8c 2480 | 0000 004c | 894c 2468 | 8b9c 2488 | 0000 0089 
  0x000001fd4fe55ad0: 5c24 7c4c | 8984 2488 | 0000 004c | 8984 24a8 | 0000 0044 | 899c 24b0 | 0000 0044 | 8994 24b4 
  0x000001fd4fe55af0: 0000 0089 | 8c24 b800 | 0000 6690 

  0x000001fd4fe55afc: ;   {runtime_call UncommonTrapBlob}
  0x000001fd4fe55afc: c5f8 77e8 

  0x000001fd4fe55b00: ; ImmutableOopMap {[40]=Oop [48]=Oop [64]=Oop [72]=Oop [80]=Oop [88]=Oop [104]=Oop [124]=NarrowOop [136]=Oop [160]=Oop [168]=Oop [176]=NarrowOop }
                      ;*if_icmpne {reexecute=1 rethrow=0 return_oop=0}
                      ; - (reexecute) java.lang.String::equals@33
                      ; - java.util.concurrent.ConcurrentHashMap::get@73
                      ; - java.lang.ClassLoader::getDefinedPackage@13
                      ; - java.net.URLClassLoader::getAndVerifyPackage@2
                      ; - java.net.URLClassLoader::defineClass@46
                      ; - java.net.URLClassLoader$1::run@43
                      ; - java.net.URLClassLoader$1::run@1
                      ; - java.security.AccessController::executePrivileged@29
                      ; - java.security.AccessController::doPrivileged@13
                      ; - java.net.URLClassLoader::findClass@13
  0x000001fd4fe55b00: 7ce8 81ff 

  0x000001fd4fe55b04: ;   {other}
  0x000001fd4fe55b04: 0f1f 8400 | f46a 0091 | 4533 d245 | 8bca e95b | d6ff ff49 | 8bd0 448b | 8424 ac00 | 0000 488b 
  0x000001fd4fe55b24: 6c24 6090 

  0x000001fd4fe55b28: ;   {static_call}
  0x000001fd4fe55b28: c5f8 77e8 

  0x000001fd4fe55b2c: ; ImmutableOopMap {rbp=Oop [40]=Oop [48]=NarrowOop [56]=Oop [80]=Oop [88]=Oop [96]=Oop [104]=Oop [112]=Oop [120]=NarrowOop [128]=Oop [136]=Oop }
                      ;*invokestatic charAt {reexecute=0 rethrow=0 return_oop=0}
                      ; - java.lang.String::charAt@21
                      ; - java.io.WinNTFileSystem::normalize@31
                      ; - java.io.File::<init>@73
                      ; - jdk.internal.loader.URLClassPath$FileLoader::getResource@118
                      ; - jdk.internal.loader.URLClassPath::getResource@53
                      ; - java.net.URLClassLoader$1::run@26
                      ; - java.net.URLClassLoader$1::run@1
                      ; - java.security.AccessController::executePrivileged@29
                      ; - java.security.AccessController::doPrivileged@13
                      ; - java.net.URLClassLoader::findClass@13
  0x000001fd4fe55b2c: 5095 81ff 

  0x000001fd4fe55b30: ;   {other}
  0x000001fd4fe55b30: 0f1f 8400 | 206b 0092 | 448b c8e9 | 05d3 ffff | ba45 ffff | ff4c 8b4c | 2460 4c89 | 6c24 304c 
  0x000001fd4fe55b50: 894c 2440 | 4c89 7424 | 484c 8974 | 2450 4c89 | 4c24 584c | 8b8c 2480 | 0000 004c | 894c 2468 
  0x000001fd4fe55b70: 8b8c 2488 | 0000 0089 | 4c24 7c4c | 8984 2488 | 0000 004c | 8984 24a8 | 0000 0044 | 899c 24b0 
  0x000001fd4fe55b90: 0000 0044 | 8994 24b4 | 0000 0090 

  0x000001fd4fe55b9c: ;   {runtime_call UncommonTrapBlob}
  0x000001fd4fe55b9c: c5f8 77e8 

  0x000001fd4fe55ba0: ; ImmutableOopMap {[40]=Oop [48]=Oop [64]=Oop [72]=Oop [80]=Oop [88]=Oop [104]=Oop [124]=NarrowOop [136]=Oop [160]=Oop [168]=Oop [176]=NarrowOop }
                      ;*ifge {reexecute=1 rethrow=0 return_oop=0}
                      ; - (reexecute) java.util.concurrent.ConcurrentHashMap::get@86
                      ; - java.lang.ClassLoader::getDefinedPackage@13
                      ; - java.net.URLClassLoader::getAndVerifyPackage@2
                      ; - java.net.URLClassLoader::defineClass@46
                      ; - java.net.URLClassLoader$1::run@43
                      ; - java.net.URLClassLoader$1::run@1
                      ; - java.security.AccessController::executePrivileged@29
                      ; - java.security.AccessController::doPrivileged@13
                      ; - java.net.URLClassLoader::findClass@13
  0x000001fd4fe55ba0: dce7 81ff 

  0x000001fd4fe55ba4: ;   {other}
  0x000001fd4fe55ba4: 0f1f 8400 | 946b 0093 

  0x000001fd4fe55bac: ;   {metadata('java/io/File')}
  0x000001fd4fe55bac: 48ba 10f6 | 045e fd01 | 0000 6690 

  0x000001fd4fe55bb8: ;   {runtime_call _new_instance_Java}
  0x000001fd4fe55bb8: c5f8 77e8 

  0x000001fd4fe55bbc: ; ImmutableOopMap {rbp=Oop [40]=Oop [48]=NarrowOop [56]=Oop [80]=Oop [88]=Oop [96]=Oop [104]=Oop [112]=Oop [120]=NarrowOop }
                      ;*new {reexecute=0 rethrow=0 return_oop=1}
                      ; - jdk.internal.loader.URLClassPath$FileLoader::getResource@101
                      ; - jdk.internal.loader.URLClassPath::getResource@53
                      ; - java.net.URLClassLoader$1::run@26
                      ; - java.net.URLClassLoader$1::run@1
                      ; - java.security.AccessController::executePrivileged@29
                      ; - java.security.AccessController::doPrivileged@13
                      ; - java.net.URLClassLoader::findClass@13
  0x000001fd4fe55bbc: c0e5 8dff 

  0x000001fd4fe55bc0: ;   {other}
  0x000001fd4fe55bc0: 0f1f 8400 | b06b 0094 | e915 d1ff | ffba 45ff | ffff 488b | 4c24 604c | 896c 2430 | 4889 4c24 
  0x000001fd4fe55be0: 404c 8974 | 2448 4c89 | 7424 5048 | 894c 2458 | 488b 8c24 | 8000 0000 | 4889 4c24 | 688b 8c24 
  0x000001fd4fe55c00: 8800 0000 | 894c 247c | 4c89 8424 | 8800 0000 | 4489 8c24 | a800 0000 | 4c89 8424 | b000 0000 
  0x000001fd4fe55c20: 4489 9c24 | ac00 0000 | 4489 9424 | b800 0000 | 89bc 24bc | 0000 0090 

  0x000001fd4fe55c38: ;   {runtime_call UncommonTrapBlob}
  0x000001fd4fe55c38: c5f8 77e8 

  0x000001fd4fe55c3c: ; ImmutableOopMap {[40]=Oop [48]=Oop [64]=Oop [72]=Oop [80]=Oop [88]=Oop [104]=Oop [124]=NarrowOop [136]=Oop [160]=Oop [168]=NarrowOop [172]=NarrowOop [176]=Oop }
                      ;*if_icmpne {reexecute=1 rethrow=0 return_oop=0}
                      ; - (reexecute) java.lang.String::equals@33
                      ; - java.util.concurrent.ConcurrentHashMap::get@73
                      ; - java.lang.ClassLoader::definePackage@47
                      ; - java.lang.ClassLoader::getDefinedPackage@32
                      ; - java.net.URLClassLoader::getAndVerifyPackage@2
                      ; - java.net.URLClassLoader::defineClass@46
                      ; - java.net.URLClassLoader$1::run@43
                      ; - java.net.URLClassLoader$1::run@1
                      ; - java.security.AccessController::executePrivileged@29
                      ; - java.security.AccessController::doPrivileged@13
                      ; - java.net.URLClassLoader::findClass@13
  0x000001fd4fe55c3c: 40e7 81ff 

  0x000001fd4fe55c40: ;   {other}
  0x000001fd4fe55c40: 0f1f 8400 | 306c 0095 | ba45 ffff | ff48 8b4c | 2460 4c89 | 6c24 3048 | 894c 2440 | 4c89 7424 
  0x000001fd4fe55c60: 484c 8974 | 2450 4889 | 4c24 5848 | 8b8c 2480 | 0000 0048 | 894c 2468 | 8b9c 2488 | 0000 0089 
  0x000001fd4fe55c80: 5c24 7c4c | 8984 2488 | 0000 0044 | 898c 24a8 | 0000 004c | 8984 24b0 | 0000 0044 | 899c 24ac 
  0x000001fd4fe55ca0: 0000 0044 | 8994 24b8 | 0000 0090 

  0x000001fd4fe55cac: ;   {runtime_call UncommonTrapBlob}
  0x000001fd4fe55cac: c5f8 77e8 

  0x000001fd4fe55cb0: ; ImmutableOopMap {[40]=Oop [48]=Oop [64]=Oop [72]=Oop [80]=Oop [88]=Oop [104]=Oop [124]=NarrowOop [136]=Oop [160]=Oop [168]=NarrowOop [172]=NarrowOop [176]=Oop }
                      ;*ifge {reexecute=1 rethrow=0 return_oop=0}
                      ; - (reexecute) java.util.concurrent.ConcurrentHashMap::get@86
                      ; - java.lang.ClassLoader::definePackage@47
                      ; - java.lang.ClassLoader::getDefinedPackage@32
                      ; - java.net.URLClassLoader::getAndVerifyPackage@2
                      ; - java.net.URLClassLoader::defineClass@46
                      ; - java.net.URLClassLoader$1::run@43
                      ; - java.net.URLClassLoader$1::run@1
                      ; - java.security.AccessController::executePrivileged@29
                      ; - java.security.AccessController::doPrivileged@13
                      ; - java.net.URLClassLoader::findClass@13
  0x000001fd4fe55cb0: cce6 81ff 

  0x000001fd4fe55cb4: ;   {other}
  0x000001fd4fe55cb4: 0f1f 8400 | a46c 0096 | bae4 ffff | ff4c 8b54 | 2460 4c89 | 5424 2044 | 8b54 2440 | 4489 5424 
  0x000001fd4fe55cd4: 344c 8b54 | 2450 4c89 | 5424 404c | 8b54 2468 | 4c89 5424 | 504c 8b54 | 2470 4c89 | 5424 604c 
  0x000001fd4fe55cf4: 8b94 2480 | 0000 004c | 8954 2470 | 448b 9424 | a800 0000 | 4489 9424 | 9800 0000 | 4489 8424 
  0x000001fd4fe55d14: a000 0000 

  0x000001fd4fe55d18: ;   {runtime_call UncommonTrapBlob}
  0x000001fd4fe55d18: c5f8 77e8 

  0x000001fd4fe55d1c: ; ImmutableOopMap {[32]=Oop [40]=Oop [48]=NarrowOop [64]=Oop [80]=Oop [88]=Oop [96]=Oop [112]=Oop [120]=NarrowOop [128]=Oop [136]=Oop [160]=NarrowOop }
                      ;*invokestatic checkIndex {reexecute=0 rethrow=0 return_oop=0}
                      ; - java.lang.String::checkIndex@5
                      ; - java.lang.StringLatin1::charAt@3
                      ; - java.lang.String::charAt@12
                      ; - java.io.WinNTFileSystem::normalize@31
                      ; - java.io.File::<init>@73
                      ; - jdk.internal.loader.URLClassPath$FileLoader::getResource@118
                      ; - jdk.internal.loader.URLClassPath::getResource@53
                      ; - java.net.URLClassLoader$1::run@26
                      ; - java.net.URLClassLoader$1::run@1
                      ; - java.security.AccessController::executePrivileged@29
                      ; - java.security.AccessController::doPrivileged@13
                      ; - java.net.URLClassLoader::findClass@13
  0x000001fd4fe55d1c: 60e6 81ff 

  0x000001fd4fe55d20: ;   {other}
  0x000001fd4fe55d20: 0f1f 8400 | 106d 0097 | bade ffff | ff4c 8b44 | 2428 4c89 | 4424 204c | 8b44 2440 | 4c89 4424 
  0x000001fd4fe55d40: 284c 8b44 | 2468 4c89 | 4424 304c | 8b44 2478 | 4c89 4424 | 504c 8b44 | 2470 4c89 | 4424 604c 
  0x000001fd4fe55d60: 8b84 2488 | 0000 004c | 8944 2470 | 4c8b 8424 | 8000 0000 | 4c89 4424 | 784c 899c | 2490 0000 
  0x000001fd4fe55d80: 004c 8994 | 2498 0000 | 0066 6690 

  0x000001fd4fe55d8c: ;   {runtime_call UncommonTrapBlob}
  0x000001fd4fe55d8c: c5f8 77e8 

  0x000001fd4fe55d90: ; ImmutableOopMap {rbp=Oop [32]=Oop [40]=Oop [48]=Oop [80]=Oop [88]=NarrowOop [112]=Oop [120]=Oop [144]=Oop [152]=Oop [200]=Oop }
                      ;*invokevirtual getName {reexecute=0 rethrow=0 return_oop=0}
                      ; - java.util.jar.JarFile::getManifestFromReference@74
                      ; - java.util.jar.JarFile::getManifest@1
                      ; - jdk.internal.loader.URLClassPath$JarLoader$2::getManifest@22
                      ; - java.net.URLClassLoader::defineClass@34
                      ; - java.net.URLClassLoader$1::run@43
                      ; - java.net.URLClassLoader$1::run@1
                      ; - java.security.AccessController::executePrivileged@29
                      ; - java.security.AccessController::doPrivileged@13
                      ; - java.net.URLClassLoader::findClass@13
  0x000001fd4fe55d90: ece5 81ff 

  0x000001fd4fe55d94: ;   {other}
  0x000001fd4fe55d94: 0f1f 8400 | 846d 0098 | ba0f 0000 | 004c 8b54 | 2448 4c89 | 5424 204c | 8b54 2440 | 4c89 5424 
  0x000001fd4fe55db4: 304c 8b54 | 2468 4c89 | 5424 384c | 8b54 2478 | 4c89 5424 | 604c 8b54 | 2470 4c89 | 5424 6890 
  0x000001fd4fe55dd4: ;   {runtime_call UncommonTrapBlob}
  0x000001fd4fe55dd4: c5f8 77e8 

  0x000001fd4fe55dd8: ; ImmutableOopMap {rbp=Oop [32]=Oop [40]=Oop [48]=Oop [56]=Oop [88]=NarrowOop [96]=Oop [128]=Oop [136]=Oop [144]=Oop [200]=Oop }
                      ;*new {reexecute=0 rethrow=0 return_oop=0}
                      ; - java.util.Hashtable::<init>@53
                      ; - java.util.Hashtable::<init>@5
                      ; - java.util.jar.JarVerifier::<init>@39
                      ; - java.util.jar.JarFile::getManifestFromReference@78
                      ; - java.util.jar.JarFile::getManifest@1
                      ; - jdk.internal.loader.URLClassPath$JarLoader$2::getManifest@22
                      ; - java.net.URLClassLoader::defineClass@34
                      ; - java.net.URLClassLoader$1::run@43
                      ; - java.net.URLClassLoader$1::run@1
                      ; - java.security.AccessController::executePrivileged@29
                      ; - java.security.AccessController::doPrivileged@13
                      ; - java.net.URLClassLoader::findClass@13
  0x000001fd4fe55dd8: a4e5 81ff 

  0x000001fd4fe55ddc: ;   {other}
  0x000001fd4fe55ddc: 0f1f 8400 | cc6d 0099 | ba0f 0000 | 004c 8b54 | 2448 4c89 | 5424 204c | 8b54 2440 | 4c89 5424 
  0x000001fd4fe55dfc: 304c 8b54 | 2468 4c89 | 5424 384c | 8b54 2478 | 4c89 5424 | 604c 8b54 | 2470 4c89 | 5424 6890 
  0x000001fd4fe55e1c: ;   {runtime_call UncommonTrapBlob}
  0x000001fd4fe55e1c: c5f8 77e8 

  0x000001fd4fe55e20: ; ImmutableOopMap {rbp=Oop [32]=Oop [40]=Oop [48]=Oop [56]=Oop [88]=NarrowOop [96]=Oop [128]=Oop [136]=Oop [144]=Oop [200]=Oop }
                      ;*new {reexecute=0 rethrow=0 return_oop=0}
                      ; - java.util.Hashtable::<init>@53
                      ; - java.util.Hashtable::<init>@5
                      ; - java.util.jar.JarVerifier::<init>@50
                      ; - java.util.jar.JarFile::getManifestFromReference@78
                      ; - java.util.jar.JarFile::getManifest@1
                      ; - jdk.internal.loader.URLClassPath$JarLoader$2::getManifest@22
                      ; - java.net.URLClassLoader::defineClass@34
                      ; - java.net.URLClassLoader$1::run@43
                      ; - java.net.URLClassLoader$1::run@1
                      ; - java.security.AccessController::executePrivileged@29
                      ; - java.security.AccessController::doPrivileged@13
                      ; - java.net.URLClassLoader::findClass@13
  0x000001fd4fe55e20: 5ce5 81ff 

  0x000001fd4fe55e24: ;   {other}
  0x000001fd4fe55e24: 0f1f 8400 | 146e 009a | ba0f 0000 | 004c 8b54 | 2448 4c89 | 5424 204c | 8b54 2440 | 4c89 5424 
  0x000001fd4fe55e44: 304c 8b54 | 2468 4c89 | 5424 384c | 8b54 2478 | 4c89 5424 | 604c 8b54 | 2470 4c89 | 5424 6890 
  0x000001fd4fe55e64: ;   {runtime_call UncommonTrapBlob}
  0x000001fd4fe55e64: c5f8 77e8 

  0x000001fd4fe55e68: ; ImmutableOopMap {rbp=Oop [32]=Oop [40]=Oop [48]=Oop [56]=Oop [88]=NarrowOop [96]=Oop [128]=Oop [136]=Oop [144]=Oop [200]=Oop }
                      ;*new {reexecute=0 rethrow=0 return_oop=0}
                      ; - java.util.Hashtable::<init>@53
                      ; - java.util.Hashtable::<init>@4
                      ; - java.util.jar.JarVerifier::<init>@63
                      ; - java.util.jar.JarFile::getManifestFromReference@78
                      ; - java.util.jar.JarFile::getManifest@1
                      ; - jdk.internal.loader.URLClassPath$JarLoader$2::getManifest@22
                      ; - java.net.URLClassLoader::defineClass@34
                      ; - java.net.URLClassLoader$1::run@43
                      ; - java.net.URLClassLoader$1::run@1
                      ; - java.security.AccessController::executePrivileged@29
                      ; - java.security.AccessController::doPrivileged@13
                      ; - java.net.URLClassLoader::findClass@13
  0x000001fd4fe55e68: 14e5 81ff 

  0x000001fd4fe55e6c: ;   {other}
  0x000001fd4fe55e6c: 0f1f 8400 | 5c6e 009b | ba45 ffff | ff4c 896c | 2430 4c89 | 4c24 404c | 8974 2448 | 4c89 7424 
  0x000001fd4fe55e8c: 504c 894c | 2458 4c8b | 9c24 8000 | 0000 4c89 | 5c24 6844 | 8b8c 2488 | 0000 0044 | 894c 247c 
  0x000001fd4fe55eac: 4c89 8424 | 8800 0000 | 4c89 8424 | a800 0000 | 4889 8c24 | b000 0000 | 4489 9424 | b800 0000 
  0x000001fd4fe55ecc: ;   {runtime_call UncommonTrapBlob}
  0x000001fd4fe55ecc: c5f8 77e8 

  0x000001fd4fe55ed0: ; ImmutableOopMap {rbp=NarrowOop [40]=Oop [48]=Oop [64]=Oop [72]=Oop [80]=Oop [88]=Oop [104]=Oop [124]=NarrowOop [136]=Oop [160]=Oop [168]=Oop [176]=Oop }
                      ;*ifnull {reexecute=1 rethrow=0 return_oop=0}
                      ; - (reexecute) java.util.concurrent.ConcurrentHashMap::get@143
                      ; - java.lang.ClassLoader::getDefinedPackage@13
                      ; - java.net.URLClassLoader::getAndVerifyPackage@2
                      ; - java.net.URLClassLoader::defineClass@46
                      ; - java.net.URLClassLoader$1::run@43
                      ; - java.net.URLClassLoader$1::run@1
                      ; - java.security.AccessController::executePrivileged@29
                      ; - java.security.AccessController::doPrivileged@13
                      ; - java.net.URLClassLoader::findClass@13
  0x000001fd4fe55ed0: ace4 81ff 

  0x000001fd4fe55ed4: ;   {other}
  0x000001fd4fe55ed4: 0f1f 8400 | c46e 009c | 498b f048 | 8b5c 2450 | 498b d7c5 | f877 49ba | 20a4 4095 | ff7f 0000 
  0x000001fd4fe55ef4: ;   {other}
  0x000001fd4fe55ef4: 41ff d20f | 1f84 0000 | 0000 00e9 | 57d9 ffff | 498b d849 | 8bd7 c5f8 | 7749 ba20 | a440 95ff 
  0x000001fd4fe55f14: 7f00 0041 

  0x000001fd4fe55f18: ;   {other}
  0x000001fd4fe55f18: ffd2 0f1f | 8400 0000 | 0000 4c8b | c3e9 c2c3 | ffff bade | ffff ff48 | 8b6c 2448 | 4c8b 4424 
  0x000001fd4fe55f38: 284c 8944 | 2420 4c8b | 4424 404c | 8944 2428 | 4c8b 4424 | 684c 8944 | 2430 4c8b | 4424 784c 
  0x000001fd4fe55f58: 8944 2460 | 4c8b 4424 | 704c 8944 | 2468 4c89 | 5424 784c | 899c 2480 | 0000 0090 

  0x000001fd4fe55f74: ;   {runtime_call UncommonTrapBlob}
  0x000001fd4fe55f74: c5f8 77e8 

  0x000001fd4fe55f78: ; ImmutableOopMap {rbp=Oop [32]=Oop [40]=Oop [48]=Oop [80]=Oop [88]=NarrowOop [96]=Oop [120]=Oop [128]=Oop [200]=Oop }
                      ;*invokevirtual close {reexecute=0 rethrow=0 return_oop=0}
                      ; - java.util.jar.JarFile::getManifestFromReference@152
                      ; - java.util.jar.JarFile::getManifest@1
                      ; - jdk.internal.loader.URLClassPath$JarLoader$2::getManifest@22
                      ; - java.net.URLClassLoader::defineClass@34
                      ; - java.net.URLClassLoader$1::run@43
                      ; - java.net.URLClassLoader$1::run@1
                      ; - java.security.AccessController::executePrivileged@29
                      ; - java.security.AccessController::doPrivileged@13
                      ; - java.net.URLClassLoader::findClass@13
  0x000001fd4fe55f78: 04e4 81ff 

  0x000001fd4fe55f7c: ;   {other}
  0x000001fd4fe55f7c: 0f1f 8400 | 6c6f 009d | ba45 ffff | ff4c 8b5c | 2460 4c89 | 6c24 304c | 895c 2440 | 4c89 7424 
  0x000001fd4fe55f9c: 484c 8974 | 2450 4c89 | 5c24 584c | 8b9c 2480 | 0000 004c | 895c 2468 | 8b8c 2488 | 0000 0089 
  0x000001fd4fe55fbc: 4c24 7c4c | 8984 2488 | 0000 0044 | 898c 24a8 | 0000 004c | 8984 24b0 | 0000 0048 | 899c 24b8 
  0x000001fd4fe55fdc: 0000 0044 | 8994 24ac | 0000 0090 

  0x000001fd4fe55fe8: ;   {runtime_call UncommonTrapBlob}
  0x000001fd4fe55fe8: c5f8 77e8 

  0x000001fd4fe55fec: ; ImmutableOopMap {rbp=NarrowOop [40]=Oop [48]=Oop [64]=Oop [72]=Oop [80]=Oop [88]=Oop [104]=Oop [124]=NarrowOop [136]=Oop [160]=Oop [168]=NarrowOop [176]=Oop [184]=Oop }
                      ;*ifnull {reexecute=1 rethrow=0 return_oop=0}
                      ; - (reexecute) java.util.concurrent.ConcurrentHashMap::get@143
                      ; - java.lang.ClassLoader::definePackage@47
                      ; - java.lang.ClassLoader::getDefinedPackage@32
                      ; - java.net.URLClassLoader::getAndVerifyPackage@2
                      ; - java.net.URLClassLoader::defineClass@46
                      ; - java.net.URLClassLoader$1::run@43
                      ; - java.net.URLClassLoader$1::run@1
                      ; - java.security.AccessController::executePrivileged@29
                      ; - java.security.AccessController::doPrivileged@13
                      ; - java.net.URLClassLoader::findClass@13
  0x000001fd4fe55fec: 90e3 81ff 

  0x000001fd4fe55ff0: ;   {other}
  0x000001fd4fe55ff0: 0f1f 8400 | e06f 009e | ba45 ffff | ff4c 8b54 | 2448 4c89 | 5424 204c | 8b54 2440 | 4c89 5424 
  0x000001fd4fe56010: 304c 8b54 | 2468 4c89 | 5424 384c | 8b54 2478 | 4c89 5424 | 604c 8b54 | 2470 4c89 | 5424 684c 
  0x000001fd4fe56030: 895c 2478 

  0x000001fd4fe56034: ;   {runtime_call UncommonTrapBlob}
  0x000001fd4fe56034: c5f8 77e8 

  0x000001fd4fe56038: ; ImmutableOopMap {[32]=Oop [40]=Oop [48]=Oop [56]=Oop [88]=NarrowOop [96]=Oop [120]=Oop [128]=Oop [200]=Oop }
                      ;*ifne {reexecute=1 rethrow=0 return_oop=0}
                      ; - (reexecute) java.util.jar.JarFile::getManifestFromReference@52
                      ; - java.util.jar.JarFile::getManifest@1
                      ; - jdk.internal.loader.URLClassPath$JarLoader$2::getManifest@22
                      ; - java.net.URLClassLoader::defineClass@34
                      ; - java.net.URLClassLoader$1::run@43
                      ; - java.net.URLClassLoader$1::run@1
                      ; - java.security.AccessController::executePrivileged@29
                      ; - java.security.AccessController::doPrivileged@13
                      ; - java.net.URLClassLoader::findClass@13
  0x000001fd4fe56038: 44e3 81ff 

  0x000001fd4fe5603c: ;   {other}
  0x000001fd4fe5603c: 0f1f 8400 | 2c70 009f | ba45 ffff | ff4c 8b54 | 2428 4c89 | 5424 204c | 8b54 2440 | 4c89 5424 
  0x000001fd4fe5605c: 284c 8b54 | 2468 4c89 | 5424 304c | 8b54 2478 | 4c89 5424 | 504c 8b54 | 2470 4c89 | 5424 6089 
  0x000001fd4fe5607c: 4424 5c90 

  0x000001fd4fe56080: ;   {runtime_call UncommonTrapBlob}
  0x000001fd4fe56080: c5f8 77e8 

  0x000001fd4fe56084: ; ImmutableOopMap {rbp=Oop [32]=Oop [40]=Oop [48]=Oop [80]=Oop [88]=NarrowOop [128]=Oop [136]=Oop [200]=Oop }
                      ;*if_icmpne {reexecute=1 rethrow=0 return_oop=0}
                      ; - (reexecute) java.util.jar.JarFile::getManifestFromReference@65
                      ; - java.util.jar.JarFile::getManifest@1
                      ; - jdk.internal.loader.URLClassPath$JarLoader$2::getManifest@22
                      ; - java.net.URLClassLoader::defineClass@34
                      ; - java.net.URLClassLoader$1::run@43
                      ; - java.net.URLClassLoader$1::run@1
                      ; - java.security.AccessController::executePrivileged@29
                      ; - java.security.AccessController::doPrivileged@13
                      ; - java.net.URLClassLoader::findClass@13
  0x000001fd4fe56084: f8e2 81ff 

  0x000001fd4fe56088: ;   {other}
  0x000001fd4fe56088: 0f1f 8400 | 7870 00a0 | 498b d7c5 | f877 49ba | 20a4 4095 | ff7f 0000 

  0x000001fd4fe560a0: ;   {other}
  0x000001fd4fe560a0: 41ff d20f | 1f84 0000 | 0000 00e9 | ccd9 ffff | 498b d7c5 | f877 49ba | 20a4 4095 | ff7f 0000 
  0x000001fd4fe560c0: ;   {other}
  0x000001fd4fe560c0: 41ff d20f | 1f84 0000 | 0000 00e9 | 1ab8 ffff | 498b d7c5 | f877 49ba | 20a4 4095 | ff7f 0000 
  0x000001fd4fe560e0: ;   {other}
  0x000001fd4fe560e0: 41ff d20f | 1f84 0000 | 0000 00e9 | 3bb8 ffff | 498b d7c5 | f877 49ba | 20a4 4095 | ff7f 0000 
  0x000001fd4fe56100: ;   {other}
  0x000001fd4fe56100: 41ff d20f | 1f84 0000 | 0000 00e9 | 9fb9 ffff | 498b d7c5 | f877 49ba | 20a4 4095 | ff7f 0000 
  0x000001fd4fe56120: ;   {other}
  0x000001fd4fe56120: 41ff d20f | 1f84 0000 | 0000 00e9 | 3eb9 ffff | 498b d7c5 | f877 49ba | 20a4 4095 | ff7f 0000 
  0x000001fd4fe56140: ;   {other}
  0x000001fd4fe56140: 41ff d20f | 1f84 0000 | 0000 00e9 | a6bc ffff | 498b d7c5 | f877 49ba | 20a4 4095 | ff7f 0000 
  0x000001fd4fe56160: ;   {other}
  0x000001fd4fe56160: 41ff d20f | 1f84 0000 | 0000 00e9 | aebd ffff | 498b d7c5 | f877 49ba | 20a4 4095 | ff7f 0000 
  0x000001fd4fe56180: ;   {other}
  0x000001fd4fe56180: 41ff d20f | 1f84 0000 | 0000 00e9 | 05da ffff | 498b d7c5 | f877 49ba | 20a4 4095 | ff7f 0000 
  0x000001fd4fe561a0: ;   {other}
  0x000001fd4fe561a0: 41ff d20f | 1f84 0000 | 0000 00e9 | 9fda ffff | 498b d7c5 | f877 49ba | 20a4 4095 | ff7f 0000 
  0x000001fd4fe561c0: ;   {other}
  0x000001fd4fe561c0: 41ff d20f | 1f84 0000 | 0000 00e9 | 6aba ffff | 498b d7c5 | f877 49ba | 20a4 4095 | ff7f 0000 
  0x000001fd4fe561e0: ;   {other}
  0x000001fd4fe561e0: 41ff d20f | 1f84 0000 | 0000 00e9 | 0cdb ffff | 498b d7c5 | f877 49ba | 20a4 4095 | ff7f 0000 
  0x000001fd4fe56200: ;   {other}
  0x000001fd4fe56200: 41ff d20f | 1f84 0000 | 0000 00e9 | 74da ffff | 498b d7c5 | f877 49ba | 20a4 4095 | ff7f 0000 
  0x000001fd4fe56220: ;   {other}
  0x000001fd4fe56220: 41ff d20f | 1f84 0000 | 0000 00e9 | b6be ffff | 498b d7c5 | f877 49ba | 20a4 4095 | ff7f 0000 
  0x000001fd4fe56240: ;   {other}
  0x000001fd4fe56240: 41ff d20f | 1f84 0000 | 0000 00e9 | 5adb ffff | 498b d7c5 | f877 49ba | 20a4 4095 | ff7f 0000 
  0x000001fd4fe56260: ;   {other}
  0x000001fd4fe56260: 41ff d20f | 1f84 0000 | 0000 00e9 | cfbe ffff | 498b d7c5 | f877 49ba | 20a4 4095 | ff7f 0000 
  0x000001fd4fe56280: ;   {other}
  0x000001fd4fe56280: 41ff d20f | 1f84 0000 | 0000 004c | 8bc5 e9bf | bfff ff49 | 8bd1 4533 | c066 6690 

  0x000001fd4fe5629c: ;   {static_call}
  0x000001fd4fe5629c: c5f8 77e8 

  0x000001fd4fe562a0: ; ImmutableOopMap {rbp=Oop [40]=Oop [48]=NarrowOop [56]=Oop [80]=Oop [88]=Oop [96]=Oop [104]=Oop [112]=Oop [120]=Oop [128]=Oop }
                      ;*invokestatic charAt {reexecute=0 rethrow=0 return_oop=0}
                      ; - java.lang.String::charAt@21
                      ; - java.io.WinNTFileSystem::prefixLength@18
                      ; - java.io.File::<init>@104
                      ; - jdk.internal.loader.URLClassPath$FileLoader::getResource@73
                      ; - jdk.internal.loader.URLClassPath::getResource@53
                      ; - java.net.URLClassLoader$1::run@26
                      ; - java.net.URLClassLoader$1::run@1
                      ; - java.security.AccessController::executePrivileged@29
                      ; - java.security.AccessController::doPrivileged@13
                      ; - java.net.URLClassLoader::findClass@13
  0x000001fd4fe562a0: dc8d 81ff 

  0x000001fd4fe562a4: ;   {other}
  0x000001fd4fe562a4: 0f1f 8400 | 9472 00a1 | 8984 2490 | 0000 00e9 | 86c6 ffff | 498b d341 | b801 0000 | 0066 6690 
  0x000001fd4fe562c4: ;   {static_call}
  0x000001fd4fe562c4: c5f8 77e8 

  0x000001fd4fe562c8: ; ImmutableOopMap {rbp=Oop [40]=Oop [48]=NarrowOop [56]=Oop [80]=Oop [88]=Oop [96]=Oop [104]=Oop [112]=Oop [120]=Oop [128]=Oop }
                      ;*invokestatic charAt {reexecute=0 rethrow=0 return_oop=0}
                      ; - java.lang.String::charAt@21
                      ; - java.io.WinNTFileSystem::prefixLength@30
                      ; - java.io.File::<init>@104
                      ; - jdk.internal.loader.URLClassPath$FileLoader::getResource@73
                      ; - jdk.internal.loader.URLClassPath::getResource@53
                      ; - java.net.URLClassLoader$1::run@26
                      ; - java.net.URLClassLoader$1::run@1
                      ; - java.security.AccessController::executePrivileged@29
                      ; - java.security.AccessController::doPrivileged@13
                      ; - java.net.URLClassLoader::findClass@13
  0x000001fd4fe562c8: b48d 81ff 

  0x000001fd4fe562cc: ;   {other}
  0x000001fd4fe562cc: 0f1f 8400 | bc72 00a2 | 448b c8e9 | a0c6 ffff | 498b d341 | b802 0000 | 0048 8b6c | 2460 6690 
  0x000001fd4fe562ec: ;   {static_call}
  0x000001fd4fe562ec: c5f8 77e8 

  0x000001fd4fe562f0: ; ImmutableOopMap {rbp=Oop [40]=Oop [48]=NarrowOop [56]=Oop [80]=Oop [88]=Oop [96]=Oop [104]=Oop [112]=Oop [128]=Oop }
                      ;*invokestatic charAt {reexecute=0 rethrow=0 return_oop=0}
                      ; - java.lang.String::charAt@21
                      ; - java.io.WinNTFileSystem::prefixLength@78
                      ; - java.io.File::<init>@104
                      ; - jdk.internal.loader.URLClassPath$FileLoader::getResource@73
                      ; - jdk.internal.loader.URLClassPath::getResource@53
                      ; - java.net.URLClassLoader$1::run@26
                      ; - java.net.URLClassLoader$1::run@1
                      ; - java.security.AccessController::executePrivileged@29
                      ; - java.security.AccessController::doPrivileged@13
                      ; - java.net.URLClassLoader::findClass@13
  0x000001fd4fe562f0: 8c8d 81ff 

  0x000001fd4fe562f4: ;   {other}
  0x000001fd4fe562f4: 0f1f 8400 | e472 00a3 | 448b d0e9 | 88c7 ffff | 488b d84c | 8b5c 2438 | 488d 8424 | d000 0000 
  0x000001fd4fe56314: 4883 3800 | 0f84 7900 | 0000 4d8b | 1341 f6c2 | 020f 8462 | 0000 0049 | 83ba 8600 | 0000 0074 
  0x000001fd4fe56334: 0949 ff8a | 8600 0000 | eb4b 498b | 8296 0000 | 0049 0b82 | 8e00 0000 | 750a 49c7 | 423e 0000 
  0x000001fd4fe56354: 0000 eb3d | 4983 ba9e | 0000 0000 | 7422 4833 | c049 c742 | 3e00 0000 | 00f0 8304 | 2400 4983 
  0x000001fd4fe56374: ba9e 0000 | 0000 750d | f04d 0fb1 | 7a3e 7505 | 83c8 01eb | 0ca8 00eb | 084c 8b10 | f04d 0fb1 
  0x000001fd4fe56394: 1375 0a49 | ff8f 5005 | 0000 4533 | d20f 84d1 | 0200 0049 | 8bcb 488d | 9424 d000 | 0000 4d8b 
  0x000001fd4fe563b4: c7c5 f877 | 49ba 40d9 | 8195 ff7f | 0000 41ff 

  0x000001fd4fe563c4: ;   {other}
  0x000001fd4fe563c4: d20f 1f84 | 0000 0000 | 00e9 a602 | 0000 4c8b | d044 8b58 | 0849 b800 | 0000 5efd | 0100 004d 
  0x000001fd4fe563e4: 03c3 4d8b 

  0x000001fd4fe563e8: ;   {metadata('java/lang/Exception')}
  0x000001fd4fe563e8: 5840 49b8 | 20c0 005e | fd01 0000 | 4d3b d80f | 849a c8ff | ff49 8bda | e948 0400 | 0048 8bd8 
  0x000001fd4fe56408: 448b 5008 | 49bb 0000 | 005e fd01 | 0000 4d03 | da4d 8b53 

  0x000001fd4fe5641c: ;   {metadata('java/io/IOException')}
  0x000001fd4fe5641c: 4849 bb58 | 5304 5ffd | 0100 004d | 3bd3 0f85 | d7fe ffff | 4c8b d849 | 8b87 b801 | 0000 4c8b 
  0x000001fd4fe5643c: d049 83c2 | 284d 3b97 | c801 0000 | 0f83 3210 | 0000 4d89 | 97b8 0100 | 0041 0f0d | 8ac0 0000 
  0x000001fd4fe5645c: 0048 c700 | 0100 0000 

  0x000001fd4fe56464: ;   {metadata('java/lang/RuntimeException')}
  0x000001fd4fe56464: c740 08a8 | b705 0044 | 8960 0c4c | 8960 104c | 8960 184c | 8960 2049 | 8beb 4c8b | d04c 8954 
  0x000001fd4fe56484: 2420 498b | d24c 8bc5 | 488b 6c24 | 6066 6690 

  0x000001fd4fe56494: ;   {optimized virtual_call}
  0x000001fd4fe56494: c5f8 77e8 

  0x000001fd4fe56498: ; ImmutableOopMap {rbp=Oop [32]=Oop [40]=Oop [56]=Oop [64]=Oop [88]=NarrowOop [96]=Oop [104]=Oop [120]=Oop [200]=Oop }
                      ;*invokespecial <init> {reexecute=0 rethrow=0 return_oop=0}
                      ; - java.util.jar.JarFile::ensureInitialization@13
                      ; - java.util.jar.JavaUtilJarAccessImpl::ensureInitialization@1
                      ; - jdk.internal.loader.URLClassPath$JarLoader$2::getManifest@10
                      ; - java.net.URLClassLoader::defineClass@34
                      ; - java.net.URLClassLoader$1::run@43
                      ; - java.net.URLClassLoader$1::run@1
                      ; - java.security.AccessController::executePrivileged@29
                      ; - java.security.AccessController::doPrivileged@13
                      ; - java.net.URLClassLoader::findClass@13
  0x000001fd4fe56498: e485 81ff 

  0x000001fd4fe5649c: ;   {other}
  0x000001fd4fe5649c: 0f1f 8400 | 8c74 00a4 | 4c8b 5c24 | 3848 8d84 | 24d0 0000 | 0048 8338 | 000f 8479 | 0000 004d 
  0x000001fd4fe564bc: 8b13 41f6 | c202 0f84 | 6200 0000 | 4983 ba86 | 0000 0000 | 7409 49ff | 8a86 0000 | 00eb 4b49 
  0x000001fd4fe564dc: 8b82 9600 | 0000 490b | 828e 0000 | 0075 0a49 | c742 3e00 | 0000 00eb | 3d49 83ba | 9e00 0000 
  0x000001fd4fe564fc: 0074 2248 | 33c0 49c7 | 423e 0000 | 0000 f083 | 0424 0049 | 83ba 9e00 | 0000 0075 | 0df0 4d0f 
  0x000001fd4fe5651c: b17a 3e75 | 0583 c801 | eb0c a800 | eb08 4c8b | 10f0 4d0f | b113 750a | 49ff 8f50 | 0500 0045 
  0x000001fd4fe5653c: 33d2 0f85 | 1810 0000 | 4c8b 5424 | 2049 8bda | e920 0300 | 004c 8bd0 | e91c 0100 | 004c 8bd0 
  0x000001fd4fe5655c: e914 0100 | 004c 8bd0 | e90c 0100 | 004c 8bd0 | e904 0100 | 004c 8bd0 | e9fc 0000 | 004c 8bd0 
  0x000001fd4fe5657c: e9f4 0000 | 004c 8bd0 | e9ec 0000 | 004c 8bd0 | e9e4 0000 | 004c 8bd0 | e9dc 0000 

  0x000001fd4fe56598: ;   {no_reloc}
  0x000001fd4fe56598: 004c 8bd0 | e97f 0100 | 0048 8bd8 | 448b 5808 | 49b8 0000 | 005e fd01 | 0000 4d03 | c34d 8b50 
  0x000001fd4fe565b8: 504c 3bd5 | 0f85 7201 | 0000 4c8b | 8c24 a000 | 0000 488b | 5424 684c | 8b44 2448 | 488b 7c24 
  0x000001fd4fe565d8: 2048 8b6c | 2460 4c8b | 9424 8000 | 0000 4c89 | 5424 5890 

  0x000001fd4fe565ec: ;   {optimized virtual_call}
  0x000001fd4fe565ec: c5f8 77e8 

  0x000001fd4fe565f0: ; ImmutableOopMap {rbp=Oop [32]=Oop [40]=Oop [64]=Oop [72]=Oop [88]=Oop [96]=Oop [104]=Oop [136]=NarrowOop }
                      ;*invokevirtual getAndVerifyPackage {reexecute=0 rethrow=0 return_oop=1}
                      ; - java.net.URLClassLoader::defineClass@97
                      ; - java.net.URLClassLoader$1::run@43
                      ; - java.net.URLClassLoader$1::run@1
                      ; - java.security.AccessController::executePrivileged@29
                      ; - java.security.AccessController::doPrivileged@13
                      ; - java.net.URLClassLoader::findClass@13
  0x000001fd4fe565f0: 8c84 81ff 

  0x000001fd4fe565f4: ;   {other}
  0x000001fd4fe565f4: 0f1f 8400 | e475 00a5 | 4885 c00f | 842b 0f00 | 004c 8b6c | 2440 e956 | a9ff ffeb | 0048 8984 
  0x000001fd4fe56614: 2488 0000 | 004c 8b54 | 2438 4d85 | d274 2549 | 8bd2 488b | 6c24 6066 | 6690 c5f8 | 7748 b8ff 
  0x000001fd4fe56634: ffff ffff 

  0x000001fd4fe56638: ;   {virtual_call}
  0x000001fd4fe56638: ffff ffe8 

  0x000001fd4fe5663c: ; ImmutableOopMap {rbp=Oop [40]=Oop [64]=Oop [88]=NarrowOop [96]=Oop [104]=Oop [120]=Oop [136]=Oop [200]=Oop }
                      ;*invokevirtual close {reexecute=0 rethrow=0 return_oop=0}
                      ; - java.util.jar.JarFile::getManifestFromReference@165
                      ; - java.util.jar.JarFile::getManifest@1
                      ; - jdk.internal.loader.URLClassPath$JarLoader$2::getManifest@22
                      ; - java.net.URLClassLoader::defineClass@34
                      ; - java.net.URLClassLoader$1::run@43
                      ; - java.net.URLClassLoader$1::run@1
                      ; - java.security.AccessController::executePrivileged@29
                      ; - java.security.AccessController::doPrivileged@13
                      ; - java.net.URLClassLoader::findClass@13
  0x000001fd4fe5663c: 4087 81ff 

  0x000001fd4fe56640: ;   {other}
  0x000001fd4fe56640: 0f1f 8400 | 3076 00a6 | 4c8b 9424 | 8800 0000 | eb23 4c8b | d0e9 c600 | 0000 4c8b | d0e9 be00 
  0x000001fd4fe56660: 0000 4c8b | d0e9 b600 | 0000 4c8b | d0e9 ae00 | 0000 4c8b | d049 8bda | 448b 5b08 | 49b8 0000 
  0x000001fd4fe56680: 005e fd01 | 0000 4d03 | c3e9 a600 | 0000 488b | d844 8b50 | 0849 b800 | 0000 5efd | 0100 004d 
  0x000001fd4fe566a0: 03c2 e98d | 0000 0048 | 8bd8 448b | 5808 49b8 | 0000 005e | fd01 0000 | 4d03 c3eb | 7748 8bd8 
  0x000001fd4fe566c0: 448b 5808 | 49b8 0000 | 005e fd01 | 0000 4d03 | c3eb 6148 | 8bd8 448b | 5808 49b8 | 0000 005e 
  0x000001fd4fe566e0: fd01 0000 | 4d03 c3eb | 4b4c 8bd0 | 498b da45 | 8b5a 0849 | b800 0000 | 5efd 0100 | 004d 03c3 
  0x000001fd4fe56700: eb32 488b | d844 8b58 | 0849 b800 | 0000 5efd | 0100 004d | 03c3 eb1c | 4c8b d0eb | 034c 8bd0 
  0x000001fd4fe56720: 498b da45 | 8b5a 0849 | b800 0000 | 5efd 0100 | 004d 03c3 | 4d8b 5048 

  0x000001fd4fe56738: ;   {metadata('java/io/IOException')}
  0x000001fd4fe56738: 49bb 5853 | 045f fd01 | 0000 4d3b | d30f 8411 | 0d00 004d 

  0x000001fd4fe5674c: ;   {metadata('java/lang/ClassFormatError')}
  0x000001fd4fe5674c: 8b50 5049 | bbf8 5544 | 5ffd 0100 | 004d 3bd3 | 0f85 eb00 | 0000 4c8b | d34c 8954 | 2420 488b 
  0x000001fd4fe5676c: 5424 4048 | 8b6c 2460 | 6690 c5f8 | 7748 b8ff | ffff ffff 

  0x000001fd4fe56780: ;   {virtual_call}
  0x000001fd4fe56780: ffff ffe8 

  0x000001fd4fe56784: ; ImmutableOopMap {rbp=Oop [32]=Oop [40]=Oop [64]=Oop [96]=Oop }
                      ;*invokevirtual getDataError {reexecute=0 rethrow=0 return_oop=1}
                      ; - java.net.URLClassLoader$1::run@63
                      ; - java.net.URLClassLoader$1::run@1
                      ; - java.security.AccessController::executePrivileged@29
                      ; - java.security.AccessController::doPrivileged@13
                      ; - java.net.URLClassLoader::findClass@13
  0x000001fd4fe56784: f885 81ff 

  0x000001fd4fe56788: ;   {other}
  0x000001fd4fe56788: 0f1f 8400 | 7877 00a7 | 4885 c074 | 3f48 8b54 | 2440 c5f8 | 7748 b8ff | ffff ffff 

  0x000001fd4fe567a4: ;   {virtual_call}
  0x000001fd4fe567a4: ffff ffe8 

  0x000001fd4fe567a8: ; ImmutableOopMap {rbp=Oop [32]=Oop [40]=Oop [96]=Oop }
                      ;*invokevirtual getDataError {reexecute=0 rethrow=0 return_oop=1}
                      ; - java.net.URLClassLoader$1::run@71
                      ; - java.net.URLClassLoader$1::run@1
                      ; - java.security.AccessController::executePrivileged@29
                      ; - java.security.AccessController::doPrivileged@13
                      ; - java.net.URLClassLoader::findClass@13
  0x000001fd4fe567a8: d485 81ff 

  0x000001fd4fe567ac: ;   {other}
  0x000001fd4fe567ac: 0f1f 8400 | 9c77 00a8 | 488b 6c24 | 2848 8b54 | 2420 4c8b | c066 6690 

  0x000001fd4fe567c4: ;   {optimized virtual_call}
  0x000001fd4fe567c4: c5f8 77e8 

  0x000001fd4fe567c8: ; ImmutableOopMap {rbp=Oop [32]=Oop [96]=Oop }
                      ;*invokevirtual addSuppressed {reexecute=0 rethrow=0 return_oop=0}
                      ; - java.net.URLClassLoader$1::run@74
                      ; - java.net.URLClassLoader$1::run@1
                      ; - java.security.AccessController::executePrivileged@29
                      ; - java.security.AccessController::doPrivileged@13
                      ; - java.net.URLClassLoader::findClass@13
  0x000001fd4fe567c8: b482 81ff 

  0x000001fd4fe567cc: ;   {other}
  0x000001fd4fe567cc: 0f1f 8400 | bc77 00a9 | 488b 5424 | 20e9 51a9 | ffff 488b | d8e9 bb00 | 0000 488b | d844 8b50 
  0x000001fd4fe567ec: 0849 bb00 | 0000 5efd | 0100 004d | 03da eb62 | 488b d8eb | 4c48 8bd8 | 448b 5808 | 49ba 0000 
  0x000001fd4fe5680c: 005e fd01 | 0000 4d03 | d3eb 1448 | 8bd8 448b | 5808 49ba | 0000 005e | fd01 0000 | 4d03 d34d 
  0x000001fd4fe5682c: ;   {metadata('java/lang/RuntimeException')}
  0x000001fd4fe5682c: 8b5a 4849 | b8a8 b705 | 5efd 0100 | 004d 3bd8 | 756b eb31 | 488b d8eb | 0848 8bd8 | eb03 488b 
  0x000001fd4fe5684c: d844 8b53 | 0849 bb00 | 0000 5efd | 0100 004d | 03da 4d8b 

  0x000001fd4fe56860: ;   {metadata('java/lang/RuntimeException')}
  0x000001fd4fe56860: 5348 49b8 | a8b7 055e | fd01 0000 | 4d3b d075 | 0848 8bd3 | e9b6 a8ff | ff4d 8b53 

  0x000001fd4fe5687c: ;   {metadata('java/lang/Exception')}
  0x000001fd4fe5687c: 4049 bb20 | c000 5efd | 0100 004d | 3bd3 0f84 | b40a 0000 | 448b 5308 

  0x000001fd4fe56894: ;   {metadata('java/security/PrivilegedActionException')}
  0x000001fd4fe56894: 4181 fa50 | 8e16 010f | 84bb 0a00 | 0048 8bd3 | e986 a8ff | ff4d 8b52 

  0x000001fd4fe568ac: ;   {metadata('java/lang/Exception')}
  0x000001fd4fe568ac: 4049 b820 | c000 5efd | 0100 004d | 3bd0 0f84 | ed0b 0000 

  0x000001fd4fe568c0: ;   {metadata('java/security/PrivilegedActionException')}
  0x000001fd4fe568c0: 49ba 508e | 165f fd01 | 0000 4d3b | da0f 841d | 0c00 0044 | 8b5b 0849 | ba00 0000 | 5efd 0100 
  0x000001fd4fe568e0: 004d 03d3 | 4d8b 5248 

  0x000001fd4fe568e8: ;   {metadata('java/io/IOException')}
  0x000001fd4fe568e8: 49bb 5853 | 045f fd01 | 0000 4d3b | d30f 8552 | ffff ff4c | 8bdb 498b | 87b8 0100 | 004c 8bd0 
  0x000001fd4fe56908: 4983 c228 | 4d3b 97c8 | 0100 000f | 83df 0800 | 004d 8997 | b801 0000 | 410f 0d8a | c000 0000 
  0x000001fd4fe56928: 48c7 0001 

  0x000001fd4fe5692c: ;   {metadata('java/lang/InternalError')}
  0x000001fd4fe5692c: 0000 00c7 | 4008 3807 | 0100 4489 | 600c 4c89 | 6010 4c89 | 6018 4c89 | 6020 4c89 | 5c24 384c 
  0x000001fd4fe5694c: 8bd0 4c89 | 5424 4848 | 8b6c 2428 | 448b 5424 | 3044 8954 | 2420 4c8b | 5424 504c | 8954 2428 
  0x000001fd4fe5696c: 448b 5c24 | 4044 895c | 2424 488b | 5424 484c | 8b44 2438 | 4c8b 5424 | 604c 8954 | 2438 6690 
  0x000001fd4fe5698c: ;   {optimized virtual_call}
  0x000001fd4fe5698c: c5f8 77e8 

  0x000001fd4fe56990: ; ImmutableOopMap {rbp=Oop [32]=NarrowOop [40]=Oop [56]=Oop [72]=Oop [96]=Oop [104]=Oop }
                      ;*invokespecial <init> {reexecute=0 rethrow=0 return_oop=0}
                      ; - jdk.internal.loader.URLClassPath$JarLoader::getResource@13
                      ; - jdk.internal.loader.URLClassPath::getResource@53
                      ; - java.net.URLClassLoader$1::run@26
                      ; - java.net.URLClassLoader$1::run@1
                      ; - java.security.AccessController::executePrivileged@29
                      ; - java.security.AccessController::doPrivileged@13
                      ; - java.net.URLClassLoader::findClass@13
  0x000001fd4fe56990: ec80 81ff 

  0x000001fd4fe56994: ;   {other}
  0x000001fd4fe56994: 0f1f 8400 | 8479 00aa | 488b 5424 | 48e9 89a7 | ffff 498b | d7c5 f877 | 49ba 20a4 | 4095 ff7f 
  0x000001fd4fe569b4: 0000 41ff 

  0x000001fd4fe569b8: ;   {other}
  0x000001fd4fe569b8: d20f 1f84 | 0000 0000 | 00e9 feda | ffff 498b | f949 8bd8 | 498b d7c5 | f877 49ba | 20a4 4095 
  0x000001fd4fe569d8: ff7f 0000 

  0x000001fd4fe569dc: ;   {other}
  0x000001fd4fe569dc: 41ff d20f | 1f84 0000 | 0000 004c | 8bc3 4c8b | cfe9 c6ab | ffff 498b | d7c5 f877 | 49ba 20a4 
  0x000001fd4fe569fc: 4095 ff7f | 0000 41ff 

  0x000001fd4fe56a04: ;   {other}
  0x000001fd4fe56a04: d20f 1f84 | 0000 0000 | 00e9 bcaa | ffff 498b | d7c5 f877 | 49ba 20a4 | 4095 ff7f | 0000 41ff 
  0x000001fd4fe56a24: ;   {other}
  0x000001fd4fe56a24: d20f 1f84 | 0000 0000 | 004c 8bd5 | e9f1 abff | ffba 45ff | ffff 4c8b | 5424 284c | 8954 2420 
  0x000001fd4fe56a44: 4c8b 5424 | 404c 8954 | 2428 4c8b | 5424 684c | 8954 2430 | 4c8b 5424 | 784c 8954 | 2460 4c8b 
  0x000001fd4fe56a64: 5424 704c | 8954 2468 | 448b 5c24 | 5844 895c | 2454 4889 | 8424 8000 | 0000 6690 

  0x000001fd4fe56a80: ;   {runtime_call UncommonTrapBlob}
  0x000001fd4fe56a80: c5f8 77e8 

  0x000001fd4fe56a84: ; ImmutableOopMap {rbp=Oop [32]=Oop [40]=Oop [48]=Oop [80]=NarrowOop [84]=NarrowOop [96]=Oop [128]=Oop [200]=Oop }
                      ;*ifnull {reexecute=1 rethrow=0 return_oop=0}
                      ; - (reexecute) java.util.jar.JarFile::maybeInstantiateVerifier@27
                      ; - java.util.jar.JarFile::ensureInitialization@1
                      ; - java.util.jar.JavaUtilJarAccessImpl::ensureInitialization@1
                      ; - jdk.internal.loader.URLClassPath$JarLoader$2::getManifest@10
                      ; - java.net.URLClassLoader::defineClass@34
                      ; - java.net.URLClassLoader$1::run@43
                      ; - java.net.URLClassLoader$1::run@1
                      ; - java.security.AccessController::executePrivileged@29
                      ; - java.security.AccessController::doPrivileged@13
                      ; - java.net.URLClassLoader::findClass@13
  0x000001fd4fe56a84: f8d8 81ff 

  0x000001fd4fe56a88: ;   {other}
  0x000001fd4fe56a88: 0f1f 8400 | 787a 00ab | ba45 ffff | ff4c 8b54 | 2460 4c89 | 5424 204c | 8b54 2440 | 4c89 5424 
  0x000001fd4fe56aa8: 304c 8b54 | 2468 4c89 | 5424 384c | 8b54 2470 | 4c89 5424 | 6844 899c | 2480 0000 | 0066 6690 
  0x000001fd4fe56ac8: ;   {runtime_call UncommonTrapBlob}
  0x000001fd4fe56ac8: c5f8 77e8 

  0x000001fd4fe56acc: ; ImmutableOopMap {rbp=NarrowOop [32]=Oop [40]=Oop [48]=Oop [56]=Oop [88]=NarrowOop [120]=Oop [128]=NarrowOop [200]=Oop }
                      ;*ifnull {reexecute=1 rethrow=0 return_oop=0}
                      ; - (reexecute) java.util.jar.JarFile::ensureInitialization@21
                      ; - java.util.jar.JavaUtilJarAccessImpl::ensureInitialization@1
                      ; - jdk.internal.loader.URLClassPath$JarLoader$2::getManifest@10
                      ; - java.net.URLClassLoader::defineClass@34
                      ; - java.net.URLClassLoader$1::run@43
                      ; - java.net.URLClassLoader$1::run@1
                      ; - java.security.AccessController::executePrivileged@29
                      ; - java.security.AccessController::doPrivileged@13
                      ; - java.net.URLClassLoader::findClass@13
  0x000001fd4fe56acc: b0d8 81ff 

  0x000001fd4fe56ad0: ;   {other}
  0x000001fd4fe56ad0: 0f1f 8400 | c07a 00ac | baf6 ffff | ff4c 8b54 | 2460 4c89 | 5424 204c | 8b54 2450 | 448b 5c24 
  0x000001fd4fe56af0: 4044 895c | 2434 4c89 | 5424 4090 

  0x000001fd4fe56afc: ;   {runtime_call UncommonTrapBlob}
  0x000001fd4fe56afc: c5f8 77e8 

  0x000001fd4fe56b00: ; ImmutableOopMap {rbp=NarrowOop [32]=Oop [40]=Oop [48]=NarrowOop [64]=Oop [88]=Oop [104]=Oop [112]=Oop }
                      ;*invokevirtual startsWith {reexecute=0 rethrow=0 return_oop=0}
                      ; - jdk.internal.loader.URLClassPath$FileLoader::getResource@31
                      ; - jdk.internal.loader.URLClassPath::getResource@53
                      ; - java.net.URLClassLoader$1::run@26
                      ; - java.net.URLClassLoader$1::run@1
                      ; - java.security.AccessController::executePrivileged@29
                      ; - java.security.AccessController::doPrivileged@13
                      ; - java.net.URLClassLoader::findClass@13
  0x000001fd4fe56b00: 7cd8 81ff 

  0x000001fd4fe56b04: ;   {other}
  0x000001fd4fe56b04: 0f1f 8400 | f47a 00ad | bac6 ffff | ff48 8b6c | 2460 4c8b | 5c24 284c | 895c 2420 | 448b 5c24 
  0x000001fd4fe56b24: 3044 895c | 2428 4c8b | 5c24 5044 | 8954 242c | 4889 4424 | 384c 895c | 2440 6690 

  0x000001fd4fe56b40: ;   {runtime_call UncommonTrapBlob}
  0x000001fd4fe56b40: c5f8 77e8 

  0x000001fd4fe56b44: ; ImmutableOopMap {rbp=Oop [32]=Oop [40]=NarrowOop [56]=Oop [64]=Oop [104]=Oop }
                      ;*invokevirtual getResource {reexecute=0 rethrow=0 return_oop=0}
                      ; - jdk.internal.loader.URLClassPath::getResource@53
                      ; - java.net.URLClassLoader$1::run@26
                      ; - java.net.URLClassLoader$1::run@1
                      ; - java.security.AccessController::executePrivileged@29
                      ; - java.security.AccessController::doPrivileged@13
                      ; - java.net.URLClassLoader::findClass@13
  0x000001fd4fe56b44: 38d8 81ff 

  0x000001fd4fe56b48: ;   {other}
  0x000001fd4fe56b48: 0f1f 8400 | 387b 00ae | baf6 ffff | ff4c 8b54 | 2460 4c89 | 5424 2044 | 8b54 2440 | 4489 5424 
  0x000001fd4fe56b68: 344c 8b54 | 2450 4c89 | 5424 404c | 8b54 2468 | 4c89 5424 | 5066 6690 

  0x000001fd4fe56b80: ;   {runtime_call UncommonTrapBlob}
  0x000001fd4fe56b80: c5f8 77e8 

  0x000001fd4fe56b84: ; ImmutableOopMap {rbp=NarrowOop [32]=Oop [40]=Oop [48]=NarrowOop [64]=Oop [80]=Oop [88]=Oop [112]=Oop [120]=Oop }
                      ;*invokevirtual startsWith {reexecute=0 rethrow=0 return_oop=0}
                      ; - jdk.internal.loader.URLClassPath$FileLoader::getResource@93
                      ; - jdk.internal.loader.URLClassPath::getResource@53
                      ; - java.net.URLClassLoader$1::run@26
                      ; - java.net.URLClassLoader$1::run@1
                      ; - java.security.AccessController::executePrivileged@29
                      ; - java.security.AccessController::doPrivileged@13
                      ; - java.net.URLClassLoader::findClass@13
  0x000001fd4fe56b84: f8d7 81ff 

  0x000001fd4fe56b88: ;   {other}
  0x000001fd4fe56b88: 0f1f 8400 | 787b 00af | 33ed 4585 | db40 0f96 | c5ba 45ff | ffff 4c8b | 5424 604c | 8954 2420 
  0x000001fd4fe56ba8: 4c8b 5424 | 5044 8b5c | 2440 4489 | 5c24 344c | 8954 2440 | 4c8b 5424 | 684c 8954 | 2450 4c8b 
  0x000001fd4fe56bc8: 5424 704c | 8954 2460 | 4c8b 9424 | 8000 0000 | 4c89 5424 | 7066 6690 

  0x000001fd4fe56be0: ;   {runtime_call UncommonTrapBlob}
  0x000001fd4fe56be0: c5f8 77e8 

  0x000001fd4fe56be4: ; ImmutableOopMap {[32]=Oop [40]=Oop [48]=NarrowOop [64]=Oop [80]=Oop [88]=Oop [96]=Oop [112]=Oop [128]=Oop [136]=Oop }
                      ;*ifeq {reexecute=1 rethrow=0 return_oop=0}
                      ; - (reexecute) java.io.File::<init>@32
                      ; - jdk.internal.loader.URLClassPath$FileLoader::getResource@73
                      ; - jdk.internal.loader.URLClassPath::getResource@53
                      ; - java.net.URLClassLoader$1::run@26
                      ; - java.net.URLClassLoader$1::run@1
                      ; - java.security.AccessController::executePrivileged@29
                      ; - java.security.AccessController::doPrivileged@13
                      ; - java.net.URLClassLoader::findClass@13
  0x000001fd4fe56be4: 98d7 81ff 

  0x000001fd4fe56be8: ;   {other}
  0x000001fd4fe56be8: 0f1f 8400 | d87b 00b0 | bae4 ffff | ff4c 8b54 | 2428 4c89 | 5424 2044 | 8b54 2430 | 4489 5424 
  0x000001fd4fe56c08: 284c 8b54 | 2450 448b | 5c24 4044 | 895c 242c | 4c89 5424 | 384c 8b54 | 2468 4c89 | 5424 484c 
  0x000001fd4fe56c28: 8b54 2458 | 4c89 5424 | 504c 8b54 | 2470 4c89 | 5424 584c | 8b94 2480 | 0000 004c | 8954 2468 
  0x000001fd4fe56c48: 4c8b 5424 | 784c 8954 | 2470 4489 | 8c24 8000 | 0000 4489 | 8424 8400 | 0000 6690 

  0x000001fd4fe56c64: ;   {runtime_call UncommonTrapBlob}
  0x000001fd4fe56c64: c5f8 77e8 

  0x000001fd4fe56c68: ; ImmutableOopMap {rbp=Oop [32]=Oop [40]=NarrowOop [56]=Oop [72]=Oop [80]=Oop [88]=Oop [104]=Oop [112]=Oop [128]=NarrowOop }
                      ;*invokestatic checkIndex {reexecute=0 rethrow=0 return_oop=0}
                      ; - java.lang.String::checkIndex@5
                      ; - java.lang.StringLatin1::charAt@3
                      ; - java.lang.String::charAt@12
                      ; - java.io.WinNTFileSystem::prefixLength@18
                      ; - java.io.File::<init>@104
                      ; - jdk.internal.loader.URLClassPath$FileLoader::getResource@73
                      ; - jdk.internal.loader.URLClassPath::getResource@53
                      ; - java.net.URLClassLoader$1::run@26
                      ; - java.net.URLClassLoader$1::run@1
                      ; - java.security.AccessController::executePrivileged@29
                      ; - java.security.AccessController::doPrivileged@13
                      ; - java.net.URLClassLoader::findClass@13
  0x000001fd4fe56c68: 14d7 81ff 

  0x000001fd4fe56c6c: ;   {other}
  0x000001fd4fe56c6c: 0f1f 8400 | 5c7c 00b1 | bae4 ffff | ff4c 8b54 | 2460 4c89 | 5424 204c | 8b54 2450 | 448b 5c24 
  0x000001fd4fe56c8c: 4044 895c | 2434 4c89 | 5424 404c | 8b54 2468 | 4c89 5424 | 504c 8b54 | 2470 4c89 | 5424 604c 
  0x000001fd4fe56cac: 8b94 2480 | 0000 004c | 8954 2470 | 448b 9424 | 8c00 0000 | 4489 9424 | 8000 0000 | 448b 9c24 
  0x000001fd4fe56ccc: 8800 0000 | 4489 9c24 | 8400 0000 | 4489 8424 | 8c00 0000 

  0x000001fd4fe56ce0: ;   {runtime_call UncommonTrapBlob}
  0x000001fd4fe56ce0: c5f8 77e8 

  0x000001fd4fe56ce4: ; ImmutableOopMap {[32]=Oop [40]=Oop [48]=NarrowOop [64]=Oop [80]=Oop [88]=Oop [96]=Oop [112]=Oop [120]=Oop [140]=NarrowOop }
                      ;*invokestatic checkIndex {reexecute=0 rethrow=0 return_oop=0}
                      ; - java.lang.String::checkIndex@5
                      ; - java.lang.StringLatin1::charAt@3
                      ; - java.lang.String::charAt@12
                      ; - java.io.WinNTFileSystem::prefixLength@30
                      ; - java.io.File::<init>@104
                      ; - jdk.internal.loader.URLClassPath$FileLoader::getResource@73
                      ; - jdk.internal.loader.URLClassPath::getResource@53
                      ; - java.net.URLClassLoader$1::run@26
                      ; - java.net.URLClassLoader$1::run@1
                      ; - java.security.AccessController::executePrivileged@29
                      ; - java.security.AccessController::doPrivileged@13
                      ; - java.net.URLClassLoader::findClass@13
  0x000001fd4fe56ce4: 98d6 81ff 

  0x000001fd4fe56ce8: ;   {other}
  0x000001fd4fe56ce8: 0f1f 8400 | d87c 00b2 | bae4 ffff | ff4c 8b54 | 2460 4c89 | 5424 2044 | 8b54 2440 | 4489 5424 
  0x000001fd4fe56d08: 344c 8b54 | 2450 4c89 | 5424 404c | 8b54 2468 | 4c89 5424 | 504c 8b54 | 2470 4c89 | 5424 604c 
  0x000001fd4fe56d28: 8b94 2480 | 0000 004c | 8954 2470 | 4489 4424 | 7c66 6690 

  0x000001fd4fe56d3c: ;   {runtime_call UncommonTrapBlob}
  0x000001fd4fe56d3c: c5f8 77e8 

  0x000001fd4fe56d40: ; ImmutableOopMap {[32]=Oop [40]=Oop [48]=NarrowOop [64]=Oop [80]=Oop [88]=Oop [96]=Oop [112]=Oop [124]=NarrowOop [128]=Oop }
                      ;*invokestatic checkIndex {reexecute=0 rethrow=0 return_oop=0}
                      ; - java.lang.String::checkIndex@5
                      ; - java.lang.StringLatin1::charAt@3
                      ; - java.lang.String::charAt@12
                      ; - java.io.WinNTFileSystem::prefixLength@78
                      ; - java.io.File::<init>@104
                      ; - jdk.internal.loader.URLClassPath$FileLoader::getResource@73
                      ; - jdk.internal.loader.URLClassPath::getResource@53
                      ; - java.net.URLClassLoader$1::run@26
                      ; - java.net.URLClassLoader$1::run@1
                      ; - java.security.AccessController::executePrivileged@29
                      ; - java.security.AccessController::doPrivileged@13
                      ; - java.net.URLClassLoader::findClass@13
  0x000001fd4fe56d40: 3cd6 81ff 

  0x000001fd4fe56d44: ;   {other}
  0x000001fd4fe56d44: 0f1f 8400 | 347d 00b3 | 498b d7c5 | f877 49ba | 20a4 4095 | ff7f 0000 

  0x000001fd4fe56d5c: ;   {other}
  0x000001fd4fe56d5c: 41ff d20f | 1f84 0000 | 0000 00e9 | bfb8 ffff | 498b d7c5 | f877 49ba | 20a4 4095 | ff7f 0000 
  0x000001fd4fe56d7c: ;   {other}
  0x000001fd4fe56d7c: 41ff d20f | 1f84 0000 | 0000 00e9 | f4ba ffff | ba45 ffff | ff48 8b6c | 2460 4c8b | 5424 284c 
  0x000001fd4fe56d9c: 8954 2420 | 448b 5c24 | 3044 895c | 2428 448b | 5424 4044 | 8954 242c | 4c8b 5424 | 504c 8954 
  0x000001fd4fe56dbc: 2438 4c8b | 5424 684c | 8954 2448 | 4c8b 5424 | 584c 8954 | 2450 4c8b | 5424 704c | 8954 2458 
  0x000001fd4fe56ddc: 4c8b 9424 | 8000 0000 | 4c89 5424 | 6866 6690 

  0x000001fd4fe56dec: ;   {runtime_call UncommonTrapBlob}
  0x000001fd4fe56dec: c5f8 77e8 

  0x000001fd4fe56df0: ; ImmutableOopMap {rbp=Oop [32]=Oop [40]=NarrowOop [56]=Oop [72]=Oop [80]=Oop [88]=Oop [104]=Oop [128]=Oop }
                      ;*if_icmple {reexecute=1 rethrow=0 return_oop=0}
                      ; - (reexecute) java.io.WinNTFileSystem::prefixLength@73
                      ; - java.io.File::<init>@104
                      ; - jdk.internal.loader.URLClassPath$FileLoader::getResource@73
                      ; - jdk.internal.loader.URLClassPath::getResource@53
                      ; - java.net.URLClassLoader$1::run@26
                      ; - java.net.URLClassLoader$1::run@1
                      ; - java.security.AccessController::executePrivileged@29
                      ; - java.security.AccessController::doPrivileged@13
                      ; - java.net.URLClassLoader::findClass@13
  0x000001fd4fe56df0: 8cd5 81ff 

  0x000001fd4fe56df4: ;   {other}
  0x000001fd4fe56df4: 0f1f 8400 | e47d 00b4 | ba45 ffff | ff48 8b6c | 2460 4c8b | 5c24 284c | 895c 2420 | 448b 4424 
  0x000001fd4fe56e14: 3044 8944 | 2428 448b | 5c24 4044 | 895c 242c | 4c8b 5c24 | 504c 895c | 2438 4c8b | 5c24 684c 
  0x000001fd4fe56e34: 895c 2448 | 4c8b 5c24 | 584c 895c | 2450 4c8b | 5c24 704c | 895c 2458 | 4c8b 9c24 | 8000 0000 
  0x000001fd4fe56e54: 4c89 5c24 | 6844 8954 | 2470 6690 

  0x000001fd4fe56e60: ;   {runtime_call UncommonTrapBlob}
  0x000001fd4fe56e60: c5f8 77e8 

  0x000001fd4fe56e64: ; ImmutableOopMap {rbp=Oop [32]=Oop [40]=NarrowOop [56]=Oop [72]=Oop [80]=Oop [88]=Oop [104]=Oop [128]=Oop }
                      ;*if_icmpne {reexecute=1 rethrow=0 return_oop=0}
                      ; - (reexecute) java.io.WinNTFileSystem::prefixLength@82
                      ; - java.io.File::<init>@104
                      ; - jdk.internal.loader.URLClassPath$FileLoader::getResource@73
                      ; - jdk.internal.loader.URLClassPath::getResource@53
                      ; - java.net.URLClassLoader$1::run@26
                      ; - java.net.URLClassLoader$1::run@1
                      ; - java.security.AccessController::executePrivileged@29
                      ; - java.security.AccessController::doPrivileged@13
                      ; - java.net.URLClassLoader::findClass@13
  0x000001fd4fe56e64: 18d5 81ff 

  0x000001fd4fe56e68: ;   {other}
  0x000001fd4fe56e68: 0f1f 8400 | 587e 00b5 | ba45 ffff | ff4c 8b54 | 2428 4c89 | 5424 2044 | 8b54 2430 | 4489 5424 
  0x000001fd4fe56e88: 284c 8b54 | 2450 448b | 5c24 4044 | 895c 242c | 4c89 5424 | 384c 8b54 | 2468 4c89 | 5424 484c 
  0x000001fd4fe56ea8: 8b54 2458 | 4c89 5424 | 504c 8b54 | 2470 4c89 | 5424 584c | 8b94 2480 | 0000 004c | 8954 2468 
  0x000001fd4fe56ec8: ;   {runtime_call UncommonTrapBlob}
  0x000001fd4fe56ec8: c5f8 77e8 

  0x000001fd4fe56ecc: ; ImmutableOopMap {rbp=Oop [32]=Oop [40]=NarrowOop [56]=Oop [72]=Oop [80]=Oop [88]=Oop [104]=Oop [128]=Oop }
                      ;*ifne {reexecute=1 rethrow=0 return_oop=0}
                      ; - (reexecute) java.io.WinNTFileSystem::prefixLength@11
                      ; - java.io.File::<init>@104
                      ; - jdk.internal.loader.URLClassPath$FileLoader::getResource@73
                      ; - jdk.internal.loader.URLClassPath::getResource@53
                      ; - java.net.URLClassLoader$1::run@26
                      ; - java.net.URLClassLoader$1::run@1
                      ; - java.security.AccessController::executePrivileged@29
                      ; - java.security.AccessController::doPrivileged@13
                      ; - java.net.URLClassLoader::findClass@13
  0x000001fd4fe56ecc: b0d4 81ff 

  0x000001fd4fe56ed0: ;   {other}
  0x000001fd4fe56ed0: 0f1f 8400 | c07e 00b6 | ba45 ffff | ff48 8b6c | 2460 4c8b | 5424 284c | 8954 2420 | 448b 5424 
  0x000001fd4fe56ef0: 3044 8954 | 2428 4c8b | 5424 5044 | 8b5c 2440 | 4489 5c24 | 2c4c 8954 | 2438 4c8b | 5424 684c 
  0x000001fd4fe56f10: 8954 2448 | 4c8b 5424 | 584c 8954 | 2450 4c8b | 5424 704c | 8954 2458 | 4c8b 9424 | 8000 0000 
  0x000001fd4fe56f30: 4c89 5424 | 6844 8b94 | 248c 0000 | 0044 894c | 2474 4489 | 5424 7c90 

  0x000001fd4fe56f48: ;   {runtime_call UncommonTrapBlob}
  0x000001fd4fe56f48: c5f8 77e8 

  0x000001fd4fe56f4c: ; ImmutableOopMap {rbp=Oop [32]=Oop [40]=NarrowOop [56]=Oop [72]=Oop [80]=Oop [88]=Oop [104]=Oop [128]=Oop }
                      ;*if_icmpne {reexecute=1 rethrow=0 return_oop=0}
                      ; - (reexecute) java.io.WinNTFileSystem::prefixLength@42
                      ; - java.io.File::<init>@104
                      ; - jdk.internal.loader.URLClassPath$FileLoader::getResource@73
                      ; - jdk.internal.loader.URLClassPath::getResource@53
                      ; - java.net.URLClassLoader$1::run@26
                      ; - java.net.URLClassLoader$1::run@1
                      ; - java.security.AccessController::executePrivileged@29
                      ; - java.security.AccessController::doPrivileged@13
                      ; - java.net.URLClassLoader::findClass@13
  0x000001fd4fe56f4c: 30d4 81ff 

  0x000001fd4fe56f50: ;   {other}
  0x000001fd4fe56f50: 0f1f 8400 | 407f 00b7 | 458b d949 | 8bd3 4533 | c066 6690 

  0x000001fd4fe56f64: ;   {static_call}
  0x000001fd4fe56f64: c5f8 77e8 

  0x000001fd4fe56f68: ; ImmutableOopMap {rbp=Oop [40]=Oop [48]=NarrowOop [56]=Oop [80]=Oop [88]=Oop [96]=Oop [104]=Oop [112]=Oop [120]=Oop [128]=Oop }
                      ;*invokestatic charAt {reexecute=0 rethrow=0 return_oop=0}
                      ; - java.lang.String::charAt@21
                      ; - java.io.WinNTFileSystem::prefixLength@18
                      ; - java.io.File::<init>@104
                      ; - jdk.internal.loader.URLClassPath$FileLoader::getResource@118
                      ; - jdk.internal.loader.URLClassPath::getResource@53
                      ; - java.net.URLClassLoader$1::run@26
                      ; - java.net.URLClassLoader$1::run@1
                      ; - java.security.AccessController::executePrivileged@29
                      ; - java.security.AccessController::doPrivileged@13
                      ; - java.net.URLClassLoader::findClass@13
  0x000001fd4fe56f68: 1481 81ff 

  0x000001fd4fe56f6c: ;   {other}
  0x000001fd4fe56f6c: 0f1f 8400 | 5c7f 00b8 | 8984 2490 | 0000 00e9 | b4c1 ffff | 498b d341 | b801 0000 | 0066 6690 
  0x000001fd4fe56f8c: ;   {static_call}
  0x000001fd4fe56f8c: c5f8 77e8 

  0x000001fd4fe56f90: ; ImmutableOopMap {rbp=Oop [40]=Oop [48]=NarrowOop [56]=Oop [80]=Oop [88]=Oop [96]=Oop [104]=Oop [112]=Oop [120]=Oop [128]=Oop }
                      ;*invokestatic charAt {reexecute=0 rethrow=0 return_oop=0}
                      ; - java.lang.String::charAt@21
                      ; - java.io.WinNTFileSystem::prefixLength@30
                      ; - java.io.File::<init>@104
                      ; - jdk.internal.loader.URLClassPath$FileLoader::getResource@118
                      ; - jdk.internal.loader.URLClassPath::getResource@53
                      ; - java.net.URLClassLoader$1::run@26
                      ; - java.net.URLClassLoader$1::run@1
                      ; - java.security.AccessController::executePrivileged@29
                      ; - java.security.AccessController::doPrivileged@13
                      ; - java.net.URLClassLoader::findClass@13
  0x000001fd4fe56f90: ec80 81ff 

  0x000001fd4fe56f94: ;   {other}
  0x000001fd4fe56f94: 0f1f 8400 | 847f 00b9 | 448b c8e9 | cec1 ffff | 498b d341 | b802 0000 | 0048 8b6c | 2460 6690 
  0x000001fd4fe56fb4: ;   {static_call}
  0x000001fd4fe56fb4: c5f8 77e8 

  0x000001fd4fe56fb8: ; ImmutableOopMap {rbp=Oop [40]=Oop [48]=NarrowOop [56]=Oop [80]=Oop [88]=Oop [96]=Oop [104]=Oop [112]=Oop [128]=Oop }
                      ;*invokestatic charAt {reexecute=0 rethrow=0 return_oop=0}
                      ; - java.lang.String::charAt@21
                      ; - java.io.WinNTFileSystem::prefixLength@78
                      ; - java.io.File::<init>@104
                      ; - jdk.internal.loader.URLClassPath$FileLoader::getResource@118
                      ; - jdk.internal.loader.URLClassPath::getResource@53
                      ; - java.net.URLClassLoader$1::run@26
                      ; - java.net.URLClassLoader$1::run@1
                      ; - java.security.AccessController::executePrivileged@29
                      ; - java.security.AccessController::doPrivileged@13
                      ; - java.net.URLClassLoader::findClass@13
  0x000001fd4fe56fb8: c480 81ff 

  0x000001fd4fe56fbc: ;   {other}
  0x000001fd4fe56fbc: 0f1f 8400 | ac7f 00ba | 448b d0e9 | b8c2 ffff | bac6 ffff | ff48 8b6c | 2460 4c8b | 5424 284c 
  0x000001fd4fe56fdc: 8954 2420 | 4c8b 5424 | 684c 8954 | 2450 6690 

  0x000001fd4fe56fec: ;   {runtime_call UncommonTrapBlob}
  0x000001fd4fe56fec: c5f8 77e8 

  0x000001fd4fe56ff0: ; ImmutableOopMap {rbp=Oop [32]=Oop [64]=Oop [80]=Oop [88]=Oop [136]=NarrowOop }
                      ;*invokevirtual getCodeSigners {reexecute=0 rethrow=0 return_oop=0}
                      ; - java.net.URLClassLoader::defineClass@185
                      ; - java.net.URLClassLoader$1::run@43
                      ; - java.net.URLClassLoader$1::run@1
                      ; - java.security.AccessController::executePrivileged@29
                      ; - java.security.AccessController::doPrivileged@13
                      ; - java.net.URLClassLoader::findClass@13
  0x000001fd4fe56ff0: 8cd3 81ff 

  0x000001fd4fe56ff4: ;   {other}
  0x000001fd4fe56ff4: 0f1f 8400 | e47f 00bb | bac6 ffff | ff48 8b6c | 2460 4c8b | 5424 284c | 8954 2420 | 4c8b 5424 
  0x000001fd4fe57014: 684c 8954 | 2430 4c89 | 6c24 4044 | 895c 2448 | 4c89 6c24 | 5066 6690 

  0x000001fd4fe5702c: ;   {runtime_call UncommonTrapBlob}
  0x000001fd4fe5702c: c5f8 77e8 

  0x000001fd4fe57030: ; ImmutableOopMap {rbp=Oop [32]=Oop [48]=Oop [64]=Oop [80]=Oop }
                      ;*invokevirtual getCodeSourceURL {reexecute=0 rethrow=0 return_oop=0}
                      ; - java.net.URLClassLoader::defineClass@13
                      ; - java.net.URLClassLoader$1::run@43
                      ; - java.net.URLClassLoader$1::run@1
                      ; - java.security.AccessController::executePrivileged@29
                      ; - java.security.AccessController::doPrivileged@13
                      ; - java.net.URLClassLoader::findClass@13
  0x000001fd4fe57030: 4cd3 81ff 

  0x000001fd4fe57034: ;   {other}
  0x000001fd4fe57034: 0f1f 8400 | 2480 00bc | 33ed 4585 | db40 0f96 | c5ba 45ff | ffff 4c8b | 5424 604c | 8954 2420 
  0x000001fd4fe57054: 4c8b 5424 | 5044 8b5c | 2440 4489 | 5c24 344c | 8954 2440 | 4c8b 5424 | 684c 8954 | 2450 4c8b 
  0x000001fd4fe57074: 5424 704c | 8954 2460 | 4c8b 9424 | 8000 0000 | 4c89 5424 | 7066 6690 

  0x000001fd4fe5708c: ;   {runtime_call UncommonTrapBlob}
  0x000001fd4fe5708c: c5f8 77e8 

  0x000001fd4fe57090: ; ImmutableOopMap {[32]=Oop [40]=Oop [48]=NarrowOop [64]=Oop [80]=Oop [88]=Oop [96]=Oop [112]=Oop [128]=Oop [136]=Oop }
                      ;*ifeq {reexecute=1 rethrow=0 return_oop=0}
                      ; - (reexecute) java.io.File::<init>@32
                      ; - jdk.internal.loader.URLClassPath$FileLoader::getResource@118
                      ; - jdk.internal.loader.URLClassPath::getResource@53
                      ; - java.net.URLClassLoader$1::run@26
                      ; - java.net.URLClassLoader$1::run@1
                      ; - java.security.AccessController::executePrivileged@29
                      ; - java.security.AccessController::doPrivileged@13
                      ; - java.net.URLClassLoader::findClass@13
  0x000001fd4fe57090: ecd2 81ff 

  0x000001fd4fe57094: ;   {other}
  0x000001fd4fe57094: 0f1f 8400 | 8480 00bd | bae4 ffff | ff4c 8b54 | 2428 4c89 | 5424 2044 | 8b5c 2430 | 4489 5c24 
  0x000001fd4fe570b4: 284c 8b54 | 2450 448b | 5c24 4044 | 895c 242c | 4c89 5424 | 384c 8b54 | 2468 4c89 | 5424 484c 
  0x000001fd4fe570d4: 8b54 2458 | 4c89 5424 | 504c 8b54 | 2470 4c89 | 5424 584c | 8b94 2480 | 0000 004c | 8954 2468 
  0x000001fd4fe570f4: 4c8b 5424 | 784c 8954 | 2470 4489 | 8c24 8000 | 0000 4489 | 8424 8400 | 0000 6690 

  0x000001fd4fe57110: ;   {runtime_call UncommonTrapBlob}
  0x000001fd4fe57110: c5f8 77e8 

  0x000001fd4fe57114: ; ImmutableOopMap {rbp=Oop [32]=Oop [40]=NarrowOop [56]=Oop [72]=Oop [80]=Oop [88]=Oop [104]=Oop [112]=Oop [128]=NarrowOop }
                      ;*invokestatic checkIndex {reexecute=0 rethrow=0 return_oop=0}
                      ; - java.lang.String::checkIndex@5
                      ; - java.lang.StringLatin1::charAt@3
                      ; - java.lang.String::charAt@12
                      ; - java.io.WinNTFileSystem::prefixLength@18
                      ; - java.io.File::<init>@104
                      ; - jdk.internal.loader.URLClassPath$FileLoader::getResource@118
                      ; - jdk.internal.loader.URLClassPath::getResource@53
                      ; - java.net.URLClassLoader$1::run@26
                      ; - java.net.URLClassLoader$1::run@1
                      ; - java.security.AccessController::executePrivileged@29
                      ; - java.security.AccessController::doPrivileged@13
                      ; - java.net.URLClassLoader::findClass@13
  0x000001fd4fe57114: 68d2 81ff 

  0x000001fd4fe57118: ;   {other}
  0x000001fd4fe57118: 0f1f 8400 | 0881 00be | bae4 ffff | ff4c 8b54 | 2460 4c89 | 5424 2044 | 8b54 2440 | 4489 5424 
  0x000001fd4fe57138: 344c 8b54 | 2450 4c89 | 5424 404c | 8b54 2468 | 4c89 5424 | 504c 8b54 | 2470 4c89 | 5424 604c 
  0x000001fd4fe57158: 8b94 2480 | 0000 004c | 8954 2470 | 448b 9424 | 8c00 0000 | 4489 9424 | 8000 0000 | 448b 9c24 
  0x000001fd4fe57178: 8800 0000 | 4489 9c24 | 8400 0000 | 4489 8424 | 8c00 0000 

  0x000001fd4fe5718c: ;   {runtime_call UncommonTrapBlob}
  0x000001fd4fe5718c: c5f8 77e8 

  0x000001fd4fe57190: ; ImmutableOopMap {[32]=Oop [40]=Oop [48]=NarrowOop [64]=Oop [80]=Oop [88]=Oop [96]=Oop [112]=Oop [120]=Oop [140]=NarrowOop }
                      ;*invokestatic checkIndex {reexecute=0 rethrow=0 return_oop=0}
                      ; - java.lang.String::checkIndex@5
                      ; - java.lang.StringLatin1::charAt@3
                      ; - java.lang.String::charAt@12
                      ; - java.io.WinNTFileSystem::prefixLength@30
                      ; - java.io.File::<init>@104
                      ; - jdk.internal.loader.URLClassPath$FileLoader::getResource@118
                      ; - jdk.internal.loader.URLClassPath::getResource@53
                      ; - java.net.URLClassLoader$1::run@26
                      ; - java.net.URLClassLoader$1::run@1
                      ; - java.security.AccessController::executePrivileged@29
                      ; - java.security.AccessController::doPrivileged@13
                      ; - java.net.URLClassLoader::findClass@13
  0x000001fd4fe57190: ecd1 81ff 

  0x000001fd4fe57194: ;   {other}
  0x000001fd4fe57194: 0f1f 8400 | 8481 00bf | bae4 ffff | ff4c 8b54 | 2460 4c89 | 5424 204c | 8b54 2450 | 448b 5c24 
  0x000001fd4fe571b4: 4044 895c | 2434 4c89 | 5424 404c | 8b54 2468 | 4c89 5424 | 504c 8b54 | 2470 4c89 | 5424 604c 
  0x000001fd4fe571d4: 8b94 2480 | 0000 004c | 8954 2470 | 4489 4424 | 7c66 6690 

  0x000001fd4fe571e8: ;   {runtime_call UncommonTrapBlob}
  0x000001fd4fe571e8: c5f8 77e8 

  0x000001fd4fe571ec: ; ImmutableOopMap {[32]=Oop [40]=Oop [48]=NarrowOop [64]=Oop [80]=Oop [88]=Oop [96]=Oop [112]=Oop [124]=NarrowOop [128]=Oop }
                      ;*invokestatic checkIndex {reexecute=0 rethrow=0 return_oop=0}
                      ; - java.lang.String::checkIndex@5
                      ; - java.lang.StringLatin1::charAt@3
                      ; - java.lang.String::charAt@12
                      ; - java.io.WinNTFileSystem::prefixLength@78
                      ; - java.io.File::<init>@104
                      ; - jdk.internal.loader.URLClassPath$FileLoader::getResource@118
                      ; - jdk.internal.loader.URLClassPath::getResource@53
                      ; - java.net.URLClassLoader$1::run@26
                      ; - java.net.URLClassLoader$1::run@1
                      ; - java.security.AccessController::executePrivileged@29
                      ; - java.security.AccessController::doPrivileged@13
                      ; - java.net.URLClassLoader::findClass@13
  0x000001fd4fe571ec: 90d1 81ff 

  0x000001fd4fe571f0: ;   {other}
  0x000001fd4fe571f0: 0f1f 8400 | e081 00c0 | 4c89 5c24 

  0x000001fd4fe571fc: ;   {metadata('java/lang/InternalError')}
  0x000001fd4fe571fc: 3848 ba38 | 0701 5efd | 0100 0048 | 8b6c 2460 

  0x000001fd4fe5720c: ;   {runtime_call _new_instance_Java}
  0x000001fd4fe5720c: c5f8 77e8 

  0x000001fd4fe57210: ; ImmutableOopMap {rbp=Oop [40]=Oop [48]=NarrowOop [56]=Oop [80]=Oop [96]=Oop [104]=Oop }
                      ;*new {reexecute=0 rethrow=0 return_oop=1}
                      ; - jdk.internal.loader.URLClassPath$JarLoader::getResource@8
                      ; - jdk.internal.loader.URLClassPath::getResource@53
                      ; - java.net.URLClassLoader$1::run@26
                      ; - java.net.URLClassLoader$1::run@1
                      ; - java.security.AccessController::executePrivileged@29
                      ; - java.security.AccessController::doPrivileged@13
                      ; - java.net.URLClassLoader::findClass@13
  0x000001fd4fe57210: 6ccf 8dff 

  0x000001fd4fe57214: ;   {other}
  0x000001fd4fe57214: 0f1f 8400 | 0482 00c1 | e92a f7ff | ff49 8bd7 | c5f8 7749 | ba20 a440 | 95ff 7f00 | 0041 ffd2 
  0x000001fd4fe57234: ;   {other}
  0x000001fd4fe57234: 0f1f 8400 | 0000 0000 | e9e2 baff | ff49 8bd7 | c5f8 7749 | ba20 a440 | 95ff 7f00 | 0041 ffd2 
  0x000001fd4fe57254: ;   {other}
  0x000001fd4fe57254: 0f1f 8400 | 0000 0000 | e91b beff | ffba 45ff | ffff 488b | 6c24 604c | 8b54 2428 | 4c89 5424 
  0x000001fd4fe57274: 2044 8b54 | 2430 4489 | 5424 284c | 8b54 2450 | 448b 5c24 | 4044 895c | 242c 4c89 | 5424 384c 
  0x000001fd4fe57294: 8b54 2468 | 4c89 5424 | 484c 8b54 | 2458 4c89 | 5424 504c | 8b54 2470 | 4c89 5424 | 584c 8b94 
  0x000001fd4fe572b4: 2480 0000 | 004c 8954 | 2468 6690 

  0x000001fd4fe572c0: ;   {runtime_call UncommonTrapBlob}
  0x000001fd4fe572c0: c5f8 77e8 

  0x000001fd4fe572c4: ; ImmutableOopMap {rbp=Oop [32]=Oop [40]=NarrowOop [56]=Oop [72]=Oop [80]=Oop [88]=Oop [104]=Oop [128]=Oop }
                      ;*if_icmple {reexecute=1 rethrow=0 return_oop=0}
                      ; - (reexecute) java.io.WinNTFileSystem::prefixLength@73
                      ; - java.io.File::<init>@104
                      ; - jdk.internal.loader.URLClassPath$FileLoader::getResource@118
                      ; - jdk.internal.loader.URLClassPath::getResource@53
                      ; - java.net.URLClassLoader$1::run@26
                      ; - java.net.URLClassLoader$1::run@1
                      ; - java.security.AccessController::executePrivileged@29
                      ; - java.security.AccessController::doPrivileged@13
                      ; - java.net.URLClassLoader::findClass@13
  0x000001fd4fe572c4: b8d0 81ff 

  0x000001fd4fe572c8: ;   {other}
  0x000001fd4fe572c8: 0f1f 8400 | b882 00c2 | ba45 ffff | ff48 8b6c | 2460 4c8b | 5c24 284c | 895c 2420 | 448b 5c24 
  0x000001fd4fe572e8: 3044 895c | 2428 4c8b | 5c24 5044 | 8b44 2440 | 4489 4424 | 2c4c 895c | 2438 4c8b | 5c24 684c 
  0x000001fd4fe57308: 895c 2448 | 4c8b 5c24 | 584c 895c | 2450 4c8b | 5c24 704c | 895c 2458 | 4c8b 9c24 | 8000 0000 
  0x000001fd4fe57328: 4c89 5c24 | 6844 8954 | 2470 6690 

  0x000001fd4fe57334: ;   {runtime_call UncommonTrapBlob}
  0x000001fd4fe57334: c5f8 77e8 

  0x000001fd4fe57338: ; ImmutableOopMap {rbp=Oop [32]=Oop [40]=NarrowOop [56]=Oop [72]=Oop [80]=Oop [88]=Oop [104]=Oop [128]=Oop }
                      ;*if_icmpne {reexecute=1 rethrow=0 return_oop=0}
                      ; - (reexecute) java.io.WinNTFileSystem::prefixLength@82
                      ; - java.io.File::<init>@104
                      ; - jdk.internal.loader.URLClassPath$FileLoader::getResource@118
                      ; - jdk.internal.loader.URLClassPath::getResource@53
                      ; - java.net.URLClassLoader$1::run@26
                      ; - java.net.URLClassLoader$1::run@1
                      ; - java.security.AccessController::executePrivileged@29
                      ; - java.security.AccessController::doPrivileged@13
                      ; - java.net.URLClassLoader::findClass@13
  0x000001fd4fe57338: 44d0 81ff 

  0x000001fd4fe5733c: ;   {other}
  0x000001fd4fe5733c: 0f1f 8400 | 2c83 00c3 | 488b ebba | 9100 0000 

  0x000001fd4fe5734c: ;   {runtime_call UncommonTrapBlob}
  0x000001fd4fe5734c: c5f8 77e8 

  0x000001fd4fe57350: ; ImmutableOopMap {rbp=Oop [96]=Oop }
                      ;*new {reexecute=0 rethrow=0 return_oop=0}
                      ; - java.security.AccessController::wrapException@0
                      ; - java.security.AccessController::doPrivileged@22
                      ; - java.net.URLClassLoader::findClass@13
  0x000001fd4fe57350: 2cd0 81ff 

  0x000001fd4fe57354: ;   {other}
  0x000001fd4fe57354: 0f1f 8400 | 4483 00c4 | 488b ebba | adff ffff 

  0x000001fd4fe57364: ;   {runtime_call UncommonTrapBlob}
  0x000001fd4fe57364: c5f8 77e8 

  0x000001fd4fe57368: ; ImmutableOopMap {rbp=Oop }
                      ;*invokevirtual getException {reexecute=0 rethrow=0 return_oop=0}
                      ; - java.net.URLClassLoader::findClass@25
  0x000001fd4fe57368: 14d0 81ff 

  0x000001fd4fe5736c: ;   {other}
  0x000001fd4fe5736c: 0f1f 8400 | 5c83 00c5 | ba45 ffff | ff4c 8b54 | 2428 4c89 | 5424 2044 | 8b54 2430 | 4489 5424 
  0x000001fd4fe5738c: 284c 8b54 | 2450 448b | 5c24 4044 | 895c 242c | 4c89 5424 | 384c 8b54 | 2468 4c89 | 5424 484c 
  0x000001fd4fe573ac: 8b54 2458 | 4c89 5424 | 504c 8b54 | 2470 4c89 | 5424 584c | 8b94 2480 | 0000 004c | 8954 2468 
  0x000001fd4fe573cc: ;   {runtime_call UncommonTrapBlob}
  0x000001fd4fe573cc: c5f8 77e8 

  0x000001fd4fe573d0: ; ImmutableOopMap {rbp=Oop [32]=Oop [40]=NarrowOop [56]=Oop [72]=Oop [80]=Oop [88]=Oop [104]=Oop [128]=Oop }
                      ;*ifne {reexecute=1 rethrow=0 return_oop=0}
                      ; - (reexecute) java.io.WinNTFileSystem::prefixLength@11
                      ; - java.io.File::<init>@104
                      ; - jdk.internal.loader.URLClassPath$FileLoader::getResource@118
                      ; - jdk.internal.loader.URLClassPath::getResource@53
                      ; - java.net.URLClassLoader$1::run@26
                      ; - java.net.URLClassLoader$1::run@1
                      ; - java.security.AccessController::executePrivileged@29
                      ; - java.security.AccessController::doPrivileged@13
                      ; - java.net.URLClassLoader::findClass@13
  0x000001fd4fe573d0: accf 81ff 

  0x000001fd4fe573d4: ;   {other}
  0x000001fd4fe573d4: 0f1f 8400 | c483 00c6 | ba45 ffff | ff48 8b6c | 2460 4c8b | 5424 284c | 8954 2420 | 448b 5424 
  0x000001fd4fe573f4: 3044 8954 | 2428 4c8b | 5424 5044 | 8b5c 2440 | 4489 5c24 | 2c4c 8954 | 2438 4c8b | 5424 684c 
  0x000001fd4fe57414: 8954 2448 | 4c8b 5424 | 584c 8954 | 2450 4c8b | 5424 704c | 8954 2458 | 4c8b 9424 | 8000 0000 
  0x000001fd4fe57434: 4c89 5424 | 6844 8b94 | 248c 0000 | 0044 894c | 2474 4489 | 5424 7c90 

  0x000001fd4fe5744c: ;   {runtime_call UncommonTrapBlob}
  0x000001fd4fe5744c: c5f8 77e8 

  0x000001fd4fe57450: ; ImmutableOopMap {rbp=Oop [32]=Oop [40]=NarrowOop [56]=Oop [72]=Oop [80]=Oop [88]=Oop [104]=Oop [128]=Oop }
                      ;*if_icmpne {reexecute=1 rethrow=0 return_oop=0}
                      ; - (reexecute) java.io.WinNTFileSystem::prefixLength@42
                      ; - java.io.File::<init>@104
                      ; - jdk.internal.loader.URLClassPath$FileLoader::getResource@118
                      ; - jdk.internal.loader.URLClassPath::getResource@53
                      ; - java.net.URLClassLoader$1::run@26
                      ; - java.net.URLClassLoader$1::run@1
                      ; - java.security.AccessController::executePrivileged@29
                      ; - java.security.AccessController::doPrivileged@13
                      ; - java.net.URLClassLoader::findClass@13
  0x000001fd4fe57450: 2ccf 81ff 

  0x000001fd4fe57454: ;   {other}
  0x000001fd4fe57454: 0f1f 8400 | 4484 00c7 | 488b ebba | 2f00 0000 | 4c8b 5424 | 604c 8954 | 2430 6690 

  0x000001fd4fe57470: ;   {runtime_call UncommonTrapBlob}
  0x000001fd4fe57470: c5f8 77e8 

  0x000001fd4fe57474: ; ImmutableOopMap {rbp=Oop [40]=Oop [48]=Oop [96]=Oop [104]=Oop }
                      ;*new {reexecute=0 rethrow=0 return_oop=0}
                      ; - java.net.URLClassLoader$1::run@48
                      ; - java.net.URLClassLoader$1::run@1
                      ; - java.security.AccessController::executePrivileged@29
                      ; - java.security.AccessController::doPrivileged@13
                      ; - java.net.URLClassLoader::findClass@13
  0x000001fd4fe57474: 08cf 81ff 

  0x000001fd4fe57478: ;   {other}
  0x000001fd4fe57478: 0f1f 8400 | 6884 00c8 

  0x000001fd4fe57480: ;   {metadata('java/lang/RuntimeException')}
  0x000001fd4fe57480: 498b eb48 | baa8 b705 | 5efd 0100 | 004c 8b54 | 2460 4c89 | 5424 2090 

  0x000001fd4fe57498: ;   {runtime_call _new_instance_Java}
  0x000001fd4fe57498: c5f8 77e8 

  0x000001fd4fe5749c: ; ImmutableOopMap {rbp=Oop [32]=Oop [40]=Oop [56]=Oop [64]=Oop [88]=NarrowOop [96]=Oop [104]=Oop [120]=Oop [200]=Oop }
                      ;*new {reexecute=0 rethrow=0 return_oop=1}
                      ; - java.util.jar.JarFile::ensureInitialization@8
                      ; - java.util.jar.JavaUtilJarAccessImpl::ensureInitialization@1
                      ; - jdk.internal.loader.URLClassPath$JarLoader$2::getManifest@10
                      ; - java.net.URLClassLoader::defineClass@34
                      ; - java.net.URLClassLoader$1::run@43
                      ; - java.net.URLClassLoader$1::run@1
                      ; - java.security.AccessController::executePrivileged@29
                      ; - java.security.AccessController::doPrivileged@13
                      ; - java.net.URLClassLoader::findClass@13
  0x000001fd4fe5749c: e0cc 8dff 

  0x000001fd4fe574a0: ;   {other}
  0x000001fd4fe574a0: 0f1f 8400 | 9084 00c9 | e9d1 efff | ff48 8beb | ba91 0000 | 004c 8b54 | 2460 4c89 | 5424 2044 
  0x000001fd4fe574c0: 8b54 2440 | 4489 5424 | 344c 8b54 | 2448 4c89 | 5424 404c | 8b54 2450 | 4c89 5424 | 4866 6690 
  0x000001fd4fe574e0: ;   {runtime_call UncommonTrapBlob}
  0x000001fd4fe574e0: c5f8 77e8 

  0x000001fd4fe574e4: ; ImmutableOopMap {rbp=Oop [32]=Oop [40]=Oop [48]=NarrowOop [64]=Oop [72]=Oop [104]=Oop }
                      ;*new {reexecute=0 rethrow=0 return_oop=0}
                      ; - java.security.AccessController::wrapException@0
                      ; - java.security.AccessController::doPrivileged@22
                      ; - jdk.internal.loader.URLClassPath$JarLoader::ensureOpen@19
                      ; - jdk.internal.loader.URLClassPath$JarLoader::getResource@1
                      ; - jdk.internal.loader.URLClassPath::getResource@53
                      ; - java.net.URLClassLoader$1::run@26
                      ; - java.net.URLClassLoader$1::run@1
                      ; - java.security.AccessController::executePrivileged@29
                      ; - java.security.AccessController::doPrivileged@13
                      ; - java.net.URLClassLoader::findClass@13
  0x000001fd4fe574e4: 98ce 81ff 

  0x000001fd4fe574e8: ;   {other}
  0x000001fd4fe574e8: 0f1f 8400 | d884 00ca | 488b ebba | adff ffff | 4c8b 5424 | 604c 8954 | 2420 448b | 5424 4044 
  0x000001fd4fe57508: 8954 2434 | 4c8b 5424 | 484c 8954 | 2440 4c8b | 5424 504c | 8954 2448 

  0x000001fd4fe57520: ;   {runtime_call UncommonTrapBlob}
  0x000001fd4fe57520: c5f8 77e8 

  0x000001fd4fe57524: ; ImmutableOopMap {rbp=Oop [32]=Oop [40]=Oop [48]=NarrowOop [64]=Oop [72]=Oop [104]=Oop }
                      ;*invokevirtual getException {reexecute=0 rethrow=0 return_oop=0}
                      ; - jdk.internal.loader.URLClassPath$JarLoader::ensureOpen@28
                      ; - jdk.internal.loader.URLClassPath$JarLoader::getResource@1
                      ; - jdk.internal.loader.URLClassPath::getResource@53
                      ; - java.net.URLClassLoader$1::run@26
                      ; - java.net.URLClassLoader$1::run@1
                      ; - java.security.AccessController::executePrivileged@29
                      ; - java.security.AccessController::doPrivileged@13
                      ; - java.net.URLClassLoader::findClass@13
  0x000001fd4fe57524: 58ce 81ff 

  0x000001fd4fe57528: ;   {other}
  0x000001fd4fe57528: 0f1f 8400 | 1885 00cb | bafd 0000 | 004c 8b54 | 2428 4c89 | 5424 204c | 8b54 2440 | 4c89 5424 
  0x000001fd4fe57548: 2866 6690 

  0x000001fd4fe5754c: ;   {runtime_call UncommonTrapBlob}
  0x000001fd4fe5754c: c5f8 77e8 

  0x000001fd4fe57550: ; ImmutableOopMap {rbp=Oop [32]=Oop [40]=Oop [72]=Oop [104]=Oop }
                      ;*new {reexecute=0 rethrow=0 return_oop=0}
                      ; - java.net.URLClassLoader::defineClass@103
                      ; - java.net.URLClassLoader$1::run@43
                      ; - java.net.URLClassLoader$1::run@1
                      ; - java.security.AccessController::executePrivileged@29
                      ; - java.security.AccessController::doPrivileged@13
                      ; - java.net.URLClassLoader::findClass@13
  0x000001fd4fe57550: 2cce 81ff 

  0x000001fd4fe57554: ;   {other}
  0x000001fd4fe57554: 0f1f 8400 | 4485 00cc | 498b cb48 | 8d94 24d0 | 0000 004d | 8bc7 c5f8 | 7749 ba40 | d981 95ff 
  0x000001fd4fe57574: 7f00 0041 

  0x000001fd4fe57578: ;   {other}
  0x000001fd4fe57578: ffd2 0f1f | 8400 0000 | 0000 e9bd | efff ffba | deff ffff | 4c8b 5424 | 604c 896c | 2430 4c89 
  0x000001fd4fe57598: 5424 404c | 8974 2448 | 4c89 7424 | 504c 8954 | 2458 4c8b | 9424 8000 | 0000 4c89 | 5424 6844 
  0x000001fd4fe575b8: 8b9c 2488 | 0000 0044 | 895c 247c | 4c89 8424 | 8800 0000 

  0x000001fd4fe575cc: ;   {runtime_call UncommonTrapBlob}
  0x000001fd4fe575cc: c5f8 77e8 

  0x000001fd4fe575d0: ; ImmutableOopMap {rbp=NarrowOop [40]=Oop [48]=Oop [64]=Oop [72]=Oop [80]=Oop [88]=Oop [104]=Oop [124]=NarrowOop [136]=Oop [160]=Oop }
                      ;*checkcast {reexecute=0 rethrow=0 return_oop=0}
                      ; - java.lang.ClassLoader::getDefinedPackage@16
                      ; - java.net.URLClassLoader::getAndVerifyPackage@2
                      ; - java.net.URLClassLoader::defineClass@46
                      ; - java.net.URLClassLoader$1::run@43
                      ; - java.net.URLClassLoader$1::run@1
                      ; - java.security.AccessController::executePrivileged@29
                      ; - java.security.AccessController::doPrivileged@13
                      ; - java.net.URLClassLoader::findClass@13
  0x000001fd4fe575d0: accd 81ff 

  0x000001fd4fe575d4: ;   {other}
  0x000001fd4fe575d4: 0f1f 8400 | c485 00cd | bade ffff | ff48 8b6c | 2460 4c8b | 5424 284c | 8954 2420 | 4c8b 5424 
  0x000001fd4fe575f4: 404c 8954 | 2428 4c8b | 5424 684c | 8954 2430 | 4c8b 9424 | 8000 0000 | 4c89 5424 | 604c 8b54 
  0x000001fd4fe57614: 2470 4c89 | 5424 6844 | 8b9c 2488 | 0000 0044 | 895c 2474 | 4889 8424 | 8800 0000 

  0x000001fd4fe57630: ;   {runtime_call UncommonTrapBlob}
  0x000001fd4fe57630: c5f8 77e8 

  0x000001fd4fe57634: ; ImmutableOopMap {rbp=Oop [32]=Oop [40]=Oop [48]=Oop [88]=Oop [96]=Oop [116]=NarrowOop [136]=Oop [160]=Oop }
                      ;*checkcast {reexecute=0 rethrow=0 return_oop=0}
                      ; - java.lang.ClassLoader::definePackage@81
                      ; - java.lang.ClassLoader::getDefinedPackage@32
                      ; - java.net.URLClassLoader::getAndVerifyPackage@2
                      ; - java.net.URLClassLoader::defineClass@46
                      ; - java.net.URLClassLoader$1::run@43
                      ; - java.net.URLClassLoader$1::run@1
                      ; - java.security.AccessController::executePrivileged@29
                      ; - java.security.AccessController::doPrivileged@13
                      ; - java.net.URLClassLoader::findClass@13
  0x000001fd4fe57634: 48cd 81ff 

  0x000001fd4fe57638: ;   {other}
  0x000001fd4fe57638: 0f1f 8400 | 2886 00ce | bade ffff | ff4c 8b4c | 2460 4c89 | 6c24 304c | 894c 2440 | 4c89 7424 
  0x000001fd4fe57658: 484c 8974 | 2450 4c89 | 4c24 584c | 8b8c 2480 | 0000 004c | 894c 2468 | 8b8c 2488 | 0000 0089 
  0x000001fd4fe57678: 4c24 7c4c | 8984 2488 | 0000 004c | 8984 24a8 | 0000 0044 | 899c 24b0 | 0000 0044 | 8994 24b4 
  0x000001fd4fe57698: 0000 0090 

  0x000001fd4fe5769c: ;   {runtime_call UncommonTrapBlob}
  0x000001fd4fe5769c: c5f8 77e8 

  0x000001fd4fe576a0: ; ImmutableOopMap {rbp=NarrowOop [40]=Oop [48]=Oop [64]=Oop [72]=Oop [80]=Oop [88]=Oop [104]=Oop [124]=NarrowOop [136]=Oop [160]=Oop [168]=Oop [176]=NarrowOop }
                      ;*instanceof {reexecute=0 rethrow=0 return_oop=0}
                      ; - java.lang.String::equals@8
                      ; - java.util.concurrent.ConcurrentHashMap::get@73
                      ; - java.lang.ClassLoader::getDefinedPackage@13
                      ; - java.net.URLClassLoader::getAndVerifyPackage@2
                      ; - java.net.URLClassLoader::defineClass@46
                      ; - java.net.URLClassLoader$1::run@43
                      ; - java.net.URLClassLoader$1::run@1
                      ; - java.security.AccessController::executePrivileged@29
                      ; - java.security.AccessController::doPrivileged@13
                      ; - java.net.URLClassLoader::findClass@13
  0x000001fd4fe576a0: dccc 81ff 

  0x000001fd4fe576a4: ;   {other}
  0x000001fd4fe576a4: 0f1f 8400 | 9486 00cf | bade ffff | ff48 8b4c | 2460 4c89 | 6c24 3048 | 894c 2440 | 4c89 7424 
  0x000001fd4fe576c4: 484c 8974 | 2450 4889 | 4c24 5848 | 8b8c 2480 | 0000 0048 | 894c 2468 | 8b9c 2488 | 0000 0089 
  0x000001fd4fe576e4: 5c24 7c4c | 8984 2488 | 0000 0044 | 898c 24a8 | 0000 004c | 8984 24b0 | 0000 0044 | 899c 24ac 
  0x000001fd4fe57704: 0000 0044 | 8994 24b8 | 0000 0090 

  0x000001fd4fe57710: ;   {runtime_call UncommonTrapBlob}
  0x000001fd4fe57710: c5f8 77e8 

  0x000001fd4fe57714: ; ImmutableOopMap {rbp=NarrowOop [40]=Oop [48]=Oop [64]=Oop [72]=Oop [80]=Oop [88]=Oop [104]=Oop [124]=NarrowOop [136]=Oop [160]=Oop [168]=NarrowOop [172]=NarrowOop [176]=Oop }
                      ;*instanceof {reexecute=0 rethrow=0 return_oop=0}
                      ; - java.lang.String::equals@8
                      ; - java.util.concurrent.ConcurrentHashMap::get@73
                      ; - java.lang.ClassLoader::definePackage@47
                      ; - java.lang.ClassLoader::getDefinedPackage@32
                      ; - java.net.URLClassLoader::getAndVerifyPackage@2
                      ; - java.net.URLClassLoader::defineClass@46
                      ; - java.net.URLClassLoader$1::run@43
                      ; - java.net.URLClassLoader$1::run@1
                      ; - java.security.AccessController::executePrivileged@29
                      ; - java.security.AccessController::doPrivileged@13
                      ; - java.net.URLClassLoader::findClass@13
  0x000001fd4fe57714: 68cc 81ff 

  0x000001fd4fe57718: ;   {other}
  0x000001fd4fe57718: 0f1f 8400 | 0887 00d0 | bade ffff | ff4c 8b54 | 2428 4c89 | 5424 2044 | 8b54 2430 | 4489 5424 
  0x000001fd4fe57738: 2844 8b5c | 2440 4489 | 5c24 2c4c | 8b54 2448 | 4c89 5424 | 384c 8b54 | 2450 4c89 | 5424 4048 
  0x000001fd4fe57758: 8944 2448 

  0x000001fd4fe5775c: ;   {runtime_call UncommonTrapBlob}
  0x000001fd4fe5775c: c5f8 77e8 

  0x000001fd4fe57760: ; ImmutableOopMap {rbp=Oop [32]=Oop [40]=NarrowOop [56]=Oop [64]=Oop [72]=Oop [104]=Oop }
                      ;*checkcast {reexecute=0 rethrow=0 return_oop=0}
                      ; - java.util.jar.JarFile::getJarEntry@5
                      ; - jdk.internal.loader.URLClassPath$JarLoader::getResource@22
                      ; - jdk.internal.loader.URLClassPath::getResource@53
                      ; - java.net.URLClassLoader$1::run@26
                      ; - java.net.URLClassLoader$1::run@1
                      ; - java.security.AccessController::executePrivileged@29
                      ; - java.security.AccessController::doPrivileged@13
                      ; - java.net.URLClassLoader::findClass@13
  0x000001fd4fe57760: 1ccc 81ff 

  0x000001fd4fe57764: ;   {other}
  0x000001fd4fe57764: 0f1f 8400 | 5487 00d1 | bade ffff | ff4c 8b54 | 2460 4c89 | 5424 204c | 896c 2430 | 4c8b 5424 
  0x000001fd4fe57784: 684c 8954 | 2438 4c8b | 5424 704c | 8954 2460 | 4c89 4424 | 7866 6690 

  0x000001fd4fe5779c: ;   {runtime_call UncommonTrapBlob}
  0x000001fd4fe5779c: c5f8 77e8 

  0x000001fd4fe577a0: ; ImmutableOopMap {rbp=NarrowOop [32]=Oop [40]=Oop [48]=Oop [56]=Oop [120]=Oop [128]=Oop [136]=NarrowOop [200]=Oop }
                      ;*checkcast {reexecute=0 rethrow=0 return_oop=0}
                      ; - java.util.jar.JarFile::getManifestFromReference@14
                      ; - java.util.jar.JarFile::getManifest@1
                      ; - jdk.internal.loader.URLClassPath$JarLoader$2::getManifest@22
                      ; - java.net.URLClassLoader::defineClass@34
                      ; - java.net.URLClassLoader$1::run@43
                      ; - java.net.URLClassLoader$1::run@1
                      ; - java.security.AccessController::executePrivileged@29
                      ; - java.security.AccessController::doPrivileged@13
                      ; - java.net.URLClassLoader::findClass@13
  0x000001fd4fe577a0: dccb 81ff 

  0x000001fd4fe577a4: ;   {other}
  0x000001fd4fe577a4: 0f1f 8400 | 9487 00d2 | bade ffff | ff4c 8b54 | 2460 4c89 | 6c24 304c | 8954 2440 | 4c89 7424 
  0x000001fd4fe577c4: 484c 8974 | 2450 4c89 | 5424 584c | 8b94 2480 | 0000 004c | 8954 2468 | 448b 9c24 | 8800 0000 
  0x000001fd4fe577e4: 4489 5c24 | 7c4c 8984 | 2488 0000 | 0044 898c | 24a8 0000 | 0066 6690 

  0x000001fd4fe577fc: ;   {runtime_call UncommonTrapBlob}
  0x000001fd4fe577fc: c5f8 77e8 

  0x000001fd4fe57800: ; ImmutableOopMap {rbp=NarrowOop [40]=Oop [48]=Oop [64]=Oop [72]=Oop [80]=Oop [88]=Oop [104]=Oop [124]=NarrowOop [136]=Oop [160]=Oop [168]=NarrowOop }
                      ;*checkcast {reexecute=0 rethrow=0 return_oop=0}
                      ; - java.lang.ClassLoader::definePackage@50
                      ; - java.lang.ClassLoader::getDefinedPackage@32
                      ; - java.net.URLClassLoader::getAndVerifyPackage@2
                      ; - java.net.URLClassLoader::defineClass@46
                      ; - java.net.URLClassLoader$1::run@43
                      ; - java.net.URLClassLoader$1::run@1
                      ; - java.security.AccessController::executePrivileged@29
                      ; - java.security.AccessController::doPrivileged@13
                      ; - java.net.URLClassLoader::findClass@13
  0x000001fd4fe57800: 7ccb 81ff 

  0x000001fd4fe57804: ;   {other}
  0x000001fd4fe57804: 0f1f 8400 | f487 00d3 | baf6 ffff | ff49 8bed | 4889 5c24 | 2066 6690 

  0x000001fd4fe5781c: ;   {runtime_call UncommonTrapBlob}
  0x000001fd4fe5781c: c5f8 77e8 

  0x000001fd4fe57820: ; ImmutableOopMap {rbp=Oop [32]=Oop [104]=Oop }
                      ;*invokevirtual replace {reexecute=0 rethrow=0 return_oop=0}
                      ; - java.net.URLClassLoader$1::run@8
                      ; - java.net.URLClassLoader$1::run@1
                      ; - java.security.AccessController::executePrivileged@29
                      ; - java.security.AccessController::doPrivileged@13
                      ; - java.net.URLClassLoader::findClass@13
  0x000001fd4fe57820: 5ccb 81ff 

  0x000001fd4fe57824: ;   {other}
  0x000001fd4fe57824: 0f1f 8400 | 1488 00d4 | baf6 ffff | ff49 8bed | 4889 5c24 | 2066 6690 

  0x000001fd4fe5783c: ;   {runtime_call UncommonTrapBlob}
  0x000001fd4fe5783c: c5f8 77e8 

  0x000001fd4fe57840: ; ImmutableOopMap {rbp=Oop [32]=Oop [104]=Oop }
                      ;*arraylength {reexecute=0 rethrow=0 return_oop=0}
                      ; - java.lang.StringLatin1::replace@8
                      ; - java.lang.String::replace@18
                      ; - java.net.URLClassLoader$1::run@8
                      ; - java.net.URLClassLoader$1::run@1
                      ; - java.security.AccessController::executePrivileged@29
                      ; - java.security.AccessController::doPrivileged@13
                      ; - java.net.URLClassLoader::findClass@13
  0x000001fd4fe57840: 3ccb 81ff 

  0x000001fd4fe57844: ;   {other}
  0x000001fd4fe57844: 0f1f 8400 | 3488 00d5 | baf6 ffff | ff49 8bea | 4c8b 5424 | 284c 8954 | 2420 4c8b | 5424 684c 
  0x000001fd4fe57864: 8954 2430 | 4c89 6c24 | 4066 6690 

  0x000001fd4fe57870: ;   {runtime_call UncommonTrapBlob}
  0x000001fd4fe57870: c5f8 77e8 

  0x000001fd4fe57874: ; ImmutableOopMap {rbp=Oop [32]=Oop [48]=Oop [64]=Oop }
                      ;*arraylength {reexecute=0 rethrow=0 return_oop=0}
                      ; - java.lang.String::length@4
                      ; - java.lang.String::lastIndexOf@3
                      ; - java.net.URLClassLoader::defineClass@7
                      ; - java.net.URLClassLoader$1::run@43
                      ; - java.net.URLClassLoader$1::run@1
                      ; - java.security.AccessController::executePrivileged@29
                      ; - java.security.AccessController::doPrivileged@13
                      ; - java.net.URLClassLoader::findClass@13
  0x000001fd4fe57874: 08cb 81ff 

  0x000001fd4fe57878: ;   {other}
  0x000001fd4fe57878: 0f1f 8400 | 6888 00d6 | baf6 ffff | ff48 8b6c | 2420 4c8b | 5424 284c | 8954 2420 | 4c8b 5424 
  0x000001fd4fe57898: 404c 8954 | 2428 6690 

  0x000001fd4fe578a0: ;   {runtime_call UncommonTrapBlob}
  0x000001fd4fe578a0: c5f8 77e8 

  0x000001fd4fe578a4: ; ImmutableOopMap {rbp=Oop [32]=Oop [40]=Oop [80]=Oop [104]=Oop }
                      ;*arraylength {reexecute=0 rethrow=0 return_oop=0}
                      ; - java.net.URLClassLoader::defineClass@217
                      ; - java.net.URLClassLoader$1::run@43
                      ; - java.net.URLClassLoader$1::run@1
                      ; - java.security.AccessController::executePrivileged@29
                      ; - java.security.AccessController::doPrivileged@13
                      ; - java.net.URLClassLoader::findClass@13
  0x000001fd4fe578a4: d8ca 81ff 

  0x000001fd4fe578a8: ;   {other}
  0x000001fd4fe578a8: 0f1f 8400 | 9888 00d7 | baf6 ffff | ff48 8b6c | 2460 4c8b | 5424 284c | 8954 2420 | 4c89 6c24 
  0x000001fd4fe578c8: 284c 8b54 | 2468 4c89 | 5424 3090 

  0x000001fd4fe578d4: ;   {runtime_call UncommonTrapBlob}
  0x000001fd4fe578d4: c5f8 77e8 

  0x000001fd4fe578d8: ; ImmutableOopMap {rbp=Oop [32]=Oop [40]=Oop [48]=Oop [128]=Oop [136]=NarrowOop [200]=Oop }
                      ;*getfield jar {reexecute=1 rethrow=0 return_oop=0}
                      ; - (reexecute) jdk.internal.loader.URLClassPath$JarLoader$2::getManifest@7
                      ; - java.net.URLClassLoader::defineClass@34
                      ; - java.net.URLClassLoader$1::run@43
                      ; - java.net.URLClassLoader$1::run@1
                      ; - java.security.AccessController::executePrivileged@29
                      ; - java.security.AccessController::doPrivileged@13
                      ; - java.net.URLClassLoader::findClass@13
  0x000001fd4fe578d8: a4ca 81ff 

  0x000001fd4fe578dc: ;   {other}
  0x000001fd4fe578dc: 0f1f 8400 | cc88 00d8 | baf6 ffff | ff48 8b6c | 2460 4c8b | 5424 284c | 8954 2420 | 4c89 6c24 
  0x000001fd4fe578fc: 284c 8b54 | 2468 4c89 | 5424 3090 

  0x000001fd4fe57908: ;   {runtime_call UncommonTrapBlob}
  0x000001fd4fe57908: c5f8 77e8 

  0x000001fd4fe5790c: ; ImmutableOopMap {rbp=Oop [32]=Oop [40]=Oop [48]=Oop [128]=Oop [136]=NarrowOop [200]=Oop }
                      ;*getfield jar {reexecute=1 rethrow=0 return_oop=0}
                      ; - (reexecute) jdk.internal.loader.URLClassPath$JarLoader$2::getManifest@19
                      ; - java.net.URLClassLoader::defineClass@34
                      ; - java.net.URLClassLoader$1::run@43
                      ; - java.net.URLClassLoader$1::run@1
                      ; - java.security.AccessController::executePrivileged@29
                      ; - java.security.AccessController::doPrivileged@13
                      ; - java.net.URLClassLoader::findClass@13
  0x000001fd4fe5790c: 70ca 81ff 

  0x000001fd4fe57910: ;   {other}
  0x000001fd4fe57910: 0f1f 8400 | 0089 00d9 | baf6 ffff | ff48 8b6c | 2460 4c8b | 5424 284c | 8954 2420 | 4c89 6c24 
  0x000001fd4fe57930: 284c 8b54 | 2468 4c89 | 5424 3090 

  0x000001fd4fe5793c: ;   {runtime_call UncommonTrapBlob}
  0x000001fd4fe5793c: c5f8 77e8 

  0x000001fd4fe57940: ; ImmutableOopMap {rbp=Oop [32]=Oop [40]=Oop [48]=Oop [128]=Oop [136]=NarrowOop [200]=Oop }
                      ;*invokevirtual getManifest {reexecute=0 rethrow=0 return_oop=0}
                      ; - jdk.internal.loader.URLClassPath$JarLoader$2::getManifest@22
                      ; - java.net.URLClassLoader::defineClass@34
                      ; - java.net.URLClassLoader$1::run@43
                      ; - java.net.URLClassLoader$1::run@1
                      ; - java.security.AccessController::executePrivileged@29
                      ; - java.security.AccessController::doPrivileged@13
                      ; - java.net.URLClassLoader::findClass@13
  0x000001fd4fe57940: 3cca 81ff 

  0x000001fd4fe57944: ;   {other}
  0x000001fd4fe57944: 0f1f 8400 | 3489 00da | baf6 ffff | ff48 8b6c | 2460 4c8b | 5424 284c | 8954 2420 | 4c89 6c24 
  0x000001fd4fe57964: 284c 8b54 | 2468 4c89 | 5424 3044 | 895c 2440 | 4889 5c24 | 5866 6690 

  0x000001fd4fe5797c: ;   {runtime_call UncommonTrapBlob}
  0x000001fd4fe5797c: c5f8 77e8 

  0x000001fd4fe57980: ; ImmutableOopMap {rbp=Oop [32]=Oop [40]=Oop [48]=Oop [88]=Oop }
                      ;*getfield csu {reexecute=1 rethrow=0 return_oop=0}
                      ; - (reexecute) jdk.internal.loader.URLClassPath$JarLoader$2::getCodeSourceURL@4
                      ; - java.net.URLClassLoader::defineClass@13
                      ; - java.net.URLClassLoader$1::run@43
                      ; - java.net.URLClassLoader$1::run@1
                      ; - java.security.AccessController::executePrivileged@29
                      ; - java.security.AccessController::doPrivileged@13
                      ; - java.net.URLClassLoader::findClass@13
  0x000001fd4fe57980: fcc9 81ff 

  0x000001fd4fe57984: ;   {other}
  0x000001fd4fe57984: 0f1f 8400 | 7489 00db | baf4 ffff | ff48 8b6c | 2460 4c8b | 5424 284c | 8954 2420 | 4c89 6c24 
  0x000001fd4fe579a4: 284c 8b54 | 2468 4c89 | 5424 304c | 8b54 2470 | 4c89 5424 | 584c 8944 | 2470 6690 

  0x000001fd4fe579c0: ;   {runtime_call UncommonTrapBlob}
  0x000001fd4fe579c0: c5f8 77e8 

  0x000001fd4fe579c4: ; ImmutableOopMap {rbp=Oop [32]=Oop [40]=Oop [48]=Oop [112]=Oop [128]=Oop [136]=NarrowOop [200]=Oop }
                      ;*checkcast {reexecute=0 rethrow=0 return_oop=0}
                      ; - java.util.jar.JarFile::getManifestFromReference@14
                      ; - java.util.jar.JarFile::getManifest@1
                      ; - jdk.internal.loader.URLClassPath$JarLoader$2::getManifest@22
                      ; - java.net.URLClassLoader::defineClass@34
                      ; - java.net.URLClassLoader$1::run@43
                      ; - java.net.URLClassLoader$1::run@1
                      ; - java.security.AccessController::executePrivileged@29
                      ; - java.security.AccessController::doPrivileged@13
                      ; - java.net.URLClassLoader::findClass@13
  0x000001fd4fe579c4: b8c9 81ff 

  0x000001fd4fe579c8: ;   {other}
  0x000001fd4fe579c8: 0f1f 8400 | b889 00dc | baf6 ffff | ff48 8b6c | 2460 4c8b | 5424 284c | 8954 2420 | 4c89 6c24 
  0x000001fd4fe579e8: 284c 8974 | 2448 4c8b | 5424 704c | 8954 2458 | 4c89 4424 | 6866 6690 

  0x000001fd4fe57a00: ;   {runtime_call UncommonTrapBlob}
  0x000001fd4fe57a00: c5f8 77e8 

  0x000001fd4fe57a04: ; ImmutableOopMap {rbp=Oop [32]=Oop [40]=Oop [72]=Oop [104]=Oop [128]=Oop [136]=NarrowOop [160]=Oop }
                      ;*arraylength {reexecute=0 rethrow=0 return_oop=0}
                      ; - java.lang.String::isEmpty@4
                      ; - java.lang.ClassLoader::definePackage@1
                      ; - java.lang.ClassLoader::getDefinedPackage@32
                      ; - java.net.URLClassLoader::getAndVerifyPackage@2
                      ; - java.net.URLClassLoader::defineClass@46
                      ; - java.net.URLClassLoader$1::run@43
                      ; - java.net.URLClassLoader$1::run@1
                      ; - java.security.AccessController::executePrivileged@29
                      ; - java.security.AccessController::doPrivileged@13
                      ; - java.net.URLClassLoader::findClass@13
  0x000001fd4fe57a04: 78c9 81ff 

  0x000001fd4fe57a08: ;   {other}
  0x000001fd4fe57a08: 0f1f 8400 | f889 00dd | baf6 ffff | ff48 8b6c | 2460 4c8b | 5424 284c | 8954 2420 | 448b 5c24 
  0x000001fd4fe57a28: 3044 895c | 2428 448b | 5424 4044 | 8954 242c | 4c8b 5424 | 504c 8954 | 2438 4c8b | 5424 584c 
  0x000001fd4fe57a48: 8954 2450 

  0x000001fd4fe57a4c: ;   {runtime_call UncommonTrapBlob}
  0x000001fd4fe57a4c: c5f8 77e8 

  0x000001fd4fe57a50: ; ImmutableOopMap {rbp=Oop [32]=Oop [40]=NarrowOop [56]=Oop [80]=Oop [104]=Oop [112]=Oop [128]=Oop }
                      ;*arraylength {reexecute=0 rethrow=0 return_oop=0}
                      ; - java.lang.StringLatin1::charAt@2
                      ; - java.lang.String::charAt@12
                      ; - java.io.WinNTFileSystem::normalize@31
                      ; - java.io.File::<init>@73
                      ; - jdk.internal.loader.URLClassPath$FileLoader::getResource@73
                      ; - jdk.internal.loader.URLClassPath::getResource@53
                      ; - java.net.URLClassLoader$1::run@26
                      ; - java.net.URLClassLoader$1::run@1
                      ; - java.security.AccessController::executePrivileged@29
                      ; - java.security.AccessController::doPrivileged@13
                      ; - java.net.URLClassLoader::findClass@13
  0x000001fd4fe57a50: 2cc9 81ff 

  0x000001fd4fe57a54: ;   {other}
  0x000001fd4fe57a54: 0f1f 8400 | 448a 00de | ba45 ffff | ff48 8b6c | 2460 4c8b | 5424 284c | 8954 2420 | 4c89 6c24 
  0x000001fd4fe57a74: 284c 8b54 | 2468 4c89 | 5424 304c | 8b94 2480 | 0000 004c | 8954 2450 | 4c8b 5424 | 704c 8954 
  0x000001fd4fe57a94: 2458 4489 | 4424 7890 

  0x000001fd4fe57a9c: ;   {runtime_call UncommonTrapBlob}
  0x000001fd4fe57a9c: c5f8 77e8 

  0x000001fd4fe57aa0: ; ImmutableOopMap {rbp=Oop [32]=Oop [40]=Oop [48]=Oop [80]=Oop [120]=NarrowOop [136]=NarrowOop [200]=Oop }
                      ;*ifnonnull {reexecute=1 rethrow=0 return_oop=0}
                      ; - (reexecute) jdk.internal.access.SharedSecrets::javaUtilJarAccess@5
                      ; - jdk.internal.loader.URLClassPath$JarLoader$2::getManifest@0
                      ; - java.net.URLClassLoader::defineClass@34
                      ; - java.net.URLClassLoader$1::run@43
                      ; - java.net.URLClassLoader$1::run@1
                      ; - java.security.AccessController::executePrivileged@29
                      ; - java.security.AccessController::doPrivileged@13
                      ; - java.net.URLClassLoader::findClass@13
  0x000001fd4fe57aa0: dcc8 81ff 

  0x000001fd4fe57aa4: ;   {other}
  0x000001fd4fe57aa4: 0f1f 8400 | 948a 00df | baf4 ffff | ff48 8b6c | 2460 4c8b | 5424 284c | 8954 2420 | 4c8b 5424 
  0x000001fd4fe57ac4: 404c 8954 | 2428 4c8b | 5424 684c | 8954 2430 | 4c8b 9424 | 8000 0000 | 4c89 5424 | 604c 8b54 
  0x000001fd4fe57ae4: 2470 4c89 | 5424 6890 

  0x000001fd4fe57aec: ;   {runtime_call UncommonTrapBlob}
  0x000001fd4fe57aec: c5f8 77e8 

  0x000001fd4fe57af0: ; ImmutableOopMap {rbp=Oop [32]=Oop [40]=Oop [48]=Oop [88]=Oop [96]=Oop [136]=NarrowOop [160]=Oop }
                      ;*checkcast {reexecute=0 rethrow=0 return_oop=0}
                      ; - java.lang.ClassLoader::definePackage@81
                      ; - java.lang.ClassLoader::getDefinedPackage@32
                      ; - java.net.URLClassLoader::getAndVerifyPackage@2
                      ; - java.net.URLClassLoader::defineClass@46
                      ; - java.net.URLClassLoader$1::run@43
                      ; - java.net.URLClassLoader$1::run@1
                      ; - java.security.AccessController::executePrivileged@29
                      ; - java.security.AccessController::doPrivileged@13
                      ; - java.net.URLClassLoader::findClass@13
  0x000001fd4fe57af0: 8cc8 81ff 

  0x000001fd4fe57af4: ;   {other}
  0x000001fd4fe57af4: 0f1f 8400 | e48a 00e0 | ba45 ffff | ff4c 8b4c | 2460 4c89 | 6c24 304c | 894c 2440 | 4c89 7424 
  0x000001fd4fe57b14: 484c 8974 | 2450 4c89 | 4c24 584c | 8b8c 2480 | 0000 004c | 894c 2468 | 8b8c 2488 | 0000 0089 
  0x000001fd4fe57b34: 4c24 7c4c | 8984 2488 | 0000 004c | 8984 24a8 | 0000 0044 | 899c 24b0 | 0000 0044 | 8994 24b4 
  0x000001fd4fe57b54: 0000 0090 

  0x000001fd4fe57b58: ;   {runtime_call UncommonTrapBlob}
  0x000001fd4fe57b58: c5f8 77e8 

  0x000001fd4fe57b5c: ; ImmutableOopMap {rbp=NarrowOop [40]=Oop [48]=Oop [64]=Oop [72]=Oop [80]=Oop [88]=Oop [104]=Oop [124]=NarrowOop [136]=Oop [160]=Oop [168]=Oop [176]=NarrowOop }
                      ;*ifnull {reexecute=1 rethrow=0 return_oop=0}
                      ; - (reexecute) java.util.concurrent.ConcurrentHashMap::get@67
                      ; - java.lang.ClassLoader::getDefinedPackage@13
                      ; - java.net.URLClassLoader::getAndVerifyPackage@2
                      ; - java.net.URLClassLoader::defineClass@46
                      ; - java.net.URLClassLoader$1::run@43
                      ; - java.net.URLClassLoader$1::run@1
                      ; - java.security.AccessController::executePrivileged@29
                      ; - java.security.AccessController::doPrivileged@13
                      ; - java.net.URLClassLoader::findClass@13
  0x000001fd4fe57b5c: 20c8 81ff 

  0x000001fd4fe57b60: ;   {other}
  0x000001fd4fe57b60: 0f1f 8400 | 508b 00e1 | 4c8b d044 | 8b40 0849 | bb00 0000 | 5efd 0100 | 004d 03d8 | 4d8b 5b40 
  0x000001fd4fe57b80: ;   {metadata('java/lang/Exception')}
  0x000001fd4fe57b80: 49b8 20c0 | 005e fd01 | 0000 4d3b | d80f 8404 | b1ff ffe9 | 65e8 ffff | ba45 ffff | ff48 8b4c 
  0x000001fd4fe57ba0: 2460 4c89 | 6c24 3048 | 894c 2440 | 4c89 7424 | 484c 8974 | 2450 4889 | 4c24 5848 | 8b8c 2480 
  0x000001fd4fe57bc0: 0000 0048 | 894c 2468 | 8b9c 2488 | 0000 0089 | 5c24 7c4c | 8984 2488 | 0000 0044 | 898c 24a8 
  0x000001fd4fe57be0: 0000 004c | 8984 24b0 | 0000 0044 | 899c 24ac | 0000 0044 | 8994 24b8 | 0000 0090 

  0x000001fd4fe57bfc: ;   {runtime_call UncommonTrapBlob}
  0x000001fd4fe57bfc: c5f8 77e8 

  0x000001fd4fe57c00: ; ImmutableOopMap {rbp=NarrowOop [40]=Oop [48]=Oop [64]=Oop [72]=Oop [80]=Oop [88]=Oop [104]=Oop [124]=NarrowOop [136]=Oop [160]=Oop [168]=NarrowOop [172]=NarrowOop [176]=Oop }
                      ;*ifnull {reexecute=1 rethrow=0 return_oop=0}
                      ; - (reexecute) java.util.concurrent.ConcurrentHashMap::get@67
                      ; - java.lang.ClassLoader::definePackage@47
                      ; - java.lang.ClassLoader::getDefinedPackage@32
                      ; - java.net.URLClassLoader::getAndVerifyPackage@2
                      ; - java.net.URLClassLoader::defineClass@46
                      ; - java.net.URLClassLoader$1::run@43
                      ; - java.net.URLClassLoader$1::run@1
                      ; - java.security.AccessController::executePrivileged@29
                      ; - java.security.AccessController::doPrivileged@13
                      ; - java.net.URLClassLoader::findClass@13
  0x000001fd4fe57c00: 7cc7 81ff 

  0x000001fd4fe57c04: ;   {other}
  0x000001fd4fe57c04: 0f1f 8400 | f48b 00e2 | 4c8b d044 | 8b58 0849 | b800 0000 | 5efd 0100 | 004d 03c3 | 4d8b 5840 
  0x000001fd4fe57c24: ;   {metadata('java/lang/Exception')}
  0x000001fd4fe57c24: 49b8 20c0 | 005e fd01 | 0000 4d3b | d80f 8460 | b0ff ffe9 | c1e7 ffff | 4c8b d044 | 8b58 0849 
  0x000001fd4fe57c44: b800 0000 | 5efd 0100 | 004d 03c3 | 4d8b 5840 

  0x000001fd4fe57c54: ;   {metadata('java/lang/Exception')}
  0x000001fd4fe57c54: 49b8 20c0 | 005e fd01 | 0000 4d3b | d80f 8430 | b0ff ffe9 | 91e7 ffff | 4c8b d044 | 8b58 0849 
  0x000001fd4fe57c74: b800 0000 | 5efd 0100 | 004d 03c3 | 4d8b 5840 

  0x000001fd4fe57c84: ;   {metadata('java/lang/Exception')}
  0x000001fd4fe57c84: 49b8 20c0 | 005e fd01 | 0000 4d3b | d80f 8400 | b0ff ffe9 | 61e7 ffff | 4c8b d044 | 8b58 0849 
  0x000001fd4fe57ca4: b800 0000 | 5efd 0100 | 004d 03c3 | 4d8b 5840 

  0x000001fd4fe57cb4: ;   {metadata('java/lang/Exception')}
  0x000001fd4fe57cb4: 49b8 20c0 | 005e fd01 | 0000 4d3b | d80f 84d0 | afff ffe9 | 31e7 ffff | 4c8b d044 | 8b40 0849 
  0x000001fd4fe57cd4: bb00 0000 | 5efd 0100 | 004d 03d8 | 4d8b 5b40 

  0x000001fd4fe57ce4: ;   {metadata('java/lang/Exception')}
  0x000001fd4fe57ce4: 49b8 20c0 | 005e fd01 | 0000 4d3b | d80f 84a0 | afff ffe9 | 01e7 ffff | baf6 ffff | ff48 8b6c 
  0x000001fd4fe57d04: 2460 4c8b | 5424 284c | 8954 2420 | 448b 5424 | 3044 8954 | 2428 4c8b | 5424 5044 | 8b5c 2440 
  0x000001fd4fe57d24: 4489 5c24 | 2c4c 8954 | 2438 4c8b | 5424 584c | 8954 2450 

  0x000001fd4fe57d38: ;   {runtime_call UncommonTrapBlob}
  0x000001fd4fe57d38: c5f8 77e8 

  0x000001fd4fe57d3c: ; ImmutableOopMap {rbp=Oop [32]=Oop [40]=NarrowOop [56]=Oop [80]=Oop [104]=Oop [112]=Oop [128]=Oop }
                      ;*arraylength {reexecute=0 rethrow=0 return_oop=0}
                      ; - java.lang.StringLatin1::charAt@2
                      ; - java.lang.String::charAt@12
                      ; - java.io.WinNTFileSystem::normalize@31
                      ; - java.io.File::<init>@73
                      ; - jdk.internal.loader.URLClassPath$FileLoader::getResource@118
                      ; - jdk.internal.loader.URLClassPath::getResource@53
                      ; - java.net.URLClassLoader$1::run@26
                      ; - java.net.URLClassLoader$1::run@1
                      ; - java.security.AccessController::executePrivileged@29
                      ; - java.security.AccessController::doPrivileged@13
                      ; - java.net.URLClassLoader::findClass@13
  0x000001fd4fe57d3c: 40c6 81ff 

  0x000001fd4fe57d40: ;   {other}
  0x000001fd4fe57d40: 0f1f 8400 | 308d 00e3 | baf6 ffff | ff48 8b6c | 2460 4c8b | 5c24 284c | 895c 2420 | 4c8b 5c24 
  0x000001fd4fe57d60: 404c 895c | 2428 4c8b | 5c24 684c | 895c 2430 | 4c8b 5c24 | 784c 895c | 2460 4c8b | 5c24 704c 
  0x000001fd4fe57d80: 895c 2468 | 4c8b 9c24 | 8800 0000 | 4c89 9c24 | 8000 0000 | 4c89 9424 | 8800 0000 

  0x000001fd4fe57d9c: ;   {runtime_call UncommonTrapBlob}
  0x000001fd4fe57d9c: c5f8 77e8 

  0x000001fd4fe57da0: ; ImmutableOopMap {rbp=Oop [32]=Oop [40]=Oop [48]=Oop [80]=Oop [88]=NarrowOop [92]=NarrowOop [96]=Oop [128]=Oop [136]=Oop [200]=Oop }
                      ;*arraylength {reexecute=0 rethrow=0 return_oop=0}
                      ; - java.io.ByteArrayInputStream::<init>@21
                      ; - java.util.jar.JarFile::getManifestFromReference@114
                      ; - java.util.jar.JarFile::getManifest@1
                      ; - jdk.internal.loader.URLClassPath$JarLoader$2::getManifest@22
                      ; - java.net.URLClassLoader::defineClass@34
                      ; - java.net.URLClassLoader$1::run@43
                      ; - java.net.URLClassLoader$1::run@1
                      ; - java.security.AccessController::executePrivileged@29
                      ; - java.security.AccessController::doPrivileged@13
                      ; - java.net.URLClassLoader::findClass@13
  0x000001fd4fe57da0: dcc5 81ff 

  0x000001fd4fe57da4: ;   {other}
  0x000001fd4fe57da4: 0f1f 8400 | 948d 00e4 | ba45 ffff | ff48 8b6c | 2448 4c8b | 4424 284c | 8944 2420 | 4c8b 4424 
  0x000001fd4fe57dc4: 404c 8944 | 2428 4c8b | 4424 684c | 8944 2430 | 4c8b 4424 | 784c 8944 | 2460 4c8b | 4424 704c 
  0x000001fd4fe57de4: 8944 2468 | 4c89 5424 | 784c 899c | 2488 0000 | 0066 6690 

  0x000001fd4fe57df8: ;   {runtime_call UncommonTrapBlob}
  0x000001fd4fe57df8: c5f8 77e8 

  0x000001fd4fe57dfc: ; ImmutableOopMap {rbp=Oop [32]=Oop [40]=Oop [48]=Oop [80]=Oop [88]=NarrowOop [96]=Oop [120]=Oop [136]=Oop [200]=Oop }
                      ;*ifnull {reexecute=1 rethrow=0 return_oop=0}
                      ; - (reexecute) java.util.jar.JarFile::getManifestFromReference@148
                      ; - java.util.jar.JarFile::getManifest@1
                      ; - jdk.internal.loader.URLClassPath$JarLoader$2::getManifest@22
                      ; - java.net.URLClassLoader::defineClass@34
                      ; - java.net.URLClassLoader$1::run@43
                      ; - java.net.URLClassLoader$1::run@1
                      ; - java.security.AccessController::executePrivileged@29
                      ; - java.security.AccessController::doPrivileged@13
                      ; - java.net.URLClassLoader::findClass@13
  0x000001fd4fe57dfc: 80c5 81ff 

  0x000001fd4fe57e00: ;   {other}
  0x000001fd4fe57e00: 0f1f 8400 | f08d 00e5 | 4c8b d0e9 | dce8 ffff | baf6 ffff | ff48 8b6c | 2460 4c8b | 5c24 284c 
  0x000001fd4fe57e20: 895c 2420 | 448b 5c24 | 3044 895c | 2428 4c8b | 5c24 5044 | 8b44 2440 | 4489 4424 | 2c4c 895c 
  0x000001fd4fe57e40: 2438 4c8b | 5c24 584c | 895c 2450 | 4489 5424 | 6066 6690 

  0x000001fd4fe57e54: ;   {runtime_call UncommonTrapBlob}
  0x000001fd4fe57e54: c5f8 77e8 

  0x000001fd4fe57e58: ; ImmutableOopMap {rbp=Oop [32]=Oop [40]=NarrowOop [56]=Oop [80]=Oop [96]=NarrowOop [104]=Oop [112]=Oop }
                      ;*invokevirtual getFile {reexecute=0 rethrow=0 return_oop=0}
                      ; - jdk.internal.loader.URLClassPath$FileLoader::getResource@28
                      ; - jdk.internal.loader.URLClassPath::getResource@53
                      ; - java.net.URLClassLoader$1::run@26
                      ; - java.net.URLClassLoader$1::run@1
                      ; - java.security.AccessController::executePrivileged@29
                      ; - java.security.AccessController::doPrivileged@13
                      ; - java.net.URLClassLoader::findClass@13
  0x000001fd4fe57e58: 24c5 81ff 

  0x000001fd4fe57e5c: ;   {other}
  0x000001fd4fe57e5c: 0f1f 8400 | 4c8e 00e6 | 4c8b d044 | 8b58 0849 | b800 0000 | 5efd 0100 | 004d 03c3 | 4d8b 5840 
  0x000001fd4fe57e7c: ;   {metadata('java/lang/Exception')}
  0x000001fd4fe57e7c: 49b8 20c0 | 005e fd01 | 0000 4d3b | d80f 8408 | aeff ffe9 | 69e5 ffff | baf6 ffff | ff4c 8b54 
  0x000001fd4fe57e9c: 2428 4c89 | 5424 2044 | 8b54 2430 | 4489 5424 | 284c 8b54 | 2450 448b | 5c24 4044 | 895c 242c 
  0x000001fd4fe57ebc: 4c89 5424 | 384c 8b54 | 2458 4c89 | 5424 5090 

  0x000001fd4fe57ecc: ;   {runtime_call UncommonTrapBlob}
  0x000001fd4fe57ecc: c5f8 77e8 

  0x000001fd4fe57ed0: ; ImmutableOopMap {rbp=Oop [32]=Oop [40]=NarrowOop [56]=Oop [80]=Oop [104]=Oop [112]=Oop [128]=Oop }
                      ;*invokevirtual isEmpty {reexecute=0 rethrow=0 return_oop=0}
                      ; - java.io.File::<init>@29
                      ; - jdk.internal.loader.URLClassPath$FileLoader::getResource@73
                      ; - jdk.internal.loader.URLClassPath::getResource@53
                      ; - java.net.URLClassLoader$1::run@26
                      ; - java.net.URLClassLoader$1::run@1
                      ; - java.security.AccessController::executePrivileged@29
                      ; - java.security.AccessController::doPrivileged@13
                      ; - java.net.URLClassLoader::findClass@13
  0x000001fd4fe57ed0: acc4 81ff 

  0x000001fd4fe57ed4: ;   {other}
  0x000001fd4fe57ed4: 0f1f 8400 | c48e 00e7 | baf6 ffff | ff4c 8b54 | 2428 4c89 | 5424 2044 | 8b5c 2430 | 4489 5c24 
  0x000001fd4fe57ef4: 2844 8b54 | 2440 4489 | 5424 2c4c | 8b54 2450 | 4c89 5424 | 384c 8b54 | 2458 4c89 | 5424 5090 
  0x000001fd4fe57f14: ;   {runtime_call UncommonTrapBlob}
  0x000001fd4fe57f14: c5f8 77e8 

  0x000001fd4fe57f18: ; ImmutableOopMap {rbp=Oop [32]=Oop [40]=NarrowOop [56]=Oop [80]=Oop [104]=Oop [112]=Oop [128]=Oop }
                      ;*arraylength {reexecute=0 rethrow=0 return_oop=0}
                      ; - java.lang.String::isEmpty@4
                      ; - java.io.File::<init>@29
                      ; - jdk.internal.loader.URLClassPath$FileLoader::getResource@73
                      ; - jdk.internal.loader.URLClassPath::getResource@53
                      ; - java.net.URLClassLoader$1::run@26
                      ; - java.net.URLClassLoader$1::run@1
                      ; - java.security.AccessController::executePrivileged@29
                      ; - java.security.AccessController::doPrivileged@13
                      ; - java.net.URLClassLoader::findClass@13
  0x000001fd4fe57f18: 64c4 81ff 

  0x000001fd4fe57f1c: ;   {other}
  0x000001fd4fe57f1c: 0f1f 8400 | 0c8f 00e8 | baf6 ffff | ff4c 8b54 | 2428 4c89 | 5424 2044 | 8b5c 2430 | 4489 5c24 
  0x000001fd4fe57f3c: 2844 8b54 | 2440 4489 | 5424 2c4c | 8b54 2450 | 4c89 5424 | 384c 8b54 | 2458 4c89 | 5424 5090 
  0x000001fd4fe57f5c: ;   {runtime_call UncommonTrapBlob}
  0x000001fd4fe57f5c: c5f8 77e8 

  0x000001fd4fe57f60: ; ImmutableOopMap {rbp=Oop [32]=Oop [40]=NarrowOop [56]=Oop [80]=Oop [104]=Oop [112]=Oop [128]=Oop }
                      ;*arraylength {reexecute=0 rethrow=0 return_oop=0}
                      ; - java.lang.String::length@4
                      ; - java.io.WinNTFileSystem::normalize@1
                      ; - java.io.File::<init>@73
                      ; - jdk.internal.loader.URLClassPath$FileLoader::getResource@73
                      ; - jdk.internal.loader.URLClassPath::getResource@53
                      ; - java.net.URLClassLoader$1::run@26
                      ; - java.net.URLClassLoader$1::run@1
                      ; - java.security.AccessController::executePrivileged@29
                      ; - java.security.AccessController::doPrivileged@13
                      ; - java.net.URLClassLoader::findClass@13
  0x000001fd4fe57f60: 1cc4 81ff 

  0x000001fd4fe57f64: ;   {other}
  0x000001fd4fe57f64: 0f1f 8400 | 548f 00e9 | baf6 ffff | ff4c 8b54 | 2428 4c89 | 5424 2044 | 8b5c 2430 | 4489 5c24 
  0x000001fd4fe57f84: 2844 8b54 | 2440 4489 | 5424 2c4c | 8b54 2450 | 4c89 5424 | 384c 8b54 | 2458 4c89 | 5424 5090 
  0x000001fd4fe57fa4: ;   {runtime_call UncommonTrapBlob}
  0x000001fd4fe57fa4: c5f8 77e8 

  0x000001fd4fe57fa8: ; ImmutableOopMap {rbp=Oop [32]=Oop [40]=NarrowOop [56]=Oop [80]=Oop [104]=Oop [112]=Oop [128]=Oop }
                      ;*arraylength {reexecute=0 rethrow=0 return_oop=0}
                      ; - java.lang.String::length@4
                      ; - java.io.WinNTFileSystem::prefixLength@6
                      ; - java.io.File::<init>@104
                      ; - jdk.internal.loader.URLClassPath$FileLoader::getResource@73
                      ; - jdk.internal.loader.URLClassPath::getResource@53
                      ; - java.net.URLClassLoader$1::run@26
                      ; - java.net.URLClassLoader$1::run@1
                      ; - java.security.AccessController::executePrivileged@29
                      ; - java.security.AccessController::doPrivileged@13
                      ; - java.net.URLClassLoader::findClass@13
  0x000001fd4fe57fa8: d4c3 81ff 

  0x000001fd4fe57fac: ;   {other}
  0x000001fd4fe57fac: 0f1f 8400 | 9c8f 00ea | baf6 ffff | ff4c 8b54 | 2428 4c89 | 5424 2044 | 8b54 2430 | 4489 5424 
  0x000001fd4fe57fcc: 284c 8b54 | 2450 448b | 5c24 4044 | 895c 242c | 4c89 5424 | 384c 8b54 | 2458 4c89 | 5424 5090 
  0x000001fd4fe57fec: ;   {runtime_call UncommonTrapBlob}
  0x000001fd4fe57fec: c5f8 77e8 

  0x000001fd4fe57ff0: ; ImmutableOopMap {rbp=Oop [32]=Oop [40]=NarrowOop [56]=Oop [80]=Oop [104]=Oop [112]=Oop }
                      ;*invokevirtual getPath {reexecute=0 rethrow=0 return_oop=0}
                      ; - jdk.internal.loader.URLClassPath$FileLoader::getResource@83
                      ; - jdk.internal.loader.URLClassPath::getResource@53
                      ; - java.net.URLClassLoader$1::run@26
                      ; - java.net.URLClassLoader$1::run@1
                      ; - java.security.AccessController::executePrivileged@29
                      ; - java.security.AccessController::doPrivileged@13
                      ; - java.net.URLClassLoader::findClass@13
  0x000001fd4fe57ff0: 8cc3 81ff 

  0x000001fd4fe57ff4: ;   {other}
  0x000001fd4fe57ff4: 0f1f 8400 | e48f 00eb | baf6 ffff | ff48 8b6c | 2460 4c8b | 5c24 284c | 895c 2420 | 448b 4424 
  0x000001fd4fe58014: 3044 8944 | 2428 448b | 5c24 4044 | 895c 242c | 4c8b 5c24 | 504c 895c | 2438 4c8b | 5c24 684c 
  0x000001fd4fe58034: 895c 2448 | 4c8b 5c24 | 584c 895c | 2450 4489 | 5424 6890 

  0x000001fd4fe58048: ;   {runtime_call UncommonTrapBlob}
  0x000001fd4fe58048: c5f8 77e8 

  0x000001fd4fe5804c: ; ImmutableOopMap {rbp=Oop [32]=Oop [40]=NarrowOop [56]=Oop [72]=Oop [80]=Oop [104]=NarrowOop [112]=Oop [120]=Oop }
                      ;*invokevirtual getPath {reexecute=0 rethrow=0 return_oop=0}
                      ; - jdk.internal.loader.URLClassPath$FileLoader::getResource@90
                      ; - jdk.internal.loader.URLClassPath::getResource@53
                      ; - java.net.URLClassLoader$1::run@26
                      ; - java.net.URLClassLoader$1::run@1
                      ; - java.security.AccessController::executePrivileged@29
                      ; - java.security.AccessController::doPrivileged@13
                      ; - java.net.URLClassLoader::findClass@13
  0x000001fd4fe5804c: 30c3 81ff 

  0x000001fd4fe58050: ;   {other}
  0x000001fd4fe58050: 0f1f 8400 | 4090 00ec | baf6 ffff | ff48 8b6c | 2460 4c8b | 5424 284c | 8954 2420 | 448b 5c24 
  0x000001fd4fe58070: 3044 895c | 2428 448b | 5424 4044 | 8954 242c | 4c8b 5424 | 504c 8954 | 2438 4c8b | 5424 584c 
  0x000001fd4fe58090: 8954 2450 

  0x000001fd4fe58094: ;   {runtime_call UncommonTrapBlob}
  0x000001fd4fe58094: c5f8 77e8 

  0x000001fd4fe58098: ; ImmutableOopMap {rbp=Oop [32]=Oop [40]=NarrowOop [56]=Oop [80]=Oop [104]=Oop [112]=Oop [128]=Oop }
                      ;*arraylength {reexecute=0 rethrow=0 return_oop=0}
                      ; - java.lang.StringLatin1::charAt@2
                      ; - java.lang.String::charAt@12
                      ; - java.io.WinNTFileSystem::prefixLength@30
                      ; - java.io.File::<init>@104
                      ; - jdk.internal.loader.URLClassPath$FileLoader::getResource@73
                      ; - jdk.internal.loader.URLClassPath::getResource@53
                      ; - java.net.URLClassLoader$1::run@26
                      ; - java.net.URLClassLoader$1::run@1
                      ; - java.security.AccessController::executePrivileged@29
                      ; - java.security.AccessController::doPrivileged@13
                      ; - java.net.URLClassLoader::findClass@13
  0x000001fd4fe58098: e4c2 81ff 

  0x000001fd4fe5809c: ;   {other}
  0x000001fd4fe5809c: 0f1f 8400 | 8c90 00ed | baf6 ffff | ff48 8b6c | 2460 4c8b | 5424 284c | 8954 2420 | 448b 5424 
  0x000001fd4fe580bc: 3044 8954 | 2428 4c8b | 5424 5044 | 8b5c 2440 | 4489 5c24 | 2c4c 8954 | 2438 4c8b | 5424 584c 
  0x000001fd4fe580dc: 8954 2450 

  0x000001fd4fe580e0: ;   {runtime_call UncommonTrapBlob}
  0x000001fd4fe580e0: c5f8 77e8 

  0x000001fd4fe580e4: ; ImmutableOopMap {rbp=Oop [32]=Oop [40]=NarrowOop [56]=Oop [80]=Oop [104]=Oop [112]=Oop [128]=Oop }
                      ;*arraylength {reexecute=0 rethrow=0 return_oop=0}
                      ; - java.lang.StringLatin1::charAt@2
                      ; - java.lang.String::charAt@12
                      ; - java.io.WinNTFileSystem::prefixLength@78
                      ; - java.io.File::<init>@104
                      ; - jdk.internal.loader.URLClassPath$FileLoader::getResource@73
                      ; - jdk.internal.loader.URLClassPath::getResource@53
                      ; - java.net.URLClassLoader$1::run@26
                      ; - java.net.URLClassLoader$1::run@1
                      ; - java.security.AccessController::executePrivileged@29
                      ; - java.security.AccessController::doPrivileged@13
                      ; - java.net.URLClassLoader::findClass@13
  0x000001fd4fe580e4: 98c2 81ff 

  0x000001fd4fe580e8: ;   {other}
  0x000001fd4fe580e8: 0f1f 8400 | d890 00ee | 488b d844 | 8b50 0849 | b800 0000 | 5efd 0100 | 004d 03c2 | 4d8b 5050 
  0x000001fd4fe58108: 4c3b d50f | 8523 e6ff | ff45 33c9 | e9b1 e4ff | ffba 45ff | ffff 4c8b | 5424 284c | 8954 2420 
  0x000001fd4fe58128: 448b 5424 | 3044 8954 | 2428 4c8b | 5424 5044 | 8b5c 2440 | 4489 5c24 | 2c4c 8954 | 2438 4c8b 
  0x000001fd4fe58148: 5424 684c | 8954 2448 | 4c8b 5424 | 584c 8954 | 2450 4c8b | 5424 704c | 8954 2458 | 4c8b 9424 
  0x000001fd4fe58168: 8800 0000 | 4c89 5424 | 7066 6690 

  0x000001fd4fe58174: ;   {runtime_call UncommonTrapBlob}
  0x000001fd4fe58174: c5f8 77e8 

  0x000001fd4fe58178: ; ImmutableOopMap {rbp=Oop [32]=Oop [40]=NarrowOop [56]=Oop [72]=Oop [80]=Oop [88]=Oop [112]=Oop [128]=Oop [136]=Oop }
                      ;*ifnonnull {reexecute=1 rethrow=0 return_oop=0}
                      ; - (reexecute) java.io.File::<init>@10
                      ; - jdk.internal.loader.URLClassPath$FileLoader::getResource@73
                      ; - jdk.internal.loader.URLClassPath::getResource@53
                      ; - java.net.URLClassLoader$1::run@26
                      ; - java.net.URLClassLoader$1::run@1
                      ; - java.security.AccessController::executePrivileged@29
                      ; - java.security.AccessController::doPrivileged@13
                      ; - java.net.URLClassLoader::findClass@13
  0x000001fd4fe58178: 04c2 81ff 

  0x000001fd4fe5817c: ;   {other}
  0x000001fd4fe5817c: 0f1f 8400 | 6c91 00ef | ba45 ffff | ff4c 8b54 | 2428 4c89 | 5424 2044 | 8b54 2430 | 4489 5424 
  0x000001fd4fe5819c: 284c 8b54 | 2450 448b | 5c24 4044 | 895c 242c | 4c89 5424 | 384c 8b54 | 2468 4c89 | 5424 484c 
  0x000001fd4fe581bc: 8b54 2458 | 4c89 5424 | 504c 8b54 | 2470 4c89 | 5424 584c | 8b94 2480 | 0000 004c | 8954 2468 
  0x000001fd4fe581dc: 448b 5424 | 7844 8954 | 2470 6690 

  0x000001fd4fe581e8: ;   {runtime_call UncommonTrapBlob}
  0x000001fd4fe581e8: c5f8 77e8 

  0x000001fd4fe581ec: ; ImmutableOopMap {rbp=Oop [32]=Oop [40]=NarrowOop [56]=Oop [72]=Oop [80]=Oop [88]=Oop [104]=Oop [112]=NarrowOop [136]=Oop }
                      ;*ifnull {reexecute=1 rethrow=0 return_oop=0}
                      ; - (reexecute) java.io.File::<init>@22
                      ; - jdk.internal.loader.URLClassPath$FileLoader::getResource@73
                      ; - jdk.internal.loader.URLClassPath::getResource@53
                      ; - java.net.URLClassLoader$1::run@26
                      ; - java.net.URLClassLoader$1::run@1
                      ; - java.security.AccessController::executePrivileged@29
                      ; - java.security.AccessController::doPrivileged@13
                      ; - java.net.URLClassLoader::findClass@13
  0x000001fd4fe581ec: 90c1 81ff 

  0x000001fd4fe581f0: ;   {other}
  0x000001fd4fe581f0: 0f1f 8400 | e091 00f0 | 488b d844 

  0x000001fd4fe581fc: ;   {metadata('java/security/PrivilegedActionException')}
  0x000001fd4fe581fc: 8b40 0841 | 81f8 508e | 1601 7412 | 49ba 0000 | 005e fd01 | 0000 4d03 | d0e9 cae6 | ffff 488b 
  0x000001fd4fe5821c: e8e9 d1f2 | ffff 488b | d8e9 77e6 | ffff 4c8b | d0eb 034c | 8bd0 498b | dae9 13e6 | ffff baf6 
  0x000001fd4fe5823c: ffff ff48 | 8b6c 2460 | 4c8b 5424 | 284c 8954 | 2420 4c89 | 6c24 284c | 8b54 2468 | 4c89 5424 
  0x000001fd4fe5825c: 3044 895c | 2440 4889 | 5c24 5890 

  0x000001fd4fe58268: ;   {runtime_call UncommonTrapBlob}
  0x000001fd4fe58268: c5f8 77e8 

  0x000001fd4fe5826c: ; ImmutableOopMap {rbp=Oop [32]=Oop [40]=Oop [48]=Oop [88]=Oop }
                      ;*invokevirtual getBaseURL {reexecute=0 rethrow=0 return_oop=0}
                      ; - jdk.internal.loader.URLClassPath$FileLoader$1::getCodeSourceURL@4
                      ; - java.net.URLClassLoader::defineClass@13
                      ; - java.net.URLClassLoader$1::run@43
                      ; - java.net.URLClassLoader$1::run@1
                      ; - java.security.AccessController::executePrivileged@29
                      ; - java.security.AccessController::doPrivileged@13
                      ; - java.net.URLClassLoader::findClass@13
  0x000001fd4fe5826c: 10c1 81ff 

  0x000001fd4fe58270: ;   {other}
  0x000001fd4fe58270: 0f1f 8400 | 6092 00f1 | 488b d844 | 8b58 0849 | b800 0000 | 5efd 0100 | 004d 03c3 | e9a3 e4ff 
  0x000001fd4fe58290: ffba f6ff | ffff 4c8b | 5424 284c | 8954 2420 | 448b 5424 | 3044 8954 | 2428 4c8b | 5424 5044 
  0x000001fd4fe582b0: 8b5c 2440 | 4489 5c24 | 2c4c 8954 | 2438 4c8b | 5424 584c | 8954 2450 

  0x000001fd4fe582c8: ;   {runtime_call UncommonTrapBlob}
  0x000001fd4fe582c8: c5f8 77e8 

  0x000001fd4fe582cc: ; ImmutableOopMap {rbp=Oop [32]=Oop [40]=NarrowOop [56]=Oop [80]=Oop [104]=Oop [112]=Oop [128]=Oop }
                      ;*invokevirtual isEmpty {reexecute=0 rethrow=0 return_oop=0}
                      ; - java.io.File::<init>@29
                      ; - jdk.internal.loader.URLClassPath$FileLoader::getResource@118
                      ; - jdk.internal.loader.URLClassPath::getResource@53
                      ; - java.net.URLClassLoader$1::run@26
                      ; - java.net.URLClassLoader$1::run@1
                      ; - java.security.AccessController::executePrivileged@29
                      ; - java.security.AccessController::doPrivileged@13
                      ; - java.net.URLClassLoader::findClass@13
  0x000001fd4fe582cc: b0c0 81ff 

  0x000001fd4fe582d0: ;   {other}
  0x000001fd4fe582d0: 0f1f 8400 | c092 00f2 | baf6 ffff | ff4c 8b54 | 2428 4c89 | 5424 2044 | 8b5c 2430 | 4489 5c24 
  0x000001fd4fe582f0: 2844 8b54 | 2440 4489 | 5424 2c4c | 8b54 2450 | 4c89 5424 | 384c 8b54 | 2458 4c89 | 5424 5090 
  0x000001fd4fe58310: ;   {runtime_call UncommonTrapBlob}
  0x000001fd4fe58310: c5f8 77e8 

  0x000001fd4fe58314: ; ImmutableOopMap {rbp=Oop [32]=Oop [40]=NarrowOop [56]=Oop [80]=Oop [104]=Oop [112]=Oop [128]=Oop }
                      ;*arraylength {reexecute=0 rethrow=0 return_oop=0}
                      ; - java.lang.String::isEmpty@4
                      ; - java.io.File::<init>@29
                      ; - jdk.internal.loader.URLClassPath$FileLoader::getResource@118
                      ; - jdk.internal.loader.URLClassPath::getResource@53
                      ; - java.net.URLClassLoader$1::run@26
                      ; - java.net.URLClassLoader$1::run@1
                      ; - java.security.AccessController::executePrivileged@29
                      ; - java.security.AccessController::doPrivileged@13
                      ; - java.net.URLClassLoader::findClass@13
  0x000001fd4fe58314: 68c0 81ff 

  0x000001fd4fe58318: ;   {other}
  0x000001fd4fe58318: 0f1f 8400 | 0893 00f3 | baf6 ffff | ff4c 8b54 | 2428 4c89 | 5424 2044 | 8b5c 2430 | 4489 5c24 
  0x000001fd4fe58338: 2844 8b54 | 2440 4489 | 5424 2c4c | 8b54 2450 | 4c89 5424 | 384c 8b54 | 2458 4c89 | 5424 5090 
  0x000001fd4fe58358: ;   {runtime_call UncommonTrapBlob}
  0x000001fd4fe58358: c5f8 77e8 

  0x000001fd4fe5835c: ; ImmutableOopMap {rbp=Oop [32]=Oop [40]=NarrowOop [56]=Oop [80]=Oop [104]=Oop [112]=Oop [128]=Oop }
                      ;*arraylength {reexecute=0 rethrow=0 return_oop=0}
                      ; - java.lang.String::length@4
                      ; - java.io.WinNTFileSystem::normalize@1
                      ; - java.io.File::<init>@73
                      ; - jdk.internal.loader.URLClassPath$FileLoader::getResource@118
                      ; - jdk.internal.loader.URLClassPath::getResource@53
                      ; - java.net.URLClassLoader$1::run@26
                      ; - java.net.URLClassLoader$1::run@1
                      ; - java.security.AccessController::executePrivileged@29
                      ; - java.security.AccessController::doPrivileged@13
                      ; - java.net.URLClassLoader::findClass@13
  0x000001fd4fe5835c: 20c0 81ff 

  0x000001fd4fe58360: ;   {other}
  0x000001fd4fe58360: 0f1f 8400 | 5093 00f4 | baf6 ffff | ff4c 8b54 | 2428 4c89 | 5424 2044 | 8b5c 2430 | 4489 5c24 
  0x000001fd4fe58380: 2844 8b54 | 2440 4489 | 5424 2c4c | 8b54 2450 | 4c89 5424 | 384c 8b54 | 2458 4c89 | 5424 5090 
  0x000001fd4fe583a0: ;   {runtime_call UncommonTrapBlob}
  0x000001fd4fe583a0: c5f8 77e8 

  0x000001fd4fe583a4: ; ImmutableOopMap {rbp=Oop [32]=Oop [40]=NarrowOop [56]=Oop [80]=Oop [104]=Oop [112]=Oop [128]=Oop }
                      ;*arraylength {reexecute=0 rethrow=0 return_oop=0}
                      ; - java.lang.String::length@4
                      ; - java.io.WinNTFileSystem::prefixLength@6
                      ; - java.io.File::<init>@104
                      ; - jdk.internal.loader.URLClassPath$FileLoader::getResource@118
                      ; - jdk.internal.loader.URLClassPath::getResource@53
                      ; - java.net.URLClassLoader$1::run@26
                      ; - java.net.URLClassLoader$1::run@1
                      ; - java.security.AccessController::executePrivileged@29
                      ; - java.security.AccessController::doPrivileged@13
                      ; - java.net.URLClassLoader::findClass@13
  0x000001fd4fe583a4: d8bf 81ff 

  0x000001fd4fe583a8: ;   {other}
  0x000001fd4fe583a8: 0f1f 8400 | 9893 00f5 | baf6 ffff | ff48 8b6c | 2460 4c8b | 5424 284c | 8954 2420 | 448b 5424 
  0x000001fd4fe583c8: 3044 8954 | 2428 4c8b | 5424 5044 | 8b5c 2440 | 4489 5c24 | 2c4c 8954 | 2438 4c8b | 5424 584c 
  0x000001fd4fe583e8: 8954 2450 

  0x000001fd4fe583ec: ;   {runtime_call UncommonTrapBlob}
  0x000001fd4fe583ec: c5f8 77e8 

  0x000001fd4fe583f0: ; ImmutableOopMap {rbp=Oop [32]=Oop [40]=NarrowOop [56]=Oop [80]=Oop [104]=Oop [112]=Oop [128]=Oop }
                      ;*arraylength {reexecute=0 rethrow=0 return_oop=0}
                      ; - java.lang.StringLatin1::charAt@2
                      ; - java.lang.String::charAt@12
                      ; - java.io.WinNTFileSystem::prefixLength@30
                      ; - java.io.File::<init>@104
                      ; - jdk.internal.loader.URLClassPath$FileLoader::getResource@118
                      ; - jdk.internal.loader.URLClassPath::getResource@53
                      ; - java.net.URLClassLoader$1::run@26
                      ; - java.net.URLClassLoader$1::run@1
                      ; - java.security.AccessController::executePrivileged@29
                      ; - java.security.AccessController::doPrivileged@13
                      ; - java.net.URLClassLoader::findClass@13
  0x000001fd4fe583f0: 8cbf 81ff 

  0x000001fd4fe583f4: ;   {other}
  0x000001fd4fe583f4: 0f1f 8400 | e493 00f6 | baf6 ffff | ff48 8b6c | 2460 4c8b | 5424 284c | 8954 2420 | 448b 5c24 
  0x000001fd4fe58414: 3044 895c | 2428 448b | 5424 4044 | 8954 242c | 4c8b 5424 | 504c 8954 | 2438 4c8b | 5424 584c 
  0x000001fd4fe58434: 8954 2450 

  0x000001fd4fe58438: ;   {runtime_call UncommonTrapBlob}
  0x000001fd4fe58438: c5f8 77e8 

  0x000001fd4fe5843c: ; ImmutableOopMap {rbp=Oop [32]=Oop [40]=NarrowOop [56]=Oop [80]=Oop [104]=Oop [112]=Oop [128]=Oop }
                      ;*arraylength {reexecute=0 rethrow=0 return_oop=0}
                      ; - java.lang.StringLatin1::charAt@2
                      ; - java.lang.String::charAt@12
                      ; - java.io.WinNTFileSystem::prefixLength@78
                      ; - java.io.File::<init>@104
                      ; - jdk.internal.loader.URLClassPath$FileLoader::getResource@118
                      ; - jdk.internal.loader.URLClassPath::getResource@53
                      ; - java.net.URLClassLoader$1::run@26
                      ; - java.net.URLClassLoader$1::run@1
                      ; - java.security.AccessController::executePrivileged@29
                      ; - java.security.AccessController::doPrivileged@13
                      ; - java.net.URLClassLoader::findClass@13
  0x000001fd4fe5843c: 40bf 81ff 

  0x000001fd4fe58440: ;   {other}
  0x000001fd4fe58440: 0f1f 8400 | 3094 00f7 | 4c8b d0eb | 034c 8bd0 | 498b da45 | 8b52 0849 | b800 0000 | 5efd 0100 
  0x000001fd4fe58460: 004d 03c2 | e9cb e2ff | ff4c 8bd0 | e9af e2ff | ff48 8bd8 | e9d4 e3ff | ff48 8bd8 | e9cc e3ff 
  0x000001fd4fe58480: ff48 8bd8 | e9c4 e3ff | ff4c 8bd0 | e98f e2ff | ffba 45ff | ffff 4c8b | 5424 284c | 8954 2420 
  0x000001fd4fe584a0: 448b 5424 | 3044 8954 | 2428 4c8b | 5424 5044 | 8b5c 2440 | 4489 5c24 | 2c4c 8954 | 2438 4c8b 
  0x000001fd4fe584c0: 5424 684c | 8954 2448 | 4c8b 5424 | 584c 8954 | 2450 4c8b | 5424 704c | 8954 2458 | 4c8b 9424 
  0x000001fd4fe584e0: 8800 0000 | 4c89 5424 | 7066 6690 

  0x000001fd4fe584ec: ;   {runtime_call UncommonTrapBlob}
  0x000001fd4fe584ec: c5f8 77e8 

  0x000001fd4fe584f0: ; ImmutableOopMap {rbp=Oop [32]=Oop [40]=NarrowOop [56]=Oop [72]=Oop [80]=Oop [88]=Oop [112]=Oop [128]=Oop [136]=Oop }
                      ;*ifnonnull {reexecute=1 rethrow=0 return_oop=0}
                      ; - (reexecute) java.io.File::<init>@10
                      ; - jdk.internal.loader.URLClassPath$FileLoader::getResource@118
                      ; - jdk.internal.loader.URLClassPath::getResource@53
                      ; - java.net.URLClassLoader$1::run@26
                      ; - java.net.URLClassLoader$1::run@1
                      ; - java.security.AccessController::executePrivileged@29
                      ; - java.security.AccessController::doPrivileged@13
                      ; - java.net.URLClassLoader::findClass@13
  0x000001fd4fe584f0: 8cbe 81ff 

  0x000001fd4fe584f4: ;   {other}
  0x000001fd4fe584f4: 0f1f 8400 | e494 00f8 | ba45 ffff | ff4c 8b54 | 2428 4c89 | 5424 2044 | 8b54 2430 | 4489 5424 
  0x000001fd4fe58514: 284c 8b54 | 2450 448b | 5c24 4044 | 895c 242c | 4c89 5424 | 384c 8b54 | 2468 4c89 | 5424 484c 
  0x000001fd4fe58534: 8b54 2458 | 4c89 5424 | 504c 8b54 | 2470 4c89 | 5424 584c | 8b94 2480 | 0000 004c | 8954 2468 
  0x000001fd4fe58554: 448b 5424 | 7844 8954 | 2470 6690 

  0x000001fd4fe58560: ;   {runtime_call UncommonTrapBlob}
  0x000001fd4fe58560: c5f8 77e8 

  0x000001fd4fe58564: ; ImmutableOopMap {rbp=Oop [32]=Oop [40]=NarrowOop [56]=Oop [72]=Oop [80]=Oop [88]=Oop [104]=Oop [112]=NarrowOop [136]=Oop }
                      ;*ifnull {reexecute=1 rethrow=0 return_oop=0}
                      ; - (reexecute) java.io.File::<init>@22
                      ; - jdk.internal.loader.URLClassPath$FileLoader::getResource@118
                      ; - jdk.internal.loader.URLClassPath::getResource@53
                      ; - java.net.URLClassLoader$1::run@26
                      ; - java.net.URLClassLoader$1::run@1
                      ; - java.security.AccessController::executePrivileged@29
                      ; - java.security.AccessController::doPrivileged@13
                      ; - java.net.URLClassLoader::findClass@13
  0x000001fd4fe58564: 18be 81ff 

  0x000001fd4fe58568: ;   {other}
  0x000001fd4fe58568: 0f1f 8400 | 5895 00f9 | ba97 ffff | ff48 8b6c | 2458 4c8b | 5424 284c | 8954 2420 | 4c8b 5424 
  0x000001fd4fe58588: 684c 8954 | 2430 4c8b | 5424 704c | 8954 2460 

  0x000001fd4fe58598: ;   {runtime_call UncommonTrapBlob}
  0x000001fd4fe58598: c5f8 77e8 

  0x000001fd4fe5859c: ; ImmutableOopMap {rbp=Oop [32]=Oop [48]=Oop [64]=Oop [72]=NarrowOop [120]=Oop [136]=NarrowOop }
                      ;*invokevirtual clone {reexecute=1 rethrow=0 return_oop=0}
                      ; - (reexecute) java.util.Arrays::copyOfRange@18
                      ; - java.lang.StringLatin1::newString@16
                      ; - java.lang.String::substring@41
                      ; - java.net.URLClassLoader::defineClass@28
                      ; - java.net.URLClassLoader$1::run@43
                      ; - java.net.URLClassLoader$1::run@1
                      ; - java.security.AccessController::executePrivileged@29
                      ; - java.security.AccessController::doPrivileged@13
                      ; - java.net.URLClassLoader::findClass@13
  0x000001fd4fe5859c: e0bd 81ff 

  0x000001fd4fe585a0: ;   {other}
  0x000001fd4fe585a0: 0f1f 8400 | 9095 00fa | 4c8b d0eb | 084c 8bd0 | eb03 4c8b | d049 8bda | e990 e2ff | ff4c 8bd0 
  0x000001fd4fe585c0: e95b e1ff | ff4c 8bd0 | e9a8 e0ff | ff48 8bd8 | e978 e2ff | ff4c 8bd0 | e998 e0ff | ff4c 8bd0 
  0x000001fd4fe585e0: e990 e0ff | ff4c 8bd0 | e988 e0ff | ff4c 8bd0 | e980 e0ff | ff4c 8bd0 | e978 e0ff | ff4c 8bd0 
  0x000001fd4fe58600: e970 e0ff | ff4c 8bd0 | e968 e0ff | ff4c 8bd0 | e960 e0ff | ff4c 8bd0 | e958 e0ff | ff4c 8bd0 
  0x000001fd4fe58620: e950 e0ff | ff4c 8bd0 | e948 e0ff | ff4c 8bd0 | e940 e0ff | ff4c 8bd0 | e938 e0ff | ff4c 8bd0 
  0x000001fd4fe58640: e930 e0ff | ff4c 8bd0 | e928 e0ff | ff4c 8bd0 | e920 e0ff | ffe9 b7df | ffff 4889 | 8424 8800 
  0x000001fd4fe58660: 0000 e9b2 | dfff ffe9 | a5df ffff | 488b d844 | 8b50 0849 | b800 0000 | 5efd 0100 | 004d 03c2 
  0x000001fd4fe58680: e9af e0ff | ff4c 8bd0 | 448b 5808 | 49b8 0000 | 005e fd01 | 0000 4d03 | c34d 8b58 

  0x000001fd4fe5869c: ;   {metadata('java/lang/Exception')}
  0x000001fd4fe5869c: 4049 b820 | c000 5efd | 0100 004d | 3bd8 0f84 | e7a5 ffff | e948 ddff | ff4c 8bd0 | 448b 4008 
  0x000001fd4fe586bc: 49bb 0000 | 005e fd01 | 0000 4d03 | d84d 8b5b 

  0x000001fd4fe586cc: ;   {metadata('java/lang/Exception')}
  0x000001fd4fe586cc: 4049 b820 | c000 5efd | 0100 004d | 3bd8 0f84 | b7a5 ffff | e918 ddff | ff4c 8bd0 | 448b 4008 
  0x000001fd4fe586ec: 49bb 0000 | 005e fd01 | 0000 4d03 | d84d 8b5b 

  0x000001fd4fe586fc: ;   {metadata('java/lang/Exception')}
  0x000001fd4fe586fc: 4049 b820 | c000 5efd | 0100 004d | 3bd8 0f84 | 87a5 ffff | e9e8 dcff | ff48 8b94 | 2488 0000 
  0x000001fd4fe5871c: 004c 8bc0 | 4c8b 5424 | 784c 8954 | 2450 6690 

  0x000001fd4fe5872c: ;   {optimized virtual_call}
  0x000001fd4fe5872c: c5f8 77e8 

  0x000001fd4fe58730: ; ImmutableOopMap {rbp=Oop [40]=Oop [64]=Oop [80]=Oop [88]=NarrowOop [96]=Oop [104]=Oop [136]=Oop [200]=Oop }
                      ;*invokevirtual addSuppressed {reexecute=0 rethrow=0 return_oop=0}
                      ; - java.util.jar.JarFile::getManifestFromReference@177
                      ; - java.util.jar.JarFile::getManifest@1
                      ; - jdk.internal.loader.URLClassPath$JarLoader$2::getManifest@22
                      ; - java.net.URLClassLoader::defineClass@34
                      ; - java.net.URLClassLoader$1::run@43
                      ; - java.net.URLClassLoader$1::run@1
                      ; - java.security.AccessController::executePrivileged@29
                      ; - java.security.AccessController::doPrivileged@13
                      ; - java.net.URLClassLoader::findClass@13
  0x000001fd4fe58730: 4c63 81ff 

  0x000001fd4fe58734: ;   {other}
  0x000001fd4fe58734: 0f1f 8400 | 2497 00fb | e907 dfff | ff4c 8bd0 | 448b 4008 | 49bb 0000 | 005e fd01 | 0000 4d03 
  0x000001fd4fe58754: d84d 8b5b 

  0x000001fd4fe58758: ;   {metadata('java/lang/Exception')}
  0x000001fd4fe58758: 4049 b820 | c000 5efd | 0100 004d | 3bd8 0f84 | 2ba5 ffff | e98c dcff | ff4c 8bd0 | 448b 4808 
  0x000001fd4fe58778: 49b8 0000 | 005e fd01 | 0000 4d03 | c1eb 654c | 8bd0 448b | 5808 49b8 | 0000 005e | fd01 0000 
  0x000001fd4fe58798: 4d03 c3eb | 4f4c 8bd0 | 448b 4808 | 49b8 0000 | 005e fd01 | 0000 4d03 | c1eb 394c | 8bd0 eb0d 
  0x000001fd4fe587b8: 4c8b d0eb | 084c 8bd0 | eb03 4c8b | d045 8b4a | 0849 b800 | 0000 5efd | 0100 004d | 03c1 eb14 
  0x000001fd4fe587d8: 4c8b d044 | 8b48 0849 | b800 0000 | 5efd 0100 | 004d 03c1 | 4d8b 5840 

  0x000001fd4fe587f0: ;   {metadata('java/lang/Exception')}
  0x000001fd4fe587f0: 49b8 20c0 | 005e fd01 | 0000 4d3b | d80f 8494 | a4ff ffe9 | f5db ffff | 4c8b d044 | 8b48 0849 
  0x000001fd4fe58810: b800 0000 | 5efd 0100 | 004d 03c1 | eb65 4c8b | d044 8b58 | 0849 b800 | 0000 5efd | 0100 004d 
  0x000001fd4fe58830: 03c3 eb4f | 4c8b d044 | 8b48 0849 | b800 0000 | 5efd 0100 | 004d 03c1 | eb39 4c8b | d0eb 0d4c 
  0x000001fd4fe58850: 8bd0 eb08 | 4c8b d0eb | 034c 8bd0 | 458b 4a08 | 49b8 0000 | 005e fd01 | 0000 4d03 | c1eb 144c 
  0x000001fd4fe58870: 8bd0 448b | 4808 49b8 | 0000 005e | fd01 0000 | 4d03 c14d 

  0x000001fd4fe58884: ;   {metadata('java/lang/Exception')}
  0x000001fd4fe58884: 8b58 4049 | b820 c000 | 5efd 0100 | 004d 3bd8 | 0f84 fda3 | ffff e95e | dbff ff48 | 8bd8 e9a6 
  0x000001fd4fe588a4: dfff ff48 | 8bd8 e958 | daff ff4c | 8bd0 e9be 

  0x000001fd4fe588b4: ;   {internal_word}
  0x000001fd4fe588b4: ddff ff49 | ba4a 11e5 | 4ffd 0100 | 004d 8997 | 6804 0000 

  0x000001fd4fe588c8: ;   {runtime_call SafepointBlob}
  0x000001fd4fe588c8: e9b3 cb81 

  0x000001fd4fe588cc: ;   {runtime_call StubRoutines (final stubs)}
  0x000001fd4fe588cc: ffe8 cedb | 7fff e987 | 71ff fff4 
[Stub Code]
  0x000001fd4fe588d8: ;   {no_reloc}
  0x000001fd4fe588d8: 48bb 0000 | 0000 0000 

  0x000001fd4fe588e0: ;   {runtime_call nmethod}
  0x000001fd4fe588e0: 0000 e9fb 

  0x000001fd4fe588e4: ;   {static_stub}
  0x000001fd4fe588e4: ffff ff48 | bb40 3c19 | 5efd 0100 

  0x000001fd4fe588f0: ;   {runtime_call I2C/C2I adapters}
  0x000001fd4fe588f0: 00e9 f1b6 

  0x000001fd4fe588f4: ;   {static_stub}
  0x000001fd4fe588f4: 81ff 48bb | 0000 0000 | 0000 0000 

  0x000001fd4fe58900: ;   {runtime_call nmethod}
  0x000001fd4fe58900: e9fb ffff 

  0x000001fd4fe58904: ;   {static_stub}
  0x000001fd4fe58904: ff48 bb00 | 0000 0000 

  0x000001fd4fe5890c: ;   {runtime_call nmethod}
  0x000001fd4fe5890c: 0000 00e9 | fbff ffff 

  0x000001fd4fe58914: ;   {static_stub}
  0x000001fd4fe58914: 48bb 10d2 | 015e fd01 

  0x000001fd4fe5891c: ;   {runtime_call I2C/C2I adapters}
  0x000001fd4fe5891c: 0000 e940 

  0x000001fd4fe58920: ;   {static_stub}
  0x000001fd4fe58920: ab81 ff48 | bb00 0000 | 0000 0000 

  0x000001fd4fe5892c: ;   {runtime_call nmethod}
  0x000001fd4fe5892c: 00e9 fbff 

  0x000001fd4fe58930: ;   {static_stub}
  0x000001fd4fe58930: ffff 48bb | a800 175e | fd01 0000 

  0x000001fd4fe5893c: ;   {runtime_call I2C/C2I adapters}
  0x000001fd4fe5893c: e922 ab81 

  0x000001fd4fe58940: ;   {static_stub}
  0x000001fd4fe58940: ff48 bb00 | 0000 0000 

  0x000001fd4fe58948: ;   {runtime_call nmethod}
  0x000001fd4fe58948: 0000 00e9 | fbff ffff 

  0x000001fd4fe58950: ;   {static_stub}
  0x000001fd4fe58950: 48bb 0000 | 0000 0000 

  0x000001fd4fe58958: ;   {runtime_call nmethod}
  0x000001fd4fe58958: 0000 e9fb 

  0x000001fd4fe5895c: ;   {static_stub}
  0x000001fd4fe5895c: ffff ff48 | bb00 0000 | 0000 0000 

  0x000001fd4fe58968: ;   {runtime_call nmethod}
  0x000001fd4fe58968: 00e9 fbff 

  0x000001fd4fe5896c: ;   {static_stub}
  0x000001fd4fe5896c: ffff 48bb | 0000 0000 | 0000 0000 

  0x000001fd4fe58978: ;   {runtime_call nmethod}
  0x000001fd4fe58978: e9fb ffff 

  0x000001fd4fe5897c: ;   {static_stub}
  0x000001fd4fe5897c: ff48 bb00 | 0000 0000 

  0x000001fd4fe58984: ;   {runtime_call nmethod}
  0x000001fd4fe58984: 0000 00e9 | fbff ffff 

  0x000001fd4fe5898c: ;   {static_stub}
  0x000001fd4fe5898c: 48bb 0000 | 0000 0000 

  0x000001fd4fe58994: ;   {runtime_call nmethod}
  0x000001fd4fe58994: 0000 e9fb 

  0x000001fd4fe58998: ;   {static_stub}
  0x000001fd4fe58998: ffff ff48 | bb00 0000 | 0000 0000 

  0x000001fd4fe589a4: ;   {runtime_call nmethod}
  0x000001fd4fe589a4: 00e9 fbff 

  0x000001fd4fe589a8: ;   {static_stub}
  0x000001fd4fe589a8: ffff 48bb | 0000 0000 | 0000 0000 

  0x000001fd4fe589b4: ;   {runtime_call nmethod}
  0x000001fd4fe589b4: e9fb ffff 

  0x000001fd4fe589b8: ;   {static_stub}
  0x000001fd4fe589b8: ff48 bb00 | 0000 0000 

  0x000001fd4fe589c0: ;   {runtime_call nmethod}
  0x000001fd4fe589c0: 0000 00e9 | fbff ffff 

  0x000001fd4fe589c8: ;   {static_stub}
  0x000001fd4fe589c8: 48bb 0000 | 0000 0000 

  0x000001fd4fe589d0: ;   {runtime_call nmethod}
  0x000001fd4fe589d0: 0000 e9fb 

  0x000001fd4fe589d4: ;   {static_stub}
  0x000001fd4fe589d4: ffff ff48 | bb00 0000 | 0000 0000 

  0x000001fd4fe589e0: ;   {runtime_call nmethod}
  0x000001fd4fe589e0: 00e9 fbff 

  0x000001fd4fe589e4: ;   {static_stub}
  0x000001fd4fe589e4: ffff 48bb | 0000 0000 | 0000 0000 

  0x000001fd4fe589f0: ;   {runtime_call nmethod}
  0x000001fd4fe589f0: e9fb ffff 

  0x000001fd4fe589f4: ;   {static_stub}
  0x000001fd4fe589f4: ff48 bb00 | 0000 0000 

  0x000001fd4fe589fc: ;   {runtime_call nmethod}
  0x000001fd4fe589fc: 0000 00e9 | fbff ffff 

  0x000001fd4fe58a04: ;   {static_stub}
  0x000001fd4fe58a04: 48bb 0000 | 0000 0000 

  0x000001fd4fe58a0c: ;   {runtime_call nmethod}
  0x000001fd4fe58a0c: 0000 e9fb 

  0x000001fd4fe58a10: ;   {static_stub}
  0x000001fd4fe58a10: ffff ff48 | bb00 0000 | 0000 0000 

  0x000001fd4fe58a1c: ;   {runtime_call nmethod}
  0x000001fd4fe58a1c: 00e9 fbff 

  0x000001fd4fe58a20: ;   {static_stub}
  0x000001fd4fe58a20: ffff 48bb | 78cb 0f5e | fd01 0000 

  0x000001fd4fe58a2c: ;   {runtime_call I2C/C2I adapters}
  0x000001fd4fe58a2c: e931 ae81 

  0x000001fd4fe58a30: ;   {static_stub}
  0x000001fd4fe58a30: ff48 bb00 | 0000 0000 

  0x000001fd4fe58a38: ;   {runtime_call nmethod}
  0x000001fd4fe58a38: 0000 00e9 | fbff ffff 

  0x000001fd4fe58a40: ;   {static_stub}
  0x000001fd4fe58a40: 48bb 0000 | 0000 0000 

  0x000001fd4fe58a48: ;   {runtime_call nmethod}
  0x000001fd4fe58a48: 0000 e9fb 

  0x000001fd4fe58a4c: ;   {static_stub}
  0x000001fd4fe58a4c: ffff ff48 | bb00 0000 | 0000 0000 

  0x000001fd4fe58a58: ;   {runtime_call nmethod}
  0x000001fd4fe58a58: 00e9 fbff 

  0x000001fd4fe58a5c: ;   {static_stub}
  0x000001fd4fe58a5c: ffff 48bb | 0000 0000 | 0000 0000 

  0x000001fd4fe58a68: ;   {runtime_call nmethod}
  0x000001fd4fe58a68: e9fb ffff 

  0x000001fd4fe58a6c: ;   {static_stub}
  0x000001fd4fe58a6c: ff48 bb00 | 0000 0000 

  0x000001fd4fe58a74: ;   {runtime_call nmethod}
  0x000001fd4fe58a74: 0000 00e9 | fbff ffff 

  0x000001fd4fe58a7c: ;   {static_stub}
  0x000001fd4fe58a7c: 48bb 0000 | 0000 0000 

  0x000001fd4fe58a84: ;   {runtime_call nmethod}
  0x000001fd4fe58a84: 0000 e9fb 

  0x000001fd4fe58a88: ;   {static_stub}
  0x000001fd4fe58a88: ffff ff48 | bb00 0000 | 0000 0000 

  0x000001fd4fe58a94: ;   {runtime_call nmethod}
  0x000001fd4fe58a94: 00e9 fbff 

  0x000001fd4fe58a98: ;   {static_stub}
  0x000001fd4fe58a98: ffff 48bb | 0000 0000 | 0000 0000 

  0x000001fd4fe58aa4: ;   {runtime_call nmethod}
  0x000001fd4fe58aa4: e9fb ffff 

  0x000001fd4fe58aa8: ;   {static_stub}
  0x000001fd4fe58aa8: ff48 bb00 | 0000 0000 

  0x000001fd4fe58ab0: ;   {runtime_call nmethod}
  0x000001fd4fe58ab0: 0000 00e9 | fbff ffff 

  0x000001fd4fe58ab8: ;   {static_stub}
  0x000001fd4fe58ab8: 48bb 0000 | 0000 0000 

  0x000001fd4fe58ac0: ;   {runtime_call nmethod}
  0x000001fd4fe58ac0: 0000 e9fb 

  0x000001fd4fe58ac4: ;   {static_stub}
  0x000001fd4fe58ac4: ffff ff48 | bb00 0000 | 0000 0000 

  0x000001fd4fe58ad0: ;   {runtime_call nmethod}
  0x000001fd4fe58ad0: 00e9 fbff 

  0x000001fd4fe58ad4: ;   {static_stub}
  0x000001fd4fe58ad4: ffff 48bb | 0000 0000 | 0000 0000 

  0x000001fd4fe58ae0: ;   {runtime_call nmethod}
  0x000001fd4fe58ae0: e9fb ffff 

  0x000001fd4fe58ae4: ;   {static_stub}
  0x000001fd4fe58ae4: ff48 bb00 | 0000 0000 

  0x000001fd4fe58aec: ;   {runtime_call nmethod}
  0x000001fd4fe58aec: 0000 00e9 | fbff ffff 

  0x000001fd4fe58af4: ;   {static_stub}
  0x000001fd4fe58af4: 48bb 0000 | 0000 0000 

  0x000001fd4fe58afc: ;   {runtime_call nmethod}
  0x000001fd4fe58afc: 0000 e9fb 

  0x000001fd4fe58b00: ;   {static_stub}
  0x000001fd4fe58b00: ffff ff48 | bb00 0000 | 0000 0000 

  0x000001fd4fe58b0c: ;   {runtime_call nmethod}
  0x000001fd4fe58b0c: 00e9 fbff 

  0x000001fd4fe58b10: ;   {static_stub}
  0x000001fd4fe58b10: ffff 48bb | 0000 0000 | 0000 0000 

  0x000001fd4fe58b1c: ;   {runtime_call nmethod}
  0x000001fd4fe58b1c: e9fb ffff 

  0x000001fd4fe58b20: ;   {static_stub}
  0x000001fd4fe58b20: ff48 bb00 | 0000 0000 

  0x000001fd4fe58b28: ;   {runtime_call nmethod}
  0x000001fd4fe58b28: 0000 00e9 | fbff ffff 

  0x000001fd4fe58b30: ;   {static_stub}
  0x000001fd4fe58b30: 48bb 0000 | 0000 0000 

  0x000001fd4fe58b38: ;   {runtime_call nmethod}
  0x000001fd4fe58b38: 0000 e9fb 

  0x000001fd4fe58b3c: ;   {static_stub}
  0x000001fd4fe58b3c: ffff ff48 | bb00 0000 | 0000 0000 

  0x000001fd4fe58b48: ;   {runtime_call nmethod}
  0x000001fd4fe58b48: 00e9 fbff 

  0x000001fd4fe58b4c: ;   {static_stub}
  0x000001fd4fe58b4c: ffff 48bb | 0000 0000 | 0000 0000 

  0x000001fd4fe58b58: ;   {runtime_call nmethod}
  0x000001fd4fe58b58: e9fb ffff 

  0x000001fd4fe58b5c: ;   {runtime_call ExceptionBlob}
  0x000001fd4fe58b5c: ffe9 1eb9 | 8dff e800 | 0000 0048 | 832c 2405 

  0x000001fd4fe58b6c: ;   {runtime_call DeoptimizationBlob}
  0x000001fd4fe58b6c: e9af bb81 | fff4 f4f4 | f4f4 f4f4 
[/MachCode]


---------------  P R O C E S S  ---------------

Threads class SMR info:
_java_thread_list=0x000001fd00c7d400, length=70, elements={
0x000001fd446eebe0, 0x000001fd5d2b9ce0, 0x000001fd5d2ba840, 0x000001fd5d2bf620,
0x000001fd5d2c02e0, 0x000001fd5d2c1d50, 0x000001fd5d2cca90, 0x000001fd5d2cf830,
0x000001fd5d2d7dd0, 0x000001fd5d5003a0, 0x000001fd5d4f7c20, 0x000001fd5ded4b00,
0x000001fd7e1c3dc0, 0x000001fd7d31c9d0, 0x000001fd7d4e0300, 0x000001fd5de2b7d0,
0x000001fd7e16e000, 0x000001fd7e16e690, 0x000001fd7e16d970, 0x000001fd7e16ed20,
0x000001fd7e16bf30, 0x000001fd7e16c5c0, 0x000001fd7e16f3b0, 0x000001fd7e16cc50,
0x000001fd7e16d2e0, 0x000001fd7e813230, 0x000001fd7e812510, 0x000001fd7e8117f0,
0x000001fd7e810ad0, 0x000001fd7e8138c0, 0x000001fd7e810440, 0x000001fd7e8145e0,
0x000001fd7e8166b0, 0x000001fd7e815990, 0x000001fd7e816d40, 0x000001fd7e815300,
0x000001fd5d839b80, 0x000001fd5d837420, 0x000001fd5d83a210, 0x000001fd5d8394f0,
0x000001fd5d836d90, 0x000001fd5d838e60, 0x000001fd5d83af30, 0x000001fd5d83a8a0,
0x000001fd5d8387d0, 0x000001fd5d837ab0, 0x000001fd5d83b5c0, 0x000001fd5d838140,
0x000001fd5d83d000, 0x000001fd5d83e3b0, 0x000001fd5d83dd20, 0x000001fd5d83bc50,
0x000001fd5d83d690, 0x000001fd5d83c2e0, 0x000001fd5d83c970, 0x000001fd5d5acea0,
0x000001fd5d5ad530, 0x000001fd5d5adbc0, 0x000001fd5d5ae250, 0x000001fd5d5aadd0,
0x000001fd5d5ae8e0, 0x000001fd5d5ac180, 0x000001fd5d5ab460, 0x000001fd5d5aef70,
0x000001fd5d5ac810, 0x000001fd5d5abaf0, 0x000001fd5d5b16d0, 0x000001fd5d5b1040,
0x000001fd5d5b09b0, 0x000001fd5d5b0320
}

Java Threads: ( => current thread )
  0x000001fd446eebe0 JavaThread "main"                              [_thread_blocked, id=33716, stack(0x000000dd3cb00000,0x000000dd3cc00000) (1024K)]
  0x000001fd5d2b9ce0 JavaThread "Reference Handler"          daemon [_thread_blocked, id=24420, stack(0x000000dd3d300000,0x000000dd3d400000) (1024K)]
  0x000001fd5d2ba840 JavaThread "Finalizer"                  daemon [_thread_blocked, id=10880, stack(0x000000dd3d400000,0x000000dd3d500000) (1024K)]
  0x000001fd5d2bf620 JavaThread "Signal Dispatcher"          daemon [_thread_blocked, id=34568, stack(0x000000dd3d500000,0x000000dd3d600000) (1024K)]
  0x000001fd5d2c02e0 JavaThread "Attach Listener"            daemon [_thread_blocked, id=8140, stack(0x000000dd3d600000,0x000000dd3d700000) (1024K)]
  0x000001fd5d2c1d50 JavaThread "Service Thread"             daemon [_thread_blocked, id=30072, stack(0x000000dd3d700000,0x000000dd3d800000) (1024K)]
  0x000001fd5d2cca90 JavaThread "Monitor Deflation Thread"   daemon [_thread_blocked, id=32344, stack(0x000000dd3d800000,0x000000dd3d900000) (1024K)]
  0x000001fd5d2cf830 JavaThread "C2 CompilerThread0"         daemon [_thread_blocked, id=32036, stack(0x000000dd3d900000,0x000000dd3da00000) (1024K)]
  0x000001fd5d2d7dd0 JavaThread "C1 CompilerThread0"         daemon [_thread_blocked, id=4220, stack(0x000000dd3da00000,0x000000dd3db00000) (1024K)]
  0x000001fd5d5003a0 JavaThread "Common-Cleaner"             daemon [_thread_blocked, id=11724, stack(0x000000dd3db00000,0x000000dd3dc00000) (1024K)]
  0x000001fd5d4f7c20 JavaThread "Notification Thread"        daemon [_thread_blocked, id=30884, stack(0x000000dd3dc00000,0x000000dd3dd00000) (1024K)]
  0x000001fd5ded4b00 JavaThread "Daemon health stats"               [_thread_blocked, id=24272, stack(0x000000dd3e700000,0x000000dd3e800000) (1024K)]
  0x000001fd7e1c3dc0 JavaThread "Incoming local TCP Connector on port 53680"        [_thread_in_native, id=4980, stack(0x000000dd3e800000,0x000000dd3e900000) (1024K)]
  0x000001fd7d31c9d0 JavaThread "Daemon periodic checks"            [_thread_blocked, id=28392, stack(0x000000dd3e900000,0x000000dd3ea00000) (1024K)]
  0x000001fd7d4e0300 JavaThread "Daemon"                            [_thread_blocked, id=3936, stack(0x000000dd3ea00000,0x000000dd3eb00000) (1024K)]
  0x000001fd5de2b7d0 JavaThread "Handler for socket connection from /127.0.0.1:53680 to /127.0.0.1:53681"        [_thread_in_native, id=22676, stack(0x000000dd3eb00000,0x000000dd3ec00000) (1024K)]
  0x000001fd7e16e000 JavaThread "Cancel handler"                    [_thread_blocked, id=33256, stack(0x000000dd3ec00000,0x000000dd3ed00000) (1024K)]
=>0x000001fd7e16e690 JavaThread "Daemon worker"                     [_thread_in_vm, id=23624, stack(0x000000dd3ed00000,0x000000dd3ee00000) (1024K)]
  0x000001fd7e16d970 JavaThread "Asynchronous log dispatcher for DefaultDaemonConnection: socket connection from /127.0.0.1:53680 to /127.0.0.1:53681"        [_thread_blocked, id=32984, stack(0x000000dd3ee00000,0x000000dd3ef00000) (1024K)]
  0x000001fd7e16ed20 JavaThread "Stdin handler"                     [_thread_blocked, id=36628, stack(0x000000dd3ef00000,0x000000dd3f000000) (1024K)]
  0x000001fd7e16bf30 JavaThread "Daemon client event forwarder"        [_thread_blocked, id=34776, stack(0x000000dd3f000000,0x000000dd3f100000) (1024K)]
  0x000001fd7e16c5c0 JavaThread "Cache worker for journal cache (D:\gradle_cache\caches\journal-1)"        [_thread_blocked, id=15280, stack(0x000000dd3f100000,0x000000dd3f200000) (1024K)]
  0x000001fd7e16f3b0 JavaThread "File lock request listener"        [_thread_in_native, id=9968, stack(0x000000dd3f200000,0x000000dd3f300000) (1024K)]
  0x000001fd7e16cc50 JavaThread "Cache worker for file hash cache (D:\gradle_cache\caches\8.12\fileHashes)"        [_thread_blocked, id=30444, stack(0x000000dd3f300000,0x000000dd3f400000) (1024K)]
  0x000001fd7e16d2e0 JavaThread "File lock release action executor"        [_thread_blocked, id=21624, stack(0x000000dd3f400000,0x000000dd3f500000) (1024K)]
  0x000001fd7e813230 JavaThread "Cache worker for file hash cache (D:\pranjal\electricity_billing\mobile\android\.gradle\8.12\fileHashes)"        [_thread_blocked, id=7716, stack(0x000000dd3f800000,0x000000dd3f900000) (1024K)]
  0x000001fd7e812510 JavaThread "Cache worker for Build Output Cleanup Cache (D:\pranjal\electricity_billing\mobile\android\.gradle\buildOutputCleanup)"        [_thread_blocked, id=19096, stack(0x000000dd3f900000,0x000000dd3fa00000) (1024K)]
  0x000001fd7e8117f0 JavaThread "File watcher server"        daemon [_thread_in_native, id=12296, stack(0x000000dd3dd00000,0x000000dd3de00000) (1024K)]
  0x000001fd7e810ad0 JavaThread "File watcher consumer"      daemon [_thread_blocked, id=7748, stack(0x000000dd3de00000,0x000000dd3df00000) (1024K)]
  0x000001fd7e8138c0 JavaThread "Cache worker for checksums cache (D:\pranjal\electricity_billing\mobile\android\.gradle\8.12\checksums)"        [_thread_blocked, id=33780, stack(0x000000dd3fa00000,0x000000dd3fb00000) (1024K)]
  0x000001fd7e810440 JavaThread "Cache worker for file content cache (D:\gradle_cache\caches\8.12\fileContent)"        [_thread_blocked, id=21380, stack(0x000000dd3fb00000,0x000000dd3fc00000) (1024K)]
  0x000001fd7e8145e0 JavaThread "File lock release action executor Thread 2"        [_thread_blocked, id=23996, stack(0x000000dd3fc00000,0x000000dd3fd00000) (1024K)]
  0x000001fd7e8166b0 JavaThread "Cache worker for cache directory md-rule (D:\gradle_cache\caches\8.12\md-rule)"        [_thread_blocked, id=30152, stack(0x000000dd3fd00000,0x000000dd3fe00000) (1024K)]
  0x000001fd7e815990 JavaThread "Cache worker for cache directory md-supplier (D:\gradle_cache\caches\8.12\md-supplier)"        [_thread_blocked, id=31120, stack(0x000000dd3fe00000,0x000000dd3ff00000) (1024K)]
  0x000001fd7e816d40 JavaThread "Cache worker for Build Output Cleanup Cache (C:\src\flutter\packages\flutter_tools\gradle\.gradle\buildOutputCleanup)"        [_thread_blocked, id=25548, stack(0x000000dd40000000,0x000000dd40100000) (1024K)]
  0x000001fd7e815300 JavaThread "Unconstrained build operations"        [_thread_blocked, id=34976, stack(0x000000dd3ca00000,0x000000dd3cb00000) (1024K)]
  0x000001fd5d839b80 JavaThread "Unconstrained build operations Thread 2"        [_thread_blocked, id=26732, stack(0x000000dd3ff00000,0x000000dd40000000) (1024K)]
  0x000001fd5d837420 JavaThread "Unconstrained build operations Thread 3"        [_thread_blocked, id=1796, stack(0x000000dd40100000,0x000000dd40200000) (1024K)]
  0x000001fd5d83a210 JavaThread "Unconstrained build operations Thread 4"        [_thread_blocked, id=23836, stack(0x000000dd40200000,0x000000dd40300000) (1024K)]
  0x000001fd5d8394f0 JavaThread "Unconstrained build operations Thread 5"        [_thread_blocked, id=11176, stack(0x000000dd40300000,0x000000dd40400000) (1024K)]
  0x000001fd5d836d90 JavaThread "Unconstrained build operations Thread 6"        [_thread_blocked, id=30604, stack(0x000000dd40400000,0x000000dd40500000) (1024K)]
  0x000001fd5d838e60 JavaThread "Unconstrained build operations Thread 7"        [_thread_blocked, id=26560, stack(0x000000dd40500000,0x000000dd40600000) (1024K)]
  0x000001fd5d83af30 JavaThread "Unconstrained build operations Thread 8"        [_thread_blocked, id=35196, stack(0x000000dd40600000,0x000000dd40700000) (1024K)]
  0x000001fd5d83a8a0 JavaThread "Unconstrained build operations Thread 9"        [_thread_blocked, id=32472, stack(0x000000dd40700000,0x000000dd40800000) (1024K)]
  0x000001fd5d8387d0 JavaThread "Unconstrained build operations Thread 10"        [_thread_blocked, id=27312, stack(0x000000dd40800000,0x000000dd40900000) (1024K)]
  0x000001fd5d837ab0 JavaThread "Unconstrained build operations Thread 11"        [_thread_blocked, id=28344, stack(0x000000dd40900000,0x000000dd40a00000) (1024K)]
  0x000001fd5d83b5c0 JavaThread "Unconstrained build operations Thread 12"        [_thread_blocked, id=28360, stack(0x000000dd40a00000,0x000000dd40b00000) (1024K)]
  0x000001fd5d838140 JavaThread "Unconstrained build operations Thread 13"        [_thread_blocked, id=12744, stack(0x000000dd40b00000,0x000000dd40c00000) (1024K)]
  0x000001fd5d83d000 JavaThread "Unconstrained build operations Thread 14"        [_thread_blocked, id=35200, stack(0x000000dd40c00000,0x000000dd40d00000) (1024K)]
  0x000001fd5d83e3b0 JavaThread "Unconstrained build operations Thread 15"        [_thread_blocked, id=36508, stack(0x000000dd40d00000,0x000000dd40e00000) (1024K)]
  0x000001fd5d83dd20 JavaThread "Unconstrained build operations Thread 16"        [_thread_blocked, id=36916, stack(0x000000dd40e00000,0x000000dd40f00000) (1024K)]
  0x000001fd5d83bc50 JavaThread "Unconstrained build operations Thread 17"        [_thread_blocked, id=33112, stack(0x000000dd40f00000,0x000000dd41000000) (1024K)]
  0x000001fd5d83d690 JavaThread "Unconstrained build operations Thread 18"        [_thread_blocked, id=24568, stack(0x000000dd41000000,0x000000dd41100000) (1024K)]
  0x000001fd5d83c2e0 JavaThread "Unconstrained build operations Thread 19"        [_thread_blocked, id=22512, stack(0x000000dd41100000,0x000000dd41200000) (1024K)]
  0x000001fd5d83c970 JavaThread "Unconstrained build operations Thread 20"        [_thread_blocked, id=20060, stack(0x000000dd41200000,0x000000dd41300000) (1024K)]
  0x000001fd5d5acea0 JavaThread "Unconstrained build operations Thread 21"        [_thread_blocked, id=29840, stack(0x000000dd41300000,0x000000dd41400000) (1024K)]
  0x000001fd5d5ad530 JavaThread "Unconstrained build operations Thread 22"        [_thread_blocked, id=27492, stack(0x000000dd41400000,0x000000dd41500000) (1024K)]
  0x000001fd5d5adbc0 JavaThread "Unconstrained build operations Thread 23"        [_thread_blocked, id=21820, stack(0x000000dd41500000,0x000000dd41600000) (1024K)]
  0x000001fd5d5ae250 JavaThread "Unconstrained build operations Thread 24"        [_thread_blocked, id=18024, stack(0x000000dd41600000,0x000000dd41700000) (1024K)]
  0x000001fd5d5aadd0 JavaThread "Unconstrained build operations Thread 25"        [_thread_blocked, id=37376, stack(0x000000dd41700000,0x000000dd41800000) (1024K)]
  0x000001fd5d5ae8e0 JavaThread "Unconstrained build operations Thread 26"        [_thread_blocked, id=35088, stack(0x000000dd41800000,0x000000dd41900000) (1024K)]
  0x000001fd5d5ac180 JavaThread "Unconstrained build operations Thread 27"        [_thread_blocked, id=20132, stack(0x000000dd41900000,0x000000dd41a00000) (1024K)]
  0x000001fd5d5ab460 JavaThread "Unconstrained build operations Thread 28"        [_thread_blocked, id=37104, stack(0x000000dd41a00000,0x000000dd41b00000) (1024K)]
  0x000001fd5d5aef70 JavaThread "Unconstrained build operations Thread 29"        [_thread_blocked, id=33200, stack(0x000000dd41b00000,0x000000dd41c00000) (1024K)]
  0x000001fd5d5ac810 JavaThread "Unconstrained build operations Thread 30"        [_thread_blocked, id=30104, stack(0x000000dd41c00000,0x000000dd41d00000) (1024K)]
  0x000001fd5d5abaf0 JavaThread "Unconstrained build operations Thread 31"        [_thread_blocked, id=8596, stack(0x000000dd41d00000,0x000000dd41e00000) (1024K)]
  0x000001fd5d5b16d0 JavaThread "Unconstrained build operations Thread 32"        [_thread_blocked, id=27436, stack(0x000000dd41e00000,0x000000dd41f00000) (1024K)]
  0x000001fd5d5b1040 JavaThread "Unconstrained build operations Thread 33"        [_thread_blocked, id=27560, stack(0x000000dd41f00000,0x000000dd42000000) (1024K)]
  0x000001fd5d5b09b0 JavaThread "Memory manager"                    [_thread_blocked, id=13012, stack(0x000000dd42000000,0x000000dd42100000) (1024K)]
  0x000001fd5d5b0320 JavaThread "build event listener"              [_thread_blocked, id=34996, stack(0x000000dd42100000,0x000000dd42200000) (1024K)]
Total: 70

Other Threads:
  0x000001fd5d298780 VMThread "VM Thread"                           [id=35096, stack(0x000000dd3d200000,0x000000dd3d300000) (1024K)] _threads_hazard_ptr=0x000001fd00c7d400
  0x000001fd5d28b6d0 WatcherThread "VM Periodic Task Thread"        [id=33924, stack(0x000000dd3d100000,0x000000dd3d200000) (1024K)]
  0x000001fd4474a830 WorkerThread "GC Thread#0"                     [id=36196, stack(0x000000dd3cc00000,0x000000dd3cd00000) (1024K)]
  0x000001fd5db33cd0 WorkerThread "GC Thread#1"                     [id=17872, stack(0x000000dd3df00000,0x000000dd3e000000) (1024K)]
  0x000001fd5db34080 WorkerThread "GC Thread#2"                     [id=15228, stack(0x000000dd3e000000,0x000000dd3e100000) (1024K)]
  0x000001fd5db32e10 WorkerThread "GC Thread#3"                     [id=28776, stack(0x000000dd3e100000,0x000000dd3e200000) (1024K)]
  0x000001fd5db331c0 WorkerThread "GC Thread#4"                     [id=25688, stack(0x000000dd3e200000,0x000000dd3e300000) (1024K)]
  0x000001fd7df5cbf0 WorkerThread "GC Thread#5"                     [id=25588, stack(0x000000dd3e300000,0x000000dd3e400000) (1024K)]
  0x000001fd7df5e5c0 WorkerThread "GC Thread#6"                     [id=34316, stack(0x000000dd3e400000,0x000000dd3e500000) (1024K)]
  0x000001fd7df5b220 WorkerThread "GC Thread#7"                     [id=28560, stack(0x000000dd3e500000,0x000000dd3e600000) (1024K)]
  0x000001fd7df5c840 WorkerThread "GC Thread#8"                     [id=36984, stack(0x000000dd3e600000,0x000000dd3e700000) (1024K)]
  0x000001fd7df5e970 WorkerThread "GC Thread#9"                     [id=14456, stack(0x000000dd3f500000,0x000000dd3f600000) (1024K)]
  0x000001fd4475bf40 ConcurrentGCThread "G1 Main Marker"            [id=34628, stack(0x000000dd3cd00000,0x000000dd3ce00000) (1024K)]
  0x000001fd4475c960 WorkerThread "G1 Conc#0"                       [id=27840, stack(0x000000dd3ce00000,0x000000dd3cf00000) (1024K)]
  0x000001fd7df5de60 WorkerThread "G1 Conc#1"                       [id=21940, stack(0x000000dd3f600000,0x000000dd3f700000) (1024K)]
  0x000001fd7df5d700 WorkerThread "G1 Conc#2"                       [id=33864, stack(0x000000dd3f700000,0x000000dd3f800000) (1024K)]
  0x000001fd5d155410 ConcurrentGCThread "G1 Refine#0"               [id=29484, stack(0x000000dd3cf00000,0x000000dd3d000000) (1024K)]
  0x000001fd5d156d50 ConcurrentGCThread "G1 Service"                [id=28716, stack(0x000000dd3d000000,0x000000dd3d100000) (1024K)]
Total: 18

Threads with active compile tasks:
Total: 0

VM state: synchronizing (normal execution)

VM Mutex/Monitor currently owned by a thread:  ([mutex/lock_event])
[0x00007fff95d9d530] Metaspace_lock - owner thread: 0x000001fd7e16e690
[0x00007fff95d9f5b0] Threads_lock - owner thread: 0x000001fd5d298780

Heap address: 0x0000000080000000, size: 2048 MB, Compressed Oops mode: 32-bit

CDS archive(s) mapped at: [0x000001fd5e000000-0x000001fd5eba0000-0x000001fd5eba0000), size 12189696, SharedBaseAddress: 0x000001fd5e000000, ArchiveRelocationMode: 1.
Compressed class space mapped at: 0x000001fd5f000000-0x000001fd79000000, reserved size: 436207616
Narrow klass base: 0x000001fd5e000000, Narrow klass shift: 0, Narrow klass range: 0x100000000

GC Precious Log:
 CardTable entry size: 512
 Card Set container configuration: InlinePtr #cards 5 size 8 Array Of Cards #cards 12 size 40 Howl #buckets 4 coarsen threshold 1843 Howl Bitmap #cards 512 size 80 coarsen threshold 460 Card regions per heap region 1 cards per card region 2048
 CPUs: 12 total, 12 available
 Memory: 7832M
 Large Page Support: Disabled
 NUMA Support: Disabled
 Compressed Oops: Enabled (32-bit)
 Heap Region Size: 1M
 Heap Min Capacity: 8M
 Heap Initial Capacity: 124M
 Heap Max Capacity: 2G
 Pre-touch: Disabled
 Parallel Workers: 10
 Concurrent Workers: 3
 Concurrent Refinement Workers: 10
 Periodic GC: Disabled

Heap:
 garbage-first heap   total 119808K, used 90549K [0x0000000080000000, 0x0000000100000000)
  region size 1024K, 45 young (46080K), 4 survivors (4096K)
 Metaspace       used 61840K, committed 63744K, reserved 491520K
  class space    used 9096K, committed 10048K, reserved 425984K

Heap Regions: E=young(eden), S=young(survivor), O=old, HS=humongous(starts), HC=humongous(continues), CS=collection set, F=free, TAMS=top-at-mark-start, PB=parsable bottom
|   0|0x0000000080000000, 0x0000000080100000, 0x0000000080100000|100%| O|  |TAMS 0x0000000080000000| PB 0x0000000080000000| Untracked 
|   1|0x0000000080100000, 0x0000000080200000, 0x0000000080200000|100%|HS|  |TAMS 0x0000000080100000| PB 0x0000000080100000| Complete 
|   2|0x0000000080200000, 0x0000000080300000, 0x0000000080300000|100%|HC|  |TAMS 0x0000000080200000| PB 0x0000000080200000| Complete 
|   3|0x0000000080300000, 0x0000000080400000, 0x0000000080400000|100%|HC|  |TAMS 0x0000000080300000| PB 0x0000000080300000| Complete 
|   4|0x0000000080400000, 0x0000000080500000, 0x0000000080500000|100%| O|  |TAMS 0x0000000080400000| PB 0x0000000080400000| Untracked 
|   5|0x0000000080500000, 0x0000000080600000, 0x0000000080600000|100%| O|  |TAMS 0x0000000080500000| PB 0x0000000080500000| Untracked 
|   6|0x0000000080600000, 0x0000000080700000, 0x0000000080700000|100%| O|  |TAMS 0x0000000080600000| PB 0x0000000080600000| Untracked 
|   7|0x0000000080700000, 0x0000000080800000, 0x0000000080800000|100%|HS|  |TAMS 0x0000000080700000| PB 0x0000000080700000| Complete 
|   8|0x0000000080800000, 0x0000000080900000, 0x0000000080900000|100%| O|  |TAMS 0x0000000080800000| PB 0x0000000080800000| Untracked 
|   9|0x0000000080900000, 0x0000000080a00000, 0x0000000080a00000|100%| O|  |TAMS 0x0000000080900000| PB 0x0000000080900000| Untracked 
|  10|0x0000000080a00000, 0x0000000080b00000, 0x0000000080b00000|100%| O|  |TAMS 0x0000000080a00000| PB 0x0000000080a00000| Untracked 
|  11|0x0000000080b00000, 0x0000000080c00000, 0x0000000080c00000|100%| O|  |TAMS 0x0000000080b00000| PB 0x0000000080b00000| Untracked 
|  12|0x0000000080c00000, 0x0000000080d00000, 0x0000000080d00000|100%| O|  |TAMS 0x0000000080c00000| PB 0x0000000080c00000| Untracked 
|  13|0x0000000080d00000, 0x0000000080e00000, 0x0000000080e00000|100%| O|  |TAMS 0x0000000080d00000| PB 0x0000000080d00000| Untracked 
|  14|0x0000000080e00000, 0x0000000080f00000, 0x0000000080f00000|100%| O|  |TAMS 0x0000000080e00000| PB 0x0000000080e00000| Untracked 
|  15|0x0000000080f00000, 0x0000000081000000, 0x0000000081000000|100%| O|  |TAMS 0x0000000080f00000| PB 0x0000000080f00000| Untracked 
|  16|0x0000000081000000, 0x0000000081100000, 0x0000000081100000|100%| O|  |TAMS 0x0000000081000000| PB 0x0000000081000000| Untracked 
|  17|0x0000000081100000, 0x0000000081200000, 0x0000000081200000|100%| O|Cm|TAMS 0x0000000081100000| PB 0x0000000081100000| Complete 
|  18|0x0000000081200000, 0x0000000081300000, 0x0000000081300000|100%| O|  |TAMS 0x0000000081200000| PB 0x0000000081200000| Untracked 
|  19|0x0000000081300000, 0x0000000081400000, 0x0000000081400000|100%| O|  |TAMS 0x0000000081300000| PB 0x0000000081300000| Untracked 
|  20|0x0000000081400000, 0x0000000081500000, 0x0000000081500000|100%| O|  |TAMS 0x0000000081400000| PB 0x0000000081400000| Untracked 
|  21|0x0000000081500000, 0x0000000081600000, 0x0000000081600000|100%| O|  |TAMS 0x0000000081500000| PB 0x0000000081500000| Untracked 
|  22|0x0000000081600000, 0x0000000081700000, 0x0000000081700000|100%| O|  |TAMS 0x0000000081600000| PB 0x0000000081600000| Untracked 
|  23|0x0000000081700000, 0x0000000081800000, 0x0000000081800000|100%| O|  |TAMS 0x0000000081700000| PB 0x0000000081700000| Untracked 
|  24|0x0000000081800000, 0x0000000081900000, 0x0000000081900000|100%| O|  |TAMS 0x0000000081800000| PB 0x0000000081800000| Untracked 
|  25|0x0000000081900000, 0x0000000081a00000, 0x0000000081a00000|100%| O|Cm|TAMS 0x0000000081900000| PB 0x0000000081900000| Complete 
|  26|0x0000000081a00000, 0x0000000081b00000, 0x0000000081b00000|100%| O|  |TAMS 0x0000000081a00000| PB 0x0000000081a00000| Untracked 
|  27|0x0000000081b00000, 0x0000000081c00000, 0x0000000081c00000|100%| O|  |TAMS 0x0000000081b00000| PB 0x0000000081b00000| Untracked 
|  28|0x0000000081c00000, 0x0000000081d00000, 0x0000000081d00000|100%| O|  |TAMS 0x0000000081c00000| PB 0x0000000081c00000| Untracked 
|  29|0x0000000081d00000, 0x0000000081e00000, 0x0000000081e00000|100%| O|  |TAMS 0x0000000081d00000| PB 0x0000000081d00000| Untracked 
|  30|0x0000000081e00000, 0x0000000081f00000, 0x0000000081f00000|100%|HS|  |TAMS 0x0000000081e00000| PB 0x0000000081e00000| Complete 
|  31|0x0000000081f00000, 0x0000000082000000, 0x0000000082000000|100%|HC|  |TAMS 0x0000000081f00000| PB 0x0000000081f00000| Complete 
|  32|0x0000000082000000, 0x0000000082100000, 0x0000000082100000|100%|HS|  |TAMS 0x0000000082000000| PB 0x0000000082000000| Complete 
|  33|0x0000000082100000, 0x0000000082200000, 0x0000000082200000|100%|HC|  |TAMS 0x0000000082100000| PB 0x0000000082100000| Complete 
|  34|0x0000000082200000, 0x0000000082300000, 0x0000000082300000|100%| O|  |TAMS 0x0000000082200000| PB 0x0000000082200000| Untracked 
|  35|0x0000000082300000, 0x0000000082400000, 0x0000000082400000|100%| O|  |TAMS 0x0000000082300000| PB 0x0000000082300000| Untracked 
|  36|0x0000000082400000, 0x0000000082500000, 0x0000000082500000|100%| O|  |TAMS 0x0000000082400000| PB 0x0000000082400000| Untracked 
|  37|0x0000000082500000, 0x0000000082585860, 0x0000000082600000| 52%| O|  |TAMS 0x0000000082500000| PB 0x0000000082500000| Untracked 
|  38|0x0000000082600000, 0x0000000082600000, 0x0000000082700000|  0%| F|  |TAMS 0x0000000082600000| PB 0x0000000082600000| Untracked 
|  39|0x0000000082700000, 0x0000000082700000, 0x0000000082800000|  0%| F|  |TAMS 0x0000000082700000| PB 0x0000000082700000| Untracked 
|  40|0x0000000082800000, 0x0000000082800000, 0x0000000082900000|  0%| F|  |TAMS 0x0000000082800000| PB 0x0000000082800000| Untracked 
|  41|0x0000000082900000, 0x0000000082a00000, 0x0000000082a00000|100%| O|  |TAMS 0x0000000082900000| PB 0x0000000082900000| Untracked 
|  42|0x0000000082a00000, 0x0000000082a00000, 0x0000000082b00000|  0%| F|  |TAMS 0x0000000082a00000| PB 0x0000000082a00000| Untracked 
|  43|0x0000000082b00000, 0x0000000082b00000, 0x0000000082c00000|  0%| F|  |TAMS 0x0000000082b00000| PB 0x0000000082b00000| Untracked 
|  44|0x0000000082c00000, 0x0000000082c00000, 0x0000000082d00000|  0%| F|  |TAMS 0x0000000082c00000| PB 0x0000000082c00000| Untracked 
|  45|0x0000000082d00000, 0x0000000082d00000, 0x0000000082e00000|  0%| F|  |TAMS 0x0000000082d00000| PB 0x0000000082d00000| Untracked 
|  46|0x0000000082e00000, 0x0000000082e00000, 0x0000000082f00000|  0%| F|  |TAMS 0x0000000082e00000| PB 0x0000000082e00000| Untracked 
|  47|0x0000000082f00000, 0x0000000082f00000, 0x0000000083000000|  0%| F|  |TAMS 0x0000000082f00000| PB 0x0000000082f00000| Untracked 
|  48|0x0000000083000000, 0x0000000083000000, 0x0000000083100000|  0%| F|  |TAMS 0x0000000083000000| PB 0x0000000083000000| Untracked 
|  49|0x0000000083100000, 0x0000000083100000, 0x0000000083200000|  0%| F|  |TAMS 0x0000000083100000| PB 0x0000000083100000| Untracked 
|  50|0x0000000083200000, 0x0000000083200000, 0x0000000083300000|  0%| F|  |TAMS 0x0000000083200000| PB 0x0000000083200000| Untracked 
|  51|0x0000000083300000, 0x0000000083300000, 0x0000000083400000|  0%| F|  |TAMS 0x0000000083300000| PB 0x0000000083300000| Untracked 
|  52|0x0000000083400000, 0x0000000083400000, 0x0000000083500000|  0%| F|  |TAMS 0x0000000083400000| PB 0x0000000083400000| Untracked 
|  53|0x0000000083500000, 0x0000000083500000, 0x0000000083600000|  0%| F|  |TAMS 0x0000000083500000| PB 0x0000000083500000| Untracked 
|  54|0x0000000083600000, 0x0000000083600000, 0x0000000083700000|  0%| F|  |TAMS 0x0000000083600000| PB 0x0000000083600000| Untracked 
|  55|0x0000000083700000, 0x0000000083700000, 0x0000000083800000|  0%| F|  |TAMS 0x0000000083700000| PB 0x0000000083700000| Untracked 
|  56|0x0000000083800000, 0x0000000083800000, 0x0000000083900000|  0%| F|  |TAMS 0x0000000083800000| PB 0x0000000083800000| Untracked 
|  57|0x0000000083900000, 0x0000000083900000, 0x0000000083a00000|  0%| F|  |TAMS 0x0000000083900000| PB 0x0000000083900000| Untracked 
|  58|0x0000000083a00000, 0x0000000083a00000, 0x0000000083b00000|  0%| F|  |TAMS 0x0000000083a00000| PB 0x0000000083a00000| Untracked 
|  59|0x0000000083b00000, 0x0000000083b00000, 0x0000000083c00000|  0%| F|  |TAMS 0x0000000083b00000| PB 0x0000000083b00000| Untracked 
|  60|0x0000000083c00000, 0x0000000083c00000, 0x0000000083d00000|  0%| F|  |TAMS 0x0000000083c00000| PB 0x0000000083c00000| Untracked 
|  61|0x0000000083d00000, 0x0000000083d00000, 0x0000000083e00000|  0%| F|  |TAMS 0x0000000083d00000| PB 0x0000000083d00000| Untracked 
|  62|0x0000000083e00000, 0x0000000083e00000, 0x0000000083f00000|  0%| F|  |TAMS 0x0000000083e00000| PB 0x0000000083e00000| Untracked 
|  63|0x0000000083f00000, 0x0000000083f00000, 0x0000000084000000|  0%| F|  |TAMS 0x0000000083f00000| PB 0x0000000083f00000| Untracked 
|  64|0x0000000084000000, 0x0000000084000000, 0x0000000084100000|  0%| F|  |TAMS 0x0000000084000000| PB 0x0000000084000000| Untracked 
|  65|0x0000000084100000, 0x0000000084100000, 0x0000000084200000|  0%| F|  |TAMS 0x0000000084100000| PB 0x0000000084100000| Untracked 
|  66|0x0000000084200000, 0x0000000084300000, 0x0000000084300000|100%| E|  |TAMS 0x0000000084200000| PB 0x0000000084200000| Complete 
|  67|0x0000000084300000, 0x0000000084400000, 0x0000000084400000|100%| E|CS|TAMS 0x0000000084300000| PB 0x0000000084300000| Complete 
|  68|0x0000000084400000, 0x0000000084500000, 0x0000000084500000|100%| E|CS|TAMS 0x0000000084400000| PB 0x0000000084400000| Complete 
|  69|0x0000000084500000, 0x0000000084600000, 0x0000000084600000|100%| E|CS|TAMS 0x0000000084500000| PB 0x0000000084500000| Complete 
|  70|0x0000000084600000, 0x0000000084700000, 0x0000000084700000|100%| E|CS|TAMS 0x0000000084600000| PB 0x0000000084600000| Complete 
|  71|0x0000000084700000, 0x0000000084800000, 0x0000000084800000|100%| E|CS|TAMS 0x0000000084700000| PB 0x0000000084700000| Complete 
|  72|0x0000000084800000, 0x0000000084900000, 0x0000000084900000|100%| E|CS|TAMS 0x0000000084800000| PB 0x0000000084800000| Complete 
|  73|0x0000000084900000, 0x0000000084a00000, 0x0000000084a00000|100%| E|CS|TAMS 0x0000000084900000| PB 0x0000000084900000| Complete 
|  74|0x0000000084a00000, 0x0000000084b00000, 0x0000000084b00000|100%| E|CS|TAMS 0x0000000084a00000| PB 0x0000000084a00000| Complete 
|  75|0x0000000084b00000, 0x0000000084c00000, 0x0000000084c00000|100%| E|CS|TAMS 0x0000000084b00000| PB 0x0000000084b00000| Complete 
|  76|0x0000000084c00000, 0x0000000084d00000, 0x0000000084d00000|100%| E|CS|TAMS 0x0000000084c00000| PB 0x0000000084c00000| Complete 
|  77|0x0000000084d00000, 0x0000000084e00000, 0x0000000084e00000|100%| E|CS|TAMS 0x0000000084d00000| PB 0x0000000084d00000| Complete 
|  78|0x0000000084e00000, 0x0000000084f00000, 0x0000000084f00000|100%| E|CS|TAMS 0x0000000084e00000| PB 0x0000000084e00000| Complete 
|  79|0x0000000084f00000, 0x0000000085000000, 0x0000000085000000|100%| E|CS|TAMS 0x0000000084f00000| PB 0x0000000084f00000| Complete 
|  80|0x0000000085000000, 0x0000000085100000, 0x0000000085100000|100%| E|CS|TAMS 0x0000000085000000| PB 0x0000000085000000| Complete 
|  81|0x0000000085100000, 0x0000000085200000, 0x0000000085200000|100%| E|CS|TAMS 0x0000000085100000| PB 0x0000000085100000| Complete 
|  82|0x0000000085200000, 0x0000000085300000, 0x0000000085300000|100%| E|CS|TAMS 0x0000000085200000| PB 0x0000000085200000| Complete 
|  83|0x0000000085300000, 0x0000000085400000, 0x0000000085400000|100%| E|CS|TAMS 0x0000000085300000| PB 0x0000000085300000| Complete 
|  84|0x0000000085400000, 0x0000000085500000, 0x0000000085500000|100%| E|CS|TAMS 0x0000000085400000| PB 0x0000000085400000| Complete 
|  85|0x0000000085500000, 0x0000000085600000, 0x0000000085600000|100%| E|CS|TAMS 0x0000000085500000| PB 0x0000000085500000| Complete 
|  86|0x0000000085600000, 0x0000000085700000, 0x0000000085700000|100%| E|CS|TAMS 0x0000000085600000| PB 0x0000000085600000| Complete 
|  87|0x0000000085700000, 0x0000000085800000, 0x0000000085800000|100%| E|CS|TAMS 0x0000000085700000| PB 0x0000000085700000| Complete 
|  88|0x0000000085800000, 0x0000000085900000, 0x0000000085900000|100%| E|CS|TAMS 0x0000000085800000| PB 0x0000000085800000| Complete 
|  89|0x0000000085900000, 0x0000000085a00000, 0x0000000085a00000|100%| E|CS|TAMS 0x0000000085900000| PB 0x0000000085900000| Complete 
|  90|0x0000000085a00000, 0x0000000085b00000, 0x0000000085b00000|100%| E|CS|TAMS 0x0000000085a00000| PB 0x0000000085a00000| Complete 
|  91|0x0000000085b00000, 0x0000000085c00000, 0x0000000085c00000|100%| E|CS|TAMS 0x0000000085b00000| PB 0x0000000085b00000| Complete 
|  92|0x0000000085c00000, 0x0000000085d00000, 0x0000000085d00000|100%| E|CS|TAMS 0x0000000085c00000| PB 0x0000000085c00000| Complete 
|  93|0x0000000085d00000, 0x0000000085e00000, 0x0000000085e00000|100%| E|CS|TAMS 0x0000000085d00000| PB 0x0000000085d00000| Complete 
|  94|0x0000000085e00000, 0x0000000085f00000, 0x0000000085f00000|100%| E|CS|TAMS 0x0000000085e00000| PB 0x0000000085e00000| Complete 
|  95|0x0000000085f00000, 0x0000000086000000, 0x0000000086000000|100%| E|CS|TAMS 0x0000000085f00000| PB 0x0000000085f00000| Complete 
|  96|0x0000000086000000, 0x0000000086100000, 0x0000000086100000|100%| E|CS|TAMS 0x0000000086000000| PB 0x0000000086000000| Complete 
|  97|0x0000000086100000, 0x0000000086200000, 0x0000000086200000|100%| E|CS|TAMS 0x0000000086100000| PB 0x0000000086100000| Complete 
|  98|0x0000000086200000, 0x0000000086300000, 0x0000000086300000|100%| E|CS|TAMS 0x0000000086200000| PB 0x0000000086200000| Complete 
|  99|0x0000000086300000, 0x00000000863e7cd0, 0x0000000086400000| 90%| S|CS|TAMS 0x0000000086300000| PB 0x0000000086300000| Complete 
| 100|0x0000000086400000, 0x0000000086500000, 0x0000000086500000|100%| S|CS|TAMS 0x0000000086400000| PB 0x0000000086400000| Complete 
| 101|0x0000000086500000, 0x0000000086600000, 0x0000000086600000|100%| S|CS|TAMS 0x0000000086500000| PB 0x0000000086500000| Complete 
| 102|0x0000000086600000, 0x0000000086700000, 0x0000000086700000|100%| S|CS|TAMS 0x0000000086600000| PB 0x0000000086600000| Complete 
| 103|0x0000000086700000, 0x0000000086800000, 0x0000000086800000|100%| E|CS|TAMS 0x0000000086700000| PB 0x0000000086700000| Complete 
| 104|0x0000000086800000, 0x0000000086900000, 0x0000000086900000|100%| E|CS|TAMS 0x0000000086800000| PB 0x0000000086800000| Complete 
| 105|0x0000000086900000, 0x0000000086a00000, 0x0000000086a00000|100%| E|CS|TAMS 0x0000000086900000| PB 0x0000000086900000| Complete 
| 106|0x0000000086a00000, 0x0000000086b00000, 0x0000000086b00000|100%| E|CS|TAMS 0x0000000086a00000| PB 0x0000000086a00000| Complete 
| 107|0x0000000086b00000, 0x0000000086c00000, 0x0000000086c00000|100%| E|CS|TAMS 0x0000000086b00000| PB 0x0000000086b00000| Complete 
| 108|0x0000000086c00000, 0x0000000086d00000, 0x0000000086d00000|100%| E|CS|TAMS 0x0000000086c00000| PB 0x0000000086c00000| Complete 
| 109|0x0000000086d00000, 0x0000000086e00000, 0x0000000086e00000|100%| E|CS|TAMS 0x0000000086d00000| PB 0x0000000086d00000| Complete 
| 110|0x0000000086e00000, 0x0000000086f00000, 0x0000000086f00000|100%| E|CS|TAMS 0x0000000086e00000| PB 0x0000000086e00000| Complete 
|2042|0x00000000ffa00000, 0x00000000ffb00000, 0x00000000ffb00000|100%| O|  |TAMS 0x00000000ffa00000| PB 0x00000000ffa00000| Untracked 
|2043|0x00000000ffb00000, 0x00000000ffc00000, 0x00000000ffc00000|100%| O|  |TAMS 0x00000000ffb00000| PB 0x00000000ffb00000| Untracked 
|2044|0x00000000ffc00000, 0x00000000ffd00000, 0x00000000ffd00000|100%| O|  |TAMS 0x00000000ffc00000| PB 0x00000000ffc00000| Untracked 
|2045|0x00000000ffd00000, 0x00000000ffe00000, 0x00000000ffe00000|100%| O|  |TAMS 0x00000000ffd00000| PB 0x00000000ffd00000| Untracked 
|2046|0x00000000ffe00000, 0x00000000fff00000, 0x00000000fff00000|100%| O|  |TAMS 0x00000000ffe00000| PB 0x00000000ffe00000| Untracked 
|2047|0x00000000fff00000, 0x0000000100000000, 0x0000000100000000|100%| O|  |TAMS 0x00000000fff00000| PB 0x00000000fff00000| Untracked 

Card table byte_map: [0x000001fd58240000,0x000001fd58640000] _byte_map_base: 0x000001fd57e40000

Marking Bits: (CMBitMap*) 0x000001fd4474ae50
 Bits: [0x000001fd58640000, 0x000001fd5a640000)

Polling page: 0x000001fd422b0000

Metaspace:

Usage:
  Non-class:     51.51 MB used.
      Class:      8.88 MB used.
       Both:     60.39 MB used.

Virtual space:
  Non-class space:       64.00 MB reserved,      52.44 MB ( 82%) committed,  1 nodes.
      Class space:      416.00 MB reserved,       9.81 MB (  2%) committed,  1 nodes.
             Both:      480.00 MB reserved,      62.25 MB ( 13%) committed. 

Chunk freelists:
   Non-Class:  10.73 MB
       Class:  6.16 MB
        Both:  16.89 MB

MaxMetaspaceSize: 512.00 MB
CompressedClassSpaceSize: 416.00 MB
Initial GC threshold: 21.00 MB
Current GC threshold: 99.06 MB
CDS: on
 - commit_granule_bytes: 65536.
 - commit_granule_words: 8192.
 - virtual_space_node_default_size: 8388608.
 - enlarge_chunks_in_place: 1.
 - use_allocation_guard: 0.


Internal statistics:

num_allocs_failed_limit: 12.
num_arena_births: 3504.
num_arena_deaths: 0.
num_vsnodes_births: 2.
num_vsnodes_deaths: 0.
num_space_committed: 996.
num_space_uncommitted: 0.
num_chunks_returned_to_freelist: 12.
num_chunks_taken_from_freelist: 6428.
num_chunk_merges: 12.
num_chunk_splits: 4178.
num_chunks_enlarged: 2554.
num_inconsistent_stats: 0.

CodeHeap 'non-profiled nmethods': size=128192Kb used=3881Kb max_used=4015Kb free=124310Kb
 bounds [0x000001fd4fbc0000, 0x000001fd4ffb0000, 0x000001fd578f0000]
CodeHeap 'profiled nmethods': size=128192Kb used=12642Kb max_used=12985Kb free=115550Kb
 bounds [0x000001fd478f0000, 0x000001fd485a0000, 0x000001fd4f620000]
CodeHeap 'non-nmethods': size=5760Kb used=1924Kb max_used=1957Kb free=3835Kb
 bounds [0x000001fd4f620000, 0x000001fd4f890000, 0x000001fd4fbc0000]
CodeCache: size=262144Kb, used=18447Kb, max_used=18957Kb, free=243695Kb
 total_blobs=7572, nmethods=6784, adapters=692, full_count=0
Compilation: enabled, stopped_count=0, restarted_count=0

Compilation events (20 events):
Event: 43.880 Thread 0x000001fd5d2d7dd0 7547       3       org.gradle.api.internal.plugins.DefaultPluginRegistry::access$200 (7 bytes)
Event: 43.880 Thread 0x000001fd5d2d7dd0 nmethod 7547 0x000001fd47f15210 code [0x000001fd47f153c0, 0x000001fd47f154e0]
Event: 43.880 Thread 0x000001fd5d2d7dd0 7548       3       org.gradle.api.internal.plugins.DefaultPluginRegistry$PluginIdLookupCacheKey::equals (63 bytes)
Event: 43.880 Thread 0x000001fd5d2d7dd0 nmethod 7548 0x000001fd47d13f90 code [0x000001fd47d14180, 0x000001fd47d14700]
Event: 44.067 Thread 0x000001fd5d2cf830 7549       4       java.util.WeakHashMap::getTable (9 bytes)
Event: 44.069 Thread 0x000001fd5d2d7dd0 7550       3       java.util.stream.ReferencePipeline::flatMap (30 bytes)
Event: 44.069 Thread 0x000001fd5d2d7dd0 nmethod 7550 0x000001fd4814c910 code [0x000001fd4814cb00, 0x000001fd4814cfd0]
Event: 44.069 Thread 0x000001fd5d2cf830 nmethod 7549 0x000001fd4fd07010 code [0x000001fd4fd071e0, 0x000001fd4fd073f8]
Event: 44.069 Thread 0x000001fd5d2d7dd0 7551       3       java.util.stream.ReferencePipeline$7::<init> (15 bytes)
Event: 44.070 Thread 0x000001fd5d2d7dd0 nmethod 7551 0x000001fd47c78490 code [0x000001fd47c78660, 0x000001fd47c788e0]
Event: 44.095 Thread 0x000001fd5d2d7dd0 7552       3       org.gradle.api.internal.provider.ValueState::<init> (5 bytes)
Event: 44.095 Thread 0x000001fd5d2d7dd0 nmethod 7552 0x000001fd47a92e10 code [0x000001fd47a92fc0, 0x000001fd47a93128]
Event: 44.095 Thread 0x000001fd5d2d7dd0 7553       3       org.gradle.api.internal.provider.ValueState$NonFinalizedValue::<init> (15 bytes)
Event: 44.095 Thread 0x000001fd5d2d7dd0 nmethod 7553 0x000001fd47df4790 code [0x000001fd47df4940, 0x000001fd47df4bc0]
Event: 44.100 Thread 0x000001fd5d2d7dd0 7554       1       org.gradle.internal.extensibility.ExtensibleDynamicObject::getConvention (5 bytes)
Event: 44.101 Thread 0x000001fd5d2d7dd0 nmethod 7554 0x000001fd4fd06c90 code [0x000001fd4fd06e20, 0x000001fd4fd06ee8]
Event: 44.227 Thread 0x000001fd5d2d7dd0 7555       3       com.google.common.collect.MapMakerInternalMap$StrongKeyWeakValueEntry::getValue (10 bytes)
Event: 44.227 Thread 0x000001fd5d2d7dd0 nmethod 7555 0x000001fd47fb5c90 code [0x000001fd47fb5e40, 0x000001fd47fb6018]
Event: 44.286 Thread 0x000001fd5d2d7dd0 7556       1       org.gradle.internal.extensibility.DefaultConvention::getExtraProperties (5 bytes)
Event: 44.286 Thread 0x000001fd5d2d7dd0 nmethod 7556 0x000001fd4fc70b90 code [0x000001fd4fc70d20, 0x000001fd4fc70de8]

GC Heap History (20 events):
Event: 2.429 GC heap before
{Heap before GC invocations=3 (full 0):
 garbage-first heap   total 126976K, used 87310K [0x0000000080000000, 0x0000000100000000)
  region size 1024K, 74 young (75776K), 6 survivors (6144K)
 Metaspace       used 18480K, committed 19072K, reserved 491520K
  class space    used 2678K, committed 2944K, reserved 425984K
}
Event: 2.438 GC heap after
{Heap after GC invocations=4 (full 0):
 garbage-first heap   total 126976K, used 23797K [0x0000000080000000, 0x0000000100000000)
  region size 1024K, 6 young (6144K), 6 survivors (6144K)
 Metaspace       used 18480K, committed 19072K, reserved 491520K
  class space    used 2678K, committed 2944K, reserved 425984K
}
Event: 2.751 GC heap before
{Heap before GC invocations=4 (full 0):
 garbage-first heap   total 126976K, used 42229K [0x0000000080000000, 0x0000000100000000)
  region size 1024K, 25 young (25600K), 6 survivors (6144K)
 Metaspace       used 20825K, committed 21504K, reserved 491520K
  class space    used 3083K, committed 3392K, reserved 425984K
}
Event: 2.754 GC heap after
{Heap after GC invocations=5 (full 0):
 garbage-first heap   total 126976K, used 25377K [0x0000000080000000, 0x0000000100000000)
  region size 1024K, 7 young (7168K), 7 survivors (7168K)
 Metaspace       used 20825K, committed 21504K, reserved 491520K
  class space    used 3083K, committed 3392K, reserved 425984K
}
Event: 8.268 GC heap before
{Heap before GC invocations=6 (full 0):
 garbage-first heap   total 89088K, used 86817K [0x0000000080000000, 0x0000000100000000)
  region size 1024K, 68 young (69632K), 7 survivors (7168K)
 Metaspace       used 31497K, committed 32384K, reserved 491520K
  class space    used 4517K, committed 4928K, reserved 425984K
}
Event: 8.285 GC heap after
{Heap after GC invocations=7 (full 0):
 garbage-first heap   total 121856K, used 30717K [0x0000000080000000, 0x0000000100000000)
  region size 1024K, 7 young (7168K), 7 survivors (7168K)
 Metaspace       used 31497K, committed 32384K, reserved 491520K
  class space    used 4517K, committed 4928K, reserved 425984K
}
Event: 13.187 GC heap before
{Heap before GC invocations=7 (full 0):
 garbage-first heap   total 121856K, used 94205K [0x0000000080000000, 0x0000000100000000)
  region size 1024K, 69 young (70656K), 7 survivors (7168K)
 Metaspace       used 35070K, committed 36096K, reserved 491520K
  class space    used 4940K, committed 5440K, reserved 425984K
}
Event: 13.196 GC heap after
{Heap after GC invocations=8 (full 0):
 garbage-first heap   total 121856K, used 33761K [0x0000000080000000, 0x0000000100000000)
  region size 1024K, 4 young (4096K), 4 survivors (4096K)
 Metaspace       used 35070K, committed 36096K, reserved 491520K
  class space    used 4940K, committed 5440K, reserved 425984K
}
Event: 13.744 GC heap before
{Heap before GC invocations=8 (full 0):
 garbage-first heap   total 121856K, used 36833K [0x0000000080000000, 0x0000000100000000)
  region size 1024K, 8 young (8192K), 4 survivors (4096K)
 Metaspace       used 35357K, committed 36416K, reserved 491520K
  class space    used 4998K, committed 5504K, reserved 425984K
}
Event: 13.748 GC heap after
{Heap after GC invocations=9 (full 0):
 garbage-first heap   total 121856K, used 33746K [0x0000000080000000, 0x0000000100000000)
  region size 1024K, 4 young (4096K), 4 survivors (4096K)
 Metaspace       used 35357K, committed 36416K, reserved 491520K
  class space    used 4998K, committed 5504K, reserved 425984K
}
Event: 20.140 GC heap before
{Heap before GC invocations=10 (full 0):
 garbage-first heap   total 116736K, used 99282K [0x0000000080000000, 0x0000000100000000)
  region size 1024K, 68 young (69632K), 4 survivors (4096K)
 Metaspace       used 41656K, committed 43200K, reserved 491520K
  class space    used 6062K, committed 6784K, reserved 425984K
}
Event: 20.148 GC heap after
{Heap after GC invocations=11 (full 0):
 garbage-first heap   total 116736K, used 35928K [0x0000000080000000, 0x0000000100000000)
  region size 1024K, 6 young (6144K), 6 survivors (6144K)
 Metaspace       used 41656K, committed 43200K, reserved 491520K
  class space    used 6062K, committed 6784K, reserved 425984K
}
Event: 28.536 GC heap before
{Heap before GC invocations=11 (full 0):
 garbage-first heap   total 116736K, used 99416K [0x0000000080000000, 0x0000000100000000)
  region size 1024K, 68 young (69632K), 6 survivors (6144K)
 Metaspace       used 47175K, committed 48896K, reserved 491520K
  class space    used 6969K, committed 7808K, reserved 425984K
}
Event: 28.546 GC heap after
{Heap after GC invocations=12 (full 0):
 garbage-first heap   total 116736K, used 37898K [0x0000000080000000, 0x0000000100000000)
  region size 1024K, 6 young (6144K), 6 survivors (6144K)
 Metaspace       used 47175K, committed 48896K, reserved 491520K
  class space    used 6969K, committed 7808K, reserved 425984K
}
Event: 35.223 GC heap before
{Heap before GC invocations=12 (full 0):
 garbage-first heap   total 116736K, used 101386K [0x0000000080000000, 0x0000000100000000)
  region size 1024K, 68 young (69632K), 6 survivors (6144K)
 Metaspace       used 51267K, committed 53120K, reserved 491520K
  class space    used 7600K, committed 8512K, reserved 425984K
}
Event: 35.235 GC heap after
{Heap after GC invocations=13 (full 0):
 garbage-first heap   total 116736K, used 41500K [0x0000000080000000, 0x0000000100000000)
  region size 1024K, 6 young (6144K), 6 survivors (6144K)
 Metaspace       used 51267K, committed 53120K, reserved 491520K
  class space    used 7600K, committed 8512K, reserved 425984K
}
Event: 41.027 GC heap before
{Heap before GC invocations=13 (full 0):
 garbage-first heap   total 116736K, used 109084K [0x0000000080000000, 0x0000000100000000)
  region size 1024K, 68 young (69632K), 6 survivors (6144K)
 Metaspace       used 57898K, committed 59840K, reserved 491520K
  class space    used 8528K, committed 9472K, reserved 425984K
}
Event: 41.038 GC heap after
{Heap after GC invocations=14 (full 0):
 garbage-first heap   total 119808K, used 49203K [0x0000000080000000, 0x0000000100000000)
  region size 1024K, 7 young (7168K), 7 survivors (7168K)
 Metaspace       used 57898K, committed 59840K, reserved 491520K
  class space    used 8528K, committed 9472K, reserved 425984K
}
Event: 41.562 GC heap before
{Heap before GC invocations=14 (full 0):
 garbage-first heap   total 119808K, used 54323K [0x0000000080000000, 0x0000000100000000)
  region size 1024K, 13 young (13312K), 7 survivors (7168K)
 Metaspace       used 58909K, committed 60800K, reserved 491520K
  class space    used 8648K, committed 9600K, reserved 425984K
}
Event: 41.572 GC heap after
{Heap after GC invocations=15 (full 0):
 garbage-first heap   total 119808K, used 49589K [0x0000000080000000, 0x0000000100000000)
  region size 1024K, 4 young (4096K), 4 survivors (4096K)
 Metaspace       used 58909K, committed 60800K, reserved 491520K
  class space    used 8648K, committed 9600K, reserved 425984K
}

Dll operation events (20 events):
Event: 0.099 Attempting to load shared library C:\Users\user5\.vscode\extensions\redhat.java-1.56.0-win32-x64\jre\21.0.12.1-win32-x86_64\bin\zip.dll
Event: 0.099 Loaded shared library C:\Users\user5\.vscode\extensions\redhat.java-1.56.0-win32-x64\jre\21.0.12.1-win32-x86_64\bin\zip.dll
Event: 0.257 Attempting to load shared library C:\Users\user5\.vscode\extensions\redhat.java-1.56.0-win32-x64\jre\21.0.12.1-win32-x86_64\bin\jimage.dll
Event: 0.257 Loaded shared library C:\Users\user5\.vscode\extensions\redhat.java-1.56.0-win32-x64\jre\21.0.12.1-win32-x86_64\bin\jimage.dll
Event: 0.340 Attempting to load shared library C:\Users\user5\.vscode\extensions\redhat.java-1.56.0-win32-x64\jre\21.0.12.1-win32-x86_64\bin\verify.dll
Event: 0.340 Loaded shared library C:\Users\user5\.vscode\extensions\redhat.java-1.56.0-win32-x64\jre\21.0.12.1-win32-x86_64\bin\verify.dll
Event: 0.451 Attempting to load shared library D:\gradle_cache\native\1def1411415f61bf3af743bc5b6707747c0891f09f0c88961ee8f79bc544acac\windows-amd64\native-platform.dll
Event: 0.451 Loaded shared library D:\gradle_cache\native\1def1411415f61bf3af743bc5b6707747c0891f09f0c88961ee8f79bc544acac\windows-amd64\native-platform.dll
Event: 0.455 Attempting to load shared library D:\gradle_cache\native\0.2.5\x86_64-windows-gnu\gradle-fileevents.dll
Event: 0.456 Loaded shared library D:\gradle_cache\native\0.2.5\x86_64-windows-gnu\gradle-fileevents.dll
Event: 1.013 Attempting to load shared library C:\Users\user5\.vscode\extensions\redhat.java-1.56.0-win32-x64\jre\21.0.12.1-win32-x86_64\bin\management.dll
Event: 1.013 Loaded shared library C:\Users\user5\.vscode\extensions\redhat.java-1.56.0-win32-x64\jre\21.0.12.1-win32-x86_64\bin\management.dll
Event: 1.015 Attempting to load shared library C:\Users\user5\.vscode\extensions\redhat.java-1.56.0-win32-x64\jre\21.0.12.1-win32-x86_64\bin\management_ext.dll
Event: 1.015 Loaded shared library C:\Users\user5\.vscode\extensions\redhat.java-1.56.0-win32-x64\jre\21.0.12.1-win32-x86_64\bin\management_ext.dll
Event: 1.183 Attempting to load shared library C:\Users\user5\.vscode\extensions\redhat.java-1.56.0-win32-x64\jre\21.0.12.1-win32-x86_64\bin\extnet.dll
Event: 1.184 Loaded shared library C:\Users\user5\.vscode\extensions\redhat.java-1.56.0-win32-x64\jre\21.0.12.1-win32-x86_64\bin\extnet.dll
Event: 1.369 Attempting to load shared library C:\Users\user5\.vscode\extensions\redhat.java-1.56.0-win32-x64\jre\21.0.12.1-win32-x86_64\bin\sunmscapi.dll
Event: 1.370 Loaded shared library C:\Users\user5\.vscode\extensions\redhat.java-1.56.0-win32-x64\jre\21.0.12.1-win32-x86_64\bin\sunmscapi.dll
Event: 1.972 Attempting to load shared library D:\temp\native-platform8301935350526668948dir\gradle-fileevents.dll
Event: 2.037 Loaded shared library D:\temp\native-platform8301935350526668948dir\gradle-fileevents.dll

Deoptimization events (20 events):
Event: 41.867 Thread 0x000001fd7e16e690 Uncommon trap: trap_request=0xffffffcc fr.pc=0x000001fd4ff8d1d0 relative=0x0000000000001770
Event: 41.867 Thread 0x000001fd7e16e690 Uncommon trap: reason=intrinsic_or_type_checked_inlining action=make_not_entrant pc=0x000001fd4ff8d1d0 method=java.util.ArrayList$SubList.toArray([Ljava/lang/Object;)[Ljava/lang/Object; @ 58 c2
Event: 41.869 Thread 0x000001fd7e16e690 DEOPT PACKING pc=0x000001fd4ff8d1d0 sp=0x000000dd3edf38d0
Event: 41.869 Thread 0x000001fd7e16e690 DEOPT UNPACKING pc=0x000001fd4f674422 sp=0x000000dd3edf3808 mode 2
Event: 42.470 Thread 0x000001fd7e16e690 Uncommon trap: trap_request=0xffffff45 fr.pc=0x000001fd4ff69d9c relative=0x00000000000008bc
Event: 42.470 Thread 0x000001fd7e16e690 Uncommon trap: reason=unstable_if action=reinterpret pc=0x000001fd4ff69d9c method=java.util.concurrent.ConcurrentHashMap.replaceNode(Ljava/lang/Object;Ljava/lang/Object;Ljava/lang/Object;)Ljava/lang/Object; @ 17 c2
Event: 42.470 Thread 0x000001fd7e16e690 DEOPT PACKING pc=0x000001fd4ff69d9c sp=0x000000dd3edf3130
Event: 42.470 Thread 0x000001fd7e16e690 DEOPT UNPACKING pc=0x000001fd4f674422 sp=0x000000dd3edf30b0 mode 2
Event: 42.480 Thread 0x000001fd7e16e690 Uncommon trap: trap_request=0xfffffff4 fr.pc=0x000001fd4fec8d80 relative=0x0000000000000560
Event: 42.480 Thread 0x000001fd7e16e690 Uncommon trap: reason=null_check action=make_not_entrant pc=0x000001fd4fec8d80 method=org.gradle.util.internal.SimpleMapInterner.intern(Ljava/lang/Object;)Ljava/lang/Object; @ 2 c2
Event: 42.480 Thread 0x000001fd7e16e690 DEOPT PACKING pc=0x000001fd4fec8d80 sp=0x000000dd3edf3560
Event: 42.481 Thread 0x000001fd7e16e690 DEOPT UNPACKING pc=0x000001fd4f674422 sp=0x000000dd3edf3518 mode 2
Event: 42.481 Thread 0x000001fd7e16e690 Uncommon trap: trap_request=0xffffff45 fr.pc=0x000001fd4fec9af4 relative=0x0000000000000554
Event: 42.481 Thread 0x000001fd7e16e690 Uncommon trap: reason=unstable_if action=reinterpret pc=0x000001fd4fec9af4 method=org.gradle.util.internal.SimpleMapInterner.intern(Ljava/lang/String;)Ljava/lang/String; @ 1 c2
Event: 42.481 Thread 0x000001fd7e16e690 DEOPT PACKING pc=0x000001fd4fec9af4 sp=0x000000dd3edf34f0
Event: 42.481 Thread 0x000001fd7e16e690 DEOPT UNPACKING pc=0x000001fd4f674422 sp=0x000000dd3edf34a8 mode 2
Event: 42.952 Thread 0x000001fd7e16e690 Uncommon trap: trap_request=0xffffff54 fr.pc=0x000001fd4fd9d93c relative=0x000000000000009c
Event: 42.952 Thread 0x000001fd7e16e690 Uncommon trap: reason=speculate_null_assert action=make_not_entrant pc=0x000001fd4fd9d93c method=java.lang.invoke.LambdaFormEditor.getInCache(Ljava/lang/invoke/LambdaFormEditor$TransformKey;)Ljava/lang/invoke/LambdaForm; @ 37 c2
Event: 42.952 Thread 0x000001fd7e16e690 DEOPT PACKING pc=0x000001fd4fd9d93c sp=0x000000dd3edf2790
Event: 42.952 Thread 0x000001fd7e16e690 DEOPT UNPACKING pc=0x000001fd4f674422 sp=0x000000dd3edf26f0 mode 2

Classes loaded (20 events):
Event: 41.695 Loading class javax/management/JMException
Event: 41.695 Loading class javax/management/JMException done
Event: 41.695 Loading class javax/management/OperationsException done
Event: 41.695 Loading class javax/management/ListenerNotFoundException done
Event: 41.695 Loading class jdk/management/jfr/FlightRecorderMXBeanImpl$MXBeanListener
Event: 41.695 Loading class jdk/jfr/FlightRecorderListener
Event: 41.695 Loading class jdk/jfr/FlightRecorderListener done
Event: 41.695 Loading class jdk/management/jfr/FlightRecorderMXBeanImpl$MXBeanListener done
Event: 41.794 Loading class com/sun/jmx/mbeanserver/StandardMBeanSupport
Event: 41.794 Loading class com/sun/jmx/mbeanserver/StandardMBeanSupport done
Event: 41.794 Loading class com/sun/jmx/mbeanserver/StandardMBeanIntrospector
Event: 41.797 Loading class com/sun/jmx/mbeanserver/StandardMBeanIntrospector done
Event: 42.003 Loading class jdk/internal/reflect/MethodHandleLongFieldAccessorImpl
Event: 42.003 Loading class jdk/internal/reflect/MethodHandleLongFieldAccessorImpl done
Event: 42.012 Loading class java/io/SerialCallbackContext
Event: 42.012 Loading class java/io/SerialCallbackContext done
Event: 42.084 Loading class java/io/ObjectStreamClass$ExceptionInfo
Event: 42.084 Loading class java/io/ObjectStreamClass$ExceptionInfo done
Event: 42.109 Loading class java/util/HashMap$UnsafeHolder
Event: 42.109 Loading class java/util/HashMap$UnsafeHolder done

Classes unloaded (0 events):
No events

Classes redefined (0 events):
No events

Internal exceptions (20 events):
Event: 34.635 Thread 0x000001fd7e16e690 Exception <a 'java/lang/NoSuchMethodError'{0x000000008391c288}: 'java.lang.Object java.lang.invoke.DirectMethodHandle$Holder.invokeSpecial(java.lang.Object, java.lang.Object, java.lang.Object, java.lang.Object, java.lang.Object, java.lang.Object, java.lang.Object, java.lang.Object, java.lang.Object, java.lang.Object, java.lang.Object, java.lang.Object, java.lang.Object, java.lang.Object, java.lang.Object, java.lang.Object, java.lang.Object)'> (0x000000008391c288) 
thrown [s\src\hotspot\share\interpreter\li
Event: 34.635 Thread 0x000001fd7e16e690 Exception <a 'java/lang/NoSuchMethodError'{0x00000000839226e8}: 'java.lang.Object java.lang.invoke.DelegatingMethodHandle$Holder.reinvoke_L(java.lang.Object, java.lang.Object, java.lang.Object, java.lang.Object, java.lang.Object, java.lang.Object, java.lang.Object, java.lang.Object, java.lang.Object, java.lang.Object, java.lang.Object, java.lang.Object, java.lang.Object, java.lang.Object, java.lang.Object, java.lang.Object)'> (0x00000000839226e8) 
thrown [s\src\hotspot\share\interpreter\linkResolver.cpp, l
Event: 35.799 Thread 0x000001fd7e16e690 Exception <a 'java/lang/NoSuchMethodError'{0x0000000086618d40}: 'java.lang.Object java.lang.invoke.DirectMethodHandle$Holder.newInvokeSpecial(java.lang.Object, java.lang.Object, java.lang.Object, java.lang.Object, java.lang.Object, java.lang.Object, java.lang.Object, java.lang.Object, java.lang.Object, java.lang.Object, java.lang.Object, java.lang.Object, java.lang.Object, java.lang.Object, java.lang.Object, java.lang.Object, java.lang.Object, java.lang.Object, java.lang.Object, java.lang.Object, java.lang
Event: 40.375 Thread 0x000001fd7e16e690 Exception <a 'java/lang/ClassNotFoundException'{0x000000008387def8}: sun/misc/SharedSecrets> (0x000000008387def8) 
thrown [s\src\hotspot\share\classfile\systemDictionary.cpp, line 313]
Event: 40.375 Thread 0x000001fd7e16e690 Exception <a 'java/lang/NoClassDefFoundError'{0x00000000838801e0}: com/android/Version> (0x00000000838801e0) 
thrown [s\src\hotspot\share\classfile\systemDictionary.cpp, line 302]
Event: 40.809 Thread 0x000001fd7e16e690 Exception <a 'java/lang/NoSuchMethodError'{0x000000008315a978}: static Lorg/jetbrains/kotlin/gradle/plugin/internal/DefaultProjectIsolationStartParameterAccessor$Factory;.<clinit>()V> (0x000000008315a978) 
thrown [s\src\hotspot\share\prims\jni.cpp, line 1111]
Event: 40.818 Thread 0x000001fd7e16e690 Exception <a 'java/lang/NoSuchMethodError'{0x00000000831a8d80}: static Lorg/jetbrains/kotlin/gradle/plugin/internal/DefaultJavaExecTaskParametersCompatibility$Factory;.<clinit>()V> (0x00000000831a8d80) 
thrown [s\src\hotspot\share\prims\jni.cpp, line 1111]
Event: 40.834 Thread 0x000001fd7e16e690 Exception <a 'java/lang/NoSuchMethodError'{0x00000000831dc7a8}: static Lorg/jetbrains/kotlin/gradle/plugin/internal/DefaultMavenPublicationComponentAccessorFactory;.<clinit>()V> (0x00000000831dc7a8) 
thrown [s\src\hotspot\share\prims\jni.cpp, line 1111]
Event: 40.854 Thread 0x000001fd7e16e690 Exception <a 'java/lang/NoSuchMethodError'{0x0000000083004408}: static Lorg/jetbrains/kotlin/gradle/plugin/diagnostics/ProblemsReporterG811$Factory;.<clinit>()V> (0x0000000083004408) 
thrown [s\src\hotspot\share\prims\jni.cpp, line 1111]
Event: 40.866 Thread 0x000001fd7e16e690 Exception <a 'java/lang/NoSuchMethodError'{0x0000000083033be8}: static Lorg/jetbrains/kotlin/gradle/plugin/internal/DefaultCompatibilityConventionRegistrar$Factory;.<clinit>()V> (0x0000000083033be8) 
thrown [s\src\hotspot\share\prims\jni.cpp, line 1111]
Event: 40.881 Thread 0x000001fd7e16e690 Exception <a 'java/lang/NoSuchMethodError'{0x0000000083058960}: static Lorg/jetbrains/kotlin/gradle/plugin/internal/DefaultConfigurationCacheStartParameterAccessorVariantFactory;.<clinit>()V> (0x0000000083058960) 
thrown [s\src\hotspot\share\prims\jni.cpp, line 1111]
Event: 40.888 Thread 0x000001fd7e16e690 Exception <a 'java/lang/NoSuchMethodError'{0x0000000083062fb8}: 'void java.lang.invoke.DirectMethodHandle$Holder.invokeSpecial(java.lang.Object, java.lang.Object, java.lang.Object, int)'> (0x0000000083062fb8) 
thrown [s\src\hotspot\share\interpreter\linkResolver.cpp, line 773]
Event: 41.043 Thread 0x000001fd7e16e690 Exception <a 'java/lang/IncompatibleClassChangeError'{0x0000000086d05418}: Found class java.lang.Object, but interface was expected> (0x0000000086d05418) 
thrown [s\src\hotspot\share\interpreter\linkResolver.cpp, line 840]
Event: 42.000 Thread 0x000001fd7e16e690 Exception <a 'java/lang/NoSuchMethodError'{0x00000000869c4480}: static Ljava/lang/Object;.<clinit>()V> (0x00000000869c4480) 
thrown [s\src\hotspot\share\prims\jni.cpp, line 1111]
Event: 42.004 Thread 0x000001fd7e16e690 Exception <a 'java/lang/NoSuchMethodError'{0x00000000869ca1b0}: 'long java.lang.invoke.DirectMethodHandle$Holder.invokeSpecial(java.lang.Object, java.lang.Object)'> (0x00000000869ca1b0) 
thrown [s\src\hotspot\share\interpreter\linkResolver.cpp, line 773]
Event: 42.004 Thread 0x000001fd7e16e690 Exception <a 'java/lang/NoSuchMethodError'{0x00000000869cf418}: 'long java.lang.invoke.Invokers$Holder.invokeExact_MT(java.lang.Object, java.lang.Object)'> (0x00000000869cf418) 
thrown [s\src\hotspot\share\interpreter\linkResolver.cpp, line 773]
Event: 42.079 Thread 0x000001fd7e16e690 Exception <a 'java/lang/NoSuchMethodError'{0x00000000868f1ab0}: static Lorg/jetbrains/kotlin/gradle/plugin/statistics/MetricContainer;.<clinit>()V> (0x00000000868f1ab0) 
thrown [s\src\hotspot\share\prims\jni.cpp, line 1111]
Event: 42.470 Thread 0x000001fd7e16e690 Implicit null exception at 0x000001fd4ff6959e to 0x000001fd4ff69d8c
Event: 42.480 Thread 0x000001fd7e16e690 Implicit null exception at 0x000001fd4fec885d to 0x000001fd4fec8d70
Event: 42.481 Thread 0x000001fd7e16e690 Implicit null exception at 0x000001fd4fec95df to 0x000001fd4fec9ae0

ZGC Phase Switch (0 events):
No events

VM Operations (20 events):
Event: 37.277 Executing safepoint VM operation: Cleanup
Event: 37.277 Executing safepoint VM operation: Cleanup done
Event: 38.289 Executing safepoint VM operation: Cleanup
Event: 38.289 Executing safepoint VM operation: Cleanup done
Event: 39.300 Executing safepoint VM operation: Cleanup
Event: 39.316 Executing safepoint VM operation: Cleanup done
Event: 40.252 Executing non-safepoint VM operation: HandshakeAllThreads (Deoptimize)
Event: 40.252 Executing non-safepoint VM operation: HandshakeAllThreads (Deoptimize) done
Event: 41.027 Executing safepoint VM operation: G1CollectForAllocation (G1 Evacuation Pause)
Event: 41.038 Executing safepoint VM operation: G1CollectForAllocation (G1 Evacuation Pause) done
Event: 41.562 Executing safepoint VM operation: CollectForMetadataAllocation (Metadata GC Threshold)
Event: 41.572 Executing safepoint VM operation: CollectForMetadataAllocation (Metadata GC Threshold) done
Event: 41.593 Executing safepoint VM operation: G1PauseRemark
Event: 41.611 Executing safepoint VM operation: G1PauseRemark done
Event: 41.626 Executing safepoint VM operation: G1PauseCleanup
Event: 41.627 Executing safepoint VM operation: G1PauseCleanup done
Event: 42.634 Executing safepoint VM operation: Cleanup
Event: 42.649 Executing safepoint VM operation: Cleanup done
Event: 43.662 Executing safepoint VM operation: Cleanup
Event: 43.678 Executing safepoint VM operation: Cleanup done

Memory protections (0 events):
No events

Nmethod flushes (20 events):
Event: 41.610 Thread 0x000001fd5d298780 flushing  nmethod 0x000001fd47f98190
Event: 41.610 Thread 0x000001fd5d298780 flushing  nmethod 0x000001fd47e5df90
Event: 41.610 Thread 0x000001fd5d298780 flushing  nmethod 0x000001fd47ed3690
Event: 41.610 Thread 0x000001fd5d298780 flushing  nmethod 0x000001fd47ed4710
Event: 41.610 Thread 0x000001fd5d298780 flushing  nmethod 0x000001fd47ef7c90
Event: 41.610 Thread 0x000001fd5d298780 flushing  nmethod 0x000001fd47f15210
Event: 41.610 Thread 0x000001fd5d298780 flushing  nmethod 0x000001fd47f17410
Event: 41.610 Thread 0x000001fd5d298780 flushing  nmethod 0x000001fd47f1f090
Event: 41.610 Thread 0x000001fd5d298780 flushing  nmethod 0x000001fd47f25010
Event: 41.610 Thread 0x000001fd5d298780 flushing  nmethod 0x000001fd47f36c10
Event: 41.610 Thread 0x000001fd5d298780 flushing  nmethod 0x000001fd47f5bc10
Event: 41.610 Thread 0x000001fd5d298780 flushing  nmethod 0x000001fd4808e610
Event: 41.610 Thread 0x000001fd5d298780 flushing  nmethod 0x000001fd4808eb10
Event: 41.610 Thread 0x000001fd5d298780 flushing  nmethod 0x000001fd4808f210
Event: 41.610 Thread 0x000001fd5d298780 flushing  nmethod 0x000001fd48090890
Event: 41.610 Thread 0x000001fd5d298780 flushing  nmethod 0x000001fd4812a590
Event: 41.610 Thread 0x000001fd5d298780 flushing  nmethod 0x000001fd47f67910
Event: 41.610 Thread 0x000001fd5d298780 flushing  nmethod 0x000001fd48164590
Event: 41.610 Thread 0x000001fd5d298780 flushing  nmethod 0x000001fd47fb1690
Event: 41.610 Thread 0x000001fd5d298780 flushing  nmethod 0x000001fd47fc8b10

Events (20 events):
Event: 33.554 Thread 0x000001fd7e16e690 Thread added: 0x000001fd5d83dd20
Event: 33.560 Thread 0x000001fd7e16e690 Thread added: 0x000001fd5d83bc50
Event: 33.565 Thread 0x000001fd7e16e690 Thread added: 0x000001fd5d83d690
Event: 33.572 Thread 0x000001fd7e16e690 Thread added: 0x000001fd5d83c2e0
Event: 33.578 Thread 0x000001fd7e16e690 Thread added: 0x000001fd5d83c970
Event: 33.590 Thread 0x000001fd7e16e690 Thread added: 0x000001fd5d5acea0
Event: 33.596 Thread 0x000001fd7e16e690 Thread added: 0x000001fd5d5ad530
Event: 33.923 Thread 0x000001fd7e16e690 Thread added: 0x000001fd5d5adbc0
Event: 33.924 Thread 0x000001fd7e16e690 Thread added: 0x000001fd5d5ae250
Event: 33.925 Thread 0x000001fd7e16e690 Thread added: 0x000001fd5d5aadd0
Event: 33.927 Thread 0x000001fd7e16e690 Thread added: 0x000001fd5d5ae8e0
Event: 33.928 Thread 0x000001fd7e16e690 Thread added: 0x000001fd5d5ac180
Event: 33.929 Thread 0x000001fd7e16e690 Thread added: 0x000001fd5d5ab460
Event: 33.930 Thread 0x000001fd7e16e690 Thread added: 0x000001fd5d5aef70
Event: 33.936 Thread 0x000001fd7e16e690 Thread added: 0x000001fd5d5ac810
Event: 33.937 Thread 0x000001fd7e16e690 Thread added: 0x000001fd5d5abaf0
Event: 33.944 Thread 0x000001fd7e16e690 Thread added: 0x000001fd5d5b16d0
Event: 33.945 Thread 0x000001fd7e16e690 Thread added: 0x000001fd5d5b1040
Event: 34.843 Thread 0x000001fd7e16e690 Thread added: 0x000001fd5d5b09b0
Event: 42.264 Thread 0x000001fd7e16e690 Thread added: 0x000001fd5d5b0320


Dynamic libraries:
0x00007ff7a95b0000 - 0x00007ff7a95be000 	C:\Users\user5\.vscode\extensions\redhat.java-1.56.0-win32-x64\jre\21.0.12.1-win32-x86_64\bin\java.exe
0x00007ff8236e0000 - 0x00007ff823947000 	C:\WINDOWS\SYSTEM32\ntdll.dll
0x00007ff822840000 - 0x00007ff82290b000 	C:\WINDOWS\System32\KERNEL32.DLL
0x00007ff820b10000 - 0x00007ff820f12000 	C:\WINDOWS\System32\KERNELBASE.dll
0x00007ff8212a0000 - 0x00007ff8213ec000 	C:\WINDOWS\System32\ucrtbase.dll
0x00007ff813580000 - 0x00007ff81359e000 	C:\Users\user5\.vscode\extensions\redhat.java-1.56.0-win32-x64\jre\21.0.12.1-win32-x86_64\bin\VCRUNTIME140.dll
0x00007ff810520000 - 0x00007ff810538000 	C:\Users\user5\.vscode\extensions\redhat.java-1.56.0-win32-x64\jre\21.0.12.1-win32-x86_64\bin\jli.dll
0x00007ff822450000 - 0x00007ff82261f000 	C:\WINDOWS\System32\USER32.dll
0x00007ff820f20000 - 0x00007ff820f47000 	C:\WINDOWS\System32\win32u.dll
0x00007ff800850000 - 0x00007ff800ae0000 	C:\WINDOWS\WinSxS\amd64_microsoft.windows.common-controls_6595b64144ccf1df_6.0.26100.9278_none_3e0d1ba8e3303201\COMCTL32.dll
0x00007ff822910000 - 0x00007ff8229b9000 	C:\WINDOWS\System32\msvcrt.dll
0x00007ff822760000 - 0x00007ff82278b000 	C:\WINDOWS\System32\GDI32.dll
0x00007ff820f50000 - 0x00007ff821079000 	C:\WINDOWS\System32\gdi32full.dll
0x00007ff820a60000 - 0x00007ff820b03000 	C:\WINDOWS\System32\msvcp_win.dll
0x00007ff821400000 - 0x00007ff821431000 	C:\WINDOWS\System32\IMM32.DLL
0x00007ff818840000 - 0x00007ff81884c000 	C:\Users\user5\.vscode\extensions\redhat.java-1.56.0-win32-x64\jre\21.0.12.1-win32-x86_64\bin\vcruntime140_1.dll
0x00007fffefad0000 - 0x00007fffefb5d000 	C:\Users\user5\.vscode\extensions\redhat.java-1.56.0-win32-x64\jre\21.0.12.1-win32-x86_64\bin\msvcp140.dll
0x00007fff950e0000 - 0x00007fff95e82000 	C:\Users\user5\.vscode\extensions\redhat.java-1.56.0-win32-x64\jre\21.0.12.1-win32-x86_64\bin\server\jvm.dll
0x00007ff822680000 - 0x00007ff82273c000 	C:\WINDOWS\System32\ADVAPI32.dll
0x00007ff8234d0000 - 0x00007ff823579000 	C:\WINDOWS\System32\sechost.dll
0x00007ff823580000 - 0x00007ff823698000 	C:\WINDOWS\System32\RPCRT4.dll
0x00007ff8227b0000 - 0x00007ff822830000 	C:\WINDOWS\System32\WS2_32.dll
0x00007ff81ffb0000 - 0x00007ff82000e000 	C:\WINDOWS\SYSTEM32\POWRPROF.dll
0x00007ff80c220000 - 0x00007ff80c256000 	C:\WINDOWS\SYSTEM32\WINMM.dll
0x00007ff8142c0000 - 0x00007ff8142cb000 	C:\WINDOWS\SYSTEM32\VERSION.dll
0x00007ff81ff70000 - 0x00007ff81ff85000 	C:\WINDOWS\SYSTEM32\UMPDC.dll
0x00007ff81f5b0000 - 0x00007ff81f5cb000 	C:\WINDOWS\SYSTEM32\kernel.appcore.dll
0x00007ff816440000 - 0x00007ff81644a000 	C:\Users\user5\.vscode\extensions\redhat.java-1.56.0-win32-x64\jre\21.0.12.1-win32-x86_64\bin\jimage.dll
0x00007ff81de40000 - 0x00007ff81e08c000 	C:\WINDOWS\SYSTEM32\DBGHELP.DLL
0x00007ff8215c0000 - 0x00007ff821945000 	C:\WINDOWS\System32\combase.dll
0x00007ff821950000 - 0x00007ff821a29000 	C:\WINDOWS\System32\OLEAUT32.dll
0x00007ffff9420000 - 0x00007ffff945b000 	C:\WINDOWS\SYSTEM32\dbgcore.DLL
0x00007ff8208e0000 - 0x00007ff82098c000 	C:\WINDOWS\System32\bcryptPrimitives.dll
0x00007ff804240000 - 0x00007ff80424f000 	C:\Users\user5\.vscode\extensions\redhat.java-1.56.0-win32-x64\jre\21.0.12.1-win32-x86_64\bin\instrument.dll
0x00007ff801b30000 - 0x00007ff801b50000 	C:\Users\user5\.vscode\extensions\redhat.java-1.56.0-win32-x64\jre\21.0.12.1-win32-x86_64\bin\java.dll
0x00007ff822d30000 - 0x00007ff8234c8000 	C:\WINDOWS\System32\SHELL32.dll
0x00007ff81e340000 - 0x00007ff81ebee000 	C:\WINDOWS\SYSTEM32\windows.storage.dll
0x00007ff822b30000 - 0x00007ff822c2b000 	C:\WINDOWS\System32\SHCORE.dll
0x00007ff822ac0000 - 0x00007ff822b26000 	C:\WINDOWS\System32\shlwapi.dll
0x00007ff820800000 - 0x00007ff820829000 	C:\WINDOWS\SYSTEM32\profapi.dll
0x00007ffffca20000 - 0x00007ffffca38000 	C:\Users\user5\.vscode\extensions\redhat.java-1.56.0-win32-x64\jre\21.0.12.1-win32-x86_64\bin\zip.dll
0x00007ff8047d0000 - 0x00007ff8047e0000 	C:\Users\user5\.vscode\extensions\redhat.java-1.56.0-win32-x64\jre\21.0.12.1-win32-x86_64\bin\net.dll
0x00007ff816de0000 - 0x00007ff816f0a000 	C:\WINDOWS\SYSTEM32\WINHTTP.dll
0x00007ff81fbe0000 - 0x00007ff81fc4c000 	C:\WINDOWS\system32\mswsock.dll
0x00007ffffc410000 - 0x00007ffffc426000 	C:\Users\user5\.vscode\extensions\redhat.java-1.56.0-win32-x64\jre\21.0.12.1-win32-x86_64\bin\nio.dll
0x00007ff8039a0000 - 0x00007ff8039b0000 	C:\Users\user5\.vscode\extensions\redhat.java-1.56.0-win32-x64\jre\21.0.12.1-win32-x86_64\bin\verify.dll
0x00007ffffbfd0000 - 0x00007ffffbff7000 	D:\gradle_cache\native\1def1411415f61bf3af743bc5b6707747c0891f09f0c88961ee8f79bc544acac\windows-amd64\native-platform.dll
0x000000006bd40000 - 0x000000006bdb3000 	D:\gradle_cache\native\0.2.5\x86_64-windows-gnu\gradle-fileevents.dll
0x00007ff8163f0000 - 0x00007ff8163fa000 	C:\Users\user5\.vscode\extensions\redhat.java-1.56.0-win32-x64\jre\21.0.12.1-win32-x86_64\bin\management.dll
0x00007ff8163e0000 - 0x00007ff8163ec000 	C:\Users\user5\.vscode\extensions\redhat.java-1.56.0-win32-x64\jre\21.0.12.1-win32-x86_64\bin\management_ext.dll
0x00007ff822440000 - 0x00007ff822448000 	C:\WINDOWS\System32\PSAPI.DLL
0x00007ff81fef0000 - 0x00007ff81ff0b000 	C:\WINDOWS\SYSTEM32\CRYPTSP.dll
0x00007ff81f510000 - 0x00007ff81f549000 	C:\WINDOWS\system32\rsaenh.dll
0x00007ff81fc90000 - 0x00007ff81fcc4000 	C:\WINDOWS\SYSTEM32\USERENV.dll
0x00007ff8207d0000 - 0x00007ff8207fa000 	C:\WINDOWS\SYSTEM32\bcrypt.dll
0x00007ff81ff10000 - 0x00007ff81ff1c000 	C:\WINDOWS\SYSTEM32\CRYPTBASE.dll
0x00007ff81efb0000 - 0x00007ff81efe3000 	C:\WINDOWS\SYSTEM32\IPHLPAPI.DLL
0x00007ff822750000 - 0x00007ff82275a000 	C:\WINDOWS\System32\NSI.dll
0x00007ffffce70000 - 0x00007ffffce79000 	C:\Users\user5\.vscode\extensions\redhat.java-1.56.0-win32-x64\jre\21.0.12.1-win32-x86_64\bin\extnet.dll
0x00007ffffa2f0000 - 0x00007ffffa2fe000 	C:\Users\user5\.vscode\extensions\redhat.java-1.56.0-win32-x64\jre\21.0.12.1-win32-x86_64\bin\sunmscapi.dll
0x00007ff821080000 - 0x00007ff8211fe000 	C:\WINDOWS\System32\CRYPT32.dll
0x00007ff8201c0000 - 0x00007ff8201f0000 	C:\WINDOWS\SYSTEM32\ncrypt.dll
0x00007ff820170000 - 0x00007ff8201af000 	C:\WINDOWS\SYSTEM32\NTASN1.dll
0x00007ff813c90000 - 0x00007ff813c98000 	C:\WINDOWS\system32\wshunix.dll
0x000000006b490000 - 0x000000006b503000 	D:\temp\native-platform8301935350526668948dir\gradle-fileevents.dll

JVMTI agents:
D:\gradle_cache\wrapper\dists\gradle-8.12-all\ejduaidbjup3bmmkhw3rie4zb\gradle-8.12\lib\agents\gradle-instrumentation-agent-8.12.jar path:C:\Users\user5\.vscode\extensions\redhat.java-1.56.0-win32-x64\jre\21.0.12.1-win32-x86_64\bin\instrument.dll, loaded, initialized, instrumentlib options:none

dbghelp: loaded successfully - version: 4.0.5 - missing functions: none
symbol engine: initialized successfully - sym options: 0x614 - pdb path: .;C:\Users\user5\.vscode\extensions\redhat.java-1.56.0-win32-x64\jre\21.0.12.1-win32-x86_64\bin;C:\WINDOWS\SYSTEM32;C:\WINDOWS\WinSxS\amd64_microsoft.windows.common-controls_6595b64144ccf1df_6.0.26100.9278_none_3e0d1ba8e3303201;C:\Users\user5\.vscode\extensions\redhat.java-1.56.0-win32-x64\jre\21.0.12.1-win32-x86_64\bin\server;D:\gradle_cache\native\1def1411415f61bf3af743bc5b6707747c0891f09f0c88961ee8f79bc544acac\windows-amd64;D:\gradle_cache\native\0.2.5\x86_64-windows-gnu;D:\temp\native-platform8301935350526668948dir

VM Arguments:
jvm_args: --add-opens=java.base/java.lang=ALL-UNNAMED --add-opens=java.base/java.lang.invoke=ALL-UNNAMED --add-opens=java.base/java.util=ALL-UNNAMED --add-opens=java.prefs/java.util.prefs=ALL-UNNAMED --add-exports=jdk.compiler/com.sun.tools.javac.api=ALL-UNNAMED --add-exports=jdk.compiler/com.sun.tools.javac.util=ALL-UNNAMED --add-opens=java.base/java.util=ALL-UNNAMED --add-opens=java.prefs/java.util.prefs=ALL-UNNAMED --add-opens=java.base/java.nio.charset=ALL-UNNAMED --add-opens=java.base/java.net=ALL-UNNAMED --add-opens=java.base/java.util.concurrent.atomic=ALL-UNNAMED --add-opens=java.xml/javax.xml.namespace=ALL-UNNAMED -XX:MaxMetaspaceSize=512m -XX:ReservedCodeCacheSize=256m -XX:+HeapDumpOnOutOfMemoryError -Xmx2G -Dfile.encoding=UTF-8 -Duser.country=IN -Duser.language=en -Duser.variant -javaagent:D:\gradle_cache\wrapper\dists\gradle-8.12-all\ejduaidbjup3bmmkhw3rie4zb\gradle-8.12\lib\agents\gradle-instrumentation-agent-8.12.jar 
java_command: org.gradle.launcher.daemon.bootstrap.GradleDaemon 8.12
java_class_path (initial): D:\gradle_cache\wrapper\dists\gradle-8.12-all\ejduaidbjup3bmmkhw3rie4zb\gradle-8.12\lib\gradle-daemon-main-8.12.jar
Launcher Type: SUN_STANDARD

[Global flags]
     intx CICompilerCount                          = 4                                         {product} {ergonomic}
   size_t CompressedClassSpaceSize                 = 436207616                                 {product} {ergonomic}
     uint ConcGCThreads                            = 3                                         {product} {ergonomic}
     uint G1ConcRefinementThreads                  = 10                                        {product} {ergonomic}
   size_t G1HeapRegionSize                         = 1048576                                   {product} {ergonomic}
    uintx GCDrainStackTargetSize                   = 64                                        {product} {ergonomic}
     bool HeapDumpOnOutOfMemoryError               = true                                   {manageable} {command line}
   size_t InitialHeapSize                          = 130023424                                 {product} {ergonomic}
   size_t MarkStackSize                            = 4194304                                   {product} {ergonomic}
   size_t MaxHeapSize                              = 2147483648                                {product} {command line}
   size_t MaxMetaspaceSize                         = 536870912                                 {product} {command line}
   size_t MaxNewSize                               = 1287651328                                {product} {ergonomic}
   size_t MinHeapDeltaBytes                        = 1048576                                   {product} {ergonomic}
   size_t MinHeapSize                              = 8388608                                   {product} {ergonomic}
    uintx NonNMethodCodeHeapSize                   = 5839372                                {pd product} {ergonomic}
    uintx NonProfiledCodeHeapSize                  = 131298042                              {pd product} {ergonomic}
    uintx ProfiledCodeHeapSize                     = 131298042                              {pd product} {ergonomic}
    uintx ReservedCodeCacheSize                    = 268435456                              {pd product} {command line}
     bool SegmentedCodeCache                       = true                                      {product} {ergonomic}
   size_t SoftMaxHeapSize                          = 2147483648                             {manageable} {ergonomic}
     bool UseCompressedOops                        = true                           {product lp64_product} {ergonomic}
     bool UseG1GC                                  = true                                      {product} {ergonomic}
     bool UseLargePagesIndividualAllocation        = false                                  {pd product} {ergonomic}

Logging:
Log output configuration:
 #0: stdout all=warning uptime,level,tags foldmultilines=false
 #1: stderr all=off uptime,level,tags foldmultilines=false

Release file:
JAVA_VERSION="21.0.12.1" 
MODULES="java.base java.compiler java.datatransfer java.xml java.prefs java.desktop java.instrument java.logging java.management java.security.sasl java.naming java.rmi java.management.rmi java.net.http java.scripting java.security.jgss java.transaction.xa java.sql java.sql.rowset java.xml.crypto java.se java.smartcardio jdk.accessibility jdk.internal.jvmstat jdk.attach jdk.charsets jdk.internal.opt jdk.zipfs jdk.compiler jdk.crypto.ec jdk.crypto.cryptoki jdk.crypto.mscapi jdk.dynalink jdk.internal.ed jdk.editpad jdk.hotspot.agent jdk.httpserver jdk.internal.le jdk.internal.vm.ci jdk.internal.vm.compiler jdk.internal.vm.compiler.management jdk.jartool jdk.javadoc jdk.jcmd jdk.management jdk.management.agent jdk.jconsole jdk.jdeps jdk.jdwp.agent jdk.jdi jdk.jfr jdk.jshell jdk.jsobject jdk.jstatd jdk.localedata jdk.management.jfr jdk.naming.dns jdk.naming.rmi jdk.net jdk.nio.mapmode jdk.random jdk.sctp jdk.security.auth jdk.security.jgss jdk.unsupported jdk.unsupported.desktop jdk.xml.dom" 

Environment Variables:
PATH=C:\Program Files\Common Files\Oracle\Java\javapath;C:\windows\system32;C:\windows;C:\windows\System32\Wbem;C:\windows\System32\WindowsPowerShell\v1.0\;C:\windows\System32\OpenSSH\;C:\Program Files (x86)\NVIDIA Corporation\PhysX\Common;C:\Program Files\NVIDIA Corporation\NVIDIA NvDLISR;C:\Users\Administrator\AppData\Local\Microsoft\WindowsApps;C:\Program Files\HP\OMEN-Broadcast\Common;C:\WINDOWS\system32;C:\WINDOWS;C:\WINDOWS\System32\Wbem;C:\WINDOWS\System32\WindowsPowerShell\v1.0\;C:\WINDOWS\System32\OpenSSH\;C:\src\flutter\bin;C:\Users\user5\AppData\Local\Android\Sdk\platform-tools;C:\Program Files\MySQL\MySQL Server 8.0\bin;C:\Program Files\Git\cmd;C:\Program Files\Git\mingw64\bin;C:\src\flutter\bin;C:\Program Files\Git\usr\bin;C:\Program Files\nodejs\;C:\Program Files\MySQL\MySQL Shell 8.0\bin\;C:\Users\user5\AppData\Local\Microsoft\WindowsApps;C:\Users\user5\AppData\Local\Programs\Microsoft VS Code\bin;C:\MinGW\bin;C:\Program Files\JetBrains\IntelliJ IDEA Community Edition 2025.1.1.1\bin;C:\Program Files\Git\cmd;;C:\Users\user5\AppData\Local\Programs\Antigravity IDE\bin;C:\Users\user5\AppData\Roaming\npm
USERNAME=User
OS=Windows_NT
PROCESSOR_IDENTIFIER=Intel64 Family 6 Model 154 Stepping 3, GenuineIntel
TMP=D:\temp
TEMP=D:\temp




Periodic native trim disabled

---------------  S Y S T E M  ---------------

OS:
 Windows 11 , 64 bit Build 26100 (10.0.26100.9444)
OS uptime: 0 days 2:45 hours
Hyper-V role detected

CPU: total 12 (initial active 12) (6 cores per cpu, 2 threads per core) family 6 model 154 stepping 3 microcode 0x435, cx8, cmov, fxsr, ht, mmx, 3dnowpref, sse, sse2, sse3, ssse3, sse4.1, sse4.2, popcnt, lzcnt, tsc, tscinvbit, avx, avx2, aes, erms, clmul, bmi1, bmi2, adx, sha, fma, vzeroupper, clflush, clflushopt, clwb, hv, serialize, rdtscp, rdpid, fsrm, f16c, cet_ibt, cet_ss
Processor Information for processor 0
  Max Mhz: 2000, Current Mhz: 2000, Mhz Limit: 2000
Processor Information for processor 1
  Max Mhz: 2000, Current Mhz: 2000, Mhz Limit: 2000
Processor Information for processor 2
  Max Mhz: 2000, Current Mhz: 2000, Mhz Limit: 2000
Processor Information for processor 3
  Max Mhz: 2000, Current Mhz: 2000, Mhz Limit: 2000
Processor Information for processor 4
  Max Mhz: 2000, Current Mhz: 2000, Mhz Limit: 2000
Processor Information for processor 5
  Max Mhz: 2000, Current Mhz: 2000, Mhz Limit: 2000
Processor Information for processor 6
  Max Mhz: 2000, Current Mhz: 2000, Mhz Limit: 2000
Processor Information for processor 7
  Max Mhz: 2000, Current Mhz: 2000, Mhz Limit: 2000
Processor Information for processor 8
  Max Mhz: 2000, Current Mhz: 2000, Mhz Limit: 2000
Processor Information for processor 9
  Max Mhz: 2000, Current Mhz: 2000, Mhz Limit: 2000
Processor Information for processor 10
  Max Mhz: 2000, Current Mhz: 2000, Mhz Limit: 2000
Processor Information for processor 11
  Max Mhz: 2000, Current Mhz: 1466, Mhz Limit: 2000

Memory: 4k page, system-wide physical 7832M (1080M free)
TotalPageFile size 28212M (AvailPageFile size 2656M)
current process WorkingSet (physical memory assigned to process): 295M, peak: 295M
current process commit charge ("private bytes"): 352M, peak: 352M

vm_info: OpenJDK 64-Bit Server VM (21.0.12.1+1-LTS) for windows-amd64 JRE (21.0.12.1+1-LTS), built on 2026-08-18T00:00:00Z by "admin" with MS VC++ 17.12 (VS2022)

END.
