#
# There is insufficient memory for the Java Runtime Environment to continue.
# Native memory allocation (malloc) failed to allocate 32744 bytes. Error detail: Chunk::new
# Possible reasons:
#   The system is out of physical RAM or swap space
#   This process is running with CompressedOops enabled, and the Java Heap may be blocking the growth of the native heap
# Possible solutions:
#   Reduce memory load on the system
#   Increase physical memory or swap space
#   Check if swap backing store is full
#   Decrease Java heap size (-Xmx/-Xms)
#   Decrease number of Java threads
#   Decrease Java thread stack sizes (-Xss)
#   Set larger code cache with -XX:ReservedCodeCacheSize=
#   JVM is running with Unscaled Compressed Oops mode in which the Java heap is
#     placed in the first 4GB address space. The Java Heap base address is the
#     maximum limit for the native heap growth. Please use -XX:HeapBaseMinAddress
#     to set the Java Heap base and to place the Java Heap above 4GB virtual address.
# This output file may be truncated or incomplete.
#
#  Out of Memory Error (arena.cpp:168), pid=15528, tid=6248
#
# JRE version: OpenJDK Runtime Environment Temurin-21.0.12.1+1 (21.0.12.1+1) (build 21.0.12.1+1-LTS)
# Java VM: OpenJDK 64-Bit Server VM Temurin-21.0.12.1+1 (21.0.12.1+1-LTS, mixed mode, sharing, tiered, compressed oops, compressed class ptrs, g1 gc, windows-amd64)
# No core dump will be written. Minidumps are not enabled by default on client versions of Windows
#

---------------  S U M M A R Y ------------

Command Line: --add-opens=java.base/java.lang=ALL-UNNAMED --add-opens=java.base/java.lang.invoke=ALL-UNNAMED --add-opens=java.base/java.util=ALL-UNNAMED --add-opens=java.prefs/java.util.prefs=ALL-UNNAMED --add-exports=jdk.compiler/com.sun.tools.javac.api=ALL-UNNAMED --add-exports=jdk.compiler/com.sun.tools.javac.util=ALL-UNNAMED --add-opens=java.base/java.util=ALL-UNNAMED --add-opens=java.prefs/java.util.prefs=ALL-UNNAMED --add-opens=java.base/java.nio.charset=ALL-UNNAMED --add-opens=java.base/java.net=ALL-UNNAMED --add-opens=java.base/java.util.concurrent.atomic=ALL-UNNAMED --add-opens=java.xml/javax.xml.namespace=ALL-UNNAMED -XX:MaxMetaspaceSize=512m -XX:ReservedCodeCacheSize=256m -XX:+HeapDumpOnOutOfMemoryError -Xmx2G -Dfile.encoding=UTF-8 -Duser.country=IN -Duser.language=en -Duser.variant -javaagent:D:\gradle_cache\wrapper\dists\gradle-8.12-all\ejduaidbjup3bmmkhw3rie4zb\gradle-8.12\lib\agents\gradle-instrumentation-agent-8.12.jar org.gradle.launcher.daemon.bootstrap.GradleDaemon 8.12

Host: 12th Gen Intel(R) Core(TM) i5-12450H, 12 cores, 7G,  Windows 11 , 64 bit Build 26100 (10.0.26100.9444)
Time: Sun Sep 13 16:12:35 2026 India Standard Time elapsed time: 946.231164 seconds (0d 0h 15m 46s)

---------------  T H R E A D  ---------------

Current thread (0x000002a49b3a0a90):  JavaThread "C2 CompilerThread0" daemon [_thread_in_native, id=6248, stack(0x000000d541600000,0x000000d541700000) (1024K)]


Current CompileTask:
C2:946231 18677       4       org.gradle.internal.operations.BuildOperationDescriptor::<init> (18 bytes)

Stack: [0x000000d541600000,0x000000d541700000]
Native frames: (J=compiled Java code, j=interpreted, Vv=VM code, C=native code)
V  [jvm.dll+0x6d83e9]
V  [jvm.dll+0x8b5736]
V  [jvm.dll+0x8b7cee]
V  [jvm.dll+0x8b83d3]
V  [jvm.dll+0x284596]
V  [jvm.dll+0xc685d]
V  [jvm.dll+0xc6da1]
V  [jvm.dll+0x5df68d]
V  [jvm.dll+0x38b701]
V  [jvm.dll+0x38ab1a]
V  [jvm.dll+0x24c700]
V  [jvm.dll+0x24bce0]
V  [jvm.dll+0x1cb4ae]
V  [jvm.dll+0x25baad]
V  [jvm.dll+0x25a03a]
V  [jvm.dll+0x3f8aae]
V  [jvm.dll+0x8600cd]
V  [jvm.dll+0x6d6c1d]
C  [ucrtbase.dll+0x2cd30]
C  [KERNEL32.DLL+0x2cd87]
C  [ntdll.dll+0xacaec]


---------------  P R O C E S S  ---------------

Threads class SMR info:
_java_thread_list=0x000002a4c673d160, length=139, elements={
0x000002a4830c0900, 0x000002a49b384bd0, 0x000002a49b387640, 0x000002a49b38b8c0,
0x000002a49b388490, 0x000002a49b388ef0, 0x000002a49b389950, 0x000002a49b3a0a90,
0x000002a49b3a4fc0, 0x000002a4bb21c650, 0x000002a4bb29d930, 0x000002a4bcadfae0,
0x000002a4bcc07a10, 0x000002a4bcc06d20, 0x000002a4bb0625f0, 0x000002a4bca1f7d0,
0x000002a4bca1d700, 0x000002a4bca1d070, 0x000002a4bca1dd90, 0x000002a4bce64470,
0x000002a4bce64b00, 0x000002a4bce623a0, 0x000002a4bcf83e30, 0x000002a4bcf84b50,
0x000002a4bcf823f0, 0x000002a4bcf86c20, 0x000002a4bcf87940, 0x000002a4bcf89380,
0x000002a4bcf872b0, 0x000002a4bcf88660, 0x000002a4bcf87fd0, 0x000002a4bcf88cf0,
0x000002a4bce62a30, 0x000002a4bce65190, 0x000002a4bce65820, 0x000002a4bce630c0,
0x000002a4bce65eb0, 0x000002a4bce678f0, 0x000002a4bce67f80, 0x000002a4bce68610,
0x000002a4bca1e420, 0x000002a4bca204f0, 0x000002a4bca1f140, 0x000002a4bca1fe60,
0x000002a4be920c80, 0x000002a4be923a70, 0x000002a4be9226c0, 0x000002a4be922030,
0x000002a4be9205f0, 0x000002a4be9233e0, 0x000002a4be9219a0, 0x000002a4be924100,
0x000002a4be924790, 0x000002a4be921310, 0x000002a4be924e20, 0x000002a4be9261d0,
0x000002a4be922d50, 0x000002a4be927580, 0x000002a4be927c10, 0x000002a4be9254b0,
0x000002a4be925b40, 0x000002a4be926860, 0x000002a4bcf83110, 0x000002a4bcf837a0,
0x000002a4c016e4b0, 0x000002a4c016c3e0, 0x000002a4c016b030, 0x000002a4c016ca70,
0x000002a4c016b6c0, 0x000002a4c016d790, 0x000002a4c016de20, 0x000002a4c016bd50,
0x000002a4bff7af00, 0x000002a4bff7a1e0, 0x000002a4bff78e30, 0x000002a4bff7a870,
0x000002a4bff78110, 0x000002a4bff787a0, 0x000002a4bff794c0, 0x000002a4bff77a80,
0x000002a4bff79b50, 0x000002a4bf4a63e0, 0x000002a4bf4a49a0, 0x000002a4bf4a2f60,
0x000002a4bf4a35f0, 0x000002a4bf4a7100, 0x000002a4bf4a3c80, 0x000002a4bf4a6a70,
0x000002a4bf4a5d50, 0x000002a4bf4a7790, 0x000002a4bf4a4310, 0x000002a4bf4a7e20,
0x000002a4bf4a84b0, 0x000002a4bf4a5030, 0x000002a4bf4a8b40, 0x000002a4bf4a56c0,
0x000002a4bf4a91d0, 0x000002a4bf4a9860, 0x000002a4bf4a9ef0, 0x000002a4bf4aa580,
0x000002a4bf0e0dd0, 0x000002a4bf0e2180, 0x000002a4bf0e48e0, 0x000002a4bf0e1af0,
0x000002a4bf0e2810, 0x000002a4bf0e3530, 0x000002a4bf0e5600, 0x000002a4bf0e6320,
0x000002a4bf0e4250, 0x000002a4bf0e4f70, 0x000002a4bf0e5c90, 0x000002a4bf0e2ea0,
0x000002a4bf0e69b0, 0x000002a4bf0e7040, 0x000002a4bf0e3bc0, 0x000002a4bf0e76d0,
0x000002a4bf0e7d60, 0x000002a4bf0e83f0, 0x000002a4bf55a4a0, 0x000002a4bf5583d0,
0x000002a4bf559780, 0x000002a4bf558a60, 0x000002a4bf5576b0, 0x000002a4bf5590f0,
0x000002a4bf559e10, 0x000002a4bf557020, 0x000002a4bf7b3700, 0x000002a4bf7b3d90,
0x000002a4bf7b5140, 0x000002a4bf7b3070, 0x000002a4bf7b6b80, 0x000002a4bf7b78a0,
0x000002a4bf7b7210, 0x000002a4bf7b4420, 0x000002a4bf7b7f30, 0x000002a4bf7b4ab0,
0x000002a4bf7b85c0, 0x000002a4bf55bee0, 0x000002a4c651bfa0
}

Java Threads: ( => current thread )
  0x000002a4830c0900 JavaThread "main"                              [_thread_blocked, id=2768, stack(0x000000d540800000,0x000000d540900000) (1024K)]
  0x000002a49b384bd0 JavaThread "Reference Handler"          daemon [_thread_blocked, id=25148, stack(0x000000d541000000,0x000000d541100000) (1024K)]
  0x000002a49b387640 JavaThread "Finalizer"                  daemon [_thread_blocked, id=1524, stack(0x000000d541100000,0x000000d541200000) (1024K)]
  0x000002a49b38b8c0 JavaThread "Signal Dispatcher"          daemon [_thread_blocked, id=3240, stack(0x000000d541200000,0x000000d541300000) (1024K)]
  0x000002a49b388490 JavaThread "Attach Listener"            daemon [_thread_blocked, id=10640, stack(0x000000d541300000,0x000000d541400000) (1024K)]
  0x000002a49b388ef0 JavaThread "Service Thread"             daemon [_thread_blocked, id=24296, stack(0x000000d541400000,0x000000d541500000) (1024K)]
  0x000002a49b389950 JavaThread "Monitor Deflation Thread"   daemon [_thread_blocked, id=21952, stack(0x000000d541500000,0x000000d541600000) (1024K)]
=>0x000002a49b3a0a90 JavaThread "C2 CompilerThread0"         daemon [_thread_in_native, id=6248, stack(0x000000d541600000,0x000000d541700000) (1024K)]
  0x000002a49b3a4fc0 JavaThread "C1 CompilerThread0"         daemon [_thread_blocked, id=24928, stack(0x000000d541700000,0x000000d541800000) (1024K)]
  0x000002a4bb21c650 JavaThread "Common-Cleaner"             daemon [_thread_blocked, id=19976, stack(0x000000d541800000,0x000000d541900000) (1024K)]
  0x000002a4bb29d930 JavaThread "Notification Thread"        daemon [_thread_blocked, id=25404, stack(0x000000d541900000,0x000000d541a00000) (1024K)]
  0x000002a4bcadfae0 JavaThread "Daemon health stats"               [_thread_blocked, id=23084, stack(0x000000d541a00000,0x000000d541b00000) (1024K)]
  0x000002a4bcc07a10 JavaThread "Incoming local TCP Connector on port 54798"        [_thread_in_native, id=20656, stack(0x000000d542000000,0x000000d542100000) (1024K)]
  0x000002a4bcc06d20 JavaThread "Daemon periodic checks"            [_thread_blocked, id=2848, stack(0x000000d542100000,0x000000d542200000) (1024K)]
  0x000002a4bb0625f0 JavaThread "Daemon"                            [_thread_blocked, id=19764, stack(0x000000d542200000,0x000000d542300000) (1024K)]
  0x000002a4bca1f7d0 JavaThread "Daemon worker"                     [_thread_in_vm, id=14792, stack(0x000000d542500000,0x000000d542600000) (1024K)]
  0x000002a4bca1d700 JavaThread "Cache worker for journal cache (D:\gradle_cache\caches\journal-1)"        [_thread_blocked, id=20496, stack(0x000000d542900000,0x000000d542a00000) (1024K)]
  0x000002a4bca1d070 JavaThread "File lock request listener"        [_thread_in_native, id=23016, stack(0x000000d542a00000,0x000000d542b00000) (1024K)]
  0x000002a4bca1dd90 JavaThread "Cache worker for file hash cache (D:\gradle_cache\caches\8.12\fileHashes)"        [_thread_blocked, id=20812, stack(0x000000d542c00000,0x000000d542d00000) (1024K)]
  0x000002a4bce64470 JavaThread "File watcher server"        daemon [_thread_in_native, id=12328, stack(0x000000d543500000,0x000000d543600000) (1024K)]
  0x000002a4bce64b00 JavaThread "File watcher consumer"      daemon [_thread_blocked, id=25648, stack(0x000000d543600000,0x000000d543700000) (1024K)]
  0x000002a4bce623a0 JavaThread "Cache worker for file content cache (D:\gradle_cache\caches\8.12\fileContent)"        [_thread_blocked, id=10400, stack(0x000000d543700000,0x000000d543800000) (1024K)]
  0x000002a4bcf83e30 JavaThread "Memory manager"                    [_thread_blocked, id=3052, stack(0x000000d545a00000,0x000000d545b00000) (1024K)]
  0x000002a4bcf84b50 JavaThread "Handler for socket connection from /127.0.0.1:54798 to /127.0.0.1:58238"        [_thread_in_native, id=28072, stack(0x000000d540600000,0x000000d540700000) (1024K)]
  0x000002a4bcf823f0 JavaThread "Cancel handler"                    [_thread_blocked, id=17124, stack(0x000000d540700000,0x000000d540800000) (1024K)]
  0x000002a4bcf86c20 JavaThread "Asynchronous log dispatcher for DefaultDaemonConnection: socket connection from /127.0.0.1:54798 to /127.0.0.1:58238"        [_thread_blocked, id=15028, stack(0x000000d542300000,0x000000d542400000) (1024K)]
  0x000002a4bcf87940 JavaThread "Stdin handler"                     [_thread_blocked, id=30572, stack(0x000000d542400000,0x000000d542500000) (1024K)]
  0x000002a4bcf89380 JavaThread "Daemon client event forwarder"        [_thread_blocked, id=8536, stack(0x000000d542600000,0x000000d542700000) (1024K)]
  0x000002a4bcf872b0 JavaThread "Cache worker for file hash cache (D:\pranjal\electricity_billing\mobile\android\.gradle\8.12\fileHashes)"        [_thread_blocked, id=24552, stack(0x000000d542700000,0x000000d542800000) (1024K)]
  0x000002a4bcf88660 JavaThread "Cache worker for Build Output Cleanup Cache (D:\pranjal\electricity_billing\mobile\android\.gradle\buildOutputCleanup)"        [_thread_blocked, id=31940, stack(0x000000d542800000,0x000000d542900000) (1024K)]
  0x000002a4bcf87fd0 JavaThread "Cache worker for checksums cache (D:\pranjal\electricity_billing\mobile\android\.gradle\8.12\checksums)"        [_thread_blocked, id=29600, stack(0x000000d543300000,0x000000d543400000) (1024K)]
  0x000002a4bcf88cf0 JavaThread "Cache worker for cache directory md-rule (D:\gradle_cache\caches\8.12\md-rule)"        [_thread_blocked, id=27620, stack(0x000000d543400000,0x000000d543500000) (1024K)]
  0x000002a4bce62a30 JavaThread "Cache worker for cache directory md-supplier (D:\gradle_cache\caches\8.12\md-supplier)"        [_thread_blocked, id=30364, stack(0x000000d543800000,0x000000d543900000) (1024K)]
  0x000002a4bce65190 JavaThread "Cache worker for Build Output Cleanup Cache (C:\src\flutter\packages\flutter_tools\gradle\.gradle\buildOutputCleanup)"        [_thread_blocked, id=22560, stack(0x000000d543900000,0x000000d543a00000) (1024K)]
  0x000002a4bce65820 JavaThread "Unconstrained build operations"        [_thread_blocked, id=28376, stack(0x000000d543a00000,0x000000d543b00000) (1024K)]
  0x000002a4bce630c0 JavaThread "Unconstrained build operations Thread 2"        [_thread_blocked, id=24148, stack(0x000000d543b00000,0x000000d543c00000) (1024K)]
  0x000002a4bce65eb0 JavaThread "Unconstrained build operations Thread 3"        [_thread_blocked, id=24152, stack(0x000000d543c00000,0x000000d543d00000) (1024K)]
  0x000002a4bce678f0 JavaThread "Unconstrained build operations Thread 4"        [_thread_blocked, id=16624, stack(0x000000d543d00000,0x000000d543e00000) (1024K)]
  0x000002a4bce67f80 JavaThread "Unconstrained build operations Thread 5"        [_thread_blocked, id=15084, stack(0x000000d543e00000,0x000000d543f00000) (1024K)]
  0x000002a4bce68610 JavaThread "Unconstrained build operations Thread 6"        [_thread_blocked, id=26368, stack(0x000000d543f00000,0x000000d544000000) (1024K)]
  0x000002a4bca1e420 JavaThread "Unconstrained build operations Thread 7"        [_thread_blocked, id=26428, stack(0x000000d544000000,0x000000d544100000) (1024K)]
  0x000002a4bca204f0 JavaThread "Unconstrained build operations Thread 8"        [_thread_blocked, id=26680, stack(0x000000d544100000,0x000000d544200000) (1024K)]
  0x000002a4bca1f140 JavaThread "Unconstrained build operations Thread 9"        [_thread_blocked, id=28484, stack(0x000000d544200000,0x000000d544300000) (1024K)]
  0x000002a4bca1fe60 JavaThread "Unconstrained build operations Thread 10"        [_thread_blocked, id=28488, stack(0x000000d544300000,0x000000d544400000) (1024K)]
  0x000002a4be920c80 JavaThread "Unconstrained build operations Thread 11"        [_thread_blocked, id=24976, stack(0x000000d544400000,0x000000d544500000) (1024K)]
  0x000002a4be923a70 JavaThread "Unconstrained build operations Thread 12"        [_thread_blocked, id=11096, stack(0x000000d544500000,0x000000d544600000) (1024K)]
  0x000002a4be9226c0 JavaThread "Unconstrained build operations Thread 13"        [_thread_blocked, id=29724, stack(0x000000d544600000,0x000000d544700000) (1024K)]
  0x000002a4be922030 JavaThread "Unconstrained build operations Thread 14"        [_thread_blocked, id=30188, stack(0x000000d544700000,0x000000d544800000) (1024K)]
  0x000002a4be9205f0 JavaThread "Unconstrained build operations Thread 15"        [_thread_blocked, id=29604, stack(0x000000d544800000,0x000000d544900000) (1024K)]
  0x000002a4be9233e0 JavaThread "Unconstrained build operations Thread 16"        [_thread_blocked, id=12268, stack(0x000000d544900000,0x000000d544a00000) (1024K)]
  0x000002a4be9219a0 JavaThread "Unconstrained build operations Thread 17"        [_thread_blocked, id=29416, stack(0x000000d544a00000,0x000000d544b00000) (1024K)]
  0x000002a4be924100 JavaThread "Unconstrained build operations Thread 18"        [_thread_blocked, id=20128, stack(0x000000d544b00000,0x000000d544c00000) (1024K)]
  0x000002a4be924790 JavaThread "Unconstrained build operations Thread 19"        [_thread_blocked, id=2888, stack(0x000000d544c00000,0x000000d544d00000) (1024K)]
  0x000002a4be921310 JavaThread "Unconstrained build operations Thread 20"        [_thread_blocked, id=29640, stack(0x000000d544d00000,0x000000d544e00000) (1024K)]
  0x000002a4be924e20 JavaThread "Unconstrained build operations Thread 21"        [_thread_blocked, id=29304, stack(0x000000d544e00000,0x000000d544f00000) (1024K)]
  0x000002a4be9261d0 JavaThread "Unconstrained build operations Thread 22"        [_thread_blocked, id=15712, stack(0x000000d544f00000,0x000000d545000000) (1024K)]
  0x000002a4be922d50 JavaThread "build event listener"              [_thread_blocked, id=3908, stack(0x000000d545000000,0x000000d545100000) (1024K)]
  0x000002a4be927580 JavaThread "Execution worker"                  [_thread_blocked, id=30248, stack(0x000000d542b00000,0x000000d542c00000) (1024K)]
  0x000002a4be927c10 JavaThread "Execution worker Thread 2"         [_thread_blocked, id=30948, stack(0x000000d545100000,0x000000d545200000) (1024K)]
  0x000002a4be9254b0 JavaThread "Execution worker Thread 3"         [_thread_blocked, id=20900, stack(0x000000d545200000,0x000000d545300000) (1024K)]
  0x000002a4be925b40 JavaThread "Execution worker Thread 4"         [_thread_blocked, id=2160, stack(0x000000d545300000,0x000000d545400000) (1024K)]
  0x000002a4be926860 JavaThread "Execution worker Thread 5"         [_thread_blocked, id=24920, stack(0x000000d545400000,0x000000d545500000) (1024K)]
  0x000002a4bcf83110 JavaThread "Execution worker Thread 6"         [_thread_blocked, id=25068, stack(0x000000d545500000,0x000000d545600000) (1024K)]
  0x000002a4bcf837a0 JavaThread "Execution worker Thread 7"         [_thread_blocked, id=17320, stack(0x000000d545600000,0x000000d545700000) (1024K)]
  0x000002a4c016e4b0 JavaThread "Execution worker Thread 8"         [_thread_blocked, id=11792, stack(0x000000d545700000,0x000000d545800000) (1024K)]
  0x000002a4c016c3e0 JavaThread "Execution worker Thread 9"         [_thread_blocked, id=10904, stack(0x000000d545800000,0x000000d545900000) (1024K)]
  0x000002a4c016b030 JavaThread "Execution worker Thread 10"        [_thread_blocked, id=31448, stack(0x000000d545900000,0x000000d545a00000) (1024K)]
  0x000002a4c016ca70 JavaThread "Execution worker Thread 11"        [_thread_blocked, id=32064, stack(0x000000d545b00000,0x000000d545c00000) (1024K)]
  0x000002a4c016b6c0 JavaThread "Cache worker for execution history cache (C:\src\flutter\packages\flutter_tools\gradle\.gradle\8.12\executionHistory)"        [_thread_blocked, id=28400, stack(0x000000d545c00000,0x000000d545d00000) (1024K)]
  0x000002a4c016d790 JavaThread "Unconstrained build operations Thread 23"        [_thread_blocked, id=33492, stack(0x000000d545e00000,0x000000d545f00000) (1024K)]
  0x000002a4c016de20 JavaThread "Unconstrained build operations Thread 24"        [_thread_blocked, id=33496, stack(0x000000d545f00000,0x000000d546000000) (1024K)]
  0x000002a4c016bd50 JavaThread "Unconstrained build operations Thread 25"        [_thread_blocked, id=33500, stack(0x000000d546000000,0x000000d546100000) (1024K)]
  0x000002a4bff7af00 JavaThread "Unconstrained build operations Thread 26"        [_thread_blocked, id=33504, stack(0x000000d546100000,0x000000d546200000) (1024K)]
  0x000002a4bff7a1e0 JavaThread "Unconstrained build operations Thread 27"        [_thread_blocked, id=33508, stack(0x000000d546200000,0x000000d546300000) (1024K)]
  0x000002a4bff78e30 JavaThread "Unconstrained build operations Thread 28"        [_thread_blocked, id=33512, stack(0x000000d546300000,0x000000d546400000) (1024K)]
  0x000002a4bff7a870 JavaThread "Unconstrained build operations Thread 29"        [_thread_blocked, id=33516, stack(0x000000d546400000,0x000000d546500000) (1024K)]
  0x000002a4bff78110 JavaThread "Unconstrained build operations Thread 30"        [_thread_blocked, id=33520, stack(0x000000d546500000,0x000000d546600000) (1024K)]
  0x000002a4bff787a0 JavaThread "Unconstrained build operations Thread 31"        [_thread_blocked, id=33524, stack(0x000000d546600000,0x000000d546700000) (1024K)]
  0x000002a4bff794c0 JavaThread "Unconstrained build operations Thread 32"        [_thread_blocked, id=33528, stack(0x000000d546700000,0x000000d546800000) (1024K)]
  0x000002a4bff77a80 JavaThread "Unconstrained build operations Thread 33"        [_thread_blocked, id=33532, stack(0x000000d546800000,0x000000d546900000) (1024K)]
  0x000002a4bff79b50 JavaThread "Unconstrained build operations Thread 34"        [_thread_blocked, id=33584, stack(0x000000d546900000,0x000000d546a00000) (1024K)]
  0x000002a4bf4a63e0 JavaThread "Unconstrained build operations Thread 35"        [_thread_blocked, id=33588, stack(0x000000d546a00000,0x000000d546b00000) (1024K)]
  0x000002a4bf4a49a0 JavaThread "Unconstrained build operations Thread 36"        [_thread_blocked, id=33592, stack(0x000000d546b00000,0x000000d546c00000) (1024K)]
  0x000002a4bf4a2f60 JavaThread "Unconstrained build operations Thread 37"        [_thread_blocked, id=33596, stack(0x000000d546c00000,0x000000d546d00000) (1024K)]
  0x000002a4bf4a35f0 JavaThread "Unconstrained build operations Thread 38"        [_thread_blocked, id=33600, stack(0x000000d546d00000,0x000000d546e00000) (1024K)]
  0x000002a4bf4a7100 JavaThread "Unconstrained build operations Thread 39"        [_thread_blocked, id=33604, stack(0x000000d546e00000,0x000000d546f00000) (1024K)]
  0x000002a4bf4a3c80 JavaThread "Unconstrained build operations Thread 40"        [_thread_blocked, id=33608, stack(0x000000d546f00000,0x000000d547000000) (1024K)]
  0x000002a4bf4a6a70 JavaThread "Unconstrained build operations Thread 41"        [_thread_blocked, id=33612, stack(0x000000d547000000,0x000000d547100000) (1024K)]
  0x000002a4bf4a5d50 JavaThread "Unconstrained build operations Thread 42"        [_thread_blocked, id=33616, stack(0x000000d547100000,0x000000d547200000) (1024K)]
  0x000002a4bf4a7790 JavaThread "Unconstrained build operations Thread 43"        [_thread_blocked, id=33620, stack(0x000000d547200000,0x000000d547300000) (1024K)]
  0x000002a4bf4a4310 JavaThread "Unconstrained build operations Thread 44"        [_thread_blocked, id=33624, stack(0x000000d547300000,0x000000d547400000) (1024K)]
  0x000002a4bf4a7e20 JavaThread "Unconstrained build operations Thread 45"        [_thread_blocked, id=33468, stack(0x000000d547400000,0x000000d547500000) (1024K)]
  0x000002a4bf4a84b0 JavaThread "Unconstrained build operations Thread 46"        [_thread_blocked, id=15412, stack(0x000000d547500000,0x000000d547600000) (1024K)]
  0x000002a4bf4a5030 JavaThread "Unconstrained build operations Thread 47"        [_thread_blocked, id=16148, stack(0x000000d547600000,0x000000d547700000) (1024K)]
  0x000002a4bf4a8b40 JavaThread "Unconstrained build operations Thread 48"        [_thread_blocked, id=33568, stack(0x000000d547700000,0x000000d547800000) (1024K)]
  0x000002a4bf4a56c0 JavaThread "Unconstrained build operations Thread 49"        [_thread_blocked, id=33764, stack(0x000000d547800000,0x000000d547900000) (1024K)]
  0x000002a4bf4a91d0 JavaThread "Unconstrained build operations Thread 50"        [_thread_blocked, id=33232, stack(0x000000d547900000,0x000000d547a00000) (1024K)]
  0x000002a4bf4a9860 JavaThread "Unconstrained build operations Thread 51"        [_thread_blocked, id=15244, stack(0x000000d547a00000,0x000000d547b00000) (1024K)]
  0x000002a4bf4a9ef0 JavaThread "Unconstrained build operations Thread 52"        [_thread_blocked, id=30604, stack(0x000000d547b00000,0x000000d547c00000) (1024K)]
  0x000002a4bf4aa580 JavaThread "Unconstrained build operations Thread 53"        [_thread_blocked, id=33400, stack(0x000000d547c00000,0x000000d547d00000) (1024K)]
  0x000002a4bf0e0dd0 JavaThread "Unconstrained build operations Thread 54"        [_thread_blocked, id=33576, stack(0x000000d547d00000,0x000000d547e00000) (1024K)]
  0x000002a4bf0e2180 JavaThread "Unconstrained build operations Thread 55"        [_thread_blocked, id=33540, stack(0x000000d547e00000,0x000000d547f00000) (1024K)]
  0x000002a4bf0e48e0 JavaThread "Unconstrained build operations Thread 56"        [_thread_blocked, id=34012, stack(0x000000d547f00000,0x000000d548000000) (1024K)]
  0x000002a4bf0e1af0 JavaThread "Unconstrained build operations Thread 57"        [_thread_blocked, id=34016, stack(0x000000d548000000,0x000000d548100000) (1024K)]
  0x000002a4bf0e2810 JavaThread "Unconstrained build operations Thread 58"        [_thread_blocked, id=33028, stack(0x000000d548100000,0x000000d548200000) (1024K)]
  0x000002a4bf0e3530 JavaThread "Unconstrained build operations Thread 59"        [_thread_blocked, id=33096, stack(0x000000d548200000,0x000000d548300000) (1024K)]
  0x000002a4bf0e5600 JavaThread "Unconstrained build operations Thread 60"        [_thread_blocked, id=33212, stack(0x000000d548300000,0x000000d548400000) (1024K)]
  0x000002a4bf0e6320 JavaThread "Unconstrained build operations Thread 61"        [_thread_blocked, id=33252, stack(0x000000d548400000,0x000000d548500000) (1024K)]
  0x000002a4bf0e4250 JavaThread "Unconstrained build operations Thread 62"        [_thread_blocked, id=20760, stack(0x000000d548500000,0x000000d548600000) (1024K)]
  0x000002a4bf0e4f70 JavaThread "Unconstrained build operations Thread 63"        [_thread_blocked, id=30960, stack(0x000000d548600000,0x000000d548700000) (1024K)]
  0x000002a4bf0e5c90 JavaThread "Unconstrained build operations Thread 64"        [_thread_blocked, id=29116, stack(0x000000d548700000,0x000000d548800000) (1024K)]
  0x000002a4bf0e2ea0 JavaThread "Unconstrained build operations Thread 65"        [_thread_blocked, id=33428, stack(0x000000d548800000,0x000000d548900000) (1024K)]
  0x000002a4bf0e69b0 JavaThread "Unconstrained build operations Thread 66"        [_thread_blocked, id=33436, stack(0x000000d548900000,0x000000d548a00000) (1024K)]
  0x000002a4bf0e7040 JavaThread "Unconstrained build operations Thread 67"        [_thread_blocked, id=31580, stack(0x000000d548a00000,0x000000d548b00000) (1024K)]
  0x000002a4bf0e3bc0 JavaThread "Unconstrained build operations Thread 68"        [_thread_blocked, id=31704, stack(0x000000d548b00000,0x000000d548c00000) (1024K)]
  0x000002a4bf0e76d0 JavaThread "Unconstrained build operations Thread 69"        [_thread_blocked, id=29980, stack(0x000000d548c00000,0x000000d548d00000) (1024K)]
  0x000002a4bf0e7d60 JavaThread "Unconstrained build operations Thread 70"        [_thread_blocked, id=30108, stack(0x000000d548d00000,0x000000d548e00000) (1024K)]
  0x000002a4bf0e83f0 JavaThread "Unconstrained build operations Thread 71"        [_thread_blocked, id=29968, stack(0x000000d548e00000,0x000000d548f00000) (1024K)]
  0x000002a4bf55a4a0 JavaThread "Unconstrained build operations Thread 72"        [_thread_blocked, id=29720, stack(0x000000d548f00000,0x000000d549000000) (1024K)]
  0x000002a4bf5583d0 JavaThread "Unconstrained build operations Thread 73"        [_thread_blocked, id=29952, stack(0x000000d549000000,0x000000d549100000) (1024K)]
  0x000002a4bf559780 JavaThread "Unconstrained build operations Thread 74"        [_thread_blocked, id=30552, stack(0x000000d549100000,0x000000d549200000) (1024K)]
  0x000002a4bf558a60 JavaThread "Unconstrained build operations Thread 75"        [_thread_blocked, id=30120, stack(0x000000d549200000,0x000000d549300000) (1024K)]
  0x000002a4bf5576b0 JavaThread "Unconstrained build operations Thread 76"        [_thread_blocked, id=25820, stack(0x000000d549300000,0x000000d549400000) (1024K)]
  0x000002a4bf5590f0 JavaThread "Unconstrained build operations Thread 77"        [_thread_blocked, id=10716, stack(0x000000d549400000,0x000000d549500000) (1024K)]
  0x000002a4bf559e10 JavaThread "Unconstrained build operations Thread 78"        [_thread_blocked, id=30632, stack(0x000000d549500000,0x000000d549600000) (1024K)]
  0x000002a4bf557020 JavaThread "Unconstrained build operations Thread 79"        [_thread_blocked, id=30652, stack(0x000000d549600000,0x000000d549700000) (1024K)]
  0x000002a4bf7b3700 JavaThread "Unconstrained build operations Thread 80"        [_thread_blocked, id=33968, stack(0x000000d549700000,0x000000d549800000) (1024K)]
  0x000002a4bf7b3d90 JavaThread "Unconstrained build operations Thread 81"        [_thread_blocked, id=33972, stack(0x000000d549800000,0x000000d549900000) (1024K)]
  0x000002a4bf7b5140 JavaThread "Unconstrained build operations Thread 82"        [_thread_blocked, id=33948, stack(0x000000d549900000,0x000000d549a00000) (1024K)]
  0x000002a4bf7b3070 JavaThread "Unconstrained build operations Thread 83"        [_thread_blocked, id=34084, stack(0x000000d549a00000,0x000000d549b00000) (1024K)]
  0x000002a4bf7b6b80 JavaThread "Unconstrained build operations Thread 84"        [_thread_blocked, id=34092, stack(0x000000d549b00000,0x000000d549c00000) (1024K)]
  0x000002a4bf7b78a0 JavaThread "Unconstrained build operations Thread 85"        [_thread_blocked, id=34096, stack(0x000000d549c00000,0x000000d549d00000) (1024K)]
  0x000002a4bf7b7210 JavaThread "Unconstrained build operations Thread 86"        [_thread_blocked, id=22008, stack(0x000000d549d00000,0x000000d549e00000) (1024K)]
  0x000002a4bf7b4420 JavaThread "Unconstrained build operations Thread 87"        [_thread_blocked, id=34088, stack(0x000000d549e00000,0x000000d549f00000) (1024K)]
  0x000002a4bf7b7f30 JavaThread "Unconstrained build operations Thread 88"        [_thread_blocked, id=34100, stack(0x000000d549f00000,0x000000d54a000000) (1024K)]
  0x000002a4bf7b4ab0 JavaThread "Unconstrained build operations Thread 89"        [_thread_blocked, id=34108, stack(0x000000d54a000000,0x000000d54a100000) (1024K)]
  0x000002a4bf7b85c0 JavaThread "Unconstrained build operations Thread 90"        [_thread_blocked, id=34116, stack(0x000000d54a100000,0x000000d54a200000) (1024K)]
  0x000002a4bf55bee0 JavaThread "build event listener"              [_thread_blocked, id=27964, stack(0x000000d54a300000,0x000000d54a400000) (1024K)]
  0x000002a4c651bfa0 JavaThread "File lock release action executor Thread 4"        [_thread_blocked, id=11452, stack(0x000000d540500000,0x000000d540600000) (1024K)]
Total: 139

Other Threads:
  0x000002a49b362240 VMThread "VM Thread"                           [id=14816, stack(0x000000d540f00000,0x000000d541000000) (1024K)]
  0x000002a49b352220 WatcherThread "VM Periodic Task Thread"        [id=6276, stack(0x000000d540e00000,0x000000d540f00000) (1024K)]
  0x000002a48311a500 WorkerThread "GC Thread#0"                     [id=10644, stack(0x000000d540900000,0x000000d540a00000) (1024K)]
  0x000002a4bb8d2620 WorkerThread "GC Thread#1"                     [id=11800, stack(0x000000d541b00000,0x000000d541c00000) (1024K)]
  0x000002a4bb858f00 WorkerThread "GC Thread#2"                     [id=5200, stack(0x000000d541c00000,0x000000d541d00000) (1024K)]
  0x000002a4bbe04cf0 WorkerThread "GC Thread#3"                     [id=1504, stack(0x000000d541d00000,0x000000d541e00000) (1024K)]
  0x000002a4bc0807c0 WorkerThread "GC Thread#4"                     [id=18540, stack(0x000000d541e00000,0x000000d541f00000) (1024K)]
  0x000002a4bc988980 WorkerThread "GC Thread#5"                     [id=28600, stack(0x000000d541f00000,0x000000d542000000) (1024K)]
  0x000002a4bca28410 WorkerThread "GC Thread#6"                     [id=24332, stack(0x000000d542d00000,0x000000d542e00000) (1024K)]
  0x000002a4bca27900 WorkerThread "GC Thread#7"                     [id=28332, stack(0x000000d542e00000,0x000000d542f00000) (1024K)]
  0x000002a4bca26df0 WorkerThread "GC Thread#8"                     [id=22556, stack(0x000000d542f00000,0x000000d543000000) (1024K)]
  0x000002a4bca271a0 WorkerThread "GC Thread#9"                     [id=29376, stack(0x000000d543000000,0x000000d543100000) (1024K)]
  0x000002a48312be20 ConcurrentGCThread "G1 Main Marker"            [id=16588, stack(0x000000d540a00000,0x000000d540b00000) (1024K)]
  0x000002a48312e900 WorkerThread "G1 Conc#0"                       [id=27852, stack(0x000000d540b00000,0x000000d540c00000) (1024K)]
  0x000002a4bea552a0 WorkerThread "G1 Conc#1"                       [id=23696, stack(0x000000d543100000,0x000000d543200000) (1024K)]
  0x000002a4bea55650 WorkerThread "G1 Conc#2"                       [id=21588, stack(0x000000d543200000,0x000000d543300000) (1024K)]
  0x000002a49b226450 ConcurrentGCThread "G1 Refine#0"               [id=28012, stack(0x000000d540c00000,0x000000d540d00000) (1024K)]
  0x000002a49b226c80 ConcurrentGCThread "G1 Service"                [id=20828, stack(0x000000d540d00000,0x000000d540e00000) (1024K)]
Total: 18

Threads with active compile tasks:
C2 CompilerThread0  948106 18677       4       org.gradle.internal.operations.BuildOperationDescriptor::<init> (18 bytes)
Total: 1

VM state: not at safepoint (normal execution)

VM Mutex/Monitor currently owned by a thread: None

Heap address: 0x0000000080000000, size: 2048 MB, Compressed Oops mode: 32-bit

CDS archive(s) mapped at: [0x000002a49c000000-0x000002a49cba0000-0x000002a49cba0000), size 12189696, SharedBaseAddress: 0x000002a49c000000, ArchiveRelocationMode: 1.
Compressed class space mapped at: 0x000002a49d000000-0x000002a4b7000000, reserved size: 436207616
Narrow klass base: 0x000002a49c000000, Narrow klass shift: 0, Narrow klass range: 0x100000000

GC Precious Log:
 CardTable entry size: 512
 Card Set container configuration: InlinePtr #cards 5 size 8 Array Of Cards #cards 12 size 40 Howl #buckets 4 coarsen threshold 1843 Howl Bitmap #cards 512 size 80 coarsen threshold 460 Card regions per heap region 1 cards per card region 2048
 CPUs: 12 total, 12 available
 Memory: 7832M
 Large Page Support: Disabled
 NUMA Support: Disabled
 Compressed Oops: Enabled (32-bit)
 Heap Region Size: 1M
 Heap Min Capacity: 8M
 Heap Initial Capacity: 124M
 Heap Max Capacity: 2G
 Pre-touch: Disabled
 Parallel Workers: 10
 Concurrent Workers: 3
 Concurrent Refinement Workers: 10
 Periodic GC: Disabled

Heap:
 garbage-first heap   total 335872K, used 238446K [0x0000000080000000, 0x0000000100000000)
  region size 1024K, 82 young (83968K), 6 survivors (6144K)
 Metaspace       used 154762K, committed 157568K, reserved 622592K
  class space    used 20488K, committed 21888K, reserved 425984K

Heap Regions: E=young(eden), S=young(survivor), O=old, HS=humongous(starts), HC=humongous(continues), CS=collection set, F=free, TAMS=top-at-mark-start, PB=parsable bottom
|   0|0x0000000080000000, 0x0000000080100000, 0x0000000080100000|100%| O|  |TAMS 0x0000000080000000| PB 0x0000000080000000| Untracked 
|   1|0x0000000080100000, 0x0000000080200000, 0x0000000080200000|100%|HS|  |TAMS 0x0000000080100000| PB 0x0000000080100000| Complete 
|   2|0x0000000080200000, 0x0000000080300000, 0x0000000080300000|100%|HC|  |TAMS 0x0000000080200000| PB 0x0000000080200000| Complete 
|   3|0x0000000080300000, 0x0000000080400000, 0x0000000080400000|100%|HC|  |TAMS 0x0000000080300000| PB 0x0000000080300000| Complete 
|   4|0x0000000080400000, 0x0000000080500000, 0x0000000080500000|100%| O|  |TAMS 0x0000000080400000| PB 0x0000000080400000| Untracked 
|   5|0x0000000080500000, 0x0000000080600000, 0x0000000080600000|100%| O|  |TAMS 0x0000000080500000| PB 0x0000000080500000| Untracked 
|   6|0x0000000080600000, 0x0000000080700000, 0x0000000080700000|100%| O|  |TAMS 0x0000000080600000| PB 0x0000000080600000| Untracked 
|   7|0x0000000080700000, 0x0000000080800000, 0x0000000080800000|100%|HS|  |TAMS 0x0000000080700000| PB 0x0000000080700000| Complete 
|   8|0x0000000080800000, 0x0000000080900000, 0x0000000080900000|100%| O|  |TAMS 0x0000000080800000| PB 0x0000000080800000| Untracked 
|   9|0x0000000080900000, 0x0000000080a00000, 0x0000000080a00000|100%| O|  |TAMS 0x0000000080900000| PB 0x0000000080900000| Untracked 
|  10|0x0000000080a00000, 0x0000000080b00000, 0x0000000080b00000|100%| O|  |TAMS 0x0000000080a00000| PB 0x0000000080a00000| Untracked 
|  11|0x0000000080b00000, 0x0000000080c00000, 0x0000000080c00000|100%| O|  |TAMS 0x0000000080b00000| PB 0x0000000080b00000| Untracked 
|  12|0x0000000080c00000, 0x0000000080d00000, 0x0000000080d00000|100%| O|  |TAMS 0x0000000080c00000| PB 0x0000000080c00000| Untracked 
|  13|0x0000000080d00000, 0x0000000080e00000, 0x0000000080e00000|100%| O|  |TAMS 0x0000000080d00000| PB 0x0000000080d00000| Untracked 
|  14|0x0000000080e00000, 0x0000000080f00000, 0x0000000080f00000|100%| O|  |TAMS 0x0000000080e00000| PB 0x0000000080e00000| Untracked 
|  15|0x0000000080f00000, 0x0000000081000000, 0x0000000081000000|100%| O|  |TAMS 0x0000000080f00000| PB 0x0000000080f00000| Untracked 
|  16|0x0000000081000000, 0x0000000081100000, 0x0000000081100000|100%| O|  |TAMS 0x0000000081000000| PB 0x0000000081000000| Untracked 
|  17|0x0000000081100000, 0x0000000081200000, 0x0000000081200000|100%| O|  |TAMS 0x0000000081100000| PB 0x0000000081100000| Untracked 
|  18|0x0000000081200000, 0x0000000081300000, 0x0000000081300000|100%| O|  |TAMS 0x0000000081200000| PB 0x0000000081200000| Untracked 
|  19|0x0000000081300000, 0x0000000081400000, 0x0000000081400000|100%| O|  |TAMS 0x0000000081300000| PB 0x0000000081300000| Untracked 
|  20|0x0000000081400000, 0x0000000081500000, 0x0000000081500000|100%| O|  |TAMS 0x0000000081400000| PB 0x0000000081400000| Untracked 
|  21|0x0000000081500000, 0x0000000081600000, 0x0000000081600000|100%| O|  |TAMS 0x0000000081500000| PB 0x0000000081500000| Untracked 
|  22|0x0000000081600000, 0x0000000081700000, 0x0000000081700000|100%| O|  |TAMS 0x0000000081600000| PB 0x0000000081600000| Untracked 
|  23|0x0000000081700000, 0x0000000081800000, 0x0000000081800000|100%| O|  |TAMS 0x0000000081700000| PB 0x0000000081700000| Untracked 
|  24|0x0000000081800000, 0x0000000081900000, 0x0000000081900000|100%| O|  |TAMS 0x0000000081800000| PB 0x0000000081800000| Untracked 
|  25|0x0000000081900000, 0x0000000081a00000, 0x0000000081a00000|100%| O|  |TAMS 0x0000000081900000| PB 0x0000000081900000| Untracked 
|  26|0x0000000081a00000, 0x0000000081b00000, 0x0000000081b00000|100%|HS|  |TAMS 0x0000000081a00000| PB 0x0000000081a00000| Complete 
|  27|0x0000000081b00000, 0x0000000081c00000, 0x0000000081c00000|100%| O|  |TAMS 0x0000000081b00000| PB 0x0000000081b00000| Untracked 
|  28|0x0000000081c00000, 0x0000000081d00000, 0x0000000081d00000|100%| O|  |TAMS 0x0000000081c00000| PB 0x0000000081c00000| Untracked 
|  29|0x0000000081d00000, 0x0000000081e00000, 0x0000000081e00000|100%| O|  |TAMS 0x0000000081d00000| PB 0x0000000081d00000| Untracked 
|  30|0x0000000081e00000, 0x0000000081f00000, 0x0000000081f00000|100%| O|  |TAMS 0x0000000081e00000| PB 0x0000000081e00000| Untracked 
|  31|0x0000000081f00000, 0x0000000082000000, 0x0000000082000000|100%| O|  |TAMS 0x0000000081f00000| PB 0x0000000081f00000| Untracked 
|  32|0x0000000082000000, 0x0000000082100000, 0x0000000082100000|100%| O|  |TAMS 0x0000000082000000| PB 0x0000000082000000| Untracked 
|  33|0x0000000082100000, 0x0000000082200000, 0x0000000082200000|100%| O|  |TAMS 0x0000000082100000| PB 0x0000000082100000| Untracked 
|  34|0x0000000082200000, 0x0000000082300000, 0x0000000082300000|100%| O|  |TAMS 0x0000000082200000| PB 0x0000000082200000| Untracked 
|  35|0x0000000082300000, 0x0000000082400000, 0x0000000082400000|100%|HS|  |TAMS 0x0000000082300000| PB 0x0000000082300000| Complete 
|  36|0x0000000082400000, 0x0000000082500000, 0x0000000082500000|100%|HC|  |TAMS 0x0000000082400000| PB 0x0000000082400000| Complete 
|  37|0x0000000082500000, 0x0000000082600000, 0x0000000082600000|100%| O|  |TAMS 0x0000000082500000| PB 0x0000000082500000| Untracked 
|  38|0x0000000082600000, 0x0000000082700000, 0x0000000082700000|100%| O|  |TAMS 0x0000000082600000| PB 0x0000000082600000| Untracked 
|  39|0x0000000082700000, 0x0000000082800000, 0x0000000082800000|100%| O|  |TAMS 0x0000000082700000| PB 0x0000000082700000| Untracked 
|  40|0x0000000082800000, 0x0000000082900000, 0x0000000082900000|100%| O|  |TAMS 0x0000000082800000| PB 0x0000000082800000| Untracked 
|  41|0x0000000082900000, 0x0000000082a00000, 0x0000000082a00000|100%| O|  |TAMS 0x0000000082900000| PB 0x0000000082900000| Untracked 
|  42|0x0000000082a00000, 0x0000000082b00000, 0x0000000082b00000|100%| O|  |TAMS 0x0000000082a00000| PB 0x0000000082a00000| Untracked 
|  43|0x0000000082b00000, 0x0000000082c00000, 0x0000000082c00000|100%|HS|  |TAMS 0x0000000082b00000| PB 0x0000000082b00000| Complete 
|  44|0x0000000082c00000, 0x0000000082d00000, 0x0000000082d00000|100%|HC|  |TAMS 0x0000000082c00000| PB 0x0000000082c00000| Complete 
|  45|0x0000000082d00000, 0x0000000082e00000, 0x0000000082e00000|100%| O|  |TAMS 0x0000000082d00000| PB 0x0000000082d00000| Untracked 
|  46|0x0000000082e00000, 0x0000000082f00000, 0x0000000082f00000|100%| O|  |TAMS 0x0000000082e00000| PB 0x0000000082e00000| Untracked 
|  47|0x0000000082f00000, 0x0000000083000000, 0x0000000083000000|100%| O|  |TAMS 0x0000000082f00000| PB 0x0000000082f00000| Untracked 
|  48|0x0000000083000000, 0x0000000083100000, 0x0000000083100000|100%| O|  |TAMS 0x0000000083000000| PB 0x0000000083000000| Untracked 
|  49|0x0000000083100000, 0x0000000083200000, 0x0000000083200000|100%| O|  |TAMS 0x0000000083100000| PB 0x0000000083100000| Untracked 
|  50|0x0000000083200000, 0x0000000083300000, 0x0000000083300000|100%| O|  |TAMS 0x0000000083200000| PB 0x0000000083200000| Untracked 
|  51|0x0000000083300000, 0x0000000083400000, 0x0000000083400000|100%| O|  |TAMS 0x0000000083300000| PB 0x0000000083300000| Untracked 
|  52|0x0000000083400000, 0x0000000083500000, 0x0000000083500000|100%| O|  |TAMS 0x0000000083400000| PB 0x0000000083400000| Untracked 
|  53|0x0000000083500000, 0x0000000083600000, 0x0000000083600000|100%| O|  |TAMS 0x0000000083500000| PB 0x0000000083500000| Untracked 
|  54|0x0000000083600000, 0x0000000083700000, 0x0000000083700000|100%| O|  |TAMS 0x0000000083600000| PB 0x0000000083600000| Untracked 
|  55|0x0000000083700000, 0x0000000083800000, 0x0000000083800000|100%| O|  |TAMS 0x0000000083700000| PB 0x0000000083700000| Untracked 
|  56|0x0000000083800000, 0x0000000083900000, 0x0000000083900000|100%| O|  |TAMS 0x0000000083800000| PB 0x0000000083800000| Untracked 
|  57|0x0000000083900000, 0x0000000083a00000, 0x0000000083a00000|100%| O|  |TAMS 0x0000000083900000| PB 0x0000000083900000| Untracked 
|  58|0x0000000083a00000, 0x0000000083b00000, 0x0000000083b00000|100%| O|  |TAMS 0x0000000083a00000| PB 0x0000000083a00000| Untracked 
|  59|0x0000000083b00000, 0x0000000083c00000, 0x0000000083c00000|100%| O|  |TAMS 0x0000000083b00000| PB 0x0000000083b00000| Untracked 
|  60|0x0000000083c00000, 0x0000000083d00000, 0x0000000083d00000|100%| O|  |TAMS 0x0000000083c00000| PB 0x0000000083c00000| Untracked 
|  61|0x0000000083d00000, 0x0000000083e00000, 0x0000000083e00000|100%| O|  |TAMS 0x0000000083d00000| PB 0x0000000083d00000| Untracked 
|  62|0x0000000083e00000, 0x0000000083f00000, 0x0000000083f00000|100%|HS|  |TAMS 0x0000000083e00000| PB 0x0000000083e00000| Complete 
|  63|0x0000000083f00000, 0x0000000084000000, 0x0000000084000000|100%|HS|  |TAMS 0x0000000083f00000| PB 0x0000000083f00000| Complete 
|  64|0x0000000084000000, 0x0000000084100000, 0x0000000084100000|100%|HS|  |TAMS 0x0000000084000000| PB 0x0000000084000000| Complete 
|  65|0x0000000084100000, 0x0000000084200000, 0x0000000084200000|100%|HC|  |TAMS 0x0000000084100000| PB 0x0000000084100000| Complete 
|  66|0x0000000084200000, 0x0000000084300000, 0x0000000084300000|100%|HS|  |TAMS 0x0000000084200000| PB 0x0000000084200000| Complete 
|  67|0x0000000084300000, 0x0000000084400000, 0x0000000084400000|100%|HS|  |TAMS 0x0000000084300000| PB 0x0000000084300000| Complete 
|  68|0x0000000084400000, 0x0000000084500000, 0x0000000084500000|100%|HS|  |TAMS 0x0000000084400000| PB 0x0000000084400000| Complete 
|  69|0x0000000084500000, 0x0000000084600000, 0x0000000084600000|100%|HS|  |TAMS 0x0000000084500000| PB 0x0000000084500000| Complete 
|  70|0x0000000084600000, 0x0000000084700000, 0x0000000084700000|100%|HC|  |TAMS 0x0000000084600000| PB 0x0000000084600000| Complete 
|  71|0x0000000084700000, 0x0000000084800000, 0x0000000084800000|100%|HS|  |TAMS 0x0000000084700000| PB 0x0000000084700000| Complete 
|  72|0x0000000084800000, 0x0000000084900000, 0x0000000084900000|100%| O|  |TAMS 0x0000000084800000| PB 0x0000000084800000| Untracked 
|  73|0x0000000084900000, 0x0000000084a00000, 0x0000000084a00000|100%| O|  |TAMS 0x0000000084900000| PB 0x0000000084900000| Untracked 
|  74|0x0000000084a00000, 0x0000000084b00000, 0x0000000084b00000|100%| O|  |TAMS 0x0000000084a00000| PB 0x0000000084a00000| Untracked 
|  75|0x0000000084b00000, 0x0000000084c00000, 0x0000000084c00000|100%| O|  |TAMS 0x0000000084b00000| PB 0x0000000084b00000| Untracked 
|  76|0x0000000084c00000, 0x0000000084d00000, 0x0000000084d00000|100%| O|  |TAMS 0x0000000084c00000| PB 0x0000000084c00000| Untracked 
|  77|0x0000000084d00000, 0x0000000084e00000, 0x0000000084e00000|100%| O|  |TAMS 0x0000000084d00000| PB 0x0000000084d00000| Untracked 
|  78|0x0000000084e00000, 0x0000000084f00000, 0x0000000084f00000|100%| O|  |TAMS 0x0000000084e00000| PB 0x0000000084e00000| Untracked 
|  79|0x0000000084f00000, 0x0000000085000000, 0x0000000085000000|100%|HS|  |TAMS 0x0000000084f00000| PB 0x0000000084f00000| Complete 
|  80|0x0000000085000000, 0x0000000085100000, 0x0000000085100000|100%| O|  |TAMS 0x0000000085000000| PB 0x0000000085000000| Untracked 
|  81|0x0000000085100000, 0x0000000085200000, 0x0000000085200000|100%| O|  |TAMS 0x0000000085100000| PB 0x0000000085100000| Untracked 
|  82|0x0000000085200000, 0x0000000085300000, 0x0000000085300000|100%| O|  |TAMS 0x0000000085200000| PB 0x0000000085200000| Untracked 
|  83|0x0000000085300000, 0x0000000085400000, 0x0000000085400000|100%| O|  |TAMS 0x0000000085300000| PB 0x0000000085300000| Untracked 
|  84|0x0000000085400000, 0x0000000085500000, 0x0000000085500000|100%| O|  |TAMS 0x0000000085400000| PB 0x0000000085400000| Untracked 
|  85|0x0000000085500000, 0x0000000085600000, 0x0000000085600000|100%| O|  |TAMS 0x0000000085500000| PB 0x0000000085500000| Untracked 
|  86|0x0000000085600000, 0x0000000085700000, 0x0000000085700000|100%| O|  |TAMS 0x0000000085600000| PB 0x0000000085600000| Untracked 
|  87|0x0000000085700000, 0x0000000085800000, 0x0000000085800000|100%| O|  |TAMS 0x0000000085700000| PB 0x0000000085700000| Untracked 
|  88|0x0000000085800000, 0x0000000085900000, 0x0000000085900000|100%| O|  |TAMS 0x0000000085800000| PB 0x0000000085800000| Untracked 
|  89|0x0000000085900000, 0x0000000085a00000, 0x0000000085a00000|100%| O|  |TAMS 0x0000000085900000| PB 0x0000000085900000| Untracked 
|  90|0x0000000085a00000, 0x0000000085b00000, 0x0000000085b00000|100%| O|  |TAMS 0x0000000085a00000| PB 0x0000000085a00000| Untracked 
|  91|0x0000000085b00000, 0x0000000085c00000, 0x0000000085c00000|100%| O|  |TAMS 0x0000000085b00000| PB 0x0000000085b00000| Untracked 
|  92|0x0000000085c00000, 0x0000000085d00000, 0x0000000085d00000|100%| O|  |TAMS 0x0000000085c00000| PB 0x0000000085c00000| Untracked 
|  93|0x0000000085d00000, 0x0000000085e00000, 0x0000000085e00000|100%| O|  |TAMS 0x0000000085d00000| PB 0x0000000085d00000| Untracked 
|  94|0x0000000085e00000, 0x0000000085f00000, 0x0000000085f00000|100%| O|  |TAMS 0x0000000085e00000| PB 0x0000000085e00000| Untracked 
|  95|0x0000000085f00000, 0x0000000086000000, 0x0000000086000000|100%| O|  |TAMS 0x0000000085f00000| PB 0x0000000085f00000| Untracked 
|  96|0x0000000086000000, 0x0000000086100000, 0x0000000086100000|100%| O|  |TAMS 0x0000000086000000| PB 0x0000000086000000| Untracked 
|  97|0x0000000086100000, 0x0000000086100000, 0x0000000086200000|  0%| F|  |TAMS 0x0000000086100000| PB 0x0000000086100000| Untracked 
|  98|0x0000000086200000, 0x0000000086300000, 0x0000000086300000|100%| O|  |TAMS 0x0000000086200000| PB 0x0000000086200000| Untracked 
|  99|0x0000000086300000, 0x0000000086400000, 0x0000000086400000|100%| O|  |TAMS 0x0000000086300000| PB 0x0000000086300000| Untracked 
| 100|0x0000000086400000, 0x0000000086500000, 0x0000000086500000|100%| O|  |TAMS 0x0000000086400000| PB 0x0000000086400000| Untracked 
| 101|0x0000000086500000, 0x0000000086600000, 0x0000000086600000|100%| O|  |TAMS 0x0000000086500000| PB 0x0000000086500000| Untracked 
| 102|0x0000000086600000, 0x0000000086700000, 0x0000000086700000|100%| O|Cm|TAMS 0x0000000086600000| PB 0x0000000086600000| Complete 
| 103|0x0000000086700000, 0x0000000086800000, 0x0000000086800000|100%| O|  |TAMS 0x0000000086700000| PB 0x0000000086700000| Untracked 
| 104|0x0000000086800000, 0x0000000086900000, 0x0000000086900000|100%| O|  |TAMS 0x0000000086800000| PB 0x0000000086800000| Untracked 
| 105|0x0000000086900000, 0x0000000086a00000, 0x0000000086a00000|100%| O|Cm|TAMS 0x0000000086900000| PB 0x0000000086900000| Complete 
| 106|0x0000000086a00000, 0x0000000086b00000, 0x0000000086b00000|100%| O|  |TAMS 0x0000000086a00000| PB 0x0000000086a00000| Untracked 
| 107|0x0000000086b00000, 0x0000000086c00000, 0x0000000086c00000|100%| O|  |TAMS 0x0000000086b00000| PB 0x0000000086b00000| Untracked 
| 108|0x0000000086c00000, 0x0000000086d00000, 0x0000000086d00000|100%| O|  |TAMS 0x0000000086c00000| PB 0x0000000086c00000| Untracked 
| 109|0x0000000086d00000, 0x0000000086e00000, 0x0000000086e00000|100%| O|  |TAMS 0x0000000086d00000| PB 0x0000000086d00000| Untracked 
| 110|0x0000000086e00000, 0x0000000086f00000, 0x0000000086f00000|100%| O|  |TAMS 0x0000000086e00000| PB 0x0000000086e00000| Untracked 
| 111|0x0000000086f00000, 0x0000000087000000, 0x0000000087000000|100%| O|  |TAMS 0x0000000086f00000| PB 0x0000000086f00000| Untracked 
| 112|0x0000000087000000, 0x0000000087100000, 0x0000000087100000|100%| O|  |TAMS 0x0000000087000000| PB 0x0000000087000000| Untracked 
| 113|0x0000000087100000, 0x0000000087200000, 0x0000000087200000|100%| O|  |TAMS 0x0000000087100000| PB 0x0000000087100000| Untracked 
| 114|0x0000000087200000, 0x0000000087300000, 0x0000000087300000|100%| O|  |TAMS 0x0000000087200000| PB 0x0000000087200000| Untracked 
| 115|0x0000000087300000, 0x0000000087400000, 0x0000000087400000|100%| O|  |TAMS 0x0000000087300000| PB 0x0000000087300000| Untracked 
| 116|0x0000000087400000, 0x0000000087500000, 0x0000000087500000|100%| O|  |TAMS 0x0000000087400000| PB 0x0000000087400000| Untracked 
| 117|0x0000000087500000, 0x0000000087600000, 0x0000000087600000|100%| O|  |TAMS 0x0000000087500000| PB 0x0000000087500000| Untracked 
| 118|0x0000000087600000, 0x0000000087700000, 0x0000000087700000|100%| O|  |TAMS 0x0000000087600000| PB 0x0000000087600000| Untracked 
| 119|0x0000000087700000, 0x0000000087800000, 0x0000000087800000|100%| O|  |TAMS 0x0000000087700000| PB 0x0000000087700000| Untracked 
| 120|0x0000000087800000, 0x0000000087900000, 0x0000000087900000|100%|HS|  |TAMS 0x0000000087800000| PB 0x0000000087800000| Complete 
| 121|0x0000000087900000, 0x0000000087a00000, 0x0000000087a00000|100%|HC|  |TAMS 0x0000000087900000| PB 0x0000000087900000| Complete 
| 122|0x0000000087a00000, 0x0000000087b00000, 0x0000000087b00000|100%|HC|  |TAMS 0x0000000087a00000| PB 0x0000000087a00000| Complete 
| 123|0x0000000087b00000, 0x0000000087c00000, 0x0000000087c00000|100%|HC|  |TAMS 0x0000000087b00000| PB 0x0000000087b00000| Complete 
| 124|0x0000000087c00000, 0x0000000087d00000, 0x0000000087d00000|100%|HC|  |TAMS 0x0000000087c00000| PB 0x0000000087c00000| Complete 
| 125|0x0000000087d00000, 0x0000000087e00000, 0x0000000087e00000|100%|HC|  |TAMS 0x0000000087d00000| PB 0x0000000087d00000| Complete 
| 126|0x0000000087e00000, 0x0000000087f00000, 0x0000000087f00000|100%| O|  |TAMS 0x0000000087e00000| PB 0x0000000087e00000| Untracked 
| 127|0x0000000087f00000, 0x0000000088000000, 0x0000000088000000|100%| O|  |TAMS 0x0000000087f00000| PB 0x0000000087f00000| Untracked 
| 128|0x0000000088000000, 0x0000000088100000, 0x0000000088100000|100%| O|  |TAMS 0x0000000088000000| PB 0x0000000088000000| Untracked 
| 129|0x0000000088100000, 0x0000000088200000, 0x0000000088200000|100%| O|  |TAMS 0x0000000088100000| PB 0x0000000088100000| Untracked 
| 130|0x0000000088200000, 0x0000000088300000, 0x0000000088300000|100%| O|  |TAMS 0x0000000088200000| PB 0x0000000088200000| Untracked 
| 131|0x0000000088300000, 0x0000000088400000, 0x0000000088400000|100%| O|  |TAMS 0x0000000088300000| PB 0x0000000088300000| Untracked 
| 132|0x0000000088400000, 0x0000000088500000, 0x0000000088500000|100%| O|  |TAMS 0x0000000088400000| PB 0x0000000088400000| Untracked 
| 133|0x0000000088500000, 0x0000000088600000, 0x0000000088600000|100%| O|  |TAMS 0x0000000088500000| PB 0x0000000088500000| Untracked 
| 134|0x0000000088600000, 0x0000000088700000, 0x0000000088700000|100%| O|  |TAMS 0x0000000088600000| PB 0x0000000088600000| Untracked 
| 135|0x0000000088700000, 0x0000000088800000, 0x0000000088800000|100%| O|  |TAMS 0x0000000088700000| PB 0x0000000088700000| Untracked 
| 136|0x0000000088800000, 0x0000000088900000, 0x0000000088900000|100%| O|  |TAMS 0x0000000088800000| PB 0x0000000088800000| Untracked 
| 137|0x0000000088900000, 0x0000000088a00000, 0x0000000088a00000|100%| O|  |TAMS 0x0000000088900000| PB 0x0000000088900000| Untracked 
| 138|0x0000000088a00000, 0x0000000088b00000, 0x0000000088b00000|100%| O|  |TAMS 0x0000000088a00000| PB 0x0000000088a00000| Untracked 
| 139|0x0000000088b00000, 0x0000000088c00000, 0x0000000088c00000|100%| O|  |TAMS 0x0000000088b00000| PB 0x0000000088b00000| Untracked 
| 140|0x0000000088c00000, 0x0000000088d00000, 0x0000000088d00000|100%| O|  |TAMS 0x0000000088c00000| PB 0x0000000088c00000| Untracked 
| 141|0x0000000088d00000, 0x0000000088e00000, 0x0000000088e00000|100%| O|  |TAMS 0x0000000088d00000| PB 0x0000000088d00000| Untracked 
| 142|0x0000000088e00000, 0x0000000088f00000, 0x0000000088f00000|100%| O|  |TAMS 0x0000000088e00000| PB 0x0000000088e00000| Untracked 
| 143|0x0000000088f00000, 0x0000000089000000, 0x0000000089000000|100%| O|  |TAMS 0x0000000088f00000| PB 0x0000000088f00000| Untracked 
| 144|0x0000000089000000, 0x0000000089100000, 0x0000000089100000|100%| O|  |TAMS 0x0000000089000000| PB 0x0000000089000000| Untracked 
| 145|0x0000000089100000, 0x0000000089200000, 0x0000000089200000|100%| O|  |TAMS 0x0000000089100000| PB 0x0000000089100000| Untracked 
| 146|0x0000000089200000, 0x0000000089300000, 0x0000000089300000|100%| O|  |TAMS 0x0000000089200000| PB 0x0000000089200000| Untracked 
| 147|0x0000000089300000, 0x0000000089400000, 0x0000000089400000|100%| O|  |TAMS 0x0000000089300000| PB 0x0000000089300000| Untracked 
| 148|0x0000000089400000, 0x0000000089500000, 0x0000000089500000|100%| O|  |TAMS 0x0000000089400000| PB 0x0000000089400000| Untracked 
| 149|0x0000000089500000, 0x0000000089513f60, 0x0000000089600000|  7%| O|  |TAMS 0x0000000089500000| PB 0x0000000089500000| Untracked 
| 150|0x0000000089600000, 0x0000000089600000, 0x0000000089700000|  0%| F|  |TAMS 0x0000000089600000| PB 0x0000000089600000| Untracked 
| 151|0x0000000089700000, 0x0000000089700000, 0x0000000089800000|  0%| F|  |TAMS 0x0000000089700000| PB 0x0000000089700000| Untracked 
| 152|0x0000000089800000, 0x0000000089800000, 0x0000000089900000|  0%| F|  |TAMS 0x0000000089800000| PB 0x0000000089800000| Untracked 
| 153|0x0000000089900000, 0x0000000089900000, 0x0000000089a00000|  0%| F|  |TAMS 0x0000000089900000| PB 0x0000000089900000| Untracked 
| 154|0x0000000089a00000, 0x0000000089a00000, 0x0000000089b00000|  0%| F|  |TAMS 0x0000000089a00000| PB 0x0000000089a00000| Untracked 
| 155|0x0000000089b00000, 0x0000000089b00000, 0x0000000089c00000|  0%| F|  |TAMS 0x0000000089b00000| PB 0x0000000089b00000| Untracked 
| 156|0x0000000089c00000, 0x0000000089c00000, 0x0000000089d00000|  0%| F|  |TAMS 0x0000000089c00000| PB 0x0000000089c00000| Untracked 
| 157|0x0000000089d00000, 0x0000000089d00000, 0x0000000089e00000|  0%| F|  |TAMS 0x0000000089d00000| PB 0x0000000089d00000| Untracked 
| 158|0x0000000089e00000, 0x0000000089e00000, 0x0000000089f00000|  0%| F|  |TAMS 0x0000000089e00000| PB 0x0000000089e00000| Untracked 
| 159|0x0000000089f00000, 0x0000000089f00000, 0x000000008a000000|  0%| F|  |TAMS 0x0000000089f00000| PB 0x0000000089f00000| Untracked 
| 160|0x000000008a000000, 0x000000008a000000, 0x000000008a100000|  0%| F|  |TAMS 0x000000008a000000| PB 0x000000008a000000| Untracked 
| 161|0x000000008a100000, 0x000000008a100000, 0x000000008a200000|  0%| F|  |TAMS 0x000000008a100000| PB 0x000000008a100000| Untracked 
| 162|0x000000008a200000, 0x000000008a200000, 0x000000008a300000|  0%| F|  |TAMS 0x000000008a200000| PB 0x000000008a200000| Untracked 
| 163|0x000000008a300000, 0x000000008a300000, 0x000000008a400000|  0%| F|  |TAMS 0x000000008a300000| PB 0x000000008a300000| Untracked 
| 164|0x000000008a400000, 0x000000008a400000, 0x000000008a500000|  0%| F|  |TAMS 0x000000008a400000| PB 0x000000008a400000| Untracked 
| 165|0x000000008a500000, 0x000000008a500000, 0x000000008a600000|  0%| F|  |TAMS 0x000000008a500000| PB 0x000000008a500000| Untracked 
| 166|0x000000008a600000, 0x000000008a600000, 0x000000008a700000|  0%| F|  |TAMS 0x000000008a600000| PB 0x000000008a600000| Untracked 
| 167|0x000000008a700000, 0x000000008a700000, 0x000000008a800000|  0%| F|  |TAMS 0x000000008a700000| PB 0x000000008a700000| Untracked 
| 168|0x000000008a800000, 0x000000008a800000, 0x000000008a900000|  0%| F|  |TAMS 0x000000008a800000| PB 0x000000008a800000| Untracked 
| 169|0x000000008a900000, 0x000000008a900000, 0x000000008aa00000|  0%| F|  |TAMS 0x000000008a900000| PB 0x000000008a900000| Untracked 
| 170|0x000000008aa00000, 0x000000008aa00000, 0x000000008ab00000|  0%| F|  |TAMS 0x000000008aa00000| PB 0x000000008aa00000| Untracked 
| 171|0x000000008ab00000, 0x000000008ab00000, 0x000000008ac00000|  0%| F|  |TAMS 0x000000008ab00000| PB 0x000000008ab00000| Untracked 
| 172|0x000000008ac00000, 0x000000008ac00000, 0x000000008ad00000|  0%| F|  |TAMS 0x000000008ac00000| PB 0x000000008ac00000| Untracked 
| 173|0x000000008ad00000, 0x000000008ad00000, 0x000000008ae00000|  0%| F|  |TAMS 0x000000008ad00000| PB 0x000000008ad00000| Untracked 
| 174|0x000000008ae00000, 0x000000008ae00000, 0x000000008af00000|  0%| F|  |TAMS 0x000000008ae00000| PB 0x000000008ae00000| Untracked 
| 175|0x000000008af00000, 0x000000008af00000, 0x000000008b000000|  0%| F|  |TAMS 0x000000008af00000| PB 0x000000008af00000| Untracked 
| 176|0x000000008b000000, 0x000000008b000000, 0x000000008b100000|  0%| F|  |TAMS 0x000000008b000000| PB 0x000000008b000000| Untracked 
| 177|0x000000008b100000, 0x000000008b100000, 0x000000008b200000|  0%| F|  |TAMS 0x000000008b100000| PB 0x000000008b100000| Untracked 
| 178|0x000000008b200000, 0x000000008b200000, 0x000000008b300000|  0%| F|  |TAMS 0x000000008b200000| PB 0x000000008b200000| Untracked 
| 179|0x000000008b300000, 0x000000008b300000, 0x000000008b400000|  0%| F|  |TAMS 0x000000008b300000| PB 0x000000008b300000| Untracked 
| 180|0x000000008b400000, 0x000000008b400000, 0x000000008b500000|  0%| F|  |TAMS 0x000000008b400000| PB 0x000000008b400000| Untracked 
| 181|0x000000008b500000, 0x000000008b500000, 0x000000008b600000|  0%| F|  |TAMS 0x000000008b500000| PB 0x000000008b500000| Untracked 
| 182|0x000000008b600000, 0x000000008b600000, 0x000000008b700000|  0%| F|  |TAMS 0x000000008b600000| PB 0x000000008b600000| Untracked 
| 183|0x000000008b700000, 0x000000008b700000, 0x000000008b800000|  0%| F|  |TAMS 0x000000008b700000| PB 0x000000008b700000| Untracked 
| 184|0x000000008b800000, 0x000000008b800000, 0x000000008b900000|  0%| F|  |TAMS 0x000000008b800000| PB 0x000000008b800000| Untracked 
| 185|0x000000008b900000, 0x000000008b900000, 0x000000008ba00000|  0%| F|  |TAMS 0x000000008b900000| PB 0x000000008b900000| Untracked 
| 186|0x000000008ba00000, 0x000000008ba00000, 0x000000008bb00000|  0%| F|  |TAMS 0x000000008ba00000| PB 0x000000008ba00000| Untracked 
| 187|0x000000008bb00000, 0x000000008bb00000, 0x000000008bc00000|  0%| F|  |TAMS 0x000000008bb00000| PB 0x000000008bb00000| Untracked 
| 188|0x000000008bc00000, 0x000000008bc00000, 0x000000008bd00000|  0%| F|  |TAMS 0x000000008bc00000| PB 0x000000008bc00000| Untracked 
| 189|0x000000008bd00000, 0x000000008bd00000, 0x000000008be00000|  0%| F|  |TAMS 0x000000008bd00000| PB 0x000000008bd00000| Untracked 
| 190|0x000000008be00000, 0x000000008be00000, 0x000000008bf00000|  0%| F|  |TAMS 0x000000008be00000| PB 0x000000008be00000| Untracked 
| 191|0x000000008bf00000, 0x000000008bf00000, 0x000000008c000000|  0%| F|  |TAMS 0x000000008bf00000| PB 0x000000008bf00000| Untracked 
| 192|0x000000008c000000, 0x000000008c000000, 0x000000008c100000|  0%| F|  |TAMS 0x000000008c000000| PB 0x000000008c000000| Untracked 
| 193|0x000000008c100000, 0x000000008c100000, 0x000000008c200000|  0%| F|  |TAMS 0x000000008c100000| PB 0x000000008c100000| Untracked 
| 194|0x000000008c200000, 0x000000008c200000, 0x000000008c300000|  0%| F|  |TAMS 0x000000008c200000| PB 0x000000008c200000| Untracked 
| 195|0x000000008c300000, 0x000000008c300000, 0x000000008c400000|  0%| F|  |TAMS 0x000000008c300000| PB 0x000000008c300000| Untracked 
| 196|0x000000008c400000, 0x000000008c400000, 0x000000008c500000|  0%| F|  |TAMS 0x000000008c400000| PB 0x000000008c400000| Untracked 
| 197|0x000000008c500000, 0x000000008c500000, 0x000000008c600000|  0%| F|  |TAMS 0x000000008c500000| PB 0x000000008c500000| Untracked 
| 198|0x000000008c600000, 0x000000008c600000, 0x000000008c700000|  0%| F|  |TAMS 0x000000008c600000| PB 0x000000008c600000| Untracked 
| 199|0x000000008c700000, 0x000000008c700000, 0x000000008c800000|  0%| F|  |TAMS 0x000000008c700000| PB 0x000000008c700000| Untracked 
| 200|0x000000008c800000, 0x000000008c800000, 0x000000008c900000|  0%| F|  |TAMS 0x000000008c800000| PB 0x000000008c800000| Untracked 
| 201|0x000000008c900000, 0x000000008c900000, 0x000000008ca00000|  0%| F|  |TAMS 0x000000008c900000| PB 0x000000008c900000| Untracked 
| 202|0x000000008ca00000, 0x000000008ca00000, 0x000000008cb00000|  0%| F|  |TAMS 0x000000008ca00000| PB 0x000000008ca00000| Untracked 
| 203|0x000000008cb00000, 0x000000008cb00000, 0x000000008cc00000|  0%| F|  |TAMS 0x000000008cb00000| PB 0x000000008cb00000| Untracked 
| 204|0x000000008cc00000, 0x000000008cc00000, 0x000000008cd00000|  0%| F|  |TAMS 0x000000008cc00000| PB 0x000000008cc00000| Untracked 
| 205|0x000000008cd00000, 0x000000008cd00000, 0x000000008ce00000|  0%| F|  |TAMS 0x000000008cd00000| PB 0x000000008cd00000| Untracked 
| 206|0x000000008ce00000, 0x000000008ce00000, 0x000000008cf00000|  0%| F|  |TAMS 0x000000008ce00000| PB 0x000000008ce00000| Untracked 
| 207|0x000000008cf00000, 0x000000008cf00000, 0x000000008d000000|  0%| F|  |TAMS 0x000000008cf00000| PB 0x000000008cf00000| Untracked 
| 208|0x000000008d000000, 0x000000008d000000, 0x000000008d100000|  0%| F|  |TAMS 0x000000008d000000| PB 0x000000008d000000| Untracked 
| 209|0x000000008d100000, 0x000000008d100000, 0x000000008d200000|  0%| F|  |TAMS 0x000000008d100000| PB 0x000000008d100000| Untracked 
| 210|0x000000008d200000, 0x000000008d200000, 0x000000008d300000|  0%| F|  |TAMS 0x000000008d200000| PB 0x000000008d200000| Untracked 
| 211|0x000000008d300000, 0x000000008d300000, 0x000000008d400000|  0%| F|  |TAMS 0x000000008d300000| PB 0x000000008d300000| Untracked 
| 212|0x000000008d400000, 0x000000008d400000, 0x000000008d500000|  0%| F|  |TAMS 0x000000008d400000| PB 0x000000008d400000| Untracked 
| 213|0x000000008d500000, 0x000000008d500000, 0x000000008d600000|  0%| F|  |TAMS 0x000000008d500000| PB 0x000000008d500000| Untracked 
| 214|0x000000008d600000, 0x000000008d600000, 0x000000008d700000|  0%| F|  |TAMS 0x000000008d600000| PB 0x000000008d600000| Untracked 
| 215|0x000000008d700000, 0x000000008d700000, 0x000000008d800000|  0%| F|  |TAMS 0x000000008d700000| PB 0x000000008d700000| Untracked 
| 216|0x000000008d800000, 0x000000008d800000, 0x000000008d900000|  0%| F|  |TAMS 0x000000008d800000| PB 0x000000008d800000| Untracked 
| 217|0x000000008d900000, 0x000000008d900000, 0x000000008da00000|  0%| F|  |TAMS 0x000000008d900000| PB 0x000000008d900000| Untracked 
| 218|0x000000008da00000, 0x000000008da00000, 0x000000008db00000|  0%| F|  |TAMS 0x000000008da00000| PB 0x000000008da00000| Untracked 
| 219|0x000000008db00000, 0x000000008db00000, 0x000000008dc00000|  0%| F|  |TAMS 0x000000008db00000| PB 0x000000008db00000| Untracked 
| 220|0x000000008dc00000, 0x000000008dc00000, 0x000000008dd00000|  0%| F|  |TAMS 0x000000008dc00000| PB 0x000000008dc00000| Untracked 
| 221|0x000000008dd00000, 0x000000008dd00000, 0x000000008de00000|  0%| F|  |TAMS 0x000000008dd00000| PB 0x000000008dd00000| Untracked 
| 222|0x000000008de00000, 0x000000008de00000, 0x000000008df00000|  0%| F|  |TAMS 0x000000008de00000| PB 0x000000008de00000| Untracked 
| 223|0x000000008df00000, 0x000000008df00000, 0x000000008e000000|  0%| F|  |TAMS 0x000000008df00000| PB 0x000000008df00000| Untracked 
| 224|0x000000008e000000, 0x000000008e000000, 0x000000008e100000|  0%| F|  |TAMS 0x000000008e000000| PB 0x000000008e000000| Untracked 
| 225|0x000000008e100000, 0x000000008e100000, 0x000000008e200000|  0%| F|  |TAMS 0x000000008e100000| PB 0x000000008e100000| Untracked 
| 226|0x000000008e200000, 0x000000008e200000, 0x000000008e300000|  0%| F|  |TAMS 0x000000008e200000| PB 0x000000008e200000| Untracked 
| 227|0x000000008e300000, 0x000000008e300000, 0x000000008e400000|  0%| F|  |TAMS 0x000000008e300000| PB 0x000000008e300000| Untracked 
| 228|0x000000008e400000, 0x000000008e400000, 0x000000008e500000|  0%| F|  |TAMS 0x000000008e400000| PB 0x000000008e400000| Untracked 
| 229|0x000000008e500000, 0x000000008e500000, 0x000000008e600000|  0%| F|  |TAMS 0x000000008e500000| PB 0x000000008e500000| Untracked 
| 230|0x000000008e600000, 0x000000008e600000, 0x000000008e700000|  0%| F|  |TAMS 0x000000008e600000| PB 0x000000008e600000| Untracked 
| 231|0x000000008e700000, 0x000000008e700000, 0x000000008e800000|  0%| F|  |TAMS 0x000000008e700000| PB 0x000000008e700000| Untracked 
| 232|0x000000008e800000, 0x000000008e800000, 0x000000008e900000|  0%| F|  |TAMS 0x000000008e800000| PB 0x000000008e800000| Untracked 
| 233|0x000000008e900000, 0x000000008e900000, 0x000000008ea00000|  0%| F|  |TAMS 0x000000008e900000| PB 0x000000008e900000| Untracked 
| 234|0x000000008ea00000, 0x000000008ea00000, 0x000000008eb00000|  0%| F|  |TAMS 0x000000008ea00000| PB 0x000000008ea00000| Untracked 
| 235|0x000000008eb00000, 0x000000008eb00000, 0x000000008ec00000|  0%| F|  |TAMS 0x000000008eb00000| PB 0x000000008eb00000| Untracked 
| 236|0x000000008ec00000, 0x000000008ec00000, 0x000000008ed00000|  0%| F|  |TAMS 0x000000008ec00000| PB 0x000000008ec00000| Untracked 
| 237|0x000000008ed00000, 0x000000008ed00000, 0x000000008ee00000|  0%| F|  |TAMS 0x000000008ed00000| PB 0x000000008ed00000| Untracked 
| 238|0x000000008ee00000, 0x000000008ee00000, 0x000000008ef00000|  0%| F|  |TAMS 0x000000008ee00000| PB 0x000000008ee00000| Untracked 
| 239|0x000000008ef00000, 0x000000008ef00000, 0x000000008f000000|  0%| F|  |TAMS 0x000000008ef00000| PB 0x000000008ef00000| Untracked 
| 240|0x000000008f000000, 0x000000008f000000, 0x000000008f100000|  0%| F|  |TAMS 0x000000008f000000| PB 0x000000008f000000| Untracked 
| 241|0x000000008f100000, 0x000000008f1ccdf0, 0x000000008f200000| 80%| E|  |TAMS 0x000000008f100000| PB 0x000000008f100000| Complete 
| 242|0x000000008f200000, 0x000000008f300000, 0x000000008f300000|100%| E|CS|TAMS 0x000000008f200000| PB 0x000000008f200000| Complete 
| 243|0x000000008f300000, 0x000000008f400000, 0x000000008f400000|100%| E|CS|TAMS 0x000000008f300000| PB 0x000000008f300000| Complete 
| 244|0x000000008f400000, 0x000000008f500000, 0x000000008f500000|100%| E|CS|TAMS 0x000000008f400000| PB 0x000000008f400000| Complete 
| 245|0x000000008f500000, 0x000000008f600000, 0x000000008f600000|100%| E|  |TAMS 0x000000008f500000| PB 0x000000008f500000| Complete 
| 246|0x000000008f600000, 0x000000008f700000, 0x000000008f700000|100%| E|CS|TAMS 0x000000008f600000| PB 0x000000008f600000| Complete 
| 247|0x000000008f700000, 0x000000008f800000, 0x000000008f800000|100%| E|CS|TAMS 0x000000008f700000| PB 0x000000008f700000| Complete 
| 248|0x000000008f800000, 0x000000008f900000, 0x000000008f900000|100%| E|CS|TAMS 0x000000008f800000| PB 0x000000008f800000| Complete 
| 249|0x000000008f900000, 0x000000008fa00000, 0x000000008fa00000|100%| E|CS|TAMS 0x000000008f900000| PB 0x000000008f900000| Complete 
| 250|0x000000008fa00000, 0x000000008fb00000, 0x000000008fb00000|100%| E|CS|TAMS 0x000000008fa00000| PB 0x000000008fa00000| Complete 
| 251|0x000000008fb00000, 0x000000008fc00000, 0x000000008fc00000|100%| E|CS|TAMS 0x000000008fb00000| PB 0x000000008fb00000| Complete 
| 252|0x000000008fc00000, 0x000000008fd00000, 0x000000008fd00000|100%| E|CS|TAMS 0x000000008fc00000| PB 0x000000008fc00000| Complete 
| 253|0x000000008fd00000, 0x000000008fe00000, 0x000000008fe00000|100%| E|CS|TAMS 0x000000008fd00000| PB 0x000000008fd00000| Complete 
| 254|0x000000008fe00000, 0x000000008ff00000, 0x000000008ff00000|100%| E|CS|TAMS 0x000000008fe00000| PB 0x000000008fe00000| Complete 
| 255|0x000000008ff00000, 0x0000000090000000, 0x0000000090000000|100%| E|CS|TAMS 0x000000008ff00000| PB 0x000000008ff00000| Complete 
| 256|0x0000000090000000, 0x0000000090100000, 0x0000000090100000|100%| E|CS|TAMS 0x0000000090000000| PB 0x0000000090000000| Complete 
| 257|0x0000000090100000, 0x0000000090200000, 0x0000000090200000|100%| E|CS|TAMS 0x0000000090100000| PB 0x0000000090100000| Complete 
| 258|0x0000000090200000, 0x0000000090300000, 0x0000000090300000|100%| E|CS|TAMS 0x0000000090200000| PB 0x0000000090200000| Complete 
| 259|0x0000000090300000, 0x0000000090400000, 0x0000000090400000|100%| E|CS|TAMS 0x0000000090300000| PB 0x0000000090300000| Complete 
| 260|0x0000000090400000, 0x0000000090500000, 0x0000000090500000|100%| E|CS|TAMS 0x0000000090400000| PB 0x0000000090400000| Complete 
| 261|0x0000000090500000, 0x00000000905c7c00, 0x0000000090600000| 78%| S|CS|TAMS 0x0000000090500000| PB 0x0000000090500000| Complete 
| 262|0x0000000090600000, 0x0000000090700000, 0x0000000090700000|100%| S|CS|TAMS 0x0000000090600000| PB 0x0000000090600000| Complete 
| 263|0x0000000090700000, 0x0000000090800000, 0x0000000090800000|100%| S|CS|TAMS 0x0000000090700000| PB 0x0000000090700000| Complete 
| 264|0x0000000090800000, 0x0000000090900000, 0x0000000090900000|100%| S|CS|TAMS 0x0000000090800000| PB 0x0000000090800000| Complete 
| 265|0x0000000090900000, 0x0000000090a00000, 0x0000000090a00000|100%| S|CS|TAMS 0x0000000090900000| PB 0x0000000090900000| Complete 
| 266|0x0000000090a00000, 0x0000000090b00000, 0x0000000090b00000|100%| S|CS|TAMS 0x0000000090a00000| PB 0x0000000090a00000| Complete 
| 267|0x0000000090b00000, 0x0000000090c00000, 0x0000000090c00000|100%| E|CS|TAMS 0x0000000090b00000| PB 0x0000000090b00000| Complete 
| 268|0x0000000090c00000, 0x0000000090d00000, 0x0000000090d00000|100%| E|CS|TAMS 0x0000000090c00000| PB 0x0000000090c00000| Complete 
| 269|0x0000000090d00000, 0x0000000090e00000, 0x0000000090e00000|100%| E|CS|TAMS 0x0000000090d00000| PB 0x0000000090d00000| Complete 
| 270|0x0000000090e00000, 0x0000000090f00000, 0x0000000090f00000|100%| E|CS|TAMS 0x0000000090e00000| PB 0x0000000090e00000| Complete 
| 271|0x0000000090f00000, 0x0000000091000000, 0x0000000091000000|100%| E|CS|TAMS 0x0000000090f00000| PB 0x0000000090f00000| Complete 
| 272|0x0000000091000000, 0x0000000091100000, 0x0000000091100000|100%| E|CS|TAMS 0x0000000091000000| PB 0x0000000091000000| Complete 
| 273|0x0000000091100000, 0x0000000091200000, 0x0000000091200000|100%| E|CS|TAMS 0x0000000091100000| PB 0x0000000091100000| Complete 
| 274|0x0000000091200000, 0x0000000091300000, 0x0000000091300000|100%| E|CS|TAMS 0x0000000091200000| PB 0x0000000091200000| Complete 
| 275|0x0000000091300000, 0x0000000091400000, 0x0000000091400000|100%| E|CS|TAMS 0x0000000091300000| PB 0x0000000091300000| Complete 
| 276|0x0000000091400000, 0x0000000091500000, 0x0000000091500000|100%| E|CS|TAMS 0x0000000091400000| PB 0x0000000091400000| Complete 
| 277|0x0000000091500000, 0x0000000091600000, 0x0000000091600000|100%| E|CS|TAMS 0x0000000091500000| PB 0x0000000091500000| Complete 
| 278|0x0000000091600000, 0x0000000091700000, 0x0000000091700000|100%| E|CS|TAMS 0x0000000091600000| PB 0x0000000091600000| Complete 
| 279|0x0000000091700000, 0x0000000091800000, 0x0000000091800000|100%| E|CS|TAMS 0x0000000091700000| PB 0x0000000091700000| Complete 
| 280|0x0000000091800000, 0x0000000091900000, 0x0000000091900000|100%| E|CS|TAMS 0x0000000091800000| PB 0x0000000091800000| Complete 
| 281|0x0000000091900000, 0x0000000091a00000, 0x0000000091a00000|100%| E|CS|TAMS 0x0000000091900000| PB 0x0000000091900000| Complete 
| 282|0x0000000091a00000, 0x0000000091b00000, 0x0000000091b00000|100%| E|CS|TAMS 0x0000000091a00000| PB 0x0000000091a00000| Complete 
| 283|0x0000000091b00000, 0x0000000091c00000, 0x0000000091c00000|100%| E|CS|TAMS 0x0000000091b00000| PB 0x0000000091b00000| Complete 
| 284|0x0000000091c00000, 0x0000000091d00000, 0x0000000091d00000|100%| E|CS|TAMS 0x0000000091c00000| PB 0x0000000091c00000| Complete 
| 285|0x0000000091d00000, 0x0000000091e00000, 0x0000000091e00000|100%| E|CS|TAMS 0x0000000091d00000| PB 0x0000000091d00000| Complete 
| 286|0x0000000091e00000, 0x0000000091f00000, 0x0000000091f00000|100%| E|CS|TAMS 0x0000000091e00000| PB 0x0000000091e00000| Complete 
| 287|0x0000000091f00000, 0x0000000092000000, 0x0000000092000000|100%| E|CS|TAMS 0x0000000091f00000| PB 0x0000000091f00000| Complete 
| 288|0x0000000092000000, 0x0000000092100000, 0x0000000092100000|100%| E|CS|TAMS 0x0000000092000000| PB 0x0000000092000000| Complete 
| 289|0x0000000092100000, 0x0000000092200000, 0x0000000092200000|100%| E|CS|TAMS 0x0000000092100000| PB 0x0000000092100000| Complete 
| 290|0x0000000092200000, 0x0000000092300000, 0x0000000092300000|100%| E|CS|TAMS 0x0000000092200000| PB 0x0000000092200000| Complete 
| 291|0x0000000092300000, 0x0000000092400000, 0x0000000092400000|100%| E|CS|TAMS 0x0000000092300000| PB 0x0000000092300000| Complete 
| 292|0x0000000092400000, 0x0000000092500000, 0x0000000092500000|100%| E|CS|TAMS 0x0000000092400000| PB 0x0000000092400000| Complete 
| 293|0x0000000092500000, 0x0000000092600000, 0x0000000092600000|100%| E|CS|TAMS 0x0000000092500000| PB 0x0000000092500000| Complete 
| 294|0x0000000092600000, 0x0000000092700000, 0x0000000092700000|100%| E|CS|TAMS 0x0000000092600000| PB 0x0000000092600000| Complete 
| 295|0x0000000092700000, 0x0000000092800000, 0x0000000092800000|100%| E|CS|TAMS 0x0000000092700000| PB 0x0000000092700000| Complete 
| 296|0x0000000092800000, 0x0000000092900000, 0x0000000092900000|100%| E|CS|TAMS 0x0000000092800000| PB 0x0000000092800000| Complete 
| 297|0x0000000092900000, 0x0000000092a00000, 0x0000000092a00000|100%| E|CS|TAMS 0x0000000092900000| PB 0x0000000092900000| Complete 
| 298|0x0000000092a00000, 0x0000000092b00000, 0x0000000092b00000|100%| E|CS|TAMS 0x0000000092a00000| PB 0x0000000092a00000| Complete 
| 299|0x0000000092b00000, 0x0000000092c00000, 0x0000000092c00000|100%| E|CS|TAMS 0x0000000092b00000| PB 0x0000000092b00000| Complete 
| 300|0x0000000092c00000, 0x0000000092d00000, 0x0000000092d00000|100%| E|CS|TAMS 0x0000000092c00000| PB 0x0000000092c00000| Complete 
| 301|0x0000000092d00000, 0x0000000092e00000, 0x0000000092e00000|100%| E|CS|TAMS 0x0000000092d00000| PB 0x0000000092d00000| Complete 
| 302|0x0000000092e00000, 0x0000000092f00000, 0x0000000092f00000|100%| E|CS|TAMS 0x0000000092e00000| PB 0x0000000092e00000| Complete 
| 303|0x0000000092f00000, 0x0000000093000000, 0x0000000093000000|100%| E|CS|TAMS 0x0000000092f00000| PB 0x0000000092f00000| Complete 
| 304|0x0000000093000000, 0x0000000093100000, 0x0000000093100000|100%| E|CS|TAMS 0x0000000093000000| PB 0x0000000093000000| Complete 
| 305|0x0000000093100000, 0x0000000093200000, 0x0000000093200000|100%| E|CS|TAMS 0x0000000093100000| PB 0x0000000093100000| Complete 
| 306|0x0000000093200000, 0x0000000093300000, 0x0000000093300000|100%| E|CS|TAMS 0x0000000093200000| PB 0x0000000093200000| Complete 
| 307|0x0000000093300000, 0x0000000093400000, 0x0000000093400000|100%| E|CS|TAMS 0x0000000093300000| PB 0x0000000093300000| Complete 
| 308|0x0000000093400000, 0x0000000093500000, 0x0000000093500000|100%| E|CS|TAMS 0x0000000093400000| PB 0x0000000093400000| Complete 
| 309|0x0000000093500000, 0x0000000093600000, 0x0000000093600000|100%| E|CS|TAMS 0x0000000093500000| PB 0x0000000093500000| Complete 
| 310|0x0000000093600000, 0x0000000093700000, 0x0000000093700000|100%| E|CS|TAMS 0x0000000093600000| PB 0x0000000093600000| Complete 
| 311|0x0000000093700000, 0x0000000093800000, 0x0000000093800000|100%| E|CS|TAMS 0x0000000093700000| PB 0x0000000093700000| Complete 
| 312|0x0000000093800000, 0x0000000093900000, 0x0000000093900000|100%| E|CS|TAMS 0x0000000093800000| PB 0x0000000093800000| Complete 
| 313|0x0000000093900000, 0x0000000093a00000, 0x0000000093a00000|100%| E|CS|TAMS 0x0000000093900000| PB 0x0000000093900000| Complete 
| 314|0x0000000093a00000, 0x0000000093b00000, 0x0000000093b00000|100%| E|CS|TAMS 0x0000000093a00000| PB 0x0000000093a00000| Complete 
|2035|0x00000000ff300000, 0x00000000ff400000, 0x00000000ff400000|100%| O|  |TAMS 0x00000000ff300000| PB 0x00000000ff300000| Untracked 
|2036|0x00000000ff400000, 0x00000000ff500000, 0x00000000ff500000|100%| E|CS|TAMS 0x00000000ff400000| PB 0x00000000ff400000| Complete 
|2037|0x00000000ff500000, 0x00000000ff600000, 0x00000000ff600000|100%| O|  |TAMS 0x00000000ff500000| PB 0x00000000ff500000| Untracked 
|2038|0x00000000ff600000, 0x00000000ff700000, 0x00000000ff700000|100%| E|CS|TAMS 0x00000000ff600000| PB 0x00000000ff600000| Complete 
|2039|0x00000000ff700000, 0x00000000ff800000, 0x00000000ff800000|100%| O|  |TAMS 0x00000000ff700000| PB 0x00000000ff700000| Untracked 
|2040|0x00000000ff800000, 0x00000000ff900000, 0x00000000ff900000|100%| O|  |TAMS 0x00000000ff800000| PB 0x00000000ff800000| Untracked 
|2041|0x00000000ff900000, 0x00000000ffa00000, 0x00000000ffa00000|100%| E|CS|TAMS 0x00000000ff900000| PB 0x00000000ff900000| Complete 
|2042|0x00000000ffa00000, 0x00000000ffb00000, 0x00000000ffb00000|100%| E|CS|TAMS 0x00000000ffa00000| PB 0x00000000ffa00000| Complete 
|2043|0x00000000ffb00000, 0x00000000ffc00000, 0x00000000ffc00000|100%| E|CS|TAMS 0x00000000ffb00000| PB 0x00000000ffb00000| Complete 
|2044|0x00000000ffc00000, 0x00000000ffd00000, 0x00000000ffd00000|100%| E|CS|TAMS 0x00000000ffc00000| PB 0x00000000ffc00000| Complete 
|2045|0x00000000ffd00000, 0x00000000ffe00000, 0x00000000ffe00000|100%| E|CS|TAMS 0x00000000ffd00000| PB 0x00000000ffd00000| Complete 
|2046|0x00000000ffe00000, 0x00000000fff00000, 0x00000000fff00000|100%| O|  |TAMS 0x00000000ffe00000| PB 0x00000000ffe00000| Untracked 
|2047|0x00000000fff00000, 0x0000000100000000, 0x0000000100000000|100%| E|CS|TAMS 0x00000000fff00000| PB 0x00000000fff00000| Complete 

Card table byte_map: [0x000002a496c10000,0x000002a497010000] _byte_map_base: 0x000002a496810000

Marking Bits: (CMBitMap*) 0x000002a48311b230
 Bits: [0x000002a497010000, 0x000002a499010000)

Polling page: 0x000002a480f40000

Metaspace:

Usage:
  Non-class:    131.13 MB used.
      Class:     20.01 MB used.
       Both:    151.14 MB used.

Virtual space:
  Non-class space:      192.00 MB reserved,     132.50 MB ( 69%) committed,  3 nodes.
      Class space:      416.00 MB reserved,      21.38 MB (  5%) committed,  1 nodes.
             Both:      608.00 MB reserved,     153.88 MB ( 25%) committed. 

Chunk freelists:
   Non-Class:  11.38 MB
       Class:  10.54 MB
        Both:  21.92 MB

MaxMetaspaceSize: 512.00 MB
CompressedClassSpaceSize: 416.00 MB
Initial GC threshold: 21.00 MB
Current GC threshold: 206.50 MB
CDS: on
 - commit_granule_bytes: 65536.
 - commit_granule_words: 8192.
 - virtual_space_node_default_size: 8388608.
 - enlarge_chunks_in_place: 1.
 - use_allocation_guard: 0.


Internal statistics:

num_allocs_failed_limit: 12.
num_arena_births: 5094.
num_arena_deaths: 2.
num_vsnodes_births: 4.
num_vsnodes_deaths: 0.
num_space_committed: 2460.
num_space_uncommitted: 0.
num_chunks_returned_to_freelist: 14.
num_chunks_taken_from_freelist: 11847.
num_chunk_merges: 9.
num_chunk_splits: 8163.
num_chunks_enlarged: 5581.
num_inconsistent_stats: 0.

CodeHeap 'non-profiled nmethods': size=128192Kb used=10023Kb max_used=10023Kb free=118168Kb
 bounds [0x000002a48e590000, 0x000002a48ef60000, 0x000002a4962c0000]
CodeHeap 'profiled nmethods': size=128192Kb used=34467Kb max_used=34467Kb free=93725Kb
 bounds [0x000002a4862c0000, 0x000002a488470000, 0x000002a48dff0000]
CodeHeap 'non-nmethods': size=5760Kb used=2218Kb max_used=2261Kb free=3541Kb
 bounds [0x000002a48dff0000, 0x000002a48e260000, 0x000002a48e590000]
CodeCache: size=262144Kb, used=46708Kb, max_used=46751Kb, free=215434Kb
 total_blobs=17298, nmethods=16245, adapters=955, full_count=0
Compilation: enabled, stopped_count=0, restarted_count=0

Compilation events (20 events):
Event: 931.540 Thread 0x000002a49b3a4fc0 nmethod 18670 0x000002a488464390 code [0x000002a488464540, 0x000002a4884646c8]
Event: 931.540 Thread 0x000002a49b3a4fc0 18664       3       org.gradle.internal.fingerprint.classpath.impl.ClasspathFingerprintingStrategy$ClasspathFingerprintingVisitor::lambda$hashContent$0 (15 bytes)
Event: 931.541 Thread 0x000002a49b3a4fc0 nmethod 18664 0x000002a488464810 code [0x000002a488464a80, 0x000002a488465718]
Event: 931.541 Thread 0x000002a49b3a4fc0 18665       3       org.gradle.api.internal.changedetection.state.MetaInfAwareClasspathResourceHasher::isManifestFile (7 bytes)
Event: 931.542 Thread 0x000002a49b3a4fc0 nmethod 18665 0x000002a488465b10 code [0x000002a488465cc0, 0x000002a488465df0]
Event: 931.542 Thread 0x000002a49b3a4fc0 18666       3       org.gradle.api.internal.changedetection.state.PropertiesFileAwareClasspathResourceHasher::hash (6 bytes)
Event: 931.543 Thread 0x000002a49b3a4fc0 nmethod 18666 0x000002a488465e90 code [0x000002a488466040, 0x000002a488466180]
Event: 931.574 Thread 0x000002a49b3a0a90 18671       4       org.gradle.internal.fingerprint.classpath.impl.ClasspathFingerprintingStrategy$ClasspathFingerprintingVisitor::visitEntry (20 bytes)
Event: 932.336 Thread 0x000002a49b3a0a90 nmethod 18671 0x000002a48ef44f90 code [0x000002a48ef45840, 0x000002a48ef4cd40]
Event: 932.337 Thread 0x000002a49b3a0a90 18672       4       java.lang.String::join (52 bytes)
Event: 932.373 Thread 0x000002a49b3a0a90 nmethod 18672 0x000002a48ef58110 code [0x000002a48ef58360, 0x000002a48ef59620]
Event: 932.557 Thread 0x000002a49b3a4fc0 18673       3       java.util.Comparator::comparingInt (18 bytes)
Event: 932.563 Thread 0x000002a49b3a4fc0 nmethod 18673 0x000002a488466210 code [0x000002a488466440, 0x000002a488466d30]
Event: 932.563 Thread 0x000002a49b3a4fc0 18674       3       java.util.Comparator$$Lambda/0x000002a49d4f8fb0::<init> (10 bytes)
Event: 932.563 Thread 0x000002a49b3a4fc0 nmethod 18674 0x000002a488467010 code [0x000002a4884671c0, 0x000002a488467378]
Event: 934.336 Thread 0x000002a49b3a4fc0 18675       3       java.io.FilePermission::<init> (14 bytes)
Event: 934.338 Thread 0x000002a49b3a4fc0 nmethod 18675 0x000002a488467410 code [0x000002a4884675e0, 0x000002a488467878]
Event: 935.368 Thread 0x000002a49b3a4fc0 18676   !   3       java.util.concurrent.CopyOnWriteArrayList::addIfAbsent (128 bytes)
Event: 935.374 Thread 0x000002a49b3a4fc0 nmethod 18676 0x000002a488467990 code [0x000002a488467be0, 0x000002a4884686c0]
Event: 946.022 Thread 0x000002a49b3a0a90 18677       4       org.gradle.internal.operations.BuildOperationDescriptor::<init> (18 bytes)

GC Heap History (20 events):
Event: 651.524 GC heap before
{Heap before GC invocations=44 (full 0):
 garbage-first heap   total 179200K, used 162543K [0x0000000080000000, 0x0000000100000000)
  region size 1024K, 50 young (51200K), 3 survivors (3072K)
 Metaspace       used 105830K, committed 108096K, reserved 557056K
  class space    used 15194K, committed 16256K, reserved 425984K
}
Event: 651.565 GC heap after
{Heap after GC invocations=45 (full 0):
 garbage-first heap   total 179200K, used 115931K [0x0000000080000000, 0x0000000100000000)
  region size 1024K, 7 young (7168K), 7 survivors (7168K)
 Metaspace       used 105830K, committed 108096K, reserved 557056K
  class space    used 15194K, committed 16256K, reserved 425984K
}
Event: 651.635 GC heap before
{Heap before GC invocations=45 (full 0):
 garbage-first heap   total 179200K, used 116955K [0x0000000080000000, 0x0000000100000000)
  region size 1024K, 8 young (8192K), 7 survivors (7168K)
 Metaspace       used 105830K, committed 108096K, reserved 557056K
  class space    used 15194K, committed 16256K, reserved 425984K
}
Event: 651.650 GC heap after
{Heap after GC invocations=46 (full 0):
 garbage-first heap   total 179200K, used 117083K [0x0000000080000000, 0x0000000100000000)
  region size 1024K, 1 young (1024K), 1 survivors (1024K)
 Metaspace       used 105830K, committed 108096K, reserved 557056K
  class space    used 15194K, committed 16256K, reserved 425984K
}
Event: 654.441 GC heap before
{Heap before GC invocations=46 (full 0):
 garbage-first heap   total 179200K, used 159067K [0x0000000080000000, 0x0000000100000000)
  region size 1024K, 42 young (43008K), 1 survivors (1024K)
 Metaspace       used 105839K, committed 108096K, reserved 557056K
  class space    used 15196K, committed 16256K, reserved 425984K
}
Event: 654.556 GC heap after
{Heap after GC invocations=47 (full 0):
 garbage-first heap   total 335872K, used 124798K [0x0000000080000000, 0x0000000100000000)
  region size 1024K, 6 young (6144K), 6 survivors (6144K)
 Metaspace       used 105839K, committed 108096K, reserved 557056K
  class space    used 15196K, committed 16256K, reserved 425984K
}
Event: 655.314 GC heap before
{Heap before GC invocations=47 (full 0):
 garbage-first heap   total 335872K, used 138110K [0x0000000080000000, 0x0000000100000000)
  region size 1024K, 19 young (19456K), 6 survivors (6144K)
 Metaspace       used 105840K, committed 108096K, reserved 557056K
  class space    used 15196K, committed 16256K, reserved 425984K
}
Event: 655.334 GC heap after
{Heap after GC invocations=48 (full 0):
 garbage-first heap   total 335872K, used 129335K [0x0000000080000000, 0x0000000100000000)
  region size 1024K, 3 young (3072K), 3 survivors (3072K)
 Metaspace       used 105840K, committed 108096K, reserved 557056K
  class space    used 15196K, committed 16256K, reserved 425984K
}
Event: 666.857 GC heap before
{Heap before GC invocations=48 (full 0):
 garbage-first heap   total 335872K, used 175415K [0x0000000080000000, 0x0000000100000000)
  region size 1024K, 42 young (43008K), 3 survivors (3072K)
 Metaspace       used 110099K, committed 112384K, reserved 557056K
  class space    used 15692K, committed 16832K, reserved 425984K
}
Event: 666.876 GC heap after
{Heap after GC invocations=49 (full 0):
 garbage-first heap   total 335872K, used 139244K [0x0000000080000000, 0x0000000100000000)
  region size 1024K, 6 young (6144K), 6 survivors (6144K)
 Metaspace       used 110099K, committed 112384K, reserved 557056K
  class space    used 15692K, committed 16832K, reserved 425984K
}
Event: 725.825 GC heap before
{Heap before GC invocations=49 (full 0):
 garbage-first heap   total 335872K, used 270316K [0x0000000080000000, 0x0000000100000000)
  region size 1024K, 134 young (137216K), 6 survivors (6144K)
 Metaspace       used 124101K, committed 126720K, reserved 557056K
  class space    used 17304K, committed 18624K, reserved 425984K
}
Event: 726.045 GC heap after
{Heap after GC invocations=50 (full 0):
 garbage-first heap   total 335872K, used 147126K [0x0000000080000000, 0x0000000100000000)
  region size 1024K, 13 young (13312K), 13 survivors (13312K)
 Metaspace       used 124101K, committed 126720K, reserved 557056K
  class space    used 17304K, committed 18624K, reserved 425984K
}
Event: 781.596 GC heap before
{Heap before GC invocations=51 (full 0):
 garbage-first heap   total 335872K, used 222902K [0x0000000080000000, 0x0000000100000000)
  region size 1024K, 87 young (89088K), 13 survivors (13312K)
 Metaspace       used 128484K, committed 131072K, reserved 557056K
  class space    used 17824K, committed 19136K, reserved 425984K
}
Event: 781.816 GC heap after
{Heap after GC invocations=52 (full 0):
 garbage-first heap   total 335872K, used 153073K [0x0000000080000000, 0x0000000100000000)
  region size 1024K, 7 young (7168K), 7 survivors (7168K)
 Metaspace       used 128484K, committed 131072K, reserved 557056K
  class space    used 17824K, committed 19136K, reserved 425984K
}
Event: 826.311 GC heap before
{Heap before GC invocations=52 (full 0):
 garbage-first heap   total 335872K, used 214513K [0x0000000080000000, 0x0000000100000000)
  region size 1024K, 67 young (68608K), 7 survivors (7168K)
 Metaspace       used 132915K, committed 135552K, reserved 557056K
  class space    used 18273K, committed 19584K, reserved 425984K
}
Event: 826.432 GC heap after
{Heap after GC invocations=53 (full 0):
 garbage-first heap   total 335872K, used 157765K [0x0000000080000000, 0x0000000100000000)
  region size 1024K, 6 young (6144K), 6 survivors (6144K)
 Metaspace       used 132915K, committed 135552K, reserved 557056K
  class space    used 18273K, committed 19584K, reserved 425984K
}
Event: 846.216 GC heap before
{Heap before GC invocations=53 (full 0):
 garbage-first heap   total 335872K, used 230469K [0x0000000080000000, 0x0000000100000000)
  region size 1024K, 78 young (79872K), 6 survivors (6144K)
 Metaspace       used 141962K, committed 144704K, reserved 557056K
  class space    used 19308K, committed 20672K, reserved 425984K
}
Event: 846.315 GC heap after
{Heap after GC invocations=54 (full 0):
 garbage-first heap   total 335872K, used 160652K [0x0000000080000000, 0x0000000100000000)
  region size 1024K, 9 young (9216K), 9 survivors (9216K)
 Metaspace       used 141962K, committed 144704K, reserved 557056K
  class space    used 19308K, committed 20672K, reserved 425984K
}
Event: 856.192 GC heap before
{Heap before GC invocations=54 (full 0):
 garbage-first heap   total 335872K, used 217996K [0x0000000080000000, 0x0000000100000000)
  region size 1024K, 65 young (66560K), 9 survivors (9216K)
 Metaspace       used 150715K, committed 153472K, reserved 622592K
  class space    used 20055K, committed 21440K, reserved 425984K
}
Event: 856.223 GC heap after
{Heap after GC invocations=55 (full 0):
 garbage-first heap   total 335872K, used 162670K [0x0000000080000000, 0x0000000100000000)
  region size 1024K, 6 young (6144K), 6 survivors (6144K)
 Metaspace       used 150715K, committed 153472K, reserved 622592K
  class space    used 20055K, committed 21440K, reserved 425984K
}

Dll operation events (20 events):
Event: 0.122 Attempting to load shared library C:\Users\user5\.vscode\extensions\redhat.java-1.56.0-win32-x64\jre\21.0.12.1-win32-x86_64\bin\zip.dll
Event: 0.122 Loaded shared library C:\Users\user5\.vscode\extensions\redhat.java-1.56.0-win32-x64\jre\21.0.12.1-win32-x86_64\bin\zip.dll
Event: 0.427 Attempting to load shared library C:\Users\user5\.vscode\extensions\redhat.java-1.56.0-win32-x64\jre\21.0.12.1-win32-x86_64\bin\jimage.dll
Event: 0.428 Loaded shared library C:\Users\user5\.vscode\extensions\redhat.java-1.56.0-win32-x64\jre\21.0.12.1-win32-x86_64\bin\jimage.dll
Event: 0.720 Attempting to load shared library C:\Users\user5\.vscode\extensions\redhat.java-1.56.0-win32-x64\jre\21.0.12.1-win32-x86_64\bin\verify.dll
Event: 0.721 Loaded shared library C:\Users\user5\.vscode\extensions\redhat.java-1.56.0-win32-x64\jre\21.0.12.1-win32-x86_64\bin\verify.dll
Event: 0.979 Attempting to load shared library D:\gradle_cache\native\1def1411415f61bf3af743bc5b6707747c0891f09f0c88961ee8f79bc544acac\windows-amd64\native-platform.dll
Event: 0.981 Loaded shared library D:\gradle_cache\native\1def1411415f61bf3af743bc5b6707747c0891f09f0c88961ee8f79bc544acac\windows-amd64\native-platform.dll
Event: 0.988 Attempting to load shared library D:\gradle_cache\native\0.2.5\x86_64-windows-gnu\gradle-fileevents.dll
Event: 0.992 Loaded shared library D:\gradle_cache\native\0.2.5\x86_64-windows-gnu\gradle-fileevents.dll
Event: 2.297 Attempting to load shared library C:\Users\user5\.vscode\extensions\redhat.java-1.56.0-win32-x64\jre\21.0.12.1-win32-x86_64\bin\management.dll
Event: 2.298 Loaded shared library C:\Users\user5\.vscode\extensions\redhat.java-1.56.0-win32-x64\jre\21.0.12.1-win32-x86_64\bin\management.dll
Event: 2.302 Attempting to load shared library C:\Users\user5\.vscode\extensions\redhat.java-1.56.0-win32-x64\jre\21.0.12.1-win32-x86_64\bin\management_ext.dll
Event: 2.303 Loaded shared library C:\Users\user5\.vscode\extensions\redhat.java-1.56.0-win32-x64\jre\21.0.12.1-win32-x86_64\bin\management_ext.dll
Event: 4.127 Attempting to load shared library C:\Users\user5\.vscode\extensions\redhat.java-1.56.0-win32-x64\jre\21.0.12.1-win32-x86_64\bin\extnet.dll
Event: 4.137 Loaded shared library C:\Users\user5\.vscode\extensions\redhat.java-1.56.0-win32-x64\jre\21.0.12.1-win32-x86_64\bin\extnet.dll
Event: 5.351 Attempting to load shared library C:\Users\user5\.vscode\extensions\redhat.java-1.56.0-win32-x64\jre\21.0.12.1-win32-x86_64\bin\sunmscapi.dll
Event: 5.370 Loaded shared library C:\Users\user5\.vscode\extensions\redhat.java-1.56.0-win32-x64\jre\21.0.12.1-win32-x86_64\bin\sunmscapi.dll
Event: 11.166 Attempting to load shared library D:\temp\native-platform5788227206585612850dir\gradle-fileevents.dll
Event: 14.573 Loaded shared library D:\temp\native-platform5788227206585612850dir\gradle-fileevents.dll

Deoptimization events (20 events):
Event: 881.450 Thread 0x000002a4bca1f7d0 DEOPT PACKING pc=0x000002a48ea9b514 sp=0x000000d5425f5c40
Event: 881.450 Thread 0x000002a4bca1f7d0 DEOPT UNPACKING pc=0x000002a48e044422 sp=0x000000d5425f5bf0 mode 2
Event: 881.469 Thread 0x000002a4bca1f7d0 Uncommon trap: trap_request=0xffffffde fr.pc=0x000002a48ea9b514 relative=0x0000000000000074
Event: 881.469 Thread 0x000002a4bca1f7d0 Uncommon trap: reason=class_check action=maybe_recompile pc=0x000002a48ea9b514 method=java.lang.invoke.Invokers$Holder.linkToTargetMethod(Ljava/lang/Object;Ljava/lang/Object;Ljava/lang/Object;Ljava/lang/Object;)Ljava/lang/Object; @ 1 c2
Event: 881.469 Thread 0x000002a4bca1f7d0 DEOPT PACKING pc=0x000002a48ea9b514 sp=0x000000d5425f5c40
Event: 881.469 Thread 0x000002a4bca1f7d0 DEOPT UNPACKING pc=0x000002a48e044422 sp=0x000000d5425f5bf0 mode 2
Event: 881.469 Thread 0x000002a4bca1f7d0 Uncommon trap: trap_request=0xffffffde fr.pc=0x000002a48ea9b514 relative=0x0000000000000074
Event: 881.469 Thread 0x000002a4bca1f7d0 Uncommon trap: reason=class_check action=maybe_recompile pc=0x000002a48ea9b514 method=java.lang.invoke.Invokers$Holder.linkToTargetMethod(Ljava/lang/Object;Ljava/lang/Object;Ljava/lang/Object;Ljava/lang/Object;)Ljava/lang/Object; @ 1 c2
Event: 881.469 Thread 0x000002a4bca1f7d0 DEOPT PACKING pc=0x000002a48ea9b514 sp=0x000000d5425f5c40
Event: 881.469 Thread 0x000002a4bca1f7d0 DEOPT UNPACKING pc=0x000002a48e044422 sp=0x000000d5425f5bf0 mode 2
Event: 881.470 Thread 0x000002a4bca1f7d0 Uncommon trap: trap_request=0xffffffde fr.pc=0x000002a48ea9b514 relative=0x0000000000000074
Event: 881.470 Thread 0x000002a4bca1f7d0 Uncommon trap: reason=class_check action=maybe_recompile pc=0x000002a48ea9b514 method=java.lang.invoke.Invokers$Holder.linkToTargetMethod(Ljava/lang/Object;Ljava/lang/Object;Ljava/lang/Object;Ljava/lang/Object;)Ljava/lang/Object; @ 1 c2
Event: 881.470 Thread 0x000002a4bca1f7d0 DEOPT PACKING pc=0x000002a48ea9b514 sp=0x000000d5425f5c40
Event: 881.470 Thread 0x000002a4bca1f7d0 DEOPT UNPACKING pc=0x000002a48e044422 sp=0x000000d5425f5bf0 mode 2
Event: 881.930 Thread 0x000002a4bca1f7d0 Uncommon trap: trap_request=0xffffff45 fr.pc=0x000002a48ef2877c relative=0x000000000000005c
Event: 881.930 Thread 0x000002a4bca1f7d0 Uncommon trap: reason=unstable_if action=reinterpret pc=0x000002a48ef2877c method=kotlin.reflect.jvm.internal.impl.protobuf.CodedOutputStream.computeRawVarint32Size(I)I @ 14 c2
Event: 881.930 Thread 0x000002a4bca1f7d0 DEOPT PACKING pc=0x000002a48ef2877c sp=0x000000d5425f5700
Event: 881.930 Thread 0x000002a4bca1f7d0 DEOPT UNPACKING pc=0x000002a48e044422 sp=0x000000d5425f5698 mode 2
Event: 931.424 Thread 0x000002a4bca1f7d0 DEOPT PACKING pc=0x000002a487203775 sp=0x000000d5425f6bc0
Event: 931.425 Thread 0x000002a4bca1f7d0 DEOPT UNPACKING pc=0x000002a48e044bc2 sp=0x000000d5425f60f8 mode 0

Classes loaded (20 events):
Event: 728.361 Loading class java/util/EnumMap$EntryIterator
Event: 728.362 Loading class java/util/EnumMap$EnumMapIterator
Event: 728.362 Loading class java/util/EnumMap$EnumMapIterator done
Event: 728.362 Loading class java/util/EnumMap$EntryIterator done
Event: 728.362 Loading class java/util/EnumMap$EntryIterator$Entry
Event: 728.363 Loading class java/util/EnumMap$EntryIterator$Entry done
Event: 741.953 Loading class java/util/AbstractList$RandomAccessSubList
Event: 741.967 Loading class java/util/AbstractList$RandomAccessSubList done
Event: 857.403 Loading class java/util/Vector$Itr
Event: 857.407 Loading class java/util/Vector$Itr done
Event: 861.383 Loading class java/util/zip/ZipInputStream
Event: 861.387 Loading class java/util/zip/ZipInputStream done
Event: 861.405 Loading class sun/nio/ch/ChannelOutputStream
Event: 861.406 Loading class sun/nio/ch/ChannelOutputStream done
Event: 861.702 Loading class java/io/CharArrayWriter
Event: 861.703 Loading class java/io/CharArrayWriter done
Event: 877.244 Loading class java/nio/file/StandardCopyOption
Event: 877.244 Loading class java/nio/file/StandardCopyOption done
Event: 877.249 Loading class sun/nio/fs/WindowsFileCopy
Event: 877.251 Loading class sun/nio/fs/WindowsFileCopy done

Classes unloaded (1 events):
Event: 377.727 Thread 0x000002a49b362240 Unloading class 0x000002a49d7b8400 'java/lang/invoke/LambdaForm$DMH+0x000002a49d7b8400'

Classes redefined (0 events):
No events

Internal exceptions (20 events):
Event: 839.878 Thread 0x000002a4bca1f7d0 Exception <a 'java/lang/NoSuchMethodError'{0x0000000091c69670}: 'java.lang.Object java.lang.invoke.DirectMethodHandle$Holder.newInvokeSpecial(java.lang.Object, java.lang.Object, java.lang.Object, int, int, java.lang.Object, java.lang.Object)'> (0x0000000091c69670) 
thrown [s\src\hotspot\share\interpreter\linkResolver.cpp, line 773]
Event: 839.886 Thread 0x000002a4bca1f7d0 Exception <a 'java/lang/NoSuchMethodError'{0x0000000091c72fe8}: 'java.lang.Object java.lang.invoke.Invokers$Holder.linkToTargetMethod(java.lang.Object, java.lang.Object, int, int, java.lang.Object, java.lang.Object, java.lang.Object)'> (0x0000000091c72fe8) 
thrown [s\src\hotspot\share\interpreter\linkResolver.cpp, line 773]
Event: 840.499 Thread 0x000002a4bca1f7d0 Exception <a 'java/lang/NoSuchMethodError'{0x000000009194f4f0}: 'java.lang.Object java.lang.invoke.DirectMethodHandle$Holder.newInvokeSpecial(java.lang.Object, java.lang.Object, java.lang.Object, int, int, java.lang.Object, java.lang.Object, java.lang.Object, java.lang.Object)'> (0x000000009194f4f0) 
thrown [s\src\hotspot\share\interpreter\linkResolver.cpp, line 773]
Event: 840.505 Thread 0x000002a4bca1f7d0 Exception <a 'java/lang/NoSuchMethodError'{0x00000000919599f0}: 'java.lang.Object java.lang.invoke.Invokers$Holder.linkToTargetMethod(java.lang.Object, java.lang.Object, int, int, java.lang.Object, java.lang.Object, java.lang.Object, java.lang.Object, java.lang.Object)'> (0x00000000919599f0) 
thrown [s\src\hotspot\share\interpreter\linkResolver.cpp, line 773]
Event: 844.702 Thread 0x000002a4bca1f7d0 Exception <a 'java/lang/NoSuchMethodError'{0x00000000909bd8d0}: 'java.lang.Object java.lang.invoke.DirectMethodHandle$Holder.invokeStatic(java.lang.Object, int, java.lang.Object, java.lang.Object, java.lang.Object)'> (0x00000000909bd8d0) 
thrown [s\src\hotspot\share\interpreter\linkResolver.cpp, line 773]
Event: 844.703 Thread 0x000002a4bca1f7d0 Exception <a 'java/lang/NoSuchMethodError'{0x00000000909c3180}: 'java.lang.Object java.lang.invoke.DirectMethodHandle$Holder.invokeStaticInit(java.lang.Object, int, java.lang.Object, java.lang.Object, java.lang.Object)'> (0x00000000909c3180) 
thrown [s\src\hotspot\share\interpreter\linkResolver.cpp, line 773]
Event: 847.809 Thread 0x000002a4bca1f7d0 Exception <a 'java/lang/NoSuchMethodError'{0x0000000093a18a28}: 'java.lang.Object java.lang.invoke.DirectMethodHandle$Holder.invokeSpecial(java.lang.Object, java.lang.Object, int, java.lang.Object, int)'> (0x0000000093a18a28) 
thrown [s\src\hotspot\share\interpreter\linkResolver.cpp, line 773]
Event: 851.929 Thread 0x000002a4bca1f7d0 Exception <a 'java/lang/NoSuchMethodError'{0x0000000091f1bf40}: 'java.lang.Object java.lang.invoke.DirectMethodHandle$Holder.newInvokeSpecial(java.lang.Object, java.lang.Object, java.lang.Object, java.lang.Object, java.lang.Object, java.lang.Object, int, int)'> (0x0000000091f1bf40) 
thrown [s\src\hotspot\share\interpreter\linkResolver.cpp, line 773]
Event: 851.943 Thread 0x000002a4bca1f7d0 Exception <a 'java/lang/NoSuchMethodError'{0x0000000091f228a0}: 'java.lang.Object java.lang.invoke.DirectMethodHandle$Holder.invokeSpecial(java.lang.Object, java.lang.Object, java.lang.Object, java.lang.Object, java.lang.Object, java.lang.Object, java.lang.Object, int, int)'> (0x0000000091f228a0) 
thrown [s\src\hotspot\share\interpreter\linkResolver.cpp, line 773]
Event: 856.164 Thread 0x000002a4bca1f7d0 Exception <a 'java/lang/NoSuchMethodError'{0x0000000090b9c5b8}: 'java.lang.Object java.lang.invoke.DirectMethodHandle$Holder.invokeStatic(java.lang.Object, java.lang.Object, int, int)'> (0x0000000090b9c5b8) 
thrown [s\src\hotspot\share\interpreter\linkResolver.cpp, line 773]
Event: 856.318 Thread 0x000002a4bca1f7d0 Exception <a 'java/lang/NoSuchMethodError'{0x00000000fff9f8e0}: 'java.lang.Object java.lang.invoke.DirectMethodHandle$Holder.invokeStatic(java.lang.Object, int, int)'> (0x00000000fff9f8e0) 
thrown [s\src\hotspot\share\interpreter\linkResolver.cpp, line 773]
Event: 860.577 Thread 0x000002a4bca1f7d0 Exception <a 'java/lang/NoSuchMethodError'{0x0000000092f10428}: 'java.lang.Object java.lang.invoke.DirectMethodHandle$Holder.invokeStatic(java.lang.Object, java.lang.Object, int, java.lang.Object, java.lang.Object)'> (0x0000000092f10428) 
thrown [s\src\hotspot\share\interpreter\linkResolver.cpp, line 773]
Event: 860.916 Thread 0x000002a4bca1f7d0 Exception <a 'java/lang/NoSuchMethodError'{0x0000000092e0b288}: 'void java.lang.invoke.DirectMethodHandle$Holder.invokeStaticInit(java.lang.Object, java.lang.Object, java.lang.Object, java.lang.Object, java.lang.Object, java.lang.Object, java.lang.Object, int)'> (0x0000000092e0b288) 
thrown [s\src\hotspot\share\interpreter\linkResolver.cpp, line 773]
Event: 861.354 Thread 0x000002a4bca1f7d0 Exception <a 'sun/nio/fs/WindowsException'{0x0000000092c685f8}> (0x0000000092c685f8) 
thrown [s\src\hotspot\share\prims\jni.cpp, line 520]
Event: 861.357 Thread 0x000002a4bca1f7d0 Exception <a 'sun/nio/fs/WindowsException'{0x0000000092c6aab8}> (0x0000000092c6aab8) 
thrown [s\src\hotspot\share\prims\jni.cpp, line 520]
Event: 861.554 Thread 0x000002a4bca1f7d0 Exception <a 'sun/nio/fs/WindowsException'{0x0000000092b9d5a8}> (0x0000000092b9d5a8) 
thrown [s\src\hotspot\share\prims\jni.cpp, line 520]
Event: 861.600 Thread 0x000002a4bca1f7d0 Exception <a 'sun/nio/fs/WindowsException'{0x0000000092bb69b0}> (0x0000000092bb69b0) 
thrown [s\src\hotspot\share\prims\jni.cpp, line 520]
Event: 861.620 Thread 0x000002a4bca1f7d0 Exception <a 'sun/nio/fs/WindowsException'{0x0000000092bc0428}> (0x0000000092bc0428) 
thrown [s\src\hotspot\share\prims\jni.cpp, line 520]
Event: 861.631 Thread 0x000002a4bca1f7d0 Exception <a 'sun/nio/fs/WindowsException'{0x0000000092bc70a0}> (0x0000000092bc70a0) 
thrown [s\src\hotspot\share\prims\jni.cpp, line 520]
Event: 877.252 Thread 0x000002a4bca1f7d0 Exception <a 'sun/nio/fs/WindowsException'{0x0000000092624250}> (0x0000000092624250) 
thrown [s\src\hotspot\share\prims\jni.cpp, line 520]

ZGC Phase Switch (0 events):
No events

VM Operations (20 events):
Event: 907.269 Executing safepoint VM operation: Cleanup
Event: 907.271 Executing safepoint VM operation: Cleanup done
Event: 913.315 Executing safepoint VM operation: Cleanup
Event: 913.315 Executing safepoint VM operation: Cleanup done
Event: 915.329 Executing safepoint VM operation: Cleanup
Event: 915.360 Executing safepoint VM operation: Cleanup done
Event: 916.363 Executing safepoint VM operation: Cleanup
Event: 916.363 Executing safepoint VM operation: Cleanup done
Event: 923.429 Executing safepoint VM operation: Cleanup
Event: 923.507 Executing safepoint VM operation: Cleanup done
Event: 924.522 Executing safepoint VM operation: Cleanup
Event: 924.522 Executing safepoint VM operation: Cleanup done
Event: 925.528 Executing safepoint VM operation: Cleanup
Event: 925.529 Executing safepoint VM operation: Cleanup done
Event: 931.575 Executing safepoint VM operation: Cleanup
Event: 931.591 Executing safepoint VM operation: Cleanup done
Event: 935.621 Executing safepoint VM operation: Cleanup
Event: 935.640 Executing safepoint VM operation: Cleanup done
Event: 945.719 Executing safepoint VM operation: Cleanup
Event: 945.735 Executing safepoint VM operation: Cleanup done

Memory protections (0 events):
No events

Nmethod flushes (20 events):
Event: 727.386 Thread 0x000002a49b362240 flushing  nmethod 0x000002a486853c90
Event: 727.386 Thread 0x000002a49b362240 flushing  nmethod 0x000002a486a29010
Event: 727.386 Thread 0x000002a49b362240 flushing  nmethod 0x000002a486b93690
Event: 727.386 Thread 0x000002a49b362240 flushing  nmethod 0x000002a486c7b990
Event: 727.386 Thread 0x000002a49b362240 flushing  nmethod 0x000002a486ce1210
Event: 727.386 Thread 0x000002a49b362240 flushing  nmethod 0x000002a486d5a790
Event: 727.387 Thread 0x000002a49b362240 flushing  nmethod 0x000002a486e84c10
Event: 727.387 Thread 0x000002a49b362240 flushing  nmethod 0x000002a486f2ac10
Event: 727.387 Thread 0x000002a49b362240 flushing  nmethod 0x000002a486f2cc90
Event: 727.387 Thread 0x000002a49b362240 flushing  nmethod 0x000002a487165f10
Event: 727.387 Thread 0x000002a49b362240 flushing  nmethod 0x000002a48e896910
Event: 727.387 Thread 0x000002a49b362240 flushing  nmethod 0x000002a48e99a910
Event: 727.388 Thread 0x000002a49b362240 flushing  nmethod 0x000002a4863d1010
Event: 727.388 Thread 0x000002a49b362240 flushing  nmethod 0x000002a4864fe510
Event: 727.389 Thread 0x000002a49b362240 flushing  nmethod 0x000002a486500390
Event: 727.389 Thread 0x000002a49b362240 flushing  nmethod 0x000002a486854310
Event: 727.389 Thread 0x000002a49b362240 flushing  nmethod 0x000002a486c3bd10
Event: 727.389 Thread 0x000002a49b362240 flushing  nmethod 0x000002a486c93190
Event: 727.389 Thread 0x000002a49b362240 flushing  nmethod 0x000002a486e4fd90
Event: 727.389 Thread 0x000002a49b362240 flushing  nmethod 0x000002a487328e10

Events (20 events):
Event: 544.913 Thread 0x000002a4bca1f7d0 Thread added: 0x000002a4bf558a60
Event: 544.924 Thread 0x000002a4bca1f7d0 Thread added: 0x000002a4bf5576b0
Event: 544.945 Thread 0x000002a4bca1f7d0 Thread added: 0x000002a4bf5590f0
Event: 544.999 Thread 0x000002a4bca1f7d0 Thread added: 0x000002a4bf559e10
Event: 545.041 Thread 0x000002a4bca1f7d0 Thread added: 0x000002a4bf557020
Event: 548.748 Thread 0x000002a4bca1f7d0 Thread added: 0x000002a4bf7b3700
Event: 548.749 Thread 0x000002a4bca1f7d0 Thread added: 0x000002a4bf7b3d90
Event: 548.750 Thread 0x000002a4bca1f7d0 Thread added: 0x000002a4bf7b5140
Event: 548.761 Thread 0x000002a4bca1f7d0 Thread added: 0x000002a4bf7b3070
Event: 548.762 Thread 0x000002a4bca1f7d0 Thread added: 0x000002a4bf7b6b80
Event: 548.762 Thread 0x000002a4bca1f7d0 Thread added: 0x000002a4bf7b78a0
Event: 548.773 Thread 0x000002a4bca1f7d0 Thread added: 0x000002a4bf7b7210
Event: 548.774 Thread 0x000002a4bca1f7d0 Thread added: 0x000002a4bf7b4420
Event: 548.775 Thread 0x000002a4bca1f7d0 Thread added: 0x000002a4bf7b7f30
Event: 548.820 Thread 0x000002a4bca1f7d0 Thread added: 0x000002a4bf7b4ab0
Event: 548.821 Thread 0x000002a4bca1f7d0 Thread added: 0x000002a4bf7b85c0
Event: 584.807 Thread 0x000002a4be926ef0 Thread exited: 0x000002a4be926ef0
Event: 602.385 Thread 0x000002a4bca1f7d0 Thread added: 0x000002a4bf55bee0
Event: 683.918 Thread 0x000002a4c016d100 Thread exited: 0x000002a4c016d100
Event: 876.782 Thread 0x000002a4bca1d070 Thread added: 0x000002a4c651bfa0


Dynamic libraries:
0x00007ff7a95b0000 - 0x00007ff7a95be000 	C:\Users\user5\.vscode\extensions\redhat.java-1.56.0-win32-x64\jre\21.0.12.1-win32-x86_64\bin\java.exe
0x00007ff8236e0000 - 0x00007ff823947000 	C:\WINDOWS\SYSTEM32\ntdll.dll
0x00007ff822840000 - 0x00007ff82290b000 	C:\WINDOWS\System32\KERNEL32.DLL
0x00007ff820b10000 - 0x00007ff820f12000 	C:\WINDOWS\System32\KERNELBASE.dll
0x00007ff8212a0000 - 0x00007ff8213ec000 	C:\WINDOWS\System32\ucrtbase.dll
0x00007ff810520000 - 0x00007ff810538000 	C:\Users\user5\.vscode\extensions\redhat.java-1.56.0-win32-x64\jre\21.0.12.1-win32-x86_64\bin\jli.dll
0x00007ff813580000 - 0x00007ff81359e000 	C:\Users\user5\.vscode\extensions\redhat.java-1.56.0-win32-x64\jre\21.0.12.1-win32-x86_64\bin\VCRUNTIME140.dll
0x00007ff822450000 - 0x00007ff82261f000 	C:\WINDOWS\System32\USER32.dll
0x00007ff820f20000 - 0x00007ff820f47000 	C:\WINDOWS\System32\win32u.dll
0x00007ff800850000 - 0x00007ff800ae0000 	C:\WINDOWS\WinSxS\amd64_microsoft.windows.common-controls_6595b64144ccf1df_6.0.26100.9278_none_3e0d1ba8e3303201\COMCTL32.dll
0x00007ff822760000 - 0x00007ff82278b000 	C:\WINDOWS\System32\GDI32.dll
0x00007ff822910000 - 0x00007ff8229b9000 	C:\WINDOWS\System32\msvcrt.dll
0x00007ff820f50000 - 0x00007ff821079000 	C:\WINDOWS\System32\gdi32full.dll
0x00007ff820a60000 - 0x00007ff820b03000 	C:\WINDOWS\System32\msvcp_win.dll
0x00007ff821400000 - 0x00007ff821431000 	C:\WINDOWS\System32\IMM32.DLL
0x00007ff818840000 - 0x00007ff81884c000 	C:\Users\user5\.vscode\extensions\redhat.java-1.56.0-win32-x64\jre\21.0.12.1-win32-x86_64\bin\vcruntime140_1.dll
0x00007fffefad0000 - 0x00007fffefb5d000 	C:\Users\user5\.vscode\extensions\redhat.java-1.56.0-win32-x64\jre\21.0.12.1-win32-x86_64\bin\msvcp140.dll
0x00007fff950e0000 - 0x00007fff95e82000 	C:\Users\user5\.vscode\extensions\redhat.java-1.56.0-win32-x64\jre\21.0.12.1-win32-x86_64\bin\server\jvm.dll
0x00007ff822680000 - 0x00007ff82273c000 	C:\WINDOWS\System32\ADVAPI32.dll
0x00007ff8234d0000 - 0x00007ff823579000 	C:\WINDOWS\System32\sechost.dll
0x00007ff823580000 - 0x00007ff823698000 	C:\WINDOWS\System32\RPCRT4.dll
0x00007ff8227b0000 - 0x00007ff822830000 	C:\WINDOWS\System32\WS2_32.dll
0x00007ff8142c0000 - 0x00007ff8142cb000 	C:\WINDOWS\SYSTEM32\VERSION.dll
0x00007ff80c220000 - 0x00007ff80c256000 	C:\WINDOWS\SYSTEM32\WINMM.dll
0x00007ff81ffb0000 - 0x00007ff82000e000 	C:\WINDOWS\SYSTEM32\POWRPROF.dll
0x00007ff81ff70000 - 0x00007ff81ff85000 	C:\WINDOWS\SYSTEM32\UMPDC.dll
0x00007ff81f5b0000 - 0x00007ff81f5cb000 	C:\WINDOWS\SYSTEM32\kernel.appcore.dll
0x00007ff816440000 - 0x00007ff81644a000 	C:\Users\user5\.vscode\extensions\redhat.java-1.56.0-win32-x64\jre\21.0.12.1-win32-x86_64\bin\jimage.dll
0x00007ff81de40000 - 0x00007ff81e08c000 	C:\WINDOWS\SYSTEM32\DBGHELP.DLL
0x00007ff8215c0000 - 0x00007ff821945000 	C:\WINDOWS\System32\combase.dll
0x00007ff821950000 - 0x00007ff821a29000 	C:\WINDOWS\System32\OLEAUT32.dll
0x00007ffff9420000 - 0x00007ffff945b000 	C:\WINDOWS\SYSTEM32\dbgcore.DLL
0x00007ff8208e0000 - 0x00007ff82098c000 	C:\WINDOWS\System32\bcryptPrimitives.dll
0x00007ff804240000 - 0x00007ff80424f000 	C:\Users\user5\.vscode\extensions\redhat.java-1.56.0-win32-x64\jre\21.0.12.1-win32-x86_64\bin\instrument.dll
0x00007ff801b30000 - 0x00007ff801b50000 	C:\Users\user5\.vscode\extensions\redhat.java-1.56.0-win32-x64\jre\21.0.12.1-win32-x86_64\bin\java.dll
0x00007ff822d30000 - 0x00007ff8234c8000 	C:\WINDOWS\System32\SHELL32.dll
0x00007ff81e340000 - 0x00007ff81ebee000 	C:\WINDOWS\SYSTEM32\windows.storage.dll
0x00007ff822b30000 - 0x00007ff822c2b000 	C:\WINDOWS\System32\SHCORE.dll
0x00007ff822ac0000 - 0x00007ff822b26000 	C:\WINDOWS\System32\shlwapi.dll
0x00007ff820800000 - 0x00007ff820829000 	C:\WINDOWS\SYSTEM32\profapi.dll
0x00007ffffca20000 - 0x00007ffffca38000 	C:\Users\user5\.vscode\extensions\redhat.java-1.56.0-win32-x64\jre\21.0.12.1-win32-x86_64\bin\zip.dll
0x00007ff8047d0000 - 0x00007ff8047e0000 	C:\Users\user5\.vscode\extensions\redhat.java-1.56.0-win32-x64\jre\21.0.12.1-win32-x86_64\bin\net.dll
0x00007ff816de0000 - 0x00007ff816f0a000 	C:\WINDOWS\SYSTEM32\WINHTTP.dll
0x00007ff81fbe0000 - 0x00007ff81fc4c000 	C:\WINDOWS\system32\mswsock.dll
0x00007ffffc410000 - 0x00007ffffc426000 	C:\Users\user5\.vscode\extensions\redhat.java-1.56.0-win32-x64\jre\21.0.12.1-win32-x86_64\bin\nio.dll
0x00007ff8039a0000 - 0x00007ff8039b0000 	C:\Users\user5\.vscode\extensions\redhat.java-1.56.0-win32-x64\jre\21.0.12.1-win32-x86_64\bin\verify.dll
0x00007ffffbfd0000 - 0x00007ffffbff7000 	D:\gradle_cache\native\1def1411415f61bf3af743bc5b6707747c0891f09f0c88961ee8f79bc544acac\windows-amd64\native-platform.dll
0x000000006bd40000 - 0x000000006bdb3000 	D:\gradle_cache\native\0.2.5\x86_64-windows-gnu\gradle-fileevents.dll
0x00007ff8163f0000 - 0x00007ff8163fa000 	C:\Users\user5\.vscode\extensions\redhat.java-1.56.0-win32-x64\jre\21.0.12.1-win32-x86_64\bin\management.dll
0x00007ff8163e0000 - 0x00007ff8163ec000 	C:\Users\user5\.vscode\extensions\redhat.java-1.56.0-win32-x64\jre\21.0.12.1-win32-x86_64\bin\management_ext.dll
0x00007ff822440000 - 0x00007ff822448000 	C:\WINDOWS\System32\PSAPI.DLL
0x00007ff81fef0000 - 0x00007ff81ff0b000 	C:\WINDOWS\SYSTEM32\CRYPTSP.dll
0x00007ff81f510000 - 0x00007ff81f549000 	C:\WINDOWS\system32\rsaenh.dll
0x00007ff81fc90000 - 0x00007ff81fcc4000 	C:\WINDOWS\SYSTEM32\USERENV.dll
0x00007ff8207d0000 - 0x00007ff8207fa000 	C:\WINDOWS\SYSTEM32\bcrypt.dll
0x00007ff81ff10000 - 0x00007ff81ff1c000 	C:\WINDOWS\SYSTEM32\CRYPTBASE.dll
0x00007ff81efb0000 - 0x00007ff81efe3000 	C:\WINDOWS\SYSTEM32\IPHLPAPI.DLL
0x00007ff822750000 - 0x00007ff82275a000 	C:\WINDOWS\System32\NSI.dll
0x00007ffffce70000 - 0x00007ffffce79000 	C:\Users\user5\.vscode\extensions\redhat.java-1.56.0-win32-x64\jre\21.0.12.1-win32-x86_64\bin\extnet.dll
0x00007ffffa2f0000 - 0x00007ffffa2fe000 	C:\Users\user5\.vscode\extensions\redhat.java-1.56.0-win32-x64\jre\21.0.12.1-win32-x86_64\bin\sunmscapi.dll
0x00007ff821080000 - 0x00007ff8211fe000 	C:\WINDOWS\System32\CRYPT32.dll
0x00007ff8201c0000 - 0x00007ff8201f0000 	C:\WINDOWS\SYSTEM32\ncrypt.dll
0x00007ff820170000 - 0x00007ff8201af000 	C:\WINDOWS\SYSTEM32\NTASN1.dll
0x00007ff813c90000 - 0x00007ff813c98000 	C:\WINDOWS\system32\wshunix.dll
0x000000006b840000 - 0x000000006b8b3000 	D:\temp\native-platform5788227206585612850dir\gradle-fileevents.dll

JVMTI agents:
D:\gradle_cache\wrapper\dists\gradle-8.12-all\ejduaidbjup3bmmkhw3rie4zb\gradle-8.12\lib\agents\gradle-instrumentation-agent-8.12.jar path:C:\Users\user5\.vscode\extensions\redhat.java-1.56.0-win32-x64\jre\21.0.12.1-win32-x86_64\bin\instrument.dll, loaded, initialized, instrumentlib options:none

dbghelp: loaded successfully - version: 4.0.5 - missing functions: none
symbol engine: initialized successfully - sym options: 0x614 - pdb path: .;C:\Users\user5\.vscode\extensions\redhat.java-1.56.0-win32-x64\jre\21.0.12.1-win32-x86_64\bin;C:\WINDOWS\SYSTEM32;C:\WINDOWS\WinSxS\amd64_microsoft.windows.common-controls_6595b64144ccf1df_6.0.26100.9278_none_3e0d1ba8e3303201;C:\Users\user5\.vscode\extensions\redhat.java-1.56.0-win32-x64\jre\21.0.12.1-win32-x86_64\bin\server;D:\gradle_cache\native\1def1411415f61bf3af743bc5b6707747c0891f09f0c88961ee8f79bc544acac\windows-amd64;D:\gradle_cache\native\0.2.5\x86_64-windows-gnu;D:\temp\native-platform5788227206585612850dir

VM Arguments:
jvm_args: --add-opens=java.base/java.lang=ALL-UNNAMED --add-opens=java.base/java.lang.invoke=ALL-UNNAMED --add-opens=java.base/java.util=ALL-UNNAMED --add-opens=java.prefs/java.util.prefs=ALL-UNNAMED --add-exports=jdk.compiler/com.sun.tools.javac.api=ALL-UNNAMED --add-exports=jdk.compiler/com.sun.tools.javac.util=ALL-UNNAMED --add-opens=java.base/java.util=ALL-UNNAMED --add-opens=java.prefs/java.util.prefs=ALL-UNNAMED --add-opens=java.base/java.nio.charset=ALL-UNNAMED --add-opens=java.base/java.net=ALL-UNNAMED --add-opens=java.base/java.util.concurrent.atomic=ALL-UNNAMED --add-opens=java.xml/javax.xml.namespace=ALL-UNNAMED -XX:MaxMetaspaceSize=512m -XX:ReservedCodeCacheSize=256m -XX:+HeapDumpOnOutOfMemoryError -Xmx2G -Dfile.encoding=UTF-8 -Duser.country=IN -Duser.language=en -Duser.variant -javaagent:D:\gradle_cache\wrapper\dists\gradle-8.12-all\ejduaidbjup3bmmkhw3rie4zb\gradle-8.12\lib\agents\gradle-instrumentation-agent-8.12.jar 
java_command: org.gradle.launcher.daemon.bootstrap.GradleDaemon 8.12
java_class_path (initial): D:\gradle_cache\wrapper\dists\gradle-8.12-all\ejduaidbjup3bmmkhw3rie4zb\gradle-8.12\lib\gradle-daemon-main-8.12.jar
Launcher Type: SUN_STANDARD

[Global flags]
     intx CICompilerCount                          = 4                                         {product} {ergonomic}
   size_t CompressedClassSpaceSize                 = 436207616                                 {product} {ergonomic}
     uint ConcGCThreads                            = 3                                         {product} {ergonomic}
     uint G1ConcRefinementThreads                  = 10                                        {product} {ergonomic}
   size_t G1HeapRegionSize                         = 1048576                                   {product} {ergonomic}
    uintx GCDrainStackTargetSize                   = 64                                        {product} {ergonomic}
     bool HeapDumpOnOutOfMemoryError               = true                                   {manageable} {command line}
   size_t InitialHeapSize                          = 130023424                                 {product} {ergonomic}
   size_t MarkStackSize                            = 4194304                                   {product} {ergonomic}
   size_t MaxHeapSize                              = 2147483648                                {product} {command line}
   size_t MaxMetaspaceSize                         = 536870912                                 {product} {command line}
   size_t MaxNewSize                               = 1287651328                                {product} {ergonomic}
   size_t MinHeapDeltaBytes                        = 1048576                                   {product} {ergonomic}
   size_t MinHeapSize                              = 8388608                                   {product} {ergonomic}
    uintx NonNMethodCodeHeapSize                   = 5839372                                {pd product} {ergonomic}
    uintx NonProfiledCodeHeapSize                  = 131298042                              {pd product} {ergonomic}
    uintx ProfiledCodeHeapSize                     = 131298042                              {pd product} {ergonomic}
    uintx ReservedCodeCacheSize                    = 268435456                              {pd product} {command line}
     bool SegmentedCodeCache                       = true                                      {product} {ergonomic}
   size_t SoftMaxHeapSize                          = 2147483648                             {manageable} {ergonomic}
     bool UseCompressedOops                        = true                           {product lp64_product} {ergonomic}
     bool UseG1GC                                  = true                                      {product} {ergonomic}
     bool UseLargePagesIndividualAllocation        = false                                  {pd product} {ergonomic}

Logging:
Log output configuration:
 #0: stdout all=warning uptime,level,tags foldmultilines=false
 #1: stderr all=off uptime,level,tags foldmultilines=false

Release file:
JAVA_VERSION="21.0.12.1" 
MODULES="java.base java.compiler java.datatransfer java.xml java.prefs java.desktop java.instrument java.logging java.management java.security.sasl java.naming java.rmi java.management.rmi java.net.http java.scripting java.security.jgss java.transaction.xa java.sql java.sql.rowset java.xml.crypto java.se java.smartcardio jdk.accessibility jdk.internal.jvmstat jdk.attach jdk.charsets jdk.internal.opt jdk.zipfs jdk.compiler jdk.crypto.ec jdk.crypto.cryptoki jdk.crypto.mscapi jdk.dynalink jdk.internal.ed jdk.editpad jdk.hotspot.agent jdk.httpserver jdk.internal.le jdk.internal.vm.ci jdk.internal.vm.compiler jdk.internal.vm.compiler.management jdk.jartool jdk.javadoc jdk.jcmd jdk.management jdk.management.agent jdk.jconsole jdk.jdeps jdk.jdwp.agent jdk.jdi jdk.jfr jdk.jshell jdk.jsobject jdk.jstatd jdk.localedata jdk.management.jfr jdk.naming.dns jdk.naming.rmi jdk.net jdk.nio.mapmode jdk.random jdk.sctp jdk.security.auth jdk.security.jgss jdk.unsupported jdk.unsupported.desktop jdk.xml.dom" 

Environment Variables:
PATH=C:\Program Files\Common Files\Oracle\Java\javapath;C:\windows\system32;C:\windows;C:\windows\System32\Wbem;C:\windows\System32\WindowsPowerShell\v1.0\;C:\windows\System32\OpenSSH\;C:\Program Files (x86)\NVIDIA Corporation\PhysX\Common;C:\Program Files\NVIDIA Corporation\NVIDIA NvDLISR;C:\Users\Administrator\AppData\Local\Microsoft\WindowsApps;C:\Program Files\HP\OMEN-Broadcast\Common;C:\WINDOWS\system32;C:\WINDOWS;C:\WINDOWS\System32\Wbem;C:\WINDOWS\System32\WindowsPowerShell\v1.0\;C:\WINDOWS\System32\OpenSSH\;C:\src\flutter\bin;C:\Users\user5\AppData\Local\Android\Sdk\platform-tools;C:\Program Files\MySQL\MySQL Server 8.0\bin;C:\Program Files\Git\cmd;C:\Program Files\Git\mingw64\bin;C:\src\flutter\bin;C:\Program Files\Git\usr\bin;C:\Program Files\nodejs\;C:\Program Files\MySQL\MySQL Shell 8.0\bin\;C:\Users\user5\AppData\Local\Microsoft\WindowsApps;C:\Users\user5\AppData\Local\Programs\Microsoft VS Code\bin;C:\MinGW\bin;C:\Program Files\JetBrains\IntelliJ IDEA Community Edition 2025.1.1.1\bin;C:\Program Files\Git\cmd;;C:\Users\user5\AppData\Local\Programs\Antigravity IDE\bin;C:\Users\user5\AppData\Roaming\npm
USERNAME=User
OS=Windows_NT
PROCESSOR_IDENTIFIER=Intel64 Family 6 Model 154 Stepping 3, GenuineIntel
TMP=D:\temp
TEMP=D:\temp




Periodic native trim disabled

---------------  S Y S T E M  ---------------

OS:
 Windows 11 , 64 bit Build 26100 (10.0.26100.9444)
OS uptime: 0 days 2:00 hours
Hyper-V role detected

CPU: total 12 (initial active 12) (6 cores per cpu, 2 threads per core) family 6 model 154 stepping 3 microcode 0x435, cx8, cmov, fxsr, ht, mmx, 3dnowpref, sse, sse2, sse3, ssse3, sse4.1, sse4.2, popcnt, lzcnt, tsc, tscinvbit, avx, avx2, aes, erms, clmul, bmi1, bmi2, adx, sha, fma, vzeroupper, clflush, clflushopt, clwb, hv, serialize, rdtscp, rdpid, fsrm, f16c, cet_ibt, cet_ss
Processor Information for the first 12 processors :
  Max Mhz: 2000, Current Mhz: 2000, Mhz Limit: 2000

Memory: 4k page, system-wide physical 7832M (522M free)
TotalPageFile size 28208M (AvailPageFile size 94M)
current process WorkingSet (physical memory assigned to process): 127M, peak: 324M
current process commit charge ("private bytes"): 741M, peak: 759M

vm_info: OpenJDK 64-Bit Server VM (21.0.12.1+1-LTS) for windows-amd64 JRE (21.0.12.1+1-LTS), built on 2026-08-18T00:00:00Z by "admin" with MS VC++ 17.12 (VS2022)

END.
