#
# There is insufficient memory for the Java Runtime Environment to continue.
# Native memory allocation (malloc) failed to allocate 32744 bytes. Error detail: Chunk::new
# Possible reasons:
#   The system is out of physical RAM or swap space
#   This process is running with CompressedOops enabled, and the Java Heap may be blocking the growth of the native heap
# Possible solutions:
#   Reduce memory load on the system
#   Increase physical memory or swap space
#   Check if swap backing store is full
#   Decrease Java heap size (-Xmx/-Xms)
#   Decrease number of Java threads
#   Decrease Java thread stack sizes (-Xss)
#   Set larger code cache with -XX:ReservedCodeCacheSize=
#   JVM is running with Unscaled Compressed Oops mode in which the Java heap is
#     placed in the first 4GB address space. The Java Heap base address is the
#     maximum limit for the native heap growth. Please use -XX:HeapBaseMinAddress
#     to set the Java Heap base and to place the Java Heap above 4GB virtual address.
# This output file may be truncated or incomplete.
#
#  Out of Memory Error (arena.cpp:168), pid=37020, tid=31736
#
# JRE version: OpenJDK Runtime Environment Temurin-21.0.12.1+1 (21.0.12.1+1) (build 21.0.12.1+1-LTS)
# Java VM: OpenJDK 64-Bit Server VM Temurin-21.0.12.1+1 (21.0.12.1+1-LTS, mixed mode, sharing, tiered, compressed oops, compressed class ptrs, g1 gc, windows-amd64)
# No core dump will be written. Minidumps are not enabled by default on client versions of Windows
#

---------------  S U M M A R Y ------------

Command Line: --add-opens=java.base/java.lang=ALL-UNNAMED --add-opens=java.base/java.lang.invoke=ALL-UNNAMED --add-opens=java.base/java.util=ALL-UNNAMED --add-opens=java.prefs/java.util.prefs=ALL-UNNAMED --add-exports=jdk.compiler/com.sun.tools.javac.api=ALL-UNNAMED --add-exports=jdk.compiler/com.sun.tools.javac.util=ALL-UNNAMED --add-opens=java.base/java.util=ALL-UNNAMED --add-opens=java.prefs/java.util.prefs=ALL-UNNAMED --add-opens=java.base/java.nio.charset=ALL-UNNAMED --add-opens=java.base/java.net=ALL-UNNAMED --add-opens=java.base/java.util.concurrent.atomic=ALL-UNNAMED --add-opens=java.xml/javax.xml.namespace=ALL-UNNAMED -XX:MaxMetaspaceSize=512m -XX:ReservedCodeCacheSize=256m -XX:+HeapDumpOnOutOfMemoryError -Xmx2G -Dfile.encoding=UTF-8 -Duser.country=IN -Duser.language=en -Duser.variant -javaagent:D:\gradle_cache\wrapper\dists\gradle-8.12-all\ejduaidbjup3bmmkhw3rie4zb\gradle-8.12\lib\agents\gradle-instrumentation-agent-8.12.jar org.gradle.launcher.daemon.bootstrap.GradleDaemon 8.12

Host: 12th Gen Intel(R) Core(TM) i5-12450H, 12 cores, 7G,  Windows 11 , 64 bit Build 26100 (10.0.26100.9444)
Time: Sun Sep 13 16:37:44 2026 India Standard Time elapsed time: 537.121221 seconds (0d 0h 8m 57s)

---------------  T H R E A D  ---------------

Current thread (0x000001f67ebe7ff0):  JavaThread "C2 CompilerThread0" daemon [_thread_in_native, id=31736, stack(0x000000c148900000,0x000000c148a00000) (1024K)]


Current CompileTask:
C2:537121 15635       4       org.objectweb.asm.ClassReader::readCode (5117 bytes)

Stack: [0x000000c148900000,0x000000c148a00000]
Native frames: (J=compiled Java code, j=interpreted, Vv=VM code, C=native code)
V  [jvm.dll+0x6d83e9]
V  [jvm.dll+0x8b5736]
V  [jvm.dll+0x8b7cee]
V  [jvm.dll+0x8b83d3]
V  [jvm.dll+0x284596]
V  [jvm.dll+0xc685d]
V  [jvm.dll+0xc6da1]
V  [jvm.dll+0x3c4488]
V  [jvm.dll+0x5e01c8]
V  [jvm.dll+0x5df2b6]
V  [jvm.dll+0x5dfdf7]
V  [jvm.dll+0x38b701]
V  [jvm.dll+0x38ab1a]
V  [jvm.dll+0x24c700]
V  [jvm.dll+0x24bce0]
V  [jvm.dll+0x1cb4ae]
V  [jvm.dll+0x25baad]
V  [jvm.dll+0x25a03a]
V  [jvm.dll+0x3f8aae]
V  [jvm.dll+0x8600cd]
V  [jvm.dll+0x6d6c1d]
C  [ucrtbase.dll+0x2cd30]
C  [KERNEL32.DLL+0x2cd87]
C  [ntdll.dll+0xacaec]


---------------  P R O C E S S  ---------------

Threads class SMR info:
_java_thread_list=0x000001f62b8eb620, length=176, elements={
0x000001f66899f240, 0x000001f67ebda340, 0x000001f67ebdaea0, 0x000001f67ebe0bc0,
0x000001f67ebe3a00, 0x000001f67ebe61b0, 0x000001f67ebe7650, 0x000001f67ebe7ff0,
0x000001f67ebecf90, 0x000001f67f821ed0, 0x000001f67f818ae0, 0x000001f6228b80e0,
0x000001f62271f0e0, 0x000001f622b07a10, 0x000001f622a5eff0, 0x000001f622909d40,
0x000001f622ad3860, 0x000001f6229437b0, 0x000001f622941050, 0x000001f622941d70,
0x000001f6229416e0, 0x000001f622943e40, 0x000001f622942400, 0x000001f622942a90,
0x000001f622dfc400, 0x000001f622df9ca0, 0x000001f622dfa330, 0x000001f622df8f80,
0x000001f622dfde40, 0x000001f622dfd120, 0x000001f622dfb6e0, 0x000001f622dfbd70,
0x000001f622dfca90, 0x000001f622dfff10, 0x000001f622dff1f0, 0x000001f622e005a0,
0x000001f6252e4420, 0x000001f6252e4ab0, 0x000001f6252e3070, 0x000001f6252e64f0,
0x000001f6252e3700, 0x000001f6252e5140, 0x000001f6252e3d90, 0x000001f6252e57d0,
0x000001f6252e5e60, 0x000001f6232666b0, 0x000001f6232694a0, 0x000001f623268780,
0x000001f623266d40, 0x000001f6232680f0, 0x000001f623269b30, 0x000001f623268e10,
0x000001f6232673d0, 0x000001f62326a850, 0x000001f623267a60, 0x000001f62326cfb0,
0x000001f62326aee0, 0x000001f62326b570, 0x000001f62326d640, 0x000001f62326bc00,
0x000001f62326c290, 0x000001f62326c920, 0x000001f62326a1c0, 0x000001f62326dcd0,
0x000001f622ff6d30, 0x000001f622ff8770, 0x000001f622ff7a50, 0x000001f622ff8e00,
0x000001f622ff66a0, 0x000001f622ff73c0, 0x000001f622ffcfa0, 0x000001f622ffbbf0,
0x000001f622ffc280, 0x000001f622ffc910, 0x000001f622ffaed0, 0x000001f622ffd630,
0x000001f622ffdcc0, 0x000001f622ffb560, 0x000001f622943120, 0x000001f625e24130,
0x000001f625e23410, 0x000001f625e22d80, 0x000001f625e247c0, 0x000001f625e24e50,
0x000001f625e23aa0, 0x000001f625e254e0, 0x000001f625e22060, 0x000001f625e25b70,
0x000001f625e226f0, 0x000001f625e26200, 0x000001f625e28960, 0x000001f625e27c40,
0x000001f625e282d0, 0x000001f625e28ff0, 0x000001f625e275b0, 0x000001f625e29680,
0x000001f625e26f20, 0x000001f625e26890, 0x000001f625728b30, 0x000001f625727e10,
0x000001f62572ac00, 0x000001f625729850, 0x000001f62572b920, 0x000001f62572b290,
0x000001f625729ee0, 0x000001f6257291c0, 0x000001f62572a570, 0x000001f6257284a0,
0x000001f62572d360, 0x000001f62572bfb0, 0x000001f62572c640, 0x000001f62572ccd0,
0x000001f62572d9f0, 0x000001f62572e080, 0x000001f62572eda0, 0x000001f62572f430,
0x000001f625366df0, 0x000001f625367b10, 0x000001f625367480, 0x000001f6253681a0,
0x000001f625368830, 0x000001f6253653b0, 0x000001f625366760, 0x000001f625365a40,
0x000001f625368ec0, 0x000001f6253660d0, 0x000001f62536c9d0, 0x000001f62536b620,
0x000001f62536bcb0, 0x000001f62536c340, 0x000001f62536a270, 0x000001f625369550,
0x000001f625369be0, 0x000001f62536a900, 0x000001f62536af90, 0x000001f624a49460,
0x000001f624a49af0, 0x000001f624a480b0, 0x000001f624a47390, 0x000001f624a4aea0,
0x000001f624a4a180, 0x000001f624a48740, 0x000001f624a4a810, 0x000001f624a47a20,
0x000001f624a4b530, 0x000001f624a4bbc0, 0x000001f624a4c250, 0x000001f624a48dd0,
0x000001f624a4e9b0, 0x000001f625ea6150, 0x000001f625ea95d0, 0x000001f62baf8c80,
0x000001f62bafce20, 0x000001f62baf7240, 0x000001f62baf7f60, 0x000001f62bafa030,
0x000001f62baf9310, 0x000001f62bafa6c0, 0x000001f62bafad50, 0x000001f62bafb3e0,
0x000001f62baf99a0, 0x000001f62bb00fc0, 0x000001f62baffc10, 0x000001f62bafe860,
0x000001f62bb002a0, 0x000001f62bb01650, 0x000001f62bb00930, 0x000001f62bafe1d0,
0x000001f62bb02a00, 0x000001f62bb01ce0, 0x000001f62bb02370, 0x000001f62baff580,
0x000001f62bb057f0, 0x000001f62bb05160, 0x000001f62bb05e80, 0x000001f62bb03720
}

Java Threads: ( => current thread )
  0x000001f66899f240 JavaThread "main"                              [_thread_blocked, id=16276, stack(0x000000c147b00000,0x000000c147c00000) (1024K)]
  0x000001f67ebda340 JavaThread "Reference Handler"          daemon [_thread_blocked, id=28416, stack(0x000000c148300000,0x000000c148400000) (1024K)]
  0x000001f67ebdaea0 JavaThread "Finalizer"                  daemon [_thread_blocked, id=6928, stack(0x000000c148400000,0x000000c148500000) (1024K)]
  0x000001f67ebe0bc0 JavaThread "Signal Dispatcher"          daemon [_thread_blocked, id=23368, stack(0x000000c148500000,0x000000c148600000) (1024K)]
  0x000001f67ebe3a00 JavaThread "Attach Listener"            daemon [_thread_blocked, id=26564, stack(0x000000c148600000,0x000000c148700000) (1024K)]
  0x000001f67ebe61b0 JavaThread "Service Thread"             daemon [_thread_blocked, id=28656, stack(0x000000c148700000,0x000000c148800000) (1024K)]
  0x000001f67ebe7650 JavaThread "Monitor Deflation Thread"   daemon [_thread_blocked, id=19168, stack(0x000000c148800000,0x000000c148900000) (1024K)]
=>0x000001f67ebe7ff0 JavaThread "C2 CompilerThread0"         daemon [_thread_in_native, id=31736, stack(0x000000c148900000,0x000000c148a00000) (1024K)]
  0x000001f67ebecf90 JavaThread "C1 CompilerThread0"         daemon [_thread_blocked, id=5428, stack(0x000000c148a00000,0x000000c148b00000) (1024K)]
  0x000001f67f821ed0 JavaThread "Common-Cleaner"             daemon [_thread_blocked, id=13708, stack(0x000000c148b00000,0x000000c148c00000) (1024K)]
  0x000001f67f818ae0 JavaThread "Notification Thread"        daemon [_thread_blocked, id=23756, stack(0x000000c148c00000,0x000000c148d00000) (1024K)]
  0x000001f6228b80e0 JavaThread "Daemon health stats"               [_thread_blocked, id=21168, stack(0x000000c149400000,0x000000c149500000) (1024K)]
  0x000001f62271f0e0 JavaThread "Incoming local TCP Connector on port 53485"        [_thread_in_native, id=20428, stack(0x000000c149500000,0x000000c149600000) (1024K)]
  0x000001f622b07a10 JavaThread "Daemon periodic checks"            [_thread_blocked, id=37068, stack(0x000000c149600000,0x000000c149700000) (1024K)]
  0x000001f622a5eff0 JavaThread "Daemon"                            [_thread_blocked, id=27340, stack(0x000000c149700000,0x000000c149800000) (1024K)]
  0x000001f622909d40 JavaThread "Handler for socket connection from /127.0.0.1:53485 to /127.0.0.1:53486"        [_thread_in_native, id=36740, stack(0x000000c149800000,0x000000c149900000) (1024K)]
  0x000001f622ad3860 JavaThread "Cancel handler"                    [_thread_blocked, id=22796, stack(0x000000c149900000,0x000000c149a00000) (1024K)]
  0x000001f6229437b0 JavaThread "Daemon worker"                     [_thread_blocked, id=35316, stack(0x000000c149a00000,0x000000c149b00000) (1024K)]
  0x000001f622941050 JavaThread "Asynchronous log dispatcher for DefaultDaemonConnection: socket connection from /127.0.0.1:53485 to /127.0.0.1:53486"        [_thread_blocked, id=4412, stack(0x000000c149b00000,0x000000c149c00000) (1024K)]
  0x000001f622941d70 JavaThread "Stdin handler"                     [_thread_blocked, id=36616, stack(0x000000c149c00000,0x000000c149d00000) (1024K)]
  0x000001f6229416e0 JavaThread "Daemon client event forwarder"        [_thread_blocked, id=27808, stack(0x000000c149d00000,0x000000c149e00000) (1024K)]
  0x000001f622943e40 JavaThread "Cache worker for journal cache (D:\gradle_cache\caches\journal-1)"        [_thread_blocked, id=4788, stack(0x000000c149e00000,0x000000c149f00000) (1024K)]
  0x000001f622942400 JavaThread "File lock request listener"        [_thread_in_native, id=31004, stack(0x000000c149f00000,0x000000c14a000000) (1024K)]
  0x000001f622942a90 JavaThread "Cache worker for file hash cache (D:\gradle_cache\caches\8.12\fileHashes)"        [_thread_blocked, id=34084, stack(0x000000c14a000000,0x000000c14a100000) (1024K)]
  0x000001f622dfc400 JavaThread "Cache worker for file hash cache (D:\pranjal\electricity_billing\mobile\android\.gradle\8.12\fileHashes)"        [_thread_blocked, id=33820, stack(0x000000c14a600000,0x000000c14a700000) (1024K)]
  0x000001f622df9ca0 JavaThread "Cache worker for Build Output Cleanup Cache (D:\pranjal\electricity_billing\mobile\android\.gradle\buildOutputCleanup)"        [_thread_blocked, id=33284, stack(0x000000c14a700000,0x000000c14a800000) (1024K)]
  0x000001f622dfa330 JavaThread "File watcher server"        daemon [_thread_in_native, id=24332, stack(0x000000c14a800000,0x000000c14a900000) (1024K)]
  0x000001f622df8f80 JavaThread "File watcher consumer"      daemon [_thread_blocked, id=15792, stack(0x000000c14a900000,0x000000c14aa00000) (1024K)]
  0x000001f622dfde40 JavaThread "Cache worker for checksums cache (D:\pranjal\electricity_billing\mobile\android\.gradle\8.12\checksums)"        [_thread_blocked, id=34712, stack(0x000000c14aa00000,0x000000c14ab00000) (1024K)]
  0x000001f622dfd120 JavaThread "Cache worker for file content cache (D:\gradle_cache\caches\8.12\fileContent)"        [_thread_blocked, id=25148, stack(0x000000c14ab00000,0x000000c14ac00000) (1024K)]
  0x000001f622dfb6e0 JavaThread "Cache worker for cache directory md-rule (D:\gradle_cache\caches\8.12\md-rule)"        [_thread_blocked, id=19544, stack(0x000000c14ac00000,0x000000c14ad00000) (1024K)]
  0x000001f622dfbd70 JavaThread "Cache worker for cache directory md-supplier (D:\gradle_cache\caches\8.12\md-supplier)"        [_thread_blocked, id=37420, stack(0x000000c14ad00000,0x000000c14ae00000) (1024K)]
  0x000001f622dfca90 JavaThread "Cache worker for Build Output Cleanup Cache (C:\src\flutter\packages\flutter_tools\gradle\.gradle\buildOutputCleanup)"        [_thread_blocked, id=23848, stack(0x000000c14ae00000,0x000000c14af00000) (1024K)]
  0x000001f622dfff10 JavaThread "Unconstrained build operations"        [_thread_blocked, id=26544, stack(0x000000c147800000,0x000000c147900000) (1024K)]
  0x000001f622dff1f0 JavaThread "Unconstrained build operations Thread 2"        [_thread_blocked, id=30316, stack(0x000000c147900000,0x000000c147a00000) (1024K)]
  0x000001f622e005a0 JavaThread "Unconstrained build operations Thread 3"        [_thread_blocked, id=6300, stack(0x000000c147a00000,0x000000c147b00000) (1024K)]
  0x000001f6252e4420 JavaThread "Unconstrained build operations Thread 4"        [_thread_blocked, id=13060, stack(0x000000c14af00000,0x000000c14b000000) (1024K)]
  0x000001f6252e4ab0 JavaThread "Unconstrained build operations Thread 5"        [_thread_blocked, id=11760, stack(0x000000c14b000000,0x000000c14b100000) (1024K)]
  0x000001f6252e3070 JavaThread "Unconstrained build operations Thread 6"        [_thread_blocked, id=36880, stack(0x000000c14b100000,0x000000c14b200000) (1024K)]
  0x000001f6252e64f0 JavaThread "Unconstrained build operations Thread 7"        [_thread_blocked, id=23708, stack(0x000000c14b200000,0x000000c14b300000) (1024K)]
  0x000001f6252e3700 JavaThread "Unconstrained build operations Thread 8"        [_thread_blocked, id=28720, stack(0x000000c14b300000,0x000000c14b400000) (1024K)]
  0x000001f6252e5140 JavaThread "Unconstrained build operations Thread 9"        [_thread_blocked, id=11960, stack(0x000000c14b400000,0x000000c14b500000) (1024K)]
  0x000001f6252e3d90 JavaThread "Unconstrained build operations Thread 10"        [_thread_blocked, id=31476, stack(0x000000c14b500000,0x000000c14b600000) (1024K)]
  0x000001f6252e57d0 JavaThread "Unconstrained build operations Thread 11"        [_thread_blocked, id=21300, stack(0x000000c14b600000,0x000000c14b700000) (1024K)]
  0x000001f6252e5e60 JavaThread "Unconstrained build operations Thread 12"        [_thread_blocked, id=31700, stack(0x000000c14b700000,0x000000c14b800000) (1024K)]
  0x000001f6232666b0 JavaThread "Unconstrained build operations Thread 13"        [_thread_blocked, id=29064, stack(0x000000c14b800000,0x000000c14b900000) (1024K)]
  0x000001f6232694a0 JavaThread "Unconstrained build operations Thread 14"        [_thread_blocked, id=37232, stack(0x000000c14b900000,0x000000c14ba00000) (1024K)]
  0x000001f623268780 JavaThread "Unconstrained build operations Thread 15"        [_thread_blocked, id=22616, stack(0x000000c14ba00000,0x000000c14bb00000) (1024K)]
  0x000001f623266d40 JavaThread "Unconstrained build operations Thread 16"        [_thread_blocked, id=11536, stack(0x000000c14bb00000,0x000000c14bc00000) (1024K)]
  0x000001f6232680f0 JavaThread "Unconstrained build operations Thread 17"        [_thread_blocked, id=27444, stack(0x000000c14bc00000,0x000000c14bd00000) (1024K)]
  0x000001f623269b30 JavaThread "Unconstrained build operations Thread 18"        [_thread_blocked, id=36064, stack(0x000000c14bd00000,0x000000c14be00000) (1024K)]
  0x000001f623268e10 JavaThread "Unconstrained build operations Thread 19"        [_thread_blocked, id=35572, stack(0x000000c14be00000,0x000000c14bf00000) (1024K)]
  0x000001f6232673d0 JavaThread "Unconstrained build operations Thread 20"        [_thread_blocked, id=37664, stack(0x000000c14bf00000,0x000000c14c000000) (1024K)]
  0x000001f62326a850 JavaThread "Unconstrained build operations Thread 21"        [_thread_blocked, id=27160, stack(0x000000c14c000000,0x000000c14c100000) (1024K)]
  0x000001f623267a60 JavaThread "Unconstrained build operations Thread 22"        [_thread_blocked, id=4396, stack(0x000000c14c100000,0x000000c14c200000) (1024K)]
  0x000001f62326cfb0 JavaThread "Unconstrained build operations Thread 23"        [_thread_blocked, id=36344, stack(0x000000c14c200000,0x000000c14c300000) (1024K)]
  0x000001f62326aee0 JavaThread "Unconstrained build operations Thread 24"        [_thread_blocked, id=36820, stack(0x000000c14c300000,0x000000c14c400000) (1024K)]
  0x000001f62326b570 JavaThread "Unconstrained build operations Thread 25"        [_thread_blocked, id=33528, stack(0x000000c14c400000,0x000000c14c500000) (1024K)]
  0x000001f62326d640 JavaThread "Unconstrained build operations Thread 26"        [_thread_blocked, id=27592, stack(0x000000c14c500000,0x000000c14c600000) (1024K)]
  0x000001f62326bc00 JavaThread "Unconstrained build operations Thread 27"        [_thread_blocked, id=4876, stack(0x000000c14c600000,0x000000c14c700000) (1024K)]
  0x000001f62326c290 JavaThread "Unconstrained build operations Thread 28"        [_thread_blocked, id=33136, stack(0x000000c14c700000,0x000000c14c800000) (1024K)]
  0x000001f62326c920 JavaThread "Unconstrained build operations Thread 29"        [_thread_blocked, id=27388, stack(0x000000c14c800000,0x000000c14c900000) (1024K)]
  0x000001f62326a1c0 JavaThread "Unconstrained build operations Thread 30"        [_thread_blocked, id=33516, stack(0x000000c14c900000,0x000000c14ca00000) (1024K)]
  0x000001f62326dcd0 JavaThread "Unconstrained build operations Thread 31"        [_thread_blocked, id=34552, stack(0x000000c14ca00000,0x000000c14cb00000) (1024K)]
  0x000001f622ff6d30 JavaThread "Unconstrained build operations Thread 32"        [_thread_blocked, id=22808, stack(0x000000c14cb00000,0x000000c14cc00000) (1024K)]
  0x000001f622ff8770 JavaThread "Unconstrained build operations Thread 33"        [_thread_blocked, id=32148, stack(0x000000c14cc00000,0x000000c14cd00000) (1024K)]
  0x000001f622ff7a50 JavaThread "Memory manager"                    [_thread_blocked, id=27832, stack(0x000000c14cd00000,0x000000c14ce00000) (1024K)]
  0x000001f622ff8e00 JavaThread "build event listener"              [_thread_blocked, id=6644, stack(0x000000c14ce00000,0x000000c14cf00000) (1024K)]
  0x000001f622ff66a0 JavaThread "File lock release action executor Thread 2"        [_thread_blocked, id=28880, stack(0x000000c14a100000,0x000000c14a200000) (1024K)]
  0x000001f622ff73c0 JavaThread "Execution worker"                  [_thread_blocked, id=21796, stack(0x000000c14d300000,0x000000c14d400000) (1024K)]
  0x000001f622ffcfa0 JavaThread "Execution worker Thread 2"         [_thread_blocked, id=9824, stack(0x000000c14d400000,0x000000c14d500000) (1024K)]
  0x000001f622ffbbf0 JavaThread "Execution worker Thread 3"         [_thread_blocked, id=24804, stack(0x000000c14d500000,0x000000c14d600000) (1024K)]
  0x000001f622ffc280 JavaThread "Execution worker Thread 4"         [_thread_blocked, id=37656, stack(0x000000c14d600000,0x000000c14d700000) (1024K)]
  0x000001f622ffc910 JavaThread "Execution worker Thread 5"         [_thread_blocked, id=24084, stack(0x000000c14d700000,0x000000c14d800000) (1024K)]
  0x000001f622ffaed0 JavaThread "Execution worker Thread 6"         [_thread_blocked, id=12312, stack(0x000000c14d800000,0x000000c14d900000) (1024K)]
  0x000001f622ffd630 JavaThread "Execution worker Thread 7"         [_thread_blocked, id=28588, stack(0x000000c14d900000,0x000000c14da00000) (1024K)]
  0x000001f622ffdcc0 JavaThread "Execution worker Thread 8"         [_thread_blocked, id=3788, stack(0x000000c14da00000,0x000000c14db00000) (1024K)]
  0x000001f622ffb560 JavaThread "Execution worker Thread 9"         [_thread_blocked, id=25912, stack(0x000000c14db00000,0x000000c14dc00000) (1024K)]
  0x000001f622943120 JavaThread "Execution worker Thread 10"        [_thread_blocked, id=29340, stack(0x000000c14dc00000,0x000000c14dd00000) (1024K)]
  0x000001f625e24130 JavaThread "Execution worker Thread 11"        [_thread_blocked, id=36860, stack(0x000000c14dd00000,0x000000c14de00000) (1024K)]
  0x000001f625e23410 JavaThread "Cache worker for execution history cache (C:\src\flutter\packages\flutter_tools\gradle\.gradle\8.12\executionHistory)"        [_thread_blocked, id=35324, stack(0x000000c14de00000,0x000000c14df00000) (1024K)]
  0x000001f625e22d80 JavaThread "Unconstrained build operations Thread 34"        [_thread_blocked, id=21888, stack(0x000000c14df00000,0x000000c14e000000) (1024K)]
  0x000001f625e247c0 JavaThread "Unconstrained build operations Thread 35"        [_thread_blocked, id=28020, stack(0x000000c14e000000,0x000000c14e100000) (1024K)]
  0x000001f625e24e50 JavaThread "Unconstrained build operations Thread 36"        [_thread_blocked, id=19172, stack(0x000000c14e100000,0x000000c14e200000) (1024K)]
  0x000001f625e23aa0 JavaThread "Unconstrained build operations Thread 37"        [_thread_blocked, id=37360, stack(0x000000c14e200000,0x000000c14e300000) (1024K)]
  0x000001f625e254e0 JavaThread "Unconstrained build operations Thread 38"        [_thread_blocked, id=33536, stack(0x000000c14e300000,0x000000c14e400000) (1024K)]
  0x000001f625e22060 JavaThread "Unconstrained build operations Thread 39"        [_thread_blocked, id=10104, stack(0x000000c14e400000,0x000000c14e500000) (1024K)]
  0x000001f625e25b70 JavaThread "Unconstrained build operations Thread 40"        [_thread_blocked, id=21408, stack(0x000000c14e500000,0x000000c14e600000) (1024K)]
  0x000001f625e226f0 JavaThread "Unconstrained build operations Thread 41"        [_thread_blocked, id=34144, stack(0x000000c14e600000,0x000000c14e700000) (1024K)]
  0x000001f625e26200 JavaThread "Unconstrained build operations Thread 42"        [_thread_blocked, id=23500, stack(0x000000c14e700000,0x000000c14e800000) (1024K)]
  0x000001f625e28960 JavaThread "Unconstrained build operations Thread 43"        [_thread_blocked, id=15632, stack(0x000000c14e800000,0x000000c14e900000) (1024K)]
  0x000001f625e27c40 JavaThread "Unconstrained build operations Thread 44"        [_thread_blocked, id=31892, stack(0x000000c14e900000,0x000000c14ea00000) (1024K)]
  0x000001f625e282d0 JavaThread "Unconstrained build operations Thread 45"        [_thread_blocked, id=26204, stack(0x000000c14ea00000,0x000000c14eb00000) (1024K)]
  0x000001f625e28ff0 JavaThread "Unconstrained build operations Thread 46"        [_thread_blocked, id=21800, stack(0x000000c14eb00000,0x000000c14ec00000) (1024K)]
  0x000001f625e275b0 JavaThread "Unconstrained build operations Thread 47"        [_thread_blocked, id=29932, stack(0x000000c14ec00000,0x000000c14ed00000) (1024K)]
  0x000001f625e29680 JavaThread "Unconstrained build operations Thread 48"        [_thread_blocked, id=34404, stack(0x000000c14ed00000,0x000000c14ee00000) (1024K)]
  0x000001f625e26f20 JavaThread "Unconstrained build operations Thread 49"        [_thread_blocked, id=37356, stack(0x000000c14ee00000,0x000000c14ef00000) (1024K)]
  0x000001f625e26890 JavaThread "Unconstrained build operations Thread 50"        [_thread_blocked, id=37076, stack(0x000000c14ef00000,0x000000c14f000000) (1024K)]
  0x000001f625728b30 JavaThread "Unconstrained build operations Thread 51"        [_thread_blocked, id=12016, stack(0x000000c14f000000,0x000000c14f100000) (1024K)]
  0x000001f625727e10 JavaThread "Unconstrained build operations Thread 52"        [_thread_blocked, id=23744, stack(0x000000c14f100000,0x000000c14f200000) (1024K)]
  0x000001f62572ac00 JavaThread "Unconstrained build operations Thread 53"        [_thread_blocked, id=15216, stack(0x000000c14f200000,0x000000c14f300000) (1024K)]
  0x000001f625729850 JavaThread "Unconstrained build operations Thread 54"        [_thread_blocked, id=37300, stack(0x000000c14f300000,0x000000c14f400000) (1024K)]
  0x000001f62572b920 JavaThread "Unconstrained build operations Thread 55"        [_thread_blocked, id=4348, stack(0x000000c14f400000,0x000000c14f500000) (1024K)]
  0x000001f62572b290 JavaThread "Unconstrained build operations Thread 56"        [_thread_blocked, id=32908, stack(0x000000c14f500000,0x000000c14f600000) (1024K)]
  0x000001f625729ee0 JavaThread "Unconstrained build operations Thread 57"        [_thread_blocked, id=21944, stack(0x000000c14f600000,0x000000c14f700000) (1024K)]
  0x000001f6257291c0 JavaThread "Unconstrained build operations Thread 58"        [_thread_blocked, id=35124, stack(0x000000c14f700000,0x000000c14f800000) (1024K)]
  0x000001f62572a570 JavaThread "Unconstrained build operations Thread 59"        [_thread_blocked, id=35084, stack(0x000000c14f800000,0x000000c14f900000) (1024K)]
  0x000001f6257284a0 JavaThread "Unconstrained build operations Thread 60"        [_thread_blocked, id=35108, stack(0x000000c14f900000,0x000000c14fa00000) (1024K)]
  0x000001f62572d360 JavaThread "Unconstrained build operations Thread 61"        [_thread_blocked, id=27236, stack(0x000000c14fa00000,0x000000c14fb00000) (1024K)]
  0x000001f62572bfb0 JavaThread "Unconstrained build operations Thread 62"        [_thread_blocked, id=33428, stack(0x000000c14fb00000,0x000000c14fc00000) (1024K)]
  0x000001f62572c640 JavaThread "Unconstrained build operations Thread 63"        [_thread_blocked, id=35132, stack(0x000000c14fc00000,0x000000c14fd00000) (1024K)]
  0x000001f62572ccd0 JavaThread "Unconstrained build operations Thread 64"        [_thread_blocked, id=10680, stack(0x000000c14fd00000,0x000000c14fe00000) (1024K)]
  0x000001f62572d9f0 JavaThread "Unconstrained build operations Thread 65"        [_thread_blocked, id=31772, stack(0x000000c14fe00000,0x000000c14ff00000) (1024K)]
  0x000001f62572e080 JavaThread "Unconstrained build operations Thread 66"        [_thread_blocked, id=19008, stack(0x000000c14ff00000,0x000000c150000000) (1024K)]
  0x000001f62572eda0 JavaThread "Unconstrained build operations Thread 67"        [_thread_blocked, id=31468, stack(0x000000c150000000,0x000000c150100000) (1024K)]
  0x000001f62572f430 JavaThread "Unconstrained build operations Thread 68"        [_thread_blocked, id=6152, stack(0x000000c150100000,0x000000c150200000) (1024K)]
  0x000001f625366df0 JavaThread "Unconstrained build operations Thread 69"        [_thread_blocked, id=24476, stack(0x000000c150200000,0x000000c150300000) (1024K)]
  0x000001f625367b10 JavaThread "Unconstrained build operations Thread 70"        [_thread_blocked, id=34036, stack(0x000000c150300000,0x000000c150400000) (1024K)]
  0x000001f625367480 JavaThread "Unconstrained build operations Thread 71"        [_thread_blocked, id=11692, stack(0x000000c150400000,0x000000c150500000) (1024K)]
  0x000001f6253681a0 JavaThread "Unconstrained build operations Thread 72"        [_thread_blocked, id=27536, stack(0x000000c150500000,0x000000c150600000) (1024K)]
  0x000001f625368830 JavaThread "Unconstrained build operations Thread 73"        [_thread_blocked, id=6696, stack(0x000000c150600000,0x000000c150700000) (1024K)]
  0x000001f6253653b0 JavaThread "Unconstrained build operations Thread 74"        [_thread_blocked, id=5876, stack(0x000000c150700000,0x000000c150800000) (1024K)]
  0x000001f625366760 JavaThread "Unconstrained build operations Thread 75"        [_thread_blocked, id=25064, stack(0x000000c150800000,0x000000c150900000) (1024K)]
  0x000001f625365a40 JavaThread "Unconstrained build operations Thread 76"        [_thread_blocked, id=37624, stack(0x000000c150900000,0x000000c150a00000) (1024K)]
  0x000001f625368ec0 JavaThread "Unconstrained build operations Thread 77"        [_thread_blocked, id=10876, stack(0x000000c150a00000,0x000000c150b00000) (1024K)]
  0x000001f6253660d0 JavaThread "Unconstrained build operations Thread 78"        [_thread_blocked, id=13300, stack(0x000000c150b00000,0x000000c150c00000) (1024K)]
  0x000001f62536c9d0 JavaThread "Unconstrained build operations Thread 79"        [_thread_blocked, id=33088, stack(0x000000c150c00000,0x000000c150d00000) (1024K)]
  0x000001f62536b620 JavaThread "Unconstrained build operations Thread 80"        [_thread_blocked, id=29056, stack(0x000000c150d00000,0x000000c150e00000) (1024K)]
  0x000001f62536bcb0 JavaThread "Unconstrained build operations Thread 81"        [_thread_blocked, id=36212, stack(0x000000c150e00000,0x000000c150f00000) (1024K)]
  0x000001f62536c340 JavaThread "Unconstrained build operations Thread 82"        [_thread_blocked, id=32580, stack(0x000000c150f00000,0x000000c151000000) (1024K)]
  0x000001f62536a270 JavaThread "Unconstrained build operations Thread 83"        [_thread_blocked, id=21804, stack(0x000000c151000000,0x000000c151100000) (1024K)]
  0x000001f625369550 JavaThread "Unconstrained build operations Thread 84"        [_thread_blocked, id=29568, stack(0x000000c151100000,0x000000c151200000) (1024K)]
  0x000001f625369be0 JavaThread "Unconstrained build operations Thread 85"        [_thread_blocked, id=22420, stack(0x000000c151200000,0x000000c151300000) (1024K)]
  0x000001f62536a900 JavaThread "Unconstrained build operations Thread 86"        [_thread_blocked, id=29360, stack(0x000000c151300000,0x000000c151400000) (1024K)]
  0x000001f62536af90 JavaThread "Unconstrained build operations Thread 87"        [_thread_blocked, id=35344, stack(0x000000c151400000,0x000000c151500000) (1024K)]
  0x000001f624a49460 JavaThread "Unconstrained build operations Thread 88"        [_thread_blocked, id=31624, stack(0x000000c151500000,0x000000c151600000) (1024K)]
  0x000001f624a49af0 JavaThread "Unconstrained build operations Thread 89"        [_thread_blocked, id=35040, stack(0x000000c151600000,0x000000c151700000) (1024K)]
  0x000001f624a480b0 JavaThread "Unconstrained build operations Thread 90"        [_thread_blocked, id=31288, stack(0x000000c151700000,0x000000c151800000) (1024K)]
  0x000001f624a47390 JavaThread "Unconstrained build operations Thread 91"        [_thread_blocked, id=388, stack(0x000000c151800000,0x000000c151900000) (1024K)]
  0x000001f624a4aea0 JavaThread "Unconstrained build operations Thread 92"        [_thread_blocked, id=228, stack(0x000000c151900000,0x000000c151a00000) (1024K)]
  0x000001f624a4a180 JavaThread "Unconstrained build operations Thread 93"        [_thread_blocked, id=35112, stack(0x000000c151a00000,0x000000c151b00000) (1024K)]
  0x000001f624a48740 JavaThread "Unconstrained build operations Thread 94"        [_thread_blocked, id=31956, stack(0x000000c151b00000,0x000000c151c00000) (1024K)]
  0x000001f624a4a810 JavaThread "Unconstrained build operations Thread 95"        [_thread_blocked, id=32972, stack(0x000000c151c00000,0x000000c151d00000) (1024K)]
  0x000001f624a47a20 JavaThread "Unconstrained build operations Thread 96"        [_thread_blocked, id=22280, stack(0x000000c151d00000,0x000000c151e00000) (1024K)]
  0x000001f624a4b530 JavaThread "Unconstrained build operations Thread 97"        [_thread_blocked, id=24236, stack(0x000000c151e00000,0x000000c151f00000) (1024K)]
  0x000001f624a4bbc0 JavaThread "Unconstrained build operations Thread 98"        [_thread_blocked, id=26508, stack(0x000000c151f00000,0x000000c152000000) (1024K)]
  0x000001f624a4c250 JavaThread "Unconstrained build operations Thread 99"        [_thread_blocked, id=9680, stack(0x000000c152000000,0x000000c152100000) (1024K)]
  0x000001f624a48dd0 JavaThread "Unconstrained build operations Thread 100"        [_thread_blocked, id=30820, stack(0x000000c152100000,0x000000c152200000) (1024K)]
  0x000001f624a4e9b0 JavaThread "Unconstrained build operations Thread 101"        [_thread_blocked, id=35224, stack(0x000000c152200000,0x000000c152300000) (1024K)]
  0x000001f625ea6150 JavaThread "build event listener"              [_thread_blocked, id=33848, stack(0x000000c152300000,0x000000c152400000) (1024K)]
  0x000001f625ea95d0 JavaThread "jar transforms"                    [_thread_blocked, id=35448, stack(0x000000c14cf00000,0x000000c14d000000) (1024K)]
  0x000001f62baf8c80 JavaThread "jar transforms Thread 2"           [_thread_blocked, id=32272, stack(0x000000c14d000000,0x000000c14d100000) (1024K)]
  0x000001f62bafce20 JavaThread "Problems report writer"            [_thread_blocked, id=22016, stack(0x000000c14d100000,0x000000c14d200000) (1024K)]
  0x000001f62baf7240 JavaThread "jar transforms Thread 3"           [_thread_blocked, id=24380, stack(0x000000c14d200000,0x000000c14d300000) (1024K)]
  0x000001f62baf7f60 JavaThread "jar transforms Thread 4"           [_thread_blocked, id=36484, stack(0x000000c152400000,0x000000c152500000) (1024K)]
  0x000001f62bafa030 JavaThread "jar transforms Thread 5"           [_thread_blocked, id=28788, stack(0x000000c152500000,0x000000c152600000) (1024K)]
  0x000001f62baf9310 JavaThread "Unconstrained build operations Thread 102"        [_thread_blocked, id=11080, stack(0x000000c152600000,0x000000c152700000) (1024K)]
  0x000001f62bafa6c0 JavaThread "Unconstrained build operations Thread 103"        [_thread_blocked, id=29512, stack(0x000000c152700000,0x000000c152800000) (1024K)]
  0x000001f62bafad50 JavaThread "Unconstrained build operations Thread 104"        [_thread_blocked, id=24868, stack(0x000000c152800000,0x000000c152900000) (1024K)]
  0x000001f62bafb3e0 JavaThread "Unconstrained build operations Thread 105"        [_thread_blocked, id=26264, stack(0x000000c152900000,0x000000c152a00000) (1024K)]
  0x000001f62baf99a0 JavaThread "Unconstrained build operations Thread 106"        [_thread_blocked, id=23068, stack(0x000000c152a00000,0x000000c152b00000) (1024K)]
  0x000001f62bb00fc0 JavaThread "Unconstrained build operations Thread 107"        [_thread_blocked, id=26668, stack(0x000000c152b00000,0x000000c152c00000) (1024K)]
  0x000001f62baffc10 JavaThread "Unconstrained build operations Thread 108"        [_thread_blocked, id=22220, stack(0x000000c152c00000,0x000000c152d00000) (1024K)]
  0x000001f62bafe860 JavaThread "Unconstrained build operations Thread 109"        [_thread_blocked, id=29580, stack(0x000000c152d00000,0x000000c152e00000) (1024K)]
  0x000001f62bb002a0 JavaThread "Unconstrained build operations Thread 110"        [_thread_blocked, id=3916, stack(0x000000c152e00000,0x000000c152f00000) (1024K)]
  0x000001f62bb01650 JavaThread "Unconstrained build operations Thread 111"        [_thread_blocked, id=16212, stack(0x000000c152f00000,0x000000c153000000) (1024K)]
  0x000001f62bb00930 JavaThread "Unconstrained build operations Thread 112"        [_thread_blocked, id=12216, stack(0x000000c153000000,0x000000c153100000) (1024K)]
  0x000001f62bafe1d0 JavaThread "Unconstrained build operations Thread 113"        [_thread_blocked, id=29388, stack(0x000000c153100000,0x000000c153200000) (1024K)]
  0x000001f62bb02a00 JavaThread "Unconstrained build operations Thread 114"        [_thread_blocked, id=24672, stack(0x000000c153200000,0x000000c153300000) (1024K)]
  0x000001f62bb01ce0 JavaThread "Unconstrained build operations Thread 115"        [_thread_blocked, id=35996, stack(0x000000c153300000,0x000000c153400000) (1024K)]
  0x000001f62bb02370 JavaThread "Unconstrained build operations Thread 116"        [_thread_blocked, id=7992, stack(0x000000c153400000,0x000000c153500000) (1024K)]
  0x000001f62baff580 JavaThread "Unconstrained build operations Thread 117"        [_thread_blocked, id=35884, stack(0x000000c153500000,0x000000c153600000) (1024K)]
  0x000001f62bb057f0 JavaThread "Unconstrained build operations Thread 118"        [_thread_blocked, id=36304, stack(0x000000c153600000,0x000000c153700000) (1024K)]
  0x000001f62bb05160 JavaThread "Unconstrained build operations Thread 119"        [_thread_blocked, id=20464, stack(0x000000c153700000,0x000000c153800000) (1024K)]
  0x000001f62bb05e80 JavaThread "Unconstrained build operations Thread 120"        [_thread_blocked, id=6596, stack(0x000000c153800000,0x000000c153900000) (1024K)]
  0x000001f62bb03720 JavaThread "jar transforms Thread 6"           [_thread_blocked, id=5788, stack(0x000000c153900000,0x000000c153a00000) (1024K)]
Total: 176

Other Threads:
  0x000001f67ebb9ac0 VMThread "VM Thread"                           [id=27304, stack(0x000000c148200000,0x000000c148300000) (1024K)]
  0x000001f67eba83f0 WatcherThread "VM Periodic Task Thread"        [id=33416, stack(0x000000c148100000,0x000000c148200000) (1024K)]
  0x000001f6689f9dd0 WorkerThread "GC Thread#0"                     [id=23328, stack(0x000000c147c00000,0x000000c147d00000) (1024K)]
  0x000001f67f8f1ea0 WorkerThread "GC Thread#1"                     [id=20488, stack(0x000000c148d00000,0x000000c148e00000) (1024K)]
  0x000001f6211a60b0 WorkerThread "GC Thread#2"                     [id=32876, stack(0x000000c148e00000,0x000000c148f00000) (1024K)]
  0x000001f6219eb330 WorkerThread "GC Thread#3"                     [id=19100, stack(0x000000c148f00000,0x000000c149000000) (1024K)]
  0x000001f6219eb8f0 WorkerThread "GC Thread#4"                     [id=1228, stack(0x000000c149000000,0x000000c149100000) (1024K)]
  0x000001f62274ede0 WorkerThread "GC Thread#5"                     [id=33644, stack(0x000000c149100000,0x000000c149200000) (1024K)]
  0x000001f622403900 WorkerThread "GC Thread#6"                     [id=37884, stack(0x000000c149200000,0x000000c149300000) (1024K)]
  0x000001f62262c4b0 WorkerThread "GC Thread#7"                     [id=35436, stack(0x000000c149300000,0x000000c149400000) (1024K)]
  0x000001f622a7d510 WorkerThread "GC Thread#8"                     [id=12008, stack(0x000000c14a200000,0x000000c14a300000) (1024K)]
  0x000001f622a7e020 WorkerThread "GC Thread#9"                     [id=31452, stack(0x000000c14a300000,0x000000c14a400000) (1024K)]
  0x000001f668a0c360 ConcurrentGCThread "G1 Main Marker"            [id=28892, stack(0x000000c147d00000,0x000000c147e00000) (1024K)]
  0x000001f668a0cd80 WorkerThread "G1 Conc#0"                       [id=36440, stack(0x000000c147e00000,0x000000c147f00000) (1024K)]
  0x000001f621f7c230 WorkerThread "G1 Conc#1"                       [id=36856, stack(0x000000c14a400000,0x000000c14a500000) (1024K)]
  0x000001f621f7c990 WorkerThread "G1 Conc#2"                       [id=32828, stack(0x000000c14a500000,0x000000c14a600000) (1024K)]
  0x000001f668a5e040 ConcurrentGCThread "G1 Refine#0"               [id=25820, stack(0x000000c147f00000,0x000000c148000000) (1024K)]
  0x000001f668a5e970 ConcurrentGCThread "G1 Service"                [id=17716, stack(0x000000c148000000,0x000000c148100000) (1024K)]
Total: 18

Threads with active compile tasks:
C2 CompilerThread0  537193 15635       4       org.objectweb.asm.ClassReader::readCode (5117 bytes)
Total: 1

VM state: not at safepoint (normal execution)

VM Mutex/Monitor currently owned by a thread: None

Heap address: 0x0000000080000000, size: 2048 MB, Compressed Oops mode: 32-bit

CDS archive(s) mapped at: [0x000001f602000000-0x000001f602ba0000-0x000001f602ba0000), size 12189696, SharedBaseAddress: 0x000001f602000000, ArchiveRelocationMode: 1.
Compressed class space mapped at: 0x000001f603000000-0x000001f61d000000, reserved size: 436207616
Narrow klass base: 0x000001f602000000, Narrow klass shift: 0, Narrow klass range: 0x100000000

GC Precious Log:
 CardTable entry size: 512
 Card Set container configuration: InlinePtr #cards 5 size 8 Array Of Cards #cards 12 size 40 Howl #buckets 4 coarsen threshold 1843 Howl Bitmap #cards 512 size 80 coarsen threshold 460 Card regions per heap region 1 cards per card region 2048
 CPUs: 12 total, 12 available
 Memory: 7832M
 Large Page Support: Disabled
 NUMA Support: Disabled
 Compressed Oops: Enabled (32-bit)
 Heap Region Size: 1M
 Heap Min Capacity: 8M
 Heap Initial Capacity: 124M
 Heap Max Capacity: 2G
 Pre-touch: Disabled
 Parallel Workers: 10
 Concurrent Workers: 3
 Concurrent Refinement Workers: 10
 Periodic GC: Disabled

Heap:
 garbage-first heap   total 244736K, used 185086K [0x0000000080000000, 0x0000000100000000)
  region size 1024K, 40 young (40960K), 2 survivors (2048K)
 Metaspace       used 109323K, committed 111872K, reserved 557056K
  class space    used 15462K, committed 16704K, reserved 425984K

Heap Regions: E=young(eden), S=young(survivor), O=old, HS=humongous(starts), HC=humongous(continues), CS=collection set, F=free, TAMS=top-at-mark-start, PB=parsable bottom
|   0|0x0000000080000000, 0x0000000080100000, 0x0000000080100000|100%| O|  |TAMS 0x0000000080000000| PB 0x0000000080000000| Untracked 
|   1|0x0000000080100000, 0x0000000080200000, 0x0000000080200000|100%|HS|  |TAMS 0x0000000080100000| PB 0x0000000080100000| Complete 
|   2|0x0000000080200000, 0x0000000080300000, 0x0000000080300000|100%|HC|  |TAMS 0x0000000080200000| PB 0x0000000080200000| Complete 
|   3|0x0000000080300000, 0x0000000080400000, 0x0000000080400000|100%|HC|  |TAMS 0x0000000080300000| PB 0x0000000080300000| Complete 
|   4|0x0000000080400000, 0x0000000080500000, 0x0000000080500000|100%| O|  |TAMS 0x0000000080400000| PB 0x0000000080400000| Untracked 
|   5|0x0000000080500000, 0x0000000080600000, 0x0000000080600000|100%| O|  |TAMS 0x0000000080500000| PB 0x0000000080500000| Untracked 
|   6|0x0000000080600000, 0x0000000080700000, 0x0000000080700000|100%| O|  |TAMS 0x0000000080600000| PB 0x0000000080600000| Untracked 
|   7|0x0000000080700000, 0x0000000080800000, 0x0000000080800000|100%|HS|  |TAMS 0x0000000080700000| PB 0x0000000080700000| Complete 
|   8|0x0000000080800000, 0x0000000080900000, 0x0000000080900000|100%| O|  |TAMS 0x0000000080800000| PB 0x0000000080800000| Untracked 
|   9|0x0000000080900000, 0x0000000080a00000, 0x0000000080a00000|100%| O|  |TAMS 0x0000000080900000| PB 0x0000000080900000| Untracked 
|  10|0x0000000080a00000, 0x0000000080b00000, 0x0000000080b00000|100%| O|  |TAMS 0x0000000080a00000| PB 0x0000000080a00000| Untracked 
|  11|0x0000000080b00000, 0x0000000080c00000, 0x0000000080c00000|100%| O|  |TAMS 0x0000000080b00000| PB 0x0000000080b00000| Untracked 
|  12|0x0000000080c00000, 0x0000000080d00000, 0x0000000080d00000|100%| O|  |TAMS 0x0000000080c00000| PB 0x0000000080c00000| Untracked 
|  13|0x0000000080d00000, 0x0000000080e00000, 0x0000000080e00000|100%| O|  |TAMS 0x0000000080d00000| PB 0x0000000080d00000| Untracked 
|  14|0x0000000080e00000, 0x0000000080f00000, 0x0000000080f00000|100%| O|  |TAMS 0x0000000080e00000| PB 0x0000000080e00000| Untracked 
|  15|0x0000000080f00000, 0x0000000081000000, 0x0000000081000000|100%| O|  |TAMS 0x0000000080f00000| PB 0x0000000080f00000| Untracked 
|  16|0x0000000081000000, 0x0000000081100000, 0x0000000081100000|100%| O|  |TAMS 0x0000000081000000| PB 0x0000000081000000| Untracked 
|  17|0x0000000081100000, 0x0000000081200000, 0x0000000081200000|100%| O|  |TAMS 0x0000000081100000| PB 0x0000000081100000| Untracked 
|  18|0x0000000081200000, 0x0000000081300000, 0x0000000081300000|100%| O|  |TAMS 0x0000000081200000| PB 0x0000000081200000| Untracked 
|  19|0x0000000081300000, 0x0000000081400000, 0x0000000081400000|100%| O|  |TAMS 0x0000000081300000| PB 0x0000000081300000| Untracked 
|  20|0x0000000081400000, 0x0000000081500000, 0x0000000081500000|100%| O|  |TAMS 0x0000000081400000| PB 0x0000000081400000| Untracked 
|  21|0x0000000081500000, 0x0000000081600000, 0x0000000081600000|100%| O|  |TAMS 0x0000000081500000| PB 0x0000000081500000| Untracked 
|  22|0x0000000081600000, 0x0000000081700000, 0x0000000081700000|100%| O|  |TAMS 0x0000000081600000| PB 0x0000000081600000| Untracked 
|  23|0x0000000081700000, 0x0000000081800000, 0x0000000081800000|100%| O|  |TAMS 0x0000000081700000| PB 0x0000000081700000| Untracked 
|  24|0x0000000081800000, 0x0000000081900000, 0x0000000081900000|100%| O|  |TAMS 0x0000000081800000| PB 0x0000000081800000| Untracked 
|  25|0x0000000081900000, 0x0000000081a00000, 0x0000000081a00000|100%| O|  |TAMS 0x0000000081900000| PB 0x0000000081900000| Untracked 
|  26|0x0000000081a00000, 0x0000000081b00000, 0x0000000081b00000|100%| O|  |TAMS 0x0000000081a00000| PB 0x0000000081a00000| Untracked 
|  27|0x0000000081b00000, 0x0000000081c00000, 0x0000000081c00000|100%| O|  |TAMS 0x0000000081b00000| PB 0x0000000081b00000| Untracked 
|  28|0x0000000081c00000, 0x0000000081d00000, 0x0000000081d00000|100%| O|  |TAMS 0x0000000081c00000| PB 0x0000000081c00000| Untracked 
|  29|0x0000000081d00000, 0x0000000081e00000, 0x0000000081e00000|100%| O|  |TAMS 0x0000000081d00000| PB 0x0000000081d00000| Untracked 
|  30|0x0000000081e00000, 0x0000000081f00000, 0x0000000081f00000|100%| O|  |TAMS 0x0000000081e00000| PB 0x0000000081e00000| Untracked 
|  31|0x0000000081f00000, 0x0000000082000000, 0x0000000082000000|100%| O|  |TAMS 0x0000000081f00000| PB 0x0000000081f00000| Untracked 
|  32|0x0000000082000000, 0x0000000082100000, 0x0000000082100000|100%|HS|  |TAMS 0x0000000082000000| PB 0x0000000082000000| Complete 
|  33|0x0000000082100000, 0x0000000082200000, 0x0000000082200000|100%|HC|  |TAMS 0x0000000082100000| PB 0x0000000082100000| Complete 
|  34|0x0000000082200000, 0x0000000082300000, 0x0000000082300000|100%| O|  |TAMS 0x0000000082200000| PB 0x0000000082200000| Untracked 
|  35|0x0000000082300000, 0x0000000082400000, 0x0000000082400000|100%| O|  |TAMS 0x0000000082300000| PB 0x0000000082300000| Untracked 
|  36|0x0000000082400000, 0x0000000082500000, 0x0000000082500000|100%| O|  |TAMS 0x0000000082400000| PB 0x0000000082400000| Untracked 
|  37|0x0000000082500000, 0x0000000082600000, 0x0000000082600000|100%|HS|  |TAMS 0x0000000082500000| PB 0x0000000082500000| Complete 
|  38|0x0000000082600000, 0x0000000082700000, 0x0000000082700000|100%|HC|  |TAMS 0x0000000082600000| PB 0x0000000082600000| Complete 
|  39|0x0000000082700000, 0x0000000082800000, 0x0000000082800000|100%| O|  |TAMS 0x0000000082700000| PB 0x0000000082700000| Untracked 
|  40|0x0000000082800000, 0x0000000082900000, 0x0000000082900000|100%| O|  |TAMS 0x0000000082800000| PB 0x0000000082800000| Untracked 
|  41|0x0000000082900000, 0x0000000082a00000, 0x0000000082a00000|100%| O|  |TAMS 0x0000000082900000| PB 0x0000000082900000| Untracked 
|  42|0x0000000082a00000, 0x0000000082b00000, 0x0000000082b00000|100%| O|  |TAMS 0x0000000082a00000| PB 0x0000000082a00000| Untracked 
|  43|0x0000000082b00000, 0x0000000082c00000, 0x0000000082c00000|100%| O|  |TAMS 0x0000000082b00000| PB 0x0000000082b00000| Untracked 
|  44|0x0000000082c00000, 0x0000000082d00000, 0x0000000082d00000|100%| O|  |TAMS 0x0000000082c00000| PB 0x0000000082c00000| Untracked 
|  45|0x0000000082d00000, 0x0000000082e00000, 0x0000000082e00000|100%| O|  |TAMS 0x0000000082d00000| PB 0x0000000082d00000| Untracked 
|  46|0x0000000082e00000, 0x0000000082f00000, 0x0000000082f00000|100%| O|  |TAMS 0x0000000082e00000| PB 0x0000000082e00000| Untracked 
|  47|0x0000000082f00000, 0x0000000083000000, 0x0000000083000000|100%| O|  |TAMS 0x0000000082f00000| PB 0x0000000082f00000| Untracked 
|  48|0x0000000083000000, 0x0000000083100000, 0x0000000083100000|100%| O|  |TAMS 0x0000000083000000| PB 0x0000000083000000| Untracked 
|  49|0x0000000083100000, 0x0000000083200000, 0x0000000083200000|100%| O|  |TAMS 0x0000000083100000| PB 0x0000000083100000| Untracked 
|  50|0x0000000083200000, 0x0000000083300000, 0x0000000083300000|100%|HS|  |TAMS 0x0000000083200000| PB 0x0000000083200000| Complete 
|  51|0x0000000083300000, 0x0000000083400000, 0x0000000083400000|100%| O|  |TAMS 0x0000000083300000| PB 0x0000000083300000| Untracked 
|  52|0x0000000083400000, 0x0000000083500000, 0x0000000083500000|100%| O|  |TAMS 0x0000000083400000| PB 0x0000000083400000| Untracked 
|  53|0x0000000083500000, 0x0000000083600000, 0x0000000083600000|100%| O|  |TAMS 0x0000000083500000| PB 0x0000000083500000| Untracked 
|  54|0x0000000083600000, 0x0000000083700000, 0x0000000083700000|100%| O|  |TAMS 0x0000000083600000| PB 0x0000000083600000| Untracked 
|  55|0x0000000083700000, 0x0000000083800000, 0x0000000083800000|100%| O|  |TAMS 0x0000000083700000| PB 0x0000000083700000| Untracked 
|  56|0x0000000083800000, 0x0000000083900000, 0x0000000083900000|100%|HS|  |TAMS 0x0000000083800000| PB 0x0000000083800000| Complete 
|  57|0x0000000083900000, 0x0000000083a00000, 0x0000000083a00000|100%|HS|  |TAMS 0x0000000083900000| PB 0x0000000083900000| Complete 
|  58|0x0000000083a00000, 0x0000000083b00000, 0x0000000083b00000|100%|HS|  |TAMS 0x0000000083a00000| PB 0x0000000083a00000| Complete 
|  59|0x0000000083b00000, 0x0000000083c00000, 0x0000000083c00000|100%| O|  |TAMS 0x0000000083b00000| PB 0x0000000083b00000| Untracked 
|  60|0x0000000083c00000, 0x0000000083d00000, 0x0000000083d00000|100%| O|  |TAMS 0x0000000083c00000| PB 0x0000000083c00000| Untracked 
|  61|0x0000000083d00000, 0x0000000083e00000, 0x0000000083e00000|100%| O|  |TAMS 0x0000000083d00000| PB 0x0000000083d00000| Untracked 
|  62|0x0000000083e00000, 0x0000000083f00000, 0x0000000083f00000|100%|HS|  |TAMS 0x0000000083e00000| PB 0x0000000083e00000| Complete 
|  63|0x0000000083f00000, 0x0000000084000000, 0x0000000084000000|100%|HC|  |TAMS 0x0000000083f00000| PB 0x0000000083f00000| Complete 
|  64|0x0000000084000000, 0x0000000084100000, 0x0000000084100000|100%|HS|  |TAMS 0x0000000084000000| PB 0x0000000084000000| Complete 
|  65|0x0000000084100000, 0x0000000084200000, 0x0000000084200000|100%|HS|  |TAMS 0x0000000084100000| PB 0x0000000084100000| Complete 
|  66|0x0000000084200000, 0x0000000084300000, 0x0000000084300000|100%|HC|  |TAMS 0x0000000084200000| PB 0x0000000084200000| Complete 
|  67|0x0000000084300000, 0x0000000084400000, 0x0000000084400000|100%|HS|  |TAMS 0x0000000084300000| PB 0x0000000084300000| Complete 
|  68|0x0000000084400000, 0x0000000084500000, 0x0000000084500000|100%| O|  |TAMS 0x0000000084400000| PB 0x0000000084400000| Untracked 
|  69|0x0000000084500000, 0x0000000084600000, 0x0000000084600000|100%| O|  |TAMS 0x0000000084500000| PB 0x0000000084500000| Untracked 
|  70|0x0000000084600000, 0x0000000084700000, 0x0000000084700000|100%| O|  |TAMS 0x0000000084600000| PB 0x0000000084600000| Untracked 
|  71|0x0000000084700000, 0x0000000084800000, 0x0000000084800000|100%| O|  |TAMS 0x0000000084700000| PB 0x0000000084700000| Untracked 
|  72|0x0000000084800000, 0x0000000084900000, 0x0000000084900000|100%| O|  |TAMS 0x0000000084800000| PB 0x0000000084800000| Untracked 
|  73|0x0000000084900000, 0x0000000084a00000, 0x0000000084a00000|100%| O|  |TAMS 0x0000000084900000| PB 0x0000000084900000| Untracked 
|  74|0x0000000084a00000, 0x0000000084b00000, 0x0000000084b00000|100%| O|  |TAMS 0x0000000084a00000| PB 0x0000000084a00000| Untracked 
|  75|0x0000000084b00000, 0x0000000084c00000, 0x0000000084c00000|100%| O|  |TAMS 0x0000000084b00000| PB 0x0000000084b00000| Untracked 
|  76|0x0000000084c00000, 0x0000000084d00000, 0x0000000084d00000|100%| O|  |TAMS 0x0000000084c00000| PB 0x0000000084c00000| Untracked 
|  77|0x0000000084d00000, 0x0000000084e00000, 0x0000000084e00000|100%| O|  |TAMS 0x0000000084d00000| PB 0x0000000084d00000| Untracked 
|  78|0x0000000084e00000, 0x0000000084f00000, 0x0000000084f00000|100%|HS|  |TAMS 0x0000000084e00000| PB 0x0000000084e00000| Complete 
|  79|0x0000000084f00000, 0x0000000085000000, 0x0000000085000000|100%| O|  |TAMS 0x0000000084f00000| PB 0x0000000084f00000| Untracked 
|  80|0x0000000085000000, 0x0000000085100000, 0x0000000085100000|100%| O|  |TAMS 0x0000000085000000| PB 0x0000000085000000| Untracked 
|  81|0x0000000085100000, 0x0000000085200000, 0x0000000085200000|100%| O|  |TAMS 0x0000000085100000| PB 0x0000000085100000| Untracked 
|  82|0x0000000085200000, 0x0000000085300000, 0x0000000085300000|100%| O|  |TAMS 0x0000000085200000| PB 0x0000000085200000| Untracked 
|  83|0x0000000085300000, 0x0000000085400000, 0x0000000085400000|100%| O|  |TAMS 0x0000000085300000| PB 0x0000000085300000| Untracked 
|  84|0x0000000085400000, 0x0000000085500000, 0x0000000085500000|100%| O|  |TAMS 0x0000000085400000| PB 0x0000000085400000| Untracked 
|  85|0x0000000085500000, 0x0000000085600000, 0x0000000085600000|100%| O|  |TAMS 0x0000000085500000| PB 0x0000000085500000| Untracked 
|  86|0x0000000085600000, 0x0000000085700000, 0x0000000085700000|100%| O|  |TAMS 0x0000000085600000| PB 0x0000000085600000| Untracked 
|  87|0x0000000085700000, 0x0000000085800000, 0x0000000085800000|100%| O|  |TAMS 0x0000000085700000| PB 0x0000000085700000| Untracked 
|  88|0x0000000085800000, 0x0000000085900000, 0x0000000085900000|100%| O|  |TAMS 0x0000000085800000| PB 0x0000000085800000| Untracked 
|  89|0x0000000085900000, 0x0000000085a00000, 0x0000000085a00000|100%| O|  |TAMS 0x0000000085900000| PB 0x0000000085900000| Untracked 
|  90|0x0000000085a00000, 0x0000000085b00000, 0x0000000085b00000|100%| O|  |TAMS 0x0000000085a00000| PB 0x0000000085a00000| Untracked 
|  91|0x0000000085b00000, 0x0000000085c00000, 0x0000000085c00000|100%| O|  |TAMS 0x0000000085b00000| PB 0x0000000085b00000| Untracked 
|  92|0x0000000085c00000, 0x0000000085d00000, 0x0000000085d00000|100%| O|  |TAMS 0x0000000085c00000| PB 0x0000000085c00000| Untracked 
|  93|0x0000000085d00000, 0x0000000085e00000, 0x0000000085e00000|100%| O|  |TAMS 0x0000000085d00000| PB 0x0000000085d00000| Untracked 
|  94|0x0000000085e00000, 0x0000000085f00000, 0x0000000085f00000|100%| O|  |TAMS 0x0000000085e00000| PB 0x0000000085e00000| Untracked 
|  95|0x0000000085f00000, 0x0000000086000000, 0x0000000086000000|100%| O|  |TAMS 0x0000000085f00000| PB 0x0000000085f00000| Untracked 
|  96|0x0000000086000000, 0x0000000086100000, 0x0000000086100000|100%| O|  |TAMS 0x0000000086000000| PB 0x0000000086000000| Untracked 
|  97|0x0000000086100000, 0x0000000086200000, 0x0000000086200000|100%| O|  |TAMS 0x0000000086100000| PB 0x0000000086100000| Untracked 
|  98|0x0000000086200000, 0x0000000086300000, 0x0000000086300000|100%| O|  |TAMS 0x0000000086200000| PB 0x0000000086200000| Untracked 
|  99|0x0000000086300000, 0x0000000086400000, 0x0000000086400000|100%| O|  |TAMS 0x0000000086300000| PB 0x0000000086300000| Untracked 
| 100|0x0000000086400000, 0x0000000086500000, 0x0000000086500000|100%| O|  |TAMS 0x0000000086400000| PB 0x0000000086400000| Untracked 
| 101|0x0000000086500000, 0x0000000086600000, 0x0000000086600000|100%| O|Cm|TAMS 0x0000000086500000| PB 0x0000000086500000| Complete 
| 102|0x0000000086600000, 0x0000000086700000, 0x0000000086700000|100%| O|  |TAMS 0x0000000086600000| PB 0x0000000086600000| Untracked 
| 103|0x0000000086700000, 0x0000000086800000, 0x0000000086800000|100%| O|  |TAMS 0x0000000086700000| PB 0x0000000086700000| Untracked 
| 104|0x0000000086800000, 0x0000000086900000, 0x0000000086900000|100%| O|  |TAMS 0x0000000086800000| PB 0x0000000086800000| Untracked 
| 105|0x0000000086900000, 0x0000000086a00000, 0x0000000086a00000|100%| O|  |TAMS 0x0000000086900000| PB 0x0000000086900000| Untracked 
| 106|0x0000000086a00000, 0x0000000086b00000, 0x0000000086b00000|100%|HS|  |TAMS 0x0000000086a00000| PB 0x0000000086a00000| Complete 
| 107|0x0000000086b00000, 0x0000000086c00000, 0x0000000086c00000|100%|HS|  |TAMS 0x0000000086b00000| PB 0x0000000086b00000| Complete 
| 108|0x0000000086c00000, 0x0000000086d00000, 0x0000000086d00000|100%|HS|  |TAMS 0x0000000086c00000| PB 0x0000000086c00000| Complete 
| 109|0x0000000086d00000, 0x0000000086e00000, 0x0000000086e00000|100%|HS|  |TAMS 0x0000000086d00000| PB 0x0000000086d00000| Complete 
| 110|0x0000000086e00000, 0x0000000086f00000, 0x0000000086f00000|100%|HC|  |TAMS 0x0000000086e00000| PB 0x0000000086e00000| Complete 
| 111|0x0000000086f00000, 0x0000000087000000, 0x0000000087000000|100%| O|  |TAMS 0x0000000086f00000| PB 0x0000000086f00000| Untracked 
| 112|0x0000000087000000, 0x0000000087100000, 0x0000000087100000|100%| O|  |TAMS 0x0000000087000000| PB 0x0000000087000000| Untracked 
| 113|0x0000000087100000, 0x0000000087200000, 0x0000000087200000|100%| O|Cm|TAMS 0x0000000087100000| PB 0x0000000087100000| Complete 
| 114|0x0000000087200000, 0x0000000087300000, 0x0000000087300000|100%| O|  |TAMS 0x0000000087200000| PB 0x0000000087200000| Untracked 
| 115|0x0000000087300000, 0x0000000087400000, 0x0000000087400000|100%| O|Cm|TAMS 0x0000000087300000| PB 0x0000000087300000| Complete 
| 116|0x0000000087400000, 0x0000000087500000, 0x0000000087500000|100%| O|  |TAMS 0x0000000087400000| PB 0x0000000087400000| Untracked 
| 117|0x0000000087500000, 0x0000000087600000, 0x0000000087600000|100%| O|  |TAMS 0x0000000087500000| PB 0x0000000087500000| Untracked 
| 118|0x0000000087600000, 0x0000000087700000, 0x0000000087700000|100%| O|  |TAMS 0x0000000087600000| PB 0x0000000087600000| Untracked 
| 119|0x0000000087700000, 0x0000000087800000, 0x0000000087800000|100%| O|  |TAMS 0x0000000087700000| PB 0x0000000087700000| Untracked 
| 120|0x0000000087800000, 0x000000008783a900, 0x0000000087900000| 22%| O|  |TAMS 0x0000000087800000| PB 0x0000000087800000| Untracked 
| 121|0x0000000087900000, 0x0000000087900000, 0x0000000087a00000|  0%| F|  |TAMS 0x0000000087900000| PB 0x0000000087900000| Untracked 
| 122|0x0000000087a00000, 0x0000000087a00000, 0x0000000087b00000|  0%| F|  |TAMS 0x0000000087a00000| PB 0x0000000087a00000| Untracked 
| 123|0x0000000087b00000, 0x0000000087b00000, 0x0000000087c00000|  0%| F|  |TAMS 0x0000000087b00000| PB 0x0000000087b00000| Untracked 
| 124|0x0000000087c00000, 0x0000000087c00000, 0x0000000087d00000|  0%| F|  |TAMS 0x0000000087c00000| PB 0x0000000087c00000| Untracked 
| 125|0x0000000087d00000, 0x0000000087d00000, 0x0000000087e00000|  0%| F|  |TAMS 0x0000000087d00000| PB 0x0000000087d00000| Untracked 
| 126|0x0000000087e00000, 0x0000000087f00000, 0x0000000087f00000|100%| O|  |TAMS 0x0000000087e00000| PB 0x0000000087e00000| Untracked 
| 127|0x0000000087f00000, 0x0000000088000000, 0x0000000088000000|100%| O|  |TAMS 0x0000000087f00000| PB 0x0000000087f00000| Untracked 
| 128|0x0000000088000000, 0x0000000088100000, 0x0000000088100000|100%| O|  |TAMS 0x0000000088000000| PB 0x0000000088000000| Untracked 
| 129|0x0000000088100000, 0x0000000088200000, 0x0000000088200000|100%| O|  |TAMS 0x0000000088100000| PB 0x0000000088100000| Untracked 
| 130|0x0000000088200000, 0x0000000088300000, 0x0000000088300000|100%| O|  |TAMS 0x0000000088200000| PB 0x0000000088200000| Untracked 
| 131|0x0000000088300000, 0x0000000088400000, 0x0000000088400000|100%| O|  |TAMS 0x0000000088300000| PB 0x0000000088300000| Untracked 
| 132|0x0000000088400000, 0x0000000088500000, 0x0000000088500000|100%| O|  |TAMS 0x0000000088400000| PB 0x0000000088400000| Untracked 
| 133|0x0000000088500000, 0x0000000088600000, 0x0000000088600000|100%| O|  |TAMS 0x0000000088500000| PB 0x0000000088500000| Untracked 
| 134|0x0000000088600000, 0x0000000088700000, 0x0000000088700000|100%| O|  |TAMS 0x0000000088600000| PB 0x0000000088600000| Untracked 
| 135|0x0000000088700000, 0x0000000088700000, 0x0000000088800000|  0%| F|  |TAMS 0x0000000088700000| PB 0x0000000088700000| Untracked 
| 136|0x0000000088800000, 0x0000000088800000, 0x0000000088900000|  0%| F|  |TAMS 0x0000000088800000| PB 0x0000000088800000| Untracked 
| 137|0x0000000088900000, 0x0000000088900000, 0x0000000088a00000|  0%| F|  |TAMS 0x0000000088900000| PB 0x0000000088900000| Untracked 
| 138|0x0000000088a00000, 0x0000000088a00000, 0x0000000088b00000|  0%| F|  |TAMS 0x0000000088a00000| PB 0x0000000088a00000| Untracked 
| 139|0x0000000088b00000, 0x0000000088b00000, 0x0000000088c00000|  0%| F|  |TAMS 0x0000000088b00000| PB 0x0000000088b00000| Untracked 
| 140|0x0000000088c00000, 0x0000000088c00000, 0x0000000088d00000|  0%| F|  |TAMS 0x0000000088c00000| PB 0x0000000088c00000| Untracked 
| 141|0x0000000088d00000, 0x0000000088d00000, 0x0000000088e00000|  0%| F|  |TAMS 0x0000000088d00000| PB 0x0000000088d00000| Untracked 
| 142|0x0000000088e00000, 0x0000000088e00000, 0x0000000088f00000|  0%| F|  |TAMS 0x0000000088e00000| PB 0x0000000088e00000| Untracked 
| 143|0x0000000088f00000, 0x0000000088f00000, 0x0000000089000000|  0%| F|  |TAMS 0x0000000088f00000| PB 0x0000000088f00000| Untracked 
| 144|0x0000000089000000, 0x0000000089000000, 0x0000000089100000|  0%| F|  |TAMS 0x0000000089000000| PB 0x0000000089000000| Untracked 
| 145|0x0000000089100000, 0x0000000089100000, 0x0000000089200000|  0%| F|  |TAMS 0x0000000089100000| PB 0x0000000089100000| Untracked 
| 146|0x0000000089200000, 0x0000000089200000, 0x0000000089300000|  0%| F|  |TAMS 0x0000000089200000| PB 0x0000000089200000| Untracked 
| 147|0x0000000089300000, 0x0000000089300000, 0x0000000089400000|  0%| F|  |TAMS 0x0000000089300000| PB 0x0000000089300000| Untracked 
| 148|0x0000000089400000, 0x0000000089400000, 0x0000000089500000|  0%| F|  |TAMS 0x0000000089400000| PB 0x0000000089400000| Untracked 
| 149|0x0000000089500000, 0x0000000089500000, 0x0000000089600000|  0%| F|  |TAMS 0x0000000089500000| PB 0x0000000089500000| Untracked 
| 150|0x0000000089600000, 0x0000000089600000, 0x0000000089700000|  0%| F|  |TAMS 0x0000000089600000| PB 0x0000000089600000| Untracked 
| 151|0x0000000089700000, 0x0000000089700000, 0x0000000089800000|  0%| F|  |TAMS 0x0000000089700000| PB 0x0000000089700000| Untracked 
| 152|0x0000000089800000, 0x0000000089800000, 0x0000000089900000|  0%| F|  |TAMS 0x0000000089800000| PB 0x0000000089800000| Untracked 
| 153|0x0000000089900000, 0x0000000089900000, 0x0000000089a00000|  0%| F|  |TAMS 0x0000000089900000| PB 0x0000000089900000| Untracked 
| 154|0x0000000089a00000, 0x0000000089a00000, 0x0000000089b00000|  0%| F|  |TAMS 0x0000000089a00000| PB 0x0000000089a00000| Untracked 
| 155|0x0000000089b00000, 0x0000000089b00000, 0x0000000089c00000|  0%| F|  |TAMS 0x0000000089b00000| PB 0x0000000089b00000| Untracked 
| 156|0x0000000089c00000, 0x0000000089c00000, 0x0000000089d00000|  0%| F|  |TAMS 0x0000000089c00000| PB 0x0000000089c00000| Untracked 
| 157|0x0000000089d00000, 0x0000000089d00000, 0x0000000089e00000|  0%| F|  |TAMS 0x0000000089d00000| PB 0x0000000089d00000| Untracked 
| 158|0x0000000089e00000, 0x0000000089e00000, 0x0000000089f00000|  0%| F|  |TAMS 0x0000000089e00000| PB 0x0000000089e00000| Untracked 
| 159|0x0000000089f00000, 0x0000000089f00000, 0x000000008a000000|  0%| F|  |TAMS 0x0000000089f00000| PB 0x0000000089f00000| Untracked 
| 160|0x000000008a000000, 0x000000008a000000, 0x000000008a100000|  0%| F|  |TAMS 0x000000008a000000| PB 0x000000008a000000| Untracked 
| 161|0x000000008a100000, 0x000000008a100000, 0x000000008a200000|  0%| F|  |TAMS 0x000000008a100000| PB 0x000000008a100000| Untracked 
| 162|0x000000008a200000, 0x000000008a200000, 0x000000008a300000|  0%| F|  |TAMS 0x000000008a200000| PB 0x000000008a200000| Untracked 
| 163|0x000000008a300000, 0x000000008a300000, 0x000000008a400000|  0%| F|  |TAMS 0x000000008a300000| PB 0x000000008a300000| Untracked 
| 164|0x000000008a400000, 0x000000008a400000, 0x000000008a500000|  0%| F|  |TAMS 0x000000008a400000| PB 0x000000008a400000| Untracked 
| 165|0x000000008a500000, 0x000000008a500000, 0x000000008a600000|  0%| F|  |TAMS 0x000000008a500000| PB 0x000000008a500000| Untracked 
| 166|0x000000008a600000, 0x000000008a600000, 0x000000008a700000|  0%| F|  |TAMS 0x000000008a600000| PB 0x000000008a600000| Untracked 
| 167|0x000000008a700000, 0x000000008a700000, 0x000000008a800000|  0%| F|  |TAMS 0x000000008a700000| PB 0x000000008a700000| Untracked 
| 168|0x000000008a800000, 0x000000008a800000, 0x000000008a900000|  0%| F|  |TAMS 0x000000008a800000| PB 0x000000008a800000| Untracked 
| 169|0x000000008a900000, 0x000000008a900000, 0x000000008aa00000|  0%| F|  |TAMS 0x000000008a900000| PB 0x000000008a900000| Untracked 
| 170|0x000000008aa00000, 0x000000008aa00000, 0x000000008ab00000|  0%| F|  |TAMS 0x000000008aa00000| PB 0x000000008aa00000| Untracked 
| 171|0x000000008ab00000, 0x000000008ab00000, 0x000000008ac00000|  0%| F|  |TAMS 0x000000008ab00000| PB 0x000000008ab00000| Untracked 
| 172|0x000000008ac00000, 0x000000008ac00000, 0x000000008ad00000|  0%| F|  |TAMS 0x000000008ac00000| PB 0x000000008ac00000| Untracked 
| 173|0x000000008ad00000, 0x000000008ad00000, 0x000000008ae00000|  0%| F|  |TAMS 0x000000008ad00000| PB 0x000000008ad00000| Untracked 
| 174|0x000000008ae00000, 0x000000008ae00000, 0x000000008af00000|  0%| F|  |TAMS 0x000000008ae00000| PB 0x000000008ae00000| Untracked 
| 175|0x000000008af00000, 0x000000008af00000, 0x000000008b000000|  0%| F|  |TAMS 0x000000008af00000| PB 0x000000008af00000| Untracked 
| 176|0x000000008b000000, 0x000000008b000000, 0x000000008b100000|  0%| F|  |TAMS 0x000000008b000000| PB 0x000000008b000000| Untracked 
| 177|0x000000008b100000, 0x000000008b100000, 0x000000008b200000|  0%| F|  |TAMS 0x000000008b100000| PB 0x000000008b100000| Untracked 
| 178|0x000000008b200000, 0x000000008b2852b0, 0x000000008b300000| 52%| S|CS|TAMS 0x000000008b200000| PB 0x000000008b200000| Complete 
| 179|0x000000008b300000, 0x000000008b400000, 0x000000008b400000|100%| S|CS|TAMS 0x000000008b300000| PB 0x000000008b300000| Complete 
| 180|0x000000008b400000, 0x000000008b400000, 0x000000008b500000|  0%| F|  |TAMS 0x000000008b400000| PB 0x000000008b400000| Untracked 
| 181|0x000000008b500000, 0x000000008b500000, 0x000000008b600000|  0%| F|  |TAMS 0x000000008b500000| PB 0x000000008b500000| Untracked 
| 182|0x000000008b600000, 0x000000008b600000, 0x000000008b700000|  0%| F|  |TAMS 0x000000008b600000| PB 0x000000008b600000| Untracked 
| 183|0x000000008b700000, 0x000000008b700000, 0x000000008b800000|  0%| F|  |TAMS 0x000000008b700000| PB 0x000000008b700000| Untracked 
| 184|0x000000008b800000, 0x000000008b800000, 0x000000008b900000|  0%| F|  |TAMS 0x000000008b800000| PB 0x000000008b800000| Untracked 
| 185|0x000000008b900000, 0x000000008b900000, 0x000000008ba00000|  0%| F|  |TAMS 0x000000008b900000| PB 0x000000008b900000| Untracked 
| 186|0x000000008ba00000, 0x000000008ba00000, 0x000000008bb00000|  0%| F|  |TAMS 0x000000008ba00000| PB 0x000000008ba00000| Untracked 
| 187|0x000000008bb00000, 0x000000008bb00000, 0x000000008bc00000|  0%| F|  |TAMS 0x000000008bb00000| PB 0x000000008bb00000| Untracked 
| 188|0x000000008bc00000, 0x000000008bc47620, 0x000000008bd00000| 27%| E|  |TAMS 0x000000008bc00000| PB 0x000000008bc00000| Complete 
| 189|0x000000008bd00000, 0x000000008be00000, 0x000000008be00000|100%| E|CS|TAMS 0x000000008bd00000| PB 0x000000008bd00000| Complete 
| 190|0x000000008be00000, 0x000000008bf00000, 0x000000008bf00000|100%| E|CS|TAMS 0x000000008be00000| PB 0x000000008be00000| Complete 
| 191|0x000000008bf00000, 0x000000008c000000, 0x000000008c000000|100%| E|CS|TAMS 0x000000008bf00000| PB 0x000000008bf00000| Complete 
| 192|0x000000008c000000, 0x000000008c100000, 0x000000008c100000|100%| E|CS|TAMS 0x000000008c000000| PB 0x000000008c000000| Complete 
| 193|0x000000008c100000, 0x000000008c200000, 0x000000008c200000|100%| E|CS|TAMS 0x000000008c100000| PB 0x000000008c100000| Complete 
| 194|0x000000008c200000, 0x000000008c300000, 0x000000008c300000|100%| E|CS|TAMS 0x000000008c200000| PB 0x000000008c200000| Complete 
| 195|0x000000008c300000, 0x000000008c400000, 0x000000008c400000|100%| E|CS|TAMS 0x000000008c300000| PB 0x000000008c300000| Complete 
| 196|0x000000008c400000, 0x000000008c500000, 0x000000008c500000|100%| E|CS|TAMS 0x000000008c400000| PB 0x000000008c400000| Complete 
| 197|0x000000008c500000, 0x000000008c600000, 0x000000008c600000|100%| E|CS|TAMS 0x000000008c500000| PB 0x000000008c500000| Complete 
| 198|0x000000008c600000, 0x000000008c700000, 0x000000008c700000|100%| E|CS|TAMS 0x000000008c600000| PB 0x000000008c600000| Complete 
| 199|0x000000008c700000, 0x000000008c800000, 0x000000008c800000|100%| E|CS|TAMS 0x000000008c700000| PB 0x000000008c700000| Complete 
| 200|0x000000008c800000, 0x000000008c900000, 0x000000008c900000|100%| E|CS|TAMS 0x000000008c800000| PB 0x000000008c800000| Complete 
| 201|0x000000008c900000, 0x000000008ca00000, 0x000000008ca00000|100%| E|CS|TAMS 0x000000008c900000| PB 0x000000008c900000| Complete 
| 202|0x000000008ca00000, 0x000000008cb00000, 0x000000008cb00000|100%| E|CS|TAMS 0x000000008ca00000| PB 0x000000008ca00000| Complete 
| 203|0x000000008cb00000, 0x000000008cc00000, 0x000000008cc00000|100%| E|CS|TAMS 0x000000008cb00000| PB 0x000000008cb00000| Complete 
| 204|0x000000008cc00000, 0x000000008cd00000, 0x000000008cd00000|100%| E|CS|TAMS 0x000000008cc00000| PB 0x000000008cc00000| Complete 
| 205|0x000000008cd00000, 0x000000008ce00000, 0x000000008ce00000|100%| E|CS|TAMS 0x000000008cd00000| PB 0x000000008cd00000| Complete 
| 206|0x000000008ce00000, 0x000000008cf00000, 0x000000008cf00000|100%| E|CS|TAMS 0x000000008ce00000| PB 0x000000008ce00000| Complete 
| 207|0x000000008cf00000, 0x000000008d000000, 0x000000008d000000|100%| E|CS|TAMS 0x000000008cf00000| PB 0x000000008cf00000| Complete 
| 208|0x000000008d000000, 0x000000008d100000, 0x000000008d100000|100%| E|CS|TAMS 0x000000008d000000| PB 0x000000008d000000| Complete 
| 209|0x000000008d100000, 0x000000008d200000, 0x000000008d200000|100%| E|CS|TAMS 0x000000008d100000| PB 0x000000008d100000| Complete 
| 210|0x000000008d200000, 0x000000008d300000, 0x000000008d300000|100%| E|CS|TAMS 0x000000008d200000| PB 0x000000008d200000| Complete 
| 211|0x000000008d300000, 0x000000008d400000, 0x000000008d400000|100%| E|CS|TAMS 0x000000008d300000| PB 0x000000008d300000| Complete 
| 212|0x000000008d400000, 0x000000008d500000, 0x000000008d500000|100%| E|CS|TAMS 0x000000008d400000| PB 0x000000008d400000| Complete 
| 213|0x000000008d500000, 0x000000008d600000, 0x000000008d600000|100%| E|CS|TAMS 0x000000008d500000| PB 0x000000008d500000| Complete 
| 214|0x000000008d600000, 0x000000008d700000, 0x000000008d700000|100%| E|CS|TAMS 0x000000008d600000| PB 0x000000008d600000| Complete 
| 215|0x000000008d700000, 0x000000008d800000, 0x000000008d800000|100%| E|CS|TAMS 0x000000008d700000| PB 0x000000008d700000| Complete 
| 216|0x000000008d800000, 0x000000008d900000, 0x000000008d900000|100%| E|CS|TAMS 0x000000008d800000| PB 0x000000008d800000| Complete 
| 217|0x000000008d900000, 0x000000008da00000, 0x000000008da00000|100%| E|CS|TAMS 0x000000008d900000| PB 0x000000008d900000| Complete 
| 218|0x000000008da00000, 0x000000008db00000, 0x000000008db00000|100%| E|CS|TAMS 0x000000008da00000| PB 0x000000008da00000| Complete 
| 219|0x000000008db00000, 0x000000008dc00000, 0x000000008dc00000|100%| E|CS|TAMS 0x000000008db00000| PB 0x000000008db00000| Complete 
|2029|0x00000000fed00000, 0x00000000fee00000, 0x00000000fee00000|100%| O|  |TAMS 0x00000000fed00000| PB 0x00000000fed00000| Untracked 
|2030|0x00000000fee00000, 0x00000000fef00000, 0x00000000fef00000|100%| O|Cm|TAMS 0x00000000fee00000| PB 0x00000000fee00000| Complete 
|2031|0x00000000fef00000, 0x00000000ff000000, 0x00000000ff000000|100%| O|  |TAMS 0x00000000fef00000| PB 0x00000000fef00000| Untracked 
|2032|0x00000000ff000000, 0x00000000ff100000, 0x00000000ff100000|100%| E|CS|TAMS 0x00000000ff000000| PB 0x00000000ff000000| Complete 
|2033|0x00000000ff100000, 0x00000000ff200000, 0x00000000ff200000|100%| E|CS|TAMS 0x00000000ff100000| PB 0x00000000ff100000| Complete 
|2034|0x00000000ff200000, 0x00000000ff300000, 0x00000000ff300000|100%| O|  |TAMS 0x00000000ff200000| PB 0x00000000ff200000| Untracked 
|2035|0x00000000ff300000, 0x00000000ff400000, 0x00000000ff400000|100%| E|CS|TAMS 0x00000000ff300000| PB 0x00000000ff300000| Complete 
|2036|0x00000000ff400000, 0x00000000ff500000, 0x00000000ff500000|100%| O|  |TAMS 0x00000000ff400000| PB 0x00000000ff400000| Untracked 
|2037|0x00000000ff500000, 0x00000000ff600000, 0x00000000ff600000|100%| O|  |TAMS 0x00000000ff500000| PB 0x00000000ff500000| Untracked 
|2038|0x00000000ff600000, 0x00000000ff700000, 0x00000000ff700000|100%| E|CS|TAMS 0x00000000ff600000| PB 0x00000000ff600000| Complete 
|2039|0x00000000ff700000, 0x00000000ff800000, 0x00000000ff800000|100%| O|  |TAMS 0x00000000ff700000| PB 0x00000000ff700000| Untracked 
|2040|0x00000000ff800000, 0x00000000ff900000, 0x00000000ff900000|100%| O|  |TAMS 0x00000000ff800000| PB 0x00000000ff800000| Untracked 
|2041|0x00000000ff900000, 0x00000000ffa00000, 0x00000000ffa00000|100%| O|  |TAMS 0x00000000ff900000| PB 0x00000000ff900000| Untracked 
|2042|0x00000000ffa00000, 0x00000000ffb00000, 0x00000000ffb00000|100%| E|CS|TAMS 0x00000000ffa00000| PB 0x00000000ffa00000| Complete 
|2043|0x00000000ffb00000, 0x00000000ffc00000, 0x00000000ffc00000|100%| E|CS|TAMS 0x00000000ffb00000| PB 0x00000000ffb00000| Complete 
|2044|0x00000000ffc00000, 0x00000000ffd00000, 0x00000000ffd00000|100%| O|  |TAMS 0x00000000ffc00000| PB 0x00000000ffc00000| Untracked 
|2045|0x00000000ffd00000, 0x00000000ffe00000, 0x00000000ffe00000|100%| O|  |TAMS 0x00000000ffd00000| PB 0x00000000ffd00000| Untracked 
|2046|0x00000000ffe00000, 0x00000000fff00000, 0x00000000fff00000|100%| O|  |TAMS 0x00000000ffe00000| PB 0x00000000ffe00000| Untracked 
|2047|0x00000000fff00000, 0x0000000100000000, 0x0000000100000000|100%| O|  |TAMS 0x00000000fff00000| PB 0x00000000fff00000| Untracked 

Card table byte_map: [0x000001f67c4f0000,0x000001f67c8f0000] _byte_map_base: 0x000001f67c0f0000

Marking Bits: (CMBitMap*) 0x000001f6689fa3f0
 Bits: [0x000001f67c8f0000, 0x000001f67e8f0000)

Polling page: 0x000001f666860000

Metaspace:

Usage:
  Non-class:     91.66 MB used.
      Class:     15.10 MB used.
       Both:    106.76 MB used.

Virtual space:
  Non-class space:      128.00 MB reserved,      92.94 MB ( 73%) committed,  2 nodes.
      Class space:      416.00 MB reserved,      16.31 MB (  4%) committed,  1 nodes.
             Both:      544.00 MB reserved,     109.25 MB ( 20%) committed. 

Chunk freelists:
   Non-Class:  2.33 MB
       Class:  15.73 MB
        Both:  18.06 MB

MaxMetaspaceSize: 512.00 MB
CompressedClassSpaceSize: 416.00 MB
Initial GC threshold: 21.00 MB
Current GC threshold: 181.56 MB
CDS: on
 - commit_granule_bytes: 65536.
 - commit_granule_words: 8192.
 - virtual_space_node_default_size: 8388608.
 - enlarge_chunks_in_place: 1.
 - use_allocation_guard: 0.


Internal statistics:

num_allocs_failed_limit: 9.
num_arena_births: 4426.
num_arena_deaths: 2.
num_vsnodes_births: 3.
num_vsnodes_deaths: 0.
num_space_committed: 1748.
num_space_uncommitted: 0.
num_chunks_returned_to_freelist: 12.
num_chunks_taken_from_freelist: 9651.
num_chunk_merges: 9.
num_chunk_splits: 6290.
num_chunks_enlarged: 3951.
num_inconsistent_stats: 0.

CodeHeap 'non-profiled nmethods': size=128192Kb used=8900Kb max_used=8900Kb free=119291Kb
 bounds [0x000001f673e70000, 0x000001f674730000, 0x000001f67bba0000]
CodeHeap 'profiled nmethods': size=128192Kb used=25152Kb max_used=25172Kb free=103039Kb
 bounds [0x000001f66bba0000, 0x000001f66d450000, 0x000001f6738d0000]
CodeHeap 'non-nmethods': size=5760Kb used=2775Kb max_used=2833Kb free=2984Kb
 bounds [0x000001f6738d0000, 0x000001f673bb0000, 0x000001f673e70000]
CodeCache: size=262144Kb, used=36827Kb, max_used=36905Kb, free=225314Kb
 total_blobs=14049, nmethods=13024, adapters=928, full_count=0
Compilation: enabled, stopped_count=0, restarted_count=0

Compilation events (20 events):
Event: 536.794 Thread 0x000001f67ebecf90 15649       3       org.gradle.api.internal.changedetection.state.AbiExtractingClasspathResourceHasher$ZipEntryContent::<init> (15 bytes)
Event: 536.794 Thread 0x000001f67ebecf90 nmethod 15649 0x000001f66c4d9690 code [0x000001f66c4d9840, 0x000001f66c4d9a60]
Event: 536.794 Thread 0x000001f67ebecf90 15650       3       org.gradle.api.internal.changedetection.state.AbiExtractingClasspathResourceHasher$$Lambda/0x000001f604039bf8::<init> (15 bytes)
Event: 536.795 Thread 0x000001f67ebecf90 nmethod 15650 0x000001f66c516610 code [0x000001f66c5167c0, 0x000001f66c5169e0]
Event: 536.795 Thread 0x000001f67ebecf90 15651   !   3       org.gradle.internal.tools.api.ApiClassExtractor::extractApiClassFromReader (85 bytes)
Event: 536.796 Thread 0x000001f67ebecf90 nmethod 15651 0x000001f66c8a7810 code [0x000001f66c8a7ba0, 0x000001f66c8a90c8]
Event: 536.799 Thread 0x000001f67ebecf90 15652       3       com.google.common.collect.ComparisonChain$1::compare (13 bytes)
Event: 536.800 Thread 0x000001f67ebecf90 nmethod 15652 0x000001f66c8a1990 code [0x000001f66c8a1b80, 0x000001f66c8a1fc8]
Event: 536.801 Thread 0x000001f67ebecf90 15654       3       org.objectweb.asm.MethodVisitor::visitIntInsn (17 bytes)
Event: 536.802 Thread 0x000001f67ebecf90 nmethod 15654 0x000001f66c5cba90 code [0x000001f66c5cbc40, 0x000001f66c5cbe48]
Event: 536.807 Thread 0x000001f67ebecf90 15655       3       org.gradle.internal.tools.api.impl.ApiMemberSelector::visitInnerClass (97 bytes)
Event: 536.808 Thread 0x000001f67ebecf90 nmethod 15655 0x000001f66c8a0990 code [0x000001f66c8a0be0, 0x000001f66c8a15f8]
Event: 536.820 Thread 0x000001f67ebecf90 15656       3       org.gradle.internal.tools.api.impl.InnerClassMember::compareTo (9 bytes)
Event: 536.820 Thread 0x000001f67ebecf90 nmethod 15656 0x000001f66c6b5410 code [0x000001f66c6b55c0, 0x000001f66c6b5808]
Event: 536.820 Thread 0x000001f67ebecf90 15657       3       org.gradle.internal.tools.api.impl.InnerClassMember::compareTo (79 bytes)
Event: 536.821 Thread 0x000001f67ebecf90 nmethod 15657 0x000001f66c405c10 code [0x000001f66c405e80, 0x000001f66c406898]
Event: 536.849 Thread 0x000001f67ebecf90 15659       3       java.util.ComparableTimSort::gallopRight (327 bytes)
Event: 536.850 Thread 0x000001f67ebecf90 nmethod 15659 0x000001f66bbe8d90 code [0x000001f66bbe8fc0, 0x000001f66bbe9a50]
Event: 536.852 Thread 0x000001f67ebecf90 15660       3       sun.security.provider.DigestBase::engineUpdate (176 bytes)
Event: 536.853 Thread 0x000001f67ebecf90 nmethod 15660 0x000001f66cffb190 code [0x000001f66cffb400, 0x000001f66cffc000]

GC Heap History (20 events):
Event: 441.041 GC heap before
{Heap before GC invocations=38 (full 0):
 garbage-first heap   total 168960K, used 146820K [0x0000000080000000, 0x0000000100000000)
  region size 1024K, 47 young (48128K), 2 survivors (2048K)
 Metaspace       used 97587K, committed 99840K, reserved 557056K
  class space    used 13926K, committed 15040K, reserved 425984K
}
Event: 441.046 GC heap after
{Heap after GC invocations=39 (full 0):
 garbage-first heap   total 168960K, used 101159K [0x0000000080000000, 0x0000000100000000)
  region size 1024K, 3 young (3072K), 3 survivors (3072K)
 Metaspace       used 97587K, committed 99840K, reserved 557056K
  class space    used 13926K, committed 15040K, reserved 425984K
}
Event: 445.024 GC heap before
{Heap before GC invocations=39 (full 0):
 garbage-first heap   total 168960K, used 157479K [0x0000000080000000, 0x0000000100000000)
  region size 1024K, 58 young (59392K), 3 survivors (3072K)
 Metaspace       used 101425K, committed 103744K, reserved 557056K
  class space    used 14475K, committed 15616K, reserved 425984K
}
Event: 445.039 GC heap after
{Heap after GC invocations=40 (full 0):
 garbage-first heap   total 168960K, used 102356K [0x0000000080000000, 0x0000000100000000)
  region size 1024K, 5 young (5120K), 5 survivors (5120K)
 Metaspace       used 101425K, committed 103744K, reserved 557056K
  class space    used 14475K, committed 15616K, reserved 425984K
}
Event: 457.357 GC heap before
{Heap before GC invocations=40 (full 0):
 garbage-first heap   total 168960K, used 151508K [0x0000000080000000, 0x0000000100000000)
  region size 1024K, 54 young (55296K), 5 survivors (5120K)
 Metaspace       used 104395K, committed 106752K, reserved 557056K
  class space    used 14901K, committed 16064K, reserved 425984K
}
Event: 457.368 GC heap after
{Heap after GC invocations=41 (full 0):
 garbage-first heap   total 168960K, used 105950K [0x0000000080000000, 0x0000000100000000)
  region size 1024K, 7 young (7168K), 7 survivors (7168K)
 Metaspace       used 104395K, committed 106752K, reserved 557056K
  class space    used 14901K, committed 16064K, reserved 425984K
}
Event: 467.913 GC heap before
{Heap before GC invocations=42 (full 0):
 garbage-first heap   total 178176K, used 163294K [0x0000000080000000, 0x0000000100000000)
  region size 1024K, 58 young (59392K), 7 survivors (7168K)
 Metaspace       used 107032K, committed 109440K, reserved 557056K
  class space    used 15161K, committed 16320K, reserved 425984K
}
Event: 467.927 GC heap after
{Heap after GC invocations=43 (full 0):
 garbage-first heap   total 178176K, used 110374K [0x0000000080000000, 0x0000000100000000)
  region size 1024K, 8 young (8192K), 8 survivors (8192K)
 Metaspace       used 107032K, committed 109440K, reserved 557056K
  class space    used 15161K, committed 16320K, reserved 425984K
}
Event: 491.144 GC heap before
{Heap before GC invocations=43 (full 0):
 garbage-first heap   total 178176K, used 165670K [0x0000000080000000, 0x0000000100000000)
  region size 1024K, 63 young (64512K), 8 survivors (8192K)
 Metaspace       used 108335K, committed 110784K, reserved 557056K
  class space    used 15393K, committed 16576K, reserved 425984K
}
Event: 491.191 GC heap after
{Heap after GC invocations=44 (full 0):
 garbage-first heap   total 184320K, used 116053K [0x0000000080000000, 0x0000000100000000)
  region size 1024K, 7 young (7168K), 7 survivors (7168K)
 Metaspace       used 108335K, committed 110784K, reserved 557056K
  class space    used 15393K, committed 16576K, reserved 425984K
}
Event: 513.947 GC heap before
{Heap before GC invocations=44 (full 0):
 garbage-first heap   total 184320K, used 168277K [0x0000000080000000, 0x0000000100000000)
  region size 1024K, 59 young (60416K), 7 survivors (7168K)
 Metaspace       used 108644K, committed 111168K, reserved 557056K
  class space    used 15399K, committed 16640K, reserved 425984K
}
Event: 514.043 GC heap after
{Heap after GC invocations=45 (full 0):
 garbage-first heap   total 185344K, used 123437K [0x0000000080000000, 0x0000000100000000)
  region size 1024K, 8 young (8192K), 8 survivors (8192K)
 Metaspace       used 108644K, committed 111168K, reserved 557056K
  class space    used 15399K, committed 16640K, reserved 425984K
}
Event: 515.448 GC heap before
{Heap before GC invocations=46 (full 0):
 garbage-first heap   total 208896K, used 168493K [0x0000000080000000, 0x0000000100000000)
  region size 1024K, 53 young (54272K), 8 survivors (8192K)
 Metaspace       used 108645K, committed 111168K, reserved 557056K
  class space    used 15399K, committed 16640K, reserved 425984K
}
Event: 515.459 GC heap after
{Heap after GC invocations=47 (full 0):
 garbage-first heap   total 208896K, used 125814K [0x0000000080000000, 0x0000000100000000)
  region size 1024K, 3 young (3072K), 3 survivors (3072K)
 Metaspace       used 108645K, committed 111168K, reserved 557056K
  class space    used 15399K, committed 16640K, reserved 425984K
}
Event: 522.193 GC heap before
{Heap before GC invocations=47 (full 0):
 garbage-first heap   total 208896K, used 194422K [0x0000000080000000, 0x0000000100000000)
  region size 1024K, 66 young (67584K), 3 survivors (3072K)
 Metaspace       used 109004K, committed 111488K, reserved 557056K
  class space    used 15425K, committed 16640K, reserved 425984K
}
Event: 522.208 GC heap after
{Heap after GC invocations=48 (full 0):
 garbage-first heap   total 211968K, used 140939K [0x0000000080000000, 0x0000000100000000)
  region size 1024K, 9 young (9216K), 9 survivors (9216K)
 Metaspace       used 109004K, committed 111488K, reserved 557056K
  class space    used 15425K, committed 16640K, reserved 425984K
}
Event: 533.791 GC heap before
{Heap before GC invocations=48 (full 0):
 garbage-first heap   total 211968K, used 191115K [0x0000000080000000, 0x0000000100000000)
  region size 1024K, 59 young (60416K), 9 survivors (9216K)
 Metaspace       used 109011K, committed 111552K, reserved 557056K
  class space    used 15425K, committed 16640K, reserved 425984K
}
Event: 533.804 GC heap after
{Heap after GC invocations=49 (full 0):
 garbage-first heap   total 211968K, used 146744K [0x0000000080000000, 0x0000000100000000)
  region size 1024K, 5 young (5120K), 5 survivors (5120K)
 Metaspace       used 109011K, committed 111552K, reserved 557056K
  class space    used 15425K, committed 16640K, reserved 425984K
}
Event: 534.471 GC heap before
{Heap before GC invocations=50 (full 0):
 garbage-first heap   total 244736K, used 191800K [0x0000000080000000, 0x0000000100000000)
  region size 1024K, 51 young (52224K), 5 survivors (5120K)
 Metaspace       used 109011K, committed 111552K, reserved 557056K
  class space    used 15425K, committed 16640K, reserved 425984K
}
Event: 534.480 GC heap after
{Heap after GC invocations=51 (full 0):
 garbage-first heap   total 244736K, used 147198K [0x0000000080000000, 0x0000000100000000)
  region size 1024K, 2 young (2048K), 2 survivors (2048K)
 Metaspace       used 109011K, committed 111552K, reserved 557056K
  class space    used 15425K, committed 16640K, reserved 425984K
}

Dll operation events (20 events):
Event: 0.100 Attempting to load shared library C:\Users\user5\.vscode\extensions\redhat.java-1.56.0-win32-x64\jre\21.0.12.1-win32-x86_64\bin\zip.dll
Event: 0.100 Loaded shared library C:\Users\user5\.vscode\extensions\redhat.java-1.56.0-win32-x64\jre\21.0.12.1-win32-x86_64\bin\zip.dll
Event: 0.289 Attempting to load shared library C:\Users\user5\.vscode\extensions\redhat.java-1.56.0-win32-x64\jre\21.0.12.1-win32-x86_64\bin\jimage.dll
Event: 0.289 Loaded shared library C:\Users\user5\.vscode\extensions\redhat.java-1.56.0-win32-x64\jre\21.0.12.1-win32-x86_64\bin\jimage.dll
Event: 0.429 Attempting to load shared library C:\Users\user5\.vscode\extensions\redhat.java-1.56.0-win32-x64\jre\21.0.12.1-win32-x86_64\bin\verify.dll
Event: 0.429 Loaded shared library C:\Users\user5\.vscode\extensions\redhat.java-1.56.0-win32-x64\jre\21.0.12.1-win32-x86_64\bin\verify.dll
Event: 0.554 Attempting to load shared library D:\gradle_cache\native\1def1411415f61bf3af743bc5b6707747c0891f09f0c88961ee8f79bc544acac\windows-amd64\native-platform.dll
Event: 0.554 Loaded shared library D:\gradle_cache\native\1def1411415f61bf3af743bc5b6707747c0891f09f0c88961ee8f79bc544acac\windows-amd64\native-platform.dll
Event: 0.560 Attempting to load shared library D:\gradle_cache\native\0.2.5\x86_64-windows-gnu\gradle-fileevents.dll
Event: 0.561 Loaded shared library D:\gradle_cache\native\0.2.5\x86_64-windows-gnu\gradle-fileevents.dll
Event: 1.258 Attempting to load shared library C:\Users\user5\.vscode\extensions\redhat.java-1.56.0-win32-x64\jre\21.0.12.1-win32-x86_64\bin\management.dll
Event: 1.259 Loaded shared library C:\Users\user5\.vscode\extensions\redhat.java-1.56.0-win32-x64\jre\21.0.12.1-win32-x86_64\bin\management.dll
Event: 1.262 Attempting to load shared library C:\Users\user5\.vscode\extensions\redhat.java-1.56.0-win32-x64\jre\21.0.12.1-win32-x86_64\bin\management_ext.dll
Event: 1.264 Loaded shared library C:\Users\user5\.vscode\extensions\redhat.java-1.56.0-win32-x64\jre\21.0.12.1-win32-x86_64\bin\management_ext.dll
Event: 1.470 Attempting to load shared library C:\Users\user5\.vscode\extensions\redhat.java-1.56.0-win32-x64\jre\21.0.12.1-win32-x86_64\bin\extnet.dll
Event: 1.471 Loaded shared library C:\Users\user5\.vscode\extensions\redhat.java-1.56.0-win32-x64\jre\21.0.12.1-win32-x86_64\bin\extnet.dll
Event: 1.657 Attempting to load shared library C:\Users\user5\.vscode\extensions\redhat.java-1.56.0-win32-x64\jre\21.0.12.1-win32-x86_64\bin\sunmscapi.dll
Event: 1.665 Loaded shared library C:\Users\user5\.vscode\extensions\redhat.java-1.56.0-win32-x64\jre\21.0.12.1-win32-x86_64\bin\sunmscapi.dll
Event: 5.312 Attempting to load shared library D:\temp\native-platform13381274623832609989dir\gradle-fileevents.dll
Event: 5.676 Loaded shared library D:\temp\native-platform13381274623832609989dir\gradle-fileevents.dll

Deoptimization events (20 events):
Event: 536.537 Thread 0x000001f6229437b0 Uncommon trap: trap_request=0xffffff45 fr.pc=0x000001f67440a04c relative=0x000000000000188c
Event: 536.537 Thread 0x000001f6229437b0 Uncommon trap: reason=unstable_if action=reinterpret pc=0x000001f67440a04c method=org.objectweb.asm.SymbolTable.addConstant(Ljava/lang/Object;)Lorg/objectweb/asm/Symbol; @ 126 c2
Event: 536.537 Thread 0x000001f6229437b0 DEOPT PACKING pc=0x000001f67440a04c sp=0x000000c149af7ea0
Event: 536.537 Thread 0x000001f6229437b0 DEOPT UNPACKING pc=0x000001f673924422 sp=0x000000c149af7e80 mode 2
Event: 536.657 Thread 0x000001f6229437b0 Uncommon trap: trap_request=0xffffff45 fr.pc=0x000001f67470a92c relative=0x0000000000000b8c
Event: 536.658 Thread 0x000001f6229437b0 Uncommon trap: reason=unstable_if action=reinterpret pc=0x000001f67470a92c method=org.objectweb.asm.ClassReader.readUtf(II[C)Ljava/lang/String; @ 69 c2
Event: 536.659 Thread 0x000001f6229437b0 DEOPT PACKING pc=0x000001f67470a92c sp=0x000000c149af78f0
Event: 536.659 Thread 0x000001f6229437b0 DEOPT UNPACKING pc=0x000001f673924422 sp=0x000000c149af7820 mode 2
Event: 536.659 Thread 0x000001f6229437b0 Uncommon trap: trap_request=0xffffff45 fr.pc=0x000001f673f45310 relative=0x00000000000004d0
Event: 536.659 Thread 0x000001f6229437b0 Uncommon trap: reason=unstable_if action=reinterpret pc=0x000001f673f45310 method=java.lang.StringUTF16.compress([CII)[B @ 17 c2
Event: 536.659 Thread 0x000001f6229437b0 DEOPT PACKING pc=0x000001f673f45310 sp=0x000000c149af77b0
Event: 536.659 Thread 0x000001f6229437b0 DEOPT UNPACKING pc=0x000001f673924422 sp=0x000000c149af7688 mode 2
Event: 536.764 Thread 0x000001f6229437b0 Uncommon trap: trap_request=0xffffff45 fr.pc=0x000001f673f458d4 relative=0x0000000000000134
Event: 536.764 Thread 0x000001f6229437b0 Uncommon trap: reason=unstable_if action=reinterpret pc=0x000001f673f458d4 method=org.objectweb.asm.ByteVector.putInt(I)Lorg/objectweb/asm/ByteVector; @ 13 c2
Event: 536.765 Thread 0x000001f6229437b0 DEOPT PACKING pc=0x000001f673f458d4 sp=0x000000c149af7b20
Event: 536.765 Thread 0x000001f6229437b0 DEOPT UNPACKING pc=0x000001f673924422 sp=0x000000c149af7aa8 mode 2
Event: 536.849 Thread 0x000001f6229437b0 Uncommon trap: trap_request=0xffffff45 fr.pc=0x000001f6741e0680 relative=0x0000000000000500
Event: 536.849 Thread 0x000001f6229437b0 Uncommon trap: reason=unstable_if action=reinterpret pc=0x000001f6741e0680 method=sun.security.provider.DigestBase.engineUpdate([BII)V @ 1 c2
Event: 536.849 Thread 0x000001f6229437b0 DEOPT PACKING pc=0x000001f6741e0680 sp=0x000000c149af86c0
Event: 536.849 Thread 0x000001f6229437b0 DEOPT UNPACKING pc=0x000001f673924422 sp=0x000000c149af8678 mode 2

Classes loaded (20 events):
Event: 458.199 Loading class java/util/AbstractCollectionCustomizer
Event: 458.199 Loading class java/util/AbstractCollectionCustomizer done
Event: 458.209 Loading class sun/reflect/generics/reflectiveObjects/GenericArrayTypeImpl
Event: 458.209 Loading class sun/reflect/generics/reflectiveObjects/GenericArrayTypeImpl done
Event: 464.616 Loading class java/lang/StackTraceElement$HashedModules
Event: 464.616 Loading class java/lang/StackTraceElement$HashedModules done
Event: 465.012 Loading class java/io/CharArrayReader
Event: 465.019 Loading class java/io/CharArrayReader done
Event: 467.488 Loading class java/beans/IntrospectionException
Event: 467.489 Loading class java/beans/IntrospectionException done
Event: 468.648 Loading class java/lang/EnumBeanInfo
Event: 468.648 Loading class java/lang/EnumBeanInfo done
Event: 468.649 Loading class java/lang/EnumBeanInfo
Event: 468.649 Loading class java/lang/EnumBeanInfo done
Event: 468.649 Loading class java/lang/EnumCustomizer
Event: 468.649 Loading class java/lang/EnumCustomizer done
Event: 468.649 Loading class java/lang/EnumCustomizer
Event: 468.649 Loading class java/lang/EnumCustomizer done
Event: 535.305 Loading class java/util/zip/ZipFile$ZipEntryIterator
Event: 535.313 Loading class java/util/zip/ZipFile$ZipEntryIterator done

Classes unloaded (1 events):
Event: 179.865 Thread 0x000001f67ebb9ac0 Unloading class 0x000001f6037c4000 'java/lang/invoke/LambdaForm$DMH+0x000001f6037c4000'

Classes redefined (0 events):
No events

Internal exceptions (20 events):
Event: 518.173 Thread 0x000001f6229437b0 Exception <a 'java/lang/ClassNotFoundException'{0x0000000089cc5b18}: com/android/build/gradle/internal/dsl/LintOptions_DecoratedBeanInfo> (0x0000000089cc5b18) 
thrown [s\src\hotspot\share\classfile\systemDictionary.cpp, line 313]
Event: 518.192 Thread 0x000001f6229437b0 Exception <a 'java/lang/ClassNotFoundException'{0x0000000089cd3440}: com/android/build/gradle/internal/dsl/LintOptionsBeanInfo> (0x0000000089cd3440) 
thrown [s\src\hotspot\share\classfile\systemDictionary.cpp, line 313]
Event: 518.199 Thread 0x000001f6229437b0 Exception <a 'java/lang/ClassNotFoundException'{0x0000000089ce0ff8}: com/android/build/gradle/internal/dsl/LintOptionsCustomizer> (0x0000000089ce0ff8) 
thrown [s\src\hotspot\share\classfile\systemDictionary.cpp, line 313]
Event: 518.214 Thread 0x000001f6229437b0 Exception <a 'java/lang/ClassNotFoundException'{0x0000000089b2cde8}: com/android/build/gradle/internal/dsl/LintOptions_DecoratedCustomizer> (0x0000000089b2cde8) 
thrown [s\src\hotspot\share\classfile\systemDictionary.cpp, line 313]
Event: 518.417 Thread 0x000001f6229437b0 Exception <a 'java/lang/ClassNotFoundException'{0x0000000089aa5220}: org/gradle/api/internal/file/collections/DefaultConfigurableFileTreeBeanInfo> (0x0000000089aa5220) 
thrown [s\src\hotspot\share\classfile\systemDictionary.cpp, line 313]
Event: 518.425 Thread 0x000001f6229437b0 Exception <a 'java/lang/ClassNotFoundException'{0x0000000089abbda8}: org/gradle/api/internal/file/CompositeFileTreeBeanInfo> (0x0000000089abbda8) 
thrown [s\src\hotspot\share\classfile\systemDictionary.cpp, line 313]
Event: 518.431 Thread 0x000001f6229437b0 Exception <a 'java/lang/ClassNotFoundException'{0x0000000089ad2b80}: org/gradle/api/internal/file/CompositeFileCollectionBeanInfo> (0x0000000089ad2b80) 
thrown [s\src\hotspot\share\classfile\systemDictionary.cpp, line 313]
Event: 518.438 Thread 0x000001f6229437b0 Exception <a 'java/lang/ClassNotFoundException'{0x0000000089aea418}: org/gradle/api/internal/file/AbstractFileCollectionBeanInfo> (0x0000000089aea418) 
thrown [s\src\hotspot\share\classfile\systemDictionary.cpp, line 313]
Event: 518.451 Thread 0x000001f6229437b0 Exception <a 'java/lang/ClassNotFoundException'{0x0000000089901960}: org/gradle/api/internal/file/AbstractFileCollectionCustomizer> (0x0000000089901960) 
thrown [s\src\hotspot\share\classfile\systemDictionary.cpp, line 313]
Event: 518.479 Thread 0x000001f6229437b0 Exception <a 'java/lang/ClassNotFoundException'{0x0000000089931a68}: org/gradle/api/internal/file/CompositeFileCollectionCustomizer> (0x0000000089931a68) 
thrown [s\src\hotspot\share\classfile\systemDictionary.cpp, line 313]
Event: 518.494 Thread 0x000001f6229437b0 Exception <a 'java/lang/ClassNotFoundException'{0x00000000899510e8}: org/gradle/api/internal/file/CompositeFileTreeCustomizer> (0x00000000899510e8) 
thrown [s\src\hotspot\share\classfile\systemDictionary.cpp, line 313]
Event: 518.530 Thread 0x000001f6229437b0 Exception <a 'java/lang/ClassNotFoundException'{0x0000000089988f50}: org/gradle/api/internal/file/collections/DefaultConfigurableFileTreeCustomizer> (0x0000000089988f50) 
thrown [s\src\hotspot\share\classfile\systemDictionary.cpp, line 313]
Event: 535.009 Thread 0x000001f6229437b0 Implicit null exception at 0x000001f67454c108 to 0x000001f67454e1c8
Event: 535.237 Thread 0x000001f6229437b0 Implicit null exception at 0x000001f6746b90e0 to 0x000001f6746bda5c
Event: 535.447 Thread 0x000001f6229437b0 Implicit null exception at 0x000001f674041deb to 0x000001f674042958
Event: 535.868 Thread 0x000001f6229437b0 Implicit null exception at 0x000001f67449117b to 0x000001f67449161c
Event: 535.868 Thread 0x000001f6229437b0 Implicit null exception at 0x000001f67422038a to 0x000001f67422042d
Event: 535.869 Thread 0x000001f6229437b0 Implicit null exception at 0x000001f6742a5347 to 0x000001f6742a564c
Event: 535.869 Thread 0x000001f6229437b0 Implicit null exception at 0x000001f673eb685e to 0x000001f673eb68bd
Event: 535.869 Thread 0x000001f6229437b0 Implicit null exception at 0x000001f6744574de to 0x000001f674457535

ZGC Phase Switch (0 events):
No events

VM Operations (20 events):
Event: 533.326 Executing safepoint VM operation: Cleanup
Event: 533.342 Executing safepoint VM operation: Cleanup done
Event: 533.791 Executing safepoint VM operation: G1CollectForAllocation (G1 Evacuation Pause)
Event: 533.804 Executing safepoint VM operation: G1CollectForAllocation (G1 Evacuation Pause) done
Event: 533.898 Executing safepoint VM operation: G1PauseRemark
Event: 533.947 Executing safepoint VM operation: G1PauseRemark done
Event: 533.999 Executing safepoint VM operation: G1PauseCleanup
Event: 533.999 Executing safepoint VM operation: G1PauseCleanup done
Event: 534.471 Executing safepoint VM operation: G1CollectForAllocation (G1 Evacuation Pause)
Event: 534.480 Executing safepoint VM operation: G1CollectForAllocation (G1 Evacuation Pause) done
Event: 535.490 Executing safepoint VM operation: Cleanup
Event: 535.506 Executing safepoint VM operation: Cleanup done
Event: 535.576 Executing non-safepoint VM operation: HandshakeAllThreads (Deoptimize)
Event: 535.576 Executing non-safepoint VM operation: HandshakeAllThreads (Deoptimize) done
Event: 535.806 Executing non-safepoint VM operation: HandshakeAllThreads (Deoptimize)
Event: 535.807 Executing non-safepoint VM operation: HandshakeAllThreads (Deoptimize) done
Event: 536.051 Executing non-safepoint VM operation: HandshakeAllThreads (Deoptimize)
Event: 536.052 Executing non-safepoint VM operation: HandshakeAllThreads (Deoptimize) done
Event: 537.055 Executing safepoint VM operation: Cleanup
Event: 537.056 Executing safepoint VM operation: Cleanup done

Memory protections (0 events):
No events

Nmethod flushes (20 events):
Event: 533.943 Thread 0x000001f67ebb9ac0 flushing  nmethod 0x000001f66c33c590
Event: 533.943 Thread 0x000001f67ebb9ac0 flushing  nmethod 0x000001f66c33db10
Event: 533.943 Thread 0x000001f67ebb9ac0 flushing  nmethod 0x000001f66c33e090
Event: 533.943 Thread 0x000001f67ebb9ac0 flushing  nmethod 0x000001f66c340990
Event: 533.943 Thread 0x000001f67ebb9ac0 flushing  nmethod 0x000001f66c346310
Event: 533.943 Thread 0x000001f67ebb9ac0 flushing  nmethod 0x000001f66c346a10
Event: 533.944 Thread 0x000001f67ebb9ac0 flushing  nmethod 0x000001f66c348210
Event: 533.944 Thread 0x000001f67ebb9ac0 flushing  nmethod 0x000001f66c39c610
Event: 533.944 Thread 0x000001f67ebb9ac0 flushing  nmethod 0x000001f66c3e2710
Event: 533.944 Thread 0x000001f67ebb9ac0 flushing  nmethod 0x000001f66c3e2b10
Event: 533.944 Thread 0x000001f67ebb9ac0 flushing  nmethod 0x000001f66c7c7090
Event: 533.944 Thread 0x000001f67ebb9ac0 flushing  nmethod 0x000001f66c9fb710
Event: 533.944 Thread 0x000001f67ebb9ac0 flushing  nmethod 0x000001f66ca0d310
Event: 533.944 Thread 0x000001f67ebb9ac0 flushing  nmethod 0x000001f66ca12c10
Event: 533.944 Thread 0x000001f67ebb9ac0 flushing  nmethod 0x000001f66ca39a10
Event: 533.944 Thread 0x000001f67ebb9ac0 flushing  nmethod 0x000001f66ca4d410
Event: 533.944 Thread 0x000001f67ebb9ac0 flushing  nmethod 0x000001f66ca6f790
Event: 533.944 Thread 0x000001f67ebb9ac0 flushing  nmethod 0x000001f66cabb510
Event: 533.944 Thread 0x000001f67ebb9ac0 flushing  nmethod 0x000001f66ced3c90
Event: 533.944 Thread 0x000001f67ebb9ac0 flushing  nmethod 0x000001f66d12fa90

Events (20 events):
Event: 505.871 Thread 0x000001f6229437b0 Thread added: 0x000001f62baf9310
Event: 505.881 Thread 0x000001f6229437b0 Thread added: 0x000001f62bafa6c0
Event: 505.883 Thread 0x000001f6229437b0 Thread added: 0x000001f62bafad50
Event: 505.883 Thread 0x000001f6229437b0 Thread added: 0x000001f62bafb3e0
Event: 505.884 Thread 0x000001f6229437b0 Thread added: 0x000001f62baf99a0
Event: 505.884 Thread 0x000001f6229437b0 Thread added: 0x000001f62bb00fc0
Event: 505.884 Thread 0x000001f6229437b0 Thread added: 0x000001f62baffc10
Event: 505.884 Thread 0x000001f6229437b0 Thread added: 0x000001f62bafe860
Event: 505.885 Thread 0x000001f6229437b0 Thread added: 0x000001f62bb002a0
Event: 505.885 Thread 0x000001f6229437b0 Thread added: 0x000001f62bb01650
Event: 505.885 Thread 0x000001f6229437b0 Thread added: 0x000001f62bb00930
Event: 512.528 Thread 0x000001f6229437b0 Thread added: 0x000001f62bafe1d0
Event: 512.545 Thread 0x000001f6229437b0 Thread added: 0x000001f62bb02a00
Event: 512.552 Thread 0x000001f6229437b0 Thread added: 0x000001f62bb01ce0
Event: 512.562 Thread 0x000001f6229437b0 Thread added: 0x000001f62bb02370
Event: 512.572 Thread 0x000001f6229437b0 Thread added: 0x000001f62baff580
Event: 512.582 Thread 0x000001f6229437b0 Thread added: 0x000001f62bb057f0
Event: 512.592 Thread 0x000001f6229437b0 Thread added: 0x000001f62bb05160
Event: 512.605 Thread 0x000001f6229437b0 Thread added: 0x000001f62bb05e80
Event: 516.009 Thread 0x000001f6229437b0 Thread added: 0x000001f62bb03720


Dynamic libraries:
0x00007ff7a95b0000 - 0x00007ff7a95be000 	C:\Users\user5\.vscode\extensions\redhat.java-1.56.0-win32-x64\jre\21.0.12.1-win32-x86_64\bin\java.exe
0x00007ff8236e0000 - 0x00007ff823947000 	C:\WINDOWS\SYSTEM32\ntdll.dll
0x00007ff822840000 - 0x00007ff82290b000 	C:\WINDOWS\System32\KERNEL32.DLL
0x00007ff820b10000 - 0x00007ff820f12000 	C:\WINDOWS\System32\KERNELBASE.dll
0x00007ff8212a0000 - 0x00007ff8213ec000 	C:\WINDOWS\System32\ucrtbase.dll
0x00007ff813580000 - 0x00007ff81359e000 	C:\Users\user5\.vscode\extensions\redhat.java-1.56.0-win32-x64\jre\21.0.12.1-win32-x86_64\bin\VCRUNTIME140.dll
0x00007ff810520000 - 0x00007ff810538000 	C:\Users\user5\.vscode\extensions\redhat.java-1.56.0-win32-x64\jre\21.0.12.1-win32-x86_64\bin\jli.dll
0x00007ff822450000 - 0x00007ff82261f000 	C:\WINDOWS\System32\USER32.dll
0x00007ff800850000 - 0x00007ff800ae0000 	C:\WINDOWS\WinSxS\amd64_microsoft.windows.common-controls_6595b64144ccf1df_6.0.26100.9278_none_3e0d1ba8e3303201\COMCTL32.dll
0x00007ff820f20000 - 0x00007ff820f47000 	C:\WINDOWS\System32\win32u.dll
0x00007ff822910000 - 0x00007ff8229b9000 	C:\WINDOWS\System32\msvcrt.dll
0x00007ff822760000 - 0x00007ff82278b000 	C:\WINDOWS\System32\GDI32.dll
0x00007ff820f50000 - 0x00007ff821079000 	C:\WINDOWS\System32\gdi32full.dll
0x00007ff820a60000 - 0x00007ff820b03000 	C:\WINDOWS\System32\msvcp_win.dll
0x00007ff821400000 - 0x00007ff821431000 	C:\WINDOWS\System32\IMM32.DLL
0x00007ff818840000 - 0x00007ff81884c000 	C:\Users\user5\.vscode\extensions\redhat.java-1.56.0-win32-x64\jre\21.0.12.1-win32-x86_64\bin\vcruntime140_1.dll
0x00007fffefad0000 - 0x00007fffefb5d000 	C:\Users\user5\.vscode\extensions\redhat.java-1.56.0-win32-x64\jre\21.0.12.1-win32-x86_64\bin\msvcp140.dll
0x00007fff950e0000 - 0x00007fff95e82000 	C:\Users\user5\.vscode\extensions\redhat.java-1.56.0-win32-x64\jre\21.0.12.1-win32-x86_64\bin\server\jvm.dll
0x00007ff822680000 - 0x00007ff82273c000 	C:\WINDOWS\System32\ADVAPI32.dll
0x00007ff8234d0000 - 0x00007ff823579000 	C:\WINDOWS\System32\sechost.dll
0x00007ff823580000 - 0x00007ff823698000 	C:\WINDOWS\System32\RPCRT4.dll
0x00007ff8227b0000 - 0x00007ff822830000 	C:\WINDOWS\System32\WS2_32.dll
0x00007ff81ffb0000 - 0x00007ff82000e000 	C:\WINDOWS\SYSTEM32\POWRPROF.dll
0x00007ff80c220000 - 0x00007ff80c256000 	C:\WINDOWS\SYSTEM32\WINMM.dll
0x00007ff8142c0000 - 0x00007ff8142cb000 	C:\WINDOWS\SYSTEM32\VERSION.dll
0x00007ff81ff70000 - 0x00007ff81ff85000 	C:\WINDOWS\SYSTEM32\UMPDC.dll
0x00007ff81f5b0000 - 0x00007ff81f5cb000 	C:\WINDOWS\SYSTEM32\kernel.appcore.dll
0x00007ff816440000 - 0x00007ff81644a000 	C:\Users\user5\.vscode\extensions\redhat.java-1.56.0-win32-x64\jre\21.0.12.1-win32-x86_64\bin\jimage.dll
0x00007ff81de40000 - 0x00007ff81e08c000 	C:\WINDOWS\SYSTEM32\DBGHELP.DLL
0x00007ff8215c0000 - 0x00007ff821945000 	C:\WINDOWS\System32\combase.dll
0x00007ff821950000 - 0x00007ff821a29000 	C:\WINDOWS\System32\OLEAUT32.dll
0x00007ffff9420000 - 0x00007ffff945b000 	C:\WINDOWS\SYSTEM32\dbgcore.DLL
0x00007ff8208e0000 - 0x00007ff82098c000 	C:\WINDOWS\System32\bcryptPrimitives.dll
0x00007ff804240000 - 0x00007ff80424f000 	C:\Users\user5\.vscode\extensions\redhat.java-1.56.0-win32-x64\jre\21.0.12.1-win32-x86_64\bin\instrument.dll
0x00007ff801b30000 - 0x00007ff801b50000 	C:\Users\user5\.vscode\extensions\redhat.java-1.56.0-win32-x64\jre\21.0.12.1-win32-x86_64\bin\java.dll
0x00007ff822d30000 - 0x00007ff8234c8000 	C:\WINDOWS\System32\SHELL32.dll
0x00007ff81e340000 - 0x00007ff81ebee000 	C:\WINDOWS\SYSTEM32\windows.storage.dll
0x00007ff822b30000 - 0x00007ff822c2b000 	C:\WINDOWS\System32\SHCORE.dll
0x00007ff822ac0000 - 0x00007ff822b26000 	C:\WINDOWS\System32\shlwapi.dll
0x00007ff820800000 - 0x00007ff820829000 	C:\WINDOWS\SYSTEM32\profapi.dll
0x00007ffffca20000 - 0x00007ffffca38000 	C:\Users\user5\.vscode\extensions\redhat.java-1.56.0-win32-x64\jre\21.0.12.1-win32-x86_64\bin\zip.dll
0x00007ff8047d0000 - 0x00007ff8047e0000 	C:\Users\user5\.vscode\extensions\redhat.java-1.56.0-win32-x64\jre\21.0.12.1-win32-x86_64\bin\net.dll
0x00007ff816de0000 - 0x00007ff816f0a000 	C:\WINDOWS\SYSTEM32\WINHTTP.dll
0x00007ff81fbe0000 - 0x00007ff81fc4c000 	C:\WINDOWS\system32\mswsock.dll
0x00007ffffc410000 - 0x00007ffffc426000 	C:\Users\user5\.vscode\extensions\redhat.java-1.56.0-win32-x64\jre\21.0.12.1-win32-x86_64\bin\nio.dll
0x00007ff8039a0000 - 0x00007ff8039b0000 	C:\Users\user5\.vscode\extensions\redhat.java-1.56.0-win32-x64\jre\21.0.12.1-win32-x86_64\bin\verify.dll
0x00007ffffbfd0000 - 0x00007ffffbff7000 	D:\gradle_cache\native\1def1411415f61bf3af743bc5b6707747c0891f09f0c88961ee8f79bc544acac\windows-amd64\native-platform.dll
0x000000006bd40000 - 0x000000006bdb3000 	D:\gradle_cache\native\0.2.5\x86_64-windows-gnu\gradle-fileevents.dll
0x00007ff8163f0000 - 0x00007ff8163fa000 	C:\Users\user5\.vscode\extensions\redhat.java-1.56.0-win32-x64\jre\21.0.12.1-win32-x86_64\bin\management.dll
0x00007ff8163e0000 - 0x00007ff8163ec000 	C:\Users\user5\.vscode\extensions\redhat.java-1.56.0-win32-x64\jre\21.0.12.1-win32-x86_64\bin\management_ext.dll
0x00007ff822440000 - 0x00007ff822448000 	C:\WINDOWS\System32\PSAPI.DLL
0x00007ff81fef0000 - 0x00007ff81ff0b000 	C:\WINDOWS\SYSTEM32\CRYPTSP.dll
0x00007ff81f510000 - 0x00007ff81f549000 	C:\WINDOWS\system32\rsaenh.dll
0x00007ff81fc90000 - 0x00007ff81fcc4000 	C:\WINDOWS\SYSTEM32\USERENV.dll
0x00007ff8207d0000 - 0x00007ff8207fa000 	C:\WINDOWS\SYSTEM32\bcrypt.dll
0x00007ff81ff10000 - 0x00007ff81ff1c000 	C:\WINDOWS\SYSTEM32\CRYPTBASE.dll
0x00007ff81efb0000 - 0x00007ff81efe3000 	C:\WINDOWS\SYSTEM32\IPHLPAPI.DLL
0x00007ff822750000 - 0x00007ff82275a000 	C:\WINDOWS\System32\NSI.dll
0x00007ffffce70000 - 0x00007ffffce79000 	C:\Users\user5\.vscode\extensions\redhat.java-1.56.0-win32-x64\jre\21.0.12.1-win32-x86_64\bin\extnet.dll
0x00007ffffa2f0000 - 0x00007ffffa2fe000 	C:\Users\user5\.vscode\extensions\redhat.java-1.56.0-win32-x64\jre\21.0.12.1-win32-x86_64\bin\sunmscapi.dll
0x00007ff821080000 - 0x00007ff8211fe000 	C:\WINDOWS\System32\CRYPT32.dll
0x00007ff8201c0000 - 0x00007ff8201f0000 	C:\WINDOWS\SYSTEM32\ncrypt.dll
0x00007ff820170000 - 0x00007ff8201af000 	C:\WINDOWS\SYSTEM32\NTASN1.dll
0x00007ff813c90000 - 0x00007ff813c98000 	C:\WINDOWS\system32\wshunix.dll
0x000000006b210000 - 0x000000006b283000 	D:\temp\native-platform13381274623832609989dir\gradle-fileevents.dll

JVMTI agents:
D:\gradle_cache\wrapper\dists\gradle-8.12-all\ejduaidbjup3bmmkhw3rie4zb\gradle-8.12\lib\agents\gradle-instrumentation-agent-8.12.jar path:C:\Users\user5\.vscode\extensions\redhat.java-1.56.0-win32-x64\jre\21.0.12.1-win32-x86_64\bin\instrument.dll, loaded, initialized, instrumentlib options:none

dbghelp: loaded successfully - version: 4.0.5 - missing functions: none
symbol engine: initialized successfully - sym options: 0x614 - pdb path: .;C:\Users\user5\.vscode\extensions\redhat.java-1.56.0-win32-x64\jre\21.0.12.1-win32-x86_64\bin;C:\WINDOWS\SYSTEM32;C:\WINDOWS\WinSxS\amd64_microsoft.windows.common-controls_6595b64144ccf1df_6.0.26100.9278_none_3e0d1ba8e3303201;C:\Users\user5\.vscode\extensions\redhat.java-1.56.0-win32-x64\jre\21.0.12.1-win32-x86_64\bin\server;D:\gradle_cache\native\1def1411415f61bf3af743bc5b6707747c0891f09f0c88961ee8f79bc544acac\windows-amd64;D:\gradle_cache\native\0.2.5\x86_64-windows-gnu;D:\temp\native-platform13381274623832609989dir

VM Arguments:
jvm_args: --add-opens=java.base/java.lang=ALL-UNNAMED --add-opens=java.base/java.lang.invoke=ALL-UNNAMED --add-opens=java.base/java.util=ALL-UNNAMED --add-opens=java.prefs/java.util.prefs=ALL-UNNAMED --add-exports=jdk.compiler/com.sun.tools.javac.api=ALL-UNNAMED --add-exports=jdk.compiler/com.sun.tools.javac.util=ALL-UNNAMED --add-opens=java.base/java.util=ALL-UNNAMED --add-opens=java.prefs/java.util.prefs=ALL-UNNAMED --add-opens=java.base/java.nio.charset=ALL-UNNAMED --add-opens=java.base/java.net=ALL-UNNAMED --add-opens=java.base/java.util.concurrent.atomic=ALL-UNNAMED --add-opens=java.xml/javax.xml.namespace=ALL-UNNAMED -XX:MaxMetaspaceSize=512m -XX:ReservedCodeCacheSize=256m -XX:+HeapDumpOnOutOfMemoryError -Xmx2G -Dfile.encoding=UTF-8 -Duser.country=IN -Duser.language=en -Duser.variant -javaagent:D:\gradle_cache\wrapper\dists\gradle-8.12-all\ejduaidbjup3bmmkhw3rie4zb\gradle-8.12\lib\agents\gradle-instrumentation-agent-8.12.jar 
java_command: org.gradle.launcher.daemon.bootstrap.GradleDaemon 8.12
java_class_path (initial): D:\gradle_cache\wrapper\dists\gradle-8.12-all\ejduaidbjup3bmmkhw3rie4zb\gradle-8.12\lib\gradle-daemon-main-8.12.jar
Launcher Type: SUN_STANDARD

[Global flags]
     intx CICompilerCount                          = 4                                         {product} {ergonomic}
   size_t CompressedClassSpaceSize                 = 436207616                                 {product} {ergonomic}
     uint ConcGCThreads                            = 3                                         {product} {ergonomic}
     uint G1ConcRefinementThreads                  = 10                                        {product} {ergonomic}
   size_t G1HeapRegionSize                         = 1048576                                   {product} {ergonomic}
    uintx GCDrainStackTargetSize                   = 64                                        {product} {ergonomic}
     bool HeapDumpOnOutOfMemoryError               = true                                   {manageable} {command line}
   size_t InitialHeapSize                          = 130023424                                 {product} {ergonomic}
   size_t MarkStackSize                            = 4194304                                   {product} {ergonomic}
   size_t MaxHeapSize                              = 2147483648                                {product} {command line}
   size_t MaxMetaspaceSize                         = 536870912                                 {product} {command line}
   size_t MaxNewSize                               = 1287651328                                {product} {ergonomic}
   size_t MinHeapDeltaBytes                        = 1048576                                   {product} {ergonomic}
   size_t MinHeapSize                              = 8388608                                   {product} {ergonomic}
    uintx NonNMethodCodeHeapSize                   = 5839372                                {pd product} {ergonomic}
    uintx NonProfiledCodeHeapSize                  = 131298042                              {pd product} {ergonomic}
    uintx ProfiledCodeHeapSize                     = 131298042                              {pd product} {ergonomic}
    uintx ReservedCodeCacheSize                    = 268435456                              {pd product} {command line}
     bool SegmentedCodeCache                       = true                                      {product} {ergonomic}
   size_t SoftMaxHeapSize                          = 2147483648                             {manageable} {ergonomic}
     bool UseCompressedOops                        = true                           {product lp64_product} {ergonomic}
     bool UseG1GC                                  = true                                      {product} {ergonomic}
     bool UseLargePagesIndividualAllocation        = false                                  {pd product} {ergonomic}

Logging:
Log output configuration:
 #0: stdout all=warning uptime,level,tags foldmultilines=false
 #1: stderr all=off uptime,level,tags foldmultilines=false

Release file:
JAVA_VERSION="21.0.12.1" 
MODULES="java.base java.compiler java.datatransfer java.xml java.prefs java.desktop java.instrument java.logging java.management java.security.sasl java.naming java.rmi java.management.rmi java.net.http java.scripting java.security.jgss java.transaction.xa java.sql java.sql.rowset java.xml.crypto java.se java.smartcardio jdk.accessibility jdk.internal.jvmstat jdk.attach jdk.charsets jdk.internal.opt jdk.zipfs jdk.compiler jdk.crypto.ec jdk.crypto.cryptoki jdk.crypto.mscapi jdk.dynalink jdk.internal.ed jdk.editpad jdk.hotspot.agent jdk.httpserver jdk.internal.le jdk.internal.vm.ci jdk.internal.vm.compiler jdk.internal.vm.compiler.management jdk.jartool jdk.javadoc jdk.jcmd jdk.management jdk.management.agent jdk.jconsole jdk.jdeps jdk.jdwp.agent jdk.jdi jdk.jfr jdk.jshell jdk.jsobject jdk.jstatd jdk.localedata jdk.management.jfr jdk.naming.dns jdk.naming.rmi jdk.net jdk.nio.mapmode jdk.random jdk.sctp jdk.security.auth jdk.security.jgss jdk.unsupported jdk.unsupported.desktop jdk.xml.dom" 

Environment Variables:
PATH=C:\Program Files\Common Files\Oracle\Java\javapath;C:\windows\system32;C:\windows;C:\windows\System32\Wbem;C:\windows\System32\WindowsPowerShell\v1.0\;C:\windows\System32\OpenSSH\;C:\Program Files (x86)\NVIDIA Corporation\PhysX\Common;C:\Program Files\NVIDIA Corporation\NVIDIA NvDLISR;C:\Users\Administrator\AppData\Local\Microsoft\WindowsApps;C:\Program Files\HP\OMEN-Broadcast\Common;C:\WINDOWS\system32;C:\WINDOWS;C:\WINDOWS\System32\Wbem;C:\WINDOWS\System32\WindowsPowerShell\v1.0\;C:\WINDOWS\System32\OpenSSH\;C:\src\flutter\bin;C:\Users\user5\AppData\Local\Android\Sdk\platform-tools;C:\Program Files\MySQL\MySQL Server 8.0\bin;C:\Program Files\Git\cmd;C:\Program Files\Git\mingw64\bin;C:\src\flutter\bin;C:\Program Files\Git\usr\bin;C:\Program Files\nodejs\;C:\Program Files\MySQL\MySQL Shell 8.0\bin\;C:\Users\user5\AppData\Local\Microsoft\WindowsApps;C:\Users\user5\AppData\Local\Programs\Microsoft VS Code\bin;C:\MinGW\bin;C:\Program Files\JetBrains\IntelliJ IDEA Community Edition 2025.1.1.1\bin;C:\Program Files\Git\cmd;;C:\Users\user5\AppData\Local\Programs\Antigravity IDE\bin;C:\Users\user5\AppData\Roaming\npm
USERNAME=User
OS=Windows_NT
PROCESSOR_IDENTIFIER=Intel64 Family 6 Model 154 Stepping 3, GenuineIntel
TMP=D:\temp
TEMP=D:\temp




Periodic native trim disabled

---------------  S Y S T E M  ---------------

OS:
 Windows 11 , 64 bit Build 26100 (10.0.26100.9444)
OS uptime: 0 days 2:25 hours
Hyper-V role detected

CPU: total 12 (initial active 12) (6 cores per cpu, 2 threads per core) family 6 model 154 stepping 3 microcode 0x435, cx8, cmov, fxsr, ht, mmx, 3dnowpref, sse, sse2, sse3, ssse3, sse4.1, sse4.2, popcnt, lzcnt, tsc, tscinvbit, avx, avx2, aes, erms, clmul, bmi1, bmi2, adx, sha, fma, vzeroupper, clflush, clflushopt, clwb, hv, serialize, rdtscp, rdpid, fsrm, f16c, cet_ibt, cet_ss
Processor Information for the first 12 processors :
  Max Mhz: 2000, Current Mhz: 2000, Mhz Limit: 2000

Memory: 4k page, system-wide physical 7832M (248M free)
TotalPageFile size 28212M (AvailPageFile size 0M)
current process WorkingSet (physical memory assigned to process): 421M, peak: 421M
current process commit charge ("private bytes"): 611M, peak: 611M

vm_info: OpenJDK 64-Bit Server VM (21.0.12.1+1-LTS) for windows-amd64 JRE (21.0.12.1+1-LTS), built on 2026-08-18T00:00:00Z by "admin" with MS VC++ 17.12 (VS2022)

END.
