#
# There is insufficient memory for the Java Runtime Environment to continue.
# Native memory allocation (malloc) failed to allocate 32744 bytes. Error detail: Chunk::new
# Possible reasons:
#   The system is out of physical RAM or swap space
#   This process is running with CompressedOops enabled, and the Java Heap may be blocking the growth of the native heap
# Possible solutions:
#   Reduce memory load on the system
#   Increase physical memory or swap space
#   Check if swap backing store is full
#   Decrease Java heap size (-Xmx/-Xms)
#   Decrease number of Java threads
#   Decrease Java thread stack sizes (-Xss)
#   Set larger code cache with -XX:ReservedCodeCacheSize=
#   JVM is running with Unscaled Compressed Oops mode in which the Java heap is
#     placed in the first 4GB address space. The Java Heap base address is the
#     maximum limit for the native heap growth. Please use -XX:HeapBaseMinAddress
#     to set the Java Heap base and to place the Java Heap above 4GB virtual address.
# This output file may be truncated or incomplete.
#
#  Out of Memory Error (arena.cpp:168), pid=28264, tid=36940
#
# JRE version: OpenJDK Runtime Environment Temurin-21.0.12.1+1 (21.0.12.1+1) (build 21.0.12.1+1-LTS)
# Java VM: OpenJDK 64-Bit Server VM Temurin-21.0.12.1+1 (21.0.12.1+1-LTS, mixed mode, sharing, tiered, compressed oops, compressed class ptrs, g1 gc, windows-amd64)
# No core dump will be written. Minidumps are not enabled by default on client versions of Windows
#

---------------  S U M M A R Y ------------

Command Line: --add-opens=java.base/java.lang=ALL-UNNAMED --add-opens=java.base/java.lang.invoke=ALL-UNNAMED --add-opens=java.base/java.util=ALL-UNNAMED --add-opens=java.prefs/java.util.prefs=ALL-UNNAMED --add-exports=jdk.compiler/com.sun.tools.javac.api=ALL-UNNAMED --add-exports=jdk.compiler/com.sun.tools.javac.util=ALL-UNNAMED --add-opens=java.base/java.util=ALL-UNNAMED --add-opens=java.prefs/java.util.prefs=ALL-UNNAMED --add-opens=java.base/java.nio.charset=ALL-UNNAMED --add-opens=java.base/java.net=ALL-UNNAMED --add-opens=java.base/java.util.concurrent.atomic=ALL-UNNAMED --add-opens=java.xml/javax.xml.namespace=ALL-UNNAMED -XX:MaxMetaspaceSize=512m -XX:ReservedCodeCacheSize=256m -XX:+HeapDumpOnOutOfMemoryError -Xmx2G -Dfile.encoding=UTF-8 -Duser.country=IN -Duser.language=en -Duser.variant -javaagent:D:\gradle_cache\wrapper\dists\gradle-8.12-all\ejduaidbjup3bmmkhw3rie4zb\gradle-8.12\lib\agents\gradle-instrumentation-agent-8.12.jar org.gradle.launcher.daemon.bootstrap.GradleDaemon 8.12

Host: 12th Gen Intel(R) Core(TM) i5-12450H, 12 cores, 7G,  Windows 11 , 64 bit Build 26100 (10.0.26100.9444)
Time: Sun Sep 13 16:31:11 2026 India Standard Time elapsed time: 426.162210 seconds (0d 0h 7m 6s)

---------------  T H R E A D  ---------------

Current thread (0x0000023a7cbaaef0):  JavaThread "C2 CompilerThread0" daemon [_thread_in_native, id=36940, stack(0x0000007be0900000,0x0000007be0a00000) (1024K)]


Current CompileTask:
C2:426162 13154       4       com.android.build.gradle.internal.cxx.settings.ParseMacroStringKt::tokenizeMacroString (409 bytes)

Stack: [0x0000007be0900000,0x0000007be0a00000]
Native frames: (J=compiled Java code, j=interpreted, Vv=VM code, C=native code)
V  [jvm.dll+0x6d83e9]
V  [jvm.dll+0x8b5736]
V  [jvm.dll+0x8b7cee]
V  [jvm.dll+0x8b83d3]
V  [jvm.dll+0x284596]
V  [jvm.dll+0xc685d]
V  [jvm.dll+0xc6da1]
V  [jvm.dll+0xc6985]
V  [jvm.dll+0x6b3338]
V  [jvm.dll+0x6b1dbb]
V  [jvm.dll+0x39b808]
V  [jvm.dll+0x3a14a0]
V  [jvm.dll+0x3a6eaf]
V  [jvm.dll+0x39c59d]
V  [jvm.dll+0x3a38f1]
V  [jvm.dll+0x1cfa75]
V  [jvm.dll+0x6f04bc]
V  [jvm.dll+0x6ea969]
V  [jvm.dll+0x6ea069]
V  [jvm.dll+0x6e80ee]
V  [jvm.dll+0x1ce4fc]
V  [jvm.dll+0x1cf09e]
V  [jvm.dll+0x2fa7dc]
V  [jvm.dll+0x6f2873]
V  [jvm.dll+0x6ea969]
V  [jvm.dll+0x6ea069]
V  [jvm.dll+0x6e80ee]
V  [jvm.dll+0x1ce4fc]
V  [jvm.dll+0x2fa7dc]
V  [jvm.dll+0x6f2873]
V  [jvm.dll+0x6ea969]
V  [jvm.dll+0x6ea069]
V  [jvm.dll+0x6e80ee]
V  [jvm.dll+0x1ce4fc]
V  [jvm.dll+0x1cf09e]
V  [jvm.dll+0x1ccc6e]
V  [jvm.dll+0x2551ee]
V  [jvm.dll+0x24ba35]
V  [jvm.dll+0x1cb4ae]
V  [jvm.dll+0x25baad]
V  [jvm.dll+0x25a03a]
V  [jvm.dll+0x3f8aae]
V  [jvm.dll+0x8600cd]
V  [jvm.dll+0x6d6c1d]
C  [ucrtbase.dll+0x2cd30]
C  [KERNEL32.DLL+0x2cd87]
C  [ntdll.dll+0xacaec]


---------------  P R O C E S S  ---------------

Threads class SMR info:
_java_thread_list=0x0000023a7ed8c180, length=150, elements={
0x0000023a73fbf900, 0x0000023a7cb97e50, 0x0000023a7cb98ab0, 0x0000023a7cb9fa60,
0x0000023a7cba2880, 0x0000023a7cba4000, 0x0000023a7cba5780, 0x0000023a7cbaaef0,
0x0000023a7cbb9ba0, 0x0000023a7cd782f0, 0x0000023a7ce9a550, 0x0000023a7e5ce6e0,
0x0000023a7e7840c0, 0x0000023a7e57eea0, 0x0000023a7e4b7600, 0x0000023a7e4b8070,
0x0000023a7e7da6f0, 0x0000023a7e535a80, 0x0000023a7e5346d0, 0x0000023a7e536e30,
0x0000023a7e534040, 0x0000023a7e536110, 0x0000023a7e534d60, 0x0000023a7e5353f0,
0x0000023a7f0e1a80, 0x0000023a7f0e34c0, 0x0000023a7f0e4870, 0x0000023a7f0e2e30,
0x0000023a7f0e2110, 0x0000023a7f0e5c20, 0x0000023a7f0e62b0, 0x0000023a7f0e4f00,
0x0000023a7f0e7660, 0x0000023a7f0e8380, 0x0000023a7f0e8a10, 0x0000023a7f0e90a0,
0x0000023a2f7b42a0, 0x0000023a2f7b4930, 0x0000023a2f7b3c10, 0x0000023a2f7b2ef0,
0x0000023a2f7b14b0, 0x0000023a2f7b3580, 0x0000023a2f7b4fc0, 0x0000023a2f7b1b40,
0x0000023a2f7b5650, 0x0000023a2f7b21d0, 0x0000023a2f7b5ce0, 0x0000023a2f7b2860,
0x0000023a2f7b7090, 0x0000023a2f7b6a00, 0x0000023a2f7b8ad0, 0x0000023a2f7b7720,
0x0000023a2f7b8440, 0x0000023a2f7b7db0, 0x0000023a2f7b6370, 0x0000023a2fa79130,
0x0000023a2fa78aa0, 0x0000023a2fa776f0, 0x0000023a2fa797c0, 0x0000023a2fa77d80,
0x0000023a2fa79e50, 0x0000023a2fa78410, 0x0000023a2fa7a4e0, 0x0000023a2fa77060,
0x0000023a2f7bbc20, 0x0000023a2f7ba870, 0x0000023a2f7ba1e0, 0x0000023a2f7bc2b0,
0x0000023a2f7bcfd0, 0x0000023a2f7b9b50, 0x0000023a2f7bf0a0, 0x0000023a2f7bf730,
0x0000023a2f7bfdc0, 0x0000023a2f7c0450, 0x0000023a2f7c0ae0, 0x0000023a2f7bd660,
0x0000023a2f7be380, 0x0000023a2f7bdcf0, 0x0000023a2f7bea10, 0x0000023a30757010,
0x0000023a30759770, 0x0000023a30759e00, 0x0000023a30757d30, 0x0000023a3075ab20,
0x0000023a307590e0, 0x0000023a3075a490, 0x0000023a307576a0, 0x0000023a3075b840,
0x0000023a3075b1b0, 0x0000023a307583c0, 0x0000023a30758a50, 0x0000023a3075bed0,
0x0000023a3075d910, 0x0000023a3075c560, 0x0000023a3075dfa0, 0x0000023a3075cbf0,
0x0000023a3075d280, 0x0000023a3075e630, 0x0000023a30a1ac40, 0x0000023a30a19f20,
0x0000023a30a1a5b0, 0x0000023a30a184e0, 0x0000023a30a1bff0, 0x0000023a30a1b960,
0x0000023a30a1b2d0, 0x0000023a30a18b70, 0x0000023a30a1c680, 0x0000023a30a19200,
0x0000023a30a1cd10, 0x0000023a30a19890, 0x0000023a30a1d3a0, 0x0000023a30a1ede0,
0x0000023a30a1da30, 0x0000023a30a1e750, 0x0000023a30a1f470, 0x0000023a30a1fb00,
0x0000023a308d0c00, 0x0000023a308d39f0, 0x0000023a308d1920, 0x0000023a308d2640,
0x0000023a308d1fb0, 0x0000023a308d3360, 0x0000023a308d4080, 0x0000023a308d1290,
0x0000023a308d6150, 0x0000023a308d2cd0, 0x0000023a308d7b90, 0x0000023a308d67e0,
0x0000023a308d7500, 0x0000023a308d4da0, 0x0000023a308d5ac0, 0x0000023a308d6e70,
0x0000023a308d4710, 0x0000023a308d8220, 0x0000023a308d5430, 0x0000023a30591410,
0x0000023a30590060, 0x0000023a305906f0, 0x0000023a30594200, 0x0000023a305927c0,
0x0000023a30592130, 0x0000023a30592e50, 0x0000023a30590d80, 0x0000023a305934e0,
0x0000023a30593b70, 0x0000023a30594890, 0x0000023a30594f20, 0x0000023a30591aa0,
0x0000023a30f273f0, 0x0000023a30595c40
}

Java Threads: ( => current thread )
  0x0000023a73fbf900 JavaThread "main"                              [_thread_blocked, id=27360, stack(0x0000007bdfb00000,0x0000007bdfc00000) (1024K)]
  0x0000023a7cb97e50 JavaThread "Reference Handler"          daemon [_thread_blocked, id=32520, stack(0x0000007be0300000,0x0000007be0400000) (1024K)]
  0x0000023a7cb98ab0 JavaThread "Finalizer"                  daemon [_thread_blocked, id=28788, stack(0x0000007be0400000,0x0000007be0500000) (1024K)]
  0x0000023a7cb9fa60 JavaThread "Signal Dispatcher"          daemon [_thread_blocked, id=37872, stack(0x0000007be0500000,0x0000007be0600000) (1024K)]
  0x0000023a7cba2880 JavaThread "Attach Listener"            daemon [_thread_blocked, id=16352, stack(0x0000007be0600000,0x0000007be0700000) (1024K)]
  0x0000023a7cba4000 JavaThread "Service Thread"             daemon [_thread_blocked, id=37768, stack(0x0000007be0700000,0x0000007be0800000) (1024K)]
  0x0000023a7cba5780 JavaThread "Monitor Deflation Thread"   daemon [_thread_blocked, id=36904, stack(0x0000007be0800000,0x0000007be0900000) (1024K)]
=>0x0000023a7cbaaef0 JavaThread "C2 CompilerThread0"         daemon [_thread_in_native, id=36940, stack(0x0000007be0900000,0x0000007be0a00000) (1024K)]
  0x0000023a7cbb9ba0 JavaThread "C1 CompilerThread0"         daemon [_thread_blocked, id=27716, stack(0x0000007be0a00000,0x0000007be0b00000) (1024K)]
  0x0000023a7cd782f0 JavaThread "Common-Cleaner"             daemon [_thread_blocked, id=36964, stack(0x0000007be0b00000,0x0000007be0c00000) (1024K)]
  0x0000023a7ce9a550 JavaThread "Notification Thread"        daemon [_thread_blocked, id=36672, stack(0x0000007be0c00000,0x0000007be0d00000) (1024K)]
  0x0000023a7e5ce6e0 JavaThread "Daemon health stats"               [_thread_blocked, id=27280, stack(0x0000007be1300000,0x0000007be1400000) (1024K)]
  0x0000023a7e7840c0 JavaThread "Incoming local TCP Connector on port 59860"        [_thread_in_native, id=28200, stack(0x0000007be1400000,0x0000007be1500000) (1024K)]
  0x0000023a7e57eea0 JavaThread "Daemon periodic checks"            [_thread_blocked, id=31280, stack(0x0000007be1500000,0x0000007be1600000) (1024K)]
  0x0000023a7e4b7600 JavaThread "Daemon"                            [_thread_blocked, id=748, stack(0x0000007be1600000,0x0000007be1700000) (1024K)]
  0x0000023a7e4b8070 JavaThread "Handler for socket connection from /127.0.0.1:59860 to /127.0.0.1:59861"        [_thread_in_native, id=22120, stack(0x0000007be1700000,0x0000007be1800000) (1024K)]
  0x0000023a7e7da6f0 JavaThread "Cancel handler"                    [_thread_blocked, id=33036, stack(0x0000007be1800000,0x0000007be1900000) (1024K)]
  0x0000023a7e535a80 JavaThread "Daemon worker"                     [_thread_in_native, id=35404, stack(0x0000007be1900000,0x0000007be1a00000) (1024K)]
  0x0000023a7e5346d0 JavaThread "Asynchronous log dispatcher for DefaultDaemonConnection: socket connection from /127.0.0.1:59860 to /127.0.0.1:59861"        [_thread_blocked, id=29396, stack(0x0000007be1a00000,0x0000007be1b00000) (1024K)]
  0x0000023a7e536e30 JavaThread "Stdin handler"                     [_thread_blocked, id=5908, stack(0x0000007be1b00000,0x0000007be1c00000) (1024K)]
  0x0000023a7e534040 JavaThread "Daemon client event forwarder"        [_thread_blocked, id=32444, stack(0x0000007be1c00000,0x0000007be1d00000) (1024K)]
  0x0000023a7e536110 JavaThread "Cache worker for journal cache (D:\gradle_cache\caches\journal-1)"        [_thread_blocked, id=35008, stack(0x0000007be1d00000,0x0000007be1e00000) (1024K)]
  0x0000023a7e534d60 JavaThread "File lock request listener"        [_thread_in_native, id=22244, stack(0x0000007be1e00000,0x0000007be1f00000) (1024K)]
  0x0000023a7e5353f0 JavaThread "Cache worker for file hash cache (D:\gradle_cache\caches\8.12\fileHashes)"        [_thread_blocked, id=21908, stack(0x0000007be1f00000,0x0000007be2000000) (1024K)]
  0x0000023a7f0e1a80 JavaThread "Cache worker for file hash cache (D:\pranjal\electricity_billing\mobile\android\.gradle\8.12\fileHashes)"        [_thread_blocked, id=36512, stack(0x0000007be2600000,0x0000007be2700000) (1024K)]
  0x0000023a7f0e34c0 JavaThread "Cache worker for Build Output Cleanup Cache (D:\pranjal\electricity_billing\mobile\android\.gradle\buildOutputCleanup)"        [_thread_blocked, id=36604, stack(0x0000007be2700000,0x0000007be2800000) (1024K)]
  0x0000023a7f0e4870 JavaThread "File watcher server"        daemon [_thread_in_native, id=35584, stack(0x0000007be2900000,0x0000007be2a00000) (1024K)]
  0x0000023a7f0e2e30 JavaThread "File watcher consumer"      daemon [_thread_blocked, id=24640, stack(0x0000007be2a00000,0x0000007be2b00000) (1024K)]
  0x0000023a7f0e2110 JavaThread "Cache worker for checksums cache (D:\pranjal\electricity_billing\mobile\android\.gradle\8.12\checksums)"        [_thread_blocked, id=33584, stack(0x0000007be2800000,0x0000007be2900000) (1024K)]
  0x0000023a7f0e5c20 JavaThread "Cache worker for file content cache (D:\gradle_cache\caches\8.12\fileContent)"        [_thread_blocked, id=23516, stack(0x0000007be2b00000,0x0000007be2c00000) (1024K)]
  0x0000023a7f0e62b0 JavaThread "Cache worker for cache directory md-rule (D:\gradle_cache\caches\8.12\md-rule)"        [_thread_blocked, id=32136, stack(0x0000007be2c00000,0x0000007be2d00000) (1024K)]
  0x0000023a7f0e4f00 JavaThread "Cache worker for cache directory md-supplier (D:\gradle_cache\caches\8.12\md-supplier)"        [_thread_blocked, id=14440, stack(0x0000007be2d00000,0x0000007be2e00000) (1024K)]
  0x0000023a7f0e7660 JavaThread "Cache worker for Build Output Cleanup Cache (C:\src\flutter\packages\flutter_tools\gradle\.gradle\buildOutputCleanup)"        [_thread_blocked, id=36164, stack(0x0000007be2e00000,0x0000007be2f00000) (1024K)]
  0x0000023a7f0e8380 JavaThread "Unconstrained build operations"        [_thread_blocked, id=37764, stack(0x0000007be2f00000,0x0000007be3000000) (1024K)]
  0x0000023a7f0e8a10 JavaThread "Unconstrained build operations Thread 2"        [_thread_blocked, id=37868, stack(0x0000007be3000000,0x0000007be3100000) (1024K)]
  0x0000023a7f0e90a0 JavaThread "Unconstrained build operations Thread 3"        [_thread_blocked, id=36684, stack(0x0000007be3100000,0x0000007be3200000) (1024K)]
  0x0000023a2f7b42a0 JavaThread "Unconstrained build operations Thread 4"        [_thread_blocked, id=37836, stack(0x0000007be3200000,0x0000007be3300000) (1024K)]
  0x0000023a2f7b4930 JavaThread "Unconstrained build operations Thread 5"        [_thread_blocked, id=19808, stack(0x0000007be3300000,0x0000007be3400000) (1024K)]
  0x0000023a2f7b3c10 JavaThread "Unconstrained build operations Thread 6"        [_thread_blocked, id=37164, stack(0x0000007be3400000,0x0000007be3500000) (1024K)]
  0x0000023a2f7b2ef0 JavaThread "Unconstrained build operations Thread 7"        [_thread_blocked, id=37780, stack(0x0000007be3500000,0x0000007be3600000) (1024K)]
  0x0000023a2f7b14b0 JavaThread "Unconstrained build operations Thread 8"        [_thread_blocked, id=37156, stack(0x0000007be3600000,0x0000007be3700000) (1024K)]
  0x0000023a2f7b3580 JavaThread "Unconstrained build operations Thread 9"        [_thread_blocked, id=37152, stack(0x0000007be3700000,0x0000007be3800000) (1024K)]
  0x0000023a2f7b4fc0 JavaThread "Unconstrained build operations Thread 10"        [_thread_blocked, id=6492, stack(0x0000007be3800000,0x0000007be3900000) (1024K)]
  0x0000023a2f7b1b40 JavaThread "Unconstrained build operations Thread 11"        [_thread_blocked, id=19504, stack(0x0000007be3900000,0x0000007be3a00000) (1024K)]
  0x0000023a2f7b5650 JavaThread "Unconstrained build operations Thread 12"        [_thread_blocked, id=18044, stack(0x0000007be3a00000,0x0000007be3b00000) (1024K)]
  0x0000023a2f7b21d0 JavaThread "Unconstrained build operations Thread 13"        [_thread_blocked, id=29716, stack(0x0000007be3b00000,0x0000007be3c00000) (1024K)]
  0x0000023a2f7b5ce0 JavaThread "Unconstrained build operations Thread 14"        [_thread_blocked, id=33764, stack(0x0000007be3c00000,0x0000007be3d00000) (1024K)]
  0x0000023a2f7b2860 JavaThread "Unconstrained build operations Thread 15"        [_thread_blocked, id=18328, stack(0x0000007be3d00000,0x0000007be3e00000) (1024K)]
  0x0000023a2f7b7090 JavaThread "Unconstrained build operations Thread 16"        [_thread_blocked, id=5088, stack(0x0000007be3e00000,0x0000007be3f00000) (1024K)]
  0x0000023a2f7b6a00 JavaThread "Unconstrained build operations Thread 17"        [_thread_blocked, id=13156, stack(0x0000007be3f00000,0x0000007be4000000) (1024K)]
  0x0000023a2f7b8ad0 JavaThread "Unconstrained build operations Thread 18"        [_thread_blocked, id=18056, stack(0x0000007be4000000,0x0000007be4100000) (1024K)]
  0x0000023a2f7b7720 JavaThread "Unconstrained build operations Thread 19"        [_thread_blocked, id=31740, stack(0x0000007be4100000,0x0000007be4200000) (1024K)]
  0x0000023a2f7b8440 JavaThread "Unconstrained build operations Thread 20"        [_thread_blocked, id=22688, stack(0x0000007be4200000,0x0000007be4300000) (1024K)]
  0x0000023a2f7b7db0 JavaThread "Unconstrained build operations Thread 21"        [_thread_blocked, id=15560, stack(0x0000007be4300000,0x0000007be4400000) (1024K)]
  0x0000023a2f7b6370 JavaThread "Unconstrained build operations Thread 22"        [_thread_blocked, id=37540, stack(0x0000007be4400000,0x0000007be4500000) (1024K)]
  0x0000023a2fa79130 JavaThread "Unconstrained build operations Thread 23"        [_thread_blocked, id=35356, stack(0x0000007be4500000,0x0000007be4600000) (1024K)]
  0x0000023a2fa78aa0 JavaThread "Unconstrained build operations Thread 24"        [_thread_blocked, id=35032, stack(0x0000007be4600000,0x0000007be4700000) (1024K)]
  0x0000023a2fa776f0 JavaThread "Unconstrained build operations Thread 25"        [_thread_blocked, id=5992, stack(0x0000007be4700000,0x0000007be4800000) (1024K)]
  0x0000023a2fa797c0 JavaThread "Unconstrained build operations Thread 26"        [_thread_blocked, id=36872, stack(0x0000007be4800000,0x0000007be4900000) (1024K)]
  0x0000023a2fa77d80 JavaThread "Unconstrained build operations Thread 27"        [_thread_blocked, id=12896, stack(0x0000007be4900000,0x0000007be4a00000) (1024K)]
  0x0000023a2fa79e50 JavaThread "Unconstrained build operations Thread 28"        [_thread_blocked, id=20740, stack(0x0000007be4a00000,0x0000007be4b00000) (1024K)]
  0x0000023a2fa78410 JavaThread "Unconstrained build operations Thread 29"        [_thread_blocked, id=13336, stack(0x0000007be4b00000,0x0000007be4c00000) (1024K)]
  0x0000023a2fa7a4e0 JavaThread "Unconstrained build operations Thread 30"        [_thread_blocked, id=8596, stack(0x0000007be4c00000,0x0000007be4d00000) (1024K)]
  0x0000023a2fa77060 JavaThread "Unconstrained build operations Thread 31"        [_thread_blocked, id=11532, stack(0x0000007be4d00000,0x0000007be4e00000) (1024K)]
  0x0000023a2f7bbc20 JavaThread "Unconstrained build operations Thread 32"        [_thread_blocked, id=34128, stack(0x0000007be4e00000,0x0000007be4f00000) (1024K)]
  0x0000023a2f7ba870 JavaThread "Unconstrained build operations Thread 33"        [_thread_blocked, id=12372, stack(0x0000007be4f00000,0x0000007be5000000) (1024K)]
  0x0000023a2f7ba1e0 JavaThread "Memory manager"                    [_thread_blocked, id=24484, stack(0x0000007bdf800000,0x0000007bdf900000) (1024K)]
  0x0000023a2f7bc2b0 JavaThread "build event listener"              [_thread_blocked, id=35612, stack(0x0000007bdf900000,0x0000007bdfa00000) (1024K)]
  0x0000023a2f7bcfd0 JavaThread "Execution worker"                  [_thread_blocked, id=4624, stack(0x0000007be5000000,0x0000007be5100000) (1024K)]
  0x0000023a2f7b9b50 JavaThread "Execution worker Thread 2"         [_thread_blocked, id=26652, stack(0x0000007be5100000,0x0000007be5200000) (1024K)]
  0x0000023a2f7bf0a0 JavaThread "Execution worker Thread 3"         [_thread_blocked, id=34336, stack(0x0000007be5200000,0x0000007be5300000) (1024K)]
  0x0000023a2f7bf730 JavaThread "Execution worker Thread 4"         [_thread_blocked, id=32208, stack(0x0000007be5300000,0x0000007be5400000) (1024K)]
  0x0000023a2f7bfdc0 JavaThread "Execution worker Thread 5"         [_thread_blocked, id=1804, stack(0x0000007be5400000,0x0000007be5500000) (1024K)]
  0x0000023a2f7c0450 JavaThread "Execution worker Thread 6"         [_thread_blocked, id=22780, stack(0x0000007be5500000,0x0000007be5600000) (1024K)]
  0x0000023a2f7c0ae0 JavaThread "Execution worker Thread 7"         [_thread_blocked, id=22212, stack(0x0000007be5600000,0x0000007be5700000) (1024K)]
  0x0000023a2f7bd660 JavaThread "Execution worker Thread 8"         [_thread_blocked, id=27552, stack(0x0000007be5700000,0x0000007be5800000) (1024K)]
  0x0000023a2f7be380 JavaThread "Execution worker Thread 9"         [_thread_blocked, id=35056, stack(0x0000007be5800000,0x0000007be5900000) (1024K)]
  0x0000023a2f7bdcf0 JavaThread "Execution worker Thread 10"        [_thread_blocked, id=16108, stack(0x0000007be5900000,0x0000007be5a00000) (1024K)]
  0x0000023a2f7bea10 JavaThread "Execution worker Thread 11"        [_thread_blocked, id=35120, stack(0x0000007be5a00000,0x0000007be5b00000) (1024K)]
  0x0000023a30757010 JavaThread "Cache worker for execution history cache (C:\src\flutter\packages\flutter_tools\gradle\.gradle\8.12\executionHistory)"        [_thread_blocked, id=33796, stack(0x0000007be5b00000,0x0000007be5c00000) (1024K)]
  0x0000023a30759770 JavaThread "Unconstrained build operations Thread 34"        [_thread_blocked, id=18064, stack(0x0000007be5c00000,0x0000007be5d00000) (1024K)]
  0x0000023a30759e00 JavaThread "Unconstrained build operations Thread 35"        [_thread_blocked, id=37392, stack(0x0000007be5d00000,0x0000007be5e00000) (1024K)]
  0x0000023a30757d30 JavaThread "Unconstrained build operations Thread 36"        [_thread_blocked, id=36724, stack(0x0000007be5e00000,0x0000007be5f00000) (1024K)]
  0x0000023a3075ab20 JavaThread "Unconstrained build operations Thread 37"        [_thread_blocked, id=5032, stack(0x0000007be5f00000,0x0000007be6000000) (1024K)]
  0x0000023a307590e0 JavaThread "Unconstrained build operations Thread 38"        [_thread_blocked, id=35156, stack(0x0000007be6000000,0x0000007be6100000) (1024K)]
  0x0000023a3075a490 JavaThread "Unconstrained build operations Thread 39"        [_thread_blocked, id=28032, stack(0x0000007be6100000,0x0000007be6200000) (1024K)]
  0x0000023a307576a0 JavaThread "Unconstrained build operations Thread 40"        [_thread_blocked, id=35544, stack(0x0000007be6200000,0x0000007be6300000) (1024K)]
  0x0000023a3075b840 JavaThread "Unconstrained build operations Thread 41"        [_thread_blocked, id=37280, stack(0x0000007be6300000,0x0000007be6400000) (1024K)]
  0x0000023a3075b1b0 JavaThread "Unconstrained build operations Thread 42"        [_thread_blocked, id=31292, stack(0x0000007be6400000,0x0000007be6500000) (1024K)]
  0x0000023a307583c0 JavaThread "Unconstrained build operations Thread 43"        [_thread_blocked, id=29044, stack(0x0000007be6500000,0x0000007be6600000) (1024K)]
  0x0000023a30758a50 JavaThread "Unconstrained build operations Thread 44"        [_thread_blocked, id=11692, stack(0x0000007be6600000,0x0000007be6700000) (1024K)]
  0x0000023a3075bed0 JavaThread "Unconstrained build operations Thread 45"        [_thread_blocked, id=9320, stack(0x0000007be6700000,0x0000007be6800000) (1024K)]
  0x0000023a3075d910 JavaThread "Unconstrained build operations Thread 46"        [_thread_blocked, id=3620, stack(0x0000007be6800000,0x0000007be6900000) (1024K)]
  0x0000023a3075c560 JavaThread "Unconstrained build operations Thread 47"        [_thread_blocked, id=35556, stack(0x0000007be6900000,0x0000007be6a00000) (1024K)]
  0x0000023a3075dfa0 JavaThread "Unconstrained build operations Thread 48"        [_thread_blocked, id=34036, stack(0x0000007be6a00000,0x0000007be6b00000) (1024K)]
  0x0000023a3075cbf0 JavaThread "Unconstrained build operations Thread 49"        [_thread_blocked, id=23228, stack(0x0000007be6b00000,0x0000007be6c00000) (1024K)]
  0x0000023a3075d280 JavaThread "Unconstrained build operations Thread 50"        [_thread_blocked, id=23376, stack(0x0000007be6c00000,0x0000007be6d00000) (1024K)]
  0x0000023a3075e630 JavaThread "Unconstrained build operations Thread 51"        [_thread_blocked, id=34000, stack(0x0000007be6d00000,0x0000007be6e00000) (1024K)]
  0x0000023a30a1ac40 JavaThread "Unconstrained build operations Thread 52"        [_thread_blocked, id=37228, stack(0x0000007be6e00000,0x0000007be6f00000) (1024K)]
  0x0000023a30a19f20 JavaThread "Unconstrained build operations Thread 53"        [_thread_blocked, id=22072, stack(0x0000007be6f00000,0x0000007be7000000) (1024K)]
  0x0000023a30a1a5b0 JavaThread "Unconstrained build operations Thread 54"        [_thread_blocked, id=37580, stack(0x0000007be7000000,0x0000007be7100000) (1024K)]
  0x0000023a30a184e0 JavaThread "Unconstrained build operations Thread 55"        [_thread_blocked, id=37736, stack(0x0000007be7100000,0x0000007be7200000) (1024K)]
  0x0000023a30a1bff0 JavaThread "Unconstrained build operations Thread 56"        [_thread_blocked, id=22240, stack(0x0000007be7200000,0x0000007be7300000) (1024K)]
  0x0000023a30a1b960 JavaThread "Unconstrained build operations Thread 57"        [_thread_blocked, id=32192, stack(0x0000007be7300000,0x0000007be7400000) (1024K)]
  0x0000023a30a1b2d0 JavaThread "Unconstrained build operations Thread 58"        [_thread_blocked, id=30248, stack(0x0000007be7400000,0x0000007be7500000) (1024K)]
  0x0000023a30a18b70 JavaThread "Unconstrained build operations Thread 59"        [_thread_blocked, id=31508, stack(0x0000007be7500000,0x0000007be7600000) (1024K)]
  0x0000023a30a1c680 JavaThread "Unconstrained build operations Thread 60"        [_thread_blocked, id=1592, stack(0x0000007be7600000,0x0000007be7700000) (1024K)]
  0x0000023a30a19200 JavaThread "Unconstrained build operations Thread 61"        [_thread_blocked, id=27816, stack(0x0000007be7700000,0x0000007be7800000) (1024K)]
  0x0000023a30a1cd10 JavaThread "Unconstrained build operations Thread 62"        [_thread_blocked, id=36900, stack(0x0000007be7800000,0x0000007be7900000) (1024K)]
  0x0000023a30a19890 JavaThread "Unconstrained build operations Thread 63"        [_thread_blocked, id=10916, stack(0x0000007be7900000,0x0000007be7a00000) (1024K)]
  0x0000023a30a1d3a0 JavaThread "Unconstrained build operations Thread 64"        [_thread_blocked, id=24744, stack(0x0000007be7a00000,0x0000007be7b00000) (1024K)]
  0x0000023a30a1ede0 JavaThread "Unconstrained build operations Thread 65"        [_thread_blocked, id=29520, stack(0x0000007be7b00000,0x0000007be7c00000) (1024K)]
  0x0000023a30a1da30 JavaThread "Unconstrained build operations Thread 66"        [_thread_blocked, id=2992, stack(0x0000007be7c00000,0x0000007be7d00000) (1024K)]
  0x0000023a30a1e750 JavaThread "Unconstrained build operations Thread 67"        [_thread_blocked, id=32320, stack(0x0000007be7d00000,0x0000007be7e00000) (1024K)]
  0x0000023a30a1f470 JavaThread "Unconstrained build operations Thread 68"        [_thread_blocked, id=36712, stack(0x0000007be7e00000,0x0000007be7f00000) (1024K)]
  0x0000023a30a1fb00 JavaThread "Unconstrained build operations Thread 69"        [_thread_blocked, id=34600, stack(0x0000007be7f00000,0x0000007be8000000) (1024K)]
  0x0000023a308d0c00 JavaThread "Unconstrained build operations Thread 70"        [_thread_blocked, id=12668, stack(0x0000007be8000000,0x0000007be8100000) (1024K)]
  0x0000023a308d39f0 JavaThread "Unconstrained build operations Thread 71"        [_thread_blocked, id=20892, stack(0x0000007be8100000,0x0000007be8200000) (1024K)]
  0x0000023a308d1920 JavaThread "Unconstrained build operations Thread 72"        [_thread_blocked, id=10200, stack(0x0000007be8200000,0x0000007be8300000) (1024K)]
  0x0000023a308d2640 JavaThread "Unconstrained build operations Thread 73"        [_thread_blocked, id=36908, stack(0x0000007be8300000,0x0000007be8400000) (1024K)]
  0x0000023a308d1fb0 JavaThread "Unconstrained build operations Thread 74"        [_thread_blocked, id=36624, stack(0x0000007be8400000,0x0000007be8500000) (1024K)]
  0x0000023a308d3360 JavaThread "Unconstrained build operations Thread 75"        [_thread_blocked, id=10896, stack(0x0000007be8500000,0x0000007be8600000) (1024K)]
  0x0000023a308d4080 JavaThread "Unconstrained build operations Thread 76"        [_thread_blocked, id=27812, stack(0x0000007be8600000,0x0000007be8700000) (1024K)]
  0x0000023a308d1290 JavaThread "Unconstrained build operations Thread 77"        [_thread_blocked, id=30564, stack(0x0000007be8700000,0x0000007be8800000) (1024K)]
  0x0000023a308d6150 JavaThread "Unconstrained build operations Thread 78"        [_thread_blocked, id=37520, stack(0x0000007be8800000,0x0000007be8900000) (1024K)]
  0x0000023a308d2cd0 JavaThread "Unconstrained build operations Thread 79"        [_thread_blocked, id=30744, stack(0x0000007be8900000,0x0000007be8a00000) (1024K)]
  0x0000023a308d7b90 JavaThread "Unconstrained build operations Thread 80"        [_thread_blocked, id=28300, stack(0x0000007be8a00000,0x0000007be8b00000) (1024K)]
  0x0000023a308d67e0 JavaThread "Unconstrained build operations Thread 81"        [_thread_blocked, id=7188, stack(0x0000007be8b00000,0x0000007be8c00000) (1024K)]
  0x0000023a308d7500 JavaThread "Unconstrained build operations Thread 82"        [_thread_blocked, id=27520, stack(0x0000007be8c00000,0x0000007be8d00000) (1024K)]
  0x0000023a308d4da0 JavaThread "Unconstrained build operations Thread 83"        [_thread_blocked, id=37204, stack(0x0000007be8d00000,0x0000007be8e00000) (1024K)]
  0x0000023a308d5ac0 JavaThread "Unconstrained build operations Thread 84"        [_thread_blocked, id=29108, stack(0x0000007be8e00000,0x0000007be8f00000) (1024K)]
  0x0000023a308d6e70 JavaThread "Unconstrained build operations Thread 85"        [_thread_blocked, id=27880, stack(0x0000007be8f00000,0x0000007be9000000) (1024K)]
  0x0000023a308d4710 JavaThread "Unconstrained build operations Thread 86"        [_thread_blocked, id=33236, stack(0x0000007be9000000,0x0000007be9100000) (1024K)]
  0x0000023a308d8220 JavaThread "Unconstrained build operations Thread 87"        [_thread_blocked, id=28580, stack(0x0000007be9100000,0x0000007be9200000) (1024K)]
  0x0000023a308d5430 JavaThread "Unconstrained build operations Thread 88"        [_thread_blocked, id=28256, stack(0x0000007be9200000,0x0000007be9300000) (1024K)]
  0x0000023a30591410 JavaThread "Unconstrained build operations Thread 89"        [_thread_blocked, id=27244, stack(0x0000007be9300000,0x0000007be9400000) (1024K)]
  0x0000023a30590060 JavaThread "Unconstrained build operations Thread 90"        [_thread_blocked, id=30324, stack(0x0000007be9400000,0x0000007be9500000) (1024K)]
  0x0000023a305906f0 JavaThread "Unconstrained build operations Thread 91"        [_thread_blocked, id=11124, stack(0x0000007be9500000,0x0000007be9600000) (1024K)]
  0x0000023a30594200 JavaThread "Unconstrained build operations Thread 92"        [_thread_blocked, id=25064, stack(0x0000007be9600000,0x0000007be9700000) (1024K)]
  0x0000023a305927c0 JavaThread "Unconstrained build operations Thread 93"        [_thread_blocked, id=9228, stack(0x0000007be9700000,0x0000007be9800000) (1024K)]
  0x0000023a30592130 JavaThread "Unconstrained build operations Thread 94"        [_thread_blocked, id=11144, stack(0x0000007be9800000,0x0000007be9900000) (1024K)]
  0x0000023a30592e50 JavaThread "Unconstrained build operations Thread 95"        [_thread_blocked, id=9740, stack(0x0000007be9900000,0x0000007be9a00000) (1024K)]
  0x0000023a30590d80 JavaThread "Unconstrained build operations Thread 96"        [_thread_blocked, id=19404, stack(0x0000007be9a00000,0x0000007be9b00000) (1024K)]
  0x0000023a305934e0 JavaThread "Unconstrained build operations Thread 97"        [_thread_blocked, id=16768, stack(0x0000007be9b00000,0x0000007be9c00000) (1024K)]
  0x0000023a30593b70 JavaThread "Unconstrained build operations Thread 98"        [_thread_blocked, id=31900, stack(0x0000007be9c00000,0x0000007be9d00000) (1024K)]
  0x0000023a30594890 JavaThread "Unconstrained build operations Thread 99"        [_thread_blocked, id=27536, stack(0x0000007be9d00000,0x0000007be9e00000) (1024K)]
  0x0000023a30594f20 JavaThread "Unconstrained build operations Thread 100"        [_thread_blocked, id=11752, stack(0x0000007be9e00000,0x0000007be9f00000) (1024K)]
  0x0000023a30591aa0 JavaThread "Unconstrained build operations Thread 101"        [_thread_blocked, id=13300, stack(0x0000007be9f00000,0x0000007bea000000) (1024K)]
  0x0000023a30f273f0 JavaThread "build event listener"              [_thread_blocked, id=24476, stack(0x0000007bdfa00000,0x0000007bdfb00000) (1024K)]
  0x0000023a30595c40 JavaThread "File lock release action executor Thread 2"        [_thread_blocked, id=13132, stack(0x0000007be2000000,0x0000007be2100000) (1024K)]
Total: 150

Other Threads:
  0x0000023a7cb7a140 VMThread "VM Thread"                           [id=36952, stack(0x0000007be0200000,0x0000007be0300000) (1024K)]
  0x0000023a7cb69e20 WatcherThread "VM Periodic Task Thread"        [id=36824, stack(0x0000007be0100000,0x0000007be0200000) (1024K)]
  0x0000023a74019340 WorkerThread "GC Thread#0"                     [id=22076, stack(0x0000007bdfc00000,0x0000007bdfd00000) (1024K)]
  0x0000023a7d1f00d0 WorkerThread "GC Thread#1"                     [id=34740, stack(0x0000007be0d00000,0x0000007be0e00000) (1024K)]
  0x0000023a7cfcebb0 WorkerThread "GC Thread#2"                     [id=27440, stack(0x0000007be0e00000,0x0000007be0f00000) (1024K)]
  0x0000023a7d834110 WorkerThread "GC Thread#3"                     [id=32116, stack(0x0000007be0f00000,0x0000007be1000000) (1024K)]
  0x0000023a7d8344c0 WorkerThread "GC Thread#4"                     [id=13672, stack(0x0000007be1000000,0x0000007be1100000) (1024K)]
  0x0000023a7d834fd0 WorkerThread "GC Thread#5"                     [id=30688, stack(0x0000007be1100000,0x0000007be1200000) (1024K)]
  0x0000023a7d835730 WorkerThread "GC Thread#6"                     [id=34116, stack(0x0000007be1200000,0x0000007be1300000) (1024K)]
  0x0000023a7e509c10 WorkerThread "GC Thread#7"                     [id=27628, stack(0x0000007be2100000,0x0000007be2200000) (1024K)]
  0x0000023a7e509fc0 WorkerThread "GC Thread#8"                     [id=37488, stack(0x0000007be2200000,0x0000007be2300000) (1024K)]
  0x0000023a7e50a370 WorkerThread "GC Thread#9"                     [id=37460, stack(0x0000007be2300000,0x0000007be2400000) (1024K)]
  0x0000023a74069010 ConcurrentGCThread "G1 Main Marker"            [id=37864, stack(0x0000007bdfd00000,0x0000007bdfe00000) (1024K)]
  0x0000023a7406a1d0 WorkerThread "G1 Conc#0"                       [id=34284, stack(0x0000007bdfe00000,0x0000007bdff00000) (1024K)]
  0x0000023a7ee6fbe0 WorkerThread "G1 Conc#1"                       [id=36636, stack(0x0000007be2400000,0x0000007be2500000) (1024K)]
  0x0000023a7ee6de60 WorkerThread "G1 Conc#2"                       [id=36508, stack(0x0000007be2500000,0x0000007be2600000) (1024K)]
  0x0000023a7ca3c290 ConcurrentGCThread "G1 Refine#0"               [id=32420, stack(0x0000007bdff00000,0x0000007be0000000) (1024K)]
  0x0000023a7ca3cac0 ConcurrentGCThread "G1 Service"                [id=22948, stack(0x0000007be0000000,0x0000007be0100000) (1024K)]
Total: 18

Threads with active compile tasks:
C2 CompilerThread0  426223 13154       4       com.android.build.gradle.internal.cxx.settings.ParseMacroStringKt::tokenizeMacroString (409 bytes)
Total: 1

VM state: not at safepoint (normal execution)

VM Mutex/Monitor currently owned by a thread: None

Heap address: 0x0000000080000000, size: 2048 MB, Compressed Oops mode: 32-bit

CDS archive(s) mapped at: [0x0000023a10000000-0x0000023a10ba0000-0x0000023a10ba0000), size 12189696, SharedBaseAddress: 0x0000023a10000000, ArchiveRelocationMode: 1.
Compressed class space mapped at: 0x0000023a11000000-0x0000023a2b000000, reserved size: 436207616
Narrow klass base: 0x0000023a10000000, Narrow klass shift: 0, Narrow klass range: 0x100000000

GC Precious Log:
 CardTable entry size: 512
 Card Set container configuration: InlinePtr #cards 5 size 8 Array Of Cards #cards 12 size 40 Howl #buckets 4 coarsen threshold 1843 Howl Bitmap #cards 512 size 80 coarsen threshold 460 Card regions per heap region 1 cards per card region 2048
 CPUs: 12 total, 12 available
 Memory: 7832M
 Large Page Support: Disabled
 NUMA Support: Disabled
 Compressed Oops: Enabled (32-bit)
 Heap Region Size: 1M
 Heap Min Capacity: 8M
 Heap Initial Capacity: 124M
 Heap Max Capacity: 2G
 Pre-touch: Disabled
 Parallel Workers: 10
 Concurrent Workers: 3
 Concurrent Refinement Workers: 10
 Periodic GC: Disabled

Heap:
 garbage-first heap   total 168960K, used 128626K [0x0000000080000000, 0x0000000100000000)
  region size 1024K, 33 young (33792K), 5 survivors (5120K)
 Metaspace       used 100954K, committed 103232K, reserved 557056K
  class space    used 14436K, committed 15552K, reserved 425984K

Heap Regions: E=young(eden), S=young(survivor), O=old, HS=humongous(starts), HC=humongous(continues), CS=collection set, F=free, TAMS=top-at-mark-start, PB=parsable bottom
|   0|0x0000000080000000, 0x0000000080100000, 0x0000000080100000|100%| O|  |TAMS 0x0000000080000000| PB 0x0000000080000000| Untracked 
|   1|0x0000000080100000, 0x0000000080200000, 0x0000000080200000|100%|HS|  |TAMS 0x0000000080100000| PB 0x0000000080100000| Complete 
|   2|0x0000000080200000, 0x0000000080300000, 0x0000000080300000|100%|HC|  |TAMS 0x0000000080200000| PB 0x0000000080200000| Complete 
|   3|0x0000000080300000, 0x0000000080400000, 0x0000000080400000|100%|HC|  |TAMS 0x0000000080300000| PB 0x0000000080300000| Complete 
|   4|0x0000000080400000, 0x0000000080500000, 0x0000000080500000|100%| O|  |TAMS 0x0000000080400000| PB 0x0000000080400000| Untracked 
|   5|0x0000000080500000, 0x0000000080600000, 0x0000000080600000|100%| O|  |TAMS 0x0000000080500000| PB 0x0000000080500000| Untracked 
|   6|0x0000000080600000, 0x0000000080700000, 0x0000000080700000|100%| O|  |TAMS 0x0000000080600000| PB 0x0000000080600000| Untracked 
|   7|0x0000000080700000, 0x0000000080800000, 0x0000000080800000|100%|HS|  |TAMS 0x0000000080700000| PB 0x0000000080700000| Complete 
|   8|0x0000000080800000, 0x0000000080900000, 0x0000000080900000|100%| O|  |TAMS 0x0000000080800000| PB 0x0000000080800000| Untracked 
|   9|0x0000000080900000, 0x0000000080a00000, 0x0000000080a00000|100%| O|  |TAMS 0x0000000080900000| PB 0x0000000080900000| Untracked 
|  10|0x0000000080a00000, 0x0000000080b00000, 0x0000000080b00000|100%| O|  |TAMS 0x0000000080a00000| PB 0x0000000080a00000| Untracked 
|  11|0x0000000080b00000, 0x0000000080c00000, 0x0000000080c00000|100%| O|  |TAMS 0x0000000080b00000| PB 0x0000000080b00000| Untracked 
|  12|0x0000000080c00000, 0x0000000080d00000, 0x0000000080d00000|100%| O|  |TAMS 0x0000000080c00000| PB 0x0000000080c00000| Untracked 
|  13|0x0000000080d00000, 0x0000000080e00000, 0x0000000080e00000|100%| O|  |TAMS 0x0000000080d00000| PB 0x0000000080d00000| Untracked 
|  14|0x0000000080e00000, 0x0000000080f00000, 0x0000000080f00000|100%| O|  |TAMS 0x0000000080e00000| PB 0x0000000080e00000| Untracked 
|  15|0x0000000080f00000, 0x0000000081000000, 0x0000000081000000|100%| O|  |TAMS 0x0000000080f00000| PB 0x0000000080f00000| Untracked 
|  16|0x0000000081000000, 0x0000000081100000, 0x0000000081100000|100%| O|  |TAMS 0x0000000081000000| PB 0x0000000081000000| Untracked 
|  17|0x0000000081100000, 0x0000000081200000, 0x0000000081200000|100%| O|  |TAMS 0x0000000081100000| PB 0x0000000081100000| Untracked 
|  18|0x0000000081200000, 0x0000000081300000, 0x0000000081300000|100%| O|  |TAMS 0x0000000081200000| PB 0x0000000081200000| Untracked 
|  19|0x0000000081300000, 0x0000000081400000, 0x0000000081400000|100%| O|  |TAMS 0x0000000081300000| PB 0x0000000081300000| Untracked 
|  20|0x0000000081400000, 0x0000000081500000, 0x0000000081500000|100%| O|  |TAMS 0x0000000081400000| PB 0x0000000081400000| Untracked 
|  21|0x0000000081500000, 0x0000000081600000, 0x0000000081600000|100%| O|  |TAMS 0x0000000081500000| PB 0x0000000081500000| Untracked 
|  22|0x0000000081600000, 0x0000000081700000, 0x0000000081700000|100%| O|  |TAMS 0x0000000081600000| PB 0x0000000081600000| Untracked 
|  23|0x0000000081700000, 0x0000000081800000, 0x0000000081800000|100%| O|  |TAMS 0x0000000081700000| PB 0x0000000081700000| Untracked 
|  24|0x0000000081800000, 0x0000000081900000, 0x0000000081900000|100%| O|  |TAMS 0x0000000081800000| PB 0x0000000081800000| Untracked 
|  25|0x0000000081900000, 0x0000000081a00000, 0x0000000081a00000|100%|HS|  |TAMS 0x0000000081900000| PB 0x0000000081900000| Complete 
|  26|0x0000000081a00000, 0x0000000081b00000, 0x0000000081b00000|100%| O|  |TAMS 0x0000000081a00000| PB 0x0000000081a00000| Untracked 
|  27|0x0000000081b00000, 0x0000000081c00000, 0x0000000081c00000|100%| O|  |TAMS 0x0000000081b00000| PB 0x0000000081b00000| Untracked 
|  28|0x0000000081c00000, 0x0000000081d00000, 0x0000000081d00000|100%| O|  |TAMS 0x0000000081c00000| PB 0x0000000081c00000| Untracked 
|  29|0x0000000081d00000, 0x0000000081e00000, 0x0000000081e00000|100%|HS|  |TAMS 0x0000000081d00000| PB 0x0000000081d00000| Complete 
|  30|0x0000000081e00000, 0x0000000081f00000, 0x0000000081f00000|100%|HC|  |TAMS 0x0000000081e00000| PB 0x0000000081e00000| Complete 
|  31|0x0000000081f00000, 0x0000000082000000, 0x0000000082000000|100%| O|  |TAMS 0x0000000081f00000| PB 0x0000000081f00000| Untracked 
|  32|0x0000000082000000, 0x0000000082100000, 0x0000000082100000|100%| O|  |TAMS 0x0000000082000000| PB 0x0000000082000000| Untracked 
|  33|0x0000000082100000, 0x0000000082100000, 0x0000000082200000|  0%| F|  |TAMS 0x0000000082100000| PB 0x0000000082100000| Untracked 
|  34|0x0000000082200000, 0x0000000082300000, 0x0000000082300000|100%| O|  |TAMS 0x0000000082200000| PB 0x0000000082200000| Untracked 
|  35|0x0000000082300000, 0x0000000082400000, 0x0000000082400000|100%|HS|  |TAMS 0x0000000082300000| PB 0x0000000082300000| Complete 
|  36|0x0000000082400000, 0x0000000082500000, 0x0000000082500000|100%| O|  |TAMS 0x0000000082400000| PB 0x0000000082400000| Untracked 
|  37|0x0000000082500000, 0x0000000082600000, 0x0000000082600000|100%| O|  |TAMS 0x0000000082500000| PB 0x0000000082500000| Untracked 
|  38|0x0000000082600000, 0x0000000082700000, 0x0000000082700000|100%|HS|  |TAMS 0x0000000082600000| PB 0x0000000082600000| Complete 
|  39|0x0000000082700000, 0x0000000082800000, 0x0000000082800000|100%|HC|  |TAMS 0x0000000082700000| PB 0x0000000082700000| Complete 
|  40|0x0000000082800000, 0x0000000082900000, 0x0000000082900000|100%| O|  |TAMS 0x0000000082800000| PB 0x0000000082800000| Untracked 
|  41|0x0000000082900000, 0x0000000082a00000, 0x0000000082a00000|100%| O|  |TAMS 0x0000000082900000| PB 0x0000000082900000| Untracked 
|  42|0x0000000082a00000, 0x0000000082b00000, 0x0000000082b00000|100%| O|  |TAMS 0x0000000082a00000| PB 0x0000000082a00000| Untracked 
|  43|0x0000000082b00000, 0x0000000082c00000, 0x0000000082c00000|100%| O|  |TAMS 0x0000000082b00000| PB 0x0000000082b00000| Untracked 
|  44|0x0000000082c00000, 0x0000000082d00000, 0x0000000082d00000|100%| O|  |TAMS 0x0000000082c00000| PB 0x0000000082c00000| Untracked 
|  45|0x0000000082d00000, 0x0000000082e00000, 0x0000000082e00000|100%| O|  |TAMS 0x0000000082d00000| PB 0x0000000082d00000| Untracked 
|  46|0x0000000082e00000, 0x0000000082f00000, 0x0000000082f00000|100%| O|  |TAMS 0x0000000082e00000| PB 0x0000000082e00000| Untracked 
|  47|0x0000000082f00000, 0x0000000083000000, 0x0000000083000000|100%| O|  |TAMS 0x0000000082f00000| PB 0x0000000082f00000| Untracked 
|  48|0x0000000083000000, 0x0000000083100000, 0x0000000083100000|100%| O|Cm|TAMS 0x0000000083000000| PB 0x0000000083000000| Complete 
|  49|0x0000000083100000, 0x0000000083100000, 0x0000000083200000|  0%| F|  |TAMS 0x0000000083100000| PB 0x0000000083100000| Untracked 
|  50|0x0000000083200000, 0x0000000083300000, 0x0000000083300000|100%| O|  |TAMS 0x0000000083200000| PB 0x0000000083200000| Untracked 
|  51|0x0000000083300000, 0x0000000083400000, 0x0000000083400000|100%| O|  |TAMS 0x0000000083300000| PB 0x0000000083300000| Untracked 
|  52|0x0000000083400000, 0x0000000083500000, 0x0000000083500000|100%| O|  |TAMS 0x0000000083400000| PB 0x0000000083400000| Untracked 
|  53|0x0000000083500000, 0x0000000083600000, 0x0000000083600000|100%| O|  |TAMS 0x0000000083500000| PB 0x0000000083500000| Untracked 
|  54|0x0000000083600000, 0x0000000083700000, 0x0000000083700000|100%| O|  |TAMS 0x0000000083600000| PB 0x0000000083600000| Untracked 
|  55|0x0000000083700000, 0x0000000083800000, 0x0000000083800000|100%| O|  |TAMS 0x0000000083700000| PB 0x0000000083700000| Untracked 
|  56|0x0000000083800000, 0x0000000083900000, 0x0000000083900000|100%|HS|  |TAMS 0x0000000083800000| PB 0x0000000083800000| Complete 
|  57|0x0000000083900000, 0x0000000083a00000, 0x0000000083a00000|100%|HC|  |TAMS 0x0000000083900000| PB 0x0000000083900000| Complete 
|  58|0x0000000083a00000, 0x0000000083b00000, 0x0000000083b00000|100%|HS|  |TAMS 0x0000000083a00000| PB 0x0000000083a00000| Complete 
|  59|0x0000000083b00000, 0x0000000083c00000, 0x0000000083c00000|100%| O|  |TAMS 0x0000000083b00000| PB 0x0000000083b00000| Untracked 
|  60|0x0000000083c00000, 0x0000000083d00000, 0x0000000083d00000|100%|HS|  |TAMS 0x0000000083c00000| PB 0x0000000083c00000| Complete 
|  61|0x0000000083d00000, 0x0000000083e00000, 0x0000000083e00000|100%|HS|  |TAMS 0x0000000083d00000| PB 0x0000000083d00000| Complete 
|  62|0x0000000083e00000, 0x0000000083f00000, 0x0000000083f00000|100%| O|  |TAMS 0x0000000083e00000| PB 0x0000000083e00000| Untracked 
|  63|0x0000000083f00000, 0x0000000084000000, 0x0000000084000000|100%|HS|  |TAMS 0x0000000083f00000| PB 0x0000000083f00000| Complete 
|  64|0x0000000084000000, 0x0000000084100000, 0x0000000084100000|100%| O|Cm|TAMS 0x0000000084000000| PB 0x0000000084000000| Complete 
|  65|0x0000000084100000, 0x0000000084200000, 0x0000000084200000|100%| O|  |TAMS 0x0000000084100000| PB 0x0000000084100000| Untracked 
|  66|0x0000000084200000, 0x0000000084300000, 0x0000000084300000|100%| O|  |TAMS 0x0000000084200000| PB 0x0000000084200000| Untracked 
|  67|0x0000000084300000, 0x0000000084400000, 0x0000000084400000|100%|HS|  |TAMS 0x0000000084300000| PB 0x0000000084300000| Complete 
|  68|0x0000000084400000, 0x0000000084500000, 0x0000000084500000|100%|HC|  |TAMS 0x0000000084400000| PB 0x0000000084400000| Complete 
|  69|0x0000000084500000, 0x0000000084600000, 0x0000000084600000|100%| O|  |TAMS 0x0000000084500000| PB 0x0000000084500000| Untracked 
|  70|0x0000000084600000, 0x0000000084600000, 0x0000000084700000|  0%| F|  |TAMS 0x0000000084600000| PB 0x0000000084600000| Untracked 
|  71|0x0000000084700000, 0x0000000084800000, 0x0000000084800000|100%| O|  |TAMS 0x0000000084700000| PB 0x0000000084700000| Untracked 
|  72|0x0000000084800000, 0x0000000084900000, 0x0000000084900000|100%| O|  |TAMS 0x0000000084800000| PB 0x0000000084800000| Untracked 
|  73|0x0000000084900000, 0x0000000084a00000, 0x0000000084a00000|100%| O|  |TAMS 0x0000000084900000| PB 0x0000000084900000| Untracked 
|  74|0x0000000084a00000, 0x0000000084b00000, 0x0000000084b00000|100%|HS|  |TAMS 0x0000000084a00000| PB 0x0000000084a00000| Complete 
|  75|0x0000000084b00000, 0x0000000084c00000, 0x0000000084c00000|100%| O|  |TAMS 0x0000000084b00000| PB 0x0000000084b00000| Untracked 
|  76|0x0000000084c00000, 0x0000000084d00000, 0x0000000084d00000|100%| O|  |TAMS 0x0000000084c00000| PB 0x0000000084c00000| Untracked 
|  77|0x0000000084d00000, 0x0000000084e00000, 0x0000000084e00000|100%| O|  |TAMS 0x0000000084d00000| PB 0x0000000084d00000| Untracked 
|  78|0x0000000084e00000, 0x0000000084f00000, 0x0000000084f00000|100%| O|  |TAMS 0x0000000084e00000| PB 0x0000000084e00000| Untracked 
|  79|0x0000000084f00000, 0x0000000085000000, 0x0000000085000000|100%| O|  |TAMS 0x0000000084f00000| PB 0x0000000084f00000| Untracked 
|  80|0x0000000085000000, 0x0000000085100000, 0x0000000085100000|100%| O|  |TAMS 0x0000000085000000| PB 0x0000000085000000| Untracked 
|  81|0x0000000085100000, 0x0000000085200000, 0x0000000085200000|100%| O|  |TAMS 0x0000000085100000| PB 0x0000000085100000| Untracked 
|  82|0x0000000085200000, 0x0000000085300000, 0x0000000085300000|100%| O|  |TAMS 0x0000000085200000| PB 0x0000000085200000| Untracked 
|  83|0x0000000085300000, 0x0000000085400000, 0x0000000085400000|100%| O|  |TAMS 0x0000000085300000| PB 0x0000000085300000| Untracked 
|  84|0x0000000085400000, 0x0000000085500000, 0x0000000085500000|100%| O|  |TAMS 0x0000000085400000| PB 0x0000000085400000| Untracked 
|  85|0x0000000085500000, 0x0000000085600000, 0x0000000085600000|100%| O|  |TAMS 0x0000000085500000| PB 0x0000000085500000| Untracked 
|  86|0x0000000085600000, 0x0000000085686880, 0x0000000085700000| 52%| O|  |TAMS 0x0000000085600000| PB 0x0000000085600000| Untracked 
|  87|0x0000000085700000, 0x0000000085700000, 0x0000000085800000|  0%| F|  |TAMS 0x0000000085700000| PB 0x0000000085700000| Untracked 
|  88|0x0000000085800000, 0x0000000085800000, 0x0000000085900000|  0%| F|  |TAMS 0x0000000085800000| PB 0x0000000085800000| Untracked 
|  89|0x0000000085900000, 0x0000000085900000, 0x0000000085a00000|  0%| F|  |TAMS 0x0000000085900000| PB 0x0000000085900000| Untracked 
|  90|0x0000000085a00000, 0x0000000085a00000, 0x0000000085b00000|  0%| F|  |TAMS 0x0000000085a00000| PB 0x0000000085a00000| Untracked 
|  91|0x0000000085b00000, 0x0000000085b00000, 0x0000000085c00000|  0%| F|  |TAMS 0x0000000085b00000| PB 0x0000000085b00000| Untracked 
|  92|0x0000000085c00000, 0x0000000085c00000, 0x0000000085d00000|  0%| F|  |TAMS 0x0000000085c00000| PB 0x0000000085c00000| Untracked 
|  93|0x0000000085d00000, 0x0000000085d00000, 0x0000000085e00000|  0%| F|  |TAMS 0x0000000085d00000| PB 0x0000000085d00000| Untracked 
|  94|0x0000000085e00000, 0x0000000085e00000, 0x0000000085f00000|  0%| F|  |TAMS 0x0000000085e00000| PB 0x0000000085e00000| Untracked 
|  95|0x0000000085f00000, 0x0000000085f00000, 0x0000000086000000|  0%| F|  |TAMS 0x0000000085f00000| PB 0x0000000085f00000| Untracked 
|  96|0x0000000086000000, 0x0000000086000000, 0x0000000086100000|  0%| F|  |TAMS 0x0000000086000000| PB 0x0000000086000000| Untracked 
|  97|0x0000000086100000, 0x0000000086100000, 0x0000000086200000|  0%| F|  |TAMS 0x0000000086100000| PB 0x0000000086100000| Untracked 
|  98|0x0000000086200000, 0x0000000086200000, 0x0000000086300000|  0%| F|  |TAMS 0x0000000086200000| PB 0x0000000086200000| Untracked 
|  99|0x0000000086300000, 0x00000000863161c0, 0x0000000086400000|  8%| S|CS|TAMS 0x0000000086300000| PB 0x0000000086300000| Complete 
| 100|0x0000000086400000, 0x0000000086500000, 0x0000000086500000|100%| S|CS|TAMS 0x0000000086400000| PB 0x0000000086400000| Complete 
| 101|0x0000000086500000, 0x0000000086600000, 0x0000000086600000|100%| S|CS|TAMS 0x0000000086500000| PB 0x0000000086500000| Complete 
| 102|0x0000000086600000, 0x0000000086700000, 0x0000000086700000|100%| S|CS|TAMS 0x0000000086600000| PB 0x0000000086600000| Complete 
| 103|0x0000000086700000, 0x0000000086800000, 0x0000000086800000|100%| S|CS|TAMS 0x0000000086700000| PB 0x0000000086700000| Complete 
| 104|0x0000000086800000, 0x0000000086800000, 0x0000000086900000|  0%| F|  |TAMS 0x0000000086800000| PB 0x0000000086800000| Untracked 
| 105|0x0000000086900000, 0x0000000086900000, 0x0000000086a00000|  0%| F|  |TAMS 0x0000000086900000| PB 0x0000000086900000| Untracked 
| 106|0x0000000086a00000, 0x0000000086a00000, 0x0000000086b00000|  0%| F|  |TAMS 0x0000000086a00000| PB 0x0000000086a00000| Untracked 
| 107|0x0000000086b00000, 0x0000000086b00000, 0x0000000086c00000|  0%| F|  |TAMS 0x0000000086b00000| PB 0x0000000086b00000| Untracked 
| 108|0x0000000086c00000, 0x0000000086c00000, 0x0000000086d00000|  0%| F|  |TAMS 0x0000000086c00000| PB 0x0000000086c00000| Untracked 
| 109|0x0000000086d00000, 0x0000000086d00000, 0x0000000086e00000|  0%| F|  |TAMS 0x0000000086d00000| PB 0x0000000086d00000| Untracked 
| 110|0x0000000086e00000, 0x0000000086e00000, 0x0000000086f00000|  0%| F|  |TAMS 0x0000000086e00000| PB 0x0000000086e00000| Untracked 
| 111|0x0000000086f00000, 0x0000000086f00000, 0x0000000087000000|  0%| F|  |TAMS 0x0000000086f00000| PB 0x0000000086f00000| Untracked 
| 112|0x0000000087000000, 0x0000000087000000, 0x0000000087100000|  0%| F|  |TAMS 0x0000000087000000| PB 0x0000000087000000| Untracked 
| 113|0x0000000087100000, 0x0000000087100000, 0x0000000087200000|  0%| F|  |TAMS 0x0000000087100000| PB 0x0000000087100000| Untracked 
| 114|0x0000000087200000, 0x0000000087200000, 0x0000000087300000|  0%| F|  |TAMS 0x0000000087200000| PB 0x0000000087200000| Untracked 
| 115|0x0000000087300000, 0x0000000087300000, 0x0000000087400000|  0%| F|  |TAMS 0x0000000087300000| PB 0x0000000087300000| Untracked 
| 116|0x0000000087400000, 0x0000000087400000, 0x0000000087500000|  0%| F|  |TAMS 0x0000000087400000| PB 0x0000000087400000| Untracked 
| 117|0x0000000087500000, 0x0000000087500000, 0x0000000087600000|  0%| F|  |TAMS 0x0000000087500000| PB 0x0000000087500000| Untracked 
| 118|0x0000000087600000, 0x0000000087600000, 0x0000000087700000|  0%| F|  |TAMS 0x0000000087600000| PB 0x0000000087600000| Untracked 
| 119|0x0000000087700000, 0x0000000087700000, 0x0000000087800000|  0%| F|  |TAMS 0x0000000087700000| PB 0x0000000087700000| Untracked 
| 120|0x0000000087800000, 0x0000000087800000, 0x0000000087900000|  0%| F|  |TAMS 0x0000000087800000| PB 0x0000000087800000| Untracked 
| 121|0x0000000087900000, 0x0000000087900000, 0x0000000087a00000|  0%| F|  |TAMS 0x0000000087900000| PB 0x0000000087900000| Untracked 
| 122|0x0000000087a00000, 0x0000000087a00000, 0x0000000087b00000|  0%| F|  |TAMS 0x0000000087a00000| PB 0x0000000087a00000| Untracked 
| 123|0x0000000087b00000, 0x0000000087b00000, 0x0000000087c00000|  0%| F|  |TAMS 0x0000000087b00000| PB 0x0000000087b00000| Untracked 
| 124|0x0000000087c00000, 0x0000000087c00000, 0x0000000087d00000|  0%| F|  |TAMS 0x0000000087c00000| PB 0x0000000087c00000| Untracked 
| 125|0x0000000087d00000, 0x0000000087d00000, 0x0000000087e00000|  0%| F|  |TAMS 0x0000000087d00000| PB 0x0000000087d00000| Untracked 
| 126|0x0000000087e00000, 0x0000000087e80000, 0x0000000087f00000| 50%| E|  |TAMS 0x0000000087e00000| PB 0x0000000087e00000| Complete 
| 127|0x0000000087f00000, 0x0000000088000000, 0x0000000088000000|100%| E|CS|TAMS 0x0000000087f00000| PB 0x0000000087f00000| Complete 
| 128|0x0000000088000000, 0x0000000088100000, 0x0000000088100000|100%| E|CS|TAMS 0x0000000088000000| PB 0x0000000088000000| Complete 
| 129|0x0000000088100000, 0x0000000088200000, 0x0000000088200000|100%| E|CS|TAMS 0x0000000088100000| PB 0x0000000088100000| Complete 
| 130|0x0000000088200000, 0x0000000088300000, 0x0000000088300000|100%| E|CS|TAMS 0x0000000088200000| PB 0x0000000088200000| Complete 
| 131|0x0000000088300000, 0x0000000088400000, 0x0000000088400000|100%| E|CS|TAMS 0x0000000088300000| PB 0x0000000088300000| Complete 
| 132|0x0000000088400000, 0x0000000088500000, 0x0000000088500000|100%| E|CS|TAMS 0x0000000088400000| PB 0x0000000088400000| Complete 
| 133|0x0000000088500000, 0x0000000088600000, 0x0000000088600000|100%| E|CS|TAMS 0x0000000088500000| PB 0x0000000088500000| Complete 
| 134|0x0000000088600000, 0x0000000088700000, 0x0000000088700000|100%| E|CS|TAMS 0x0000000088600000| PB 0x0000000088600000| Complete 
| 135|0x0000000088700000, 0x0000000088800000, 0x0000000088800000|100%| E|CS|TAMS 0x0000000088700000| PB 0x0000000088700000| Complete 
| 136|0x0000000088800000, 0x0000000088900000, 0x0000000088900000|100%| E|CS|TAMS 0x0000000088800000| PB 0x0000000088800000| Complete 
| 137|0x0000000088900000, 0x0000000088a00000, 0x0000000088a00000|100%| E|CS|TAMS 0x0000000088900000| PB 0x0000000088900000| Complete 
| 138|0x0000000088a00000, 0x0000000088b00000, 0x0000000088b00000|100%| E|CS|TAMS 0x0000000088a00000| PB 0x0000000088a00000| Complete 
| 139|0x0000000088b00000, 0x0000000088c00000, 0x0000000088c00000|100%| E|CS|TAMS 0x0000000088b00000| PB 0x0000000088b00000| Complete 
| 140|0x0000000088c00000, 0x0000000088d00000, 0x0000000088d00000|100%| E|CS|TAMS 0x0000000088c00000| PB 0x0000000088c00000| Complete 
| 141|0x0000000088d00000, 0x0000000088e00000, 0x0000000088e00000|100%| E|CS|TAMS 0x0000000088d00000| PB 0x0000000088d00000| Complete 
| 142|0x0000000088e00000, 0x0000000088f00000, 0x0000000088f00000|100%| E|CS|TAMS 0x0000000088e00000| PB 0x0000000088e00000| Complete 
| 143|0x0000000088f00000, 0x0000000089000000, 0x0000000089000000|100%| E|CS|TAMS 0x0000000088f00000| PB 0x0000000088f00000| Complete 
| 144|0x0000000089000000, 0x0000000089100000, 0x0000000089100000|100%| E|CS|TAMS 0x0000000089000000| PB 0x0000000089000000| Complete 
| 145|0x0000000089100000, 0x0000000089200000, 0x0000000089200000|100%| E|CS|TAMS 0x0000000089100000| PB 0x0000000089100000| Complete 
| 146|0x0000000089200000, 0x0000000089300000, 0x0000000089300000|100%| E|CS|TAMS 0x0000000089200000| PB 0x0000000089200000| Complete 
| 147|0x0000000089300000, 0x0000000089400000, 0x0000000089400000|100%| E|CS|TAMS 0x0000000089300000| PB 0x0000000089300000| Complete 
| 148|0x0000000089400000, 0x0000000089500000, 0x0000000089500000|100%| E|CS|TAMS 0x0000000089400000| PB 0x0000000089400000| Complete 
| 149|0x0000000089500000, 0x0000000089600000, 0x0000000089600000|100%| E|CS|TAMS 0x0000000089500000| PB 0x0000000089500000| Complete 
| 150|0x0000000089600000, 0x0000000089700000, 0x0000000089700000|100%| E|CS|TAMS 0x0000000089600000| PB 0x0000000089600000| Complete 
| 151|0x0000000089700000, 0x0000000089800000, 0x0000000089800000|100%| E|CS|TAMS 0x0000000089700000| PB 0x0000000089700000| Complete 
|2035|0x00000000ff300000, 0x00000000ff400000, 0x00000000ff400000|100%| O|  |TAMS 0x00000000ff300000| PB 0x00000000ff300000| Untracked 
|2036|0x00000000ff400000, 0x00000000ff500000, 0x00000000ff500000|100%| E|CS|TAMS 0x00000000ff400000| PB 0x00000000ff400000| Complete 
|2037|0x00000000ff500000, 0x00000000ff600000, 0x00000000ff600000|100%| O|Cm|TAMS 0x00000000ff500000| PB 0x00000000ff500000| Complete 
|2038|0x00000000ff600000, 0x00000000ff700000, 0x00000000ff700000|100%| O|  |TAMS 0x00000000ff600000| PB 0x00000000ff600000| Untracked 
|2039|0x00000000ff700000, 0x00000000ff800000, 0x00000000ff800000|100%| O|  |TAMS 0x00000000ff700000| PB 0x00000000ff700000| Untracked 
|2040|0x00000000ff800000, 0x00000000ff900000, 0x00000000ff900000|100%| O|  |TAMS 0x00000000ff800000| PB 0x00000000ff800000| Untracked 
|2041|0x00000000ff900000, 0x00000000ffa00000, 0x00000000ffa00000|100%| O|  |TAMS 0x00000000ff900000| PB 0x00000000ff900000| Untracked 
|2042|0x00000000ffa00000, 0x00000000ffb00000, 0x00000000ffb00000|100%| E|CS|TAMS 0x00000000ffa00000| PB 0x00000000ffa00000| Complete 
|2043|0x00000000ffb00000, 0x00000000ffc00000, 0x00000000ffc00000|100%| O|  |TAMS 0x00000000ffb00000| PB 0x00000000ffb00000| Untracked 
|2044|0x00000000ffc00000, 0x00000000ffd00000, 0x00000000ffd00000|100%| O|  |TAMS 0x00000000ffc00000| PB 0x00000000ffc00000| Untracked 
|2045|0x00000000ffd00000, 0x00000000ffe00000, 0x00000000ffe00000|100%| O|  |TAMS 0x00000000ffd00000| PB 0x00000000ffd00000| Untracked 
|2046|0x00000000ffe00000, 0x00000000fff00000, 0x00000000fff00000|100%| O|  |TAMS 0x00000000ffe00000| PB 0x00000000ffe00000| Untracked 
|2047|0x00000000fff00000, 0x0000000100000000, 0x0000000100000000|100%| O|  |TAMS 0x00000000fff00000| PB 0x00000000fff00000| Untracked 

Card table byte_map: [0x0000023a77b10000,0x0000023a77f10000] _byte_map_base: 0x0000023a77710000

Marking Bits: (CMBitMap*) 0x0000023a74019960
 Bits: [0x0000023a77f10000, 0x0000023a79f10000)

Polling page: 0x0000023a71e70000

Metaspace:

Usage:
  Non-class:     84.49 MB used.
      Class:     14.10 MB used.
       Both:     98.59 MB used.

Virtual space:
  Non-class space:      128.00 MB reserved,      85.62 MB ( 67%) committed,  2 nodes.
      Class space:      416.00 MB reserved,      15.19 MB (  4%) committed,  1 nodes.
             Both:      544.00 MB reserved,     100.81 MB ( 19%) committed. 

Chunk freelists:
   Non-Class:  9.55 MB
       Class:  832.00 KB
        Both:  10.37 MB

MaxMetaspaceSize: 512.00 MB
CompressedClassSpaceSize: 416.00 MB
Initial GC threshold: 21.00 MB
Current GC threshold: 158.75 MB
CDS: on
 - commit_granule_bytes: 65536.
 - commit_granule_words: 8192.
 - virtual_space_node_default_size: 8388608.
 - enlarge_chunks_in_place: 1.
 - use_allocation_guard: 0.


Internal statistics:

num_allocs_failed_limit: 9.
num_arena_births: 4158.
num_arena_deaths: 2.
num_vsnodes_births: 3.
num_vsnodes_deaths: 0.
num_space_committed: 1613.
num_space_uncommitted: 0.
num_chunks_returned_to_freelist: 11.
num_chunks_taken_from_freelist: 8856.
num_chunk_merges: 6.
num_chunk_splits: 5808.
num_chunks_enlarged: 3713.
num_inconsistent_stats: 0.

CodeHeap 'non-profiled nmethods': size=128192Kb used=6783Kb max_used=6783Kb free=121408Kb
 bounds [0x0000023a082d0000, 0x0000023a08980000, 0x0000023a10000000]
CodeHeap 'profiled nmethods': size=128192Kb used=21019Kb max_used=21019Kb free=107172Kb
 bounds [0x0000023a00000000, 0x0000023a01490000, 0x0000023a07d30000]
CodeHeap 'non-nmethods': size=5760Kb used=2005Kb max_used=2037Kb free=3755Kb
 bounds [0x0000023a07d30000, 0x0000023a07fa0000, 0x0000023a082d0000]
CodeCache: size=262144Kb, used=29807Kb, max_used=29839Kb, free=232335Kb
 total_blobs=11936, nmethods=11075, adapters=765, full_count=0
Compilation: enabled, stopped_count=0, restarted_count=0

Compilation events (20 events):
Event: 426.076 Thread 0x0000023a7cbaaef0 13145       4       java.util.ArrayList$ListItr::hasPrevious (13 bytes)
Event: 426.076 Thread 0x0000023a7cbb9ba0 nmethod 13144 0x0000023a0147a190 code [0x0000023a0147a360, 0x0000023a0147a708]
Event: 426.077 Thread 0x0000023a7cbaaef0 nmethod 13145 0x0000023a08704d10 code [0x0000023a08704ea0, 0x0000023a08704f38]
Event: 426.077 Thread 0x0000023a7cbaaef0 13146       4       java.util.ArrayList$ListItr::previous (59 bytes)
Event: 426.079 Thread 0x0000023a7cbb9ba0 13147       3       java.util.Collections::swap (25 bytes)
Event: 426.079 Thread 0x0000023a7cbaaef0 nmethod 13146 0x0000023a08704890 code [0x0000023a08704a20, 0x0000023a08704b90]
Event: 426.079 Thread 0x0000023a7cbb9ba0 nmethod 13147 0x0000023a0147a810 code [0x0000023a0147a9e0, 0x0000023a0147ad50]
Event: 426.097 Thread 0x0000023a7cbb9ba0 13148       1       com.android.build.gradle.internal.cxx.configure.CommandLineArgument$DefineProperty::getSourceArgument (5 bytes)
Event: 426.097 Thread 0x0000023a7cbb9ba0 nmethod 13148 0x0000023a08704590 code [0x0000023a08704720, 0x0000023a087047e8]
Event: 426.103 Thread 0x0000023a7cbb9ba0 13149       3       com.android.build.gradle.internal.cxx.settings.CxxAbiModelSettingsRewriterKt$getPreHashReifier$1::invoke (9 bytes)
Event: 426.103 Thread 0x0000023a7cbb9ba0 nmethod 13149 0x0000023a0147ae90 code [0x0000023a0147b040, 0x0000023a0147b270]
Event: 426.103 Thread 0x0000023a7cbb9ba0 13150       3       com.android.build.gradle.internal.cxx.settings.CxxAbiModelSettingsRewriterKt$getPreHashReifier$1::invoke (29 bytes)
Event: 426.104 Thread 0x0000023a7cbb9ba0 nmethod 13150 0x0000023a0147b310 code [0x0000023a0147b560, 0x0000023a0147bda0]
Event: 426.104 Thread 0x0000023a7cbb9ba0 13151       3       com.android.build.gradle.internal.cxx.settings.CxxAbiModelSettingsRewriterKt$getPreHashReifier$1$1::<init> (16 bytes)
Event: 426.104 Thread 0x0000023a7cbb9ba0 nmethod 13151 0x0000023a0147c090 code [0x0000023a0147c240, 0x0000023a0147c4c8]
Event: 426.104 Thread 0x0000023a7cbb9ba0 13152       3       com.android.build.gradle.internal.cxx.settings.CxxAbiModelSettingsRewriterKt$getPreHashReifier$1$1::invoke (69 bytes)
Event: 426.112 Thread 0x0000023a7cbb9ba0 nmethod 13152 0x0000023a0147c590 code [0x0000023a0147d060, 0x0000023a014847b0]
Event: 426.112 Thread 0x0000023a7cbb9ba0 13153       3       kotlin.text.StringsKt__StringsKt::substringAfter (77 bytes)
Event: 426.113 Thread 0x0000023a7cbb9ba0 nmethod 13153 0x0000023a01486990 code [0x0000023a01486d00, 0x0000023a01487f30]
Event: 426.133 Thread 0x0000023a7cbaaef0 13154       4       com.android.build.gradle.internal.cxx.settings.ParseMacroStringKt::tokenizeMacroString (409 bytes)

GC Heap History (20 events):
Event: 333.282 GC heap before
{Heap before GC invocations=25 (full 0):
 garbage-first heap   total 118784K, used 117285K [0x0000000080000000, 0x0000000100000000)
  region size 1024K, 44 young (45056K), 4 survivors (4096K)
 Metaspace       used 74296K, committed 76416K, reserved 491520K
  class space    used 10896K, committed 11968K, reserved 425984K
}
Event: 333.359 GC heap after
{Heap after GC invocations=26 (full 0):
 garbage-first heap   total 130048K, used 83190K [0x0000000080000000, 0x0000000100000000)
  region size 1024K, 6 young (6144K), 6 survivors (6144K)
 Metaspace       used 74296K, committed 76416K, reserved 491520K
  class space    used 10896K, committed 11968K, reserved 425984K
}
Event: 346.729 GC heap before
{Heap before GC invocations=26 (full 0):
 garbage-first heap   total 130048K, used 118006K [0x0000000080000000, 0x0000000100000000)
  region size 1024K, 40 young (40960K), 6 survivors (6144K)
 Metaspace       used 76944K, committed 79104K, reserved 557056K
  class space    used 11202K, committed 12288K, reserved 425984K
}
Event: 346.742 GC heap after
{Heap after GC invocations=27 (full 0):
 garbage-first heap   total 130048K, used 84867K [0x0000000080000000, 0x0000000100000000)
  region size 1024K, 2 young (2048K), 2 survivors (2048K)
 Metaspace       used 76944K, committed 79104K, reserved 557056K
  class space    used 11202K, committed 12288K, reserved 425984K
}
Event: 354.061 GC heap before
{Heap before GC invocations=27 (full 0):
 garbage-first heap   total 130048K, used 118659K [0x0000000080000000, 0x0000000100000000)
  region size 1024K, 36 young (36864K), 2 survivors (2048K)
 Metaspace       used 80557K, committed 82688K, reserved 557056K
  class space    used 11547K, committed 12608K, reserved 425984K
}
Event: 354.080 GC heap after
{Heap after GC invocations=28 (full 0):
 garbage-first heap   total 130048K, used 85496K [0x0000000080000000, 0x0000000100000000)
  region size 1024K, 3 young (3072K), 3 survivors (3072K)
 Metaspace       used 80557K, committed 82688K, reserved 557056K
  class space    used 11547K, committed 12608K, reserved 425984K
}
Event: 361.945 GC heap before
{Heap before GC invocations=29 (full 0):
 garbage-first heap   total 143360K, used 126456K [0x0000000080000000, 0x0000000100000000)
  region size 1024K, 37 young (37888K), 3 survivors (3072K)
 Metaspace       used 83061K, committed 85184K, reserved 557056K
  class space    used 11866K, committed 12928K, reserved 425984K
}
Event: 361.956 GC heap after
{Heap after GC invocations=30 (full 0):
 garbage-first heap   total 143360K, used 90906K [0x0000000080000000, 0x0000000100000000)
  region size 1024K, 5 young (5120K), 5 survivors (5120K)
 Metaspace       used 83061K, committed 85184K, reserved 557056K
  class space    used 11866K, committed 12928K, reserved 425984K
}
Event: 371.126 GC heap before
{Heap before GC invocations=30 (full 0):
 garbage-first heap   total 143360K, used 129818K [0x0000000080000000, 0x0000000100000000)
  region size 1024K, 44 young (45056K), 5 survivors (5120K)
 Metaspace       used 86016K, committed 88192K, reserved 557056K
  class space    used 12228K, committed 13312K, reserved 425984K
}
Event: 371.146 GC heap after
{Heap after GC invocations=31 (full 0):
 garbage-first heap   total 143360K, used 92137K [0x0000000080000000, 0x0000000100000000)
  region size 1024K, 6 young (6144K), 6 survivors (6144K)
 Metaspace       used 86016K, committed 88192K, reserved 557056K
  class space    used 12228K, committed 13312K, reserved 425984K
}
Event: 380.899 GC heap before
{Heap before GC invocations=31 (full 0):
 garbage-first heap   total 143360K, used 131049K [0x0000000080000000, 0x0000000100000000)
  region size 1024K, 44 young (45056K), 6 survivors (6144K)
 Metaspace       used 89210K, committed 91392K, reserved 557056K
  class space    used 12666K, committed 13760K, reserved 425984K
}
Event: 380.918 GC heap after
{Heap after GC invocations=32 (full 0):
 garbage-first heap   total 143360K, used 93893K [0x0000000080000000, 0x0000000100000000)
  region size 1024K, 4 young (4096K), 4 survivors (4096K)
 Metaspace       used 89210K, committed 91392K, reserved 557056K
  class space    used 12666K, committed 13760K, reserved 425984K
}
Event: 394.310 GC heap before
{Heap before GC invocations=33 (full 0):
 garbage-first heap   total 157696K, used 133829K [0x0000000080000000, 0x0000000100000000)
  region size 1024K, 43 young (44032K), 4 survivors (4096K)
 Metaspace       used 91174K, committed 93440K, reserved 557056K
  class space    used 12949K, committed 14080K, reserved 425984K
}
Event: 394.326 GC heap after
{Heap after GC invocations=34 (full 0):
 garbage-first heap   total 157696K, used 97877K [0x0000000080000000, 0x0000000100000000)
  region size 1024K, 6 young (6144K), 6 survivors (6144K)
 Metaspace       used 91174K, committed 93440K, reserved 557056K
  class space    used 12949K, committed 14080K, reserved 425984K
}
Event: 409.094 GC heap before
{Heap before GC invocations=34 (full 0):
 garbage-first heap   total 157696K, used 144981K [0x0000000080000000, 0x0000000100000000)
  region size 1024K, 52 young (53248K), 6 survivors (6144K)
 Metaspace       used 93159K, committed 95424K, reserved 557056K
  class space    used 13201K, committed 14336K, reserved 425984K
}
Event: 409.140 GC heap after
{Heap after GC invocations=35 (full 0):
 garbage-first heap   total 157696K, used 98936K [0x0000000080000000, 0x0000000100000000)
  region size 1024K, 3 young (3072K), 3 survivors (3072K)
 Metaspace       used 93159K, committed 95424K, reserved 557056K
  class space    used 13201K, committed 14336K, reserved 425984K
}
Event: 413.186 GC heap before
{Heap before GC invocations=35 (full 0):
 garbage-first heap   total 157696K, used 124536K [0x0000000080000000, 0x0000000100000000)
  region size 1024K, 29 young (29696K), 3 survivors (3072K)
 Metaspace       used 95135K, committed 97472K, reserved 557056K
  class space    used 13499K, committed 14656K, reserved 425984K
}
Event: 413.215 GC heap after
{Heap after GC invocations=36 (full 0):
 garbage-first heap   total 157696K, used 99591K [0x0000000080000000, 0x0000000100000000)
  region size 1024K, 3 young (3072K), 3 survivors (3072K)
 Metaspace       used 95135K, committed 97472K, reserved 557056K
  class space    used 13499K, committed 14656K, reserved 425984K
}
Event: 420.992 GC heap before
{Heap before GC invocations=37 (full 0):
 garbage-first heap   total 168960K, used 148743K [0x0000000080000000, 0x0000000100000000)
  region size 1024K, 50 young (51200K), 3 survivors (3072K)
 Metaspace       used 98890K, committed 101184K, reserved 557056K
  class space    used 14168K, committed 15296K, reserved 425984K
}
Event: 421.004 GC heap after
{Heap after GC invocations=38 (full 0):
 garbage-first heap   total 168960K, used 100978K [0x0000000080000000, 0x0000000100000000)
  region size 1024K, 5 young (5120K), 5 survivors (5120K)
 Metaspace       used 98890K, committed 101184K, reserved 557056K
  class space    used 14168K, committed 15296K, reserved 425984K
}

Dll operation events (20 events):
Event: 0.085 Attempting to load shared library C:\Users\user5\.vscode\extensions\redhat.java-1.56.0-win32-x64\jre\21.0.12.1-win32-x86_64\bin\zip.dll
Event: 0.085 Loaded shared library C:\Users\user5\.vscode\extensions\redhat.java-1.56.0-win32-x64\jre\21.0.12.1-win32-x86_64\bin\zip.dll
Event: 0.251 Attempting to load shared library C:\Users\user5\.vscode\extensions\redhat.java-1.56.0-win32-x64\jre\21.0.12.1-win32-x86_64\bin\jimage.dll
Event: 0.251 Loaded shared library C:\Users\user5\.vscode\extensions\redhat.java-1.56.0-win32-x64\jre\21.0.12.1-win32-x86_64\bin\jimage.dll
Event: 0.362 Attempting to load shared library C:\Users\user5\.vscode\extensions\redhat.java-1.56.0-win32-x64\jre\21.0.12.1-win32-x86_64\bin\verify.dll
Event: 0.362 Loaded shared library C:\Users\user5\.vscode\extensions\redhat.java-1.56.0-win32-x64\jre\21.0.12.1-win32-x86_64\bin\verify.dll
Event: 0.511 Attempting to load shared library D:\gradle_cache\native\1def1411415f61bf3af743bc5b6707747c0891f09f0c88961ee8f79bc544acac\windows-amd64\native-platform.dll
Event: 0.512 Loaded shared library D:\gradle_cache\native\1def1411415f61bf3af743bc5b6707747c0891f09f0c88961ee8f79bc544acac\windows-amd64\native-platform.dll
Event: 0.516 Attempting to load shared library D:\gradle_cache\native\0.2.5\x86_64-windows-gnu\gradle-fileevents.dll
Event: 0.516 Loaded shared library D:\gradle_cache\native\0.2.5\x86_64-windows-gnu\gradle-fileevents.dll
Event: 1.202 Attempting to load shared library C:\Users\user5\.vscode\extensions\redhat.java-1.56.0-win32-x64\jre\21.0.12.1-win32-x86_64\bin\management.dll
Event: 1.202 Loaded shared library C:\Users\user5\.vscode\extensions\redhat.java-1.56.0-win32-x64\jre\21.0.12.1-win32-x86_64\bin\management.dll
Event: 1.205 Attempting to load shared library C:\Users\user5\.vscode\extensions\redhat.java-1.56.0-win32-x64\jre\21.0.12.1-win32-x86_64\bin\management_ext.dll
Event: 1.206 Loaded shared library C:\Users\user5\.vscode\extensions\redhat.java-1.56.0-win32-x64\jre\21.0.12.1-win32-x86_64\bin\management_ext.dll
Event: 1.424 Attempting to load shared library C:\Users\user5\.vscode\extensions\redhat.java-1.56.0-win32-x64\jre\21.0.12.1-win32-x86_64\bin\extnet.dll
Event: 1.424 Loaded shared library C:\Users\user5\.vscode\extensions\redhat.java-1.56.0-win32-x64\jre\21.0.12.1-win32-x86_64\bin\extnet.dll
Event: 1.627 Attempting to load shared library C:\Users\user5\.vscode\extensions\redhat.java-1.56.0-win32-x64\jre\21.0.12.1-win32-x86_64\bin\sunmscapi.dll
Event: 1.629 Loaded shared library C:\Users\user5\.vscode\extensions\redhat.java-1.56.0-win32-x64\jre\21.0.12.1-win32-x86_64\bin\sunmscapi.dll
Event: 2.495 Attempting to load shared library D:\temp\native-platform2622782396876527068dir\gradle-fileevents.dll
Event: 2.577 Loaded shared library D:\temp\native-platform2622782396876527068dir\gradle-fileevents.dll

Deoptimization events (20 events):
Event: 424.154 Thread 0x0000023a7e535a80 DEOPT PACKING pc=0x0000023a085dab48 sp=0x0000007be19f6750
Event: 424.154 Thread 0x0000023a7e535a80 DEOPT UNPACKING pc=0x0000023a07d84422 sp=0x0000007be19f6620 mode 2
Event: 425.037 Thread 0x0000023a7e535a80 Uncommon trap: trap_request=0xffffffde fr.pc=0x0000023a08787e70 relative=0x0000000000000410
Event: 425.037 Thread 0x0000023a7e535a80 Uncommon trap: reason=class_check action=maybe_recompile pc=0x0000023a08787e70 method=java.lang.AbstractStringBuilder.append(Ljava/lang/CharSequence;)Ljava/lang/AbstractStringBuilder; @ 10 c2
Event: 425.037 Thread 0x0000023a7e535a80 DEOPT PACKING pc=0x0000023a08787e70 sp=0x0000007be19f5b40
Event: 425.037 Thread 0x0000023a7e535a80 DEOPT UNPACKING pc=0x0000023a07d84422 sp=0x0000007be19f5a40 mode 2
Event: 425.037 Thread 0x0000023a7e535a80 Uncommon trap: trap_request=0xffffffde fr.pc=0x0000023a08787e70 relative=0x0000000000000410
Event: 425.037 Thread 0x0000023a7e535a80 Uncommon trap: reason=class_check action=maybe_recompile pc=0x0000023a08787e70 method=java.lang.AbstractStringBuilder.append(Ljava/lang/CharSequence;)Ljava/lang/AbstractStringBuilder; @ 10 c2
Event: 425.037 Thread 0x0000023a7e535a80 DEOPT PACKING pc=0x0000023a08787e70 sp=0x0000007be19f5b40
Event: 425.038 Thread 0x0000023a7e535a80 DEOPT UNPACKING pc=0x0000023a07d84422 sp=0x0000007be19f5a40 mode 2
Event: 425.038 Thread 0x0000023a7e535a80 Uncommon trap: trap_request=0xffffffde fr.pc=0x0000023a08787e70 relative=0x0000000000000410
Event: 425.038 Thread 0x0000023a7e535a80 Uncommon trap: reason=class_check action=maybe_recompile pc=0x0000023a08787e70 method=java.lang.AbstractStringBuilder.append(Ljava/lang/CharSequence;)Ljava/lang/AbstractStringBuilder; @ 10 c2
Event: 425.038 Thread 0x0000023a7e535a80 DEOPT PACKING pc=0x0000023a08787e70 sp=0x0000007be19f5b40
Event: 425.038 Thread 0x0000023a7e535a80 DEOPT UNPACKING pc=0x0000023a07d84422 sp=0x0000007be19f5a40 mode 2
Event: 425.038 Thread 0x0000023a7e535a80 Uncommon trap: trap_request=0xffffffde fr.pc=0x0000023a08787e70 relative=0x0000000000000410
Event: 425.038 Thread 0x0000023a7e535a80 Uncommon trap: reason=class_check action=maybe_recompile pc=0x0000023a08787e70 method=java.lang.AbstractStringBuilder.append(Ljava/lang/CharSequence;)Ljava/lang/AbstractStringBuilder; @ 10 c2
Event: 425.038 Thread 0x0000023a7e535a80 DEOPT PACKING pc=0x0000023a08787e70 sp=0x0000007be19f5b40
Event: 425.038 Thread 0x0000023a7e535a80 DEOPT UNPACKING pc=0x0000023a07d84422 sp=0x0000007be19f5a40 mode 2
Event: 425.617 Thread 0x0000023a7e535a80 DEOPT PACKING pc=0x0000023a0000409f sp=0x0000007be19f62f0
Event: 425.617 Thread 0x0000023a7e535a80 DEOPT UNPACKING pc=0x0000023a07d84bc2 sp=0x0000007be19f57d8 mode 0

Classes loaded (20 events):
Event: 386.808 Loading class org/xml/sax/Attributes
Event: 386.809 Loading class org/xml/sax/Attributes done
Event: 393.700 Loading class java/util/AbstractList$ListItr
Event: 393.709 Loading class java/util/AbstractList$ListItr done
Event: 412.931 Loading class java/util/concurrent/atomic/AtomicIntegerArray
Event: 412.932 Loading class java/util/concurrent/atomic/AtomicIntegerArray done
Event: 412.952 Loading class java/util/Currency
Event: 412.965 Loading class java/util/Currency done
Event: 413.022 Loading class java/util/concurrent/atomic/AtomicLongArray
Event: 413.022 Loading class java/util/concurrent/atomic/AtomicLongArray done
Event: 413.809 Loading class sun/reflect/generics/repository/FieldRepository
Event: 413.809 Loading class sun/reflect/generics/repository/FieldRepository done
Event: 413.945 Loading class jdk/internal/vm/annotation/ForceInline
Event: 413.945 Loading class jdk/internal/vm/annotation/ForceInline done
Event: 422.922 Loading class java/net/Proxy
Event: 422.922 Loading class java/net/Proxy done
Event: 422.922 Loading class java/net/Proxy$Type
Event: 422.922 Loading class java/net/Proxy$Type done
Event: 423.501 Loading class java/io/FileReader
Event: 423.502 Loading class java/io/FileReader done

Classes unloaded (1 events):
Event: 144.095 Thread 0x0000023a7cb7a140 Unloading class 0x0000023a117bc400 'java/lang/invoke/LambdaForm$DMH+0x0000023a117bc400'

Classes redefined (0 events):
No events

Internal exceptions (20 events):
Event: 386.928 Thread 0x0000023a7e535a80 Exception <a 'java/lang/ClassNotFoundException'{0x0000000087adb130}: org/gradle/api/plugins/BasePluginConventionCustomizer> (0x0000000087adb130) 
thrown [s\src\hotspot\share\classfile\systemDictionary.cpp, line 313]
Event: 386.936 Thread 0x0000023a7e535a80 Exception <a 'java/lang/ClassNotFoundException'{0x0000000087900230}: org/gradle/api/internal/plugins/NaggingBasePluginConventionCustomizer> (0x0000000087900230) 
thrown [s\src\hotspot\share\classfile\systemDictionary.cpp, line 313]
Event: 386.996 Thread 0x0000023a7e535a80 Exception <a 'java/lang/ClassNotFoundException'{0x000000008794c520}: org/gradle/api/plugins/internal/NaggingJavaPluginConventionBeanInfo> (0x000000008794c520) 
thrown [s\src\hotspot\share\classfile\systemDictionary.cpp, line 313]
Event: 387.005 Thread 0x0000023a7e535a80 Exception <a 'java/lang/ClassNotFoundException'{0x0000000087965a10}: org/gradle/api/plugins/JavaPluginConventionBeanInfo> (0x0000000087965a10) 
thrown [s\src\hotspot\share\classfile\systemDictionary.cpp, line 313]
Event: 387.012 Thread 0x0000023a7e535a80 Exception <a 'java/lang/ClassNotFoundException'{0x000000008797eec0}: org/gradle/api/plugins/JavaPluginConventionCustomizer> (0x000000008797eec0) 
thrown [s\src\hotspot\share\classfile\systemDictionary.cpp, line 313]
Event: 387.032 Thread 0x0000023a7e535a80 Exception <a 'java/lang/ClassNotFoundException'{0x00000000879ad9b8}: org/gradle/api/plugins/internal/NaggingJavaPluginConventionCustomizer> (0x00000000879ad9b8) 
thrown [s\src\hotspot\share\classfile\systemDictionary.cpp, line 313]
Event: 387.298 Thread 0x0000023a7e535a80 Exception <a 'java/lang/ClassNotFoundException'{0x000000008782ab10}: org/gradle/plugin/software/internal/SoftwareFeaturesDynamicObject_DecoratedBeanInfo> (0x000000008782ab10) 
thrown [s\src\hotspot\share\classfile\systemDictionary.cpp, line 313]
Event: 387.306 Thread 0x0000023a7e535a80 Exception <a 'java/lang/ClassNotFoundException'{0x0000000087842240}: org/gradle/plugin/software/internal/SoftwareFeaturesDynamicObjectBeanInfo> (0x0000000087842240) 
thrown [s\src\hotspot\share\classfile\systemDictionary.cpp, line 313]
Event: 387.317 Thread 0x0000023a7e535a80 Exception <a 'java/lang/ClassNotFoundException'{0x0000000087859420}: org/gradle/internal/metaobject/AbstractDynamicObjectBeanInfo> (0x0000000087859420) 
thrown [s\src\hotspot\share\classfile\systemDictionary.cpp, line 313]
Event: 387.319 Thread 0x0000023a7e535a80 Exception <a 'java/lang/ClassNotFoundException'{0x0000000087870658}: org/gradle/internal/metaobject/AbstractDynamicObjectCustomizer> (0x0000000087870658) 
thrown [s\src\hotspot\share\classfile\systemDictionary.cpp, line 313]
Event: 387.337 Thread 0x0000023a7e535a80 Exception <a 'java/lang/ClassNotFoundException'{0x0000000087897c30}: org/gradle/plugin/software/internal/SoftwareFeaturesDynamicObjectCustomizer> (0x0000000087897c30) 
thrown [s\src\hotspot\share\classfile\systemDictionary.cpp, line 313]
Event: 387.358 Thread 0x0000023a7e535a80 Exception <a 'java/lang/ClassNotFoundException'{0x00000000878b6a90}: org/gradle/plugin/software/internal/SoftwareFeaturesDynamicObject_DecoratedCustomizer> (0x00000000878b6a90) 
thrown [s\src\hotspot\share\classfile\systemDictionary.cpp, line 313]
Event: 387.472 Thread 0x0000023a7e535a80 Exception <a 'java/lang/NoSuchMethodError'{0x00000000878f8cd0}: 'java.lang.Object java.lang.invoke.DirectMethodHandle$Holder.newInvokeSpecial(java.lang.Object, java.lang.Object, java.lang.Object, java.lang.Object, java.lang.Object, java.lang.Object, java.lang.Object, java.lang.Object, java.lang.Object, java.lang.Object, java.lang.Object, java.lang.Object, java.lang.Object, java.lang.Object, java.lang.Object, java.lang.Object, java.lang.Object, java.lang.Object)'> (0x00000000878f8cd0) 
thrown [s\src\hotspot
Event: 387.488 Thread 0x0000023a7e535a80 Exception <a 'java/lang/NoSuchMethodError'{0x0000000087700230}: 'java.lang.Object java.lang.invoke.DirectMethodHandle$Holder.invokeSpecial(java.lang.Object, java.lang.Object, java.lang.Object, java.lang.Object, java.lang.Object, java.lang.Object, java.lang.Object, java.lang.Object, java.lang.Object, java.lang.Object, java.lang.Object, java.lang.Object, java.lang.Object, java.lang.Object, java.lang.Object, java.lang.Object, java.lang.Object, java.lang.Object, java.lang.Object)'> (0x0000000087700230) 
thrown
Event: 387.499 Thread 0x0000023a7e535a80 Exception <a 'java/lang/NoSuchMethodError'{0x00000000877063a8}: 'java.lang.Object java.lang.invoke.DelegatingMethodHandle$Holder.reinvoke_L(java.lang.Object, java.lang.Object, java.lang.Object, java.lang.Object, java.lang.Object, java.lang.Object, java.lang.Object, java.lang.Object, java.lang.Object, java.lang.Object, java.lang.Object, java.lang.Object, java.lang.Object, java.lang.Object, java.lang.Object, java.lang.Object, java.lang.Object, java.lang.Object)'> (0x00000000877063a8) 
thrown [s\src\hotspot\s
Event: 409.151 Thread 0x0000023a7e535a80 Exception <a 'java/lang/NoSuchMethodError'{0x00000000ffa414f0}: 'java.lang.Object java.lang.invoke.DirectMethodHandle$Holder.newInvokeSpecial(java.lang.Object, java.lang.Object, java.lang.Object, java.lang.Object, java.lang.Object, java.lang.Object, java.lang.Object, java.lang.Object, java.lang.Object, java.lang.Object, java.lang.Object, java.lang.Object, java.lang.Object, java.lang.Object)'> (0x00000000ffa414f0) 
thrown [s\src\hotspot\share\interpreter\linkResolver.cpp, line 773]
Event: 413.962 Thread 0x0000023a7e535a80 Exception <a 'java/lang/NoSuchMethodError'{0x0000000089728990}: 'void java.lang.invoke.Invokers$Holder.invokeExact_MT(java.lang.Object, java.lang.Object, java.lang.Object, java.lang.Object)'> (0x0000000089728990) 
thrown [s\src\hotspot\share\interpreter\linkResolver.cpp, line 773]
Event: 419.056 Thread 0x0000023a7e535a80 Implicit null exception at 0x0000023a08342628 to 0x0000023a0834435c
Event: 423.967 Thread 0x0000023a7e535a80 Exception <a 'java/lang/NoSuchMethodError'{0x0000000088747ba8}: 'void java.lang.invoke.DelegatingMethodHandle$Holder.reinvoke_L(java.lang.Object, java.lang.Object, int)'> (0x0000000088747ba8) 
thrown [s\src\hotspot\share\interpreter\linkResolver.cpp, line 773]
Event: 423.968 Thread 0x0000023a7e535a80 Exception <a 'java/lang/NoSuchMethodError'{0x000000008874f780}: 'void java.lang.invoke.Invokers$Holder.invokeExact_MT(java.lang.Object, java.lang.Object, int, java.lang.Object)'> (0x000000008874f780) 
thrown [s\src\hotspot\share\interpreter\linkResolver.cpp, line 773]

ZGC Phase Switch (0 events):
No events

VM Operations (20 events):
Event: 420.719 Executing safepoint VM operation: Cleanup
Event: 420.735 Executing safepoint VM operation: Cleanup done
Event: 420.885 Executing non-safepoint VM operation: HandshakeAllThreads (HandshakeForDeflation)
Event: 420.885 Executing non-safepoint VM operation: HandshakeAllThreads (HandshakeForDeflation) done
Event: 420.885 Executing non-safepoint VM operation: RendezvousGCThreads
Event: 420.885 Executing non-safepoint VM operation: RendezvousGCThreads done
Event: 420.992 Executing safepoint VM operation: G1CollectForAllocation (G1 Evacuation Pause)
Event: 421.004 Executing safepoint VM operation: G1CollectForAllocation (G1 Evacuation Pause) done
Event: 422.011 Executing safepoint VM operation: Cleanup
Event: 422.011 Executing safepoint VM operation: Cleanup done
Event: 423.023 Executing safepoint VM operation: Cleanup
Event: 423.023 Executing safepoint VM operation: Cleanup done
Event: 423.489 Executing non-safepoint VM operation: HandshakeAllThreads (Deoptimize)
Event: 423.489 Executing non-safepoint VM operation: HandshakeAllThreads (Deoptimize) done
Event: 423.504 Executing non-safepoint VM operation: HandshakeAllThreads (Deoptimize)
Event: 423.504 Executing non-safepoint VM operation: HandshakeAllThreads (Deoptimize) done
Event: 424.504 Executing safepoint VM operation: Cleanup
Event: 424.504 Executing safepoint VM operation: Cleanup done
Event: 425.515 Executing safepoint VM operation: Cleanup
Event: 425.531 Executing safepoint VM operation: Cleanup done

Memory protections (0 events):
No events

Nmethod flushes (20 events):
Event: 413.548 Thread 0x0000023a7cb7a140 flushing  nmethod 0x0000023a0839b990
Event: 413.548 Thread 0x0000023a7cb7a140 flushing  nmethod 0x0000023a083e8790
Event: 413.548 Thread 0x0000023a7cb7a140 flushing  nmethod 0x0000023a08476d90
Event: 413.548 Thread 0x0000023a7cb7a140 flushing  nmethod 0x0000023a08589a10
Event: 413.548 Thread 0x0000023a7cb7a140 flushing  nmethod 0x0000023a08626410
Event: 413.548 Thread 0x0000023a7cb7a140 flushing  nmethod 0x0000023a00053d90
Event: 413.548 Thread 0x0000023a7cb7a140 flushing  nmethod 0x0000023a00055410
Event: 413.548 Thread 0x0000023a7cb7a140 flushing  nmethod 0x0000023a00466090
Event: 413.548 Thread 0x0000023a7cb7a140 flushing  nmethod 0x0000023a00539c90
Event: 413.548 Thread 0x0000023a7cb7a140 flushing  nmethod 0x0000023a006ce090
Event: 413.548 Thread 0x0000023a7cb7a140 flushing  nmethod 0x0000023a006ce510
Event: 413.548 Thread 0x0000023a7cb7a140 flushing  nmethod 0x0000023a006ced90
Event: 413.548 Thread 0x0000023a7cb7a140 flushing  nmethod 0x0000023a00734690
Event: 413.548 Thread 0x0000023a7cb7a140 flushing  nmethod 0x0000023a00a03f10
Event: 413.548 Thread 0x0000023a7cb7a140 flushing  nmethod 0x0000023a00ab4d90
Event: 413.548 Thread 0x0000023a7cb7a140 flushing  nmethod 0x0000023a00b16490
Event: 413.548 Thread 0x0000023a7cb7a140 flushing  nmethod 0x0000023a00d73710
Event: 413.548 Thread 0x0000023a7cb7a140 flushing  nmethod 0x0000023a00d74690
Event: 413.548 Thread 0x0000023a7cb7a140 flushing  nmethod 0x0000023a00d75090
Event: 413.548 Thread 0x0000023a7cb7a140 flushing  nmethod 0x0000023a00d75a90

Events (20 events):
Event: 276.528 Thread 0x0000023a7e535a80 Thread added: 0x0000023a308d4710
Event: 276.550 Thread 0x0000023a7e535a80 Thread added: 0x0000023a308d8220
Event: 276.552 Thread 0x0000023a7e535a80 Thread added: 0x0000023a308d5430
Event: 276.584 Thread 0x0000023a7e535a80 Thread added: 0x0000023a30591410
Event: 276.587 Thread 0x0000023a7e535a80 Thread added: 0x0000023a30590060
Event: 278.659 Thread 0x0000023a7e535a80 Thread added: 0x0000023a305906f0
Event: 278.660 Thread 0x0000023a7e535a80 Thread added: 0x0000023a30594200
Event: 278.671 Thread 0x0000023a7e535a80 Thread added: 0x0000023a305927c0
Event: 278.687 Thread 0x0000023a7e535a80 Thread added: 0x0000023a30592130
Event: 278.688 Thread 0x0000023a7e535a80 Thread added: 0x0000023a30592e50
Event: 278.729 Thread 0x0000023a7e535a80 Thread added: 0x0000023a30590d80
Event: 278.730 Thread 0x0000023a7e535a80 Thread added: 0x0000023a305934e0
Event: 278.731 Thread 0x0000023a7e535a80 Thread added: 0x0000023a30593b70
Event: 278.731 Thread 0x0000023a7e535a80 Thread added: 0x0000023a30594890
Event: 278.751 Thread 0x0000023a7e535a80 Thread added: 0x0000023a30594f20
Event: 278.752 Thread 0x0000023a7e535a80 Thread added: 0x0000023a30591aa0
Event: 327.526 Thread 0x0000023a2f7b94c0 Thread exited: 0x0000023a2f7b94c0
Event: 376.261 Thread 0x0000023a7e535a80 Thread added: 0x0000023a30f273f0
Event: 384.301 Thread 0x0000023a7e5367a0 Thread exited: 0x0000023a7e5367a0
Event: 390.406 Thread 0x0000023a7e534d60 Thread added: 0x0000023a30595c40


Dynamic libraries:
0x00007ff7a95b0000 - 0x00007ff7a95be000 	C:\Users\user5\.vscode\extensions\redhat.java-1.56.0-win32-x64\jre\21.0.12.1-win32-x86_64\bin\java.exe
0x00007ff8236e0000 - 0x00007ff823947000 	C:\WINDOWS\SYSTEM32\ntdll.dll
0x00007ff822840000 - 0x00007ff82290b000 	C:\WINDOWS\System32\KERNEL32.DLL
0x00007ff820b10000 - 0x00007ff820f12000 	C:\WINDOWS\System32\KERNELBASE.dll
0x00007ff8212a0000 - 0x00007ff8213ec000 	C:\WINDOWS\System32\ucrtbase.dll
0x00007ff813580000 - 0x00007ff81359e000 	C:\Users\user5\.vscode\extensions\redhat.java-1.56.0-win32-x64\jre\21.0.12.1-win32-x86_64\bin\VCRUNTIME140.dll
0x00007ff810520000 - 0x00007ff810538000 	C:\Users\user5\.vscode\extensions\redhat.java-1.56.0-win32-x64\jre\21.0.12.1-win32-x86_64\bin\jli.dll
0x00007ff822450000 - 0x00007ff82261f000 	C:\WINDOWS\System32\USER32.dll
0x00007ff800850000 - 0x00007ff800ae0000 	C:\WINDOWS\WinSxS\amd64_microsoft.windows.common-controls_6595b64144ccf1df_6.0.26100.9278_none_3e0d1ba8e3303201\COMCTL32.dll
0x00007ff820f20000 - 0x00007ff820f47000 	C:\WINDOWS\System32\win32u.dll
0x00007ff822910000 - 0x00007ff8229b9000 	C:\WINDOWS\System32\msvcrt.dll
0x00007ff822760000 - 0x00007ff82278b000 	C:\WINDOWS\System32\GDI32.dll
0x00007ff820f50000 - 0x00007ff821079000 	C:\WINDOWS\System32\gdi32full.dll
0x00007ff820a60000 - 0x00007ff820b03000 	C:\WINDOWS\System32\msvcp_win.dll
0x00007ff821400000 - 0x00007ff821431000 	C:\WINDOWS\System32\IMM32.DLL
0x00007ff818840000 - 0x00007ff81884c000 	C:\Users\user5\.vscode\extensions\redhat.java-1.56.0-win32-x64\jre\21.0.12.1-win32-x86_64\bin\vcruntime140_1.dll
0x00007fffefad0000 - 0x00007fffefb5d000 	C:\Users\user5\.vscode\extensions\redhat.java-1.56.0-win32-x64\jre\21.0.12.1-win32-x86_64\bin\msvcp140.dll
0x00007fff950e0000 - 0x00007fff95e82000 	C:\Users\user5\.vscode\extensions\redhat.java-1.56.0-win32-x64\jre\21.0.12.1-win32-x86_64\bin\server\jvm.dll
0x00007ff822680000 - 0x00007ff82273c000 	C:\WINDOWS\System32\ADVAPI32.dll
0x00007ff8234d0000 - 0x00007ff823579000 	C:\WINDOWS\System32\sechost.dll
0x00007ff823580000 - 0x00007ff823698000 	C:\WINDOWS\System32\RPCRT4.dll
0x00007ff8227b0000 - 0x00007ff822830000 	C:\WINDOWS\System32\WS2_32.dll
0x00007ff81ffb0000 - 0x00007ff82000e000 	C:\WINDOWS\SYSTEM32\POWRPROF.dll
0x00007ff8142c0000 - 0x00007ff8142cb000 	C:\WINDOWS\SYSTEM32\VERSION.dll
0x00007ff80c220000 - 0x00007ff80c256000 	C:\WINDOWS\SYSTEM32\WINMM.dll
0x00007ff81ff70000 - 0x00007ff81ff85000 	C:\WINDOWS\SYSTEM32\UMPDC.dll
0x00007ff81f5b0000 - 0x00007ff81f5cb000 	C:\WINDOWS\SYSTEM32\kernel.appcore.dll
0x00007ff816440000 - 0x00007ff81644a000 	C:\Users\user5\.vscode\extensions\redhat.java-1.56.0-win32-x64\jre\21.0.12.1-win32-x86_64\bin\jimage.dll
0x00007ff81de40000 - 0x00007ff81e08c000 	C:\WINDOWS\SYSTEM32\DBGHELP.DLL
0x00007ff8215c0000 - 0x00007ff821945000 	C:\WINDOWS\System32\combase.dll
0x00007ff821950000 - 0x00007ff821a29000 	C:\WINDOWS\System32\OLEAUT32.dll
0x00007ffff9420000 - 0x00007ffff945b000 	C:\WINDOWS\SYSTEM32\dbgcore.DLL
0x00007ff8208e0000 - 0x00007ff82098c000 	C:\WINDOWS\System32\bcryptPrimitives.dll
0x00007ff804240000 - 0x00007ff80424f000 	C:\Users\user5\.vscode\extensions\redhat.java-1.56.0-win32-x64\jre\21.0.12.1-win32-x86_64\bin\instrument.dll
0x00007ff801b30000 - 0x00007ff801b50000 	C:\Users\user5\.vscode\extensions\redhat.java-1.56.0-win32-x64\jre\21.0.12.1-win32-x86_64\bin\java.dll
0x00007ff822d30000 - 0x00007ff8234c8000 	C:\WINDOWS\System32\SHELL32.dll
0x00007ff81e340000 - 0x00007ff81ebee000 	C:\WINDOWS\SYSTEM32\windows.storage.dll
0x00007ff822b30000 - 0x00007ff822c2b000 	C:\WINDOWS\System32\SHCORE.dll
0x00007ff822ac0000 - 0x00007ff822b26000 	C:\WINDOWS\System32\shlwapi.dll
0x00007ff820800000 - 0x00007ff820829000 	C:\WINDOWS\SYSTEM32\profapi.dll
0x00007ffffca20000 - 0x00007ffffca38000 	C:\Users\user5\.vscode\extensions\redhat.java-1.56.0-win32-x64\jre\21.0.12.1-win32-x86_64\bin\zip.dll
0x00007ff8047d0000 - 0x00007ff8047e0000 	C:\Users\user5\.vscode\extensions\redhat.java-1.56.0-win32-x64\jre\21.0.12.1-win32-x86_64\bin\net.dll
0x00007ff816de0000 - 0x00007ff816f0a000 	C:\WINDOWS\SYSTEM32\WINHTTP.dll
0x00007ff81fbe0000 - 0x00007ff81fc4c000 	C:\WINDOWS\system32\mswsock.dll
0x00007ffffc410000 - 0x00007ffffc426000 	C:\Users\user5\.vscode\extensions\redhat.java-1.56.0-win32-x64\jre\21.0.12.1-win32-x86_64\bin\nio.dll
0x00007ff8039a0000 - 0x00007ff8039b0000 	C:\Users\user5\.vscode\extensions\redhat.java-1.56.0-win32-x64\jre\21.0.12.1-win32-x86_64\bin\verify.dll
0x00007ffffbfd0000 - 0x00007ffffbff7000 	D:\gradle_cache\native\1def1411415f61bf3af743bc5b6707747c0891f09f0c88961ee8f79bc544acac\windows-amd64\native-platform.dll
0x000000006bd40000 - 0x000000006bdb3000 	D:\gradle_cache\native\0.2.5\x86_64-windows-gnu\gradle-fileevents.dll
0x00007ff8163f0000 - 0x00007ff8163fa000 	C:\Users\user5\.vscode\extensions\redhat.java-1.56.0-win32-x64\jre\21.0.12.1-win32-x86_64\bin\management.dll
0x00007ff8163e0000 - 0x00007ff8163ec000 	C:\Users\user5\.vscode\extensions\redhat.java-1.56.0-win32-x64\jre\21.0.12.1-win32-x86_64\bin\management_ext.dll
0x00007ff822440000 - 0x00007ff822448000 	C:\WINDOWS\System32\PSAPI.DLL
0x00007ff81fef0000 - 0x00007ff81ff0b000 	C:\WINDOWS\SYSTEM32\CRYPTSP.dll
0x00007ff81f510000 - 0x00007ff81f549000 	C:\WINDOWS\system32\rsaenh.dll
0x00007ff81fc90000 - 0x00007ff81fcc4000 	C:\WINDOWS\SYSTEM32\USERENV.dll
0x00007ff8207d0000 - 0x00007ff8207fa000 	C:\WINDOWS\SYSTEM32\bcrypt.dll
0x00007ff81ff10000 - 0x00007ff81ff1c000 	C:\WINDOWS\SYSTEM32\CRYPTBASE.dll
0x00007ff81efb0000 - 0x00007ff81efe3000 	C:\WINDOWS\SYSTEM32\IPHLPAPI.DLL
0x00007ff822750000 - 0x00007ff82275a000 	C:\WINDOWS\System32\NSI.dll
0x00007ffffce70000 - 0x00007ffffce79000 	C:\Users\user5\.vscode\extensions\redhat.java-1.56.0-win32-x64\jre\21.0.12.1-win32-x86_64\bin\extnet.dll
0x00007ffffa2f0000 - 0x00007ffffa2fe000 	C:\Users\user5\.vscode\extensions\redhat.java-1.56.0-win32-x64\jre\21.0.12.1-win32-x86_64\bin\sunmscapi.dll
0x00007ff821080000 - 0x00007ff8211fe000 	C:\WINDOWS\System32\CRYPT32.dll
0x00007ff8201c0000 - 0x00007ff8201f0000 	C:\WINDOWS\SYSTEM32\ncrypt.dll
0x00007ff820170000 - 0x00007ff8201af000 	C:\WINDOWS\SYSTEM32\NTASN1.dll
0x00007ff813c90000 - 0x00007ff813c98000 	C:\WINDOWS\system32\wshunix.dll
0x000000006b490000 - 0x000000006b503000 	D:\temp\native-platform2622782396876527068dir\gradle-fileevents.dll

JVMTI agents:
D:\gradle_cache\wrapper\dists\gradle-8.12-all\ejduaidbjup3bmmkhw3rie4zb\gradle-8.12\lib\agents\gradle-instrumentation-agent-8.12.jar path:C:\Users\user5\.vscode\extensions\redhat.java-1.56.0-win32-x64\jre\21.0.12.1-win32-x86_64\bin\instrument.dll, loaded, initialized, instrumentlib options:none

dbghelp: loaded successfully - version: 4.0.5 - missing functions: none
symbol engine: initialized successfully - sym options: 0x614 - pdb path: .;C:\Users\user5\.vscode\extensions\redhat.java-1.56.0-win32-x64\jre\21.0.12.1-win32-x86_64\bin;C:\WINDOWS\SYSTEM32;C:\WINDOWS\WinSxS\amd64_microsoft.windows.common-controls_6595b64144ccf1df_6.0.26100.9278_none_3e0d1ba8e3303201;C:\Users\user5\.vscode\extensions\redhat.java-1.56.0-win32-x64\jre\21.0.12.1-win32-x86_64\bin\server;D:\gradle_cache\native\1def1411415f61bf3af743bc5b6707747c0891f09f0c88961ee8f79bc544acac\windows-amd64;D:\gradle_cache\native\0.2.5\x86_64-windows-gnu;D:\temp\native-platform2622782396876527068dir

VM Arguments:
jvm_args: --add-opens=java.base/java.lang=ALL-UNNAMED --add-opens=java.base/java.lang.invoke=ALL-UNNAMED --add-opens=java.base/java.util=ALL-UNNAMED --add-opens=java.prefs/java.util.prefs=ALL-UNNAMED --add-exports=jdk.compiler/com.sun.tools.javac.api=ALL-UNNAMED --add-exports=jdk.compiler/com.sun.tools.javac.util=ALL-UNNAMED --add-opens=java.base/java.util=ALL-UNNAMED --add-opens=java.prefs/java.util.prefs=ALL-UNNAMED --add-opens=java.base/java.nio.charset=ALL-UNNAMED --add-opens=java.base/java.net=ALL-UNNAMED --add-opens=java.base/java.util.concurrent.atomic=ALL-UNNAMED --add-opens=java.xml/javax.xml.namespace=ALL-UNNAMED -XX:MaxMetaspaceSize=512m -XX:ReservedCodeCacheSize=256m -XX:+HeapDumpOnOutOfMemoryError -Xmx2G -Dfile.encoding=UTF-8 -Duser.country=IN -Duser.language=en -Duser.variant -javaagent:D:\gradle_cache\wrapper\dists\gradle-8.12-all\ejduaidbjup3bmmkhw3rie4zb\gradle-8.12\lib\agents\gradle-instrumentation-agent-8.12.jar 
java_command: org.gradle.launcher.daemon.bootstrap.GradleDaemon 8.12
java_class_path (initial): D:\gradle_cache\wrapper\dists\gradle-8.12-all\ejduaidbjup3bmmkhw3rie4zb\gradle-8.12\lib\gradle-daemon-main-8.12.jar
Launcher Type: SUN_STANDARD

[Global flags]
     intx CICompilerCount                          = 4                                         {product} {ergonomic}
   size_t CompressedClassSpaceSize                 = 436207616                                 {product} {ergonomic}
     uint ConcGCThreads                            = 3                                         {product} {ergonomic}
     uint G1ConcRefinementThreads                  = 10                                        {product} {ergonomic}
   size_t G1HeapRegionSize                         = 1048576                                   {product} {ergonomic}
    uintx GCDrainStackTargetSize                   = 64                                        {product} {ergonomic}
     bool HeapDumpOnOutOfMemoryError               = true                                   {manageable} {command line}
   size_t InitialHeapSize                          = 130023424                                 {product} {ergonomic}
   size_t MarkStackSize                            = 4194304                                   {product} {ergonomic}
   size_t MaxHeapSize                              = 2147483648                                {product} {command line}
   size_t MaxMetaspaceSize                         = 536870912                                 {product} {command line}
   size_t MaxNewSize                               = 1287651328                                {product} {ergonomic}
   size_t MinHeapDeltaBytes                        = 1048576                                   {product} {ergonomic}
   size_t MinHeapSize                              = 8388608                                   {product} {ergonomic}
    uintx NonNMethodCodeHeapSize                   = 5839372                                {pd product} {ergonomic}
    uintx NonProfiledCodeHeapSize                  = 131298042                              {pd product} {ergonomic}
    uintx ProfiledCodeHeapSize                     = 131298042                              {pd product} {ergonomic}
    uintx ReservedCodeCacheSize                    = 268435456                              {pd product} {command line}
     bool SegmentedCodeCache                       = true                                      {product} {ergonomic}
   size_t SoftMaxHeapSize                          = 2147483648                             {manageable} {ergonomic}
     bool UseCompressedOops                        = true                           {product lp64_product} {ergonomic}
     bool UseG1GC                                  = true                                      {product} {ergonomic}
     bool UseLargePagesIndividualAllocation        = false                                  {pd product} {ergonomic}

Logging:
Log output configuration:
 #0: stdout all=warning uptime,level,tags foldmultilines=false
 #1: stderr all=off uptime,level,tags foldmultilines=false

Release file:
JAVA_VERSION="21.0.12.1" 
MODULES="java.base java.compiler java.datatransfer java.xml java.prefs java.desktop java.instrument java.logging java.management java.security.sasl java.naming java.rmi java.management.rmi java.net.http java.scripting java.security.jgss java.transaction.xa java.sql java.sql.rowset java.xml.crypto java.se java.smartcardio jdk.accessibility jdk.internal.jvmstat jdk.attach jdk.charsets jdk.internal.opt jdk.zipfs jdk.compiler jdk.crypto.ec jdk.crypto.cryptoki jdk.crypto.mscapi jdk.dynalink jdk.internal.ed jdk.editpad jdk.hotspot.agent jdk.httpserver jdk.internal.le jdk.internal.vm.ci jdk.internal.vm.compiler jdk.internal.vm.compiler.management jdk.jartool jdk.javadoc jdk.jcmd jdk.management jdk.management.agent jdk.jconsole jdk.jdeps jdk.jdwp.agent jdk.jdi jdk.jfr jdk.jshell jdk.jsobject jdk.jstatd jdk.localedata jdk.management.jfr jdk.naming.dns jdk.naming.rmi jdk.net jdk.nio.mapmode jdk.random jdk.sctp jdk.security.auth jdk.security.jgss jdk.unsupported jdk.unsupported.desktop jdk.xml.dom" 

Environment Variables:
PATH=C:\Program Files\Common Files\Oracle\Java\javapath;C:\windows\system32;C:\windows;C:\windows\System32\Wbem;C:\windows\System32\WindowsPowerShell\v1.0\;C:\windows\System32\OpenSSH\;C:\Program Files (x86)\NVIDIA Corporation\PhysX\Common;C:\Program Files\NVIDIA Corporation\NVIDIA NvDLISR;C:\Users\Administrator\AppData\Local\Microsoft\WindowsApps;C:\Program Files\HP\OMEN-Broadcast\Common;C:\WINDOWS\system32;C:\WINDOWS;C:\WINDOWS\System32\Wbem;C:\WINDOWS\System32\WindowsPowerShell\v1.0\;C:\WINDOWS\System32\OpenSSH\;C:\src\flutter\bin;C:\Users\user5\AppData\Local\Android\Sdk\platform-tools;C:\Program Files\MySQL\MySQL Server 8.0\bin;C:\Program Files\Git\cmd;C:\Program Files\Git\mingw64\bin;C:\src\flutter\bin;C:\Program Files\Git\usr\bin;C:\Program Files\nodejs\;C:\Program Files\MySQL\MySQL Shell 8.0\bin\;C:\Users\user5\AppData\Local\Microsoft\WindowsApps;C:\Users\user5\AppData\Local\Programs\Microsoft VS Code\bin;C:\MinGW\bin;C:\Program Files\JetBrains\IntelliJ IDEA Community Edition 2025.1.1.1\bin;C:\Program Files\Git\cmd;;C:\Users\user5\AppData\Local\Programs\Antigravity IDE\bin;C:\Users\user5\AppData\Roaming\npm
USERNAME=User
OS=Windows_NT
PROCESSOR_IDENTIFIER=Intel64 Family 6 Model 154 Stepping 3, GenuineIntel
TMP=D:\temp
TEMP=D:\temp




Periodic native trim disabled

---------------  S Y S T E M  ---------------

OS:
 Windows 11 , 64 bit Build 26100 (10.0.26100.9444)
OS uptime: 0 days 2:19 hours
Hyper-V role detected

CPU: total 12 (initial active 12) (6 cores per cpu, 2 threads per core) family 6 model 154 stepping 3 microcode 0x435, cx8, cmov, fxsr, ht, mmx, 3dnowpref, sse, sse2, sse3, ssse3, sse4.1, sse4.2, popcnt, lzcnt, tsc, tscinvbit, avx, avx2, aes, erms, clmul, bmi1, bmi2, adx, sha, fma, vzeroupper, clflush, clflushopt, clwb, hv, serialize, rdtscp, rdpid, fsrm, f16c, cet_ibt, cet_ss
Processor Information for the first 12 processors :
  Max Mhz: 2000, Current Mhz: 2000, Mhz Limit: 2000

Memory: 4k page, system-wide physical 7832M (168M free)
TotalPageFile size 28212M (AvailPageFile size 2M)
current process WorkingSet (physical memory assigned to process): 301M, peak: 318M
current process commit charge ("private bytes"): 475M, peak: 493M

vm_info: OpenJDK 64-Bit Server VM (21.0.12.1+1-LTS) for windows-amd64 JRE (21.0.12.1+1-LTS), built on 2026-08-18T00:00:00Z by "admin" with MS VC++ 17.12 (VS2022)

END.
