#
# There is insufficient memory for the Java Runtime Environment to continue.
# Native memory allocation (malloc) failed to allocate 817776 bytes. Error detail: Chunk::new
# Possible reasons:
#   The system is out of physical RAM or swap space
#   This process is running with CompressedOops enabled, and the Java Heap may be blocking the growth of the native heap
# Possible solutions:
#   Reduce memory load on the system
#   Increase physical memory or swap space
#   Check if swap backing store is full
#   Decrease Java heap size (-Xmx/-Xms)
#   Decrease number of Java threads
#   Decrease Java thread stack sizes (-Xss)
#   Set larger code cache with -XX:ReservedCodeCacheSize=
#   JVM is running with Unscaled Compressed Oops mode in which the Java heap is
#     placed in the first 4GB address space. The Java Heap base address is the
#     maximum limit for the native heap growth. Please use -XX:HeapBaseMinAddress
#     to set the Java Heap base and to place the Java Heap above 4GB virtual address.
# This output file may be truncated or incomplete.
#
#  Out of Memory Error (arena.cpp:168), pid=15976, tid=34676
#
# JRE version: OpenJDK Runtime Environment Temurin-21.0.12.1+1 (21.0.12.1+1) (build 21.0.12.1+1-LTS)
# Java VM: OpenJDK 64-Bit Server VM Temurin-21.0.12.1+1 (21.0.12.1+1-LTS, mixed mode, sharing, tiered, compressed oops, compressed class ptrs, g1 gc, windows-amd64)
# No core dump will be written. Minidumps are not enabled by default on client versions of Windows
#

---------------  S U M M A R Y ------------

Command Line: --add-opens=java.base/java.lang=ALL-UNNAMED --add-opens=java.base/java.lang.invoke=ALL-UNNAMED --add-opens=java.base/java.util=ALL-UNNAMED --add-opens=java.prefs/java.util.prefs=ALL-UNNAMED --add-exports=jdk.compiler/com.sun.tools.javac.api=ALL-UNNAMED --add-exports=jdk.compiler/com.sun.tools.javac.util=ALL-UNNAMED --add-opens=java.base/java.util=ALL-UNNAMED --add-opens=java.prefs/java.util.prefs=ALL-UNNAMED --add-opens=java.base/java.nio.charset=ALL-UNNAMED --add-opens=java.base/java.net=ALL-UNNAMED --add-opens=java.base/java.util.concurrent.atomic=ALL-UNNAMED --add-opens=java.xml/javax.xml.namespace=ALL-UNNAMED -XX:MaxMetaspaceSize=512m -XX:ReservedCodeCacheSize=256m -XX:+HeapDumpOnOutOfMemoryError -Xmx2G -Dfile.encoding=UTF-8 -Duser.country=IN -Duser.language=en -Duser.variant -javaagent:D:\gradle_cache\wrapper\dists\gradle-8.12-all\ejduaidbjup3bmmkhw3rie4zb\gradle-8.12\lib\agents\gradle-instrumentation-agent-8.12.jar org.gradle.launcher.daemon.bootstrap.GradleDaemon 8.12

Host: 12th Gen Intel(R) Core(TM) i5-12450H, 12 cores, 7G,  Windows 11 , 64 bit Build 26100 (10.0.26100.9444)
Time: Sun Sep 13 17:00:31 2026 India Standard Time elapsed time: 203.849719 seconds (0d 0h 3m 23s)

---------------  T H R E A D  ---------------

Current thread (0x000001ed7b77dd30):  JavaThread "C2 CompilerThread0" daemon [_thread_in_native, id=34676, stack(0x000000963fe00000,0x000000963ff00000) (1024K)]


Current CompileTask:
C2:203849 13467       4       java.lang.reflect.Method::getGenericInfo (28 bytes)

Stack: [0x000000963fe00000,0x000000963ff00000]
Native frames: (J=compiled Java code, j=interpreted, Vv=VM code, C=native code)
V  [jvm.dll+0x6d83e9]
V  [jvm.dll+0x8b5736]
V  [jvm.dll+0x8b7cee]
V  [jvm.dll+0x8b83d3]
V  [jvm.dll+0x284596]
V  [jvm.dll+0xc685d]
V  [jvm.dll+0xc6da1]
V  [jvm.dll+0x3bf151]
V  [jvm.dll+0x38b6d2]
V  [jvm.dll+0x38ab1a]
V  [jvm.dll+0x24c700]
V  [jvm.dll+0x24bce0]
V  [jvm.dll+0x1cb4ae]
V  [jvm.dll+0x25baad]
V  [jvm.dll+0x25a03a]
V  [jvm.dll+0x3f8aae]
V  [jvm.dll+0x8600cd]
V  [jvm.dll+0x6d6c1d]
C  [ucrtbase.dll+0x2cd30]
C  [KERNEL32.DLL+0x2cd87]
C  [ntdll.dll+0xacaec]


---------------  P R O C E S S  ---------------

Threads class SMR info:
_java_thread_list=0x000001ed34ef0a10, length=151, elements={
0x000001ed72c8d830, 0x000001ed7b76e160, 0x000001ed7b76edc0, 0x000001ed7b775610,
0x000001ed7b776680, 0x000001ed7b7770e0, 0x000001ed7b778860, 0x000001ed7b77dd30,
0x000001ed2f01c7d0, 0x000001ed2f1d2730, 0x000001ed2f27bf80, 0x000001ed3062ca60,
0x000001ed30436260, 0x000001ed306546b0, 0x000001ed30461150, 0x000001ed3045fda0,
0x000001ed30460430, 0x000001ed30460ac0, 0x000001ed303f1430, 0x000001ed303f0da0,
0x000001ed303f27e0, 0x000001ed303f0710, 0x000001ed303f0080, 0x000001ed303f3500,
0x000001ed303f2150, 0x000001ed303f4220, 0x000001ed303f48b0, 0x000001ed303f4f40,
0x000001ed303f76a0, 0x000001ed303f55d0, 0x000001ed303f5c60, 0x000001ed303f62f0,
0x000001ed336ce5c0, 0x000001ed336cc4f0, 0x000001ed336cb7d0, 0x000001ed336cf970,
0x000001ed336d0d20, 0x000001ed336d0000, 0x000001ed336d0690, 0x000001ed336d1a40,
0x000001ed336d13b0, 0x000001ed336cf2e0, 0x000001ed336d20d0, 0x000001ed336d2760,
0x000001ed336d2df0, 0x000001ed3392aab0, 0x000001ed3392b7d0, 0x000001ed3392cb80,
0x000001ed33929d90, 0x000001ed3392c4f0, 0x000001ed3392b140, 0x000001ed3392a420,
0x000001ed3392be60, 0x000001ed33929700, 0x000001ed310a28e0, 0x000001ed310a3600,
0x000001ed310a2f70, 0x000001ed310a56d0, 0x000001ed310a6a80, 0x000001ed310a3c90,
0x000001ed310a63f0, 0x000001ed310a5d60, 0x000001ed310a7110, 0x000001ed310a77a0,
0x000001ed310a4320, 0x000001ed310a7e30, 0x000001ed310a49b0, 0x000001ed310a9870,
0x000001ed2f10ac20, 0x000001ed2f1091e0, 0x000001ed2f109870, 0x000001ed2f10b2b0,
0x000001ed2f10b940, 0x000001ed2f1084c0, 0x000001ed2f10d380, 0x000001ed2f10ccf0,
0x000001ed2f10e0a0, 0x000001ed2f10e730, 0x000001ed2f10c660, 0x000001ed2f10edc0,
0x000001ed2f10da10, 0x000001ed2f10f450, 0x000001ed2f10bfd0, 0x000001ed310a8b50,
0x000001ed34584e50, 0x000001ed345854e0, 0x000001ed34583aa0, 0x000001ed34582060,
0x000001ed34585b70, 0x000001ed34584130, 0x000001ed345826f0, 0x000001ed34586200,
0x000001ed34582d80, 0x000001ed345847c0, 0x000001ed34586890, 0x000001ed34583410,
0x000001ed34589680, 0x000001ed34586f20, 0x000001ed345875b0, 0x000001ed34588960,
0x000001ed34587c40, 0x000001ed34588ff0, 0x000001ed345882d0, 0x000001ed326cd6f0,
0x000001ed326cf7c0, 0x000001ed326d04e0, 0x000001ed326ceaa0, 0x000001ed326cf130,
0x000001ed326cdd80, 0x000001ed326ce410, 0x000001ed326cd060, 0x000001ed326d25b0,
0x000001ed326d32d0, 0x000001ed326d0b70, 0x000001ed326cfe50, 0x000001ed326d1890,
0x000001ed326d2c40, 0x000001ed326d3960, 0x000001ed326d1f20, 0x000001ed326d3ff0,
0x000001ed326d4680, 0x000001ed326d1200, 0x000001ed3385bf20, 0x000001ed3385c5b0,
0x000001ed3385cc40, 0x000001ed3385b200, 0x000001ed338597c0, 0x000001ed33859e50,
0x000001ed3385d2d0, 0x000001ed3385b890, 0x000001ed3385d960, 0x000001ed3385a4e0,
0x000001ed3385dff0, 0x000001ed3385ab70, 0x000001ed338600c0, 0x000001ed33860750,
0x000001ed3385e680, 0x000001ed3385fa30, 0x000001ed33ea9610, 0x000001ed33ead120,
0x000001ed33eaca90, 0x000001ed33eaa9c0, 0x000001ed33eabd70, 0x000001ed33eab050,
0x000001ed33ead7b0, 0x000001ed33eaa330, 0x000001ed33eade40, 0x000001ed33eaeb60,
0x000001ed33eac400, 0x000001ed3a12c560, 0x000001ed33eaf1f0
}

Java Threads: ( => current thread )
  0x000001ed72c8d830 JavaThread "main"                              [_thread_blocked, id=31828, stack(0x000000963f000000,0x000000963f100000) (1024K)]
  0x000001ed7b76e160 JavaThread "Reference Handler"          daemon [_thread_blocked, id=36596, stack(0x000000963f800000,0x000000963f900000) (1024K)]
  0x000001ed7b76edc0 JavaThread "Finalizer"                  daemon [_thread_blocked, id=37304, stack(0x000000963f900000,0x000000963fa00000) (1024K)]
  0x000001ed7b775610 JavaThread "Signal Dispatcher"          daemon [_thread_blocked, id=9320, stack(0x000000963fa00000,0x000000963fb00000) (1024K)]
  0x000001ed7b776680 JavaThread "Attach Listener"            daemon [_thread_blocked, id=10400, stack(0x000000963fb00000,0x000000963fc00000) (1024K)]
  0x000001ed7b7770e0 JavaThread "Service Thread"             daemon [_thread_blocked, id=24620, stack(0x000000963fc00000,0x000000963fd00000) (1024K)]
  0x000001ed7b778860 JavaThread "Monitor Deflation Thread"   daemon [_thread_blocked, id=19584, stack(0x000000963fd00000,0x000000963fe00000) (1024K)]
=>0x000001ed7b77dd30 JavaThread "C2 CompilerThread0"         daemon [_thread_in_native, id=34676, stack(0x000000963fe00000,0x000000963ff00000) (1024K)]
  0x000001ed2f01c7d0 JavaThread "C1 CompilerThread0"         daemon [_thread_blocked, id=31556, stack(0x000000963ff00000,0x0000009640000000) (1024K)]
  0x000001ed2f1d2730 JavaThread "Common-Cleaner"             daemon [_thread_blocked, id=24672, stack(0x0000009640100000,0x0000009640200000) (1024K)]
  0x000001ed2f27bf80 JavaThread "Notification Thread"        daemon [_thread_blocked, id=33888, stack(0x0000009640200000,0x0000009640300000) (1024K)]
  0x000001ed3062ca60 JavaThread "Daemon health stats"               [_thread_blocked, id=14704, stack(0x0000009640b00000,0x0000009640c00000) (1024K)]
  0x000001ed30436260 JavaThread "Incoming local TCP Connector on port 53672"        [_thread_in_native, id=24592, stack(0x0000009640c00000,0x0000009640d00000) (1024K)]
  0x000001ed306546b0 JavaThread "Daemon periodic checks"            [_thread_blocked, id=36148, stack(0x0000009640d00000,0x0000009640e00000) (1024K)]
  0x000001ed30461150 JavaThread "Daemon"                            [_thread_blocked, id=36016, stack(0x0000009640e00000,0x0000009640f00000) (1024K)]
  0x000001ed3045fda0 JavaThread "Handler for socket connection from /127.0.0.1:53672 to /127.0.0.1:53673"        [_thread_in_native, id=27964, stack(0x0000009640f00000,0x0000009641000000) (1024K)]
  0x000001ed30460430 JavaThread "Cancel handler"                    [_thread_blocked, id=15864, stack(0x0000009641000000,0x0000009641100000) (1024K)]
  0x000001ed30460ac0 JavaThread "Daemon worker"                     [_thread_blocked, id=31212, stack(0x0000009641100000,0x0000009641200000) (1024K)]
  0x000001ed303f1430 JavaThread "Asynchronous log dispatcher for DefaultDaemonConnection: socket connection from /127.0.0.1:53672 to /127.0.0.1:53673"        [_thread_blocked, id=26024, stack(0x0000009641200000,0x0000009641300000) (1024K)]
  0x000001ed303f0da0 JavaThread "Stdin handler"                     [_thread_blocked, id=36952, stack(0x0000009641300000,0x0000009641400000) (1024K)]
  0x000001ed303f27e0 JavaThread "Daemon client event forwarder"        [_thread_blocked, id=37368, stack(0x0000009641400000,0x0000009641500000) (1024K)]
  0x000001ed303f0710 JavaThread "Cache worker for journal cache (D:\gradle_cache\caches\journal-1)"        [_thread_blocked, id=16232, stack(0x0000009641500000,0x0000009641600000) (1024K)]
  0x000001ed303f0080 JavaThread "File lock request listener"        [_thread_in_native, id=26028, stack(0x0000009641600000,0x0000009641700000) (1024K)]
  0x000001ed303f3500 JavaThread "Cache worker for file hash cache (D:\gradle_cache\caches\8.12\fileHashes)"        [_thread_blocked, id=12080, stack(0x0000009641700000,0x0000009641800000) (1024K)]
  0x000001ed303f2150 JavaThread "Cache worker for file hash cache (D:\pranjal\electricity_billing\mobile\android\.gradle\8.12\fileHashes)"        [_thread_blocked, id=2884, stack(0x0000009641b00000,0x0000009641c00000) (1024K)]
  0x000001ed303f4220 JavaThread "Cache worker for Build Output Cleanup Cache (D:\pranjal\electricity_billing\mobile\android\.gradle\buildOutputCleanup)"        [_thread_blocked, id=29704, stack(0x0000009641c00000,0x0000009641d00000) (1024K)]
  0x000001ed303f48b0 JavaThread "File watcher server"        daemon [_thread_in_native, id=31360, stack(0x0000009641d00000,0x0000009641e00000) (1024K)]
  0x000001ed303f4f40 JavaThread "File watcher consumer"      daemon [_thread_blocked, id=3756, stack(0x0000009641e00000,0x0000009641f00000) (1024K)]
  0x000001ed303f76a0 JavaThread "Cache worker for checksums cache (D:\pranjal\electricity_billing\mobile\android\.gradle\8.12\checksums)"        [_thread_blocked, id=28692, stack(0x0000009641f00000,0x0000009642000000) (1024K)]
  0x000001ed303f55d0 JavaThread "Cache worker for file content cache (D:\gradle_cache\caches\8.12\fileContent)"        [_thread_blocked, id=4448, stack(0x0000009642000000,0x0000009642100000) (1024K)]
  0x000001ed303f5c60 JavaThread "Cache worker for cache directory md-rule (D:\gradle_cache\caches\8.12\md-rule)"        [_thread_blocked, id=23064, stack(0x0000009642100000,0x0000009642200000) (1024K)]
  0x000001ed303f62f0 JavaThread "Cache worker for cache directory md-supplier (D:\gradle_cache\caches\8.12\md-supplier)"        [_thread_blocked, id=35756, stack(0x0000009642200000,0x0000009642300000) (1024K)]
  0x000001ed336ce5c0 JavaThread "Cache worker for Build Output Cleanup Cache (C:\src\flutter\packages\flutter_tools\gradle\.gradle\buildOutputCleanup)"        [_thread_blocked, id=25436, stack(0x0000009642300000,0x0000009642400000) (1024K)]
  0x000001ed336cc4f0 JavaThread "Unconstrained build operations"        [_thread_blocked, id=23948, stack(0x0000009642400000,0x0000009642500000) (1024K)]
  0x000001ed336cb7d0 JavaThread "Unconstrained build operations Thread 2"        [_thread_blocked, id=24752, stack(0x0000009642500000,0x0000009642600000) (1024K)]
  0x000001ed336cf970 JavaThread "Unconstrained build operations Thread 3"        [_thread_blocked, id=23876, stack(0x0000009642600000,0x0000009642700000) (1024K)]
  0x000001ed336d0d20 JavaThread "Unconstrained build operations Thread 4"        [_thread_blocked, id=22396, stack(0x0000009642700000,0x0000009642800000) (1024K)]
  0x000001ed336d0000 JavaThread "Unconstrained build operations Thread 5"        [_thread_blocked, id=25268, stack(0x0000009642800000,0x0000009642900000) (1024K)]
  0x000001ed336d0690 JavaThread "Unconstrained build operations Thread 6"        [_thread_blocked, id=16276, stack(0x0000009642900000,0x0000009642a00000) (1024K)]
  0x000001ed336d1a40 JavaThread "Unconstrained build operations Thread 7"        [_thread_blocked, id=8232, stack(0x0000009642a00000,0x0000009642b00000) (1024K)]
  0x000001ed336d13b0 JavaThread "Unconstrained build operations Thread 8"        [_thread_blocked, id=13876, stack(0x0000009642b00000,0x0000009642c00000) (1024K)]
  0x000001ed336cf2e0 JavaThread "Unconstrained build operations Thread 9"        [_thread_blocked, id=33836, stack(0x0000009642c00000,0x0000009642d00000) (1024K)]
  0x000001ed336d20d0 JavaThread "Unconstrained build operations Thread 10"        [_thread_blocked, id=35128, stack(0x0000009642d00000,0x0000009642e00000) (1024K)]
  0x000001ed336d2760 JavaThread "Unconstrained build operations Thread 11"        [_thread_blocked, id=11028, stack(0x0000009642e00000,0x0000009642f00000) (1024K)]
  0x000001ed336d2df0 JavaThread "Unconstrained build operations Thread 12"        [_thread_blocked, id=20180, stack(0x0000009642f00000,0x0000009643000000) (1024K)]
  0x000001ed3392aab0 JavaThread "Unconstrained build operations Thread 13"        [_thread_blocked, id=34004, stack(0x0000009643000000,0x0000009643100000) (1024K)]
  0x000001ed3392b7d0 JavaThread "Unconstrained build operations Thread 14"        [_thread_blocked, id=35964, stack(0x0000009643100000,0x0000009643200000) (1024K)]
  0x000001ed3392cb80 JavaThread "Unconstrained build operations Thread 15"        [_thread_blocked, id=23512, stack(0x0000009643200000,0x0000009643300000) (1024K)]
  0x000001ed33929d90 JavaThread "Unconstrained build operations Thread 16"        [_thread_blocked, id=17400, stack(0x0000009643300000,0x0000009643400000) (1024K)]
  0x000001ed3392c4f0 JavaThread "Unconstrained build operations Thread 17"        [_thread_blocked, id=30636, stack(0x0000009643400000,0x0000009643500000) (1024K)]
  0x000001ed3392b140 JavaThread "Unconstrained build operations Thread 18"        [_thread_blocked, id=31260, stack(0x0000009643500000,0x0000009643600000) (1024K)]
  0x000001ed3392a420 JavaThread "Unconstrained build operations Thread 19"        [_thread_blocked, id=1380, stack(0x0000009643600000,0x0000009643700000) (1024K)]
  0x000001ed3392be60 JavaThread "Unconstrained build operations Thread 20"        [_thread_blocked, id=18344, stack(0x0000009643700000,0x0000009643800000) (1024K)]
  0x000001ed33929700 JavaThread "Unconstrained build operations Thread 21"        [_thread_blocked, id=31896, stack(0x0000009643800000,0x0000009643900000) (1024K)]
  0x000001ed310a28e0 JavaThread "Unconstrained build operations Thread 22"        [_thread_blocked, id=30632, stack(0x0000009643900000,0x0000009643a00000) (1024K)]
  0x000001ed310a3600 JavaThread "Unconstrained build operations Thread 23"        [_thread_blocked, id=30316, stack(0x0000009643b00000,0x0000009643c00000) (1024K)]
  0x000001ed310a2f70 JavaThread "Unconstrained build operations Thread 24"        [_thread_blocked, id=33620, stack(0x0000009643c00000,0x0000009643d00000) (1024K)]
  0x000001ed310a56d0 JavaThread "Unconstrained build operations Thread 25"        [_thread_blocked, id=25520, stack(0x0000009643d00000,0x0000009643e00000) (1024K)]
  0x000001ed310a6a80 JavaThread "Unconstrained build operations Thread 26"        [_thread_blocked, id=32844, stack(0x0000009643e00000,0x0000009643f00000) (1024K)]
  0x000001ed310a3c90 JavaThread "Unconstrained build operations Thread 27"        [_thread_blocked, id=23312, stack(0x0000009643f00000,0x0000009644000000) (1024K)]
  0x000001ed310a63f0 JavaThread "Unconstrained build operations Thread 28"        [_thread_blocked, id=36276, stack(0x0000009644000000,0x0000009644100000) (1024K)]
  0x000001ed310a5d60 JavaThread "Unconstrained build operations Thread 29"        [_thread_blocked, id=17824, stack(0x0000009644100000,0x0000009644200000) (1024K)]
  0x000001ed310a7110 JavaThread "Unconstrained build operations Thread 30"        [_thread_blocked, id=21296, stack(0x0000009644200000,0x0000009644300000) (1024K)]
  0x000001ed310a77a0 JavaThread "Unconstrained build operations Thread 31"        [_thread_blocked, id=29532, stack(0x0000009644300000,0x0000009644400000) (1024K)]
  0x000001ed310a4320 JavaThread "Unconstrained build operations Thread 32"        [_thread_blocked, id=36232, stack(0x0000009644400000,0x0000009644500000) (1024K)]
  0x000001ed310a7e30 JavaThread "Unconstrained build operations Thread 33"        [_thread_blocked, id=30732, stack(0x0000009644500000,0x0000009644600000) (1024K)]
  0x000001ed310a49b0 JavaThread "Memory manager"                    [_thread_blocked, id=26716, stack(0x0000009643a00000,0x0000009643b00000) (1024K)]
  0x000001ed310a9870 JavaThread "build event listener"              [_thread_blocked, id=37216, stack(0x0000009644600000,0x0000009644700000) (1024K)]
  0x000001ed2f10ac20 JavaThread "Execution worker"                  [_thread_blocked, id=33992, stack(0x000000963ee00000,0x000000963ef00000) (1024K)]
  0x000001ed2f1091e0 JavaThread "Execution worker Thread 2"         [_thread_blocked, id=30588, stack(0x000000963ef00000,0x000000963f000000) (1024K)]
  0x000001ed2f109870 JavaThread "Execution worker Thread 3"         [_thread_blocked, id=35008, stack(0x0000009644700000,0x0000009644800000) (1024K)]
  0x000001ed2f10b2b0 JavaThread "Execution worker Thread 4"         [_thread_blocked, id=14744, stack(0x0000009644800000,0x0000009644900000) (1024K)]
  0x000001ed2f10b940 JavaThread "Execution worker Thread 5"         [_thread_blocked, id=15632, stack(0x0000009644900000,0x0000009644a00000) (1024K)]
  0x000001ed2f1084c0 JavaThread "Execution worker Thread 6"         [_thread_blocked, id=35372, stack(0x0000009644a00000,0x0000009644b00000) (1024K)]
  0x000001ed2f10d380 JavaThread "Execution worker Thread 7"         [_thread_blocked, id=21888, stack(0x0000009644b00000,0x0000009644c00000) (1024K)]
  0x000001ed2f10ccf0 JavaThread "Execution worker Thread 8"         [_thread_blocked, id=21916, stack(0x0000009644c00000,0x0000009644d00000) (1024K)]
  0x000001ed2f10e0a0 JavaThread "Execution worker Thread 9"         [_thread_blocked, id=21408, stack(0x0000009644d00000,0x0000009644e00000) (1024K)]
  0x000001ed2f10e730 JavaThread "Execution worker Thread 10"        [_thread_blocked, id=31180, stack(0x0000009644e00000,0x0000009644f00000) (1024K)]
  0x000001ed2f10c660 JavaThread "Execution worker Thread 11"        [_thread_blocked, id=21800, stack(0x0000009644f00000,0x0000009645000000) (1024K)]
  0x000001ed2f10edc0 JavaThread "Cache worker for execution history cache (C:\src\flutter\packages\flutter_tools\gradle\.gradle\8.12\executionHistory)"        [_thread_blocked, id=9208, stack(0x0000009645000000,0x0000009645100000) (1024K)]
  0x000001ed2f10da10 JavaThread "File lock release action executor Thread 2"        [_thread_blocked, id=24652, stack(0x0000009645100000,0x0000009645200000) (1024K)]
  0x000001ed2f10f450 JavaThread "Unconstrained build operations Thread 34"        [_thread_blocked, id=16672, stack(0x0000009645200000,0x0000009645300000) (1024K)]
  0x000001ed2f10bfd0 JavaThread "Unconstrained build operations Thread 35"        [_thread_blocked, id=23748, stack(0x0000009645300000,0x0000009645400000) (1024K)]
  0x000001ed310a8b50 JavaThread "Unconstrained build operations Thread 36"        [_thread_blocked, id=21636, stack(0x0000009645400000,0x0000009645500000) (1024K)]
  0x000001ed34584e50 JavaThread "Unconstrained build operations Thread 37"        [_thread_blocked, id=22384, stack(0x0000009645500000,0x0000009645600000) (1024K)]
  0x000001ed345854e0 JavaThread "Unconstrained build operations Thread 38"        [_thread_blocked, id=14992, stack(0x0000009645600000,0x0000009645700000) (1024K)]
  0x000001ed34583aa0 JavaThread "Unconstrained build operations Thread 39"        [_thread_blocked, id=26948, stack(0x0000009645700000,0x0000009645800000) (1024K)]
  0x000001ed34582060 JavaThread "Unconstrained build operations Thread 40"        [_thread_blocked, id=9860, stack(0x0000009645800000,0x0000009645900000) (1024K)]
  0x000001ed34585b70 JavaThread "Unconstrained build operations Thread 41"        [_thread_blocked, id=5936, stack(0x0000009645900000,0x0000009645a00000) (1024K)]
  0x000001ed34584130 JavaThread "Unconstrained build operations Thread 42"        [_thread_blocked, id=36004, stack(0x0000009645a00000,0x0000009645b00000) (1024K)]
  0x000001ed345826f0 JavaThread "Unconstrained build operations Thread 43"        [_thread_blocked, id=34088, stack(0x0000009645b00000,0x0000009645c00000) (1024K)]
  0x000001ed34586200 JavaThread "Unconstrained build operations Thread 44"        [_thread_blocked, id=31948, stack(0x0000009645c00000,0x0000009645d00000) (1024K)]
  0x000001ed34582d80 JavaThread "Unconstrained build operations Thread 45"        [_thread_blocked, id=36264, stack(0x0000009645d00000,0x0000009645e00000) (1024K)]
  0x000001ed345847c0 JavaThread "Unconstrained build operations Thread 46"        [_thread_blocked, id=7084, stack(0x0000009645e00000,0x0000009645f00000) (1024K)]
  0x000001ed34586890 JavaThread "Unconstrained build operations Thread 47"        [_thread_blocked, id=30936, stack(0x0000009645f00000,0x0000009646000000) (1024K)]
  0x000001ed34583410 JavaThread "Unconstrained build operations Thread 48"        [_thread_blocked, id=31600, stack(0x0000009646000000,0x0000009646100000) (1024K)]
  0x000001ed34589680 JavaThread "Unconstrained build operations Thread 49"        [_thread_blocked, id=34932, stack(0x0000009646100000,0x0000009646200000) (1024K)]
  0x000001ed34586f20 JavaThread "Unconstrained build operations Thread 50"        [_thread_blocked, id=31488, stack(0x0000009646200000,0x0000009646300000) (1024K)]
  0x000001ed345875b0 JavaThread "Unconstrained build operations Thread 51"        [_thread_blocked, id=29016, stack(0x0000009646300000,0x0000009646400000) (1024K)]
  0x000001ed34588960 JavaThread "Unconstrained build operations Thread 52"        [_thread_blocked, id=33492, stack(0x0000009646400000,0x0000009646500000) (1024K)]
  0x000001ed34587c40 JavaThread "Unconstrained build operations Thread 53"        [_thread_blocked, id=30704, stack(0x0000009646500000,0x0000009646600000) (1024K)]
  0x000001ed34588ff0 JavaThread "Unconstrained build operations Thread 54"        [_thread_blocked, id=5612, stack(0x0000009646600000,0x0000009646700000) (1024K)]
  0x000001ed345882d0 JavaThread "Unconstrained build operations Thread 55"        [_thread_blocked, id=34884, stack(0x0000009646700000,0x0000009646800000) (1024K)]
  0x000001ed326cd6f0 JavaThread "Unconstrained build operations Thread 56"        [_thread_blocked, id=34772, stack(0x0000009646800000,0x0000009646900000) (1024K)]
  0x000001ed326cf7c0 JavaThread "Unconstrained build operations Thread 57"        [_thread_blocked, id=11168, stack(0x0000009646900000,0x0000009646a00000) (1024K)]
  0x000001ed326d04e0 JavaThread "Unconstrained build operations Thread 58"        [_thread_blocked, id=27456, stack(0x0000009646a00000,0x0000009646b00000) (1024K)]
  0x000001ed326ceaa0 JavaThread "Unconstrained build operations Thread 59"        [_thread_blocked, id=37560, stack(0x0000009646b00000,0x0000009646c00000) (1024K)]
  0x000001ed326cf130 JavaThread "Unconstrained build operations Thread 60"        [_thread_blocked, id=31440, stack(0x0000009646c00000,0x0000009646d00000) (1024K)]
  0x000001ed326cdd80 JavaThread "Unconstrained build operations Thread 61"        [_thread_blocked, id=35052, stack(0x0000009646d00000,0x0000009646e00000) (1024K)]
  0x000001ed326ce410 JavaThread "Unconstrained build operations Thread 62"        [_thread_blocked, id=23004, stack(0x0000009646e00000,0x0000009646f00000) (1024K)]
  0x000001ed326cd060 JavaThread "Unconstrained build operations Thread 63"        [_thread_blocked, id=35596, stack(0x0000009646f00000,0x0000009647000000) (1024K)]
  0x000001ed326d25b0 JavaThread "Unconstrained build operations Thread 64"        [_thread_blocked, id=29056, stack(0x0000009647000000,0x0000009647100000) (1024K)]
  0x000001ed326d32d0 JavaThread "Unconstrained build operations Thread 65"        [_thread_blocked, id=23560, stack(0x0000009647100000,0x0000009647200000) (1024K)]
  0x000001ed326d0b70 JavaThread "Unconstrained build operations Thread 66"        [_thread_blocked, id=24332, stack(0x0000009647200000,0x0000009647300000) (1024K)]
  0x000001ed326cfe50 JavaThread "Unconstrained build operations Thread 67"        [_thread_blocked, id=19792, stack(0x0000009647300000,0x0000009647400000) (1024K)]
  0x000001ed326d1890 JavaThread "Unconstrained build operations Thread 68"        [_thread_blocked, id=17320, stack(0x0000009647400000,0x0000009647500000) (1024K)]
  0x000001ed326d2c40 JavaThread "Unconstrained build operations Thread 69"        [_thread_blocked, id=4028, stack(0x0000009647500000,0x0000009647600000) (1024K)]
  0x000001ed326d3960 JavaThread "Unconstrained build operations Thread 70"        [_thread_blocked, id=31100, stack(0x0000009647600000,0x0000009647700000) (1024K)]
  0x000001ed326d1f20 JavaThread "Unconstrained build operations Thread 71"        [_thread_blocked, id=32716, stack(0x0000009647700000,0x0000009647800000) (1024K)]
  0x000001ed326d3ff0 JavaThread "Unconstrained build operations Thread 72"        [_thread_blocked, id=23976, stack(0x0000009647800000,0x0000009647900000) (1024K)]
  0x000001ed326d4680 JavaThread "Unconstrained build operations Thread 73"        [_thread_blocked, id=24772, stack(0x0000009647900000,0x0000009647a00000) (1024K)]
  0x000001ed326d1200 JavaThread "Unconstrained build operations Thread 74"        [_thread_blocked, id=11296, stack(0x0000009647a00000,0x0000009647b00000) (1024K)]
  0x000001ed3385bf20 JavaThread "Unconstrained build operations Thread 75"        [_thread_blocked, id=31316, stack(0x0000009647b00000,0x0000009647c00000) (1024K)]
  0x000001ed3385c5b0 JavaThread "Unconstrained build operations Thread 76"        [_thread_blocked, id=28016, stack(0x0000009647c00000,0x0000009647d00000) (1024K)]
  0x000001ed3385cc40 JavaThread "Unconstrained build operations Thread 77"        [_thread_blocked, id=35816, stack(0x0000009647d00000,0x0000009647e00000) (1024K)]
  0x000001ed3385b200 JavaThread "Unconstrained build operations Thread 78"        [_thread_blocked, id=26176, stack(0x0000009647e00000,0x0000009647f00000) (1024K)]
  0x000001ed338597c0 JavaThread "Unconstrained build operations Thread 79"        [_thread_blocked, id=37280, stack(0x0000009647f00000,0x0000009648000000) (1024K)]
  0x000001ed33859e50 JavaThread "Unconstrained build operations Thread 80"        [_thread_blocked, id=18872, stack(0x0000009648000000,0x0000009648100000) (1024K)]
  0x000001ed3385d2d0 JavaThread "Unconstrained build operations Thread 81"        [_thread_blocked, id=27108, stack(0x0000009648100000,0x0000009648200000) (1024K)]
  0x000001ed3385b890 JavaThread "Unconstrained build operations Thread 82"        [_thread_blocked, id=34456, stack(0x0000009648200000,0x0000009648300000) (1024K)]
  0x000001ed3385d960 JavaThread "Unconstrained build operations Thread 83"        [_thread_blocked, id=5220, stack(0x0000009648300000,0x0000009648400000) (1024K)]
  0x000001ed3385a4e0 JavaThread "Unconstrained build operations Thread 84"        [_thread_blocked, id=6680, stack(0x0000009648400000,0x0000009648500000) (1024K)]
  0x000001ed3385dff0 JavaThread "Unconstrained build operations Thread 85"        [_thread_blocked, id=37372, stack(0x0000009648500000,0x0000009648600000) (1024K)]
  0x000001ed3385ab70 JavaThread "Unconstrained build operations Thread 86"        [_thread_blocked, id=34404, stack(0x0000009648600000,0x0000009648700000) (1024K)]
  0x000001ed338600c0 JavaThread "Unconstrained build operations Thread 87"        [_thread_blocked, id=24044, stack(0x0000009648700000,0x0000009648800000) (1024K)]
  0x000001ed33860750 JavaThread "Unconstrained build operations Thread 88"        [_thread_blocked, id=36500, stack(0x0000009648800000,0x0000009648900000) (1024K)]
  0x000001ed3385e680 JavaThread "Unconstrained build operations Thread 89"        [_thread_blocked, id=10444, stack(0x0000009648900000,0x0000009648a00000) (1024K)]
  0x000001ed3385fa30 JavaThread "Unconstrained build operations Thread 90"        [_thread_blocked, id=31596, stack(0x0000009648a00000,0x0000009648b00000) (1024K)]
  0x000001ed33ea9610 JavaThread "Unconstrained build operations Thread 91"        [_thread_blocked, id=33552, stack(0x0000009648b00000,0x0000009648c00000) (1024K)]
  0x000001ed33ead120 JavaThread "Unconstrained build operations Thread 92"        [_thread_blocked, id=26328, stack(0x0000009648c00000,0x0000009648d00000) (1024K)]
  0x000001ed33eaca90 JavaThread "Unconstrained build operations Thread 93"        [_thread_blocked, id=31936, stack(0x0000009648d00000,0x0000009648e00000) (1024K)]
  0x000001ed33eaa9c0 JavaThread "Unconstrained build operations Thread 94"        [_thread_blocked, id=4624, stack(0x0000009648e00000,0x0000009648f00000) (1024K)]
  0x000001ed33eabd70 JavaThread "Unconstrained build operations Thread 95"        [_thread_blocked, id=28436, stack(0x0000009648f00000,0x0000009649000000) (1024K)]
  0x000001ed33eab050 JavaThread "Unconstrained build operations Thread 96"        [_thread_blocked, id=19912, stack(0x0000009649000000,0x0000009649100000) (1024K)]
  0x000001ed33ead7b0 JavaThread "Unconstrained build operations Thread 97"        [_thread_blocked, id=30716, stack(0x0000009649100000,0x0000009649200000) (1024K)]
  0x000001ed33eaa330 JavaThread "Unconstrained build operations Thread 98"        [_thread_blocked, id=26572, stack(0x0000009649200000,0x0000009649300000) (1024K)]
  0x000001ed33eade40 JavaThread "Unconstrained build operations Thread 99"        [_thread_blocked, id=29340, stack(0x0000009649300000,0x0000009649400000) (1024K)]
  0x000001ed33eaeb60 JavaThread "Unconstrained build operations Thread 100"        [_thread_blocked, id=24664, stack(0x0000009649400000,0x0000009649500000) (1024K)]
  0x000001ed33eac400 JavaThread "Unconstrained build operations Thread 101"        [_thread_blocked, id=15160, stack(0x0000009649500000,0x0000009649600000) (1024K)]
  0x000001ed3a12c560 JavaThread "build event listener"              [_thread_blocked, id=24968, stack(0x0000009649600000,0x0000009649700000) (1024K)]
  0x000001ed33eaf1f0 JavaThread "jar transforms"                    [_thread_blocked, id=34336, stack(0x000000963ed00000,0x000000963ee00000) (1024K)]
Total: 151

Other Threads:
  0x000001ed7b750040 VMThread "VM Thread"                           [id=23744, stack(0x000000963f700000,0x000000963f800000) (1024K)]
  0x000001ed7b73ecd0 WatcherThread "VM Periodic Task Thread"        [id=26460, stack(0x000000963f600000,0x000000963f700000) (1024K)]
  0x000001ed72ce7e60 WorkerThread "GC Thread#0"                     [id=33908, stack(0x000000963f100000,0x000000963f200000) (1024K)]
  0x000001ed2f71b040 WorkerThread "GC Thread#1"                     [id=20112, stack(0x0000009640300000,0x0000009640400000) (1024K)]
  0x000001ed2f640220 WorkerThread "GC Thread#2"                     [id=5088, stack(0x0000009640400000,0x0000009640500000) (1024K)]
  0x000001ed2ffe89b0 WorkerThread "GC Thread#3"                     [id=27752, stack(0x0000009640500000,0x0000009640600000) (1024K)]
  0x000001ed2fcb8a40 WorkerThread "GC Thread#4"                     [id=21964, stack(0x0000009640600000,0x0000009640700000) (1024K)]
  0x000001ed2fe4e840 WorkerThread "GC Thread#5"                     [id=35452, stack(0x0000009640700000,0x0000009640800000) (1024K)]
  0x000001ed2fe4ebf0 WorkerThread "GC Thread#6"                     [id=28616, stack(0x0000009640800000,0x0000009640900000) (1024K)]
  0x000001ed30dac6c0 WorkerThread "GC Thread#7"                     [id=30372, stack(0x0000009640900000,0x0000009640a00000) (1024K)]
  0x000001ed30daca70 WorkerThread "GC Thread#8"                     [id=27972, stack(0x0000009640a00000,0x0000009640b00000) (1024K)]
  0x000001ed3061e600 WorkerThread "GC Thread#9"                     [id=30280, stack(0x0000009641800000,0x0000009641900000) (1024K)]
  0x000001ed72cf9d70 ConcurrentGCThread "G1 Main Marker"            [id=22456, stack(0x000000963f200000,0x000000963f300000) (1024K)]
  0x000001ed72cfb610 WorkerThread "G1 Conc#0"                       [id=27056, stack(0x000000963f300000,0x000000963f400000) (1024K)]
  0x000001ed3301e200 WorkerThread "G1 Conc#1"                       [id=21160, stack(0x0000009641900000,0x0000009641a00000) (1024K)]
  0x000001ed3301d340 WorkerThread "G1 Conc#2"                       [id=11504, stack(0x0000009641a00000,0x0000009641b00000) (1024K)]
  0x000001ed7b60c0a0 ConcurrentGCThread "G1 Refine#0"               [id=19148, stack(0x000000963f400000,0x000000963f500000) (1024K)]
  0x000001ed7b60ca30 ConcurrentGCThread "G1 Service"                [id=34736, stack(0x000000963f500000,0x000000963f600000) (1024K)]
Total: 18

Threads with active compile tasks:
C2 CompilerThread0  204126 13467       4       java.lang.reflect.Method::getGenericInfo (28 bytes)
Total: 1

VM state: not at safepoint (normal execution)

VM Mutex/Monitor currently owned by a thread: None

Heap address: 0x0000000080000000, size: 2048 MB, Compressed Oops mode: 32-bit

CDS archive(s) mapped at: [0x000001ed10000000-0x000001ed10ba0000-0x000001ed10ba0000), size 12189696, SharedBaseAddress: 0x000001ed10000000, ArchiveRelocationMode: 1.
Compressed class space mapped at: 0x000001ed11000000-0x000001ed2b000000, reserved size: 436207616
Narrow klass base: 0x000001ed10000000, Narrow klass shift: 0, Narrow klass range: 0x100000000

GC Precious Log:
 CardTable entry size: 512
 Card Set container configuration: InlinePtr #cards 5 size 8 Array Of Cards #cards 12 size 40 Howl #buckets 4 coarsen threshold 1843 Howl Bitmap #cards 512 size 80 coarsen threshold 460 Card regions per heap region 1 cards per card region 2048
 CPUs: 12 total, 12 available
 Memory: 7832M
 Large Page Support: Disabled
 NUMA Support: Disabled
 Compressed Oops: Enabled (32-bit)
 Heap Region Size: 1M
 Heap Min Capacity: 8M
 Heap Initial Capacity: 124M
 Heap Max Capacity: 2G
 Pre-touch: Disabled
 Parallel Workers: 10
 Concurrent Workers: 3
 Concurrent Refinement Workers: 10
 Periodic GC: Disabled

Heap:
 garbage-first heap   total 184320K, used 122524K [0x0000000080000000, 0x0000000100000000)
  region size 1024K, 19 young (19456K), 7 survivors (7168K)
 Metaspace       used 105416K, committed 107776K, reserved 557056K
  class space    used 14954K, committed 16128K, reserved 425984K

Heap Regions: E=young(eden), S=young(survivor), O=old, HS=humongous(starts), HC=humongous(continues), CS=collection set, F=free, TAMS=top-at-mark-start, PB=parsable bottom
|   0|0x0000000080000000, 0x0000000080100000, 0x0000000080100000|100%| O|  |TAMS 0x0000000080000000| PB 0x0000000080000000| Untracked 
|   1|0x0000000080100000, 0x0000000080200000, 0x0000000080200000|100%|HS|  |TAMS 0x0000000080100000| PB 0x0000000080100000| Complete 
|   2|0x0000000080200000, 0x0000000080300000, 0x0000000080300000|100%|HC|  |TAMS 0x0000000080200000| PB 0x0000000080200000| Complete 
|   3|0x0000000080300000, 0x0000000080400000, 0x0000000080400000|100%|HC|  |TAMS 0x0000000080300000| PB 0x0000000080300000| Complete 
|   4|0x0000000080400000, 0x0000000080500000, 0x0000000080500000|100%| O|  |TAMS 0x0000000080400000| PB 0x0000000080400000| Untracked 
|   5|0x0000000080500000, 0x0000000080600000, 0x0000000080600000|100%| O|  |TAMS 0x0000000080500000| PB 0x0000000080500000| Untracked 
|   6|0x0000000080600000, 0x0000000080700000, 0x0000000080700000|100%| O|  |TAMS 0x0000000080600000| PB 0x0000000080600000| Untracked 
|   7|0x0000000080700000, 0x0000000080800000, 0x0000000080800000|100%|HS|  |TAMS 0x0000000080700000| PB 0x0000000080700000| Complete 
|   8|0x0000000080800000, 0x0000000080900000, 0x0000000080900000|100%| O|  |TAMS 0x0000000080800000| PB 0x0000000080800000| Untracked 
|   9|0x0000000080900000, 0x0000000080a00000, 0x0000000080a00000|100%| O|  |TAMS 0x0000000080900000| PB 0x0000000080900000| Untracked 
|  10|0x0000000080a00000, 0x0000000080b00000, 0x0000000080b00000|100%| O|  |TAMS 0x0000000080a00000| PB 0x0000000080a00000| Untracked 
|  11|0x0000000080b00000, 0x0000000080c00000, 0x0000000080c00000|100%| O|  |TAMS 0x0000000080b00000| PB 0x0000000080b00000| Untracked 
|  12|0x0000000080c00000, 0x0000000080d00000, 0x0000000080d00000|100%| O|  |TAMS 0x0000000080c00000| PB 0x0000000080c00000| Untracked 
|  13|0x0000000080d00000, 0x0000000080e00000, 0x0000000080e00000|100%| O|  |TAMS 0x0000000080d00000| PB 0x0000000080d00000| Untracked 
|  14|0x0000000080e00000, 0x0000000080f00000, 0x0000000080f00000|100%| O|  |TAMS 0x0000000080e00000| PB 0x0000000080e00000| Untracked 
|  15|0x0000000080f00000, 0x0000000081000000, 0x0000000081000000|100%| O|  |TAMS 0x0000000080f00000| PB 0x0000000080f00000| Untracked 
|  16|0x0000000081000000, 0x0000000081100000, 0x0000000081100000|100%| O|  |TAMS 0x0000000081000000| PB 0x0000000081000000| Untracked 
|  17|0x0000000081100000, 0x0000000081200000, 0x0000000081200000|100%| O|  |TAMS 0x0000000081100000| PB 0x0000000081100000| Untracked 
|  18|0x0000000081200000, 0x0000000081300000, 0x0000000081300000|100%| O|  |TAMS 0x0000000081200000| PB 0x0000000081200000| Untracked 
|  19|0x0000000081300000, 0x0000000081400000, 0x0000000081400000|100%| O|  |TAMS 0x0000000081300000| PB 0x0000000081300000| Untracked 
|  20|0x0000000081400000, 0x0000000081500000, 0x0000000081500000|100%| O|  |TAMS 0x0000000081400000| PB 0x0000000081400000| Untracked 
|  21|0x0000000081500000, 0x0000000081600000, 0x0000000081600000|100%| O|  |TAMS 0x0000000081500000| PB 0x0000000081500000| Untracked 
|  22|0x0000000081600000, 0x0000000081700000, 0x0000000081700000|100%| O|  |TAMS 0x0000000081600000| PB 0x0000000081600000| Untracked 
|  23|0x0000000081700000, 0x0000000081800000, 0x0000000081800000|100%| O|  |TAMS 0x0000000081700000| PB 0x0000000081700000| Untracked 
|  24|0x0000000081800000, 0x0000000081900000, 0x0000000081900000|100%| O|  |TAMS 0x0000000081800000| PB 0x0000000081800000| Untracked 
|  25|0x0000000081900000, 0x0000000081a00000, 0x0000000081a00000|100%| O|  |TAMS 0x0000000081900000| PB 0x0000000081900000| Untracked 
|  26|0x0000000081a00000, 0x0000000081b00000, 0x0000000081b00000|100%| O|  |TAMS 0x0000000081a00000| PB 0x0000000081a00000| Untracked 
|  27|0x0000000081b00000, 0x0000000081c00000, 0x0000000081c00000|100%| O|  |TAMS 0x0000000081b00000| PB 0x0000000081b00000| Untracked 
|  28|0x0000000081c00000, 0x0000000081d00000, 0x0000000081d00000|100%| O|  |TAMS 0x0000000081c00000| PB 0x0000000081c00000| Untracked 
|  29|0x0000000081d00000, 0x0000000081e00000, 0x0000000081e00000|100%| O|  |TAMS 0x0000000081d00000| PB 0x0000000081d00000| Untracked 
|  30|0x0000000081e00000, 0x0000000081f00000, 0x0000000081f00000|100%|HS|  |TAMS 0x0000000081e00000| PB 0x0000000081e00000| Complete 
|  31|0x0000000081f00000, 0x0000000082000000, 0x0000000082000000|100%|HC|  |TAMS 0x0000000081f00000| PB 0x0000000081f00000| Complete 
|  32|0x0000000082000000, 0x0000000082100000, 0x0000000082100000|100%|HS|  |TAMS 0x0000000082000000| PB 0x0000000082000000| Complete 
|  33|0x0000000082100000, 0x0000000082200000, 0x0000000082200000|100%|HC|  |TAMS 0x0000000082100000| PB 0x0000000082100000| Complete 
|  34|0x0000000082200000, 0x0000000082300000, 0x0000000082300000|100%| O|  |TAMS 0x0000000082200000| PB 0x0000000082200000| Untracked 
|  35|0x0000000082300000, 0x0000000082400000, 0x0000000082400000|100%| O|  |TAMS 0x0000000082300000| PB 0x0000000082300000| Untracked 
|  36|0x0000000082400000, 0x0000000082500000, 0x0000000082500000|100%| O|  |TAMS 0x0000000082400000| PB 0x0000000082400000| Untracked 
|  37|0x0000000082500000, 0x0000000082600000, 0x0000000082600000|100%|HS|  |TAMS 0x0000000082500000| PB 0x0000000082500000| Complete 
|  38|0x0000000082600000, 0x0000000082700000, 0x0000000082700000|100%| O|  |TAMS 0x0000000082600000| PB 0x0000000082600000| Untracked 
|  39|0x0000000082700000, 0x0000000082800000, 0x0000000082800000|100%| O|  |TAMS 0x0000000082700000| PB 0x0000000082700000| Untracked 
|  40|0x0000000082800000, 0x0000000082900000, 0x0000000082900000|100%| O|  |TAMS 0x0000000082800000| PB 0x0000000082800000| Untracked 
|  41|0x0000000082900000, 0x0000000082a00000, 0x0000000082a00000|100%| O|  |TAMS 0x0000000082900000| PB 0x0000000082900000| Untracked 
|  42|0x0000000082a00000, 0x0000000082b00000, 0x0000000082b00000|100%| O|  |TAMS 0x0000000082a00000| PB 0x0000000082a00000| Untracked 
|  43|0x0000000082b00000, 0x0000000082c00000, 0x0000000082c00000|100%|HS|  |TAMS 0x0000000082b00000| PB 0x0000000082b00000| Complete 
|  44|0x0000000082c00000, 0x0000000082d00000, 0x0000000082d00000|100%| O|  |TAMS 0x0000000082c00000| PB 0x0000000082c00000| Untracked 
|  45|0x0000000082d00000, 0x0000000082e00000, 0x0000000082e00000|100%| O|  |TAMS 0x0000000082d00000| PB 0x0000000082d00000| Untracked 
|  46|0x0000000082e00000, 0x0000000082f00000, 0x0000000082f00000|100%| O|  |TAMS 0x0000000082e00000| PB 0x0000000082e00000| Untracked 
|  47|0x0000000082f00000, 0x0000000083000000, 0x0000000083000000|100%| O|  |TAMS 0x0000000082f00000| PB 0x0000000082f00000| Untracked 
|  48|0x0000000083000000, 0x0000000083100000, 0x0000000083100000|100%| O|  |TAMS 0x0000000083000000| PB 0x0000000083000000| Untracked 
|  49|0x0000000083100000, 0x0000000083200000, 0x0000000083200000|100%| O|  |TAMS 0x0000000083100000| PB 0x0000000083100000| Untracked 
|  50|0x0000000083200000, 0x0000000083300000, 0x0000000083300000|100%| O|  |TAMS 0x0000000083200000| PB 0x0000000083200000| Untracked 
|  51|0x0000000083300000, 0x0000000083400000, 0x0000000083400000|100%| O|  |TAMS 0x0000000083300000| PB 0x0000000083300000| Untracked 
|  52|0x0000000083400000, 0x0000000083500000, 0x0000000083500000|100%| O|Cm|TAMS 0x0000000083400000| PB 0x0000000083400000| Complete 
|  53|0x0000000083500000, 0x0000000083600000, 0x0000000083600000|100%| O|  |TAMS 0x0000000083500000| PB 0x0000000083500000| Untracked 
|  54|0x0000000083600000, 0x0000000083700000, 0x0000000083700000|100%| O|  |TAMS 0x0000000083600000| PB 0x0000000083600000| Untracked 
|  55|0x0000000083700000, 0x0000000083800000, 0x0000000083800000|100%| O|Cm|TAMS 0x0000000083700000| PB 0x0000000083700000| Complete 
|  56|0x0000000083800000, 0x0000000083900000, 0x0000000083900000|100%| O|  |TAMS 0x0000000083800000| PB 0x0000000083800000| Untracked 
|  57|0x0000000083900000, 0x0000000083a00000, 0x0000000083a00000|100%| O|  |TAMS 0x0000000083900000| PB 0x0000000083900000| Untracked 
|  58|0x0000000083a00000, 0x0000000083b00000, 0x0000000083b00000|100%| O|  |TAMS 0x0000000083a00000| PB 0x0000000083a00000| Untracked 
|  59|0x0000000083b00000, 0x0000000083b2b000, 0x0000000083c00000| 16%| O|  |TAMS 0x0000000083b00000| PB 0x0000000083b00000| Untracked 
|  60|0x0000000083c00000, 0x0000000083d00000, 0x0000000083d00000|100%|HS|  |TAMS 0x0000000083c00000| PB 0x0000000083c00000| Complete 
|  61|0x0000000083d00000, 0x0000000083e00000, 0x0000000083e00000|100%|HC|  |TAMS 0x0000000083d00000| PB 0x0000000083d00000| Complete 
|  62|0x0000000083e00000, 0x0000000083f00000, 0x0000000083f00000|100%|HS|  |TAMS 0x0000000083e00000| PB 0x0000000083e00000| Complete 
|  63|0x0000000083f00000, 0x0000000084000000, 0x0000000084000000|100%|HS|  |TAMS 0x0000000083f00000| PB 0x0000000083f00000| Complete 
|  64|0x0000000084000000, 0x0000000084100000, 0x0000000084100000|100%| O|  |TAMS 0x0000000084000000| PB 0x0000000084000000| Untracked 
|  65|0x0000000084100000, 0x0000000084200000, 0x0000000084200000|100%|HS|  |TAMS 0x0000000084100000| PB 0x0000000084100000| Complete 
|  66|0x0000000084200000, 0x0000000084300000, 0x0000000084300000|100%|HC|  |TAMS 0x0000000084200000| PB 0x0000000084200000| Complete 
|  67|0x0000000084300000, 0x0000000084400000, 0x0000000084400000|100%|HS|  |TAMS 0x0000000084300000| PB 0x0000000084300000| Complete 
|  68|0x0000000084400000, 0x0000000084500000, 0x0000000084500000|100%| O|  |TAMS 0x0000000084400000| PB 0x0000000084400000| Untracked 
|  69|0x0000000084500000, 0x0000000084600000, 0x0000000084600000|100%| O|  |TAMS 0x0000000084500000| PB 0x0000000084500000| Untracked 
|  70|0x0000000084600000, 0x0000000084700000, 0x0000000084700000|100%| O|  |TAMS 0x0000000084600000| PB 0x0000000084600000| Untracked 
|  71|0x0000000084700000, 0x0000000084800000, 0x0000000084800000|100%| O|  |TAMS 0x0000000084700000| PB 0x0000000084700000| Untracked 
|  72|0x0000000084800000, 0x0000000084900000, 0x0000000084900000|100%| O|  |TAMS 0x0000000084800000| PB 0x0000000084800000| Untracked 
|  73|0x0000000084900000, 0x0000000084a00000, 0x0000000084a00000|100%| O|  |TAMS 0x0000000084900000| PB 0x0000000084900000| Untracked 
|  74|0x0000000084a00000, 0x0000000084b00000, 0x0000000084b00000|100%| O|  |TAMS 0x0000000084a00000| PB 0x0000000084a00000| Untracked 
|  75|0x0000000084b00000, 0x0000000084c00000, 0x0000000084c00000|100%| O|  |TAMS 0x0000000084b00000| PB 0x0000000084b00000| Untracked 
|  76|0x0000000084c00000, 0x0000000084d00000, 0x0000000084d00000|100%| O|  |TAMS 0x0000000084c00000| PB 0x0000000084c00000| Untracked 
|  77|0x0000000084d00000, 0x0000000084e00000, 0x0000000084e00000|100%|HS|  |TAMS 0x0000000084d00000| PB 0x0000000084d00000| Complete 
|  78|0x0000000084e00000, 0x0000000084f00000, 0x0000000084f00000|100%| O|  |TAMS 0x0000000084e00000| PB 0x0000000084e00000| Untracked 
|  79|0x0000000084f00000, 0x0000000085000000, 0x0000000085000000|100%| O|  |TAMS 0x0000000084f00000| PB 0x0000000084f00000| Untracked 
|  80|0x0000000085000000, 0x0000000085100000, 0x0000000085100000|100%| O|  |TAMS 0x0000000085000000| PB 0x0000000085000000| Untracked 
|  81|0x0000000085100000, 0x0000000085200000, 0x0000000085200000|100%| O|Cm|TAMS 0x0000000085100000| PB 0x0000000085100000| Complete 
|  82|0x0000000085200000, 0x0000000085300000, 0x0000000085300000|100%| O|  |TAMS 0x0000000085200000| PB 0x0000000085200000| Untracked 
|  83|0x0000000085300000, 0x0000000085400000, 0x0000000085400000|100%| O|  |TAMS 0x0000000085300000| PB 0x0000000085300000| Untracked 
|  84|0x0000000085400000, 0x0000000085500000, 0x0000000085500000|100%| O|  |TAMS 0x0000000085400000| PB 0x0000000085400000| Untracked 
|  85|0x0000000085500000, 0x0000000085600000, 0x0000000085600000|100%| O|  |TAMS 0x0000000085500000| PB 0x0000000085500000| Untracked 
|  86|0x0000000085600000, 0x0000000085700000, 0x0000000085700000|100%| O|  |TAMS 0x0000000085600000| PB 0x0000000085600000| Untracked 
|  87|0x0000000085700000, 0x0000000085800000, 0x0000000085800000|100%| O|  |TAMS 0x0000000085700000| PB 0x0000000085700000| Untracked 
|  88|0x0000000085800000, 0x0000000085900000, 0x0000000085900000|100%|HS|  |TAMS 0x0000000085800000| PB 0x0000000085800000| Complete 
|  89|0x0000000085900000, 0x0000000085a00000, 0x0000000085a00000|100%| O|  |TAMS 0x0000000085900000| PB 0x0000000085900000| Untracked 
|  90|0x0000000085a00000, 0x0000000085b00000, 0x0000000085b00000|100%|HS|  |TAMS 0x0000000085a00000| PB 0x0000000085a00000| Complete 
|  91|0x0000000085b00000, 0x0000000085c00000, 0x0000000085c00000|100%|HC|  |TAMS 0x0000000085b00000| PB 0x0000000085b00000| Complete 
|  92|0x0000000085c00000, 0x0000000085d00000, 0x0000000085d00000|100%|HS|  |TAMS 0x0000000085c00000| PB 0x0000000085c00000| Complete 
|  93|0x0000000085d00000, 0x0000000085e00000, 0x0000000085e00000|100%|HC|  |TAMS 0x0000000085d00000| PB 0x0000000085d00000| Complete 
|  94|0x0000000085e00000, 0x0000000085e00000, 0x0000000085f00000|  0%| F|  |TAMS 0x0000000085e00000| PB 0x0000000085e00000| Untracked 
|  95|0x0000000085f00000, 0x0000000085f00000, 0x0000000086000000|  0%| F|  |TAMS 0x0000000085f00000| PB 0x0000000085f00000| Untracked 
|  96|0x0000000086000000, 0x0000000086000000, 0x0000000086100000|  0%| F|  |TAMS 0x0000000086000000| PB 0x0000000086000000| Untracked 
|  97|0x0000000086100000, 0x0000000086100000, 0x0000000086200000|  0%| F|  |TAMS 0x0000000086100000| PB 0x0000000086100000| Untracked 
|  98|0x0000000086200000, 0x0000000086200000, 0x0000000086300000|  0%| F|  |TAMS 0x0000000086200000| PB 0x0000000086200000| Untracked 
|  99|0x0000000086300000, 0x0000000086300000, 0x0000000086400000|  0%| F|  |TAMS 0x0000000086300000| PB 0x0000000086300000| Untracked 
| 100|0x0000000086400000, 0x0000000086400000, 0x0000000086500000|  0%| F|  |TAMS 0x0000000086400000| PB 0x0000000086400000| Untracked 
| 101|0x0000000086500000, 0x0000000086500000, 0x0000000086600000|  0%| F|  |TAMS 0x0000000086500000| PB 0x0000000086500000| Untracked 
| 102|0x0000000086600000, 0x0000000086600000, 0x0000000086700000|  0%| F|  |TAMS 0x0000000086600000| PB 0x0000000086600000| Untracked 
| 103|0x0000000086700000, 0x0000000086700000, 0x0000000086800000|  0%| F|  |TAMS 0x0000000086700000| PB 0x0000000086700000| Untracked 
| 104|0x0000000086800000, 0x0000000086800000, 0x0000000086900000|  0%| F|  |TAMS 0x0000000086800000| PB 0x0000000086800000| Untracked 
| 105|0x0000000086900000, 0x0000000086900000, 0x0000000086a00000|  0%| F|  |TAMS 0x0000000086900000| PB 0x0000000086900000| Untracked 
| 106|0x0000000086a00000, 0x0000000086a00000, 0x0000000086b00000|  0%| F|  |TAMS 0x0000000086a00000| PB 0x0000000086a00000| Untracked 
| 107|0x0000000086b00000, 0x0000000086b00000, 0x0000000086c00000|  0%| F|  |TAMS 0x0000000086b00000| PB 0x0000000086b00000| Untracked 
| 108|0x0000000086c00000, 0x0000000086c00000, 0x0000000086d00000|  0%| F|  |TAMS 0x0000000086c00000| PB 0x0000000086c00000| Untracked 
| 109|0x0000000086d00000, 0x0000000086d00000, 0x0000000086e00000|  0%| F|  |TAMS 0x0000000086d00000| PB 0x0000000086d00000| Untracked 
| 110|0x0000000086e00000, 0x0000000086e00000, 0x0000000086f00000|  0%| F|  |TAMS 0x0000000086e00000| PB 0x0000000086e00000| Untracked 
| 111|0x0000000086f00000, 0x0000000086f00000, 0x0000000087000000|  0%| F|  |TAMS 0x0000000086f00000| PB 0x0000000086f00000| Untracked 
| 112|0x0000000087000000, 0x0000000087000000, 0x0000000087100000|  0%| F|  |TAMS 0x0000000087000000| PB 0x0000000087000000| Untracked 
| 113|0x0000000087100000, 0x0000000087100000, 0x0000000087200000|  0%| F|  |TAMS 0x0000000087100000| PB 0x0000000087100000| Untracked 
| 114|0x0000000087200000, 0x000000008727c170, 0x0000000087300000| 48%| S|CS|TAMS 0x0000000087200000| PB 0x0000000087200000| Complete 
| 115|0x0000000087300000, 0x0000000087400000, 0x0000000087400000|100%|HS|  |TAMS 0x0000000087300000| PB 0x0000000087300000| Complete 
| 116|0x0000000087400000, 0x0000000087500000, 0x0000000087500000|100%| S|CS|TAMS 0x0000000087400000| PB 0x0000000087400000| Complete 
| 117|0x0000000087500000, 0x0000000087600000, 0x0000000087600000|100%| S|CS|TAMS 0x0000000087500000| PB 0x0000000087500000| Complete 
| 118|0x0000000087600000, 0x0000000087700000, 0x0000000087700000|100%| S|CS|TAMS 0x0000000087600000| PB 0x0000000087600000| Complete 
| 119|0x0000000087700000, 0x0000000087800000, 0x0000000087800000|100%| S|CS|TAMS 0x0000000087700000| PB 0x0000000087700000| Complete 
| 120|0x0000000087800000, 0x0000000087900000, 0x0000000087900000|100%| S|CS|TAMS 0x0000000087800000| PB 0x0000000087800000| Complete 
| 121|0x0000000087900000, 0x0000000087a00000, 0x0000000087a00000|100%| S|CS|TAMS 0x0000000087900000| PB 0x0000000087900000| Complete 
| 122|0x0000000087a00000, 0x0000000087a00000, 0x0000000087b00000|  0%| F|  |TAMS 0x0000000087a00000| PB 0x0000000087a00000| Untracked 
| 123|0x0000000087b00000, 0x0000000087b00000, 0x0000000087c00000|  0%| F|  |TAMS 0x0000000087b00000| PB 0x0000000087b00000| Untracked 
| 124|0x0000000087c00000, 0x0000000087c00000, 0x0000000087d00000|  0%| F|  |TAMS 0x0000000087c00000| PB 0x0000000087c00000| Untracked 
| 125|0x0000000087d00000, 0x0000000087d00000, 0x0000000087e00000|  0%| F|  |TAMS 0x0000000087d00000| PB 0x0000000087d00000| Untracked 
| 126|0x0000000087e00000, 0x0000000087e00000, 0x0000000087f00000|  0%| F|  |TAMS 0x0000000087e00000| PB 0x0000000087e00000| Untracked 
| 127|0x0000000087f00000, 0x0000000087f00000, 0x0000000088000000|  0%| F|  |TAMS 0x0000000087f00000| PB 0x0000000087f00000| Untracked 
| 128|0x0000000088000000, 0x0000000088000000, 0x0000000088100000|  0%| F|  |TAMS 0x0000000088000000| PB 0x0000000088000000| Untracked 
| 129|0x0000000088100000, 0x0000000088100000, 0x0000000088200000|  0%| F|  |TAMS 0x0000000088100000| PB 0x0000000088100000| Untracked 
| 130|0x0000000088200000, 0x0000000088200000, 0x0000000088300000|  0%| F|  |TAMS 0x0000000088200000| PB 0x0000000088200000| Untracked 
| 131|0x0000000088300000, 0x0000000088300000, 0x0000000088400000|  0%| F|  |TAMS 0x0000000088300000| PB 0x0000000088300000| Untracked 
| 132|0x0000000088400000, 0x0000000088400000, 0x0000000088500000|  0%| F|  |TAMS 0x0000000088400000| PB 0x0000000088400000| Untracked 
| 133|0x0000000088500000, 0x0000000088500000, 0x0000000088600000|  0%| F|  |TAMS 0x0000000088500000| PB 0x0000000088500000| Untracked 
| 134|0x0000000088600000, 0x0000000088600000, 0x0000000088700000|  0%| F|  |TAMS 0x0000000088600000| PB 0x0000000088600000| Untracked 
| 135|0x0000000088700000, 0x0000000088700000, 0x0000000088800000|  0%| F|  |TAMS 0x0000000088700000| PB 0x0000000088700000| Untracked 
| 136|0x0000000088800000, 0x0000000088800000, 0x0000000088900000|  0%| F|  |TAMS 0x0000000088800000| PB 0x0000000088800000| Untracked 
| 137|0x0000000088900000, 0x0000000088900000, 0x0000000088a00000|  0%| F|  |TAMS 0x0000000088900000| PB 0x0000000088900000| Untracked 
| 138|0x0000000088a00000, 0x0000000088a00000, 0x0000000088b00000|  0%| F|  |TAMS 0x0000000088a00000| PB 0x0000000088a00000| Untracked 
| 139|0x0000000088b00000, 0x0000000088b00000, 0x0000000088c00000|  0%| F|  |TAMS 0x0000000088b00000| PB 0x0000000088b00000| Untracked 
| 140|0x0000000088c00000, 0x0000000088c00000, 0x0000000088d00000|  0%| F|  |TAMS 0x0000000088c00000| PB 0x0000000088c00000| Untracked 
| 141|0x0000000088d00000, 0x0000000088d00000, 0x0000000088e00000|  0%| F|  |TAMS 0x0000000088d00000| PB 0x0000000088d00000| Untracked 
| 142|0x0000000088e00000, 0x0000000088e00000, 0x0000000088f00000|  0%| F|  |TAMS 0x0000000088e00000| PB 0x0000000088e00000| Untracked 
| 143|0x0000000088f00000, 0x0000000088f00000, 0x0000000089000000|  0%| F|  |TAMS 0x0000000088f00000| PB 0x0000000088f00000| Untracked 
| 144|0x0000000089000000, 0x0000000089000000, 0x0000000089100000|  0%| F|  |TAMS 0x0000000089000000| PB 0x0000000089000000| Untracked 
| 145|0x0000000089100000, 0x0000000089100000, 0x0000000089200000|  0%| F|  |TAMS 0x0000000089100000| PB 0x0000000089100000| Untracked 
| 146|0x0000000089200000, 0x0000000089200000, 0x0000000089300000|  0%| F|  |TAMS 0x0000000089200000| PB 0x0000000089200000| Untracked 
| 147|0x0000000089300000, 0x0000000089300000, 0x0000000089400000|  0%| F|  |TAMS 0x0000000089300000| PB 0x0000000089300000| Untracked 
| 148|0x0000000089400000, 0x0000000089400000, 0x0000000089500000|  0%| F|  |TAMS 0x0000000089400000| PB 0x0000000089400000| Untracked 
| 149|0x0000000089500000, 0x0000000089500000, 0x0000000089600000|  0%| F|  |TAMS 0x0000000089500000| PB 0x0000000089500000| Untracked 
| 150|0x0000000089600000, 0x0000000089600000, 0x0000000089700000|  0%| F|  |TAMS 0x0000000089600000| PB 0x0000000089600000| Untracked 
| 151|0x0000000089700000, 0x0000000089700000, 0x0000000089800000|  0%| F|  |TAMS 0x0000000089700000| PB 0x0000000089700000| Untracked 
| 152|0x0000000089800000, 0x0000000089800000, 0x0000000089900000|  0%| F|  |TAMS 0x0000000089800000| PB 0x0000000089800000| Untracked 
| 153|0x0000000089900000, 0x0000000089900000, 0x0000000089a00000|  0%| F|  |TAMS 0x0000000089900000| PB 0x0000000089900000| Untracked 
| 154|0x0000000089a00000, 0x0000000089a00000, 0x0000000089b00000|  0%| F|  |TAMS 0x0000000089a00000| PB 0x0000000089a00000| Untracked 
| 155|0x0000000089b00000, 0x0000000089b00000, 0x0000000089c00000|  0%| F|  |TAMS 0x0000000089b00000| PB 0x0000000089b00000| Untracked 
| 156|0x0000000089c00000, 0x0000000089c00000, 0x0000000089d00000|  0%| F|  |TAMS 0x0000000089c00000| PB 0x0000000089c00000| Untracked 
| 157|0x0000000089d00000, 0x0000000089d00000, 0x0000000089e00000|  0%| F|  |TAMS 0x0000000089d00000| PB 0x0000000089d00000| Untracked 
| 158|0x0000000089e00000, 0x0000000089e00000, 0x0000000089f00000|  0%| F|  |TAMS 0x0000000089e00000| PB 0x0000000089e00000| Untracked 
| 159|0x0000000089f00000, 0x0000000089f00000, 0x000000008a000000|  0%| F|  |TAMS 0x0000000089f00000| PB 0x0000000089f00000| Untracked 
| 160|0x000000008a000000, 0x000000008a080a60, 0x000000008a100000| 50%| E|  |TAMS 0x000000008a000000| PB 0x000000008a000000| Complete 
| 161|0x000000008a100000, 0x000000008a200000, 0x000000008a200000|100%| E|CS|TAMS 0x000000008a100000| PB 0x000000008a100000| Complete 
| 162|0x000000008a200000, 0x000000008a300000, 0x000000008a300000|100%| E|CS|TAMS 0x000000008a200000| PB 0x000000008a200000| Complete 
| 163|0x000000008a300000, 0x000000008a400000, 0x000000008a400000|100%| E|CS|TAMS 0x000000008a300000| PB 0x000000008a300000| Complete 
| 164|0x000000008a400000, 0x000000008a500000, 0x000000008a500000|100%| E|CS|TAMS 0x000000008a400000| PB 0x000000008a400000| Complete 
| 165|0x000000008a500000, 0x000000008a600000, 0x000000008a600000|100%| E|CS|TAMS 0x000000008a500000| PB 0x000000008a500000| Complete 
| 166|0x000000008a600000, 0x000000008a700000, 0x000000008a700000|100%| E|CS|TAMS 0x000000008a600000| PB 0x000000008a600000| Complete 
| 167|0x000000008a700000, 0x000000008a800000, 0x000000008a800000|100%| E|CS|TAMS 0x000000008a700000| PB 0x000000008a700000| Complete 
| 168|0x000000008a800000, 0x000000008a900000, 0x000000008a900000|100%| E|CS|TAMS 0x000000008a800000| PB 0x000000008a800000| Complete 
| 169|0x000000008a900000, 0x000000008aa00000, 0x000000008aa00000|100%| E|CS|TAMS 0x000000008a900000| PB 0x000000008a900000| Complete 
|2038|0x00000000ff600000, 0x00000000ff700000, 0x00000000ff700000|100%| O|  |TAMS 0x00000000ff600000| PB 0x00000000ff600000| Untracked 
|2039|0x00000000ff700000, 0x00000000ff800000, 0x00000000ff800000|100%| E|CS|TAMS 0x00000000ff700000| PB 0x00000000ff700000| Complete 
|2040|0x00000000ff800000, 0x00000000ff900000, 0x00000000ff900000|100%| E|CS|TAMS 0x00000000ff800000| PB 0x00000000ff800000| Complete 
|2041|0x00000000ff900000, 0x00000000ffa00000, 0x00000000ffa00000|100%| O|  |TAMS 0x00000000ff900000| PB 0x00000000ff900000| Untracked 
|2042|0x00000000ffa00000, 0x00000000ffb00000, 0x00000000ffb00000|100%| O|  |TAMS 0x00000000ffa00000| PB 0x00000000ffa00000| Untracked 
|2043|0x00000000ffb00000, 0x00000000ffc00000, 0x00000000ffc00000|100%| O|  |TAMS 0x00000000ffb00000| PB 0x00000000ffb00000| Untracked 
|2044|0x00000000ffc00000, 0x00000000ffd00000, 0x00000000ffd00000|100%| O|  |TAMS 0x00000000ffc00000| PB 0x00000000ffc00000| Untracked 
|2045|0x00000000ffd00000, 0x00000000ffe00000, 0x00000000ffe00000|100%| O|  |TAMS 0x00000000ffd00000| PB 0x00000000ffd00000| Untracked 
|2046|0x00000000ffe00000, 0x00000000fff00000, 0x00000000fff00000|100%| O|  |TAMS 0x00000000ffe00000| PB 0x00000000ffe00000| Untracked 
|2047|0x00000000fff00000, 0x0000000100000000, 0x0000000100000000|100%| O|  |TAMS 0x00000000fff00000| PB 0x00000000fff00000| Untracked 

Card table byte_map: [0x000001ed767e0000,0x000001ed76be0000] _byte_map_base: 0x000001ed763e0000

Marking Bits: (CMBitMap*) 0x000001ed72ce8480
 Bits: [0x000001ed76be0000, 0x000001ed78be0000)

Polling page: 0x000001ed70ac0000

Metaspace:

Usage:
  Non-class:     88.34 MB used.
      Class:     14.60 MB used.
       Both:    102.95 MB used.

Virtual space:
  Non-class space:      128.00 MB reserved,      89.50 MB ( 70%) committed,  2 nodes.
      Class space:      416.00 MB reserved,      15.75 MB (  4%) committed,  1 nodes.
             Both:      544.00 MB reserved,     105.25 MB ( 19%) committed. 

Chunk freelists:
   Non-Class:  5.80 MB
       Class:  292.00 KB
        Both:  6.08 MB

MaxMetaspaceSize: 512.00 MB
CompressedClassSpaceSize: 416.00 MB
Initial GC threshold: 21.00 MB
Current GC threshold: 173.75 MB
CDS: on
 - commit_granule_bytes: 65536.
 - commit_granule_words: 8192.
 - virtual_space_node_default_size: 8388608.
 - enlarge_chunks_in_place: 1.
 - use_allocation_guard: 0.


Internal statistics:

num_allocs_failed_limit: 12.
num_arena_births: 4300.
num_arena_deaths: 2.
num_vsnodes_births: 3.
num_vsnodes_deaths: 0.
num_space_committed: 1684.
num_space_uncommitted: 0.
num_chunks_returned_to_freelist: 14.
num_chunks_taken_from_freelist: 9277.
num_chunk_merges: 9.
num_chunk_splits: 6079.
num_chunks_enlarged: 3850.
num_inconsistent_stats: 0.

CodeHeap 'non-profiled nmethods': size=128192Kb used=6893Kb max_used=6969Kb free=121299Kb
 bounds [0x000001ed082d0000, 0x000001ed089a0000, 0x000001ed10000000]
CodeHeap 'profiled nmethods': size=128192Kb used=21799Kb max_used=21991Kb free=106392Kb
 bounds [0x000001ed00000000, 0x000001ed01580000, 0x000001ed07d30000]
CodeHeap 'non-nmethods': size=5760Kb used=2766Kb max_used=2789Kb free=2993Kb
 bounds [0x000001ed07d30000, 0x000001ed07ff0000, 0x000001ed082d0000]
CodeCache: size=262144Kb, used=31458Kb, max_used=31749Kb, free=230684Kb
 total_blobs=12346, nmethods=11324, adapters=926, full_count=0
Compilation: enabled, stopped_count=0, restarted_count=0

Compilation events (20 events):
Event: 203.559 Thread 0x000001ed7b77dd30 nmethod 13466 0x000001ed086ef410 code [0x000001ed086ef5a0, 0x000001ed086ef638]
Event: 203.561 Thread 0x000001ed7b77dd30 13467       4       java.lang.reflect.Method::getGenericInfo (28 bytes)
Event: 203.562 Thread 0x000001ed2f01c7d0 13468       3       sun.reflect.generics.reflectiveObjects.TypeVariableImpl::getBounds (34 bytes)
Event: 203.563 Thread 0x000001ed2f01c7d0 nmethod 13468 0x000001ed00a7e290 code [0x000001ed00a7e480, 0x000001ed00a7eae0]
Event: 203.563 Thread 0x000001ed2f01c7d0 13470       3       sun.reflect.generics.reflectiveObjects.WildcardTypeImpl::toString (161 bytes)
Event: 203.564 Thread 0x000001ed2f01c7d0 nmethod 13470 0x000001ed008f1a10 code [0x000001ed008f1d80, 0x000001ed008f33e0]
Event: 203.564 Thread 0x000001ed2f01c7d0 13469       3       com.sun.beans.WeakCache::get (42 bytes)
Event: 203.573 Thread 0x000001ed2f01c7d0 nmethod 13469 0x000001ed0093c790 code [0x000001ed0093c980, 0x000001ed0093ce90]
Event: 203.573 Thread 0x000001ed2f01c7d0 13472       3       java.util.TimSort::gallopLeft (335 bytes)
Event: 203.574 Thread 0x000001ed2f01c7d0 nmethod 13472 0x000001ed00562110 code [0x000001ed00562340, 0x000001ed00562dc0]
Event: 203.630 Thread 0x000001ed2f01c7d0 13473       3       java.beans.FeatureDescriptor::<init> (137 bytes)
Event: 203.631 Thread 0x000001ed2f01c7d0 nmethod 13473 0x000001ed00b13010 code [0x000001ed00b132c0, 0x000001ed00b14098]
Event: 203.633 Thread 0x000001ed2f01c7d0 13474       1       sun.reflect.generics.reflectiveObjects.GenericArrayTypeImpl::getGenericComponentType (5 bytes)
Event: 203.634 Thread 0x000001ed2f01c7d0 nmethod 13474 0x000001ed08754b90 code [0x000001ed08754d20, 0x000001ed08754de8]
Event: 203.634 Thread 0x000001ed2f01c7d0 13475       3       java.util.Hashtable$EntrySet::<init> (10 bytes)
Event: 203.634 Thread 0x000001ed2f01c7d0 nmethod 13475 0x000001ed00aaf090 code [0x000001ed00aaf240, 0x000001ed00aaf4c0]
Event: 203.635 Thread 0x000001ed2f01c7d0 13476       3       sun.reflect.generics.reflectiveObjects.TypeVariableImpl::equals (67 bytes)
Event: 203.635 Thread 0x000001ed2f01c7d0 nmethod 13476 0x000001ed00771d90 code [0x000001ed00771fc0, 0x000001ed00772920]
Event: 203.656 Thread 0x000001ed2f01c7d0 13477       3       com.sun.beans.TypeResolver::prepare (234 bytes)
Event: 203.711 Thread 0x000001ed2f01c7d0 nmethod 13477 0x000001ed0047cb10 code [0x000001ed0047cfa0, 0x000001ed0047f650]

GC Heap History (20 events):
Event: 126.441 GC heap before
{Heap before GC invocations=27 (full 0):
 garbage-first heap   total 136192K, used 115919K [0x0000000080000000, 0x0000000100000000)
  region size 1024K, 32 young (32768K), 2 survivors (2048K)
 Metaspace       used 82144K, committed 84288K, reserved 557056K
  class space    used 11732K, committed 12800K, reserved 425984K
}
Event: 126.447 GC heap after
{Heap after GC invocations=28 (full 0):
 garbage-first heap   total 136192K, used 88661K [0x0000000080000000, 0x0000000100000000)
  region size 1024K, 4 young (4096K), 4 survivors (4096K)
 Metaspace       used 82144K, committed 84288K, reserved 557056K
  class space    used 11732K, committed 12800K, reserved 425984K
}
Event: 131.762 GC heap before
{Heap before GC invocations=29 (full 0):
 garbage-first heap   total 148480K, used 133717K [0x0000000080000000, 0x0000000100000000)
  region size 1024K, 42 young (43008K), 4 survivors (4096K)
 Metaspace       used 84076K, committed 86208K, reserved 557056K
  class space    used 12010K, committed 13120K, reserved 425984K
}
Event: 131.771 GC heap after
{Heap after GC invocations=30 (full 0):
 garbage-first heap   total 148480K, used 93272K [0x0000000080000000, 0x0000000100000000)
  region size 1024K, 6 young (6144K), 6 survivors (6144K)
 Metaspace       used 84076K, committed 86208K, reserved 557056K
  class space    used 12010K, committed 13120K, reserved 425984K
}
Event: 141.456 GC heap before
{Heap before GC invocations=30 (full 0):
 garbage-first heap   total 148480K, used 134232K [0x0000000080000000, 0x0000000100000000)
  region size 1024K, 46 young (47104K), 6 survivors (6144K)
 Metaspace       used 87295K, committed 89472K, reserved 557056K
  class space    used 12434K, committed 13568K, reserved 425984K
}
Event: 141.477 GC heap after
{Heap after GC invocations=31 (full 0):
 garbage-first heap   total 148480K, used 94168K [0x0000000080000000, 0x0000000100000000)
  region size 1024K, 3 young (3072K), 3 survivors (3072K)
 Metaspace       used 87295K, committed 89472K, reserved 557056K
  class space    used 12434K, committed 13568K, reserved 425984K
}
Event: 148.029 GC heap before
{Heap before GC invocations=31 (full 0):
 garbage-first heap   total 148480K, used 135128K [0x0000000080000000, 0x0000000100000000)
  region size 1024K, 43 young (44032K), 3 survivors (3072K)
 Metaspace       used 90269K, committed 92416K, reserved 557056K
  class space    used 12832K, committed 13888K, reserved 425984K
}
Event: 148.043 GC heap after
{Heap after GC invocations=32 (full 0):
 garbage-first heap   total 148480K, used 96024K [0x0000000080000000, 0x0000000100000000)
  region size 1024K, 4 young (4096K), 4 survivors (4096K)
 Metaspace       used 90269K, committed 92416K, reserved 557056K
  class space    used 12832K, committed 13888K, reserved 425984K
}
Event: 159.578 GC heap before
{Heap before GC invocations=33 (full 0):
 garbage-first heap   total 160768K, used 135960K [0x0000000080000000, 0x0000000100000000)
  region size 1024K, 44 young (45056K), 4 survivors (4096K)
 Metaspace       used 91090K, committed 93312K, reserved 557056K
  class space    used 12933K, committed 14080K, reserved 425984K
}
Event: 159.648 GC heap after
{Heap after GC invocations=34 (full 0):
 garbage-first heap   total 160768K, used 101211K [0x0000000080000000, 0x0000000100000000)
  region size 1024K, 6 young (6144K), 6 survivors (6144K)
 Metaspace       used 91090K, committed 93312K, reserved 557056K
  class space    used 12933K, committed 14080K, reserved 425984K
}
Event: 169.822 GC heap before
{Heap before GC invocations=34 (full 0):
 garbage-first heap   total 160768K, used 145243K [0x0000000080000000, 0x0000000100000000)
  region size 1024K, 49 young (50176K), 6 survivors (6144K)
 Metaspace       used 94231K, committed 96576K, reserved 557056K
  class space    used 13369K, committed 14528K, reserved 425984K
}
Event: 169.865 GC heap after
{Heap after GC invocations=35 (full 0):
 garbage-first heap   total 160768K, used 101405K [0x0000000080000000, 0x0000000100000000)
  region size 1024K, 2 young (2048K), 2 survivors (2048K)
 Metaspace       used 94231K, committed 96576K, reserved 557056K
  class space    used 13369K, committed 14528K, reserved 425984K
}
Event: 170.500 GC heap before
{Heap before GC invocations=35 (full 0):
 garbage-first heap   total 160768K, used 110621K [0x0000000080000000, 0x0000000100000000)
  region size 1024K, 12 young (12288K), 2 survivors (2048K)
 Metaspace       used 95043K, committed 97344K, reserved 557056K
  class space    used 13482K, committed 14592K, reserved 425984K
}
Event: 170.516 GC heap after
{Heap after GC invocations=36 (full 0):
 garbage-first heap   total 160768K, used 101635K [0x0000000080000000, 0x0000000100000000)
  region size 1024K, 2 young (2048K), 2 survivors (2048K)
 Metaspace       used 95043K, committed 97344K, reserved 557056K
  class space    used 13482K, committed 14592K, reserved 425984K
}
Event: 175.569 GC heap before
{Heap before GC invocations=37 (full 0):
 garbage-first heap   total 173056K, used 148739K [0x0000000080000000, 0x0000000100000000)
  region size 1024K, 47 young (48128K), 2 survivors (2048K)
 Metaspace       used 98569K, committed 100864K, reserved 557056K
  class space    used 14114K, committed 15232K, reserved 425984K
}
Event: 175.576 GC heap after
{Heap after GC invocations=38 (full 0):
 garbage-first heap   total 173056K, used 103028K [0x0000000080000000, 0x0000000100000000)
  region size 1024K, 4 young (4096K), 4 survivors (4096K)
 Metaspace       used 98569K, committed 100864K, reserved 557056K
  class space    used 14114K, committed 15232K, reserved 425984K
}
Event: 185.910 GC heap before
{Heap before GC invocations=38 (full 0):
 garbage-first heap   total 173056K, used 157300K [0x0000000080000000, 0x0000000100000000)
  region size 1024K, 57 young (58368K), 4 survivors (4096K)
 Metaspace       used 102191K, committed 104576K, reserved 557056K
  class space    used 14605K, committed 15808K, reserved 425984K
}
Event: 185.931 GC heap after
{Heap after GC invocations=39 (full 0):
 garbage-first heap   total 173056K, used 103128K [0x0000000080000000, 0x0000000100000000)
  region size 1024K, 5 young (5120K), 5 survivors (5120K)
 Metaspace       used 102191K, committed 104576K, reserved 557056K
  class space    used 14605K, committed 15808K, reserved 425984K
}
Event: 200.628 GC heap before
{Heap before GC invocations=39 (full 0):
 garbage-first heap   total 173056K, used 141016K [0x0000000080000000, 0x0000000100000000)
  region size 1024K, 44 young (45056K), 5 survivors (5120K)
 Metaspace       used 104381K, committed 106752K, reserved 557056K
  class space    used 14909K, committed 16064K, reserved 425984K
}
Event: 200.669 GC heap after
{Heap after GC invocations=40 (full 0):
 garbage-first heap   total 173056K, used 106140K [0x0000000080000000, 0x0000000100000000)
  region size 1024K, 7 young (7168K), 7 survivors (7168K)
 Metaspace       used 104381K, committed 106752K, reserved 557056K
  class space    used 14909K, committed 16064K, reserved 425984K
}

Dll operation events (20 events):
Event: 0.157 Attempting to load shared library C:\Users\user5\.vscode\extensions\redhat.java-1.56.0-win32-x64\jre\21.0.12.1-win32-x86_64\bin\zip.dll
Event: 0.158 Loaded shared library C:\Users\user5\.vscode\extensions\redhat.java-1.56.0-win32-x64\jre\21.0.12.1-win32-x86_64\bin\zip.dll
Event: 0.326 Attempting to load shared library C:\Users\user5\.vscode\extensions\redhat.java-1.56.0-win32-x64\jre\21.0.12.1-win32-x86_64\bin\jimage.dll
Event: 0.326 Loaded shared library C:\Users\user5\.vscode\extensions\redhat.java-1.56.0-win32-x64\jre\21.0.12.1-win32-x86_64\bin\jimage.dll
Event: 0.416 Attempting to load shared library C:\Users\user5\.vscode\extensions\redhat.java-1.56.0-win32-x64\jre\21.0.12.1-win32-x86_64\bin\verify.dll
Event: 0.416 Loaded shared library C:\Users\user5\.vscode\extensions\redhat.java-1.56.0-win32-x64\jre\21.0.12.1-win32-x86_64\bin\verify.dll
Event: 0.530 Attempting to load shared library D:\gradle_cache\native\1def1411415f61bf3af743bc5b6707747c0891f09f0c88961ee8f79bc544acac\windows-amd64\native-platform.dll
Event: 0.531 Loaded shared library D:\gradle_cache\native\1def1411415f61bf3af743bc5b6707747c0891f09f0c88961ee8f79bc544acac\windows-amd64\native-platform.dll
Event: 0.535 Attempting to load shared library D:\gradle_cache\native\0.2.5\x86_64-windows-gnu\gradle-fileevents.dll
Event: 0.536 Loaded shared library D:\gradle_cache\native\0.2.5\x86_64-windows-gnu\gradle-fileevents.dll
Event: 1.095 Attempting to load shared library C:\Users\user5\.vscode\extensions\redhat.java-1.56.0-win32-x64\jre\21.0.12.1-win32-x86_64\bin\management.dll
Event: 1.096 Loaded shared library C:\Users\user5\.vscode\extensions\redhat.java-1.56.0-win32-x64\jre\21.0.12.1-win32-x86_64\bin\management.dll
Event: 1.098 Attempting to load shared library C:\Users\user5\.vscode\extensions\redhat.java-1.56.0-win32-x64\jre\21.0.12.1-win32-x86_64\bin\management_ext.dll
Event: 1.099 Loaded shared library C:\Users\user5\.vscode\extensions\redhat.java-1.56.0-win32-x64\jre\21.0.12.1-win32-x86_64\bin\management_ext.dll
Event: 1.267 Attempting to load shared library C:\Users\user5\.vscode\extensions\redhat.java-1.56.0-win32-x64\jre\21.0.12.1-win32-x86_64\bin\extnet.dll
Event: 1.268 Loaded shared library C:\Users\user5\.vscode\extensions\redhat.java-1.56.0-win32-x64\jre\21.0.12.1-win32-x86_64\bin\extnet.dll
Event: 1.428 Attempting to load shared library C:\Users\user5\.vscode\extensions\redhat.java-1.56.0-win32-x64\jre\21.0.12.1-win32-x86_64\bin\sunmscapi.dll
Event: 1.430 Loaded shared library C:\Users\user5\.vscode\extensions\redhat.java-1.56.0-win32-x64\jre\21.0.12.1-win32-x86_64\bin\sunmscapi.dll
Event: 5.506 Attempting to load shared library D:\temp\native-platform11777152918033800323dir\gradle-fileevents.dll
Event: 5.660 Loaded shared library D:\temp\native-platform11777152918033800323dir\gradle-fileevents.dll

Deoptimization events (20 events):
Event: 194.507 Thread 0x000001ed30460ac0 Uncommon trap: trap_request=0xffffffde fr.pc=0x000001ed0881ff9c relative=0x000000000000083c
Event: 194.507 Thread 0x000001ed30460ac0 Uncommon trap: reason=class_check action=maybe_recompile pc=0x000001ed0881ff9c method=org.gradle.tooling.internal.provider.runner.ClientBuildEventGenerator.finished(Lorg/gradle/internal/operations/BuildOperationDescriptor;Lorg/gradle/internal/operations/O
Event: 194.507 Thread 0x000001ed30460ac0 DEOPT PACKING pc=0x000001ed0881ff9c sp=0x00000096411fab80
Event: 194.507 Thread 0x000001ed30460ac0 DEOPT UNPACKING pc=0x000001ed07d84422 sp=0x00000096411fab40 mode 2
Event: 194.928 Thread 0x000001ed30460ac0 DEOPT PACKING pc=0x000001ed002eed82 sp=0x00000096411f9400
Event: 194.928 Thread 0x000001ed30460ac0 DEOPT UNPACKING pc=0x000001ed07d84bc2 sp=0x00000096411f8888 mode 0
Event: 195.005 Thread 0x000001ed30460ac0 Uncommon trap: trap_request=0xffffff45 fr.pc=0x000001ed0886c8c4 relative=0x0000000000000104
Event: 195.005 Thread 0x000001ed30460ac0 Uncommon trap: reason=unstable_if action=reinterpret pc=0x000001ed0886c8c4 method=java.lang.StrictMath.floorOrCeil(DDDD)D @ 115 c2
Event: 195.005 Thread 0x000001ed30460ac0 DEOPT PACKING pc=0x000001ed0886c8c4 sp=0x00000096411f9bf0
Event: 195.005 Thread 0x000001ed30460ac0 DEOPT UNPACKING pc=0x000001ed07d84422 sp=0x00000096411f9b58 mode 2
Event: 199.463 Thread 0x000001ed33eaf1f0 Uncommon trap: trap_request=0xffffffc6 fr.pc=0x000001ed0855c790 relative=0x0000000000003750
Event: 199.464 Thread 0x000001ed33eaf1f0 Uncommon trap: reason=bimorphic_or_optimized_type_check action=maybe_recompile pc=0x000001ed0855c790 method=java.util.concurrent.FutureTask.run()V @ 39 c2
Event: 199.464 Thread 0x000001ed33eaf1f0 DEOPT PACKING pc=0x000001ed0855c790 sp=0x000000963edfefa0
Event: 199.464 Thread 0x000001ed33eaf1f0 DEOPT UNPACKING pc=0x000001ed07d84422 sp=0x000000963edfefa8 mode 2
Event: 201.740 Thread 0x000001ed30460ac0 DEOPT PACKING pc=0x000001ed002eed82 sp=0x00000096411f90e0
Event: 201.740 Thread 0x000001ed30460ac0 DEOPT UNPACKING pc=0x000001ed07d84bc2 sp=0x00000096411f8568 mode 0
Event: 203.488 Thread 0x000001ed30460ac0 Uncommon trap: trap_request=0xffffff45 fr.pc=0x000001ed08767f6c relative=0x000000000000046c
Event: 203.488 Thread 0x000001ed30460ac0 Uncommon trap: reason=unstable_if action=reinterpret pc=0x000001ed08767f6c method=java.util.StringJoiner.add(Ljava/lang/CharSequence;)Ljava/util/StringJoiner; @ 33 c2
Event: 203.488 Thread 0x000001ed30460ac0 DEOPT PACKING pc=0x000001ed08767f6c sp=0x00000096411f6e70
Event: 203.488 Thread 0x000001ed30460ac0 DEOPT UNPACKING pc=0x000001ed07d84422 sp=0x00000096411f6e20 mode 2

Classes loaded (20 events):
Event: 170.735 Loading class jdk/internal/vm/annotation/ForceInline
Event: 170.735 Loading class jdk/internal/vm/annotation/ForceInline done
Event: 179.216 Loading class java/net/Proxy
Event: 179.217 Loading class java/net/Proxy done
Event: 179.217 Loading class java/net/Proxy$Type
Event: 179.218 Loading class java/net/Proxy$Type done
Event: 179.845 Loading class java/io/FileReader
Event: 179.845 Loading class java/io/FileReader done
Event: 201.924 Loading class sun/reflect/MagicAccessorImpl
Event: 201.924 Loading class sun/reflect/MagicAccessorImpl done
Event: 203.285 Loading class java/util/AbstractCollectionBeanInfo
Event: 203.285 Loading class java/util/AbstractCollectionBeanInfo done
Event: 203.285 Loading class java/util/AbstractCollectionBeanInfo
Event: 203.285 Loading class java/util/AbstractCollectionBeanInfo done
Event: 203.285 Loading class java/util/AbstractCollectionCustomizer
Event: 203.285 Loading class java/util/AbstractCollectionCustomizer done
Event: 203.286 Loading class java/util/AbstractCollectionCustomizer
Event: 203.286 Loading class java/util/AbstractCollectionCustomizer done
Event: 203.302 Loading class sun/reflect/generics/reflectiveObjects/GenericArrayTypeImpl
Event: 203.303 Loading class sun/reflect/generics/reflectiveObjects/GenericArrayTypeImpl done

Classes unloaded (1 events):
Event: 104.304 Thread 0x000001ed7b750040 Unloading class 0x000001ed117c0400 'java/lang/invoke/LambdaForm$DMH+0x000001ed117c0400'

Classes redefined (0 events):
No events

Internal exceptions (20 events):
Event: 202.519 Thread 0x000001ed30460ac0 Exception <a 'java/lang/ClassNotFoundException'{0x000000008a9445a8}: org/gradle/internal/metaobject/ConfigureDelegateBeanInfo> (0x000000008a9445a8) 
thrown [s\src\hotspot\share\classfile\systemDictionary.cpp, line 313]
Event: 202.590 Thread 0x000001ed30460ac0 Exception <a 'java/lang/ClassNotFoundException'{0x000000008a954940}: org/gradle/internal/metaobject/ConfigureDelegateCustomizer> (0x000000008a954940) 
thrown [s\src\hotspot\share\classfile\systemDictionary.cpp, line 313]
Event: 202.835 Thread 0x000001ed30460ac0 Exception <a 'java/lang/ClassNotFoundException'{0x000000008a9c1390}: org/gradle/api/internal/initialization/DefaultScriptHandler_DecoratedBeanInfo> (0x000000008a9c1390) 
thrown [s\src\hotspot\share\classfile\systemDictionary.cpp, line 313]
Event: 202.837 Thread 0x000001ed30460ac0 Exception <a 'java/lang/ClassNotFoundException'{0x000000008a9d27c0}: org/gradle/api/internal/initialization/DefaultScriptHandlerBeanInfo> (0x000000008a9d27c0) 
thrown [s\src\hotspot\share\classfile\systemDictionary.cpp, line 313]
Event: 202.851 Thread 0x000001ed30460ac0 Exception <a 'java/lang/ClassNotFoundException'{0x000000008a9e3bc0}: org/gradle/api/internal/initialization/DefaultScriptHandlerCustomizer> (0x000000008a9e3bc0) 
thrown [s\src\hotspot\share\classfile\systemDictionary.cpp, line 313]
Event: 202.870 Thread 0x000001ed30460ac0 Exception <a 'java/lang/ClassNotFoundException'{0x000000008a802778}: org/gradle/api/internal/initialization/DefaultScriptHandler_DecoratedCustomizer> (0x000000008a802778) 
thrown [s\src\hotspot\share\classfile\systemDictionary.cpp, line 313]
Event: 203.148 Thread 0x000001ed30460ac0 Exception <a 'java/lang/ClassNotFoundException'{0x000000008a4688f0}: org/gradle/api/internal/artifacts/dsl/DefaultRepositoryHandler_DecoratedBeanInfo> (0x000000008a4688f0) 
thrown [s\src\hotspot\share\classfile\systemDictionary.cpp, line 313]
Event: 203.177 Thread 0x000001ed30460ac0 Exception <a 'java/lang/ClassNotFoundException'{0x000000008a47e028}: org/gradle/api/internal/artifacts/dsl/DefaultRepositoryHandlerBeanInfo> (0x000000008a47e028) 
thrown [s\src\hotspot\share\classfile\systemDictionary.cpp, line 313]
Event: 203.235 Thread 0x000001ed30460ac0 Exception <a 'java/lang/ClassNotFoundException'{0x000000008a497558}: org/gradle/api/internal/artifacts/DefaultArtifactRepositoryContainerBeanInfo> (0x000000008a497558) 
thrown [s\src\hotspot\share\classfile\systemDictionary.cpp, line 313]
Event: 203.262 Thread 0x000001ed30460ac0 Exception <a 'java/lang/ClassNotFoundException'{0x000000008a4ab710}: org/gradle/api/internal/DefaultNamedDomainObjectListBeanInfo> (0x000000008a4ab710) 
thrown [s\src\hotspot\share\classfile\systemDictionary.cpp, line 313]
Event: 203.270 Thread 0x000001ed30460ac0 Exception <a 'java/lang/ClassNotFoundException'{0x000000008a4c0608}: org/gradle/api/internal/DefaultNamedDomainObjectCollectionBeanInfo> (0x000000008a4c0608) 
thrown [s\src\hotspot\share\classfile\systemDictionary.cpp, line 313]
Event: 203.285 Thread 0x000001ed30460ac0 Exception <a 'java/lang/ClassNotFoundException'{0x000000008a4d5538}: org/gradle/api/internal/DefaultDomainObjectCollectionBeanInfo> (0x000000008a4d5538) 
thrown [s\src\hotspot\share\classfile\systemDictionary.cpp, line 313]
Event: 203.285 Thread 0x000001ed30460ac0 Exception <a 'java/lang/ClassNotFoundException'{0x000000008a4dd9d0}: java/util/AbstractCollectionBeanInfo> (0x000000008a4dd9d0) 
thrown [s\src\hotspot\share\classfile\systemDictionary.cpp, line 313]
Event: 203.286 Thread 0x000001ed30460ac0 Exception <a 'java/lang/ClassNotFoundException'{0x000000008a4e5e48}: java/util/AbstractCollectionCustomizer> (0x000000008a4e5e48) 
thrown [s\src\hotspot\share\classfile\systemDictionary.cpp, line 313]
Event: 203.320 Thread 0x000001ed30460ac0 Exception <a 'java/lang/ClassNotFoundException'{0x000000008a30e060}: org/gradle/api/internal/DefaultDomainObjectCollectionCustomizer> (0x000000008a30e060) 
thrown [s\src\hotspot\share\classfile\systemDictionary.cpp, line 313]
Event: 203.369 Thread 0x000001ed30460ac0 Exception <a 'java/lang/ClassNotFoundException'{0x000000008a35ca80}: org/gradle/api/internal/DefaultNamedDomainObjectCollectionCustomizer> (0x000000008a35ca80) 
thrown [s\src\hotspot\share\classfile\systemDictionary.cpp, line 313]
Event: 203.428 Thread 0x000001ed30460ac0 Exception <a 'java/lang/ClassNotFoundException'{0x000000008a3b5ab8}: org/gradle/api/internal/DefaultNamedDomainObjectListCustomizer> (0x000000008a3b5ab8) 
thrown [s\src\hotspot\share\classfile\systemDictionary.cpp, line 313]
Event: 203.558 Thread 0x000001ed30460ac0 Exception <a 'java/lang/ClassNotFoundException'{0x000000008a2466c0}: org/gradle/api/internal/artifacts/DefaultArtifactRepositoryContainerCustomizer> (0x000000008a2466c0) 
thrown [s\src\hotspot\share\classfile\systemDictionary.cpp, line 313]
Event: 203.570 Thread 0x000001ed30460ac0 Exception <a 'java/lang/ClassNotFoundException'{0x000000008a2e57a8}: org/gradle/api/internal/artifacts/dsl/DefaultRepositoryHandlerCustomizer> (0x000000008a2e57a8) 
thrown [s\src\hotspot\share\classfile\systemDictionary.cpp, line 313]
Event: 203.654 Thread 0x000001ed30460ac0 Exception <a 'java/lang/ClassNotFoundException'{0x000000008a1b35c0}: org/gradle/api/internal/artifacts/dsl/DefaultRepositoryHandler_DecoratedCustomizer> (0x000000008a1b35c0) 
thrown [s\src\hotspot\share\classfile\systemDictionary.cpp, line 313]

ZGC Phase Switch (0 events):
No events

VM Operations (20 events):
Event: 195.146 Executing safepoint VM operation: Cleanup
Event: 195.147 Executing safepoint VM operation: Cleanup done
Event: 196.155 Executing safepoint VM operation: Cleanup
Event: 196.155 Executing safepoint VM operation: Cleanup done
Event: 199.193 Executing safepoint VM operation: Cleanup
Event: 199.209 Executing safepoint VM operation: Cleanup done
Event: 199.667 Executing non-safepoint VM operation: HandshakeAllThreads (Deoptimize)
Event: 199.668 Executing non-safepoint VM operation: HandshakeAllThreads (Deoptimize) done
Event: 200.628 Executing safepoint VM operation: G1TryInitiateConcMark (G1 Humongous Allocation)
Event: 200.669 Executing safepoint VM operation: G1TryInitiateConcMark (G1 Humongous Allocation) done
Event: 201.025 Executing safepoint VM operation: G1PauseRemark
Event: 201.126 Executing safepoint VM operation: G1PauseRemark done
Event: 201.164 Executing safepoint VM operation: G1PauseCleanup
Event: 201.345 Executing safepoint VM operation: G1PauseCleanup done
Event: 202.721 Executing non-safepoint VM operation: HandshakeAllThreads (Deoptimize)
Event: 202.721 Executing non-safepoint VM operation: HandshakeAllThreads (Deoptimize) done
Event: 202.721 Executing safepoint VM operation: Cleanup
Event: 202.721 Executing safepoint VM operation: Cleanup done
Event: 203.731 Executing safepoint VM operation: Cleanup
Event: 203.747 Executing safepoint VM operation: Cleanup done

Memory protections (0 events):
No events

Nmethod flushes (20 events):
Event: 201.110 Thread 0x000001ed7b750040 flushing  nmethod 0x000001ed00d1d810
Event: 201.110 Thread 0x000001ed7b750040 flushing  nmethod 0x000001ed08395290
Event: 201.110 Thread 0x000001ed7b750040 flushing  nmethod 0x000001ed08760810
Event: 201.110 Thread 0x000001ed7b750040 flushing  nmethod 0x000001ed088d9a10
Event: 201.110 Thread 0x000001ed7b750040 flushing  nmethod 0x000001ed001aad90
Event: 201.110 Thread 0x000001ed7b750040 flushing  nmethod 0x000001ed0037af10
Event: 201.110 Thread 0x000001ed7b750040 flushing osr nmethod 0x000001ed00413490
Event: 201.110 Thread 0x000001ed7b750040 flushing  nmethod 0x000001ed00517510
Event: 201.110 Thread 0x000001ed7b750040 flushing  nmethod 0x000001ed00867190
Event: 201.111 Thread 0x000001ed7b750040 flushing  nmethod 0x000001ed009fd990
Event: 201.111 Thread 0x000001ed7b750040 flushing  nmethod 0x000001ed00a82e90
Event: 201.111 Thread 0x000001ed7b750040 flushing  nmethod 0x000001ed00ab2890
Event: 201.111 Thread 0x000001ed7b750040 flushing  nmethod 0x000001ed00b13010
Event: 201.111 Thread 0x000001ed7b750040 flushing  nmethod 0x000001ed0006e210
Event: 201.111 Thread 0x000001ed7b750040 flushing  nmethod 0x000001ed0006f290
Event: 201.111 Thread 0x000001ed7b750040 flushing  nmethod 0x000001ed00070290
Event: 201.111 Thread 0x000001ed7b750040 flushing  nmethod 0x000001ed0070ee90
Event: 201.111 Thread 0x000001ed7b750040 flushing  nmethod 0x000001ed00710890
Event: 201.111 Thread 0x000001ed7b750040 flushing  nmethod 0x000001ed00771d90
Event: 201.111 Thread 0x000001ed7b750040 flushing  nmethod 0x000001ed00f1ca10

Events (20 events):
Event: 104.137 Thread 0x000001ed30460ac0 Thread added: 0x000001ed3385ab70
Event: 104.139 Thread 0x000001ed30460ac0 Thread added: 0x000001ed338600c0
Event: 104.155 Thread 0x000001ed30460ac0 Thread added: 0x000001ed33860750
Event: 104.164 Thread 0x000001ed30460ac0 Thread added: 0x000001ed3385e680
Event: 104.165 Thread 0x000001ed30460ac0 Thread added: 0x000001ed3385fa30
Event: 105.691 Thread 0x000001ed30460ac0 Thread added: 0x000001ed33ea9610
Event: 105.692 Thread 0x000001ed30460ac0 Thread added: 0x000001ed33ead120
Event: 105.702 Thread 0x000001ed30460ac0 Thread added: 0x000001ed33eaca90
Event: 105.703 Thread 0x000001ed30460ac0 Thread added: 0x000001ed33eaa9c0
Event: 105.704 Thread 0x000001ed30460ac0 Thread added: 0x000001ed33eabd70
Event: 105.709 Thread 0x000001ed30460ac0 Thread added: 0x000001ed33eab050
Event: 105.710 Thread 0x000001ed30460ac0 Thread added: 0x000001ed33ead7b0
Event: 105.710 Thread 0x000001ed30460ac0 Thread added: 0x000001ed33eaa330
Event: 105.711 Thread 0x000001ed30460ac0 Thread added: 0x000001ed33eade40
Event: 105.733 Thread 0x000001ed30460ac0 Thread added: 0x000001ed33eaeb60
Event: 105.751 Thread 0x000001ed30460ac0 Thread added: 0x000001ed33eac400
Event: 140.546 Thread 0x000001ed30460ac0 Thread added: 0x000001ed3a12c560
Event: 149.530 Thread 0x000001ed303f2e70 Thread exited: 0x000001ed303f2e70
Event: 155.719 Thread 0x000001ed2f10a590 Thread exited: 0x000001ed2f10a590
Event: 199.407 Thread 0x000001ed30460ac0 Thread added: 0x000001ed33eaf1f0


Dynamic libraries:
0x00007ff7a95b0000 - 0x00007ff7a95be000 	C:\Users\user5\.vscode\extensions\redhat.java-1.56.0-win32-x64\jre\21.0.12.1-win32-x86_64\bin\java.exe
0x00007ff8236e0000 - 0x00007ff823947000 	C:\WINDOWS\SYSTEM32\ntdll.dll
0x00007ff822840000 - 0x00007ff82290b000 	C:\WINDOWS\System32\KERNEL32.DLL
0x00007ff820b10000 - 0x00007ff820f12000 	C:\WINDOWS\System32\KERNELBASE.dll
0x00007ff8212a0000 - 0x00007ff8213ec000 	C:\WINDOWS\System32\ucrtbase.dll
0x00007ff810520000 - 0x00007ff810538000 	C:\Users\user5\.vscode\extensions\redhat.java-1.56.0-win32-x64\jre\21.0.12.1-win32-x86_64\bin\jli.dll
0x00007ff813580000 - 0x00007ff81359e000 	C:\Users\user5\.vscode\extensions\redhat.java-1.56.0-win32-x64\jre\21.0.12.1-win32-x86_64\bin\VCRUNTIME140.dll
0x00007ff822450000 - 0x00007ff82261f000 	C:\WINDOWS\System32\USER32.dll
0x00007ff820f20000 - 0x00007ff820f47000 	C:\WINDOWS\System32\win32u.dll
0x00007ff800850000 - 0x00007ff800ae0000 	C:\WINDOWS\WinSxS\amd64_microsoft.windows.common-controls_6595b64144ccf1df_6.0.26100.9278_none_3e0d1ba8e3303201\COMCTL32.dll
0x00007ff822760000 - 0x00007ff82278b000 	C:\WINDOWS\System32\GDI32.dll
0x00007ff822910000 - 0x00007ff8229b9000 	C:\WINDOWS\System32\msvcrt.dll
0x00007ff820f50000 - 0x00007ff821079000 	C:\WINDOWS\System32\gdi32full.dll
0x00007ff820a60000 - 0x00007ff820b03000 	C:\WINDOWS\System32\msvcp_win.dll
0x00007ff821400000 - 0x00007ff821431000 	C:\WINDOWS\System32\IMM32.DLL
0x00007ff818840000 - 0x00007ff81884c000 	C:\Users\user5\.vscode\extensions\redhat.java-1.56.0-win32-x64\jre\21.0.12.1-win32-x86_64\bin\vcruntime140_1.dll
0x00007fffefad0000 - 0x00007fffefb5d000 	C:\Users\user5\.vscode\extensions\redhat.java-1.56.0-win32-x64\jre\21.0.12.1-win32-x86_64\bin\msvcp140.dll
0x00007fff950e0000 - 0x00007fff95e82000 	C:\Users\user5\.vscode\extensions\redhat.java-1.56.0-win32-x64\jre\21.0.12.1-win32-x86_64\bin\server\jvm.dll
0x00007ff822680000 - 0x00007ff82273c000 	C:\WINDOWS\System32\ADVAPI32.dll
0x00007ff8234d0000 - 0x00007ff823579000 	C:\WINDOWS\System32\sechost.dll
0x00007ff823580000 - 0x00007ff823698000 	C:\WINDOWS\System32\RPCRT4.dll
0x00007ff8227b0000 - 0x00007ff822830000 	C:\WINDOWS\System32\WS2_32.dll
0x00007ff80c220000 - 0x00007ff80c256000 	C:\WINDOWS\SYSTEM32\WINMM.dll
0x00007ff81ffb0000 - 0x00007ff82000e000 	C:\WINDOWS\SYSTEM32\POWRPROF.dll
0x00007ff8142c0000 - 0x00007ff8142cb000 	C:\WINDOWS\SYSTEM32\VERSION.dll
0x00007ff81ff70000 - 0x00007ff81ff85000 	C:\WINDOWS\SYSTEM32\UMPDC.dll
0x00007ff81f5b0000 - 0x00007ff81f5cb000 	C:\WINDOWS\SYSTEM32\kernel.appcore.dll
0x00007ff816440000 - 0x00007ff81644a000 	C:\Users\user5\.vscode\extensions\redhat.java-1.56.0-win32-x64\jre\21.0.12.1-win32-x86_64\bin\jimage.dll
0x00007ff81de40000 - 0x00007ff81e08c000 	C:\WINDOWS\SYSTEM32\DBGHELP.DLL
0x00007ff8215c0000 - 0x00007ff821945000 	C:\WINDOWS\System32\combase.dll
0x00007ff821950000 - 0x00007ff821a29000 	C:\WINDOWS\System32\OLEAUT32.dll
0x00007ffff9420000 - 0x00007ffff945b000 	C:\WINDOWS\SYSTEM32\dbgcore.DLL
0x00007ff8208e0000 - 0x00007ff82098c000 	C:\WINDOWS\System32\bcryptPrimitives.dll
0x00007ff804240000 - 0x00007ff80424f000 	C:\Users\user5\.vscode\extensions\redhat.java-1.56.0-win32-x64\jre\21.0.12.1-win32-x86_64\bin\instrument.dll
0x00007ff801b30000 - 0x00007ff801b50000 	C:\Users\user5\.vscode\extensions\redhat.java-1.56.0-win32-x64\jre\21.0.12.1-win32-x86_64\bin\java.dll
0x00007ff822d30000 - 0x00007ff8234c8000 	C:\WINDOWS\System32\SHELL32.dll
0x00007ff81e340000 - 0x00007ff81ebee000 	C:\WINDOWS\SYSTEM32\windows.storage.dll
0x00007ff822b30000 - 0x00007ff822c2b000 	C:\WINDOWS\System32\SHCORE.dll
0x00007ff822ac0000 - 0x00007ff822b26000 	C:\WINDOWS\System32\shlwapi.dll
0x00007ff820800000 - 0x00007ff820829000 	C:\WINDOWS\SYSTEM32\profapi.dll
0x00007ffffca20000 - 0x00007ffffca38000 	C:\Users\user5\.vscode\extensions\redhat.java-1.56.0-win32-x64\jre\21.0.12.1-win32-x86_64\bin\zip.dll
0x00007ff8047d0000 - 0x00007ff8047e0000 	C:\Users\user5\.vscode\extensions\redhat.java-1.56.0-win32-x64\jre\21.0.12.1-win32-x86_64\bin\net.dll
0x00007ff816de0000 - 0x00007ff816f0a000 	C:\WINDOWS\SYSTEM32\WINHTTP.dll
0x00007ff81fbe0000 - 0x00007ff81fc4c000 	C:\WINDOWS\system32\mswsock.dll
0x00007ffffc410000 - 0x00007ffffc426000 	C:\Users\user5\.vscode\extensions\redhat.java-1.56.0-win32-x64\jre\21.0.12.1-win32-x86_64\bin\nio.dll
0x00007ff8039a0000 - 0x00007ff8039b0000 	C:\Users\user5\.vscode\extensions\redhat.java-1.56.0-win32-x64\jre\21.0.12.1-win32-x86_64\bin\verify.dll
0x00007ffffbfd0000 - 0x00007ffffbff7000 	D:\gradle_cache\native\1def1411415f61bf3af743bc5b6707747c0891f09f0c88961ee8f79bc544acac\windows-amd64\native-platform.dll
0x000000006bd40000 - 0x000000006bdb3000 	D:\gradle_cache\native\0.2.5\x86_64-windows-gnu\gradle-fileevents.dll
0x00007ff8163f0000 - 0x00007ff8163fa000 	C:\Users\user5\.vscode\extensions\redhat.java-1.56.0-win32-x64\jre\21.0.12.1-win32-x86_64\bin\management.dll
0x00007ff8163e0000 - 0x00007ff8163ec000 	C:\Users\user5\.vscode\extensions\redhat.java-1.56.0-win32-x64\jre\21.0.12.1-win32-x86_64\bin\management_ext.dll
0x00007ff822440000 - 0x00007ff822448000 	C:\WINDOWS\System32\PSAPI.DLL
0x00007ff81fef0000 - 0x00007ff81ff0b000 	C:\WINDOWS\SYSTEM32\CRYPTSP.dll
0x00007ff81f510000 - 0x00007ff81f549000 	C:\WINDOWS\system32\rsaenh.dll
0x00007ff81fc90000 - 0x00007ff81fcc4000 	C:\WINDOWS\SYSTEM32\USERENV.dll
0x00007ff8207d0000 - 0x00007ff8207fa000 	C:\WINDOWS\SYSTEM32\bcrypt.dll
0x00007ff81ff10000 - 0x00007ff81ff1c000 	C:\WINDOWS\SYSTEM32\CRYPTBASE.dll
0x00007ff81efb0000 - 0x00007ff81efe3000 	C:\WINDOWS\SYSTEM32\IPHLPAPI.DLL
0x00007ff822750000 - 0x00007ff82275a000 	C:\WINDOWS\System32\NSI.dll
0x00007ffffce70000 - 0x00007ffffce79000 	C:\Users\user5\.vscode\extensions\redhat.java-1.56.0-win32-x64\jre\21.0.12.1-win32-x86_64\bin\extnet.dll
0x00007ffffa2f0000 - 0x00007ffffa2fe000 	C:\Users\user5\.vscode\extensions\redhat.java-1.56.0-win32-x64\jre\21.0.12.1-win32-x86_64\bin\sunmscapi.dll
0x00007ff821080000 - 0x00007ff8211fe000 	C:\WINDOWS\System32\CRYPT32.dll
0x00007ff8201c0000 - 0x00007ff8201f0000 	C:\WINDOWS\SYSTEM32\ncrypt.dll
0x00007ff820170000 - 0x00007ff8201af000 	C:\WINDOWS\SYSTEM32\NTASN1.dll
0x00007ff813c90000 - 0x00007ff813c98000 	C:\WINDOWS\system32\wshunix.dll
0x000000006b390000 - 0x000000006b403000 	D:\temp\native-platform11777152918033800323dir\gradle-fileevents.dll

JVMTI agents:
D:\gradle_cache\wrapper\dists\gradle-8.12-all\ejduaidbjup3bmmkhw3rie4zb\gradle-8.12\lib\agents\gradle-instrumentation-agent-8.12.jar path:C:\Users\user5\.vscode\extensions\redhat.java-1.56.0-win32-x64\jre\21.0.12.1-win32-x86_64\bin\instrument.dll, loaded, initialized, instrumentlib options:none

dbghelp: loaded successfully - version: 4.0.5 - missing functions: none
symbol engine: initialized successfully - sym options: 0x614 - pdb path: .;C:\Users\user5\.vscode\extensions\redhat.java-1.56.0-win32-x64\jre\21.0.12.1-win32-x86_64\bin;C:\WINDOWS\SYSTEM32;C:\WINDOWS\WinSxS\amd64_microsoft.windows.common-controls_6595b64144ccf1df_6.0.26100.9278_none_3e0d1ba8e3303201;C:\Users\user5\.vscode\extensions\redhat.java-1.56.0-win32-x64\jre\21.0.12.1-win32-x86_64\bin\server;D:\gradle_cache\native\1def1411415f61bf3af743bc5b6707747c0891f09f0c88961ee8f79bc544acac\windows-amd64;D:\gradle_cache\native\0.2.5\x86_64-windows-gnu;D:\temp\native-platform11777152918033800323dir

VM Arguments:
jvm_args: --add-opens=java.base/java.lang=ALL-UNNAMED --add-opens=java.base/java.lang.invoke=ALL-UNNAMED --add-opens=java.base/java.util=ALL-UNNAMED --add-opens=java.prefs/java.util.prefs=ALL-UNNAMED --add-exports=jdk.compiler/com.sun.tools.javac.api=ALL-UNNAMED --add-exports=jdk.compiler/com.sun.tools.javac.util=ALL-UNNAMED --add-opens=java.base/java.util=ALL-UNNAMED --add-opens=java.prefs/java.util.prefs=ALL-UNNAMED --add-opens=java.base/java.nio.charset=ALL-UNNAMED --add-opens=java.base/java.net=ALL-UNNAMED --add-opens=java.base/java.util.concurrent.atomic=ALL-UNNAMED --add-opens=java.xml/javax.xml.namespace=ALL-UNNAMED -XX:MaxMetaspaceSize=512m -XX:ReservedCodeCacheSize=256m -XX:+HeapDumpOnOutOfMemoryError -Xmx2G -Dfile.encoding=UTF-8 -Duser.country=IN -Duser.language=en -Duser.variant -javaagent:D:\gradle_cache\wrapper\dists\gradle-8.12-all\ejduaidbjup3bmmkhw3rie4zb\gradle-8.12\lib\agents\gradle-instrumentation-agent-8.12.jar 
java_command: org.gradle.launcher.daemon.bootstrap.GradleDaemon 8.12
java_class_path (initial): D:\gradle_cache\wrapper\dists\gradle-8.12-all\ejduaidbjup3bmmkhw3rie4zb\gradle-8.12\lib\gradle-daemon-main-8.12.jar
Launcher Type: SUN_STANDARD

[Global flags]
     intx CICompilerCount                          = 4                                         {product} {ergonomic}
   size_t CompressedClassSpaceSize                 = 436207616                                 {product} {ergonomic}
     uint ConcGCThreads                            = 3                                         {product} {ergonomic}
     uint G1ConcRefinementThreads                  = 10                                        {product} {ergonomic}
   size_t G1HeapRegionSize                         = 1048576                                   {product} {ergonomic}
    uintx GCDrainStackTargetSize                   = 64                                        {product} {ergonomic}
     bool HeapDumpOnOutOfMemoryError               = true                                   {manageable} {command line}
   size_t InitialHeapSize                          = 130023424                                 {product} {ergonomic}
   size_t MarkStackSize                            = 4194304                                   {product} {ergonomic}
   size_t MaxHeapSize                              = 2147483648                                {product} {command line}
   size_t MaxMetaspaceSize                         = 536870912                                 {product} {command line}
   size_t MaxNewSize                               = 1287651328                                {product} {ergonomic}
   size_t MinHeapDeltaBytes                        = 1048576                                   {product} {ergonomic}
   size_t MinHeapSize                              = 8388608                                   {product} {ergonomic}
    uintx NonNMethodCodeHeapSize                   = 5839372                                {pd product} {ergonomic}
    uintx NonProfiledCodeHeapSize                  = 131298042                              {pd product} {ergonomic}
    uintx ProfiledCodeHeapSize                     = 131298042                              {pd product} {ergonomic}
    uintx ReservedCodeCacheSize                    = 268435456                              {pd product} {command line}
     bool SegmentedCodeCache                       = true                                      {product} {ergonomic}
   size_t SoftMaxHeapSize                          = 2147483648                             {manageable} {ergonomic}
     bool UseCompressedOops                        = true                           {product lp64_product} {ergonomic}
     bool UseG1GC                                  = true                                      {product} {ergonomic}
     bool UseLargePagesIndividualAllocation        = false                                  {pd product} {ergonomic}

Logging:
Log output configuration:
 #0: stdout all=warning uptime,level,tags foldmultilines=false
 #1: stderr all=off uptime,level,tags foldmultilines=false

Release file:
JAVA_VERSION="21.0.12.1" 
MODULES="java.base java.compiler java.datatransfer java.xml java.prefs java.desktop java.instrument java.logging java.management java.security.sasl java.naming java.rmi java.management.rmi java.net.http java.scripting java.security.jgss java.transaction.xa java.sql java.sql.rowset java.xml.crypto java.se java.smartcardio jdk.accessibility jdk.internal.jvmstat jdk.attach jdk.charsets jdk.internal.opt jdk.zipfs jdk.compiler jdk.crypto.ec jdk.crypto.cryptoki jdk.crypto.mscapi jdk.dynalink jdk.internal.ed jdk.editpad jdk.hotspot.agent jdk.httpserver jdk.internal.le jdk.internal.vm.ci jdk.internal.vm.compiler jdk.internal.vm.compiler.management jdk.jartool jdk.javadoc jdk.jcmd jdk.management jdk.management.agent jdk.jconsole jdk.jdeps jdk.jdwp.agent jdk.jdi jdk.jfr jdk.jshell jdk.jsobject jdk.jstatd jdk.localedata jdk.management.jfr jdk.naming.dns jdk.naming.rmi jdk.net jdk.nio.mapmode jdk.random jdk.sctp jdk.security.auth jdk.security.jgss jdk.unsupported jdk.unsupported.desktop jdk.xml.dom" 

Environment Variables:
PATH=C:\Program Files\Common Files\Oracle\Java\javapath;C:\windows\system32;C:\windows;C:\windows\System32\Wbem;C:\windows\System32\WindowsPowerShell\v1.0\;C:\windows\System32\OpenSSH\;C:\Program Files (x86)\NVIDIA Corporation\PhysX\Common;C:\Program Files\NVIDIA Corporation\NVIDIA NvDLISR;C:\Users\Administrator\AppData\Local\Microsoft\WindowsApps;C:\Program Files\HP\OMEN-Broadcast\Common;C:\WINDOWS\system32;C:\WINDOWS;C:\WINDOWS\System32\Wbem;C:\WINDOWS\System32\WindowsPowerShell\v1.0\;C:\WINDOWS\System32\OpenSSH\;C:\src\flutter\bin;C:\Users\user5\AppData\Local\Android\Sdk\platform-tools;C:\Program Files\MySQL\MySQL Server 8.0\bin;C:\Program Files\Git\cmd;C:\Program Files\Git\mingw64\bin;C:\src\flutter\bin;C:\Program Files\Git\usr\bin;C:\Program Files\nodejs\;C:\Program Files\MySQL\MySQL Shell 8.0\bin\;C:\Users\user5\AppData\Local\Microsoft\WindowsApps;C:\Users\user5\AppData\Local\Programs\Microsoft VS Code\bin;C:\MinGW\bin;C:\Program Files\JetBrains\IntelliJ IDEA Community Edition 2025.1.1.1\bin;C:\Program Files\Git\cmd;;C:\Users\user5\AppData\Local\Programs\Antigravity IDE\bin;C:\Users\user5\AppData\Roaming\npm
USERNAME=User
OS=Windows_NT
PROCESSOR_IDENTIFIER=Intel64 Family 6 Model 154 Stepping 3, GenuineIntel
TMP=D:\temp
TEMP=D:\temp




Periodic native trim disabled

---------------  S Y S T E M  ---------------

OS:
 Windows 11 , 64 bit Build 26100 (10.0.26100.9444)
OS uptime: 0 days 2:48 hours
Hyper-V role detected

CPU: total 12 (initial active 12) (6 cores per cpu, 2 threads per core) family 6 model 154 stepping 3 microcode 0x435, cx8, cmov, fxsr, ht, mmx, 3dnowpref, sse, sse2, sse3, ssse3, sse4.1, sse4.2, popcnt, lzcnt, tsc, tscinvbit, avx, avx2, aes, erms, clmul, bmi1, bmi2, adx, sha, fma, vzeroupper, clflush, clflushopt, clwb, hv, serialize, rdtscp, rdpid, fsrm, f16c, cet_ibt, cet_ss
Processor Information for the first 12 processors :
  Max Mhz: 2000, Current Mhz: 2000, Mhz Limit: 2000

Memory: 4k page, system-wide physical 7832M (275M free)
TotalPageFile size 28212M (AvailPageFile size 0M)
current process WorkingSet (physical memory assigned to process): 284M, peak: 322M
current process commit charge ("private bytes"): 507M, peak: 508M

vm_info: OpenJDK 64-Bit Server VM (21.0.12.1+1-LTS) for windows-amd64 JRE (21.0.12.1+1-LTS), built on 2026-08-18T00:00:00Z by "admin" with MS VC++ 17.12 (VS2022)

END.
