#
# There is insufficient memory for the Java Runtime Environment to continue.
# Native memory allocation (mmap) failed to map 1048576 bytes. Error detail: G1 virtual space
# Possible reasons:
#   The system is out of physical RAM or swap space
#   This process is running with CompressedOops enabled, and the Java Heap may be blocking the growth of the native heap
# Possible solutions:
#   Reduce memory load on the system
#   Increase physical memory or swap space
#   Check if swap backing store is full
#   Decrease Java heap size (-Xmx/-Xms)
#   Decrease number of Java threads
#   Decrease Java thread stack sizes (-Xss)
#   Set larger code cache with -XX:ReservedCodeCacheSize=
#   JVM is running with Unscaled Compressed Oops mode in which the Java heap is
#     placed in the first 4GB address space. The Java Heap base address is the
#     maximum limit for the native heap growth. Please use -XX:HeapBaseMinAddress
#     to set the Java Heap base and to place the Java Heap above 4GB virtual address.
# This output file may be truncated or incomplete.
#
#  Out of Memory Error (os_windows.cpp:3732), pid=35920, tid=36100
#
# JRE version: OpenJDK Runtime Environment Temurin-21.0.12.1+1 (21.0.12.1+1) (build 21.0.12.1+1-LTS)
# Java VM: OpenJDK 64-Bit Server VM Temurin-21.0.12.1+1 (21.0.12.1+1-LTS, mixed mode, sharing, tiered, compressed oops, compressed class ptrs, g1 gc, windows-amd64)
# No core dump will be written. Minidumps are not enabled by default on client versions of Windows
#

---------------  S U M M A R Y ------------

Command Line: --add-opens=java.base/java.lang=ALL-UNNAMED --add-opens=java.base/java.lang.invoke=ALL-UNNAMED --add-opens=java.base/java.util=ALL-UNNAMED --add-opens=java.prefs/java.util.prefs=ALL-UNNAMED --add-exports=jdk.compiler/com.sun.tools.javac.api=ALL-UNNAMED --add-exports=jdk.compiler/com.sun.tools.javac.util=ALL-UNNAMED --add-opens=java.base/java.util=ALL-UNNAMED --add-opens=java.prefs/java.util.prefs=ALL-UNNAMED --add-opens=java.base/java.nio.charset=ALL-UNNAMED --add-opens=java.base/java.net=ALL-UNNAMED --add-opens=java.base/java.util.concurrent.atomic=ALL-UNNAMED --add-opens=java.xml/javax.xml.namespace=ALL-UNNAMED -XX:MaxMetaspaceSize=512m -XX:ReservedCodeCacheSize=256m -XX:+HeapDumpOnOutOfMemoryError -Xmx2G -Dfile.encoding=UTF-8 -Duser.country=IN -Duser.language=en -Duser.variant -javaagent:D:\gradle_cache\wrapper\dists\gradle-8.12-all\ejduaidbjup3bmmkhw3rie4zb\gradle-8.12\lib\agents\gradle-instrumentation-agent-8.12.jar org.gradle.launcher.daemon.bootstrap.GradleDaemon 8.12

Host: 12th Gen Intel(R) Core(TM) i5-12450H, 12 cores, 7G,  Windows 11 , 64 bit Build 26100 (10.0.26100.9444)
Time: Sun Sep 13 16:29:46 2026 India Standard Time elapsed time: 550.173230 seconds (0d 0h 9m 10s)

---------------  T H R E A D  ---------------

Current thread (0x000001aac7861200):  WorkerThread "GC Thread#6"    [id=36100, stack(0x00000004ff700000,0x00000004ff800000) (1024K)]

Stack: [0x00000004ff700000,0x00000004ff800000]
Native frames: (J=compiled Java code, j=interpreted, Vv=VM code, C=native code)
V  [jvm.dll+0x6d83e9]
V  [jvm.dll+0x8b5736]
V  [jvm.dll+0x8b7cee]
V  [jvm.dll+0x8b83d3]
V  [jvm.dll+0x284596]
V  [jvm.dll+0x6d4d05]
V  [jvm.dll+0x6c898a]
V  [jvm.dll+0x35f2f8]
V  [jvm.dll+0x366f36]
V  [jvm.dll+0x3b7d4f]
V  [jvm.dll+0x3b83e4]
V  [jvm.dll+0x3b84af]
V  [jvm.dll+0x3347ac]
V  [jvm.dll+0x334505]
V  [jvm.dll+0x3231c6]
V  [jvm.dll+0x323fda]
V  [jvm.dll+0x324445]
V  [jvm.dll+0x323e3d]
V  [jvm.dll+0x361136]
V  [jvm.dll+0x3614aa]
V  [jvm.dll+0x36f35f]
V  [jvm.dll+0x22680d]
V  [jvm.dll+0x35ec8b]
V  [jvm.dll+0x228a18]
V  [jvm.dll+0x3701ec]
V  [jvm.dll+0x37002a]
V  [jvm.dll+0x377844]
V  [jvm.dll+0x3779bb]
V  [jvm.dll+0x8e3751]
V  [jvm.dll+0x8600cd]
V  [jvm.dll+0x6d6c1d]
C  [ucrtbase.dll+0x2cd30]
C  [KERNEL32.DLL+0x2cd87]
C  [ntdll.dll+0xacaec]


---------------  P R O C E S S  ---------------

Threads class SMR info:
_java_thread_list=0x000001aacbe303c0, length=141, elements={
0x000001aa8e39eac0, 0x000001aaa6feacb0, 0x000001aaa6fed720, 0x000001aaa6fef010,
0x000001aaa6feffb0, 0x000001aaa6ff51b0, 0x000001aaa6ff3cb0, 0x000001aaa70076b0,
0x000001aaa701e590, 0x000001aaa7206800, 0x000001aaa72d1bf0, 0x000001aac828a140,
0x000001aac85cabd0, 0x000001aac843e3d0, 0x000001aac84345a0, 0x000001aac841a090,
0x000001aac841b440, 0x000001aac841c7f0, 0x000001aac841bad0, 0x000001aaa70a9150,
0x000001aaa70aab90, 0x000001aaca074a80, 0x000001aaca32afa0, 0x000001aaca329560,
0x000001aaca0757a0, 0x000001aaca072320, 0x000001aaca0729b0, 0x000001aaca075e30,
0x000001aaca0764c0, 0x000001aaca073040, 0x000001aaca0792b0, 0x000001aaca077f00,
0x000001aaca078590, 0x000001aaca077870, 0x000001aaca076b50, 0x000001aaca0771e0,
0x000001aaca078c20, 0x000001aac841c160, 0x000001aac841d510, 0x000001aac841a720,
0x000001aac841adb0, 0x000001aaca32b630, 0x000001aaca32a280, 0x000001aaca328ed0,
0x000001aaca32bcc0, 0x000001aaa70a7da0, 0x000001aaa70a8ac0, 0x000001aaa70a9e70,
0x000001aac853ce10, 0x000001aac853a6b0, 0x000001aac853ad40, 0x000001aac853d4a0,
0x000001aac853b3d0, 0x000001aac853a020, 0x000001aac853db30, 0x000001aac853e1c0,
0x000001aac853e850, 0x000001aac853eee0, 0x000001aac853f570, 0x000001aac853c0f0,
0x000001aac853fc00, 0x000001aac8540290, 0x000001aac8540920, 0x000001aac8540fb0,
0x000001aac8541640, 0x000001aaa70a7710, 0x000001aaca075110, 0x000001aac7cb1270,
0x000001aac7cafec0, 0x000001aac7cb1900, 0x000001aac7cb1f90, 0x000001aac7caeb10,
0x000001aac7cb0550, 0x000001aac7cb2620, 0x000001aac7caf1a0, 0x000001aac7cb2cb0,
0x000001aac7caf830, 0x000001aac7cb3340, 0x000001aac7cb39d0, 0x000001aac7cb4060,
0x000001aac7cb0be0, 0x000001aac7cb46f0, 0x000001aac7cb4d80, 0x000001aac7cb5410,
0x000001aac7cb5aa0, 0x000001aac7cb6130, 0x000001aac7e6b350, 0x000001aac7e6b9e0,
0x000001aac7e6c070, 0x000001aac7e6acc0, 0x000001aac7e6c700, 0x000001aac7e6cd90,
0x000001aac7e69910, 0x000001aac7e69fa0, 0x000001aac7e6a630, 0x000001aac8dc6410,
0x000001aac8dc5d80, 0x000001aac8dc56f0, 0x000001aac8dc7e50, 0x000001aac8dc7130,
0x000001aac8dc84e0, 0x000001aac8dc6aa0, 0x000001aac8dc77c0, 0x000001aac8dc5060,
0x000001aac8dca5b0, 0x000001aac8dc9f20, 0x000001aac8dcb2d0, 0x000001aac8dc8b70,
0x000001aac8dc9200, 0x000001aac8dcac40, 0x000001aac8dcb960, 0x000001aac8dc9890,
0x000001aac8dcbff0, 0x000001aac8dcc680, 0x000001aaca5f3400, 0x000001aaca5f2050,
0x000001aaca5f47b0, 0x000001aaca5f5b60, 0x000001aaca5f2d70, 0x000001aaca5f3a90,
0x000001aaca5f4120, 0x000001aaca5f4e40, 0x000001aaca5f54d0, 0x000001aaca5f26e0,
0x000001aaca5f61f0, 0x000001aaca5f6880, 0x000001aaca5f75a0, 0x000001aaca5f6f10,
0x000001aaca5f7c30, 0x000001aaca5f82c0, 0x000001aaca5f8950, 0x000001aaca5f8fe0,
0x000001aaca5f9670, 0x000001aaca60c7e0, 0x000001aaca60bac0, 0x000001aaca60c150,
0x000001aaca60a710, 0x000001aaca60a080, 0x000001aaca60d500, 0x000001aad107a080,
0x000001aad107bac0
}

Java Threads: ( => current thread )
  0x000001aa8e39eac0 JavaThread "main"                              [_thread_blocked, id=35972, stack(0x00000004fe000000,0x00000004fe100000) (1024K)]
  0x000001aaa6feacb0 JavaThread "Reference Handler"          daemon [_thread_blocked, id=36004, stack(0x00000004fe800000,0x00000004fe900000) (1024K)]
  0x000001aaa6fed720 JavaThread "Finalizer"                  daemon [_thread_blocked, id=36008, stack(0x00000004fe900000,0x00000004fea00000) (1024K)]
  0x000001aaa6fef010 JavaThread "Signal Dispatcher"          daemon [_thread_blocked, id=36012, stack(0x00000004fea00000,0x00000004feb00000) (1024K)]
  0x000001aaa6feffb0 JavaThread "Attach Listener"            daemon [_thread_blocked, id=36016, stack(0x00000004feb00000,0x00000004fec00000) (1024K)]
  0x000001aaa6ff51b0 JavaThread "Service Thread"             daemon [_thread_blocked, id=36020, stack(0x00000004fec00000,0x00000004fed00000) (1024K)]
  0x000001aaa6ff3cb0 JavaThread "Monitor Deflation Thread"   daemon [_thread_blocked, id=36024, stack(0x00000004fed00000,0x00000004fee00000) (1024K)]
  0x000001aaa70076b0 JavaThread "C2 CompilerThread0"         daemon [_thread_blocked, id=36028, stack(0x00000004fee00000,0x00000004fef00000) (1024K)]
  0x000001aaa701e590 JavaThread "C1 CompilerThread0"         daemon [_thread_blocked, id=36032, stack(0x00000004fef00000,0x00000004ff000000) (1024K)]
  0x000001aaa7206800 JavaThread "Common-Cleaner"             daemon [_thread_blocked, id=36040, stack(0x00000004ff000000,0x00000004ff100000) (1024K)]
  0x000001aaa72d1bf0 JavaThread "Notification Thread"        daemon [_thread_blocked, id=36044, stack(0x00000004ff100000,0x00000004ff200000) (1024K)]
  0x000001aac828a140 JavaThread "Daemon health stats"               [_thread_blocked, id=36108, stack(0x00000004ff900000,0x00000004ffa00000) (1024K)]
  0x000001aac85cabd0 JavaThread "Incoming local TCP Connector on port 63111"        [_thread_in_native, id=36120, stack(0x00000004ffa00000,0x00000004ffb00000) (1024K)]
  0x000001aac843e3d0 JavaThread "Daemon periodic checks"            [_thread_blocked, id=36132, stack(0x00000004ffb00000,0x00000004ffc00000) (1024K)]
  0x000001aac84345a0 JavaThread "Daemon"                            [_thread_blocked, id=36148, stack(0x00000004ffc00000,0x00000004ffd00000) (1024K)]
  0x000001aac841a090 JavaThread "Daemon worker"                     [_thread_blocked, id=36180, stack(0x00000004fff00000,0x0000000500000000) (1024K)]
  0x000001aac841b440 JavaThread "Cache worker for journal cache (D:\gradle_cache\caches\journal-1)"        [_thread_blocked, id=36216, stack(0x0000000480300000,0x0000000480400000) (1024K)]
  0x000001aac841c7f0 JavaThread "File lock request listener"        [_thread_in_native, id=36220, stack(0x0000000480400000,0x0000000480500000) (1024K)]
  0x000001aac841bad0 JavaThread "Cache worker for file hash cache (D:\gradle_cache\caches\8.12\fileHashes)"        [_thread_blocked, id=36232, stack(0x0000000480500000,0x0000000480600000) (1024K)]
  0x000001aaa70a9150 JavaThread "File watcher server"        daemon [_thread_in_native, id=33500, stack(0x0000000480d00000,0x0000000480e00000) (1024K)]
  0x000001aaa70aab90 JavaThread "File watcher consumer"      daemon [_thread_blocked, id=36116, stack(0x0000000480e00000,0x0000000480f00000) (1024K)]
  0x000001aaca074a80 JavaThread "Cache worker for file content cache (D:\gradle_cache\caches\8.12\fileContent)"        [_thread_blocked, id=37136, stack(0x0000000481000000,0x0000000481100000) (1024K)]
  0x000001aaca32afa0 JavaThread "Memory manager"                    [_thread_blocked, id=37128, stack(0x0000000483500000,0x0000000483600000) (1024K)]
  0x000001aaca329560 JavaThread "File lock release action executor Thread 2"        [_thread_blocked, id=13968, stack(0x0000000480600000,0x0000000480700000) (1024K)]
  0x000001aaca0757a0 JavaThread "Handler for socket connection from /127.0.0.1:63111 to /127.0.0.1:59883"        [_thread_in_native, id=37304, stack(0x0000000480100000,0x0000000480200000) (1024K)]
  0x000001aaca072320 JavaThread "Cancel handler"                    [_thread_blocked, id=21968, stack(0x0000000480200000,0x0000000480300000) (1024K)]
  0x000001aaca0729b0 JavaThread "Asynchronous log dispatcher for DefaultDaemonConnection: socket connection from /127.0.0.1:63111 to /127.0.0.1:59883"        [_thread_blocked, id=12928, stack(0x0000000480b00000,0x0000000480c00000) (1024K)]
  0x000001aaca075e30 JavaThread "Stdin handler"                     [_thread_blocked, id=15060, stack(0x0000000480c00000,0x0000000480d00000) (1024K)]
  0x000001aaca0764c0 JavaThread "Daemon client event forwarder"        [_thread_blocked, id=37260, stack(0x0000000480f00000,0x0000000481000000) (1024K)]
  0x000001aaca073040 JavaThread "Cache worker for file hash cache (D:\pranjal\electricity_billing\mobile\android\.gradle\8.12\fileHashes)"        [_thread_blocked, id=31896, stack(0x0000000481100000,0x0000000481200000) (1024K)]
  0x000001aaca0792b0 JavaThread "Cache worker for Build Output Cleanup Cache (D:\pranjal\electricity_billing\mobile\android\.gradle\buildOutputCleanup)"        [_thread_blocked, id=13824, stack(0x0000000481200000,0x0000000481300000) (1024K)]
  0x000001aaca077f00 JavaThread "Cache worker for checksums cache (D:\pranjal\electricity_billing\mobile\android\.gradle\8.12\checksums)"        [_thread_blocked, id=37648, stack(0x0000000481300000,0x0000000481400000) (1024K)]
  0x000001aaca078590 JavaThread "Cache worker for cache directory md-rule (D:\gradle_cache\caches\8.12\md-rule)"        [_thread_blocked, id=31012, stack(0x0000000481400000,0x0000000481500000) (1024K)]
  0x000001aaca077870 JavaThread "Cache worker for cache directory md-supplier (D:\gradle_cache\caches\8.12\md-supplier)"        [_thread_blocked, id=22468, stack(0x0000000481500000,0x0000000481600000) (1024K)]
  0x000001aaca076b50 JavaThread "Cache worker for Build Output Cleanup Cache (C:\src\flutter\packages\flutter_tools\gradle\.gradle\buildOutputCleanup)"        [_thread_blocked, id=36356, stack(0x0000000481600000,0x0000000481700000) (1024K)]
  0x000001aaca0771e0 JavaThread "Unconstrained build operations"        [_thread_blocked, id=14872, stack(0x0000000481700000,0x0000000481800000) (1024K)]
  0x000001aaca078c20 JavaThread "Unconstrained build operations Thread 2"        [_thread_blocked, id=1272, stack(0x0000000481800000,0x0000000481900000) (1024K)]
  0x000001aac841c160 JavaThread "Unconstrained build operations Thread 3"        [_thread_blocked, id=15520, stack(0x0000000481900000,0x0000000481a00000) (1024K)]
  0x000001aac841d510 JavaThread "Unconstrained build operations Thread 4"        [_thread_blocked, id=20884, stack(0x0000000481a00000,0x0000000481b00000) (1024K)]
  0x000001aac841a720 JavaThread "Unconstrained build operations Thread 5"        [_thread_blocked, id=34320, stack(0x0000000481b00000,0x0000000481c00000) (1024K)]
  0x000001aac841adb0 JavaThread "Unconstrained build operations Thread 6"        [_thread_blocked, id=1984, stack(0x0000000481c00000,0x0000000481d00000) (1024K)]
  0x000001aaca32b630 JavaThread "Unconstrained build operations Thread 7"        [_thread_blocked, id=32428, stack(0x0000000481d00000,0x0000000481e00000) (1024K)]
  0x000001aaca32a280 JavaThread "Unconstrained build operations Thread 8"        [_thread_blocked, id=16624, stack(0x0000000481e00000,0x0000000481f00000) (1024K)]
  0x000001aaca328ed0 JavaThread "Unconstrained build operations Thread 9"        [_thread_blocked, id=17708, stack(0x0000000481f00000,0x0000000482000000) (1024K)]
  0x000001aaca32bcc0 JavaThread "Unconstrained build operations Thread 10"        [_thread_blocked, id=25680, stack(0x0000000482000000,0x0000000482100000) (1024K)]
  0x000001aaa70a7da0 JavaThread "Unconstrained build operations Thread 11"        [_thread_blocked, id=11304, stack(0x0000000482100000,0x0000000482200000) (1024K)]
  0x000001aaa70a8ac0 JavaThread "Unconstrained build operations Thread 12"        [_thread_blocked, id=18028, stack(0x0000000482200000,0x0000000482300000) (1024K)]
  0x000001aaa70a9e70 JavaThread "Unconstrained build operations Thread 13"        [_thread_blocked, id=34444, stack(0x0000000482300000,0x0000000482400000) (1024K)]
  0x000001aac853ce10 JavaThread "Unconstrained build operations Thread 14"        [_thread_blocked, id=14520, stack(0x0000000482400000,0x0000000482500000) (1024K)]
  0x000001aac853a6b0 JavaThread "Unconstrained build operations Thread 15"        [_thread_blocked, id=30272, stack(0x0000000482500000,0x0000000482600000) (1024K)]
  0x000001aac853ad40 JavaThread "Unconstrained build operations Thread 16"        [_thread_blocked, id=4972, stack(0x0000000482600000,0x0000000482700000) (1024K)]
  0x000001aac853d4a0 JavaThread "Unconstrained build operations Thread 17"        [_thread_blocked, id=19112, stack(0x0000000482700000,0x0000000482800000) (1024K)]
  0x000001aac853b3d0 JavaThread "Unconstrained build operations Thread 18"        [_thread_blocked, id=33248, stack(0x0000000482800000,0x0000000482900000) (1024K)]
  0x000001aac853a020 JavaThread "Unconstrained build operations Thread 19"        [_thread_blocked, id=29880, stack(0x0000000482900000,0x0000000482a00000) (1024K)]
  0x000001aac853db30 JavaThread "Unconstrained build operations Thread 20"        [_thread_blocked, id=27608, stack(0x0000000482a00000,0x0000000482b00000) (1024K)]
  0x000001aac853e1c0 JavaThread "Unconstrained build operations Thread 21"        [_thread_blocked, id=25288, stack(0x0000000482b00000,0x0000000482c00000) (1024K)]
  0x000001aac853e850 JavaThread "Unconstrained build operations Thread 22"        [_thread_blocked, id=23948, stack(0x0000000482c00000,0x0000000482d00000) (1024K)]
  0x000001aac853eee0 JavaThread "build event listener"              [_thread_blocked, id=25912, stack(0x0000000482d00000,0x0000000482e00000) (1024K)]
  0x000001aac853f570 JavaThread "Execution worker"                  [_thread_blocked, id=31632, stack(0x0000000482e00000,0x0000000482f00000) (1024K)]
  0x000001aac853c0f0 JavaThread "Execution worker Thread 2"         [_thread_blocked, id=5708, stack(0x0000000482f00000,0x0000000483000000) (1024K)]
  0x000001aac853fc00 JavaThread "Execution worker Thread 3"         [_thread_blocked, id=34388, stack(0x0000000483000000,0x0000000483100000) (1024K)]
  0x000001aac8540290 JavaThread "Execution worker Thread 4"         [_thread_blocked, id=23508, stack(0x0000000483100000,0x0000000483200000) (1024K)]
  0x000001aac8540920 JavaThread "Execution worker Thread 5"         [_thread_blocked, id=35796, stack(0x0000000483200000,0x0000000483300000) (1024K)]
  0x000001aac8540fb0 JavaThread "Execution worker Thread 6"         [_thread_blocked, id=24240, stack(0x0000000483300000,0x0000000483400000) (1024K)]
  0x000001aac8541640 JavaThread "Execution worker Thread 7"         [_thread_blocked, id=35912, stack(0x0000000483400000,0x0000000483500000) (1024K)]
  0x000001aaa70a7710 JavaThread "Execution worker Thread 8"         [_thread_blocked, id=36228, stack(0x0000000483600000,0x0000000483700000) (1024K)]
  0x000001aaca075110 JavaThread "Execution worker Thread 9"         [_thread_blocked, id=6904, stack(0x0000000483700000,0x0000000483800000) (1024K)]
  0x000001aac7cb1270 JavaThread "Execution worker Thread 10"        [_thread_blocked, id=804, stack(0x0000000483800000,0x0000000483900000) (1024K)]
  0x000001aac7cafec0 JavaThread "Execution worker Thread 11"        [_thread_blocked, id=35452, stack(0x0000000483900000,0x0000000483a00000) (1024K)]
  0x000001aac7cb1900 JavaThread "Cache worker for execution history cache (C:\src\flutter\packages\flutter_tools\gradle\.gradle\8.12\executionHistory)"        [_thread_blocked, id=37212, stack(0x0000000483a00000,0x0000000483b00000) (1024K)]
  0x000001aac7cb1f90 JavaThread "Unconstrained build operations Thread 23"        [_thread_blocked, id=30296, stack(0x0000000483e00000,0x0000000483f00000) (1024K)]
  0x000001aac7caeb10 JavaThread "Unconstrained build operations Thread 24"        [_thread_blocked, id=24132, stack(0x0000000483f00000,0x0000000484000000) (1024K)]
  0x000001aac7cb0550 JavaThread "Unconstrained build operations Thread 25"        [_thread_blocked, id=35440, stack(0x0000000484000000,0x0000000484100000) (1024K)]
  0x000001aac7cb2620 JavaThread "Unconstrained build operations Thread 26"        [_thread_blocked, id=24012, stack(0x0000000484100000,0x0000000484200000) (1024K)]
  0x000001aac7caf1a0 JavaThread "Unconstrained build operations Thread 27"        [_thread_blocked, id=31584, stack(0x0000000484200000,0x0000000484300000) (1024K)]
  0x000001aac7cb2cb0 JavaThread "Unconstrained build operations Thread 28"        [_thread_blocked, id=35040, stack(0x0000000484300000,0x0000000484400000) (1024K)]
  0x000001aac7caf830 JavaThread "Unconstrained build operations Thread 29"        [_thread_blocked, id=32800, stack(0x0000000484400000,0x0000000484500000) (1024K)]
  0x000001aac7cb3340 JavaThread "Unconstrained build operations Thread 30"        [_thread_blocked, id=28324, stack(0x0000000484500000,0x0000000484600000) (1024K)]
  0x000001aac7cb39d0 JavaThread "Unconstrained build operations Thread 31"        [_thread_blocked, id=36992, stack(0x0000000484600000,0x0000000484700000) (1024K)]
  0x000001aac7cb4060 JavaThread "Unconstrained build operations Thread 32"        [_thread_blocked, id=33600, stack(0x0000000484700000,0x0000000484800000) (1024K)]
  0x000001aac7cb0be0 JavaThread "Unconstrained build operations Thread 33"        [_thread_blocked, id=17788, stack(0x0000000484800000,0x0000000484900000) (1024K)]
  0x000001aac7cb46f0 JavaThread "Unconstrained build operations Thread 34"        [_thread_blocked, id=36392, stack(0x0000000484900000,0x0000000484a00000) (1024K)]
  0x000001aac7cb4d80 JavaThread "Unconstrained build operations Thread 35"        [_thread_blocked, id=35844, stack(0x0000000484a00000,0x0000000484b00000) (1024K)]
  0x000001aac7cb5410 JavaThread "Unconstrained build operations Thread 36"        [_thread_blocked, id=36420, stack(0x0000000484b00000,0x0000000484c00000) (1024K)]
  0x000001aac7cb5aa0 JavaThread "Unconstrained build operations Thread 37"        [_thread_blocked, id=36376, stack(0x0000000484c00000,0x0000000484d00000) (1024K)]
  0x000001aac7cb6130 JavaThread "Unconstrained build operations Thread 38"        [_thread_blocked, id=35884, stack(0x0000000484d00000,0x0000000484e00000) (1024K)]
  0x000001aac7e6b350 JavaThread "Unconstrained build operations Thread 39"        [_thread_blocked, id=35852, stack(0x0000000484e00000,0x0000000484f00000) (1024K)]
  0x000001aac7e6b9e0 JavaThread "Unconstrained build operations Thread 40"        [_thread_blocked, id=36384, stack(0x0000000484f00000,0x0000000485000000) (1024K)]
  0x000001aac7e6c070 JavaThread "Unconstrained build operations Thread 41"        [_thread_blocked, id=35864, stack(0x0000000485000000,0x0000000485100000) (1024K)]
  0x000001aac7e6acc0 JavaThread "Unconstrained build operations Thread 42"        [_thread_blocked, id=4012, stack(0x0000000485100000,0x0000000485200000) (1024K)]
  0x000001aac7e6c700 JavaThread "Unconstrained build operations Thread 43"        [_thread_blocked, id=15500, stack(0x0000000485200000,0x0000000485300000) (1024K)]
  0x000001aac7e6cd90 JavaThread "Unconstrained build operations Thread 44"        [_thread_blocked, id=36368, stack(0x0000000485300000,0x0000000485400000) (1024K)]
  0x000001aac7e69910 JavaThread "Unconstrained build operations Thread 45"        [_thread_blocked, id=37320, stack(0x0000000485400000,0x0000000485500000) (1024K)]
  0x000001aac7e69fa0 JavaThread "Unconstrained build operations Thread 46"        [_thread_blocked, id=4208, stack(0x0000000485500000,0x0000000485600000) (1024K)]
  0x000001aac7e6a630 JavaThread "Unconstrained build operations Thread 47"        [_thread_blocked, id=29636, stack(0x0000000485600000,0x0000000485700000) (1024K)]
  0x000001aac8dc6410 JavaThread "Unconstrained build operations Thread 48"        [_thread_blocked, id=26488, stack(0x0000000485700000,0x0000000485800000) (1024K)]
  0x000001aac8dc5d80 JavaThread "Unconstrained build operations Thread 49"        [_thread_blocked, id=28992, stack(0x0000000485800000,0x0000000485900000) (1024K)]
  0x000001aac8dc56f0 JavaThread "Unconstrained build operations Thread 50"        [_thread_blocked, id=17320, stack(0x0000000485900000,0x0000000485a00000) (1024K)]
  0x000001aac8dc7e50 JavaThread "Unconstrained build operations Thread 51"        [_thread_blocked, id=36696, stack(0x0000000485a00000,0x0000000485b00000) (1024K)]
  0x000001aac8dc7130 JavaThread "Unconstrained build operations Thread 52"        [_thread_blocked, id=35524, stack(0x0000000485b00000,0x0000000485c00000) (1024K)]
  0x000001aac8dc84e0 JavaThread "Unconstrained build operations Thread 53"        [_thread_blocked, id=17512, stack(0x0000000485c00000,0x0000000485d00000) (1024K)]
  0x000001aac8dc6aa0 JavaThread "Unconstrained build operations Thread 54"        [_thread_blocked, id=33592, stack(0x0000000485d00000,0x0000000485e00000) (1024K)]
  0x000001aac8dc77c0 JavaThread "Unconstrained build operations Thread 55"        [_thread_blocked, id=15244, stack(0x0000000485e00000,0x0000000485f00000) (1024K)]
  0x000001aac8dc5060 JavaThread "Unconstrained build operations Thread 56"        [_thread_blocked, id=37512, stack(0x0000000485f00000,0x0000000486000000) (1024K)]
  0x000001aac8dca5b0 JavaThread "Unconstrained build operations Thread 57"        [_thread_blocked, id=21940, stack(0x0000000486000000,0x0000000486100000) (1024K)]
  0x000001aac8dc9f20 JavaThread "Unconstrained build operations Thread 58"        [_thread_blocked, id=8948, stack(0x0000000486100000,0x0000000486200000) (1024K)]
  0x000001aac8dcb2d0 JavaThread "Unconstrained build operations Thread 59"        [_thread_blocked, id=29952, stack(0x0000000486200000,0x0000000486300000) (1024K)]
  0x000001aac8dc8b70 JavaThread "Unconstrained build operations Thread 60"        [_thread_blocked, id=37380, stack(0x0000000486300000,0x0000000486400000) (1024K)]
  0x000001aac8dc9200 JavaThread "Unconstrained build operations Thread 61"        [_thread_blocked, id=7236, stack(0x0000000486400000,0x0000000486500000) (1024K)]
  0x000001aac8dcac40 JavaThread "Unconstrained build operations Thread 62"        [_thread_blocked, id=24700, stack(0x0000000486500000,0x0000000486600000) (1024K)]
  0x000001aac8dcb960 JavaThread "Unconstrained build operations Thread 63"        [_thread_blocked, id=35940, stack(0x0000000486600000,0x0000000486700000) (1024K)]
  0x000001aac8dc9890 JavaThread "Unconstrained build operations Thread 64"        [_thread_blocked, id=13152, stack(0x0000000486700000,0x0000000486800000) (1024K)]
  0x000001aac8dcbff0 JavaThread "Unconstrained build operations Thread 65"        [_thread_blocked, id=34436, stack(0x0000000486800000,0x0000000486900000) (1024K)]
  0x000001aac8dcc680 JavaThread "Unconstrained build operations Thread 66"        [_thread_blocked, id=21692, stack(0x0000000486900000,0x0000000486a00000) (1024K)]
  0x000001aaca5f3400 JavaThread "Unconstrained build operations Thread 67"        [_thread_blocked, id=14832, stack(0x0000000486a00000,0x0000000486b00000) (1024K)]
  0x000001aaca5f2050 JavaThread "Unconstrained build operations Thread 68"        [_thread_blocked, id=33196, stack(0x0000000486b00000,0x0000000486c00000) (1024K)]
  0x000001aaca5f47b0 JavaThread "Unconstrained build operations Thread 69"        [_thread_blocked, id=36680, stack(0x0000000483b00000,0x0000000483c00000) (1024K)]
  0x000001aaca5f5b60 JavaThread "Unconstrained build operations Thread 70"        [_thread_blocked, id=35856, stack(0x0000000483c00000,0x0000000483d00000) (1024K)]
  0x000001aaca5f2d70 JavaThread "Unconstrained build operations Thread 71"        [_thread_blocked, id=1380, stack(0x0000000483d00000,0x0000000483e00000) (1024K)]
  0x000001aaca5f3a90 JavaThread "Unconstrained build operations Thread 72"        [_thread_blocked, id=9088, stack(0x0000000486c00000,0x0000000486d00000) (1024K)]
  0x000001aaca5f4120 JavaThread "Unconstrained build operations Thread 73"        [_thread_blocked, id=35400, stack(0x0000000486d00000,0x0000000486e00000) (1024K)]
  0x000001aaca5f4e40 JavaThread "Unconstrained build operations Thread 74"        [_thread_blocked, id=31688, stack(0x0000000486e00000,0x0000000486f00000) (1024K)]
  0x000001aaca5f54d0 JavaThread "Unconstrained build operations Thread 75"        [_thread_blocked, id=7660, stack(0x0000000486f00000,0x0000000487000000) (1024K)]
  0x000001aaca5f26e0 JavaThread "Unconstrained build operations Thread 76"        [_thread_blocked, id=35204, stack(0x0000000487000000,0x0000000487100000) (1024K)]
  0x000001aaca5f61f0 JavaThread "Unconstrained build operations Thread 77"        [_thread_blocked, id=23324, stack(0x0000000487100000,0x0000000487200000) (1024K)]
  0x000001aaca5f6880 JavaThread "Unconstrained build operations Thread 78"        [_thread_blocked, id=23512, stack(0x0000000487200000,0x0000000487300000) (1024K)]
  0x000001aaca5f75a0 JavaThread "Unconstrained build operations Thread 79"        [_thread_blocked, id=25396, stack(0x0000000487300000,0x0000000487400000) (1024K)]
  0x000001aaca5f6f10 JavaThread "Unconstrained build operations Thread 80"        [_thread_blocked, id=36304, stack(0x0000000487400000,0x0000000487500000) (1024K)]
  0x000001aaca5f7c30 JavaThread "Unconstrained build operations Thread 81"        [_thread_blocked, id=33504, stack(0x0000000487500000,0x0000000487600000) (1024K)]
  0x000001aaca5f82c0 JavaThread "Unconstrained build operations Thread 82"        [_thread_blocked, id=31812, stack(0x0000000487600000,0x0000000487700000) (1024K)]
  0x000001aaca5f8950 JavaThread "Unconstrained build operations Thread 83"        [_thread_blocked, id=32164, stack(0x0000000487700000,0x0000000487800000) (1024K)]
  0x000001aaca5f8fe0 JavaThread "Unconstrained build operations Thread 84"        [_thread_blocked, id=24672, stack(0x0000000487800000,0x0000000487900000) (1024K)]
  0x000001aaca5f9670 JavaThread "Unconstrained build operations Thread 85"        [_thread_blocked, id=28780, stack(0x0000000487900000,0x0000000487a00000) (1024K)]
  0x000001aaca60c7e0 JavaThread "Unconstrained build operations Thread 86"        [_thread_blocked, id=6448, stack(0x0000000487a00000,0x0000000487b00000) (1024K)]
  0x000001aaca60bac0 JavaThread "Unconstrained build operations Thread 87"        [_thread_blocked, id=26680, stack(0x0000000487b00000,0x0000000487c00000) (1024K)]
  0x000001aaca60c150 JavaThread "Unconstrained build operations Thread 88"        [_thread_blocked, id=31144, stack(0x0000000487c00000,0x0000000487d00000) (1024K)]
  0x000001aaca60a710 JavaThread "Unconstrained build operations Thread 89"        [_thread_blocked, id=29388, stack(0x0000000487d00000,0x0000000487e00000) (1024K)]
  0x000001aaca60a080 JavaThread "Unconstrained build operations Thread 90"        [_thread_blocked, id=10768, stack(0x0000000487e00000,0x0000000487f00000) (1024K)]
  0x000001aaca60d500 JavaThread "build event listener"              [_thread_blocked, id=21236, stack(0x0000000480000000,0x0000000480100000) (1024K)]
  0x000001aad107a080 JavaThread "jar transforms"                    [_thread_blocked, id=7992, stack(0x0000000487f00000,0x0000000488000000) (1024K)]
  0x000001aad107bac0 JavaThread "jar transforms Thread 2"           [_thread_blocked, id=37688, stack(0x0000000488000000,0x0000000488100000) (1024K)]
Total: 141

Other Threads:
  0x000001aaa6fcba00 VMThread "VM Thread"                           [id=36000, stack(0x00000004fe700000,0x00000004fe800000) (1024K)]
  0x000001aaa6fbc950 WatcherThread "VM Periodic Task Thread"        [id=35996, stack(0x00000004fe600000,0x00000004fe700000) (1024K)]
  0x000001aa8e3fa060 WorkerThread "GC Thread#0"                     [id=35976, stack(0x00000004fe100000,0x00000004fe200000) (1024K)]
  0x000001aaa7732310 WorkerThread "GC Thread#1"                     [id=36048, stack(0x00000004ff200000,0x00000004ff300000) (1024K)]
  0x000001aaa7427a20 WorkerThread "GC Thread#2"                     [id=36052, stack(0x00000004ff300000,0x00000004ff400000) (1024K)]
  0x000001aac71e0cf0 WorkerThread "GC Thread#3"                     [id=36056, stack(0x00000004ff400000,0x00000004ff500000) (1024K)]
  0x000001aac71fdc70 WorkerThread "GC Thread#4"                     [id=36060, stack(0x00000004ff500000,0x00000004ff600000) (1024K)]
  0x000001aac7860e50 WorkerThread "GC Thread#5"                     [id=36096, stack(0x00000004ff600000,0x00000004ff700000) (1024K)]
=>0x000001aac7861200 WorkerThread "GC Thread#6"                     [id=36100, stack(0x00000004ff700000,0x00000004ff800000) (1024K)]
  0x000001aac78615b0 WorkerThread "GC Thread#7"                     [id=36104, stack(0x00000004ff800000,0x00000004ff900000) (1024K)]
  0x000001aac7ea6410 WorkerThread "GC Thread#8"                     [id=36400, stack(0x0000000480700000,0x0000000480800000) (1024K)]
  0x000001aac7ea67c0 WorkerThread "GC Thread#9"                     [id=36404, stack(0x0000000480800000,0x0000000480900000) (1024K)]
  0x000001aa8e40af60 ConcurrentGCThread "G1 Main Marker"            [id=35980, stack(0x00000004fe200000,0x00000004fe300000) (1024K)]
  0x000001aa8e40b980 WorkerThread "G1 Conc#0"                       [id=35984, stack(0x00000004fe300000,0x00000004fe400000) (1024K)]
  0x000001aaa7873f20 WorkerThread "G1 Conc#1"                       [id=36756, stack(0x0000000480900000,0x0000000480a00000) (1024K)]
  0x000001aaa7876b60 WorkerThread "G1 Conc#2"                       [id=36760, stack(0x0000000480a00000,0x0000000480b00000) (1024K)]
  0x000001aa8e45e840 ConcurrentGCThread "G1 Refine#0"               [id=35988, stack(0x00000004fe400000,0x00000004fe500000) (1024K)]
  0x000001aaa6e915d0 ConcurrentGCThread "G1 Service"                [id=35992, stack(0x00000004fe500000,0x00000004fe600000) (1024K)]
Total: 18

Threads with active compile tasks:
Total: 0

VM state: at safepoint (normal execution)

VM Mutex/Monitor currently owned by a thread:  ([mutex/lock_event])
[0x00007fff95d9d030] FreeList_lock - owner thread: 0x000001aac7861200
[0x00007fff95d9f5b0] Threads_lock - owner thread: 0x000001aaa6fcba00
[0x00007fff95d9f6b0] Heap_lock - owner thread: 0x000001aac841a090

Heap address: 0x0000000080000000, size: 2048 MB, Compressed Oops mode: 32-bit

CDS archive(s) mapped at: [0x000001aaa8000000-0x000001aaa8ba0000-0x000001aaa8ba0000), size 12189696, SharedBaseAddress: 0x000001aaa8000000, ArchiveRelocationMode: 1.
Compressed class space mapped at: 0x000001aaa9000000-0x000001aac3000000, reserved size: 436207616
Narrow klass base: 0x000001aaa8000000, Narrow klass shift: 0, Narrow klass range: 0x100000000

GC Precious Log:
 CardTable entry size: 512
 Card Set container configuration: InlinePtr #cards 5 size 8 Array Of Cards #cards 12 size 40 Howl #buckets 4 coarsen threshold 1843 Howl Bitmap #cards 512 size 80 coarsen threshold 460 Card regions per heap region 1 cards per card region 2048
 CPUs: 12 total, 12 available
 Memory: 7832M
 Large Page Support: Disabled
 NUMA Support: Disabled
 Compressed Oops: Enabled (32-bit)
 Heap Region Size: 1M
 Heap Min Capacity: 8M
 Heap Initial Capacity: 124M
 Heap Max Capacity: 2G
 Pre-touch: Disabled
 Parallel Workers: 10
 Concurrent Workers: 3
 Concurrent Refinement Workers: 10
 Periodic GC: Disabled

Heap:
 garbage-first heap   total 176128K, used 167509K [0x0000000080000000, 0x0000000100000000)
  region size 1024K, 60 young (61440K), 5 survivors (5120K)
 Metaspace       used 106775K, committed 109120K, reserved 557056K
  class space    used 15128K, committed 16256K, reserved 425984K

Heap Regions: E=young(eden), S=young(survivor), O=old, HS=humongous(starts), HC=humongous(continues), CS=collection set, F=free, TAMS=top-at-mark-start, PB=parsable bottom
|   0|0x0000000080000000, 0x0000000080100000, 0x0000000080100000|100%| O|  |TAMS 0x0000000080000000| PB 0x0000000080000000| Untracked 
|   1|0x0000000080100000, 0x0000000080200000, 0x0000000080200000|100%|HS|  |TAMS 0x0000000080100000| PB 0x0000000080100000| Complete 
|   2|0x0000000080200000, 0x0000000080300000, 0x0000000080300000|100%|HC|  |TAMS 0x0000000080200000| PB 0x0000000080200000| Complete 
|   3|0x0000000080300000, 0x0000000080400000, 0x0000000080400000|100%|HC|  |TAMS 0x0000000080300000| PB 0x0000000080300000| Complete 
|   4|0x0000000080400000, 0x0000000080500000, 0x0000000080500000|100%| O|  |TAMS 0x0000000080400000| PB 0x0000000080400000| Untracked 
|   5|0x0000000080500000, 0x0000000080600000, 0x0000000080600000|100%| O|  |TAMS 0x0000000080500000| PB 0x0000000080500000| Untracked 
|   6|0x0000000080600000, 0x0000000080700000, 0x0000000080700000|100%| O|  |TAMS 0x0000000080600000| PB 0x0000000080600000| Untracked 
|   7|0x0000000080700000, 0x0000000080800000, 0x0000000080800000|100%|HS|  |TAMS 0x0000000080700000| PB 0x0000000080700000| Complete 
|   8|0x0000000080800000, 0x0000000080900000, 0x0000000080900000|100%| O|  |TAMS 0x0000000080800000| PB 0x0000000080800000| Untracked 
|   9|0x0000000080900000, 0x0000000080a00000, 0x0000000080a00000|100%| O|  |TAMS 0x0000000080900000| PB 0x0000000080900000| Untracked 
|  10|0x0000000080a00000, 0x0000000080b00000, 0x0000000080b00000|100%| O|  |TAMS 0x0000000080a00000| PB 0x0000000080a00000| Untracked 
|  11|0x0000000080b00000, 0x0000000080c00000, 0x0000000080c00000|100%| O|  |TAMS 0x0000000080b00000| PB 0x0000000080b00000| Untracked 
|  12|0x0000000080c00000, 0x0000000080d00000, 0x0000000080d00000|100%| O|  |TAMS 0x0000000080c00000| PB 0x0000000080c00000| Untracked 
|  13|0x0000000080d00000, 0x0000000080e00000, 0x0000000080e00000|100%| O|  |TAMS 0x0000000080d00000| PB 0x0000000080d00000| Untracked 
|  14|0x0000000080e00000, 0x0000000080f00000, 0x0000000080f00000|100%| O|  |TAMS 0x0000000080e00000| PB 0x0000000080e00000| Untracked 
|  15|0x0000000080f00000, 0x0000000081000000, 0x0000000081000000|100%| O|  |TAMS 0x0000000080f00000| PB 0x0000000080f00000| Untracked 
|  16|0x0000000081000000, 0x0000000081100000, 0x0000000081100000|100%| O|  |TAMS 0x0000000081000000| PB 0x0000000081000000| Untracked 
|  17|0x0000000081100000, 0x0000000081200000, 0x0000000081200000|100%| O|  |TAMS 0x0000000081100000| PB 0x0000000081100000| Untracked 
|  18|0x0000000081200000, 0x0000000081300000, 0x0000000081300000|100%| O|  |TAMS 0x0000000081200000| PB 0x0000000081200000| Untracked 
|  19|0x0000000081300000, 0x0000000081400000, 0x0000000081400000|100%| O|  |TAMS 0x0000000081300000| PB 0x0000000081300000| Untracked 
|  20|0x0000000081400000, 0x0000000081500000, 0x0000000081500000|100%| O|  |TAMS 0x0000000081400000| PB 0x0000000081400000| Untracked 
|  21|0x0000000081500000, 0x0000000081600000, 0x0000000081600000|100%| O|  |TAMS 0x0000000081500000| PB 0x0000000081500000| Untracked 
|  22|0x0000000081600000, 0x0000000081700000, 0x0000000081700000|100%| O|  |TAMS 0x0000000081600000| PB 0x0000000081600000| Untracked 
|  23|0x0000000081700000, 0x0000000081800000, 0x0000000081800000|100%| O|  |TAMS 0x0000000081700000| PB 0x0000000081700000| Untracked 
|  24|0x0000000081800000, 0x0000000081900000, 0x0000000081900000|100%| O|  |TAMS 0x0000000081800000| PB 0x0000000081800000| Untracked 
|  25|0x0000000081900000, 0x0000000081a00000, 0x0000000081a00000|100%| O|  |TAMS 0x0000000081900000| PB 0x0000000081900000| Untracked 
|  26|0x0000000081a00000, 0x0000000081b00000, 0x0000000081b00000|100%| O|  |TAMS 0x0000000081a00000| PB 0x0000000081a00000| Untracked 
|  27|0x0000000081b00000, 0x0000000081c00000, 0x0000000081c00000|100%| O|  |TAMS 0x0000000081b00000| PB 0x0000000081b00000| Untracked 
|  28|0x0000000081c00000, 0x0000000081d00000, 0x0000000081d00000|100%| O|  |TAMS 0x0000000081c00000| PB 0x0000000081c00000| Untracked 
|  29|0x0000000081d00000, 0x0000000081e00000, 0x0000000081e00000|100%|HS|  |TAMS 0x0000000081d00000| PB 0x0000000081d00000| Complete 
|  30|0x0000000081e00000, 0x0000000081f00000, 0x0000000081f00000|100%|HC|  |TAMS 0x0000000081e00000| PB 0x0000000081e00000| Complete 
|  31|0x0000000081f00000, 0x0000000082000000, 0x0000000082000000|100%|HS|  |TAMS 0x0000000081f00000| PB 0x0000000081f00000| Complete 
|  32|0x0000000082000000, 0x0000000082100000, 0x0000000082100000|100%|HC|  |TAMS 0x0000000082000000| PB 0x0000000082000000| Complete 
|  33|0x0000000082100000, 0x0000000082200000, 0x0000000082200000|100%| O|  |TAMS 0x0000000082100000| PB 0x0000000082100000| Untracked 
|  34|0x0000000082200000, 0x0000000082300000, 0x0000000082300000|100%| O|  |TAMS 0x0000000082200000| PB 0x0000000082200000| Untracked 
|  35|0x0000000082300000, 0x0000000082400000, 0x0000000082400000|100%| O|  |TAMS 0x0000000082300000| PB 0x0000000082300000| Untracked 
|  36|0x0000000082400000, 0x0000000082500000, 0x0000000082500000|100%| O|  |TAMS 0x0000000082400000| PB 0x0000000082400000| Untracked 
|  37|0x0000000082500000, 0x0000000082600000, 0x0000000082600000|100%| O|  |TAMS 0x0000000082500000| PB 0x0000000082500000| Untracked 
|  38|0x0000000082600000, 0x0000000082700000, 0x0000000082700000|100%| O|  |TAMS 0x0000000082600000| PB 0x0000000082600000| Untracked 
|  39|0x0000000082700000, 0x0000000082800000, 0x0000000082800000|100%| O|  |TAMS 0x0000000082700000| PB 0x0000000082700000| Untracked 
|  40|0x0000000082800000, 0x0000000082900000, 0x0000000082900000|100%| O|  |TAMS 0x0000000082800000| PB 0x0000000082800000| Untracked 
|  41|0x0000000082900000, 0x0000000082a00000, 0x0000000082a00000|100%| O|  |TAMS 0x0000000082900000| PB 0x0000000082900000| Untracked 
|  42|0x0000000082a00000, 0x0000000082b00000, 0x0000000082b00000|100%| O|  |TAMS 0x0000000082a00000| PB 0x0000000082a00000| Untracked 
|  43|0x0000000082b00000, 0x0000000082c00000, 0x0000000082c00000|100%| O|  |TAMS 0x0000000082b00000| PB 0x0000000082b00000| Untracked 
|  44|0x0000000082c00000, 0x0000000082d00000, 0x0000000082d00000|100%| O|  |TAMS 0x0000000082c00000| PB 0x0000000082c00000| Untracked 
|  45|0x0000000082d00000, 0x0000000082e00000, 0x0000000082e00000|100%| O|  |TAMS 0x0000000082d00000| PB 0x0000000082d00000| Untracked 
|  46|0x0000000082e00000, 0x0000000082f00000, 0x0000000082f00000|100%| O|  |TAMS 0x0000000082e00000| PB 0x0000000082e00000| Untracked 
|  47|0x0000000082f00000, 0x0000000083000000, 0x0000000083000000|100%| O|  |TAMS 0x0000000082f00000| PB 0x0000000082f00000| Untracked 
|  48|0x0000000083000000, 0x0000000083100000, 0x0000000083100000|100%| O|  |TAMS 0x0000000083000000| PB 0x0000000083000000| Untracked 
|  49|0x0000000083100000, 0x0000000083200000, 0x0000000083200000|100%| O|  |TAMS 0x0000000083100000| PB 0x0000000083100000| Untracked 
|  50|0x0000000083200000, 0x0000000083300000, 0x0000000083300000|100%| O|  |TAMS 0x0000000083200000| PB 0x0000000083200000| Untracked 
|  51|0x0000000083300000, 0x0000000083400000, 0x0000000083400000|100%| O|  |TAMS 0x0000000083300000| PB 0x0000000083300000| Untracked 
|  52|0x0000000083400000, 0x0000000083500000, 0x0000000083500000|100%| O|  |TAMS 0x0000000083400000| PB 0x0000000083400000| Untracked 
|  53|0x0000000083500000, 0x0000000083600000, 0x0000000083600000|100%| O|  |TAMS 0x0000000083500000| PB 0x0000000083500000| Untracked 
|  54|0x0000000083600000, 0x0000000083700000, 0x0000000083700000|100%| O|  |TAMS 0x0000000083600000| PB 0x0000000083600000| Untracked 
|  55|0x0000000083700000, 0x0000000083800000, 0x0000000083800000|100%| O|  |TAMS 0x0000000083700000| PB 0x0000000083700000| Untracked 
|  56|0x0000000083800000, 0x0000000083900000, 0x0000000083900000|100%| O|  |TAMS 0x0000000083800000| PB 0x0000000083800000| Untracked 
|  57|0x0000000083900000, 0x0000000083a00000, 0x0000000083a00000|100%| O|  |TAMS 0x0000000083900000| PB 0x0000000083900000| Untracked 
|  58|0x0000000083a00000, 0x0000000083b00000, 0x0000000083b00000|100%| O|  |TAMS 0x0000000083a00000| PB 0x0000000083a00000| Untracked 
|  59|0x0000000083b00000, 0x0000000083c00000, 0x0000000083c00000|100%| O|  |TAMS 0x0000000083b00000| PB 0x0000000083b00000| Untracked 
|  60|0x0000000083c00000, 0x0000000083d00000, 0x0000000083d00000|100%| O|  |TAMS 0x0000000083c00000| PB 0x0000000083c00000| Untracked 
|  61|0x0000000083d00000, 0x0000000083e00000, 0x0000000083e00000|100%| O|CS|TAMS 0x0000000083d00000| PB 0x0000000083d00000| Complete 
|  62|0x0000000083e00000, 0x0000000083f00000, 0x0000000083f00000|100%|HS|  |TAMS 0x0000000083e00000| PB 0x0000000083e00000| Complete 
|  63|0x0000000083f00000, 0x0000000084000000, 0x0000000084000000|100%|HS|  |TAMS 0x0000000083f00000| PB 0x0000000083f00000| Complete 
|  64|0x0000000084000000, 0x0000000084100000, 0x0000000084100000|100%|HS|  |TAMS 0x0000000084000000| PB 0x0000000084000000| Complete 
|  65|0x0000000084100000, 0x0000000084200000, 0x0000000084200000|100%|HC|  |TAMS 0x0000000084100000| PB 0x0000000084100000| Complete 
|  66|0x0000000084200000, 0x0000000084300000, 0x0000000084300000|100%|HS|  |TAMS 0x0000000084200000| PB 0x0000000084200000| Complete 
|  67|0x0000000084300000, 0x0000000084400000, 0x0000000084400000|100%|HS|  |TAMS 0x0000000084300000| PB 0x0000000084300000| Complete 
|  68|0x0000000084400000, 0x0000000084500000, 0x0000000084500000|100%| O|  |TAMS 0x0000000084400000| PB 0x0000000084400000| Untracked 
|  69|0x0000000084500000, 0x0000000084600000, 0x0000000084600000|100%| O|  |TAMS 0x0000000084500000| PB 0x0000000084500000| Untracked 
|  70|0x0000000084600000, 0x0000000084700000, 0x0000000084700000|100%|HS|  |TAMS 0x0000000084600000| PB 0x0000000084600000| Complete 
|  71|0x0000000084700000, 0x0000000084800000, 0x0000000084800000|100%|HC|  |TAMS 0x0000000084700000| PB 0x0000000084700000| Complete 
|  72|0x0000000084800000, 0x0000000084900000, 0x0000000084900000|100%|HS|  |TAMS 0x0000000084800000| PB 0x0000000084800000| Complete 
|  73|0x0000000084900000, 0x0000000084a00000, 0x0000000084a00000|100%| O|  |TAMS 0x0000000084900000| PB 0x0000000084900000| Untracked 
|  74|0x0000000084a00000, 0x0000000084b00000, 0x0000000084b00000|100%| O|  |TAMS 0x0000000084a00000| PB 0x0000000084a00000| Untracked 
|  75|0x0000000084b00000, 0x0000000084c00000, 0x0000000084c00000|100%| O|  |TAMS 0x0000000084b00000| PB 0x0000000084b00000| Untracked 
|  76|0x0000000084c00000, 0x0000000084d00000, 0x0000000084d00000|100%|HS|  |TAMS 0x0000000084c00000| PB 0x0000000084c00000| Complete 
|  77|0x0000000084d00000, 0x0000000084e00000, 0x0000000084e00000|100%| O|CS|TAMS 0x0000000084d00000| PB 0x0000000084d00000| Complete 
|  78|0x0000000084e00000, 0x0000000084f00000, 0x0000000084f00000|100%|HS|  |TAMS 0x0000000084e00000| PB 0x0000000084e00000| Complete 
|  79|0x0000000084f00000, 0x0000000085000000, 0x0000000085000000|100%| O|  |TAMS 0x0000000084f00000| PB 0x0000000084f00000| Untracked 
|  80|0x0000000085000000, 0x0000000085100000, 0x0000000085100000|100%| O|  |TAMS 0x0000000085000000| PB 0x0000000085000000| Untracked 
|  81|0x0000000085100000, 0x0000000085200000, 0x0000000085200000|100%| O|  |TAMS 0x0000000085100000| PB 0x0000000085100000| Untracked 
|  82|0x0000000085200000, 0x0000000085300000, 0x0000000085300000|100%| O|  |TAMS 0x0000000085200000| PB 0x0000000085200000| Untracked 
|  83|0x0000000085300000, 0x0000000085400000, 0x0000000085400000|100%| O|  |TAMS 0x0000000085300000| PB 0x0000000085300000| Untracked 
|  84|0x0000000085400000, 0x0000000085500000, 0x0000000085500000|100%| O|  |TAMS 0x0000000085400000| PB 0x0000000085400000| Untracked 
|  85|0x0000000085500000, 0x0000000085600000, 0x0000000085600000|100%|HS|  |TAMS 0x0000000085500000| PB 0x0000000085500000| Complete 
|  86|0x0000000085600000, 0x0000000085700000, 0x0000000085700000|100%| O|  |TAMS 0x0000000085600000| PB 0x0000000085600000| Untracked 
|  87|0x0000000085700000, 0x0000000085800000, 0x0000000085800000|100%| O|  |TAMS 0x0000000085700000| PB 0x0000000085700000| Untracked 
|  88|0x0000000085800000, 0x0000000085900000, 0x0000000085900000|100%| O|  |TAMS 0x0000000085800000| PB 0x0000000085800000| Untracked 
|  89|0x0000000085900000, 0x0000000085a00000, 0x0000000085a00000|100%| O|CS|TAMS 0x0000000085900000| PB 0x0000000085900000| Complete 
|  90|0x0000000085a00000, 0x0000000085b00000, 0x0000000085b00000|100%| O|  |TAMS 0x0000000085a00000| PB 0x0000000085a00000| Untracked 
|  91|0x0000000085b00000, 0x0000000085c00000, 0x0000000085c00000|100%| O|  |TAMS 0x0000000085b00000| PB 0x0000000085b00000| Untracked 
|  92|0x0000000085c00000, 0x0000000085d00000, 0x0000000085d00000|100%| O|  |TAMS 0x0000000085c00000| PB 0x0000000085c00000| Untracked 
|  93|0x0000000085d00000, 0x0000000085e00000, 0x0000000085e00000|100%| O|  |TAMS 0x0000000085d00000| PB 0x0000000085d00000| Untracked 
|  94|0x0000000085e00000, 0x0000000085f00000, 0x0000000085f00000|100%| O|  |TAMS 0x0000000085e00000| PB 0x0000000085e00000| Untracked 
|  95|0x0000000085f00000, 0x0000000086000000, 0x0000000086000000|100%| O|CS|TAMS 0x0000000085f00000| PB 0x0000000085f00000| Complete 
|  96|0x0000000086000000, 0x0000000086100000, 0x0000000086100000|100%|HS|  |TAMS 0x0000000086000000| PB 0x0000000086000000| Complete 
|  97|0x0000000086100000, 0x0000000086200000, 0x0000000086200000|100%|HC|  |TAMS 0x0000000086100000| PB 0x0000000086100000| Complete 
|  98|0x0000000086200000, 0x0000000086300000, 0x0000000086300000|100%|HS|  |TAMS 0x0000000086200000| PB 0x0000000086200000| Complete 
|  99|0x0000000086300000, 0x0000000086400000, 0x0000000086400000|100%|HC|  |TAMS 0x0000000086300000| PB 0x0000000086300000| Complete 
| 100|0x0000000086400000, 0x0000000086500000, 0x0000000086500000|100%| O|  |TAMS 0x0000000086400000| PB 0x0000000086400000| Untracked 
| 101|0x0000000086500000, 0x0000000086600000, 0x0000000086600000|100%| S|  |TAMS 0x0000000086500000| PB 0x0000000086500000| Complete 
| 102|0x0000000086600000, 0x0000000086700000, 0x0000000086700000|100%| S|  |TAMS 0x0000000086600000| PB 0x0000000086600000| Complete 
| 103|0x0000000086700000, 0x0000000086800000, 0x0000000086800000|100%| S|  |TAMS 0x0000000086700000| PB 0x0000000086700000| Complete 
| 104|0x0000000086800000, 0x0000000086900000, 0x0000000086900000|100%| S|  |TAMS 0x0000000086800000| PB 0x0000000086800000| Complete 
| 105|0x0000000086900000, 0x0000000086a00000, 0x0000000086a00000|100%| S|  |TAMS 0x0000000086900000| PB 0x0000000086900000| Complete 
| 106|0x0000000086a00000, 0x0000000086b00000, 0x0000000086b00000|100%| E|CS|TAMS 0x0000000086a00000| PB 0x0000000086a00000| Complete 
| 107|0x0000000086b00000, 0x0000000086c00000, 0x0000000086c00000|100%| E|CS|TAMS 0x0000000086b00000| PB 0x0000000086b00000| Complete 
| 108|0x0000000086c00000, 0x0000000086d00000, 0x0000000086d00000|100%| E|CS|TAMS 0x0000000086c00000| PB 0x0000000086c00000| Complete 
| 109|0x0000000086d00000, 0x0000000086e00000, 0x0000000086e00000|100%| E|CS|TAMS 0x0000000086d00000| PB 0x0000000086d00000| Complete 
| 110|0x0000000086e00000, 0x0000000086f00000, 0x0000000086f00000|100%| E|CS|TAMS 0x0000000086e00000| PB 0x0000000086e00000| Complete 
| 111|0x0000000086f00000, 0x0000000087000000, 0x0000000087000000|100%| E|CS|TAMS 0x0000000086f00000| PB 0x0000000086f00000| Complete 
| 112|0x0000000087000000, 0x0000000087100000, 0x0000000087100000|100%| E|CS|TAMS 0x0000000087000000| PB 0x0000000087000000| Complete 
| 113|0x0000000087100000, 0x00000000871265d0, 0x0000000087200000| 14%| E|CS|TAMS 0x0000000087100000| PB 0x0000000087100000| Complete 
| 114|0x0000000087200000, 0x0000000087300000, 0x0000000087300000|100%| E|CS|TAMS 0x0000000087200000| PB 0x0000000087200000| Complete 
| 115|0x0000000087300000, 0x0000000087400000, 0x0000000087400000|100%| E|CS|TAMS 0x0000000087300000| PB 0x0000000087300000| Complete 
| 116|0x0000000087400000, 0x0000000087500000, 0x0000000087500000|100%| E|CS|TAMS 0x0000000087400000| PB 0x0000000087400000| Complete 
| 117|0x0000000087500000, 0x0000000087600000, 0x0000000087600000|100%| E|CS|TAMS 0x0000000087500000| PB 0x0000000087500000| Complete 
| 118|0x0000000087600000, 0x0000000087700000, 0x0000000087700000|100%| E|CS|TAMS 0x0000000087600000| PB 0x0000000087600000| Complete 
| 119|0x0000000087700000, 0x0000000087800000, 0x0000000087800000|100%| E|CS|TAMS 0x0000000087700000| PB 0x0000000087700000| Complete 
| 120|0x0000000087800000, 0x0000000087900000, 0x0000000087900000|100%| E|CS|TAMS 0x0000000087800000| PB 0x0000000087800000| Complete 
| 121|0x0000000087900000, 0x0000000087a00000, 0x0000000087a00000|100%| E|CS|TAMS 0x0000000087900000| PB 0x0000000087900000| Complete 
| 122|0x0000000087a00000, 0x0000000087b00000, 0x0000000087b00000|100%| E|CS|TAMS 0x0000000087a00000| PB 0x0000000087a00000| Complete 
| 123|0x0000000087b00000, 0x0000000087c00000, 0x0000000087c00000|100%| E|CS|TAMS 0x0000000087b00000| PB 0x0000000087b00000| Complete 
| 124|0x0000000087c00000, 0x0000000087d00000, 0x0000000087d00000|100%| E|CS|TAMS 0x0000000087c00000| PB 0x0000000087c00000| Complete 
| 125|0x0000000087d00000, 0x0000000087e00000, 0x0000000087e00000|100%| E|CS|TAMS 0x0000000087d00000| PB 0x0000000087d00000| Complete 
| 126|0x0000000087e00000, 0x0000000087f00000, 0x0000000087f00000|100%| E|CS|TAMS 0x0000000087e00000| PB 0x0000000087e00000| Complete 
| 127|0x0000000087f00000, 0x0000000088000000, 0x0000000088000000|100%| E|CS|TAMS 0x0000000087f00000| PB 0x0000000087f00000| Complete 
| 128|0x0000000088000000, 0x0000000088100000, 0x0000000088100000|100%| E|CS|TAMS 0x0000000088000000| PB 0x0000000088000000| Complete 
| 129|0x0000000088100000, 0x0000000088200000, 0x0000000088200000|100%| E|CS|TAMS 0x0000000088100000| PB 0x0000000088100000| Complete 
| 130|0x0000000088200000, 0x0000000088300000, 0x0000000088300000|100%| E|CS|TAMS 0x0000000088200000| PB 0x0000000088200000| Complete 
| 131|0x0000000088300000, 0x0000000088400000, 0x0000000088400000|100%| E|CS|TAMS 0x0000000088300000| PB 0x0000000088300000| Complete 
| 132|0x0000000088400000, 0x0000000088500000, 0x0000000088500000|100%| E|CS|TAMS 0x0000000088400000| PB 0x0000000088400000| Complete 
| 133|0x0000000088500000, 0x0000000088600000, 0x0000000088600000|100%| E|CS|TAMS 0x0000000088500000| PB 0x0000000088500000| Complete 
| 134|0x0000000088600000, 0x0000000088700000, 0x0000000088700000|100%| E|CS|TAMS 0x0000000088600000| PB 0x0000000088600000| Complete 
| 135|0x0000000088700000, 0x0000000088800000, 0x0000000088800000|100%| E|CS|TAMS 0x0000000088700000| PB 0x0000000088700000| Complete 
| 136|0x0000000088800000, 0x0000000088900000, 0x0000000088900000|100%| E|CS|TAMS 0x0000000088800000| PB 0x0000000088800000| Complete 
| 137|0x0000000088900000, 0x0000000088a00000, 0x0000000088a00000|100%| E|CS|TAMS 0x0000000088900000| PB 0x0000000088900000| Complete 
| 138|0x0000000088a00000, 0x0000000088b00000, 0x0000000088b00000|100%| E|CS|TAMS 0x0000000088a00000| PB 0x0000000088a00000| Complete 
| 139|0x0000000088b00000, 0x0000000088c00000, 0x0000000088c00000|100%| E|CS|TAMS 0x0000000088b00000| PB 0x0000000088b00000| Complete 
| 140|0x0000000088c00000, 0x0000000088d00000, 0x0000000088d00000|100%| E|CS|TAMS 0x0000000088c00000| PB 0x0000000088c00000| Complete 
| 141|0x0000000088d00000, 0x0000000088e00000, 0x0000000088e00000|100%| E|CS|TAMS 0x0000000088d00000| PB 0x0000000088d00000| Complete 
| 142|0x0000000088e00000, 0x0000000088f00000, 0x0000000088f00000|100%| E|CS|TAMS 0x0000000088e00000| PB 0x0000000088e00000| Complete 
| 143|0x0000000088f00000, 0x0000000089000000, 0x0000000089000000|100%| E|CS|TAMS 0x0000000088f00000| PB 0x0000000088f00000| Complete 
| 144|0x0000000089000000, 0x0000000089100000, 0x0000000089100000|100%| E|CS|TAMS 0x0000000089000000| PB 0x0000000089000000| Complete 
| 145|0x0000000089100000, 0x0000000089200000, 0x0000000089200000|100%| E|CS|TAMS 0x0000000089100000| PB 0x0000000089100000| Complete 
| 146|0x0000000089200000, 0x0000000089300000, 0x0000000089300000|100%| E|CS|TAMS 0x0000000089200000| PB 0x0000000089200000| Complete 
| 147|0x0000000089300000, 0x0000000089400000, 0x0000000089400000|100%| E|CS|TAMS 0x0000000089300000| PB 0x0000000089300000| Complete 
| 148|0x0000000089400000, 0x0000000089500000, 0x0000000089500000|100%| E|CS|TAMS 0x0000000089400000| PB 0x0000000089400000| Complete 
| 149|0x0000000089500000, 0x0000000089600000, 0x0000000089600000|100%| E|CS|TAMS 0x0000000089500000| PB 0x0000000089500000| Complete 
| 150|0x0000000089600000, 0x0000000089700000, 0x0000000089700000|100%| E|CS|TAMS 0x0000000089600000| PB 0x0000000089600000| Complete 
| 151|0x0000000089700000, 0x0000000089800000, 0x0000000089800000|100%| E|CS|TAMS 0x0000000089700000| PB 0x0000000089700000| Complete 
| 152|0x0000000089800000, 0x0000000089900000, 0x0000000089900000|100%| E|CS|TAMS 0x0000000089800000| PB 0x0000000089800000| Complete 
| 153|0x0000000089900000, 0x0000000089a00000, 0x0000000089a00000|100%| E|CS|TAMS 0x0000000089900000| PB 0x0000000089900000| Complete 
| 154|0x0000000089a00000, 0x0000000089b00000, 0x0000000089b00000|100%| E|CS|TAMS 0x0000000089a00000| PB 0x0000000089a00000| Complete 
| 155|0x0000000089b00000, 0x0000000089c00000, 0x0000000089c00000|100%| E|CS|TAMS 0x0000000089b00000| PB 0x0000000089b00000| Complete 
| 156|0x0000000089c00000, 0x0000000089d00000, 0x0000000089d00000|100%| E|CS|TAMS 0x0000000089c00000| PB 0x0000000089c00000| Complete 
| 157|0x0000000089d00000, 0x0000000089e00000, 0x0000000089e00000|100%| E|CS|TAMS 0x0000000089d00000| PB 0x0000000089d00000| Complete 
| 158|0x0000000089e00000, 0x0000000089f00000, 0x0000000089f00000|100%| E|CS|TAMS 0x0000000089e00000| PB 0x0000000089e00000| Complete 
| 159|0x0000000089f00000, 0x000000008a000000, 0x000000008a000000|100%| E|CS|TAMS 0x0000000089f00000| PB 0x0000000089f00000| Complete 
| 160|0x000000008a000000, 0x000000008a100000, 0x000000008a100000|100%| E|CS|TAMS 0x000000008a000000| PB 0x000000008a000000| Complete 
| 161|0x000000008a100000, 0x000000008a200000, 0x000000008a200000|100%| E|CS|TAMS 0x000000008a100000| PB 0x000000008a100000| Complete 
| 162|0x000000008a200000, 0x000000008a300000, 0x000000008a300000|100%| E|CS|TAMS 0x000000008a200000| PB 0x000000008a200000| Complete 
| 163|0x000000008a300000, 0x000000008a400000, 0x000000008a400000|100%| E|CS|TAMS 0x000000008a300000| PB 0x000000008a300000| Complete 
| 164|0x000000008a400000, 0x000000008a500000, 0x000000008a500000|100%| E|CS|TAMS 0x000000008a400000| PB 0x000000008a400000| Complete 
|2041|0x00000000ff900000, 0x00000000ffa00000, 0x00000000ffa00000|100%| E|CS|TAMS 0x00000000ff900000| PB 0x00000000ff900000| Complete 
|2042|0x00000000ffa00000, 0x00000000ffb00000, 0x00000000ffb00000|100%| E|CS|TAMS 0x00000000ffa00000| PB 0x00000000ffa00000| Complete 
|2043|0x00000000ffb00000, 0x00000000ffc00000, 0x00000000ffc00000|100%| O|  |TAMS 0x00000000ffb00000| PB 0x00000000ffb00000| Untracked 
|2044|0x00000000ffc00000, 0x00000000ffd00000, 0x00000000ffd00000|100%| O|  |TAMS 0x00000000ffc00000| PB 0x00000000ffc00000| Untracked 
|2045|0x00000000ffd00000, 0x00000000ffe00000, 0x00000000ffe00000|100%| O|  |TAMS 0x00000000ffd00000| PB 0x00000000ffd00000| Untracked 
|2046|0x00000000ffe00000, 0x00000000fff00000, 0x00000000fff00000|100%| O|  |TAMS 0x00000000ffe00000| PB 0x00000000ffe00000| Untracked 
|2047|0x00000000fff00000, 0x0000000100000000, 0x0000000100000000|100%| O|  |TAMS 0x00000000fff00000| PB 0x00000000fff00000| Untracked 

Card table byte_map: [0x000001aaa1ef0000,0x000001aaa22f0000] _byte_map_base: 0x000001aaa1af0000

Marking Bits: (CMBitMap*) 0x000001aa8e3fa680
 Bits: [0x000001aaa22f0000, 0x000001aaa42f0000)

Polling page: 0x000001aa8db60000

Metaspace:

Usage:
  Non-class:     89.50 MB used.
      Class:     14.77 MB used.
       Both:    104.27 MB used.

Virtual space:
  Non-class space:      128.00 MB reserved,      90.69 MB ( 71%) committed,  2 nodes.
      Class space:      416.00 MB reserved,      15.88 MB (  4%) committed,  1 nodes.
             Both:      544.00 MB reserved,     106.56 MB ( 20%) committed. 

Chunk freelists:
   Non-Class:  5.34 MB
       Class:  15.95 MB
        Both:  21.30 MB

MaxMetaspaceSize: 512.00 MB
CompressedClassSpaceSize: 416.00 MB
Initial GC threshold: 21.00 MB
Current GC threshold: 166.50 MB
CDS: on
 - commit_granule_bytes: 65536.
 - commit_granule_words: 8192.
 - virtual_space_node_default_size: 8388608.
 - enlarge_chunks_in_place: 1.
 - use_allocation_guard: 0.


Internal statistics:

num_allocs_failed_limit: 9.
num_arena_births: 4330.
num_arena_deaths: 2.
num_vsnodes_births: 3.
num_vsnodes_deaths: 0.
num_space_committed: 1705.
num_space_uncommitted: 0.
num_chunks_returned_to_freelist: 12.
num_chunks_taken_from_freelist: 9292.
num_chunk_merges: 9.
num_chunk_splits: 6102.
num_chunks_enlarged: 3904.
num_inconsistent_stats: 0.

CodeHeap 'non-profiled nmethods': size=128192Kb used=7760Kb max_used=7760Kb free=120431Kb
 bounds [0x000001aa99870000, 0x000001aa9a010000, 0x000001aaa15a0000]
CodeHeap 'profiled nmethods': size=128192Kb used=23260Kb max_used=23260Kb free=104932Kb
 bounds [0x000001aa915a0000, 0x000001aa92c60000, 0x000001aa992d0000]
CodeHeap 'non-nmethods': size=5760Kb used=2777Kb max_used=2804Kb free=2982Kb
 bounds [0x000001aa992d0000, 0x000001aa995a0000, 0x000001aa99870000]
CodeCache: size=262144Kb, used=33797Kb, max_used=33824Kb, free=228345Kb
 total_blobs=13171, nmethods=12145, adapters=929, full_count=0
Compilation: enabled, stopped_count=0, restarted_count=0

Compilation events (20 events):
Event: 548.497 Thread 0x000001aaa701e590 14428       3       org.gradle.internal.problems.failure.InternalStackTraceClassifier::isGradleCall (24 bytes)
Event: 548.498 Thread 0x000001aaa701e590 nmethod 14428 0x000001aa92c53b10 code [0x000001aa92c53ce0, 0x000001aa92c53fa8]
Event: 548.517 Thread 0x000001aaa701e590 14429       3       org.gradle.internal.problems.failure.InternalStackTraceClassifier::isInternal (67 bytes)
Event: 548.518 Thread 0x000001aaa701e590 nmethod 14429 0x000001aa92c54110 code [0x000001aa92c54380, 0x000001aa92c54be0]
Event: 548.843 Thread 0x000001aaa701e590 14430       3       java.util.concurrent.LinkedTransferQueue$DualNode::checkForUniprocessor (37 bytes)
Event: 548.843 Thread 0x000001aaa701e590 nmethod 14430 0x000001aa92c54f10 code [0x000001aa92c550e0, 0x000001aa92c55388]
Event: 548.970 Thread 0x000001aaa701e590 14431 %     3       java.lang.StringUTF16::inflate @ 10 (42 bytes)
Event: 548.970 Thread 0x000001aaa701e590 nmethod 14431% 0x000001aa92c55490 code [0x000001aa92c55680, 0x000001aa92c55ba8]
Event: 548.971 Thread 0x000001aaa701e590 14432       3       java.lang.StringUTF16::inflate (42 bytes)
Event: 548.971 Thread 0x000001aaa701e590 nmethod 14432 0x000001aa92c55e10 code [0x000001aa92c56000, 0x000001aa92c56438]
Event: 549.024 Thread 0x000001aaa701e590 14433 %     3       java.lang.StringUTF16::putChars @ 0 (24 bytes)
Event: 549.024 Thread 0x000001aaa701e590 nmethod 14433% 0x000001aa92c56690 code [0x000001aa92c56840, 0x000001aa92c56ac0]
Event: 549.088 Thread 0x000001aaa70076b0 14434 %     4       java.lang.StringUTF16::compress @ 10 (56 bytes)
Event: 549.095 Thread 0x000001aaa70076b0 nmethod 14434% 0x000001aa9a002890 code [0x000001aa9a002a20, 0x000001aa9a002d48]
Event: 549.104 Thread 0x000001aaa70076b0 14435       4       java.lang.StringUTF16::compress (56 bytes)
Event: 549.110 Thread 0x000001aaa70076b0 nmethod 14435 0x000001aa9a002e90 code [0x000001aa9a003020, 0x000001aa9a003288]
Event: 549.141 Thread 0x000001aaa70076b0 14436       4       sun.instrument.InstrumentationImpl::transform (73 bytes)
Event: 549.158 Thread 0x000001aaa70076b0 nmethod 14436 0x000001aa9a003410 code [0x000001aa9a003600, 0x000001aa9a003bc0]
Event: 550.033 Thread 0x000001aaa701e590 14437       3       java.lang.ClassLoader::postDefineClass (39 bytes)
Event: 550.034 Thread 0x000001aaa701e590 nmethod 14437 0x000001aa92c56c10 code [0x000001aa92c56e00, 0x000001aa92c57128]

GC Heap History (20 events):
Event: 442.149 GC heap after
{Heap after GC invocations=32 (full 0):
 garbage-first heap   total 145408K, used 89587K [0x0000000080000000, 0x0000000100000000)
  region size 1024K, 4 young (4096K), 4 survivors (4096K)
 Metaspace       used 78101K, committed 80192K, reserved 557056K
  class space    used 11323K, committed 12352K, reserved 425984K
}
Event: 450.642 GC heap before
{Heap before GC invocations=32 (full 0):
 garbage-first heap   total 145408K, used 131571K [0x0000000080000000, 0x0000000100000000)
  region size 1024K, 45 young (46080K), 4 survivors (4096K)
 Metaspace       used 82681K, committed 84736K, reserved 557056K
  class space    used 11794K, committed 12800K, reserved 425984K
}
Event: 450.656 GC heap after
{Heap after GC invocations=33 (full 0):
 garbage-first heap   total 145408K, used 90352K [0x0000000080000000, 0x0000000100000000)
  region size 1024K, 6 young (6144K), 6 survivors (6144K)
 Metaspace       used 82681K, committed 84736K, reserved 557056K
  class space    used 11794K, committed 12800K, reserved 425984K
}
Event: 451.408 GC heap before
{Heap before GC invocations=33 (full 0):
 garbage-first heap   total 145408K, used 92400K [0x0000000080000000, 0x0000000100000000)
  region size 1024K, 9 young (9216K), 6 survivors (6144K)
 Metaspace       used 83203K, committed 85312K, reserved 557056K
  class space    used 11850K, committed 12864K, reserved 425984K
}
Event: 451.421 GC heap after
{Heap after GC invocations=34 (full 0):
 garbage-first heap   total 145408K, used 90569K [0x0000000080000000, 0x0000000100000000)
  region size 1024K, 3 young (3072K), 3 survivors (3072K)
 Metaspace       used 83203K, committed 85312K, reserved 557056K
  class space    used 11850K, committed 12864K, reserved 425984K
}
Event: 457.426 GC heap before
{Heap before GC invocations=35 (full 0):
 garbage-first heap   total 152576K, used 137673K [0x0000000080000000, 0x0000000100000000)
  region size 1024K, 43 young (44032K), 3 survivors (3072K)
 Metaspace       used 85291K, committed 87424K, reserved 557056K
  class space    used 12148K, committed 13184K, reserved 425984K
}
Event: 457.434 GC heap after
{Heap after GC invocations=36 (full 0):
 garbage-first heap   total 152576K, used 95020K [0x0000000080000000, 0x0000000100000000)
  region size 1024K, 6 young (6144K), 6 survivors (6144K)
 Metaspace       used 85291K, committed 87424K, reserved 557056K
  class space    used 12148K, committed 13184K, reserved 425984K
}
Event: 464.456 GC heap before
{Heap before GC invocations=36 (full 0):
 garbage-first heap   total 152576K, used 137004K [0x0000000080000000, 0x0000000100000000)
  region size 1024K, 47 young (48128K), 6 survivors (6144K)
 Metaspace       used 88569K, committed 90688K, reserved 557056K
  class space    used 12583K, committed 13632K, reserved 425984K
}
Event: 464.473 GC heap after
{Heap after GC invocations=37 (full 0):
 garbage-first heap   total 152576K, used 96187K [0x0000000080000000, 0x0000000100000000)
  region size 1024K, 3 young (3072K), 3 survivors (3072K)
 Metaspace       used 88569K, committed 90688K, reserved 557056K
  class space    used 12583K, committed 13632K, reserved 425984K
}
Event: 474.186 GC heap before
{Heap before GC invocations=37 (full 0):
 garbage-first heap   total 152576K, used 138171K [0x0000000080000000, 0x0000000100000000)
  region size 1024K, 44 young (45056K), 3 survivors (3072K)
 Metaspace       used 91391K, committed 93568K, reserved 557056K
  class space    used 12957K, committed 14016K, reserved 425984K
}
Event: 474.197 GC heap after
{Heap after GC invocations=38 (full 0):
 garbage-first heap   total 152576K, used 98338K [0x0000000080000000, 0x0000000100000000)
  region size 1024K, 5 young (5120K), 5 survivors (5120K)
 Metaspace       used 91391K, committed 93568K, reserved 557056K
  class space    used 12957K, committed 14016K, reserved 425984K
}
Event: 482.875 GC heap before
{Heap before GC invocations=39 (full 0):
 garbage-first heap   total 165888K, used 140322K [0x0000000080000000, 0x0000000100000000)
  region size 1024K, 46 young (47104K), 5 survivors (5120K)
 Metaspace       used 92510K, committed 94720K, reserved 557056K
  class space    used 13106K, committed 14208K, reserved 425984K
}
Event: 482.887 GC heap after
{Heap after GC invocations=40 (full 0):
 garbage-first heap   total 165888K, used 101605K [0x0000000080000000, 0x0000000100000000)
  region size 1024K, 6 young (6144K), 6 survivors (6144K)
 Metaspace       used 92510K, committed 94720K, reserved 557056K
  class space    used 13106K, committed 14208K, reserved 425984K
}
Event: 493.736 GC heap before
{Heap before GC invocations=40 (full 0):
 garbage-first heap   total 165888K, used 151781K [0x0000000080000000, 0x0000000100000000)
  region size 1024K, 54 young (55296K), 6 survivors (6144K)
 Metaspace       used 96278K, committed 98496K, reserved 557056K
  class space    used 13625K, committed 14720K, reserved 425984K
}
Event: 493.796 GC heap after
{Heap after GC invocations=41 (full 0):
 garbage-first heap   total 165888K, used 103386K [0x0000000080000000, 0x0000000100000000)
  region size 1024K, 6 young (6144K), 6 survivors (6144K)
 Metaspace       used 96278K, committed 98496K, reserved 557056K
  class space    used 13625K, committed 14720K, reserved 425984K
}
Event: 504.244 GC heap before
{Heap before GC invocations=41 (full 0):
 garbage-first heap   total 165888K, used 151514K [0x0000000080000000, 0x0000000100000000)
  region size 1024K, 53 young (54272K), 6 survivors (6144K)
 Metaspace       used 100049K, committed 102272K, reserved 557056K
  class space    used 14305K, committed 15424K, reserved 425984K
}
Event: 504.269 GC heap after
{Heap after GC invocations=42 (full 0):
 garbage-first heap   total 165888K, used 104344K [0x0000000080000000, 0x0000000100000000)
  region size 1024K, 4 young (4096K), 4 survivors (4096K)
 Metaspace       used 100049K, committed 102272K, reserved 557056K
  class space    used 14305K, committed 15424K, reserved 425984K
}
Event: 518.374 GC heap before
{Heap before GC invocations=43 (full 0):
 garbage-first heap   total 176128K, used 153496K [0x0000000080000000, 0x0000000100000000)
  region size 1024K, 52 young (53248K), 4 survivors (4096K)
 Metaspace       used 102934K, committed 105280K, reserved 557056K
  class space    used 14719K, committed 15872K, reserved 425984K
}
Event: 518.402 GC heap after
{Heap after GC invocations=44 (full 0):
 garbage-first heap   total 176128K, used 106069K [0x0000000080000000, 0x0000000100000000)
  region size 1024K, 6 young (6144K), 6 survivors (6144K)
 Metaspace       used 102934K, committed 105280K, reserved 557056K
  class space    used 14719K, committed 15872K, reserved 425984K
}
Event: 550.059 GC heap before
{Heap before GC invocations=44 (full 0):
 garbage-first heap   total 176128K, used 166485K [0x0000000080000000, 0x0000000100000000)
  region size 1024K, 61 young (62464K), 6 survivors (6144K)
 Metaspace       used 106775K, committed 109120K, reserved 557056K
  class space    used 15128K, committed 16256K, reserved 425984K
}

Dll operation events (20 events):
Event: 0.104 Attempting to load shared library C:\Users\user5\.vscode\extensions\redhat.java-1.56.0-win32-x64\jre\21.0.12.1-win32-x86_64\bin\zip.dll
Event: 0.104 Loaded shared library C:\Users\user5\.vscode\extensions\redhat.java-1.56.0-win32-x64\jre\21.0.12.1-win32-x86_64\bin\zip.dll
Event: 0.263 Attempting to load shared library C:\Users\user5\.vscode\extensions\redhat.java-1.56.0-win32-x64\jre\21.0.12.1-win32-x86_64\bin\jimage.dll
Event: 0.263 Loaded shared library C:\Users\user5\.vscode\extensions\redhat.java-1.56.0-win32-x64\jre\21.0.12.1-win32-x86_64\bin\jimage.dll
Event: 0.358 Attempting to load shared library C:\Users\user5\.vscode\extensions\redhat.java-1.56.0-win32-x64\jre\21.0.12.1-win32-x86_64\bin\verify.dll
Event: 0.358 Loaded shared library C:\Users\user5\.vscode\extensions\redhat.java-1.56.0-win32-x64\jre\21.0.12.1-win32-x86_64\bin\verify.dll
Event: 0.474 Attempting to load shared library D:\gradle_cache\native\1def1411415f61bf3af743bc5b6707747c0891f09f0c88961ee8f79bc544acac\windows-amd64\native-platform.dll
Event: 0.474 Loaded shared library D:\gradle_cache\native\1def1411415f61bf3af743bc5b6707747c0891f09f0c88961ee8f79bc544acac\windows-amd64\native-platform.dll
Event: 0.478 Attempting to load shared library D:\gradle_cache\native\0.2.5\x86_64-windows-gnu\gradle-fileevents.dll
Event: 0.478 Loaded shared library D:\gradle_cache\native\0.2.5\x86_64-windows-gnu\gradle-fileevents.dll
Event: 1.178 Attempting to load shared library C:\Users\user5\.vscode\extensions\redhat.java-1.56.0-win32-x64\jre\21.0.12.1-win32-x86_64\bin\management.dll
Event: 1.178 Loaded shared library C:\Users\user5\.vscode\extensions\redhat.java-1.56.0-win32-x64\jre\21.0.12.1-win32-x86_64\bin\management.dll
Event: 1.181 Attempting to load shared library C:\Users\user5\.vscode\extensions\redhat.java-1.56.0-win32-x64\jre\21.0.12.1-win32-x86_64\bin\management_ext.dll
Event: 1.182 Loaded shared library C:\Users\user5\.vscode\extensions\redhat.java-1.56.0-win32-x64\jre\21.0.12.1-win32-x86_64\bin\management_ext.dll
Event: 1.385 Attempting to load shared library C:\Users\user5\.vscode\extensions\redhat.java-1.56.0-win32-x64\jre\21.0.12.1-win32-x86_64\bin\extnet.dll
Event: 1.386 Loaded shared library C:\Users\user5\.vscode\extensions\redhat.java-1.56.0-win32-x64\jre\21.0.12.1-win32-x86_64\bin\extnet.dll
Event: 1.571 Attempting to load shared library C:\Users\user5\.vscode\extensions\redhat.java-1.56.0-win32-x64\jre\21.0.12.1-win32-x86_64\bin\sunmscapi.dll
Event: 1.574 Loaded shared library C:\Users\user5\.vscode\extensions\redhat.java-1.56.0-win32-x64\jre\21.0.12.1-win32-x86_64\bin\sunmscapi.dll
Event: 4.186 Attempting to load shared library D:\temp\native-platform7549459556750909488dir\gradle-fileevents.dll
Event: 4.351 Loaded shared library D:\temp\native-platform7549459556750909488dir\gradle-fileevents.dll

Deoptimization events (20 events):
Event: 547.314 Thread 0x000001aad107bac0 Uncommon trap: trap_request=0xffffffc6 fr.pc=0x000001aa99e36a08 relative=0x0000000000003c28
Event: 547.314 Thread 0x000001aad107bac0 Uncommon trap: reason=bimorphic_or_optimized_type_check action=maybe_recompile pc=0x000001aa99e36a08 method=java.util.concurrent.FutureTask.run()V @ 39 c2
Event: 547.314 Thread 0x000001aad107bac0 DEOPT PACKING pc=0x000001aa99e36a08 sp=0x00000004880ff230
Event: 547.314 Thread 0x000001aad107bac0 DEOPT UNPACKING pc=0x000001aa99324422 sp=0x00000004880ff248 mode 2
Event: 548.954 Thread 0x000001aac841a090 Uncommon trap: trap_request=0xffffff45 fr.pc=0x000001aa99a3ad7c relative=0x000000000000025c
Event: 548.954 Thread 0x000001aac841a090 Uncommon trap: reason=unstable_if action=reinterpret pc=0x000001aa99a3ad7c method=java.lang.AbstractStringBuilder.appendChars([CII)V @ 43 c2
Event: 548.954 Thread 0x000001aac841a090 DEOPT PACKING pc=0x000001aa99a3ad7c sp=0x00000004ffff8bd0
Event: 548.955 Thread 0x000001aac841a090 DEOPT UNPACKING pc=0x000001aa99324422 sp=0x00000004ffff8b48 mode 2
Event: 549.048 Thread 0x000001aac841a090 Uncommon trap: trap_request=0xffffff45 fr.pc=0x000001aa998f9828 relative=0x00000000000005c8
Event: 549.048 Thread 0x000001aac841a090 Uncommon trap: reason=unstable_if action=reinterpret pc=0x000001aa998f9828 method=java.lang.String.substring(II)Ljava/lang/String; @ 31 c2
Event: 549.048 Thread 0x000001aac841a090 DEOPT PACKING pc=0x000001aa998f9828 sp=0x00000004ffff8f40
Event: 549.048 Thread 0x000001aac841a090 DEOPT UNPACKING pc=0x000001aa99324422 sp=0x00000004ffff8f10 mode 2
Event: 549.071 Thread 0x000001aac841a090 Uncommon trap: trap_request=0xffffff45 fr.pc=0x000001aa998de560 relative=0x00000000000004a0
Event: 549.071 Thread 0x000001aac841a090 Uncommon trap: reason=unstable_if action=reinterpret pc=0x000001aa998de560 method=java.lang.String.substring(II)Ljava/lang/String; @ 31 c2
Event: 549.071 Thread 0x000001aac841a090 DEOPT PACKING pc=0x000001aa998de560 sp=0x00000004ffff8f50
Event: 549.071 Thread 0x000001aac841a090 DEOPT UNPACKING pc=0x000001aa99324422 sp=0x00000004ffff8eb0 mode 2
Event: 549.104 Thread 0x000001aac841a090 Uncommon trap: trap_request=0xffffff45 fr.pc=0x000001aa9a002c34 relative=0x0000000000000214
Event: 549.104 Thread 0x000001aac841a090 Uncommon trap: reason=unstable_if action=reinterpret pc=0x000001aa9a002c34 method=java.lang.StringUTF16.compress([BI[BII)I @ 29 c2
Event: 549.104 Thread 0x000001aac841a090 DEOPT PACKING pc=0x000001aa9a002c34 sp=0x00000004ffff8d40
Event: 549.104 Thread 0x000001aac841a090 DEOPT UNPACKING pc=0x000001aa99324422 sp=0x00000004ffff8d08 mode 2

Classes loaded (20 events):
Event: 493.545 Loading class jdk/internal/vm/annotation/ForceInline
Event: 493.545 Loading class jdk/internal/vm/annotation/ForceInline done
Event: 506.719 Loading class java/net/Proxy$Type
Event: 506.720 Loading class java/net/Proxy$Type done
Event: 507.556 Loading class java/io/FileReader
Event: 507.556 Loading class java/io/FileReader done
Event: 541.656 Loading class sun/reflect/MagicAccessorImpl
Event: 541.657 Loading class sun/reflect/MagicAccessorImpl done
Event: 544.615 Loading class java/util/AbstractCollectionBeanInfo
Event: 544.615 Loading class java/util/AbstractCollectionBeanInfo done
Event: 544.615 Loading class java/util/AbstractCollectionBeanInfo
Event: 544.615 Loading class java/util/AbstractCollectionBeanInfo done
Event: 544.616 Loading class java/util/AbstractCollectionCustomizer
Event: 544.616 Loading class java/util/AbstractCollectionCustomizer done
Event: 544.616 Loading class java/util/AbstractCollectionCustomizer
Event: 544.616 Loading class java/util/AbstractCollectionCustomizer done
Event: 544.641 Loading class sun/reflect/generics/reflectiveObjects/GenericArrayTypeImpl
Event: 544.654 Loading class sun/reflect/generics/reflectiveObjects/GenericArrayTypeImpl done
Event: 549.391 Loading class java/io/CharArrayReader
Event: 549.394 Loading class java/io/CharArrayReader done

Classes unloaded (1 events):
Event: 255.294 Thread 0x000001aaa6fcba00 Unloading class 0x000001aaa97b0400 'java/lang/invoke/LambdaForm$DMH+0x000001aaa97b0400'

Classes redefined (0 events):
No events

Internal exceptions (20 events):
Event: 542.900 Thread 0x000001aac841a090 Exception <a 'java/lang/ClassNotFoundException'{0x0000000087eb9500}: org/gradle/api/internal/initialization/DefaultScriptHandler_DecoratedBeanInfo> (0x0000000087eb9500) 
thrown [s\src\hotspot\share\classfile\systemDictionary.cpp, line 313]
Event: 542.954 Thread 0x000001aac841a090 Exception <a 'java/lang/ClassNotFoundException'{0x0000000087eca8e8}: org/gradle/api/internal/initialization/DefaultScriptHandlerBeanInfo> (0x0000000087eca8e8) 
thrown [s\src\hotspot\share\classfile\systemDictionary.cpp, line 313]
Event: 542.993 Thread 0x000001aac841a090 Exception <a 'java/lang/ClassNotFoundException'{0x0000000087edbca0}: org/gradle/api/internal/initialization/DefaultScriptHandlerCustomizer> (0x0000000087edbca0) 
thrown [s\src\hotspot\share\classfile\systemDictionary.cpp, line 313]
Event: 543.068 Thread 0x000001aac841a090 Exception <a 'java/lang/ClassNotFoundException'{0x0000000087efa5b8}: org/gradle/api/internal/initialization/DefaultScriptHandler_DecoratedCustomizer> (0x0000000087efa5b8) 
thrown [s\src\hotspot\share\classfile\systemDictionary.cpp, line 313]
Event: 544.356 Thread 0x000001aac841a090 Exception <a 'java/lang/ClassNotFoundException'{0x0000000087964e48}: org/gradle/api/internal/artifacts/dsl/DefaultRepositoryHandler_DecoratedBeanInfo> (0x0000000087964e48) 
thrown [s\src\hotspot\share\classfile\systemDictionary.cpp, line 313]
Event: 544.417 Thread 0x000001aac841a090 Exception <a 'java/lang/ClassNotFoundException'{0x000000008797a538}: org/gradle/api/internal/artifacts/dsl/DefaultRepositoryHandlerBeanInfo> (0x000000008797a538) 
thrown [s\src\hotspot\share\classfile\systemDictionary.cpp, line 313]
Event: 544.473 Thread 0x000001aac841a090 Exception <a 'java/lang/ClassNotFoundException'{0x0000000087994a68}: org/gradle/api/internal/artifacts/DefaultArtifactRepositoryContainerBeanInfo> (0x0000000087994a68) 
thrown [s\src\hotspot\share\classfile\systemDictionary.cpp, line 313]
Event: 544.509 Thread 0x000001aac841a090 Exception <a 'java/lang/ClassNotFoundException'{0x00000000879a8bd8}: org/gradle/api/internal/DefaultNamedDomainObjectListBeanInfo> (0x00000000879a8bd8) 
thrown [s\src\hotspot\share\classfile\systemDictionary.cpp, line 313]
Event: 544.546 Thread 0x000001aac841a090 Exception <a 'java/lang/ClassNotFoundException'{0x00000000879bda88}: org/gradle/api/internal/DefaultNamedDomainObjectCollectionBeanInfo> (0x00000000879bda88) 
thrown [s\src\hotspot\share\classfile\systemDictionary.cpp, line 313]
Event: 544.586 Thread 0x000001aac841a090 Exception <a 'java/lang/ClassNotFoundException'{0x00000000879d2970}: org/gradle/api/internal/DefaultDomainObjectCollectionBeanInfo> (0x00000000879d2970) 
thrown [s\src\hotspot\share\classfile\systemDictionary.cpp, line 313]
Event: 544.616 Thread 0x000001aac841a090 Exception <a 'java/lang/ClassNotFoundException'{0x00000000879dad50}: java/util/AbstractCollectionBeanInfo> (0x00000000879dad50) 
thrown [s\src\hotspot\share\classfile\systemDictionary.cpp, line 313]
Event: 544.616 Thread 0x000001aac841a090 Exception <a 'java/lang/ClassNotFoundException'{0x00000000879e3110}: java/util/AbstractCollectionCustomizer> (0x00000000879e3110) 
thrown [s\src\hotspot\share\classfile\systemDictionary.cpp, line 313]
Event: 544.676 Thread 0x000001aac841a090 Exception <a 'java/lang/ClassNotFoundException'{0x000000008780b2b0}: org/gradle/api/internal/DefaultDomainObjectCollectionCustomizer> (0x000000008780b2b0) 
thrown [s\src\hotspot\share\classfile\systemDictionary.cpp, line 313]
Event: 544.857 Thread 0x000001aac841a090 Exception <a 'java/lang/ClassNotFoundException'{0x0000000087859cf8}: org/gradle/api/internal/DefaultNamedDomainObjectCollectionCustomizer> (0x0000000087859cf8) 
thrown [s\src\hotspot\share\classfile\systemDictionary.cpp, line 313]
Event: 544.914 Thread 0x000001aac841a090 Exception <a 'java/lang/ClassNotFoundException'{0x00000000878b2360}: org/gradle/api/internal/DefaultNamedDomainObjectListCustomizer> (0x00000000878b2360) 
thrown [s\src\hotspot\share\classfile\systemDictionary.cpp, line 313]
Event: 545.060 Thread 0x000001aac841a090 Exception <a 'java/lang/ClassNotFoundException'{0x0000000087742f18}: org/gradle/api/internal/artifacts/DefaultArtifactRepositoryContainerCustomizer> (0x0000000087742f18) 
thrown [s\src\hotspot\share\classfile\systemDictionary.cpp, line 313]
Event: 545.224 Thread 0x000001aac841a090 Exception <a 'java/lang/ClassNotFoundException'{0x00000000877e1f58}: org/gradle/api/internal/artifacts/dsl/DefaultRepositoryHandlerCustomizer> (0x00000000877e1f58) 
thrown [s\src\hotspot\share\classfile\systemDictionary.cpp, line 313]
Event: 545.588 Thread 0x000001aac841a090 Exception <a 'java/lang/ClassNotFoundException'{0x00000000870b2460}: org/gradle/api/internal/artifacts/dsl/DefaultRepositoryHandler_DecoratedCustomizer> (0x00000000870b2460) 
thrown [s\src\hotspot\share\classfile\systemDictionary.cpp, line 313]
Event: 547.731 Thread 0x000001aac841a090 Exception <a 'java/lang/ClassNotFoundException'{0x0000000086ed5f98}: build_ogrtn9puqdi7ky8xfj13z2q4BeanInfo> (0x0000000086ed5f98) 
thrown [s\src\hotspot\share\classfile\systemDictionary.cpp, line 313]
Event: 547.735 Thread 0x000001aac841a090 Exception <a 'java/lang/ClassNotFoundException'{0x0000000086edcb48}: build_ogrtn9puqdi7ky8xfj13z2q4Customizer> (0x0000000086edcb48) 
thrown [s\src\hotspot\share\classfile\systemDictionary.cpp, line 313]

ZGC Phase Switch (0 events):
No events

VM Operations (20 events):
Event: 541.401 Executing non-safepoint VM operation: HandshakeAllThreads (HandshakeForDeflation) done
Event: 541.401 Executing non-safepoint VM operation: RendezvousGCThreads
Event: 541.401 Executing non-safepoint VM operation: RendezvousGCThreads done
Event: 542.784 Executing non-safepoint VM operation: HandshakeAllThreads (Deoptimize)
Event: 542.784 Executing non-safepoint VM operation: HandshakeAllThreads (Deoptimize) done
Event: 542.784 Executing safepoint VM operation: Cleanup
Event: 542.784 Executing safepoint VM operation: Cleanup done
Event: 543.798 Executing safepoint VM operation: Cleanup
Event: 543.814 Executing safepoint VM operation: Cleanup done
Event: 544.826 Executing safepoint VM operation: Cleanup
Event: 544.842 Executing safepoint VM operation: Cleanup done
Event: 545.848 Executing safepoint VM operation: Cleanup
Event: 545.863 Executing safepoint VM operation: Cleanup done
Event: 546.873 Executing safepoint VM operation: Cleanup
Event: 546.889 Executing safepoint VM operation: Cleanup done
Event: 547.899 Executing safepoint VM operation: Cleanup
Event: 547.900 Executing safepoint VM operation: Cleanup done
Event: 548.908 Executing safepoint VM operation: Cleanup
Event: 548.924 Executing safepoint VM operation: Cleanup done
Event: 550.059 Executing safepoint VM operation: G1CollectForAllocation (G1 Evacuation Pause)

Memory protections (0 events):
No events

Nmethod flushes (20 events):
Event: 504.492 Thread 0x000001aaa6fcba00 flushing  nmethod 0x000001aa9174f190
Event: 504.492 Thread 0x000001aaa6fcba00 flushing  nmethod 0x000001aa91abcc10
Event: 504.492 Thread 0x000001aaa6fcba00 flushing  nmethod 0x000001aa91c60090
Event: 504.492 Thread 0x000001aaa6fcba00 flushing  nmethod 0x000001aa91d8d610
Event: 504.492 Thread 0x000001aaa6fcba00 flushing  nmethod 0x000001aa91e70590
Event: 504.492 Thread 0x000001aaa6fcba00 flushing  nmethod 0x000001aa91e7aa10
Event: 504.492 Thread 0x000001aaa6fcba00 flushing  nmethod 0x000001aa91e7ad10
Event: 504.492 Thread 0x000001aaa6fcba00 flushing  nmethod 0x000001aa924ef410
Event: 504.492 Thread 0x000001aaa6fcba00 flushing  nmethod 0x000001aa99c4b110
Event: 504.492 Thread 0x000001aaa6fcba00 flushing  nmethod 0x000001aa915f5d90
Event: 504.492 Thread 0x000001aaa6fcba00 flushing  nmethod 0x000001aa9173b190
Event: 504.492 Thread 0x000001aaa6fcba00 flushing  nmethod 0x000001aa91741c10
Event: 504.492 Thread 0x000001aaa6fcba00 flushing  nmethod 0x000001aa91cbb290
Event: 504.492 Thread 0x000001aaa6fcba00 flushing  nmethod 0x000001aa91cd0e10
Event: 504.492 Thread 0x000001aaa6fcba00 flushing  nmethod 0x000001aa91cd1e10
Event: 504.492 Thread 0x000001aaa6fcba00 flushing  nmethod 0x000001aa91ec1a90
Event: 504.492 Thread 0x000001aaa6fcba00 flushing  nmethod 0x000001aa91edf790
Event: 504.492 Thread 0x000001aaa6fcba00 flushing  nmethod 0x000001aa9231d990
Event: 504.492 Thread 0x000001aaa6fcba00 flushing  nmethod 0x000001aa92340a90
Event: 504.492 Thread 0x000001aaa6fcba00 flushing  nmethod 0x000001aa92341810

Events (20 events):
Event: 404.417 Thread 0x000001aac841a090 Thread added: 0x000001aaca5f54d0
Event: 404.460 Thread 0x000001aac841a090 Thread added: 0x000001aaca5f26e0
Event: 404.469 Thread 0x000001aac841a090 Thread added: 0x000001aaca5f61f0
Event: 404.488 Thread 0x000001aac841a090 Thread added: 0x000001aaca5f6880
Event: 404.510 Thread 0x000001aac841a090 Thread added: 0x000001aaca5f75a0
Event: 406.207 Thread 0x000001aac841a090 Thread added: 0x000001aaca5f6f10
Event: 406.208 Thread 0x000001aac841a090 Thread added: 0x000001aaca5f7c30
Event: 406.209 Thread 0x000001aac841a090 Thread added: 0x000001aaca5f82c0
Event: 406.216 Thread 0x000001aac841a090 Thread added: 0x000001aaca5f8950
Event: 406.221 Thread 0x000001aac841a090 Thread added: 0x000001aaca5f8fe0
Event: 406.232 Thread 0x000001aac841a090 Thread added: 0x000001aaca5f9670
Event: 406.233 Thread 0x000001aac841a090 Thread added: 0x000001aaca60c7e0
Event: 406.235 Thread 0x000001aac841a090 Thread added: 0x000001aaca60bac0
Event: 406.235 Thread 0x000001aac841a090 Thread added: 0x000001aaca60c150
Event: 406.250 Thread 0x000001aac841a090 Thread added: 0x000001aaca60a710
Event: 406.251 Thread 0x000001aac841a090 Thread added: 0x000001aaca60a080
Event: 452.515 Thread 0x000001aac853c780 Thread exited: 0x000001aac853c780
Event: 463.428 Thread 0x000001aac841a090 Thread added: 0x000001aaca60d500
Event: 536.461 Thread 0x000001aac841a090 Thread added: 0x000001aad107a080
Event: 547.243 Thread 0x000001aac841a090 Thread added: 0x000001aad107bac0


Dynamic libraries:
0x00007ff7a95b0000 - 0x00007ff7a95be000 	C:\Users\user5\.vscode\extensions\redhat.java-1.56.0-win32-x64\jre\21.0.12.1-win32-x86_64\bin\java.exe
0x00007ff8236e0000 - 0x00007ff823947000 	C:\WINDOWS\SYSTEM32\ntdll.dll
0x00007ff822840000 - 0x00007ff82290b000 	C:\WINDOWS\System32\KERNEL32.DLL
0x00007ff820b10000 - 0x00007ff820f12000 	C:\WINDOWS\System32\KERNELBASE.dll
0x00007ff8212a0000 - 0x00007ff8213ec000 	C:\WINDOWS\System32\ucrtbase.dll
0x00007ff810520000 - 0x00007ff810538000 	C:\Users\user5\.vscode\extensions\redhat.java-1.56.0-win32-x64\jre\21.0.12.1-win32-x86_64\bin\jli.dll
0x00007ff813580000 - 0x00007ff81359e000 	C:\Users\user5\.vscode\extensions\redhat.java-1.56.0-win32-x64\jre\21.0.12.1-win32-x86_64\bin\VCRUNTIME140.dll
0x00007ff822450000 - 0x00007ff82261f000 	C:\WINDOWS\System32\USER32.dll
0x00007ff800850000 - 0x00007ff800ae0000 	C:\WINDOWS\WinSxS\amd64_microsoft.windows.common-controls_6595b64144ccf1df_6.0.26100.9278_none_3e0d1ba8e3303201\COMCTL32.dll
0x00007ff820f20000 - 0x00007ff820f47000 	C:\WINDOWS\System32\win32u.dll
0x00007ff822760000 - 0x00007ff82278b000 	C:\WINDOWS\System32\GDI32.dll
0x00007ff822910000 - 0x00007ff8229b9000 	C:\WINDOWS\System32\msvcrt.dll
0x00007ff820f50000 - 0x00007ff821079000 	C:\WINDOWS\System32\gdi32full.dll
0x00007ff820a60000 - 0x00007ff820b03000 	C:\WINDOWS\System32\msvcp_win.dll
0x00007ff821400000 - 0x00007ff821431000 	C:\WINDOWS\System32\IMM32.DLL
0x00007ff818840000 - 0x00007ff81884c000 	C:\Users\user5\.vscode\extensions\redhat.java-1.56.0-win32-x64\jre\21.0.12.1-win32-x86_64\bin\vcruntime140_1.dll
0x00007fffefad0000 - 0x00007fffefb5d000 	C:\Users\user5\.vscode\extensions\redhat.java-1.56.0-win32-x64\jre\21.0.12.1-win32-x86_64\bin\msvcp140.dll
0x00007fff950e0000 - 0x00007fff95e82000 	C:\Users\user5\.vscode\extensions\redhat.java-1.56.0-win32-x64\jre\21.0.12.1-win32-x86_64\bin\server\jvm.dll
0x00007ff822680000 - 0x00007ff82273c000 	C:\WINDOWS\System32\ADVAPI32.dll
0x00007ff8234d0000 - 0x00007ff823579000 	C:\WINDOWS\System32\sechost.dll
0x00007ff823580000 - 0x00007ff823698000 	C:\WINDOWS\System32\RPCRT4.dll
0x00007ff8227b0000 - 0x00007ff822830000 	C:\WINDOWS\System32\WS2_32.dll
0x00007ff81ffb0000 - 0x00007ff82000e000 	C:\WINDOWS\SYSTEM32\POWRPROF.dll
0x00007ff8142c0000 - 0x00007ff8142cb000 	C:\WINDOWS\SYSTEM32\VERSION.dll
0x00007ff80c220000 - 0x00007ff80c256000 	C:\WINDOWS\SYSTEM32\WINMM.dll
0x00007ff81ff70000 - 0x00007ff81ff85000 	C:\WINDOWS\SYSTEM32\UMPDC.dll
0x00007ff81f5b0000 - 0x00007ff81f5cb000 	C:\WINDOWS\SYSTEM32\kernel.appcore.dll
0x00007ff816440000 - 0x00007ff81644a000 	C:\Users\user5\.vscode\extensions\redhat.java-1.56.0-win32-x64\jre\21.0.12.1-win32-x86_64\bin\jimage.dll
0x00007ff81de40000 - 0x00007ff81e08c000 	C:\WINDOWS\SYSTEM32\DBGHELP.DLL
0x00007ff8215c0000 - 0x00007ff821945000 	C:\WINDOWS\System32\combase.dll
0x00007ff821950000 - 0x00007ff821a29000 	C:\WINDOWS\System32\OLEAUT32.dll
0x00007ffff9420000 - 0x00007ffff945b000 	C:\WINDOWS\SYSTEM32\dbgcore.DLL
0x00007ff8208e0000 - 0x00007ff82098c000 	C:\WINDOWS\System32\bcryptPrimitives.dll
0x00007ff804240000 - 0x00007ff80424f000 	C:\Users\user5\.vscode\extensions\redhat.java-1.56.0-win32-x64\jre\21.0.12.1-win32-x86_64\bin\instrument.dll
0x00007ff801b30000 - 0x00007ff801b50000 	C:\Users\user5\.vscode\extensions\redhat.java-1.56.0-win32-x64\jre\21.0.12.1-win32-x86_64\bin\java.dll
0x00007ff822d30000 - 0x00007ff8234c8000 	C:\WINDOWS\System32\SHELL32.dll
0x00007ff81e340000 - 0x00007ff81ebee000 	C:\WINDOWS\SYSTEM32\windows.storage.dll
0x00007ff822b30000 - 0x00007ff822c2b000 	C:\WINDOWS\System32\SHCORE.dll
0x00007ff822ac0000 - 0x00007ff822b26000 	C:\WINDOWS\System32\shlwapi.dll
0x00007ff820800000 - 0x00007ff820829000 	C:\WINDOWS\SYSTEM32\profapi.dll
0x00007ffffca20000 - 0x00007ffffca38000 	C:\Users\user5\.vscode\extensions\redhat.java-1.56.0-win32-x64\jre\21.0.12.1-win32-x86_64\bin\zip.dll
0x00007ff8047d0000 - 0x00007ff8047e0000 	C:\Users\user5\.vscode\extensions\redhat.java-1.56.0-win32-x64\jre\21.0.12.1-win32-x86_64\bin\net.dll
0x00007ff816de0000 - 0x00007ff816f0a000 	C:\WINDOWS\SYSTEM32\WINHTTP.dll
0x00007ff81fbe0000 - 0x00007ff81fc4c000 	C:\WINDOWS\system32\mswsock.dll
0x00007ffffc410000 - 0x00007ffffc426000 	C:\Users\user5\.vscode\extensions\redhat.java-1.56.0-win32-x64\jre\21.0.12.1-win32-x86_64\bin\nio.dll
0x00007ff8039a0000 - 0x00007ff8039b0000 	C:\Users\user5\.vscode\extensions\redhat.java-1.56.0-win32-x64\jre\21.0.12.1-win32-x86_64\bin\verify.dll
0x00007ffffbfd0000 - 0x00007ffffbff7000 	D:\gradle_cache\native\1def1411415f61bf3af743bc5b6707747c0891f09f0c88961ee8f79bc544acac\windows-amd64\native-platform.dll
0x000000006bd40000 - 0x000000006bdb3000 	D:\gradle_cache\native\0.2.5\x86_64-windows-gnu\gradle-fileevents.dll
0x00007ff8163f0000 - 0x00007ff8163fa000 	C:\Users\user5\.vscode\extensions\redhat.java-1.56.0-win32-x64\jre\21.0.12.1-win32-x86_64\bin\management.dll
0x00007ff8163e0000 - 0x00007ff8163ec000 	C:\Users\user5\.vscode\extensions\redhat.java-1.56.0-win32-x64\jre\21.0.12.1-win32-x86_64\bin\management_ext.dll
0x00007ff822440000 - 0x00007ff822448000 	C:\WINDOWS\System32\PSAPI.DLL
0x00007ff81fef0000 - 0x00007ff81ff0b000 	C:\WINDOWS\SYSTEM32\CRYPTSP.dll
0x00007ff81f510000 - 0x00007ff81f549000 	C:\WINDOWS\system32\rsaenh.dll
0x00007ff81fc90000 - 0x00007ff81fcc4000 	C:\WINDOWS\SYSTEM32\USERENV.dll
0x00007ff8207d0000 - 0x00007ff8207fa000 	C:\WINDOWS\SYSTEM32\bcrypt.dll
0x00007ff81ff10000 - 0x00007ff81ff1c000 	C:\WINDOWS\SYSTEM32\CRYPTBASE.dll
0x00007ff81efb0000 - 0x00007ff81efe3000 	C:\WINDOWS\SYSTEM32\IPHLPAPI.DLL
0x00007ff822750000 - 0x00007ff82275a000 	C:\WINDOWS\System32\NSI.dll
0x00007ffffce70000 - 0x00007ffffce79000 	C:\Users\user5\.vscode\extensions\redhat.java-1.56.0-win32-x64\jre\21.0.12.1-win32-x86_64\bin\extnet.dll
0x00007ffffa2f0000 - 0x00007ffffa2fe000 	C:\Users\user5\.vscode\extensions\redhat.java-1.56.0-win32-x64\jre\21.0.12.1-win32-x86_64\bin\sunmscapi.dll
0x00007ff821080000 - 0x00007ff8211fe000 	C:\WINDOWS\System32\CRYPT32.dll
0x00007ff8201c0000 - 0x00007ff8201f0000 	C:\WINDOWS\SYSTEM32\ncrypt.dll
0x00007ff820170000 - 0x00007ff8201af000 	C:\WINDOWS\SYSTEM32\NTASN1.dll
0x00007ff813c90000 - 0x00007ff813c98000 	C:\WINDOWS\system32\wshunix.dll
0x000000006b110000 - 0x000000006b183000 	D:\temp\native-platform7549459556750909488dir\gradle-fileevents.dll

JVMTI agents:
D:\gradle_cache\wrapper\dists\gradle-8.12-all\ejduaidbjup3bmmkhw3rie4zb\gradle-8.12\lib\agents\gradle-instrumentation-agent-8.12.jar path:C:\Users\user5\.vscode\extensions\redhat.java-1.56.0-win32-x64\jre\21.0.12.1-win32-x86_64\bin\instrument.dll, loaded, initialized, instrumentlib options:none

dbghelp: loaded successfully - version: 4.0.5 - missing functions: none
symbol engine: initialized successfully - sym options: 0x614 - pdb path: .;C:\Users\user5\.vscode\extensions\redhat.java-1.56.0-win32-x64\jre\21.0.12.1-win32-x86_64\bin;C:\WINDOWS\SYSTEM32;C:\WINDOWS\WinSxS\amd64_microsoft.windows.common-controls_6595b64144ccf1df_6.0.26100.9278_none_3e0d1ba8e3303201;C:\Users\user5\.vscode\extensions\redhat.java-1.56.0-win32-x64\jre\21.0.12.1-win32-x86_64\bin\server;D:\gradle_cache\native\1def1411415f61bf3af743bc5b6707747c0891f09f0c88961ee8f79bc544acac\windows-amd64;D:\gradle_cache\native\0.2.5\x86_64-windows-gnu;D:\temp\native-platform7549459556750909488dir

VM Arguments:
jvm_args: --add-opens=java.base/java.lang=ALL-UNNAMED --add-opens=java.base/java.lang.invoke=ALL-UNNAMED --add-opens=java.base/java.util=ALL-UNNAMED --add-opens=java.prefs/java.util.prefs=ALL-UNNAMED --add-exports=jdk.compiler/com.sun.tools.javac.api=ALL-UNNAMED --add-exports=jdk.compiler/com.sun.tools.javac.util=ALL-UNNAMED --add-opens=java.base/java.util=ALL-UNNAMED --add-opens=java.prefs/java.util.prefs=ALL-UNNAMED --add-opens=java.base/java.nio.charset=ALL-UNNAMED --add-opens=java.base/java.net=ALL-UNNAMED --add-opens=java.base/java.util.concurrent.atomic=ALL-UNNAMED --add-opens=java.xml/javax.xml.namespace=ALL-UNNAMED -XX:MaxMetaspaceSize=512m -XX:ReservedCodeCacheSize=256m -XX:+HeapDumpOnOutOfMemoryError -Xmx2G -Dfile.encoding=UTF-8 -Duser.country=IN -Duser.language=en -Duser.variant -javaagent:D:\gradle_cache\wrapper\dists\gradle-8.12-all\ejduaidbjup3bmmkhw3rie4zb\gradle-8.12\lib\agents\gradle-instrumentation-agent-8.12.jar 
java_command: org.gradle.launcher.daemon.bootstrap.GradleDaemon 8.12
java_class_path (initial): D:\gradle_cache\wrapper\dists\gradle-8.12-all\ejduaidbjup3bmmkhw3rie4zb\gradle-8.12\lib\gradle-daemon-main-8.12.jar
Launcher Type: SUN_STANDARD

[Global flags]
     intx CICompilerCount                          = 4                                         {product} {ergonomic}
   size_t CompressedClassSpaceSize                 = 436207616                                 {product} {ergonomic}
     uint ConcGCThreads                            = 3                                         {product} {ergonomic}
     uint G1ConcRefinementThreads                  = 10                                        {product} {ergonomic}
   size_t G1HeapRegionSize                         = 1048576                                   {product} {ergonomic}
    uintx GCDrainStackTargetSize                   = 64                                        {product} {ergonomic}
     bool HeapDumpOnOutOfMemoryError               = true                                   {manageable} {command line}
   size_t InitialHeapSize                          = 130023424                                 {product} {ergonomic}
   size_t MarkStackSize                            = 4194304                                   {product} {ergonomic}
   size_t MaxHeapSize                              = 2147483648                                {product} {command line}
   size_t MaxMetaspaceSize                         = 536870912                                 {product} {command line}
   size_t MaxNewSize                               = 1287651328                                {product} {ergonomic}
   size_t MinHeapDeltaBytes                        = 1048576                                   {product} {ergonomic}
   size_t MinHeapSize                              = 8388608                                   {product} {ergonomic}
    uintx NonNMethodCodeHeapSize                   = 5839372                                {pd product} {ergonomic}
    uintx NonProfiledCodeHeapSize                  = 131298042                              {pd product} {ergonomic}
    uintx ProfiledCodeHeapSize                     = 131298042                              {pd product} {ergonomic}
    uintx ReservedCodeCacheSize                    = 268435456                              {pd product} {command line}
     bool SegmentedCodeCache                       = true                                      {product} {ergonomic}
   size_t SoftMaxHeapSize                          = 2147483648                             {manageable} {ergonomic}
     bool UseCompressedOops                        = true                           {product lp64_product} {ergonomic}
     bool UseG1GC                                  = true                                      {product} {ergonomic}
     bool UseLargePagesIndividualAllocation        = false                                  {pd product} {ergonomic}

Logging:
Log output configuration:
 #0: stdout all=warning uptime,level,tags foldmultilines=false
 #1: stderr all=off uptime,level,tags foldmultilines=false

Release file:
JAVA_VERSION="21.0.12.1" 
MODULES="java.base java.compiler java.datatransfer java.xml java.prefs java.desktop java.instrument java.logging java.management java.security.sasl java.naming java.rmi java.management.rmi java.net.http java.scripting java.security.jgss java.transaction.xa java.sql java.sql.rowset java.xml.crypto java.se java.smartcardio jdk.accessibility jdk.internal.jvmstat jdk.attach jdk.charsets jdk.internal.opt jdk.zipfs jdk.compiler jdk.crypto.ec jdk.crypto.cryptoki jdk.crypto.mscapi jdk.dynalink jdk.internal.ed jdk.editpad jdk.hotspot.agent jdk.httpserver jdk.internal.le jdk.internal.vm.ci jdk.internal.vm.compiler jdk.internal.vm.compiler.management jdk.jartool jdk.javadoc jdk.jcmd jdk.management jdk.management.agent jdk.jconsole jdk.jdeps jdk.jdwp.agent jdk.jdi jdk.jfr jdk.jshell jdk.jsobject jdk.jstatd jdk.localedata jdk.management.jfr jdk.naming.dns jdk.naming.rmi jdk.net jdk.nio.mapmode jdk.random jdk.sctp jdk.security.auth jdk.security.jgss jdk.unsupported jdk.unsupported.desktop jdk.xml.dom" 

Environment Variables:
PATH=C:\Program Files\Common Files\Oracle\Java\javapath;C:\windows\system32;C:\windows;C:\windows\System32\Wbem;C:\windows\System32\WindowsPowerShell\v1.0\;C:\windows\System32\OpenSSH\;C:\Program Files (x86)\NVIDIA Corporation\PhysX\Common;C:\Program Files\NVIDIA Corporation\NVIDIA NvDLISR;C:\Users\Administrator\AppData\Local\Microsoft\WindowsApps;C:\Program Files\HP\OMEN-Broadcast\Common;C:\WINDOWS\system32;C:\WINDOWS;C:\WINDOWS\System32\Wbem;C:\WINDOWS\System32\WindowsPowerShell\v1.0\;C:\WINDOWS\System32\OpenSSH\;C:\src\flutter\bin;C:\Users\user5\AppData\Local\Android\Sdk\platform-tools;C:\Program Files\MySQL\MySQL Server 8.0\bin;C:\Program Files\Git\cmd;C:\Program Files\Git\mingw64\bin;C:\src\flutter\bin;C:\Program Files\Git\usr\bin;C:\Program Files\nodejs\;C:\Program Files\MySQL\MySQL Shell 8.0\bin\;C:\Users\user5\AppData\Local\Microsoft\WindowsApps;C:\Users\user5\AppData\Local\Programs\Microsoft VS Code\bin;C:\MinGW\bin;C:\Program Files\JetBrains\IntelliJ IDEA Community Edition 2025.1.1.1\bin;C:\Program Files\Git\cmd;;C:\Users\user5\AppData\Local\Programs\Antigravity IDE\bin;C:\Users\user5\AppData\Roaming\npm
USERNAME=User
OS=Windows_NT
PROCESSOR_IDENTIFIER=Intel64 Family 6 Model 154 Stepping 3, GenuineIntel
TMP=D:\temp
TEMP=D:\temp




Periodic native trim disabled

---------------  S Y S T E M  ---------------

OS:
 Windows 11 , 64 bit Build 26100 (10.0.26100.9444)
OS uptime: 0 days 2:17 hours
Hyper-V role detected

CPU: total 12 (initial active 12) (6 cores per cpu, 2 threads per core) family 6 model 154 stepping 3 microcode 0x435, cx8, cmov, fxsr, ht, mmx, 3dnowpref, sse, sse2, sse3, ssse3, sse4.1, sse4.2, popcnt, lzcnt, tsc, tscinvbit, avx, avx2, aes, erms, clmul, bmi1, bmi2, adx, sha, fma, vzeroupper, clflush, clflushopt, clwb, hv, serialize, rdtscp, rdpid, fsrm, f16c, cet_ibt, cet_ss
Processor Information for the first 12 processors :
  Max Mhz: 2000, Current Mhz: 2000, Mhz Limit: 2000

Memory: 4k page, system-wide physical 7832M (171M free)
TotalPageFile size 28212M (AvailPageFile size 3M)
current process WorkingSet (physical memory assigned to process): 211M, peak: 313M
current process commit charge ("private bytes"): 502M, peak: 509M

vm_info: OpenJDK 64-Bit Server VM (21.0.12.1+1-LTS) for windows-amd64 JRE (21.0.12.1+1-LTS), built on 2026-08-18T00:00:00Z by "admin" with MS VC++ 17.12 (VS2022)

END.
