#
# There is insufficient memory for the Java Runtime Environment to continue.
# Native memory allocation (malloc) failed to allocate 848416 bytes. Error detail: Chunk::new
# Possible reasons:
#   The system is out of physical RAM or swap space
#   This process is running with CompressedOops enabled, and the Java Heap may be blocking the growth of the native heap
# Possible solutions:
#   Reduce memory load on the system
#   Increase physical memory or swap space
#   Check if swap backing store is full
#   Decrease Java heap size (-Xmx/-Xms)
#   Decrease number of Java threads
#   Decrease Java thread stack sizes (-Xss)
#   Set larger code cache with -XX:ReservedCodeCacheSize=
#   JVM is running with Unscaled Compressed Oops mode in which the Java heap is
#     placed in the first 4GB address space. The Java Heap base address is the
#     maximum limit for the native heap growth. Please use -XX:HeapBaseMinAddress
#     to set the Java Heap base and to place the Java Heap above 4GB virtual address.
# This output file may be truncated or incomplete.
#
#  Out of Memory Error (arena.cpp:168), pid=28052, tid=25860
#
# JRE version: OpenJDK Runtime Environment Temurin-21.0.12.1+1 (21.0.12.1+1) (build 21.0.12.1+1-LTS)
# Java VM: OpenJDK 64-Bit Server VM Temurin-21.0.12.1+1 (21.0.12.1+1-LTS, mixed mode, sharing, tiered, compressed oops, compressed class ptrs, g1 gc, windows-amd64)
# No core dump will be written. Minidumps are not enabled by default on client versions of Windows
#

---------------  S U M M A R Y ------------

Command Line: --add-opens=java.base/java.lang=ALL-UNNAMED --add-opens=java.base/java.lang.invoke=ALL-UNNAMED --add-opens=java.base/java.util=ALL-UNNAMED --add-opens=java.prefs/java.util.prefs=ALL-UNNAMED --add-exports=jdk.compiler/com.sun.tools.javac.api=ALL-UNNAMED --add-exports=jdk.compiler/com.sun.tools.javac.util=ALL-UNNAMED --add-opens=java.base/java.util=ALL-UNNAMED --add-opens=java.prefs/java.util.prefs=ALL-UNNAMED --add-opens=java.base/java.nio.charset=ALL-UNNAMED --add-opens=java.base/java.net=ALL-UNNAMED --add-opens=java.base/java.util.concurrent.atomic=ALL-UNNAMED --add-opens=java.xml/javax.xml.namespace=ALL-UNNAMED -XX:MaxMetaspaceSize=512m -XX:ReservedCodeCacheSize=256m -XX:+HeapDumpOnOutOfMemoryError -Xmx2G -Dfile.encoding=UTF-8 -Duser.country=IN -Duser.language=en -Duser.variant -javaagent:D:\gradle_cache\wrapper\dists\gradle-8.12-all\ejduaidbjup3bmmkhw3rie4zb\gradle-8.12\lib\agents\gradle-instrumentation-agent-8.12.jar org.gradle.launcher.daemon.bootstrap.GradleDaemon 8.12

Host: 12th Gen Intel(R) Core(TM) i5-12450H, 12 cores, 7G,  Windows 11 , 64 bit Build 26100 (10.0.26100.9444)
Time: Tue Sep 15 13:09:35 2026 India Standard Time elapsed time: 256.407796 seconds (0d 0h 4m 16s)

---------------  T H R E A D  ---------------

Current thread (0x0000024a272c3fd0):  JavaThread "C2 CompilerThread0" daemon [_thread_in_native, id=25860, stack(0x0000004a8ec00000,0x0000004a8ed00000) (1024K)]


Current CompileTask:
C2:256407 13212   !   4       org.gradle.internal.classloader.VisitableURLClassLoader$InstrumentingVisitableURLClassLoader::findClass (36 bytes)

Stack: [0x0000004a8ec00000,0x0000004a8ed00000]
Native frames: (J=compiled Java code, j=interpreted, Vv=VM code, C=native code)
V  [jvm.dll+0x6d83e9]
V  [jvm.dll+0x8b5736]
V  [jvm.dll+0x8b7cee]
V  [jvm.dll+0x8b83d3]
V  [jvm.dll+0x284596]
V  [jvm.dll+0xc685d]
V  [jvm.dll+0xc6da1]
V  [jvm.dll+0x2fb5ae]
V  [jvm.dll+0x5fee94]
V  [jvm.dll+0x255d67]
V  [jvm.dll+0x24e3bf]
V  [jvm.dll+0x24bbe6]
V  [jvm.dll+0x1cb4ae]
V  [jvm.dll+0x25baad]
V  [jvm.dll+0x25a03a]
V  [jvm.dll+0x3f8aae]
V  [jvm.dll+0x8600cd]
V  [jvm.dll+0x6d6c1d]
C  [ucrtbase.dll+0x2cd30]
C  [KERNEL32.DLL+0x2cd87]
C  [ntdll.dll+0xacaec]


---------------  P R O C E S S  ---------------

Threads class SMR info:
_java_thread_list=0x0000024a4d018e60, length=150, elements={
0x0000024a0e6efa20, 0x0000024a272b6e50, 0x0000024a272ba140, 0x0000024a272bddd0,
0x0000024a272be440, 0x0000024a272c3630, 0x0000024a272c6860, 0x0000024a272c3fd0,
0x0000024a272d2f00, 0x0000024a2755c5c0, 0x0000024a275d68a0, 0x0000024a47cd58d0,
0x0000024a2757b690, 0x0000024a47125870, 0x0000024a4722c950, 0x0000024a4722cfc0,
0x0000024a471fbb00, 0x0000024a471fc820, 0x0000024a471fef80, 0x0000024a471fc190,
0x0000024a471fceb0, 0x0000024a471fd540, 0x0000024a471fdbd0, 0x0000024a471fe8f0,
0x0000024a47dbccd0, 0x0000024a47dbb920, 0x0000024a47dbd360, 0x0000024a47dbd9f0,
0x0000024a47dc0e70, 0x0000024a47dbeda0, 0x0000024a47dbf430, 0x0000024a47dbe710,
0x0000024a47dc0150, 0x0000024a47dc07e0, 0x0000024a4a417e40, 0x0000024a4a4184d0,
0x0000024a4a418b60, 0x0000024a4a419880, 0x0000024a4a419f10, 0x0000024a4a4191f0,
0x0000024a4a416a90, 0x0000024a4a41a5a0, 0x0000024a4a417120, 0x0000024a4a4177b0,
0x0000024a4a41da20, 0x0000024a4a41bfe0, 0x0000024a4a41ac30, 0x0000024a4a41c670,
0x0000024a4a41cd00, 0x0000024a4a41b950, 0x0000024a4a41d390, 0x0000024a4a41e0b0,
0x0000024a4a41b2c0, 0x0000024a4ac6ffe0, 0x0000024a4ac6d1f0, 0x0000024a4ac6d880,
0x0000024a4ac6f950, 0x0000024a4ac6f2c0, 0x0000024a4ac6e5a0, 0x0000024a4ac6ec30,
0x0000024a4ac70d00, 0x0000024a4ac70670, 0x0000024a4ac71390, 0x0000024a4ac6df10,
0x0000024a4ac71a20, 0x0000024a4ac72740, 0x0000024a4ac720b0, 0x0000024a4ac73af0,
0x0000024a4aba6850, 0x0000024a4aba54a0, 0x0000024a4aba7570, 0x0000024a4aba4780,
0x0000024a4aba8920, 0x0000024a4abaa9f0, 0x0000024a4abab080, 0x0000024a4aba8290,
0x0000024a4abab710, 0x0000024a4aba8fb0, 0x0000024a4ababda0, 0x0000024a4aba9640,
0x0000024a4aba9cd0, 0x0000024a4abaa360, 0x0000024a471fe260, 0x0000024a47dbc640,
0x0000024a4b195a40, 0x0000024a4b1953b0, 0x0000024a4b196df0, 0x0000024a4b1960d0,
0x0000024a4b194d20, 0x0000024a4b194690, 0x0000024a4b197480, 0x0000024a4b199550,
0x0000024a4b199be0, 0x0000024a4b196760, 0x0000024a4b198ec0, 0x0000024a4b19a270,
0x0000024a4b19a900, 0x0000024a4b19af90, 0x0000024a4b197b10, 0x0000024a4b19b620,
0x0000024a4b1981a0, 0x0000024a4b198830, 0x0000024a4b19bcb0, 0x0000024a4b8d9540,
0x0000024a4b8daf80, 0x0000024a4b8dc330, 0x0000024a4b8db610, 0x0000024a4b8dd050,
0x0000024a4b8d9bd0, 0x0000024a4b8dbca0, 0x0000024a4b8dc9c0, 0x0000024a4b8da260,
0x0000024a4b8dd6e0, 0x0000024a4b8ddd70, 0x0000024a4b8da8f0, 0x0000024a4b8de400,
0x0000024a4b8e04d0, 0x0000024a4b8e0b60, 0x0000024a4b8dea90, 0x0000024a4b8df120,
0x0000024a4b8df7b0, 0x0000024a4b8dfe40, 0x0000024a4acb2fa0, 0x0000024a4acb4350,
0x0000024a4acb3630, 0x0000024a4acb5070, 0x0000024a4acb5700, 0x0000024a4acb5d90,
0x0000024a4acb49e0, 0x0000024a4acb6420, 0x0000024a4acb6ab0, 0x0000024a4acb7140,
0x0000024a4acb3cc0, 0x0000024a4acb7e60, 0x0000024a4acb77d0, 0x0000024a4acb84f0,
0x0000024a4acba5c0, 0x0000024a4acb9210, 0x0000024a4acb98a0, 0x0000024a4acb8b80,
0x0000024a4acb9f30, 0x0000024a4b531620, 0x0000024a4b52fbe0, 0x0000024a4b530270,
0x0000024a4b5336f0, 0x0000024a4b531cb0, 0x0000024a4b530f90, 0x0000024a4b532340,
0x0000024a4b5329d0, 0x0000024a4cb3ceb0
}

Java Threads: ( => current thread )
  0x0000024a0e6efa20 JavaThread "main"                              [_thread_blocked, id=12204, stack(0x0000004a8de00000,0x0000004a8df00000) (1024K)]
  0x0000024a272b6e50 JavaThread "Reference Handler"          daemon [_thread_blocked, id=13304, stack(0x0000004a8e600000,0x0000004a8e700000) (1024K)]
  0x0000024a272ba140 JavaThread "Finalizer"                  daemon [_thread_blocked, id=7636, stack(0x0000004a8e700000,0x0000004a8e800000) (1024K)]
  0x0000024a272bddd0 JavaThread "Signal Dispatcher"          daemon [_thread_blocked, id=13336, stack(0x0000004a8e800000,0x0000004a8e900000) (1024K)]
  0x0000024a272be440 JavaThread "Attach Listener"            daemon [_thread_blocked, id=2196, stack(0x0000004a8e900000,0x0000004a8ea00000) (1024K)]
  0x0000024a272c3630 JavaThread "Service Thread"             daemon [_thread_blocked, id=37172, stack(0x0000004a8ea00000,0x0000004a8eb00000) (1024K)]
  0x0000024a272c6860 JavaThread "Monitor Deflation Thread"   daemon [_thread_blocked, id=13716, stack(0x0000004a8eb00000,0x0000004a8ec00000) (1024K)]
=>0x0000024a272c3fd0 JavaThread "C2 CompilerThread0"         daemon [_thread_in_native, id=25860, stack(0x0000004a8ec00000,0x0000004a8ed00000) (1024K)]
  0x0000024a272d2f00 JavaThread "C1 CompilerThread0"         daemon [_thread_blocked, id=15424, stack(0x0000004a8ed00000,0x0000004a8ee00000) (1024K)]
  0x0000024a2755c5c0 JavaThread "Common-Cleaner"             daemon [_thread_blocked, id=17624, stack(0x0000004a8ee00000,0x0000004a8ef00000) (1024K)]
  0x0000024a275d68a0 JavaThread "Notification Thread"        daemon [_thread_blocked, id=26808, stack(0x0000004a8ef00000,0x0000004a8f000000) (1024K)]
  0x0000024a47cd58d0 JavaThread "Daemon health stats"               [_thread_blocked, id=13012, stack(0x0000004a8f500000,0x0000004a8f600000) (1024K)]
  0x0000024a2757b690 JavaThread "Incoming local TCP Connector on port 50079"        [_thread_in_native, id=25412, stack(0x0000004a8f600000,0x0000004a8f700000) (1024K)]
  0x0000024a47125870 JavaThread "Daemon periodic checks"            [_thread_blocked, id=27300, stack(0x0000004a8f700000,0x0000004a8f800000) (1024K)]
  0x0000024a4722c950 JavaThread "Daemon"                            [_thread_blocked, id=20072, stack(0x0000004a8f800000,0x0000004a8f900000) (1024K)]
  0x0000024a4722cfc0 JavaThread "Handler for socket connection from /127.0.0.1:50079 to /127.0.0.1:50087"        [_thread_in_native, id=36708, stack(0x0000004a8f900000,0x0000004a8fa00000) (1024K)]
  0x0000024a471fbb00 JavaThread "Cancel handler"                    [_thread_blocked, id=13016, stack(0x0000004a8fa00000,0x0000004a8fb00000) (1024K)]
  0x0000024a471fc820 JavaThread "Daemon worker"                     [_thread_in_Java, id=36880, stack(0x0000004a8fb00000,0x0000004a8fc00000) (1024K)]
  0x0000024a471fef80 JavaThread "Asynchronous log dispatcher for DefaultDaemonConnection: socket connection from /127.0.0.1:50079 to /127.0.0.1:50087"        [_thread_blocked, id=32684, stack(0x0000004a8fc00000,0x0000004a8fd00000) (1024K)]
  0x0000024a471fc190 JavaThread "Stdin handler"                     [_thread_blocked, id=37020, stack(0x0000004a8fd00000,0x0000004a8fe00000) (1024K)]
  0x0000024a471fceb0 JavaThread "Daemon client event forwarder"        [_thread_blocked, id=8520, stack(0x0000004a8fe00000,0x0000004a8ff00000) (1024K)]
  0x0000024a471fd540 JavaThread "Cache worker for journal cache (D:\gradle_cache\caches\journal-1)"        [_thread_blocked, id=9248, stack(0x0000004a8ff00000,0x0000004a90000000) (1024K)]
  0x0000024a471fdbd0 JavaThread "File lock request listener"        [_thread_in_native, id=2568, stack(0x0000004a90000000,0x0000004a90100000) (1024K)]
  0x0000024a471fe8f0 JavaThread "Cache worker for file hash cache (D:\gradle_cache\caches\8.12\fileHashes)"        [_thread_blocked, id=5108, stack(0x0000004a90200000,0x0000004a90300000) (1024K)]
  0x0000024a47dbccd0 JavaThread "Cache worker for file hash cache (D:\pranjal\electricity_billing\mobile\android\.gradle\8.12\fileHashes)"        [_thread_blocked, id=16180, stack(0x0000004a90a00000,0x0000004a90b00000) (1024K)]
  0x0000024a47dbb920 JavaThread "Cache worker for Build Output Cleanup Cache (D:\pranjal\electricity_billing\mobile\android\.gradle\buildOutputCleanup)"        [_thread_blocked, id=11184, stack(0x0000004a90b00000,0x0000004a90c00000) (1024K)]
  0x0000024a47dbd360 JavaThread "File watcher server"        daemon [_thread_in_native, id=14400, stack(0x0000004a90c00000,0x0000004a90d00000) (1024K)]
  0x0000024a47dbd9f0 JavaThread "File watcher consumer"      daemon [_thread_blocked, id=26548, stack(0x0000004a90d00000,0x0000004a90e00000) (1024K)]
  0x0000024a47dc0e70 JavaThread "Cache worker for checksums cache (D:\pranjal\electricity_billing\mobile\android\.gradle\8.12\checksums)"        [_thread_blocked, id=36196, stack(0x0000004a90e00000,0x0000004a90f00000) (1024K)]
  0x0000024a47dbeda0 JavaThread "Cache worker for file content cache (D:\gradle_cache\caches\8.12\fileContent)"        [_thread_blocked, id=31316, stack(0x0000004a90f00000,0x0000004a91000000) (1024K)]
  0x0000024a47dbf430 JavaThread "Cache worker for cache directory md-rule (D:\gradle_cache\caches\8.12\md-rule)"        [_thread_blocked, id=14012, stack(0x0000004a91000000,0x0000004a91100000) (1024K)]
  0x0000024a47dbe710 JavaThread "Cache worker for cache directory md-supplier (D:\gradle_cache\caches\8.12\md-supplier)"        [_thread_blocked, id=4396, stack(0x0000004a91100000,0x0000004a91200000) (1024K)]
  0x0000024a47dc0150 JavaThread "Cache worker for Build Output Cleanup Cache (C:\src\flutter\packages\flutter_tools\gradle\.gradle\buildOutputCleanup)"        [_thread_blocked, id=3316, stack(0x0000004a91200000,0x0000004a91300000) (1024K)]
  0x0000024a47dc07e0 JavaThread "Unconstrained build operations"        [_thread_blocked, id=17328, stack(0x0000004a91300000,0x0000004a91400000) (1024K)]
  0x0000024a4a417e40 JavaThread "Unconstrained build operations Thread 2"        [_thread_blocked, id=18380, stack(0x0000004a91400000,0x0000004a91500000) (1024K)]
  0x0000024a4a4184d0 JavaThread "Unconstrained build operations Thread 3"        [_thread_blocked, id=8536, stack(0x0000004a91500000,0x0000004a91600000) (1024K)]
  0x0000024a4a418b60 JavaThread "Unconstrained build operations Thread 4"        [_thread_blocked, id=34964, stack(0x0000004a91600000,0x0000004a91700000) (1024K)]
  0x0000024a4a419880 JavaThread "Unconstrained build operations Thread 5"        [_thread_blocked, id=31176, stack(0x0000004a91700000,0x0000004a91800000) (1024K)]
  0x0000024a4a419f10 JavaThread "Unconstrained build operations Thread 6"        [_thread_blocked, id=34060, stack(0x0000004a91800000,0x0000004a91900000) (1024K)]
  0x0000024a4a4191f0 JavaThread "Unconstrained build operations Thread 7"        [_thread_blocked, id=33564, stack(0x0000004a91900000,0x0000004a91a00000) (1024K)]
  0x0000024a4a416a90 JavaThread "Unconstrained build operations Thread 8"        [_thread_blocked, id=37612, stack(0x0000004a91a00000,0x0000004a91b00000) (1024K)]
  0x0000024a4a41a5a0 JavaThread "Unconstrained build operations Thread 9"        [_thread_blocked, id=28596, stack(0x0000004a91b00000,0x0000004a91c00000) (1024K)]
  0x0000024a4a417120 JavaThread "Unconstrained build operations Thread 10"        [_thread_blocked, id=18152, stack(0x0000004a91c00000,0x0000004a91d00000) (1024K)]
  0x0000024a4a4177b0 JavaThread "Unconstrained build operations Thread 11"        [_thread_blocked, id=35696, stack(0x0000004a91d00000,0x0000004a91e00000) (1024K)]
  0x0000024a4a41da20 JavaThread "Unconstrained build operations Thread 12"        [_thread_blocked, id=27024, stack(0x0000004a91e00000,0x0000004a91f00000) (1024K)]
  0x0000024a4a41bfe0 JavaThread "Unconstrained build operations Thread 13"        [_thread_blocked, id=21032, stack(0x0000004a91f00000,0x0000004a92000000) (1024K)]
  0x0000024a4a41ac30 JavaThread "Unconstrained build operations Thread 14"        [_thread_blocked, id=31392, stack(0x0000004a92000000,0x0000004a92100000) (1024K)]
  0x0000024a4a41c670 JavaThread "Unconstrained build operations Thread 15"        [_thread_blocked, id=3764, stack(0x0000004a92100000,0x0000004a92200000) (1024K)]
  0x0000024a4a41cd00 JavaThread "Unconstrained build operations Thread 16"        [_thread_blocked, id=26796, stack(0x0000004a92200000,0x0000004a92300000) (1024K)]
  0x0000024a4a41b950 JavaThread "Unconstrained build operations Thread 17"        [_thread_blocked, id=18812, stack(0x0000004a92300000,0x0000004a92400000) (1024K)]
  0x0000024a4a41d390 JavaThread "Unconstrained build operations Thread 18"        [_thread_blocked, id=36700, stack(0x0000004a92400000,0x0000004a92500000) (1024K)]
  0x0000024a4a41e0b0 JavaThread "Unconstrained build operations Thread 19"        [_thread_blocked, id=8532, stack(0x0000004a92500000,0x0000004a92600000) (1024K)]
  0x0000024a4a41b2c0 JavaThread "Unconstrained build operations Thread 20"        [_thread_blocked, id=2580, stack(0x0000004a92600000,0x0000004a92700000) (1024K)]
  0x0000024a4ac6ffe0 JavaThread "Unconstrained build operations Thread 21"        [_thread_blocked, id=18192, stack(0x0000004a92700000,0x0000004a92800000) (1024K)]
  0x0000024a4ac6d1f0 JavaThread "Unconstrained build operations Thread 22"        [_thread_blocked, id=7944, stack(0x0000004a92800000,0x0000004a92900000) (1024K)]
  0x0000024a4ac6d880 JavaThread "Unconstrained build operations Thread 23"        [_thread_blocked, id=11288, stack(0x0000004a92900000,0x0000004a92a00000) (1024K)]
  0x0000024a4ac6f950 JavaThread "Unconstrained build operations Thread 24"        [_thread_blocked, id=26424, stack(0x0000004a92a00000,0x0000004a92b00000) (1024K)]
  0x0000024a4ac6f2c0 JavaThread "Unconstrained build operations Thread 25"        [_thread_blocked, id=28656, stack(0x0000004a92b00000,0x0000004a92c00000) (1024K)]
  0x0000024a4ac6e5a0 JavaThread "Unconstrained build operations Thread 26"        [_thread_blocked, id=6020, stack(0x0000004a92c00000,0x0000004a92d00000) (1024K)]
  0x0000024a4ac6ec30 JavaThread "Unconstrained build operations Thread 27"        [_thread_blocked, id=5480, stack(0x0000004a92d00000,0x0000004a92e00000) (1024K)]
  0x0000024a4ac70d00 JavaThread "Unconstrained build operations Thread 28"        [_thread_blocked, id=35020, stack(0x0000004a92e00000,0x0000004a92f00000) (1024K)]
  0x0000024a4ac70670 JavaThread "Unconstrained build operations Thread 29"        [_thread_blocked, id=27492, stack(0x0000004a92f00000,0x0000004a93000000) (1024K)]
  0x0000024a4ac71390 JavaThread "Unconstrained build operations Thread 30"        [_thread_blocked, id=29052, stack(0x0000004a93000000,0x0000004a93100000) (1024K)]
  0x0000024a4ac6df10 JavaThread "Unconstrained build operations Thread 31"        [_thread_blocked, id=21564, stack(0x0000004a93100000,0x0000004a93200000) (1024K)]
  0x0000024a4ac71a20 JavaThread "Unconstrained build operations Thread 32"        [_thread_blocked, id=16792, stack(0x0000004a93200000,0x0000004a93300000) (1024K)]
  0x0000024a4ac72740 JavaThread "Unconstrained build operations Thread 33"        [_thread_blocked, id=17240, stack(0x0000004a93300000,0x0000004a93400000) (1024K)]
  0x0000024a4ac720b0 JavaThread "Memory manager"                    [_thread_blocked, id=35920, stack(0x0000004a93400000,0x0000004a93500000) (1024K)]
  0x0000024a4ac73af0 JavaThread "build event listener"              [_thread_blocked, id=32556, stack(0x0000004a93500000,0x0000004a93600000) (1024K)]
  0x0000024a4aba6850 JavaThread "Execution worker"                  [_thread_blocked, id=37808, stack(0x0000004a8dc00000,0x0000004a8dd00000) (1024K)]
  0x0000024a4aba54a0 JavaThread "Execution worker Thread 2"         [_thread_blocked, id=22524, stack(0x0000004a90100000,0x0000004a90200000) (1024K)]
  0x0000024a4aba7570 JavaThread "Execution worker Thread 3"         [_thread_blocked, id=12760, stack(0x0000004a90300000,0x0000004a90400000) (1024K)]
  0x0000024a4aba4780 JavaThread "Execution worker Thread 4"         [_thread_blocked, id=33008, stack(0x0000004a93600000,0x0000004a93700000) (1024K)]
  0x0000024a4aba8920 JavaThread "Execution worker Thread 5"         [_thread_blocked, id=35404, stack(0x0000004a93700000,0x0000004a93800000) (1024K)]
  0x0000024a4abaa9f0 JavaThread "Execution worker Thread 6"         [_thread_blocked, id=15604, stack(0x0000004a93800000,0x0000004a93900000) (1024K)]
  0x0000024a4abab080 JavaThread "Execution worker Thread 7"         [_thread_blocked, id=6548, stack(0x0000004a93900000,0x0000004a93a00000) (1024K)]
  0x0000024a4aba8290 JavaThread "Execution worker Thread 8"         [_thread_blocked, id=12124, stack(0x0000004a93a00000,0x0000004a93b00000) (1024K)]
  0x0000024a4abab710 JavaThread "Execution worker Thread 9"         [_thread_blocked, id=31156, stack(0x0000004a93b00000,0x0000004a93c00000) (1024K)]
  0x0000024a4aba8fb0 JavaThread "Execution worker Thread 10"        [_thread_blocked, id=36264, stack(0x0000004a93c00000,0x0000004a93d00000) (1024K)]
  0x0000024a4ababda0 JavaThread "Execution worker Thread 11"        [_thread_blocked, id=16988, stack(0x0000004a93d00000,0x0000004a93e00000) (1024K)]
  0x0000024a4aba9640 JavaThread "Cache worker for execution history cache (C:\src\flutter\packages\flutter_tools\gradle\.gradle\8.12\executionHistory)"        [_thread_blocked, id=35864, stack(0x0000004a93e00000,0x0000004a93f00000) (1024K)]
  0x0000024a4aba9cd0 JavaThread "File lock release action executor Thread 3"        [_thread_blocked, id=14160, stack(0x0000004a93f00000,0x0000004a94000000) (1024K)]
  0x0000024a4abaa360 JavaThread "Unconstrained build operations Thread 34"        [_thread_blocked, id=29212, stack(0x0000004a94000000,0x0000004a94100000) (1024K)]
  0x0000024a471fe260 JavaThread "Unconstrained build operations Thread 35"        [_thread_blocked, id=3148, stack(0x0000004a94100000,0x0000004a94200000) (1024K)]
  0x0000024a47dbc640 JavaThread "Unconstrained build operations Thread 36"        [_thread_blocked, id=17484, stack(0x0000004a94200000,0x0000004a94300000) (1024K)]
  0x0000024a4b195a40 JavaThread "Unconstrained build operations Thread 37"        [_thread_blocked, id=19276, stack(0x0000004a94300000,0x0000004a94400000) (1024K)]
  0x0000024a4b1953b0 JavaThread "Unconstrained build operations Thread 38"        [_thread_blocked, id=1972, stack(0x0000004a94400000,0x0000004a94500000) (1024K)]
  0x0000024a4b196df0 JavaThread "Unconstrained build operations Thread 39"        [_thread_blocked, id=25356, stack(0x0000004a94500000,0x0000004a94600000) (1024K)]
  0x0000024a4b1960d0 JavaThread "Unconstrained build operations Thread 40"        [_thread_blocked, id=5000, stack(0x0000004a94600000,0x0000004a94700000) (1024K)]
  0x0000024a4b194d20 JavaThread "Unconstrained build operations Thread 41"        [_thread_blocked, id=9848, stack(0x0000004a94700000,0x0000004a94800000) (1024K)]
  0x0000024a4b194690 JavaThread "Unconstrained build operations Thread 42"        [_thread_blocked, id=14372, stack(0x0000004a94800000,0x0000004a94900000) (1024K)]
  0x0000024a4b197480 JavaThread "Unconstrained build operations Thread 43"        [_thread_blocked, id=29528, stack(0x0000004a94900000,0x0000004a94a00000) (1024K)]
  0x0000024a4b199550 JavaThread "Unconstrained build operations Thread 44"        [_thread_blocked, id=21852, stack(0x0000004a94a00000,0x0000004a94b00000) (1024K)]
  0x0000024a4b199be0 JavaThread "Unconstrained build operations Thread 45"        [_thread_blocked, id=35932, stack(0x0000004a94b00000,0x0000004a94c00000) (1024K)]
  0x0000024a4b196760 JavaThread "Unconstrained build operations Thread 46"        [_thread_blocked, id=4240, stack(0x0000004a94c00000,0x0000004a94d00000) (1024K)]
  0x0000024a4b198ec0 JavaThread "Unconstrained build operations Thread 47"        [_thread_blocked, id=3940, stack(0x0000004a94d00000,0x0000004a94e00000) (1024K)]
  0x0000024a4b19a270 JavaThread "Unconstrained build operations Thread 48"        [_thread_blocked, id=31064, stack(0x0000004a94e00000,0x0000004a94f00000) (1024K)]
  0x0000024a4b19a900 JavaThread "Unconstrained build operations Thread 49"        [_thread_blocked, id=25868, stack(0x0000004a94f00000,0x0000004a95000000) (1024K)]
  0x0000024a4b19af90 JavaThread "Unconstrained build operations Thread 50"        [_thread_blocked, id=20856, stack(0x0000004a95000000,0x0000004a95100000) (1024K)]
  0x0000024a4b197b10 JavaThread "Unconstrained build operations Thread 51"        [_thread_blocked, id=30356, stack(0x0000004a95100000,0x0000004a95200000) (1024K)]
  0x0000024a4b19b620 JavaThread "Unconstrained build operations Thread 52"        [_thread_blocked, id=36984, stack(0x0000004a95200000,0x0000004a95300000) (1024K)]
  0x0000024a4b1981a0 JavaThread "Unconstrained build operations Thread 53"        [_thread_blocked, id=26360, stack(0x0000004a95300000,0x0000004a95400000) (1024K)]
  0x0000024a4b198830 JavaThread "Unconstrained build operations Thread 54"        [_thread_blocked, id=28440, stack(0x0000004a95400000,0x0000004a95500000) (1024K)]
  0x0000024a4b19bcb0 JavaThread "Unconstrained build operations Thread 55"        [_thread_blocked, id=22700, stack(0x0000004a95500000,0x0000004a95600000) (1024K)]
  0x0000024a4b8d9540 JavaThread "Unconstrained build operations Thread 56"        [_thread_blocked, id=24832, stack(0x0000004a95600000,0x0000004a95700000) (1024K)]
  0x0000024a4b8daf80 JavaThread "Unconstrained build operations Thread 57"        [_thread_blocked, id=33096, stack(0x0000004a95700000,0x0000004a95800000) (1024K)]
  0x0000024a4b8dc330 JavaThread "Unconstrained build operations Thread 58"        [_thread_blocked, id=26956, stack(0x0000004a95800000,0x0000004a95900000) (1024K)]
  0x0000024a4b8db610 JavaThread "Unconstrained build operations Thread 59"        [_thread_blocked, id=10032, stack(0x0000004a95900000,0x0000004a95a00000) (1024K)]
  0x0000024a4b8dd050 JavaThread "Unconstrained build operations Thread 60"        [_thread_blocked, id=11796, stack(0x0000004a95a00000,0x0000004a95b00000) (1024K)]
  0x0000024a4b8d9bd0 JavaThread "Unconstrained build operations Thread 61"        [_thread_blocked, id=30248, stack(0x0000004a95b00000,0x0000004a95c00000) (1024K)]
  0x0000024a4b8dbca0 JavaThread "Unconstrained build operations Thread 62"        [_thread_blocked, id=5300, stack(0x0000004a95c00000,0x0000004a95d00000) (1024K)]
  0x0000024a4b8dc9c0 JavaThread "Unconstrained build operations Thread 63"        [_thread_blocked, id=26644, stack(0x0000004a95d00000,0x0000004a95e00000) (1024K)]
  0x0000024a4b8da260 JavaThread "Unconstrained build operations Thread 64"        [_thread_blocked, id=35700, stack(0x0000004a95e00000,0x0000004a95f00000) (1024K)]
  0x0000024a4b8dd6e0 JavaThread "Unconstrained build operations Thread 65"        [_thread_blocked, id=11744, stack(0x0000004a95f00000,0x0000004a96000000) (1024K)]
  0x0000024a4b8ddd70 JavaThread "Unconstrained build operations Thread 66"        [_thread_blocked, id=21868, stack(0x0000004a96000000,0x0000004a96100000) (1024K)]
  0x0000024a4b8da8f0 JavaThread "Unconstrained build operations Thread 67"        [_thread_blocked, id=10188, stack(0x0000004a96100000,0x0000004a96200000) (1024K)]
  0x0000024a4b8de400 JavaThread "Unconstrained build operations Thread 68"        [_thread_blocked, id=4876, stack(0x0000004a96200000,0x0000004a96300000) (1024K)]
  0x0000024a4b8e04d0 JavaThread "Unconstrained build operations Thread 69"        [_thread_blocked, id=19820, stack(0x0000004a96300000,0x0000004a96400000) (1024K)]
  0x0000024a4b8e0b60 JavaThread "Unconstrained build operations Thread 70"        [_thread_blocked, id=20676, stack(0x0000004a96400000,0x0000004a96500000) (1024K)]
  0x0000024a4b8dea90 JavaThread "Unconstrained build operations Thread 71"        [_thread_blocked, id=35264, stack(0x0000004a96500000,0x0000004a96600000) (1024K)]
  0x0000024a4b8df120 JavaThread "Unconstrained build operations Thread 72"        [_thread_blocked, id=35124, stack(0x0000004a96600000,0x0000004a96700000) (1024K)]
  0x0000024a4b8df7b0 JavaThread "Unconstrained build operations Thread 73"        [_thread_blocked, id=32876, stack(0x0000004a96700000,0x0000004a96800000) (1024K)]
  0x0000024a4b8dfe40 JavaThread "Unconstrained build operations Thread 74"        [_thread_blocked, id=31388, stack(0x0000004a96800000,0x0000004a96900000) (1024K)]
  0x0000024a4acb2fa0 JavaThread "Unconstrained build operations Thread 75"        [_thread_blocked, id=31052, stack(0x0000004a96900000,0x0000004a96a00000) (1024K)]
  0x0000024a4acb4350 JavaThread "Unconstrained build operations Thread 76"        [_thread_blocked, id=7676, stack(0x0000004a96a00000,0x0000004a96b00000) (1024K)]
  0x0000024a4acb3630 JavaThread "Unconstrained build operations Thread 77"        [_thread_blocked, id=15976, stack(0x0000004a96b00000,0x0000004a96c00000) (1024K)]
  0x0000024a4acb5070 JavaThread "Unconstrained build operations Thread 78"        [_thread_blocked, id=4756, stack(0x0000004a96c00000,0x0000004a96d00000) (1024K)]
  0x0000024a4acb5700 JavaThread "Unconstrained build operations Thread 79"        [_thread_blocked, id=10560, stack(0x0000004a96d00000,0x0000004a96e00000) (1024K)]
  0x0000024a4acb5d90 JavaThread "Unconstrained build operations Thread 80"        [_thread_blocked, id=24604, stack(0x0000004a96e00000,0x0000004a96f00000) (1024K)]
  0x0000024a4acb49e0 JavaThread "Unconstrained build operations Thread 81"        [_thread_blocked, id=29908, stack(0x0000004a96f00000,0x0000004a97000000) (1024K)]
  0x0000024a4acb6420 JavaThread "Unconstrained build operations Thread 82"        [_thread_blocked, id=20372, stack(0x0000004a97000000,0x0000004a97100000) (1024K)]
  0x0000024a4acb6ab0 JavaThread "Unconstrained build operations Thread 83"        [_thread_blocked, id=19500, stack(0x0000004a97100000,0x0000004a97200000) (1024K)]
  0x0000024a4acb7140 JavaThread "Unconstrained build operations Thread 84"        [_thread_blocked, id=388, stack(0x0000004a97200000,0x0000004a97300000) (1024K)]
  0x0000024a4acb3cc0 JavaThread "Unconstrained build operations Thread 85"        [_thread_blocked, id=13792, stack(0x0000004a97300000,0x0000004a97400000) (1024K)]
  0x0000024a4acb7e60 JavaThread "Unconstrained build operations Thread 86"        [_thread_blocked, id=11732, stack(0x0000004a97400000,0x0000004a97500000) (1024K)]
  0x0000024a4acb77d0 JavaThread "Unconstrained build operations Thread 87"        [_thread_blocked, id=19344, stack(0x0000004a97500000,0x0000004a97600000) (1024K)]
  0x0000024a4acb84f0 JavaThread "Unconstrained build operations Thread 88"        [_thread_blocked, id=11868, stack(0x0000004a97600000,0x0000004a97700000) (1024K)]
  0x0000024a4acba5c0 JavaThread "Unconstrained build operations Thread 89"        [_thread_blocked, id=10112, stack(0x0000004a97700000,0x0000004a97800000) (1024K)]
  0x0000024a4acb9210 JavaThread "Unconstrained build operations Thread 90"        [_thread_blocked, id=33688, stack(0x0000004a97800000,0x0000004a97900000) (1024K)]
  0x0000024a4acb98a0 JavaThread "Unconstrained build operations Thread 91"        [_thread_blocked, id=5452, stack(0x0000004a97900000,0x0000004a97a00000) (1024K)]
  0x0000024a4acb8b80 JavaThread "Unconstrained build operations Thread 92"        [_thread_blocked, id=35984, stack(0x0000004a97a00000,0x0000004a97b00000) (1024K)]
  0x0000024a4acb9f30 JavaThread "Unconstrained build operations Thread 93"        [_thread_blocked, id=2376, stack(0x0000004a97b00000,0x0000004a97c00000) (1024K)]
  0x0000024a4b531620 JavaThread "Unconstrained build operations Thread 94"        [_thread_blocked, id=37756, stack(0x0000004a97c00000,0x0000004a97d00000) (1024K)]
  0x0000024a4b52fbe0 JavaThread "Unconstrained build operations Thread 95"        [_thread_blocked, id=14828, stack(0x0000004a97d00000,0x0000004a97e00000) (1024K)]
  0x0000024a4b530270 JavaThread "Unconstrained build operations Thread 96"        [_thread_blocked, id=37340, stack(0x0000004a97e00000,0x0000004a97f00000) (1024K)]
  0x0000024a4b5336f0 JavaThread "Unconstrained build operations Thread 97"        [_thread_blocked, id=32732, stack(0x0000004a97f00000,0x0000004a98000000) (1024K)]
  0x0000024a4b531cb0 JavaThread "Unconstrained build operations Thread 98"        [_thread_blocked, id=24328, stack(0x0000004a98000000,0x0000004a98100000) (1024K)]
  0x0000024a4b530f90 JavaThread "Unconstrained build operations Thread 99"        [_thread_blocked, id=28072, stack(0x0000004a98100000,0x0000004a98200000) (1024K)]
  0x0000024a4b532340 JavaThread "Unconstrained build operations Thread 100"        [_thread_blocked, id=27448, stack(0x0000004a98200000,0x0000004a98300000) (1024K)]
  0x0000024a4b5329d0 JavaThread "Unconstrained build operations Thread 101"        [_thread_blocked, id=32456, stack(0x0000004a98300000,0x0000004a98400000) (1024K)]
  0x0000024a4cb3ceb0 JavaThread "build event listener"              [_thread_blocked, id=18164, stack(0x0000004a98400000,0x0000004a98500000) (1024K)]
Total: 150

Other Threads:
  0x0000024a27295da0 VMThread "VM Thread"                           [id=19600, stack(0x0000004a8e500000,0x0000004a8e600000) (1024K)]
  0x0000024a27286410 WatcherThread "VM Periodic Task Thread"        [id=37076, stack(0x0000004a8e400000,0x0000004a8e500000) (1024K)]
  0x0000024a0e749760 WorkerThread "GC Thread#0"                     [id=23656, stack(0x0000004a8df00000,0x0000004a8e000000) (1024K)]
  0x0000024a27681df0 WorkerThread "GC Thread#1"                     [id=18376, stack(0x0000004a8f000000,0x0000004a8f100000) (1024K)]
  0x0000024a278b3410 WorkerThread "GC Thread#2"                     [id=9820, stack(0x0000004a8f100000,0x0000004a8f200000) (1024K)]
  0x0000024a47220480 WorkerThread "GC Thread#3"                     [id=20060, stack(0x0000004a8f200000,0x0000004a8f300000) (1024K)]
  0x0000024a47220830 WorkerThread "GC Thread#4"                     [id=12280, stack(0x0000004a8f300000,0x0000004a8f400000) (1024K)]
  0x0000024a4734ef20 WorkerThread "GC Thread#5"                     [id=3084, stack(0x0000004a8f400000,0x0000004a8f500000) (1024K)]
  0x0000024a4a1e7e90 WorkerThread "GC Thread#6"                     [id=5904, stack(0x0000004a90400000,0x0000004a90500000) (1024K)]
  0x0000024a4a1e89a0 WorkerThread "GC Thread#7"                     [id=11120, stack(0x0000004a90500000,0x0000004a90600000) (1024K)]
  0x0000024a4a1e8240 WorkerThread "GC Thread#8"                     [id=22988, stack(0x0000004a90600000,0x0000004a90700000) (1024K)]
  0x0000024a4a1e7ae0 WorkerThread "GC Thread#9"                     [id=10452, stack(0x0000004a90700000,0x0000004a90800000) (1024K)]
  0x0000024a0e75ae70 ConcurrentGCThread "G1 Main Marker"            [id=12924, stack(0x0000004a8e000000,0x0000004a8e100000) (1024K)]
  0x0000024a0e75c710 WorkerThread "G1 Conc#0"                       [id=24656, stack(0x0000004a8e100000,0x0000004a8e200000) (1024K)]
  0x0000024a47fa73c0 WorkerThread "G1 Conc#1"                       [id=37260, stack(0x0000004a90800000,0x0000004a90900000) (1024K)]
  0x0000024a47fa7b20 WorkerThread "G1 Conc#2"                       [id=34172, stack(0x0000004a90900000,0x0000004a90a00000) (1024K)]
  0x0000024a0e7ae600 ConcurrentGCThread "G1 Refine#0"               [id=17052, stack(0x0000004a8e200000,0x0000004a8e300000) (1024K)]
  0x0000024a0e7aeb40 ConcurrentGCThread "G1 Service"                [id=29924, stack(0x0000004a8e300000,0x0000004a8e400000) (1024K)]
Total: 18

Threads with active compile tasks:
C2 CompilerThread0  256468 13212   !   4       org.gradle.internal.classloader.VisitableURLClassLoader$InstrumentingVisitableURLClassLoader::findClass (36 bytes)
Total: 1

VM state: not at safepoint (normal execution)

VM Mutex/Monitor currently owned by a thread: None

Heap address: 0x0000000080000000, size: 2048 MB, Compressed Oops mode: 32-bit

CDS archive(s) mapped at: [0x0000024a28000000-0x0000024a28ba0000-0x0000024a28ba0000), size 12189696, SharedBaseAddress: 0x0000024a28000000, ArchiveRelocationMode: 1.
Compressed class space mapped at: 0x0000024a29000000-0x0000024a43000000, reserved size: 436207616
Narrow klass base: 0x0000024a28000000, Narrow klass shift: 0, Narrow klass range: 0x100000000

GC Precious Log:
 CardTable entry size: 512
 Card Set container configuration: InlinePtr #cards 5 size 8 Array Of Cards #cards 12 size 40 Howl #buckets 4 coarsen threshold 1843 Howl Bitmap #cards 512 size 80 coarsen threshold 460 Card regions per heap region 1 cards per card region 2048
 CPUs: 12 total, 12 available
 Memory: 7832M
 Large Page Support: Disabled
 NUMA Support: Disabled
 Compressed Oops: Enabled (32-bit)
 Heap Region Size: 1M
 Heap Min Capacity: 8M
 Heap Initial Capacity: 124M
 Heap Max Capacity: 2G
 Pre-touch: Disabled
 Parallel Workers: 10
 Concurrent Workers: 3
 Concurrent Refinement Workers: 10
 Periodic GC: Disabled

Heap:
 garbage-first heap   total 174080K, used 135710K [0x0000000080000000, 0x0000000100000000)
  region size 1024K, 35 young (35840K), 3 survivors (3072K)
 Metaspace       used 104855K, committed 107136K, reserved 557056K
  class space    used 14991K, committed 16128K, reserved 425984K

Heap Regions: E=young(eden), S=young(survivor), O=old, HS=humongous(starts), HC=humongous(continues), CS=collection set, F=free, TAMS=top-at-mark-start, PB=parsable bottom
|   0|0x0000000080000000, 0x0000000080100000, 0x0000000080100000|100%| O|  |TAMS 0x0000000080000000| PB 0x0000000080000000| Untracked 
|   1|0x0000000080100000, 0x0000000080200000, 0x0000000080200000|100%|HS|  |TAMS 0x0000000080100000| PB 0x0000000080100000| Complete 
|   2|0x0000000080200000, 0x0000000080300000, 0x0000000080300000|100%|HC|  |TAMS 0x0000000080200000| PB 0x0000000080200000| Complete 
|   3|0x0000000080300000, 0x0000000080400000, 0x0000000080400000|100%|HC|  |TAMS 0x0000000080300000| PB 0x0000000080300000| Complete 
|   4|0x0000000080400000, 0x0000000080500000, 0x0000000080500000|100%| O|  |TAMS 0x0000000080400000| PB 0x0000000080400000| Untracked 
|   5|0x0000000080500000, 0x0000000080600000, 0x0000000080600000|100%| O|  |TAMS 0x0000000080500000| PB 0x0000000080500000| Untracked 
|   6|0x0000000080600000, 0x0000000080700000, 0x0000000080700000|100%| O|  |TAMS 0x0000000080600000| PB 0x0000000080600000| Untracked 
|   7|0x0000000080700000, 0x0000000080800000, 0x0000000080800000|100%|HS|  |TAMS 0x0000000080700000| PB 0x0000000080700000| Complete 
|   8|0x0000000080800000, 0x0000000080900000, 0x0000000080900000|100%| O|  |TAMS 0x0000000080800000| PB 0x0000000080800000| Untracked 
|   9|0x0000000080900000, 0x0000000080a00000, 0x0000000080a00000|100%| O|  |TAMS 0x0000000080900000| PB 0x0000000080900000| Untracked 
|  10|0x0000000080a00000, 0x0000000080b00000, 0x0000000080b00000|100%| O|  |TAMS 0x0000000080a00000| PB 0x0000000080a00000| Untracked 
|  11|0x0000000080b00000, 0x0000000080c00000, 0x0000000080c00000|100%| O|  |TAMS 0x0000000080b00000| PB 0x0000000080b00000| Untracked 
|  12|0x0000000080c00000, 0x0000000080d00000, 0x0000000080d00000|100%| O|  |TAMS 0x0000000080c00000| PB 0x0000000080c00000| Untracked 
|  13|0x0000000080d00000, 0x0000000080e00000, 0x0000000080e00000|100%| O|  |TAMS 0x0000000080d00000| PB 0x0000000080d00000| Untracked 
|  14|0x0000000080e00000, 0x0000000080f00000, 0x0000000080f00000|100%| O|  |TAMS 0x0000000080e00000| PB 0x0000000080e00000| Untracked 
|  15|0x0000000080f00000, 0x0000000081000000, 0x0000000081000000|100%| O|  |TAMS 0x0000000080f00000| PB 0x0000000080f00000| Untracked 
|  16|0x0000000081000000, 0x0000000081100000, 0x0000000081100000|100%| O|  |TAMS 0x0000000081000000| PB 0x0000000081000000| Untracked 
|  17|0x0000000081100000, 0x0000000081200000, 0x0000000081200000|100%| O|  |TAMS 0x0000000081100000| PB 0x0000000081100000| Untracked 
|  18|0x0000000081200000, 0x0000000081300000, 0x0000000081300000|100%| O|  |TAMS 0x0000000081200000| PB 0x0000000081200000| Untracked 
|  19|0x0000000081300000, 0x0000000081400000, 0x0000000081400000|100%| O|  |TAMS 0x0000000081300000| PB 0x0000000081300000| Untracked 
|  20|0x0000000081400000, 0x0000000081500000, 0x0000000081500000|100%| O|  |TAMS 0x0000000081400000| PB 0x0000000081400000| Untracked 
|  21|0x0000000081500000, 0x0000000081600000, 0x0000000081600000|100%| O|  |TAMS 0x0000000081500000| PB 0x0000000081500000| Untracked 
|  22|0x0000000081600000, 0x0000000081700000, 0x0000000081700000|100%| O|  |TAMS 0x0000000081600000| PB 0x0000000081600000| Untracked 
|  23|0x0000000081700000, 0x0000000081800000, 0x0000000081800000|100%| O|  |TAMS 0x0000000081700000| PB 0x0000000081700000| Untracked 
|  24|0x0000000081800000, 0x0000000081900000, 0x0000000081900000|100%| O|  |TAMS 0x0000000081800000| PB 0x0000000081800000| Untracked 
|  25|0x0000000081900000, 0x0000000081a00000, 0x0000000081a00000|100%| O|  |TAMS 0x0000000081900000| PB 0x0000000081900000| Untracked 
|  26|0x0000000081a00000, 0x0000000081b00000, 0x0000000081b00000|100%| O|  |TAMS 0x0000000081a00000| PB 0x0000000081a00000| Untracked 
|  27|0x0000000081b00000, 0x0000000081c00000, 0x0000000081c00000|100%| O|  |TAMS 0x0000000081b00000| PB 0x0000000081b00000| Untracked 
|  28|0x0000000081c00000, 0x0000000081d00000, 0x0000000081d00000|100%| O|  |TAMS 0x0000000081c00000| PB 0x0000000081c00000| Untracked 
|  29|0x0000000081d00000, 0x0000000081e00000, 0x0000000081e00000|100%| O|  |TAMS 0x0000000081d00000| PB 0x0000000081d00000| Untracked 
|  30|0x0000000081e00000, 0x0000000081f00000, 0x0000000081f00000|100%| O|  |TAMS 0x0000000081e00000| PB 0x0000000081e00000| Untracked 
|  31|0x0000000081f00000, 0x0000000082000000, 0x0000000082000000|100%| O|  |TAMS 0x0000000081f00000| PB 0x0000000081f00000| Untracked 
|  32|0x0000000082000000, 0x0000000082100000, 0x0000000082100000|100%| O|  |TAMS 0x0000000082000000| PB 0x0000000082000000| Untracked 
|  33|0x0000000082100000, 0x0000000082200000, 0x0000000082200000|100%| O|  |TAMS 0x0000000082100000| PB 0x0000000082100000| Untracked 
|  34|0x0000000082200000, 0x0000000082300000, 0x0000000082300000|100%| O|  |TAMS 0x0000000082200000| PB 0x0000000082200000| Untracked 
|  35|0x0000000082300000, 0x0000000082400000, 0x0000000082400000|100%| O|  |TAMS 0x0000000082300000| PB 0x0000000082300000| Untracked 
|  36|0x0000000082400000, 0x0000000082500000, 0x0000000082500000|100%| O|  |TAMS 0x0000000082400000| PB 0x0000000082400000| Untracked 
|  37|0x0000000082500000, 0x0000000082600000, 0x0000000082600000|100%| O|  |TAMS 0x0000000082500000| PB 0x0000000082500000| Untracked 
|  38|0x0000000082600000, 0x0000000082700000, 0x0000000082700000|100%| O|  |TAMS 0x0000000082600000| PB 0x0000000082600000| Untracked 
|  39|0x0000000082700000, 0x0000000082800000, 0x0000000082800000|100%| O|  |TAMS 0x0000000082700000| PB 0x0000000082700000| Untracked 
|  40|0x0000000082800000, 0x0000000082900000, 0x0000000082900000|100%|HS|  |TAMS 0x0000000082800000| PB 0x0000000082800000| Complete 
|  41|0x0000000082900000, 0x0000000082a00000, 0x0000000082a00000|100%|HC|  |TAMS 0x0000000082900000| PB 0x0000000082900000| Complete 
|  42|0x0000000082a00000, 0x0000000082b00000, 0x0000000082b00000|100%|HS|  |TAMS 0x0000000082a00000| PB 0x0000000082a00000| Complete 
|  43|0x0000000082b00000, 0x0000000082c00000, 0x0000000082c00000|100%|HC|  |TAMS 0x0000000082b00000| PB 0x0000000082b00000| Complete 
|  44|0x0000000082c00000, 0x0000000082d00000, 0x0000000082d00000|100%| O|  |TAMS 0x0000000082c00000| PB 0x0000000082c00000| Untracked 
|  45|0x0000000082d00000, 0x0000000082e00000, 0x0000000082e00000|100%| O|  |TAMS 0x0000000082d00000| PB 0x0000000082d00000| Untracked 
|  46|0x0000000082e00000, 0x0000000082f00000, 0x0000000082f00000|100%| O|  |TAMS 0x0000000082e00000| PB 0x0000000082e00000| Untracked 
|  47|0x0000000082f00000, 0x0000000083000000, 0x0000000083000000|100%| O|  |TAMS 0x0000000082f00000| PB 0x0000000082f00000| Untracked 
|  48|0x0000000083000000, 0x0000000083100000, 0x0000000083100000|100%| O|  |TAMS 0x0000000083000000| PB 0x0000000083000000| Untracked 
|  49|0x0000000083100000, 0x0000000083200000, 0x0000000083200000|100%| O|  |TAMS 0x0000000083100000| PB 0x0000000083100000| Untracked 
|  50|0x0000000083200000, 0x0000000083300000, 0x0000000083300000|100%| O|  |TAMS 0x0000000083200000| PB 0x0000000083200000| Untracked 
|  51|0x0000000083300000, 0x0000000083400000, 0x0000000083400000|100%| O|  |TAMS 0x0000000083300000| PB 0x0000000083300000| Untracked 
|  52|0x0000000083400000, 0x0000000083500000, 0x0000000083500000|100%| O|  |TAMS 0x0000000083400000| PB 0x0000000083400000| Untracked 
|  53|0x0000000083500000, 0x0000000083600000, 0x0000000083600000|100%| O|  |TAMS 0x0000000083500000| PB 0x0000000083500000| Untracked 
|  54|0x0000000083600000, 0x0000000083700000, 0x0000000083700000|100%| O|  |TAMS 0x0000000083600000| PB 0x0000000083600000| Untracked 
|  55|0x0000000083700000, 0x0000000083800000, 0x0000000083800000|100%| O|  |TAMS 0x0000000083700000| PB 0x0000000083700000| Untracked 
|  56|0x0000000083800000, 0x0000000083900000, 0x0000000083900000|100%| O|  |TAMS 0x0000000083800000| PB 0x0000000083800000| Untracked 
|  57|0x0000000083900000, 0x0000000083a00000, 0x0000000083a00000|100%| O|  |TAMS 0x0000000083900000| PB 0x0000000083900000| Untracked 
|  58|0x0000000083a00000, 0x0000000083b00000, 0x0000000083b00000|100%| O|  |TAMS 0x0000000083a00000| PB 0x0000000083a00000| Untracked 
|  59|0x0000000083b00000, 0x0000000083c00000, 0x0000000083c00000|100%| O|  |TAMS 0x0000000083b00000| PB 0x0000000083b00000| Untracked 
|  60|0x0000000083c00000, 0x0000000083d00000, 0x0000000083d00000|100%| O|  |TAMS 0x0000000083c00000| PB 0x0000000083c00000| Untracked 
|  61|0x0000000083d00000, 0x0000000083e00000, 0x0000000083e00000|100%| O|Cm|TAMS 0x0000000083d00000| PB 0x0000000083d00000| Complete 
|  62|0x0000000083e00000, 0x0000000083f00000, 0x0000000083f00000|100%| O|  |TAMS 0x0000000083e00000| PB 0x0000000083e00000| Untracked 
|  63|0x0000000083f00000, 0x0000000084000000, 0x0000000084000000|100%| O|  |TAMS 0x0000000083f00000| PB 0x0000000083f00000| Untracked 
|  64|0x0000000084000000, 0x0000000084100000, 0x0000000084100000|100%| O|  |TAMS 0x0000000084000000| PB 0x0000000084000000| Untracked 
|  65|0x0000000084100000, 0x0000000084200000, 0x0000000084200000|100%|HS|  |TAMS 0x0000000084100000| PB 0x0000000084100000| Complete 
|  66|0x0000000084200000, 0x0000000084300000, 0x0000000084300000|100%|HS|  |TAMS 0x0000000084200000| PB 0x0000000084200000| Complete 
|  67|0x0000000084300000, 0x0000000084400000, 0x0000000084400000|100%| O|  |TAMS 0x0000000084300000| PB 0x0000000084300000| Untracked 
|  68|0x0000000084400000, 0x0000000084500000, 0x0000000084500000|100%|HS|  |TAMS 0x0000000084400000| PB 0x0000000084400000| Complete 
|  69|0x0000000084500000, 0x0000000084600000, 0x0000000084600000|100%|HC|  |TAMS 0x0000000084500000| PB 0x0000000084500000| Complete 
|  70|0x0000000084600000, 0x0000000084700000, 0x0000000084700000|100%|HS|  |TAMS 0x0000000084600000| PB 0x0000000084600000| Complete 
|  71|0x0000000084700000, 0x0000000084800000, 0x0000000084800000|100%|HS|  |TAMS 0x0000000084700000| PB 0x0000000084700000| Complete 
|  72|0x0000000084800000, 0x0000000084900000, 0x0000000084900000|100%|HS|  |TAMS 0x0000000084800000| PB 0x0000000084800000| Complete 
|  73|0x0000000084900000, 0x0000000084a00000, 0x0000000084a00000|100%|HS|  |TAMS 0x0000000084900000| PB 0x0000000084900000| Complete 
|  74|0x0000000084a00000, 0x0000000084b00000, 0x0000000084b00000|100%|HC|  |TAMS 0x0000000084a00000| PB 0x0000000084a00000| Complete 
|  75|0x0000000084b00000, 0x0000000084c00000, 0x0000000084c00000|100%| O|  |TAMS 0x0000000084b00000| PB 0x0000000084b00000| Untracked 
|  76|0x0000000084c00000, 0x0000000084d00000, 0x0000000084d00000|100%| O|  |TAMS 0x0000000084c00000| PB 0x0000000084c00000| Untracked 
|  77|0x0000000084d00000, 0x0000000084e00000, 0x0000000084e00000|100%| O|  |TAMS 0x0000000084d00000| PB 0x0000000084d00000| Untracked 
|  78|0x0000000084e00000, 0x0000000084f00000, 0x0000000084f00000|100%| O|  |TAMS 0x0000000084e00000| PB 0x0000000084e00000| Untracked 
|  79|0x0000000084f00000, 0x0000000085000000, 0x0000000085000000|100%| O|  |TAMS 0x0000000084f00000| PB 0x0000000084f00000| Untracked 
|  80|0x0000000085000000, 0x0000000085100000, 0x0000000085100000|100%|HS|  |TAMS 0x0000000085000000| PB 0x0000000085000000| Complete 
|  81|0x0000000085100000, 0x0000000085200000, 0x0000000085200000|100%| O|  |TAMS 0x0000000085100000| PB 0x0000000085100000| Untracked 
|  82|0x0000000085200000, 0x0000000085300000, 0x0000000085300000|100%| O|  |TAMS 0x0000000085200000| PB 0x0000000085200000| Untracked 
|  83|0x0000000085300000, 0x0000000085400000, 0x0000000085400000|100%| O|  |TAMS 0x0000000085300000| PB 0x0000000085300000| Untracked 
|  84|0x0000000085400000, 0x0000000085500000, 0x0000000085500000|100%| O|Cm|TAMS 0x0000000085400000| PB 0x0000000085400000| Complete 
|  85|0x0000000085500000, 0x0000000085600000, 0x0000000085600000|100%| O|  |TAMS 0x0000000085500000| PB 0x0000000085500000| Untracked 
|  86|0x0000000085600000, 0x0000000085700000, 0x0000000085700000|100%| O|Cm|TAMS 0x0000000085600000| PB 0x0000000085600000| Complete 
|  87|0x0000000085700000, 0x0000000085800000, 0x0000000085800000|100%| O|  |TAMS 0x0000000085700000| PB 0x0000000085700000| Untracked 
|  88|0x0000000085800000, 0x0000000085900000, 0x0000000085900000|100%|HS|  |TAMS 0x0000000085800000| PB 0x0000000085800000| Complete 
|  89|0x0000000085900000, 0x0000000085a00000, 0x0000000085a00000|100%| O|  |TAMS 0x0000000085900000| PB 0x0000000085900000| Untracked 
|  90|0x0000000085a00000, 0x0000000085b00000, 0x0000000085b00000|100%| O|  |TAMS 0x0000000085a00000| PB 0x0000000085a00000| Untracked 
|  91|0x0000000085b00000, 0x0000000085c00000, 0x0000000085c00000|100%| O|  |TAMS 0x0000000085b00000| PB 0x0000000085b00000| Untracked 
|  92|0x0000000085c00000, 0x0000000085d00000, 0x0000000085d00000|100%| O|  |TAMS 0x0000000085c00000| PB 0x0000000085c00000| Untracked 
|  93|0x0000000085d00000, 0x0000000085e00000, 0x0000000085e00000|100%| O|  |TAMS 0x0000000085d00000| PB 0x0000000085d00000| Untracked 
|  94|0x0000000085e00000, 0x0000000085f00000, 0x0000000085f00000|100%| O|  |TAMS 0x0000000085e00000| PB 0x0000000085e00000| Untracked 
|  95|0x0000000085f00000, 0x0000000086000000, 0x0000000086000000|100%| O|  |TAMS 0x0000000085f00000| PB 0x0000000085f00000| Untracked 
|  96|0x0000000086000000, 0x0000000086100000, 0x0000000086100000|100%| O|  |TAMS 0x0000000086000000| PB 0x0000000086000000| Untracked 
|  97|0x0000000086100000, 0x0000000086126b00, 0x0000000086200000| 15%| O|  |TAMS 0x0000000086100000| PB 0x0000000086100000| Untracked 
|  98|0x0000000086200000, 0x0000000086200000, 0x0000000086300000|  0%| F|  |TAMS 0x0000000086200000| PB 0x0000000086200000| Untracked 
|  99|0x0000000086300000, 0x0000000086300000, 0x0000000086400000|  0%| F|  |TAMS 0x0000000086300000| PB 0x0000000086300000| Untracked 
| 100|0x0000000086400000, 0x0000000086400000, 0x0000000086500000|  0%| F|  |TAMS 0x0000000086400000| PB 0x0000000086400000| Untracked 
| 101|0x0000000086500000, 0x0000000086500000, 0x0000000086600000|  0%| F|  |TAMS 0x0000000086500000| PB 0x0000000086500000| Untracked 
| 102|0x0000000086600000, 0x0000000086600000, 0x0000000086700000|  0%| F|  |TAMS 0x0000000086600000| PB 0x0000000086600000| Untracked 
| 103|0x0000000086700000, 0x0000000086700000, 0x0000000086800000|  0%| F|  |TAMS 0x0000000086700000| PB 0x0000000086700000| Untracked 
| 104|0x0000000086800000, 0x0000000086800000, 0x0000000086900000|  0%| F|  |TAMS 0x0000000086800000| PB 0x0000000086800000| Untracked 
| 105|0x0000000086900000, 0x0000000086900000, 0x0000000086a00000|  0%| F|  |TAMS 0x0000000086900000| PB 0x0000000086900000| Untracked 
| 106|0x0000000086a00000, 0x0000000086a00000, 0x0000000086b00000|  0%| F|  |TAMS 0x0000000086a00000| PB 0x0000000086a00000| Untracked 
| 107|0x0000000086b00000, 0x0000000086b00000, 0x0000000086c00000|  0%| F|  |TAMS 0x0000000086b00000| PB 0x0000000086b00000| Untracked 
| 108|0x0000000086c00000, 0x0000000086c00000, 0x0000000086d00000|  0%| F|  |TAMS 0x0000000086c00000| PB 0x0000000086c00000| Untracked 
| 109|0x0000000086d00000, 0x0000000086d00000, 0x0000000086e00000|  0%| F|  |TAMS 0x0000000086d00000| PB 0x0000000086d00000| Untracked 
| 110|0x0000000086e00000, 0x0000000086e00000, 0x0000000086f00000|  0%| F|  |TAMS 0x0000000086e00000| PB 0x0000000086e00000| Untracked 
| 111|0x0000000086f00000, 0x0000000086f00000, 0x0000000087000000|  0%| F|  |TAMS 0x0000000086f00000| PB 0x0000000086f00000| Untracked 
| 112|0x0000000087000000, 0x0000000087000000, 0x0000000087100000|  0%| F|  |TAMS 0x0000000087000000| PB 0x0000000087000000| Untracked 
| 113|0x0000000087100000, 0x0000000087100000, 0x0000000087200000|  0%| F|  |TAMS 0x0000000087100000| PB 0x0000000087100000| Untracked 
| 114|0x0000000087200000, 0x0000000087200000, 0x0000000087300000|  0%| F|  |TAMS 0x0000000087200000| PB 0x0000000087200000| Untracked 
| 115|0x0000000087300000, 0x0000000087300000, 0x0000000087400000|  0%| F|  |TAMS 0x0000000087300000| PB 0x0000000087300000| Untracked 
| 116|0x0000000087400000, 0x0000000087400000, 0x0000000087500000|  0%| F|  |TAMS 0x0000000087400000| PB 0x0000000087400000| Untracked 
| 117|0x0000000087500000, 0x0000000087500000, 0x0000000087600000|  0%| F|  |TAMS 0x0000000087500000| PB 0x0000000087500000| Untracked 
| 118|0x0000000087600000, 0x0000000087600000, 0x0000000087700000|  0%| F|  |TAMS 0x0000000087600000| PB 0x0000000087600000| Untracked 
| 119|0x0000000087700000, 0x0000000087700000, 0x0000000087800000|  0%| F|  |TAMS 0x0000000087700000| PB 0x0000000087700000| Untracked 
| 120|0x0000000087800000, 0x0000000087800000, 0x0000000087900000|  0%| F|  |TAMS 0x0000000087800000| PB 0x0000000087800000| Untracked 
| 121|0x0000000087900000, 0x0000000087900000, 0x0000000087a00000|  0%| F|  |TAMS 0x0000000087900000| PB 0x0000000087900000| Untracked 
| 122|0x0000000087a00000, 0x0000000087a60f18, 0x0000000087b00000| 37%| S|CS|TAMS 0x0000000087a00000| PB 0x0000000087a00000| Complete 
| 123|0x0000000087b00000, 0x0000000087c00000, 0x0000000087c00000|100%| S|CS|TAMS 0x0000000087b00000| PB 0x0000000087b00000| Complete 
| 124|0x0000000087c00000, 0x0000000087d00000, 0x0000000087d00000|100%| S|CS|TAMS 0x0000000087c00000| PB 0x0000000087c00000| Complete 
| 125|0x0000000087d00000, 0x0000000087d00000, 0x0000000087e00000|  0%| F|  |TAMS 0x0000000087d00000| PB 0x0000000087d00000| Untracked 
| 126|0x0000000087e00000, 0x0000000087e00000, 0x0000000087f00000|  0%| F|  |TAMS 0x0000000087e00000| PB 0x0000000087e00000| Untracked 
| 127|0x0000000087f00000, 0x0000000087f00000, 0x0000000088000000|  0%| F|  |TAMS 0x0000000087f00000| PB 0x0000000087f00000| Untracked 
| 128|0x0000000088000000, 0x0000000088000000, 0x0000000088100000|  0%| F|  |TAMS 0x0000000088000000| PB 0x0000000088000000| Untracked 
| 129|0x0000000088100000, 0x0000000088100000, 0x0000000088200000|  0%| F|  |TAMS 0x0000000088100000| PB 0x0000000088100000| Untracked 
| 130|0x0000000088200000, 0x0000000088200000, 0x0000000088300000|  0%| F|  |TAMS 0x0000000088200000| PB 0x0000000088200000| Untracked 
| 131|0x0000000088300000, 0x0000000088300000, 0x0000000088400000|  0%| F|  |TAMS 0x0000000088300000| PB 0x0000000088300000| Untracked 
| 132|0x0000000088400000, 0x0000000088400000, 0x0000000088500000|  0%| F|  |TAMS 0x0000000088400000| PB 0x0000000088400000| Untracked 
| 133|0x0000000088500000, 0x0000000088500000, 0x0000000088600000|  0%| F|  |TAMS 0x0000000088500000| PB 0x0000000088500000| Untracked 
| 134|0x0000000088600000, 0x0000000088600000, 0x0000000088700000|  0%| F|  |TAMS 0x0000000088600000| PB 0x0000000088600000| Untracked 
| 135|0x0000000088700000, 0x0000000088700000, 0x0000000088800000|  0%| F|  |TAMS 0x0000000088700000| PB 0x0000000088700000| Untracked 
| 136|0x0000000088800000, 0x0000000088893178, 0x0000000088900000| 57%| E|  |TAMS 0x0000000088800000| PB 0x0000000088800000| Complete 
| 137|0x0000000088900000, 0x0000000088a00000, 0x0000000088a00000|100%| E|CS|TAMS 0x0000000088900000| PB 0x0000000088900000| Complete 
| 138|0x0000000088a00000, 0x0000000088b00000, 0x0000000088b00000|100%| E|CS|TAMS 0x0000000088a00000| PB 0x0000000088a00000| Complete 
| 139|0x0000000088b00000, 0x0000000088c00000, 0x0000000088c00000|100%| E|CS|TAMS 0x0000000088b00000| PB 0x0000000088b00000| Complete 
| 140|0x0000000088c00000, 0x0000000088d00000, 0x0000000088d00000|100%| E|CS|TAMS 0x0000000088c00000| PB 0x0000000088c00000| Complete 
| 141|0x0000000088d00000, 0x0000000088e00000, 0x0000000088e00000|100%| E|CS|TAMS 0x0000000088d00000| PB 0x0000000088d00000| Complete 
| 142|0x0000000088e00000, 0x0000000088f00000, 0x0000000088f00000|100%| E|CS|TAMS 0x0000000088e00000| PB 0x0000000088e00000| Complete 
| 143|0x0000000088f00000, 0x0000000089000000, 0x0000000089000000|100%| E|CS|TAMS 0x0000000088f00000| PB 0x0000000088f00000| Complete 
| 144|0x0000000089000000, 0x0000000089100000, 0x0000000089100000|100%| E|CS|TAMS 0x0000000089000000| PB 0x0000000089000000| Complete 
| 145|0x0000000089100000, 0x0000000089200000, 0x0000000089200000|100%| E|CS|TAMS 0x0000000089100000| PB 0x0000000089100000| Complete 
| 146|0x0000000089200000, 0x0000000089300000, 0x0000000089300000|100%| E|CS|TAMS 0x0000000089200000| PB 0x0000000089200000| Complete 
| 147|0x0000000089300000, 0x0000000089400000, 0x0000000089400000|100%| E|CS|TAMS 0x0000000089300000| PB 0x0000000089300000| Complete 
| 148|0x0000000089400000, 0x0000000089500000, 0x0000000089500000|100%| E|CS|TAMS 0x0000000089400000| PB 0x0000000089400000| Complete 
| 149|0x0000000089500000, 0x0000000089600000, 0x0000000089600000|100%| E|CS|TAMS 0x0000000089500000| PB 0x0000000089500000| Complete 
| 150|0x0000000089600000, 0x0000000089700000, 0x0000000089700000|100%| E|CS|TAMS 0x0000000089600000| PB 0x0000000089600000| Complete 
| 151|0x0000000089700000, 0x0000000089800000, 0x0000000089800000|100%| E|CS|TAMS 0x0000000089700000| PB 0x0000000089700000| Complete 
| 152|0x0000000089800000, 0x0000000089900000, 0x0000000089900000|100%| E|CS|TAMS 0x0000000089800000| PB 0x0000000089800000| Complete 
| 153|0x0000000089900000, 0x0000000089a00000, 0x0000000089a00000|100%| E|CS|TAMS 0x0000000089900000| PB 0x0000000089900000| Complete 
| 154|0x0000000089a00000, 0x0000000089b00000, 0x0000000089b00000|100%| E|CS|TAMS 0x0000000089a00000| PB 0x0000000089a00000| Complete 
| 155|0x0000000089b00000, 0x0000000089c00000, 0x0000000089c00000|100%| E|CS|TAMS 0x0000000089b00000| PB 0x0000000089b00000| Complete 
| 156|0x0000000089c00000, 0x0000000089d00000, 0x0000000089d00000|100%| E|CS|TAMS 0x0000000089c00000| PB 0x0000000089c00000| Complete 
| 157|0x0000000089d00000, 0x0000000089e00000, 0x0000000089e00000|100%| E|CS|TAMS 0x0000000089d00000| PB 0x0000000089d00000| Complete 
| 158|0x0000000089e00000, 0x0000000089f00000, 0x0000000089f00000|100%| E|CS|TAMS 0x0000000089e00000| PB 0x0000000089e00000| Complete 
| 159|0x0000000089f00000, 0x000000008a000000, 0x000000008a000000|100%| E|CS|TAMS 0x0000000089f00000| PB 0x0000000089f00000| Complete 
| 160|0x000000008a000000, 0x000000008a100000, 0x000000008a100000|100%| E|CS|TAMS 0x000000008a000000| PB 0x000000008a000000| Complete 
| 161|0x000000008a100000, 0x000000008a200000, 0x000000008a200000|100%| E|CS|TAMS 0x000000008a100000| PB 0x000000008a100000| Complete 
| 162|0x000000008a200000, 0x000000008a300000, 0x000000008a300000|100%| E|CS|TAMS 0x000000008a200000| PB 0x000000008a200000| Complete 
| 163|0x000000008a300000, 0x000000008a400000, 0x000000008a400000|100%| E|CS|TAMS 0x000000008a300000| PB 0x000000008a300000| Complete 
| 164|0x000000008a400000, 0x000000008a500000, 0x000000008a500000|100%| E|CS|TAMS 0x000000008a400000| PB 0x000000008a400000| Complete 
| 165|0x000000008a500000, 0x000000008a600000, 0x000000008a600000|100%| E|CS|TAMS 0x000000008a500000| PB 0x000000008a500000| Complete 
|2044|0x00000000ffc00000, 0x00000000ffd00000, 0x00000000ffd00000|100%| E|CS|TAMS 0x00000000ffc00000| PB 0x00000000ffc00000| Complete 
|2045|0x00000000ffd00000, 0x00000000ffe00000, 0x00000000ffe00000|100%| E|CS|TAMS 0x00000000ffd00000| PB 0x00000000ffd00000| Complete 
|2046|0x00000000ffe00000, 0x00000000fff00000, 0x00000000fff00000|100%| O|  |TAMS 0x00000000ffe00000| PB 0x00000000ffe00000| Untracked 
|2047|0x00000000fff00000, 0x0000000100000000, 0x0000000100000000|100%| O|  |TAMS 0x00000000fff00000| PB 0x00000000fff00000| Untracked 

Card table byte_map: [0x0000024a22240000,0x0000024a22640000] _byte_map_base: 0x0000024a21e40000

Marking Bits: (CMBitMap*) 0x0000024a0e749d80
 Bits: [0x0000024a22640000, 0x0000024a24640000)

Polling page: 0x0000024a0c560000

Metaspace:

Usage:
  Non-class:     87.76 MB used.
      Class:     14.64 MB used.
       Both:    102.40 MB used.

Virtual space:
  Non-class space:      128.00 MB reserved,      88.88 MB ( 69%) committed,  2 nodes.
      Class space:      416.00 MB reserved,      15.75 MB (  4%) committed,  1 nodes.
             Both:      544.00 MB reserved,     104.62 MB ( 19%) committed. 

Chunk freelists:
   Non-Class:  6.53 MB
       Class:  230.00 KB
        Both:  6.76 MB

MaxMetaspaceSize: 512.00 MB
CompressedClassSpaceSize: 416.00 MB
Initial GC threshold: 21.00 MB
Current GC threshold: 165.25 MB
CDS: on
 - commit_granule_bytes: 65536.
 - commit_granule_words: 8192.
 - virtual_space_node_default_size: 8388608.
 - enlarge_chunks_in_place: 1.
 - use_allocation_guard: 0.


Internal statistics:

num_allocs_failed_limit: 9.
num_arena_births: 4110.
num_arena_deaths: 0.
num_vsnodes_births: 3.
num_vsnodes_deaths: 0.
num_space_committed: 1674.
num_space_uncommitted: 0.
num_chunks_returned_to_freelist: 9.
num_chunks_taken_from_freelist: 8862.
num_chunk_merges: 9.
num_chunk_splits: 5797.
num_chunks_enlarged: 3669.
num_inconsistent_stats: 0.

CodeHeap 'non-profiled nmethods': size=128192Kb used=6630Kb max_used=6645Kb free=121561Kb
 bounds [0x0000024a19bc0000, 0x0000024a1a240000, 0x0000024a218f0000]
CodeHeap 'profiled nmethods': size=128192Kb used=20963Kb max_used=20963Kb free=107228Kb
 bounds [0x0000024a118f0000, 0x0000024a12d70000, 0x0000024a19620000]
CodeHeap 'non-nmethods': size=5760Kb used=2035Kb max_used=2082Kb free=3724Kb
 bounds [0x0000024a19620000, 0x0000024a19890000, 0x0000024a19bc0000]
CodeCache: size=262144Kb, used=29628Kb, max_used=29690Kb, free=232513Kb
 total_blobs=12038, nmethods=11148, adapters=794, full_count=0
Compilation: enabled, stopped_count=0, restarted_count=0

Compilation events (20 events):
Event: 254.984 Thread 0x0000024a272d2f00 nmethod 13203 0x0000024a12d5c290 code [0x0000024a12d5c4c0, 0x0000024a12d5cbf8]
Event: 254.984 Thread 0x0000024a272d2f00 13204       3       com.android.build.api.artifact.impl.SingleInitialProviderRequestImpl$on$1::<init> (11 bytes)
Event: 254.985 Thread 0x0000024a272d2f00 nmethod 13204 0x0000024a12d5ce90 code [0x0000024a12d5d040, 0x0000024a12d5d268]
Event: 254.985 Thread 0x0000024a272d2f00 13205       3       com.android.build.api.artifact.impl.ArtifactsImpl$sam$org_gradle_api_Transformer$0::<init> (16 bytes)
Event: 254.985 Thread 0x0000024a272d2f00 nmethod 13205 0x0000024a12d5d390 code [0x0000024a12d5d5c0, 0x0000024a12d5dc20]
Event: 255.126 Thread 0x0000024a272d2f00 13206       3       org.gradle.api.services.internal.DefaultBuildServicesRegistry::registerIfAbsent (15 bytes)
Event: 255.127 Thread 0x0000024a272d2f00 nmethod 13206 0x0000024a12d5de90 code [0x0000024a12d5e0a0, 0x0000024a12d5e788]
Event: 255.127 Thread 0x0000024a272d2f00 13207       3       org.gradle.api.services.internal.DefaultBuildServicesRegistry$$Lambda/0x0000024a29634488::<init> (20 bytes)
Event: 255.127 Thread 0x0000024a272d2f00 nmethod 13207 0x0000024a12d5ea10 code [0x0000024a12d5ebc0, 0x0000024a12d5ee40]
Event: 255.180 Thread 0x0000024a272d2f00 13208       3       org.gradle.internal.instantiation.generator.AsmBackedClassGenerator$ClassBuilderImpl$33::loadPropertiesFromState (97 bytes)
Event: 255.183 Thread 0x0000024a272d2f00 nmethod 13208 0x0000024a12d5ef10 code [0x0000024a12d5f340, 0x0000024a12d612d0]
Event: 255.233 Thread 0x0000024a272c3fd0 13209       4       org.objectweb.asm.AnnotationWriter::visit (935 bytes)
Event: 255.335 Thread 0x0000024a272c3fd0 nmethod 13209 0x0000024a1a033110 code [0x0000024a1a033460, 0x0000024a1a034a90]
Event: 255.335 Thread 0x0000024a272c3fd0 13210       4       org.gradle.model.internal.asm.MethodVisitorScope::_IRETURN_OF (12 bytes)
Event: 255.358 Thread 0x0000024a272c3fd0 nmethod 13210 0x0000024a1a031c90 code [0x0000024a1a031ec0, 0x0000024a1a032a70]
Event: 255.358 Thread 0x0000024a272c3fd0 13211       4       org.gradle.model.internal.asm.BytecodeFragment$1::emit (1 bytes)
Event: 255.358 Thread 0x0000024a272c3fd0 nmethod 13211 0x0000024a1a031990 code [0x0000024a1a031b20, 0x0000024a1a031ba8]
Event: 255.804 Thread 0x0000024a272c3fd0 13212   !   4       org.gradle.internal.classloader.VisitableURLClassLoader$InstrumentingVisitableURLClassLoader::findClass (36 bytes)
Event: 255.983 Thread 0x0000024a272d2f00 13213       3       java.lang.management.ManagementFactory::platformComponents (9 bytes)
Event: 255.984 Thread 0x0000024a272d2f00 nmethod 13213 0x0000024a12d61e10 code [0x0000024a12d61fe0, 0x0000024a12d62488]

GC Heap History (20 events):
Event: 212.985 GC heap before
{Heap before GC invocations=34 (full 0):
 garbage-first heap   total 140288K, used 113561K [0x0000000080000000, 0x0000000100000000)
  region size 1024K, 36 young (36864K), 5 survivors (5120K)
 Metaspace       used 80302K, committed 82368K, reserved 557056K
  class space    used 11669K, committed 12672K, reserved 425984K
}
Event: 213.009 GC heap after
{Heap after GC invocations=35 (full 0):
 garbage-first heap   total 140288K, used 87146K [0x0000000080000000, 0x0000000100000000)
  region size 1024K, 5 young (5120K), 5 survivors (5120K)
 Metaspace       used 80302K, committed 82368K, reserved 557056K
  class space    used 11669K, committed 12672K, reserved 425984K
}
Event: 215.178 GC heap before
{Heap before GC invocations=35 (full 0):
 garbage-first heap   total 140288K, used 115818K [0x0000000080000000, 0x0000000100000000)
  region size 1024K, 32 young (32768K), 5 survivors (5120K)
 Metaspace       used 82320K, committed 84416K, reserved 557056K
  class space    used 11919K, committed 12928K, reserved 425984K
}
Event: 215.191 GC heap after
{Heap after GC invocations=36 (full 0):
 garbage-first heap   total 140288K, used 88379K [0x0000000080000000, 0x0000000100000000)
  region size 1024K, 2 young (2048K), 2 survivors (2048K)
 Metaspace       used 82320K, committed 84416K, reserved 557056K
  class space    used 11919K, committed 12928K, reserved 425984K
}
Event: 216.506 GC heap before
{Heap before GC invocations=36 (full 0):
 garbage-first heap   total 140288K, used 117051K [0x0000000080000000, 0x0000000100000000)
  region size 1024K, 31 young (31744K), 2 survivors (2048K)
 Metaspace       used 85165K, committed 87296K, reserved 557056K
  class space    used 12198K, committed 13248K, reserved 425984K
}
Event: 216.515 GC heap after
{Heap after GC invocations=37 (full 0):
 garbage-first heap   total 140288K, used 88906K [0x0000000080000000, 0x0000000100000000)
  region size 1024K, 3 young (3072K), 3 survivors (3072K)
 Metaspace       used 85165K, committed 87296K, reserved 557056K
  class space    used 12198K, committed 13248K, reserved 425984K
}
Event: 218.339 GC heap before
{Heap before GC invocations=38 (full 0):
 garbage-first heap   total 150528K, used 122698K [0x0000000080000000, 0x0000000100000000)
  region size 1024K, 33 young (33792K), 3 survivors (3072K)
 Metaspace       used 87376K, committed 89536K, reserved 557056K
  class space    used 12443K, committed 13504K, reserved 425984K
}
Event: 218.345 GC heap after
{Heap after GC invocations=39 (full 0):
 garbage-first heap   total 150528K, used 96004K [0x0000000080000000, 0x0000000100000000)
  region size 1024K, 5 young (5120K), 5 survivors (5120K)
 Metaspace       used 87376K, committed 89536K, reserved 557056K
  class space    used 12443K, committed 13504K, reserved 425984K
}
Event: 219.845 GC heap before
{Heap before GC invocations=39 (full 0):
 garbage-first heap   total 150528K, used 130820K [0x0000000080000000, 0x0000000100000000)
  region size 1024K, 38 young (38912K), 5 survivors (5120K)
 Metaspace       used 89502K, committed 91712K, reserved 557056K
  class space    used 12732K, committed 13824K, reserved 425984K
}
Event: 219.860 GC heap after
{Heap after GC invocations=40 (full 0):
 garbage-first heap   total 150528K, used 94797K [0x0000000080000000, 0x0000000100000000)
  region size 1024K, 3 young (3072K), 3 survivors (3072K)
 Metaspace       used 89502K, committed 91712K, reserved 557056K
  class space    used 12732K, committed 13824K, reserved 425984K
}
Event: 221.553 GC heap before
{Heap before GC invocations=40 (full 0):
 garbage-first heap   total 150528K, used 130637K [0x0000000080000000, 0x0000000100000000)
  region size 1024K, 38 young (38912K), 3 survivors (3072K)
 Metaspace       used 92261K, committed 94464K, reserved 557056K
  class space    used 13100K, committed 14208K, reserved 425984K
}
Event: 221.558 GC heap after
{Heap after GC invocations=41 (full 0):
 garbage-first heap   total 150528K, used 96203K [0x0000000080000000, 0x0000000100000000)
  region size 1024K, 5 young (5120K), 5 survivors (5120K)
 Metaspace       used 92261K, committed 94464K, reserved 557056K
  class space    used 13100K, committed 14208K, reserved 425984K
}
Event: 223.279 GC heap before
{Heap before GC invocations=42 (full 0):
 garbage-first heap   total 162816K, used 133067K [0x0000000080000000, 0x0000000100000000)
  region size 1024K, 41 young (41984K), 5 survivors (5120K)
 Metaspace       used 94991K, committed 97152K, reserved 557056K
  class space    used 13468K, committed 14528K, reserved 425984K
}
Event: 223.285 GC heap after
{Heap after GC invocations=43 (full 0):
 garbage-first heap   total 162816K, used 98107K [0x0000000080000000, 0x0000000100000000)
  region size 1024K, 4 young (4096K), 4 survivors (4096K)
 Metaspace       used 94991K, committed 97152K, reserved 557056K
  class space    used 13468K, committed 14528K, reserved 425984K
}
Event: 237.730 GC heap before
{Heap before GC invocations=43 (full 0):
 garbage-first heap   total 162816K, used 142139K [0x0000000080000000, 0x0000000100000000)
  region size 1024K, 48 young (49152K), 4 survivors (4096K)
 Metaspace       used 96331K, committed 98624K, reserved 557056K
  class space    used 13645K, committed 14784K, reserved 425984K
}
Event: 237.769 GC heap after
{Heap after GC invocations=44 (full 0):
 garbage-first heap   total 162816K, used 102573K [0x0000000080000000, 0x0000000100000000)
  region size 1024K, 6 young (6144K), 6 survivors (6144K)
 Metaspace       used 96331K, committed 98624K, reserved 557056K
  class space    used 13645K, committed 14784K, reserved 425984K
}
Event: 244.550 GC heap before
{Heap before GC invocations=44 (full 0):
 garbage-first heap   total 162816K, used 144557K [0x0000000080000000, 0x0000000100000000)
  region size 1024K, 47 young (48128K), 6 survivors (6144K)
 Metaspace       used 99051K, committed 101376K, reserved 557056K
  class space    used 14016K, committed 15168K, reserved 425984K
}
Event: 244.582 GC heap after
{Heap after GC invocations=45 (full 0):
 garbage-first heap   total 162816K, used 103209K [0x0000000080000000, 0x0000000100000000)
  region size 1024K, 2 young (2048K), 2 survivors (2048K)
 Metaspace       used 99051K, committed 101376K, reserved 557056K
  class space    used 14016K, committed 15168K, reserved 425984K
}
Event: 252.226 GC heap before
{Heap before GC invocations=46 (full 0):
 garbage-first heap   total 174080K, used 147241K [0x0000000080000000, 0x0000000100000000)
  region size 1024K, 45 young (46080K), 2 survivors (2048K)
 Metaspace       used 102378K, committed 104640K, reserved 557056K
  class space    used 14558K, committed 15680K, reserved 425984K
}
Event: 252.230 GC heap after
{Heap after GC invocations=47 (full 0):
 garbage-first heap   total 174080K, used 103966K [0x0000000080000000, 0x0000000100000000)
  region size 1024K, 3 young (3072K), 3 survivors (3072K)
 Metaspace       used 102378K, committed 104640K, reserved 557056K
  class space    used 14558K, committed 15680K, reserved 425984K
}

Dll operation events (20 events):
Event: 0.187 Attempting to load shared library C:\Users\user5\.vscode\extensions\redhat.java-1.56.0-win32-x64\jre\21.0.12.1-win32-x86_64\bin\zip.dll
Event: 0.187 Loaded shared library C:\Users\user5\.vscode\extensions\redhat.java-1.56.0-win32-x64\jre\21.0.12.1-win32-x86_64\bin\zip.dll
Event: 0.648 Attempting to load shared library C:\Users\user5\.vscode\extensions\redhat.java-1.56.0-win32-x64\jre\21.0.12.1-win32-x86_64\bin\jimage.dll
Event: 0.648 Loaded shared library C:\Users\user5\.vscode\extensions\redhat.java-1.56.0-win32-x64\jre\21.0.12.1-win32-x86_64\bin\jimage.dll
Event: 1.333 Attempting to load shared library C:\Users\user5\.vscode\extensions\redhat.java-1.56.0-win32-x64\jre\21.0.12.1-win32-x86_64\bin\verify.dll
Event: 1.334 Loaded shared library C:\Users\user5\.vscode\extensions\redhat.java-1.56.0-win32-x64\jre\21.0.12.1-win32-x86_64\bin\verify.dll
Event: 1.759 Attempting to load shared library D:\gradle_cache\native\1def1411415f61bf3af743bc5b6707747c0891f09f0c88961ee8f79bc544acac\windows-amd64\native-platform.dll
Event: 1.760 Loaded shared library D:\gradle_cache\native\1def1411415f61bf3af743bc5b6707747c0891f09f0c88961ee8f79bc544acac\windows-amd64\native-platform.dll
Event: 1.794 Attempting to load shared library D:\gradle_cache\native\0.2.5\x86_64-windows-gnu\gradle-fileevents.dll
Event: 1.796 Loaded shared library D:\gradle_cache\native\0.2.5\x86_64-windows-gnu\gradle-fileevents.dll
Event: 4.867 Attempting to load shared library C:\Users\user5\.vscode\extensions\redhat.java-1.56.0-win32-x64\jre\21.0.12.1-win32-x86_64\bin\management.dll
Event: 4.868 Loaded shared library C:\Users\user5\.vscode\extensions\redhat.java-1.56.0-win32-x64\jre\21.0.12.1-win32-x86_64\bin\management.dll
Event: 4.881 Attempting to load shared library C:\Users\user5\.vscode\extensions\redhat.java-1.56.0-win32-x64\jre\21.0.12.1-win32-x86_64\bin\management_ext.dll
Event: 4.885 Loaded shared library C:\Users\user5\.vscode\extensions\redhat.java-1.56.0-win32-x64\jre\21.0.12.1-win32-x86_64\bin\management_ext.dll
Event: 5.543 Attempting to load shared library C:\Users\user5\.vscode\extensions\redhat.java-1.56.0-win32-x64\jre\21.0.12.1-win32-x86_64\bin\extnet.dll
Event: 5.544 Loaded shared library C:\Users\user5\.vscode\extensions\redhat.java-1.56.0-win32-x64\jre\21.0.12.1-win32-x86_64\bin\extnet.dll
Event: 6.500 Attempting to load shared library C:\Users\user5\.vscode\extensions\redhat.java-1.56.0-win32-x64\jre\21.0.12.1-win32-x86_64\bin\sunmscapi.dll
Event: 6.513 Loaded shared library C:\Users\user5\.vscode\extensions\redhat.java-1.56.0-win32-x64\jre\21.0.12.1-win32-x86_64\bin\sunmscapi.dll
Event: 9.079 Attempting to load shared library D:\temp\native-platform8054099260861876008dir\gradle-fileevents.dll
Event: 9.342 Loaded shared library D:\temp\native-platform8054099260861876008dir\gradle-fileevents.dll

Deoptimization events (20 events):
Event: 253.171 Thread 0x0000024a471fc820 Uncommon trap: trap_request=0xffffff45 fr.pc=0x0000024a19c3eaf0 relative=0x0000000000001db0
Event: 253.171 Thread 0x0000024a471fc820 Uncommon trap: reason=unstable_if action=reinterpret pc=0x0000024a19c3eaf0 method=java.util.HashMap.hash(Ljava/lang/Object;)I @ 1 c2
Event: 253.171 Thread 0x0000024a471fc820 DEOPT PACKING pc=0x0000024a19c3eaf0 sp=0x0000004a8fbf6480
Event: 253.171 Thread 0x0000024a471fc820 DEOPT UNPACKING pc=0x0000024a19674422 sp=0x0000004a8fbf63a0 mode 2
Event: 254.099 Thread 0x0000024a471fc820 DEOPT PACKING pc=0x0000024a11a6ff1d sp=0x0000004a8fbf5b90
Event: 254.100 Thread 0x0000024a471fc820 DEOPT UNPACKING pc=0x0000024a19674bc2 sp=0x0000004a8fbf50c8 mode 0
Event: 254.426 Thread 0x0000024a471fc820 DEOPT PACKING pc=0x0000024a12b4ee77 sp=0x0000004a8fbf64c0
Event: 254.426 Thread 0x0000024a471fc820 DEOPT UNPACKING pc=0x0000024a19674bc2 sp=0x0000004a8fbf59c0 mode 0
Event: 255.572 Thread 0x0000024a471fc820 Uncommon trap: trap_request=0x00000091 fr.pc=0x0000024a19fe89a0 relative=0x0000000000000240
Event: 255.572 Thread 0x0000024a471fc820 Uncommon trap: reason=unloaded action=reinterpret pc=0x0000024a19fe89a0 method=java.security.AccessController.wrapException(Ljava/lang/Exception;)Ljava/security/PrivilegedActionException; @ 0 c2
Event: 255.572 Thread 0x0000024a471fc820 DEOPT PACKING pc=0x0000024a19fe89a0 sp=0x0000004a8fbf30d0
Event: 255.572 Thread 0x0000024a471fc820 DEOPT UNPACKING pc=0x0000024a19674422 sp=0x0000004a8fbf2f80 mode 2
Event: 255.834 Thread 0x0000024a471fc820 Uncommon trap: trap_request=0x0000000c fr.pc=0x0000024a19e4d204 relative=0x00000000000045e4
Event: 255.834 Thread 0x0000024a471fc820 Uncommon trap: reason=unloaded action=reinterpret pc=0x0000024a19e4d204 method=org.gradle.internal.classloader.TransformReplacer.getInstrumentedClass(Ljava/lang/String;Ljava/security/ProtectionDomain;)[B @ 25 c2
Event: 255.838 Thread 0x0000024a471fc820 DEOPT PACKING pc=0x0000024a19e4d204 sp=0x0000004a8fbf4b60
Event: 255.838 Thread 0x0000024a471fc820 DEOPT UNPACKING pc=0x0000024a19674422 sp=0x0000004a8fbf4b00 mode 2
Event: 255.856 Thread 0x0000024a471fc820 Uncommon trap: trap_request=0x00000012 fr.pc=0x0000024a1a1536a0 relative=0x0000000000000100
Event: 255.856 Thread 0x0000024a471fc820 Uncommon trap: reason=unloaded action=reinterpret pc=0x0000024a1a1536a0 method=org.gradle.internal.event.AbstractBroadcastDispatch.dispatch(Lorg/gradle/internal/dispatch/MethodInvocation;Lorg/gradle/internal/dispatch/Dispatch;)V @ 56 c2
Event: 255.856 Thread 0x0000024a471fc820 DEOPT PACKING pc=0x0000024a1a1536a0 sp=0x0000004a8fbf7810
Event: 255.856 Thread 0x0000024a471fc820 DEOPT UNPACKING pc=0x0000024a19674422 sp=0x0000004a8fbf7798 mode 2

Classes loaded (20 events):
Event: 223.749 Loading class org/xml/sax/SAXParseException
Event: 223.751 Loading class org/xml/sax/SAXParseException done
Event: 223.751 Loading class org/xml/sax/Attributes
Event: 223.752 Loading class org/xml/sax/Attributes done
Event: 223.753 Loading class org/xml/sax/Locator
Event: 223.753 Loading class org/xml/sax/Locator done
Event: 230.311 Loading class java/util/AbstractList$ListItr
Event: 230.312 Loading class java/util/AbstractList$ListItr done
Event: 247.082 Loading class java/util/concurrent/atomic/AtomicIntegerArray
Event: 247.128 Loading class java/util/concurrent/atomic/AtomicIntegerArray done
Event: 247.167 Loading class java/util/Currency
Event: 247.198 Loading class java/util/Currency done
Event: 247.296 Loading class java/util/concurrent/atomic/AtomicLongArray
Event: 247.303 Loading class java/util/concurrent/atomic/AtomicLongArray done
Event: 247.926 Loading class sun/reflect/generics/repository/FieldRepository
Event: 247.959 Loading class sun/reflect/generics/repository/FieldRepository done
Event: 248.305 Loading class jdk/internal/vm/annotation/ForceInline
Event: 248.333 Loading class jdk/internal/vm/annotation/ForceInline done
Event: 255.559 Loading class java/util/zip/DataFormatException
Event: 255.572 Loading class java/util/zip/DataFormatException done

Classes unloaded (0 events):
No events

Classes redefined (0 events):
No events

Internal exceptions (20 events):
Event: 223.789 Thread 0x0000024a471fc820 Exception <a 'java/lang/ClassNotFoundException'{0x00000000892012e0}: org/gradle/api/plugins/internal/NaggingJavaPluginConventionBeanInfo> (0x00000000892012e0) 
thrown [s\src\hotspot\share\classfile\systemDictionary.cpp, line 313]
Event: 223.792 Thread 0x0000024a471fc820 Exception <a 'java/lang/ClassNotFoundException'{0x000000008921a830}: org/gradle/api/plugins/JavaPluginConventionBeanInfo> (0x000000008921a830) 
thrown [s\src\hotspot\share\classfile\systemDictionary.cpp, line 313]
Event: 223.796 Thread 0x0000024a471fc820 Exception <a 'java/lang/ClassNotFoundException'{0x0000000089233d40}: org/gradle/api/plugins/JavaPluginConventionCustomizer> (0x0000000089233d40) 
thrown [s\src\hotspot\share\classfile\systemDictionary.cpp, line 313]
Event: 223.800 Thread 0x0000024a471fc820 Exception <a 'java/lang/ClassNotFoundException'{0x00000000892625d8}: org/gradle/api/plugins/internal/NaggingJavaPluginConventionCustomizer> (0x00000000892625d8) 
thrown [s\src\hotspot\share\classfile\systemDictionary.cpp, line 313]
Event: 223.822 Thread 0x0000024a471fc820 Exception <a 'java/lang/ClassNotFoundException'{0x00000000892dfad8}: org/gradle/plugin/software/internal/SoftwareFeaturesDynamicObject_DecoratedBeanInfo> (0x00000000892dfad8) 
thrown [s\src\hotspot\share\classfile\systemDictionary.cpp, line 313]
Event: 223.823 Thread 0x0000024a471fc820 Exception <a 'java/lang/ClassNotFoundException'{0x00000000892f7268}: org/gradle/plugin/software/internal/SoftwareFeaturesDynamicObjectBeanInfo> (0x00000000892f7268) 
thrown [s\src\hotspot\share\classfile\systemDictionary.cpp, line 313]
Event: 223.824 Thread 0x0000024a471fc820 Exception <a 'java/lang/ClassNotFoundException'{0x000000008910e770}: org/gradle/internal/metaobject/AbstractDynamicObjectBeanInfo> (0x000000008910e770) 
thrown [s\src\hotspot\share\classfile\systemDictionary.cpp, line 313]
Event: 223.825 Thread 0x0000024a471fc820 Exception <a 'java/lang/ClassNotFoundException'{0x0000000089125a08}: org/gradle/internal/metaobject/AbstractDynamicObjectCustomizer> (0x0000000089125a08) 
thrown [s\src\hotspot\share\classfile\systemDictionary.cpp, line 313]
Event: 223.827 Thread 0x0000024a471fc820 Exception <a 'java/lang/ClassNotFoundException'{0x0000000089149900}: org/gradle/plugin/software/internal/SoftwareFeaturesDynamicObjectCustomizer> (0x0000000089149900) 
thrown [s\src\hotspot\share\classfile\systemDictionary.cpp, line 313]
Event: 223.828 Thread 0x0000024a471fc820 Exception <a 'java/lang/ClassNotFoundException'{0x00000000891687c0}: org/gradle/plugin/software/internal/SoftwareFeaturesDynamicObject_DecoratedCustomizer> (0x00000000891687c0) 
thrown [s\src\hotspot\share\classfile\systemDictionary.cpp, line 313]
Event: 223.917 Thread 0x0000024a471fc820 Exception <a 'java/lang/NoSuchMethodError'{0x00000000891aac70}: 'java.lang.Object java.lang.invoke.DirectMethodHandle$Holder.newInvokeSpecial(java.lang.Object, java.lang.Object, java.lang.Object, java.lang.Object, java.lang.Object, java.lang.Object, java.lang.Object, java.lang.Object, java.lang.Object, java.lang.Object, java.lang.Object, java.lang.Object, java.lang.Object, java.lang.Object, java.lang.Object, java.lang.Object, java.lang.Object, java.lang.Object)'> (0x00000000891aac70) 
thrown [s\src\hotspot
Event: 223.931 Thread 0x0000024a471fc820 Exception <a 'java/lang/NoSuchMethodError'{0x00000000891b1f88}: 'java.lang.Object java.lang.invoke.DirectMethodHandle$Holder.invokeSpecial(java.lang.Object, java.lang.Object, java.lang.Object, java.lang.Object, java.lang.Object, java.lang.Object, java.lang.Object, java.lang.Object, java.lang.Object, java.lang.Object, java.lang.Object, java.lang.Object, java.lang.Object, java.lang.Object, java.lang.Object, java.lang.Object, java.lang.Object, java.lang.Object, java.lang.Object)'> (0x00000000891b1f88) 
thrown
Event: 223.933 Thread 0x0000024a471fc820 Exception <a 'java/lang/NoSuchMethodError'{0x00000000891b8100}: 'java.lang.Object java.lang.invoke.DelegatingMethodHandle$Holder.reinvoke_L(java.lang.Object, java.lang.Object, java.lang.Object, java.lang.Object, java.lang.Object, java.lang.Object, java.lang.Object, java.lang.Object, java.lang.Object, java.lang.Object, java.lang.Object, java.lang.Object, java.lang.Object, java.lang.Object, java.lang.Object, java.lang.Object, java.lang.Object, java.lang.Object)'> (0x00000000891b8100) 
thrown [s\src\hotspot\s
Event: 243.726 Thread 0x0000024a471fc820 Exception <a 'java/lang/NoSuchMethodError'{0x0000000087d7e238}: 'java.lang.Object java.lang.invoke.DirectMethodHandle$Holder.newInvokeSpecial(java.lang.Object, java.lang.Object, java.lang.Object, java.lang.Object, java.lang.Object, java.lang.Object, java.lang.Object, java.lang.Object, java.lang.Object, java.lang.Object, java.lang.Object, java.lang.Object, java.lang.Object, java.lang.Object)'> (0x0000000087d7e238) 
thrown [s\src\hotspot\share\interpreter\linkResolver.cpp, line 773]
Event: 248.384 Thread 0x0000024a471fc820 Exception <a 'java/lang/NoSuchMethodError'{0x00000000896ba8b0}: 'void java.lang.invoke.Invokers$Holder.invokeExact_MT(java.lang.Object, java.lang.Object, java.lang.Object, java.lang.Object)'> (0x00000000896ba8b0) 
thrown [s\src\hotspot\share\interpreter\linkResolver.cpp, line 773]
Event: 253.171 Thread 0x0000024a471fc820 Implicit null exception at 0x0000024a19c3cda8 to 0x0000024a19c3eadc
Event: 255.559 Thread 0x0000024a471fc820 Exception <a 'java/io/IOException'{0x0000000088afee70}> (0x0000000088afee70) 
thrown [s\src\hotspot\share\prims\jni.cpp, line 520]
Event: 255.797 Thread 0x0000024a471fc820 Exception <a 'java/lang/NoClassDefFoundError'{0x0000000088904508}: com/android/build/gradle/internal/cxx/logging/ThreadLoggingEnvironment> (0x0000000088904508) 
thrown [s\src\hotspot\share\classfile\systemDictionary.cpp, line 302]
Event: 255.834 Thread 0x0000024a471fc820 Exception <a 'java/io/IOException'{0x00000000889112c0}> (0x00000000889112c0) 
thrown [s\src\hotspot\share\prims\jni.cpp, line 520]
Event: 255.851 Thread 0x0000024a471fc820 Exception <a 'java/lang/NoClassDefFoundError'{0x0000000088916490}: com/android/build/gradle/internal/crash/PluginCrashReporter> (0x0000000088916490) 
thrown [s\src\hotspot\share\classfile\systemDictionary.cpp, line 302]

ZGC Phase Switch (0 events):
No events

VM Operations (20 events):
Event: 244.966 Executing safepoint VM operation: G1PauseCleanup
Event: 244.967 Executing safepoint VM operation: G1PauseCleanup done
Event: 246.016 Executing safepoint VM operation: Cleanup
Event: 246.016 Executing safepoint VM operation: Cleanup done
Event: 249.046 Executing safepoint VM operation: Cleanup
Event: 249.061 Executing safepoint VM operation: Cleanup done
Event: 250.070 Executing safepoint VM operation: Cleanup
Event: 250.070 Executing safepoint VM operation: Cleanup done
Event: 252.073 Executing safepoint VM operation: Cleanup
Event: 252.074 Executing safepoint VM operation: Cleanup done
Event: 252.226 Executing safepoint VM operation: G1CollectForAllocation (G1 Evacuation Pause)
Event: 252.230 Executing safepoint VM operation: G1CollectForAllocation (G1 Evacuation Pause) done
Event: 253.234 Executing safepoint VM operation: Cleanup
Event: 253.249 Executing safepoint VM operation: Cleanup done
Event: 254.260 Executing safepoint VM operation: Cleanup
Event: 254.291 Executing safepoint VM operation: Cleanup done
Event: 255.299 Executing safepoint VM operation: Cleanup
Event: 255.316 Executing safepoint VM operation: Cleanup done
Event: 255.907 Executing non-safepoint VM operation: HandshakeAllThreads (Deoptimize)
Event: 255.929 Executing non-safepoint VM operation: HandshakeAllThreads (Deoptimize) done

Memory protections (0 events):
No events

Nmethod flushes (20 events):
Event: 244.920 Thread 0x0000024a27295da0 flushing  nmethod 0x0000024a11c82110
Event: 244.920 Thread 0x0000024a27295da0 flushing  nmethod 0x0000024a11d8f110
Event: 244.920 Thread 0x0000024a27295da0 flushing  nmethod 0x0000024a11d94f90
Event: 244.920 Thread 0x0000024a27295da0 flushing  nmethod 0x0000024a11dcdf90
Event: 244.921 Thread 0x0000024a27295da0 flushing  nmethod 0x0000024a1236ee10
Event: 244.921 Thread 0x0000024a27295da0 flushing  nmethod 0x0000024a19be4810
Event: 244.921 Thread 0x0000024a27295da0 flushing  nmethod 0x0000024a19eb7d10
Event: 244.921 Thread 0x0000024a27295da0 flushing  nmethod 0x0000024a11bb8b90
Event: 244.921 Thread 0x0000024a27295da0 flushing  nmethod 0x0000024a11cdbc10
Event: 244.921 Thread 0x0000024a27295da0 flushing  nmethod 0x0000024a11f69210
Event: 244.921 Thread 0x0000024a27295da0 flushing  nmethod 0x0000024a11ff3b10
Event: 244.921 Thread 0x0000024a27295da0 flushing  nmethod 0x0000024a11ff6a90
Event: 244.921 Thread 0x0000024a27295da0 flushing  nmethod 0x0000024a11ff8d10
Event: 244.922 Thread 0x0000024a27295da0 flushing  nmethod 0x0000024a12152d90
Event: 244.922 Thread 0x0000024a27295da0 flushing  nmethod 0x0000024a12154710
Event: 244.922 Thread 0x0000024a27295da0 flushing  nmethod 0x0000024a12179b10
Event: 244.922 Thread 0x0000024a27295da0 flushing  nmethod 0x0000024a12184510
Event: 244.922 Thread 0x0000024a27295da0 flushing  nmethod 0x0000024a12187290
Event: 244.922 Thread 0x0000024a27295da0 flushing  nmethod 0x0000024a12225090
Event: 244.922 Thread 0x0000024a27295da0 flushing  nmethod 0x0000024a12a6df90

Events (20 events):
Event: 180.712 Thread 0x0000024a471fc820 Thread added: 0x0000024a4acb7140
Event: 180.734 Thread 0x0000024a471fc820 Thread added: 0x0000024a4acb3cc0
Event: 180.740 Thread 0x0000024a471fc820 Thread added: 0x0000024a4acb7e60
Event: 180.755 Thread 0x0000024a471fc820 Thread added: 0x0000024a4acb77d0
Event: 180.760 Thread 0x0000024a471fc820 Thread added: 0x0000024a4acb84f0
Event: 180.769 Thread 0x0000024a471fc820 Thread added: 0x0000024a4acba5c0
Event: 180.773 Thread 0x0000024a471fc820 Thread added: 0x0000024a4acb9210
Event: 181.908 Thread 0x0000024a471fc820 Thread added: 0x0000024a4acb98a0
Event: 181.910 Thread 0x0000024a471fc820 Thread added: 0x0000024a4acb8b80
Event: 181.911 Thread 0x0000024a471fc820 Thread added: 0x0000024a4acb9f30
Event: 181.912 Thread 0x0000024a471fc820 Thread added: 0x0000024a4b531620
Event: 181.913 Thread 0x0000024a471fc820 Thread added: 0x0000024a4b52fbe0
Event: 181.913 Thread 0x0000024a471fc820 Thread added: 0x0000024a4b530270
Event: 181.914 Thread 0x0000024a471fc820 Thread added: 0x0000024a4b5336f0
Event: 181.914 Thread 0x0000024a471fc820 Thread added: 0x0000024a4b531cb0
Event: 181.915 Thread 0x0000024a471fc820 Thread added: 0x0000024a4b530f90
Event: 181.916 Thread 0x0000024a471fc820 Thread added: 0x0000024a4b532340
Event: 181.917 Thread 0x0000024a471fc820 Thread added: 0x0000024a4b5329d0
Event: 221.653 Thread 0x0000024a471fc820 Thread added: 0x0000024a4cb3ceb0
Event: 239.000 Thread 0x0000024a4aba6ee0 Thread exited: 0x0000024a4aba6ee0


Dynamic libraries:
0x00007ff6fe3e0000 - 0x00007ff6fe3ee000 	C:\Users\user5\.vscode\extensions\redhat.java-1.56.0-win32-x64\jre\21.0.12.1-win32-x86_64\bin\java.exe
0x00007ff8236e0000 - 0x00007ff823947000 	C:\WINDOWS\SYSTEM32\ntdll.dll
0x00007ff822840000 - 0x00007ff82290b000 	C:\WINDOWS\System32\KERNEL32.DLL
0x00007ff820b10000 - 0x00007ff820f12000 	C:\WINDOWS\System32\KERNELBASE.dll
0x00007ff8212a0000 - 0x00007ff8213ec000 	C:\WINDOWS\System32\ucrtbase.dll
0x00007ff815160000 - 0x00007ff815178000 	C:\Users\user5\.vscode\extensions\redhat.java-1.56.0-win32-x64\jre\21.0.12.1-win32-x86_64\bin\jli.dll
0x00007ff8151a0000 - 0x00007ff8151be000 	C:\Users\user5\.vscode\extensions\redhat.java-1.56.0-win32-x64\jre\21.0.12.1-win32-x86_64\bin\VCRUNTIME140.dll
0x00007ff800850000 - 0x00007ff800ae0000 	C:\WINDOWS\WinSxS\amd64_microsoft.windows.common-controls_6595b64144ccf1df_6.0.26100.9278_none_3e0d1ba8e3303201\COMCTL32.dll
0x00007ff822450000 - 0x00007ff82261f000 	C:\WINDOWS\System32\USER32.dll
0x00007ff822910000 - 0x00007ff8229b9000 	C:\WINDOWS\System32\msvcrt.dll
0x00007ff820f20000 - 0x00007ff820f47000 	C:\WINDOWS\System32\win32u.dll
0x00007ff822760000 - 0x00007ff82278b000 	C:\WINDOWS\System32\GDI32.dll
0x00007ff820f50000 - 0x00007ff821079000 	C:\WINDOWS\System32\gdi32full.dll
0x00007ff820a60000 - 0x00007ff820b03000 	C:\WINDOWS\System32\msvcp_win.dll
0x00007ff821400000 - 0x00007ff821431000 	C:\WINDOWS\System32\IMM32.DLL
0x00007ff81a900000 - 0x00007ff81a90c000 	C:\Users\user5\.vscode\extensions\redhat.java-1.56.0-win32-x64\jre\21.0.12.1-win32-x86_64\bin\vcruntime140_1.dll
0x00007ffff9970000 - 0x00007ffff99fd000 	C:\Users\user5\.vscode\extensions\redhat.java-1.56.0-win32-x64\jre\21.0.12.1-win32-x86_64\bin\msvcp140.dll
0x00007fff8b4c0000 - 0x00007fff8c262000 	C:\Users\user5\.vscode\extensions\redhat.java-1.56.0-win32-x64\jre\21.0.12.1-win32-x86_64\bin\server\jvm.dll
0x00007ff822680000 - 0x00007ff82273c000 	C:\WINDOWS\System32\ADVAPI32.dll
0x00007ff8234d0000 - 0x00007ff823579000 	C:\WINDOWS\System32\sechost.dll
0x00007ff823580000 - 0x00007ff823698000 	C:\WINDOWS\System32\RPCRT4.dll
0x00007ff8227b0000 - 0x00007ff822830000 	C:\WINDOWS\System32\WS2_32.dll
0x00007ff81ffb0000 - 0x00007ff82000e000 	C:\WINDOWS\SYSTEM32\POWRPROF.dll
0x00007ff80c220000 - 0x00007ff80c256000 	C:\WINDOWS\SYSTEM32\WINMM.dll
0x00007ff8142c0000 - 0x00007ff8142cb000 	C:\WINDOWS\SYSTEM32\VERSION.dll
0x00007ff81ff70000 - 0x00007ff81ff85000 	C:\WINDOWS\SYSTEM32\UMPDC.dll
0x00007ff81f5b0000 - 0x00007ff81f5cb000 	C:\WINDOWS\SYSTEM32\kernel.appcore.dll
0x00007ff81a8a0000 - 0x00007ff81a8aa000 	C:\Users\user5\.vscode\extensions\redhat.java-1.56.0-win32-x64\jre\21.0.12.1-win32-x86_64\bin\jimage.dll
0x00007ff81de40000 - 0x00007ff81e08c000 	C:\WINDOWS\SYSTEM32\DBGHELP.DLL
0x00007ff8215c0000 - 0x00007ff821945000 	C:\WINDOWS\System32\combase.dll
0x00007ff821950000 - 0x00007ff821a29000 	C:\WINDOWS\System32\OLEAUT32.dll
0x00007ffff9420000 - 0x00007ffff945b000 	C:\WINDOWS\SYSTEM32\dbgcore.DLL
0x00007ff8208e0000 - 0x00007ff82098c000 	C:\WINDOWS\System32\bcryptPrimitives.dll
0x00007ff815150000 - 0x00007ff81515f000 	C:\Users\user5\.vscode\extensions\redhat.java-1.56.0-win32-x64\jre\21.0.12.1-win32-x86_64\bin\instrument.dll
0x00007ff814de0000 - 0x00007ff814e00000 	C:\Users\user5\.vscode\extensions\redhat.java-1.56.0-win32-x64\jre\21.0.12.1-win32-x86_64\bin\java.dll
0x00007ff822d30000 - 0x00007ff8234c8000 	C:\WINDOWS\System32\SHELL32.dll
0x00007ff81e340000 - 0x00007ff81ebee000 	C:\WINDOWS\SYSTEM32\windows.storage.dll
0x00007ff822b30000 - 0x00007ff822c2b000 	C:\WINDOWS\System32\SHCORE.dll
0x00007ff822ac0000 - 0x00007ff822b26000 	C:\WINDOWS\System32\shlwapi.dll
0x00007ff820800000 - 0x00007ff820829000 	C:\WINDOWS\SYSTEM32\profapi.dll
0x00007ff8138f0000 - 0x00007ff813908000 	C:\Users\user5\.vscode\extensions\redhat.java-1.56.0-win32-x64\jre\21.0.12.1-win32-x86_64\bin\zip.dll
0x00007ff815140000 - 0x00007ff815150000 	C:\Users\user5\.vscode\extensions\redhat.java-1.56.0-win32-x64\jre\21.0.12.1-win32-x86_64\bin\net.dll
0x00007ff816de0000 - 0x00007ff816f0a000 	C:\WINDOWS\SYSTEM32\WINHTTP.dll
0x00007ff81fbe0000 - 0x00007ff81fc4c000 	C:\WINDOWS\system32\mswsock.dll
0x00007ff8138b0000 - 0x00007ff8138c6000 	C:\Users\user5\.vscode\extensions\redhat.java-1.56.0-win32-x64\jre\21.0.12.1-win32-x86_64\bin\nio.dll
0x00007ff814f30000 - 0x00007ff814f40000 	C:\Users\user5\.vscode\extensions\redhat.java-1.56.0-win32-x64\jre\21.0.12.1-win32-x86_64\bin\verify.dll
0x00007fffed740000 - 0x00007fffed767000 	D:\gradle_cache\native\1def1411415f61bf3af743bc5b6707747c0891f09f0c88961ee8f79bc544acac\windows-amd64\native-platform.dll
0x000000006bb60000 - 0x000000006bbd3000 	D:\gradle_cache\native\0.2.5\x86_64-windows-gnu\gradle-fileevents.dll
0x00007ffff0030000 - 0x00007ffff003a000 	C:\Users\user5\.vscode\extensions\redhat.java-1.56.0-win32-x64\jre\21.0.12.1-win32-x86_64\bin\management.dll
0x00007ffff0020000 - 0x00007ffff002c000 	C:\Users\user5\.vscode\extensions\redhat.java-1.56.0-win32-x64\jre\21.0.12.1-win32-x86_64\bin\management_ext.dll
0x00007ff822440000 - 0x00007ff822448000 	C:\WINDOWS\System32\PSAPI.DLL
0x00007ff81fef0000 - 0x00007ff81ff0b000 	C:\WINDOWS\SYSTEM32\CRYPTSP.dll
0x00007ff81f510000 - 0x00007ff81f549000 	C:\WINDOWS\system32\rsaenh.dll
0x00007ff81fc90000 - 0x00007ff81fcc4000 	C:\WINDOWS\SYSTEM32\USERENV.dll
0x00007ff8207d0000 - 0x00007ff8207fa000 	C:\WINDOWS\SYSTEM32\bcrypt.dll
0x00007ff81ff10000 - 0x00007ff81ff1c000 	C:\WINDOWS\SYSTEM32\CRYPTBASE.dll
0x00007ff81efb0000 - 0x00007ff81efe3000 	C:\WINDOWS\SYSTEM32\IPHLPAPI.DLL
0x00007ff822750000 - 0x00007ff82275a000 	C:\WINDOWS\System32\NSI.dll
0x00007ff813920000 - 0x00007ff813929000 	C:\Users\user5\.vscode\extensions\redhat.java-1.56.0-win32-x64\jre\21.0.12.1-win32-x86_64\bin\extnet.dll
0x00007ffff00c0000 - 0x00007ffff00ce000 	C:\Users\user5\.vscode\extensions\redhat.java-1.56.0-win32-x64\jre\21.0.12.1-win32-x86_64\bin\sunmscapi.dll
0x00007ff821080000 - 0x00007ff8211fe000 	C:\WINDOWS\System32\CRYPT32.dll
0x00007ff8201c0000 - 0x00007ff8201f0000 	C:\WINDOWS\SYSTEM32\ncrypt.dll
0x00007ff820170000 - 0x00007ff8201af000 	C:\WINDOWS\SYSTEM32\NTASN1.dll
0x00007ff813c90000 - 0x00007ff813c98000 	C:\WINDOWS\system32\wshunix.dll
0x000000006b9e0000 - 0x000000006ba53000 	D:\temp\native-platform8054099260861876008dir\gradle-fileevents.dll
0x00007ff81f050000 - 0x00007ff81f1a8000 	C:\WINDOWS\SYSTEM32\DNSAPI.dll
0x00007ff81f970000 - 0x00007ff81f97d000 	C:\WINDOWS\SYSTEM32\DSPARSE.dll
0x00007ff816820000 - 0x00007ff81682b000 	C:\Windows\System32\rasadhlp.dll
0x00007ff817490000 - 0x00007ff817516000 	C:\WINDOWS\System32\fwpuclnt.dll

JVMTI agents:
D:\gradle_cache\wrapper\dists\gradle-8.12-all\ejduaidbjup3bmmkhw3rie4zb\gradle-8.12\lib\agents\gradle-instrumentation-agent-8.12.jar path:C:\Users\user5\.vscode\extensions\redhat.java-1.56.0-win32-x64\jre\21.0.12.1-win32-x86_64\bin\instrument.dll, loaded, initialized, instrumentlib options:none

dbghelp: loaded successfully - version: 4.0.5 - missing functions: none
symbol engine: initialized successfully - sym options: 0x614 - pdb path: .;C:\Users\user5\.vscode\extensions\redhat.java-1.56.0-win32-x64\jre\21.0.12.1-win32-x86_64\bin;C:\WINDOWS\SYSTEM32;C:\WINDOWS\WinSxS\amd64_microsoft.windows.common-controls_6595b64144ccf1df_6.0.26100.9278_none_3e0d1ba8e3303201;C:\Users\user5\.vscode\extensions\redhat.java-1.56.0-win32-x64\jre\21.0.12.1-win32-x86_64\bin\server;D:\gradle_cache\native\1def1411415f61bf3af743bc5b6707747c0891f09f0c88961ee8f79bc544acac\windows-amd64;D:\gradle_cache\native\0.2.5\x86_64-windows-gnu;D:\temp\native-platform8054099260861876008dir

VM Arguments:
jvm_args: --add-opens=java.base/java.lang=ALL-UNNAMED --add-opens=java.base/java.lang.invoke=ALL-UNNAMED --add-opens=java.base/java.util=ALL-UNNAMED --add-opens=java.prefs/java.util.prefs=ALL-UNNAMED --add-exports=jdk.compiler/com.sun.tools.javac.api=ALL-UNNAMED --add-exports=jdk.compiler/com.sun.tools.javac.util=ALL-UNNAMED --add-opens=java.base/java.util=ALL-UNNAMED --add-opens=java.prefs/java.util.prefs=ALL-UNNAMED --add-opens=java.base/java.nio.charset=ALL-UNNAMED --add-opens=java.base/java.net=ALL-UNNAMED --add-opens=java.base/java.util.concurrent.atomic=ALL-UNNAMED --add-opens=java.xml/javax.xml.namespace=ALL-UNNAMED -XX:MaxMetaspaceSize=512m -XX:ReservedCodeCacheSize=256m -XX:+HeapDumpOnOutOfMemoryError -Xmx2G -Dfile.encoding=UTF-8 -Duser.country=IN -Duser.language=en -Duser.variant -javaagent:D:\gradle_cache\wrapper\dists\gradle-8.12-all\ejduaidbjup3bmmkhw3rie4zb\gradle-8.12\lib\agents\gradle-instrumentation-agent-8.12.jar 
java_command: org.gradle.launcher.daemon.bootstrap.GradleDaemon 8.12
java_class_path (initial): D:\gradle_cache\wrapper\dists\gradle-8.12-all\ejduaidbjup3bmmkhw3rie4zb\gradle-8.12\lib\gradle-daemon-main-8.12.jar
Launcher Type: SUN_STANDARD

[Global flags]
     intx CICompilerCount                          = 4                                         {product} {ergonomic}
   size_t CompressedClassSpaceSize                 = 436207616                                 {product} {ergonomic}
     uint ConcGCThreads                            = 3                                         {product} {ergonomic}
     uint G1ConcRefinementThreads                  = 10                                        {product} {ergonomic}
   size_t G1HeapRegionSize                         = 1048576                                   {product} {ergonomic}
    uintx GCDrainStackTargetSize                   = 64                                        {product} {ergonomic}
     bool HeapDumpOnOutOfMemoryError               = true                                   {manageable} {command line}
   size_t InitialHeapSize                          = 130023424                                 {product} {ergonomic}
   size_t MarkStackSize                            = 4194304                                   {product} {ergonomic}
   size_t MaxHeapSize                              = 2147483648                                {product} {command line}
   size_t MaxMetaspaceSize                         = 536870912                                 {product} {command line}
   size_t MaxNewSize                               = 1287651328                                {product} {ergonomic}
   size_t MinHeapDeltaBytes                        = 1048576                                   {product} {ergonomic}
   size_t MinHeapSize                              = 8388608                                   {product} {ergonomic}
    uintx NonNMethodCodeHeapSize                   = 5839372                                {pd product} {ergonomic}
    uintx NonProfiledCodeHeapSize                  = 131298042                              {pd product} {ergonomic}
    uintx ProfiledCodeHeapSize                     = 131298042                              {pd product} {ergonomic}
    uintx ReservedCodeCacheSize                    = 268435456                              {pd product} {command line}
     bool SegmentedCodeCache                       = true                                      {product} {ergonomic}
   size_t SoftMaxHeapSize                          = 2147483648                             {manageable} {ergonomic}
     bool UseCompressedOops                        = true                           {product lp64_product} {ergonomic}
     bool UseG1GC                                  = true                                      {product} {ergonomic}
     bool UseLargePagesIndividualAllocation        = false                                  {pd product} {ergonomic}

Logging:
Log output configuration:
 #0: stdout all=warning uptime,level,tags foldmultilines=false
 #1: stderr all=off uptime,level,tags foldmultilines=false

Release file:
JAVA_VERSION="21.0.12.1" 
MODULES="java.base java.compiler java.datatransfer java.xml java.prefs java.desktop java.instrument java.logging java.management java.security.sasl java.naming java.rmi java.management.rmi java.net.http java.scripting java.security.jgss java.transaction.xa java.sql java.sql.rowset java.xml.crypto java.se java.smartcardio jdk.accessibility jdk.internal.jvmstat jdk.attach jdk.charsets jdk.internal.opt jdk.zipfs jdk.compiler jdk.crypto.ec jdk.crypto.cryptoki jdk.crypto.mscapi jdk.dynalink jdk.internal.ed jdk.editpad jdk.hotspot.agent jdk.httpserver jdk.internal.le jdk.internal.vm.ci jdk.internal.vm.compiler jdk.internal.vm.compiler.management jdk.jartool jdk.javadoc jdk.jcmd jdk.management jdk.management.agent jdk.jconsole jdk.jdeps jdk.jdwp.agent jdk.jdi jdk.jfr jdk.jshell jdk.jsobject jdk.jstatd jdk.localedata jdk.management.jfr jdk.naming.dns jdk.naming.rmi jdk.net jdk.nio.mapmode jdk.random jdk.sctp jdk.security.auth jdk.security.jgss jdk.unsupported jdk.unsupported.desktop jdk.xml.dom" 

Environment Variables:
PATH=C:\Program Files\Common Files\Oracle\Java\javapath;C:\windows\system32;C:\windows;C:\windows\System32\Wbem;C:\windows\System32\WindowsPowerShell\v1.0\;C:\windows\System32\OpenSSH\;C:\Program Files (x86)\NVIDIA Corporation\PhysX\Common;C:\Program Files\NVIDIA Corporation\NVIDIA NvDLISR;C:\Users\Administrator\AppData\Local\Microsoft\WindowsApps;C:\Program Files\HP\OMEN-Broadcast\Common;C:\WINDOWS\system32;C:\WINDOWS;C:\WINDOWS\System32\Wbem;C:\WINDOWS\System32\WindowsPowerShell\v1.0\;C:\WINDOWS\System32\OpenSSH\;C:\src\flutter\bin;C:\Users\user5\AppData\Local\Android\Sdk\platform-tools;C:\Program Files\MySQL\MySQL Server 8.0\bin;C:\Program Files\Git\cmd;C:\Program Files\Git\mingw64\bin;C:\src\flutter\bin;C:\Program Files\Git\usr\bin;C:\Program Files\nodejs\;C:\Program Files\MySQL\MySQL Shell 8.0\bin\;C:\Users\user5\AppData\Local\Microsoft\WindowsApps;C:\Users\user5\AppData\Local\Programs\Microsoft VS Code\bin;C:\MinGW\bin;C:\Program Files\JetBrains\IntelliJ IDEA Community Edition 2025.1.1.1\bin;C:\Program Files\Git\cmd;;C:\Users\user5\AppData\Local\Programs\Antigravity IDE\bin;C:\Users\user5\AppData\Roaming\npm
USERNAME=User
OS=Windows_NT
PROCESSOR_IDENTIFIER=Intel64 Family 6 Model 154 Stepping 3, GenuineIntel
TMP=D:\temp
TEMP=D:\temp




Periodic native trim disabled

---------------  S Y S T E M  ---------------

OS:
 Windows 11 , 64 bit Build 26100 (10.0.26100.9444)
OS uptime: 1 days 22:57 hours
Hyper-V role detected

CPU: total 12 (initial active 12) (6 cores per cpu, 2 threads per core) family 6 model 154 stepping 3 microcode 0x435, cx8, cmov, fxsr, ht, mmx, 3dnowpref, sse, sse2, sse3, ssse3, sse4.1, sse4.2, popcnt, lzcnt, tsc, tscinvbit, avx, avx2, aes, erms, clmul, bmi1, bmi2, adx, sha, fma, vzeroupper, clflush, clflushopt, clwb, hv, serialize, rdtscp, rdpid, fsrm, f16c, cet_ibt, cet_ss
Processor Information for the first 12 processors :
  Max Mhz: 2000, Current Mhz: 2000, Mhz Limit: 2000

Memory: 4k page, system-wide physical 7832M (196M free)
TotalPageFile size 31384M (AvailPageFile size 7M)
current process WorkingSet (physical memory assigned to process): 183M, peak: 291M
current process commit charge ("private bytes"): 498M, peak: 503M

vm_info: OpenJDK 64-Bit Server VM (21.0.12.1+1-LTS) for windows-amd64 JRE (21.0.12.1+1-LTS), built on 2026-08-18T00:00:00Z by "admin" with MS VC++ 17.12 (VS2022)

END.
