#
# There is insufficient memory for the Java Runtime Environment to continue.
# Native memory allocation (malloc) failed to allocate 32744 bytes. Error detail: Chunk::new
# Possible reasons:
#   The system is out of physical RAM or swap space
#   This process is running with CompressedOops enabled, and the Java Heap may be blocking the growth of the native heap
# Possible solutions:
#   Reduce memory load on the system
#   Increase physical memory or swap space
#   Check if swap backing store is full
#   Decrease Java heap size (-Xmx/-Xms)
#   Decrease number of Java threads
#   Decrease Java thread stack sizes (-Xss)
#   Set larger code cache with -XX:ReservedCodeCacheSize=
#   JVM is running with Unscaled Compressed Oops mode in which the Java heap is
#     placed in the first 4GB address space. The Java Heap base address is the
#     maximum limit for the native heap growth. Please use -XX:HeapBaseMinAddress
#     to set the Java Heap base and to place the Java Heap above 4GB virtual address.
# This output file may be truncated or incomplete.
#
#  Out of Memory Error (arena.cpp:168), pid=31256, tid=36680
#
# JRE version: OpenJDK Runtime Environment Temurin-21.0.12.1+1 (21.0.12.1+1) (build 21.0.12.1+1-LTS)
# Java VM: OpenJDK 64-Bit Server VM Temurin-21.0.12.1+1 (21.0.12.1+1-LTS, mixed mode, sharing, tiered, compressed oops, compressed class ptrs, g1 gc, windows-amd64)
# No core dump will be written. Minidumps are not enabled by default on client versions of Windows
#

---------------  S U M M A R Y ------------

Command Line: --add-opens=java.base/java.lang=ALL-UNNAMED --add-opens=java.base/java.lang.invoke=ALL-UNNAMED --add-opens=java.base/java.util=ALL-UNNAMED --add-opens=java.prefs/java.util.prefs=ALL-UNNAMED --add-exports=jdk.compiler/com.sun.tools.javac.api=ALL-UNNAMED --add-exports=jdk.compiler/com.sun.tools.javac.util=ALL-UNNAMED --add-opens=java.base/java.util=ALL-UNNAMED --add-opens=java.prefs/java.util.prefs=ALL-UNNAMED --add-opens=java.base/java.nio.charset=ALL-UNNAMED --add-opens=java.base/java.net=ALL-UNNAMED --add-opens=java.base/java.util.concurrent.atomic=ALL-UNNAMED --add-opens=java.xml/javax.xml.namespace=ALL-UNNAMED -XX:MaxMetaspaceSize=512m -XX:ReservedCodeCacheSize=256m -XX:+HeapDumpOnOutOfMemoryError -Xmx2G -Dfile.encoding=UTF-8 -Duser.country=IN -Duser.language=en -Duser.variant -javaagent:D:\gradle_cache\wrapper\dists\gradle-8.12-all\ejduaidbjup3bmmkhw3rie4zb\gradle-8.12\lib\agents\gradle-instrumentation-agent-8.12.jar org.gradle.launcher.daemon.bootstrap.GradleDaemon 8.12

Host: 12th Gen Intel(R) Core(TM) i5-12450H, 12 cores, 7G,  Windows 11 , 64 bit Build 26100 (10.0.26100.9444)
Time: Sun Sep 13 18:15:11 2026 India Standard Time elapsed time: 74.403020 seconds (0d 0h 1m 14s)

---------------  T H R E A D  ---------------

Current thread (0x0000023fb8b02a70):  JavaThread "C1 CompilerThread0" daemon [_thread_in_native, id=36680, stack(0x000000589ff00000,0x00000058a0000000) (1024K)]


Current CompileTask:
C1:74403 11986   !   3       kotlin.reflect.jvm.internal.impl.metadata.ProtoBuf$Class::<init> (2853 bytes)

Stack: [0x000000589ff00000,0x00000058a0000000]
Native frames: (J=compiled Java code, j=interpreted, Vv=VM code, C=native code)
V  [jvm.dll+0x6d83e9]
V  [jvm.dll+0x8b5736]
V  [jvm.dll+0x8b7cee]
V  [jvm.dll+0x8b83d3]
V  [jvm.dll+0x284596]
V  [jvm.dll+0xc685d]
V  [jvm.dll+0xc6da1]
V  [jvm.dll+0x19d7b1]
V  [jvm.dll+0x1a0665]
V  [jvm.dll+0x1a0c43]
V  [jvm.dll+0x199268]
V  [jvm.dll+0x19879d]
V  [jvm.dll+0x1a174b]
V  [jvm.dll+0x1998b2]
V  [jvm.dll+0x19c8e2]
V  [jvm.dll+0x157515]
V  [jvm.dll+0x156db7]
V  [jvm.dll+0x156fe4]
V  [jvm.dll+0x1563fc]
V  [jvm.dll+0x15818d]
V  [jvm.dll+0x25baad]
V  [jvm.dll+0x25a03a]
V  [jvm.dll+0x3f8aae]
V  [jvm.dll+0x8600cd]
V  [jvm.dll+0x6d6c1d]
C  [ucrtbase.dll+0x2cd30]
C  [KERNEL32.DLL+0x2cd87]
C  [ntdll.dll+0xacaec]


---------------  P R O C E S S  ---------------

Threads class SMR info:
_java_thread_list=0x0000023fdda4b530, length=151, elements={
0x0000023f9ff0fb40, 0x0000023fb8abf460, 0x0000023fb8ac0ce0, 0x0000023fb8ac5e50,
0x0000023fb8ac88c0, 0x0000023fb8accbf0, 0x0000023fb8aceb10, 0x0000023fb8b00450,
0x0000023fb8b02a70, 0x0000023fb8c9b090, 0x0000023fb8db5040, 0x0000023fd87c3090,
0x0000023fd94779b0, 0x0000023fb8b4fc50, 0x0000023fd9753b40, 0x0000023fd811f1e0,
0x0000023fb8e10440, 0x0000023fb8e13230, 0x0000023fb8e10ad0, 0x0000023fb8e0fdb0,
0x0000023fb8e11160, 0x0000023fb8e117f0, 0x0000023fb8e11e80, 0x0000023fb8e12510,
0x0000023fb8e12ba0, 0x0000023fda72c880, 0x0000023fda729a90, 0x0000023fda72d5a0,
0x0000023fda72cf10, 0x0000023fda72bb60, 0x0000023fda72e2c0, 0x0000023fda72ae40,
0x0000023fda72e950, 0x0000023fda72f670, 0x0000023fda730a20, 0x0000023fda7310b0,
0x0000023fda730390, 0x0000023fd966d1b0, 0x0000023fd966b0e0, 0x0000023fd966be00,
0x0000023fd966ebf0, 0x0000023fd966b770, 0x0000023fd966cb20, 0x0000023fd966d840,
0x0000023fd966f910, 0x0000023fd966f280, 0x0000023fd966ded0, 0x0000023fd966e560,
0x0000023fd966c490, 0x0000023fd966ffa0, 0x0000023fd96719e0, 0x0000023fd9672700,
0x0000023fd9672070, 0x0000023fd9670630, 0x0000023fd9670cc0, 0x0000023fd9671350,
0x0000023fdb4ab8c0, 0x0000023fdb4a9e80, 0x0000023fdb4ab230, 0x0000023fdb4abf50,
0x0000023fdb4a8ad0, 0x0000023fdb4ac5e0, 0x0000023fdb4a9160, 0x0000023fdb4a97f0,
0x0000023fdb4acc70, 0x0000023fdb4ad990, 0x0000023fdb4ad300, 0x0000023fdb4aa510,
0x0000023fda0350e0, 0x0000023fda038bf0, 0x0000023fda036b20, 0x0000023fda0371b0,
0x0000023fda035770, 0x0000023fda037840, 0x0000023fda037ed0, 0x0000023fda039280,
0x0000023fda039910, 0x0000023fdb4aed40, 0x0000023fdb4afa60, 0x0000023fdb4b00f0,
0x0000023fde3e7c60, 0x0000023fde3e9010, 0x0000023fde3eaa50, 0x0000023fde3e75d0,
0x0000023fde3eb0e0, 0x0000023fde3e8980, 0x0000023fde3eb770, 0x0000023fde3e82f0,
0x0000023fde3ecb20, 0x0000023fde3ebe00, 0x0000023fde3e96a0, 0x0000023fde3ed1b0,
0x0000023fde3ec490, 0x0000023fde3e9d30, 0x0000023fde3ed840, 0x0000023fde3ea3c0,
0x0000023fde3eded0, 0x0000023fde3ee560, 0x0000023fde3eebf0, 0x0000023fda033010,
0x0000023fda034a50, 0x0000023fda038560, 0x0000023fda11c8f0, 0x0000023fda11cf80,
0x0000023fda11bbd0, 0x0000023fda11d610, 0x0000023fda11a820, 0x0000023fda11dca0,
0x0000023fda11c260, 0x0000023fda11e330, 0x0000023fda11aeb0, 0x0000023fda11e9c0,
0x0000023fda11b540, 0x0000023fda121e40, 0x0000023fda11f050, 0x0000023fda11f6e0,
0x0000023fda120400, 0x0000023fda1217b0, 0x0000023fda121120, 0x0000023fda120a90,
0x0000023fdd2b92c0, 0x0000023fdd2b7f10, 0x0000023fdd2b9950, 0x0000023fdd2b9fe0,
0x0000023fdd2ba670, 0x0000023fdd2b71f0, 0x0000023fdd2b85a0, 0x0000023fdd2bad00,
0x0000023fdd2b8c30, 0x0000023fdd2b7880, 0x0000023fdd2bc0b0, 0x0000023fdd2bc740,
0x0000023fdd2bcdd0, 0x0000023fdd2be810, 0x0000023fdd2bd460, 0x0000023fdd2bdaf0,
0x0000023fdd2bb390, 0x0000023fdd2be180, 0x0000023fdd2bba20, 0x0000023fda810f80,
0x0000023fda811ca0, 0x0000023fda811610, 0x0000023fda8129c0, 0x0000023fda8136e0,
0x0000023fda8108f0, 0x0000023fda814a90, 0x0000023fda8157b0, 0x0000023fda813d70,
0x0000023fda813050, 0x0000023fda814400, 0x0000023fda8171f0
}

Java Threads: ( => current thread )
  0x0000023f9ff0fb40 JavaThread "main"                              [_thread_blocked, id=31656, stack(0x000000589f000000,0x000000589f100000) (1024K)]
  0x0000023fb8abf460 JavaThread "Reference Handler"          daemon [_thread_blocked, id=29008, stack(0x000000589f800000,0x000000589f900000) (1024K)]
  0x0000023fb8ac0ce0 JavaThread "Finalizer"                  daemon [_thread_blocked, id=4556, stack(0x000000589f900000,0x000000589fa00000) (1024K)]
  0x0000023fb8ac5e50 JavaThread "Signal Dispatcher"          daemon [_thread_blocked, id=33320, stack(0x000000589fa00000,0x000000589fb00000) (1024K)]
  0x0000023fb8ac88c0 JavaThread "Attach Listener"            daemon [_thread_blocked, id=37000, stack(0x000000589fb00000,0x000000589fc00000) (1024K)]
  0x0000023fb8accbf0 JavaThread "Service Thread"             daemon [_thread_blocked, id=30560, stack(0x000000589fc00000,0x000000589fd00000) (1024K)]
  0x0000023fb8aceb10 JavaThread "Monitor Deflation Thread"   daemon [_thread_blocked, id=33408, stack(0x000000589fd00000,0x000000589fe00000) (1024K)]
  0x0000023fb8b00450 JavaThread "C2 CompilerThread0"         daemon [_thread_blocked, id=32644, stack(0x000000589fe00000,0x000000589ff00000) (1024K)]
=>0x0000023fb8b02a70 JavaThread "C1 CompilerThread0"         daemon [_thread_in_native, id=36680, stack(0x000000589ff00000,0x00000058a0000000) (1024K)]
  0x0000023fb8c9b090 JavaThread "Common-Cleaner"             daemon [_thread_blocked, id=37456, stack(0x00000058a0000000,0x00000058a0100000) (1024K)]
  0x0000023fb8db5040 JavaThread "Notification Thread"        daemon [_thread_blocked, id=34196, stack(0x00000058a0100000,0x00000058a0200000) (1024K)]
  0x0000023fd87c3090 JavaThread "Daemon health stats"               [_thread_blocked, id=28856, stack(0x00000058a0900000,0x00000058a0a00000) (1024K)]
  0x0000023fd94779b0 JavaThread "Incoming local TCP Connector on port 53663"        [_thread_in_native, id=35664, stack(0x00000058a0a00000,0x00000058a0b00000) (1024K)]
  0x0000023fb8b4fc50 JavaThread "Daemon periodic checks"            [_thread_blocked, id=32656, stack(0x00000058a0b00000,0x00000058a0c00000) (1024K)]
  0x0000023fd9753b40 JavaThread "Daemon"                            [_thread_blocked, id=36236, stack(0x00000058a0c00000,0x00000058a0d00000) (1024K)]
  0x0000023fd811f1e0 JavaThread "Handler for socket connection from /127.0.0.1:53663 to /127.0.0.1:53664"        [_thread_in_native, id=14540, stack(0x00000058a0d00000,0x00000058a0e00000) (1024K)]
  0x0000023fb8e10440 JavaThread "Cancel handler"                    [_thread_blocked, id=22204, stack(0x00000058a0e00000,0x00000058a0f00000) (1024K)]
  0x0000023fb8e13230 JavaThread "Daemon worker"                     [_thread_in_Java, id=14880, stack(0x00000058a0f00000,0x00000058a1000000) (1024K)]
  0x0000023fb8e10ad0 JavaThread "Asynchronous log dispatcher for DefaultDaemonConnection: socket connection from /127.0.0.1:53663 to /127.0.0.1:53664"        [_thread_blocked, id=31336, stack(0x00000058a1000000,0x00000058a1100000) (1024K)]
  0x0000023fb8e0fdb0 JavaThread "Stdin handler"                     [_thread_blocked, id=35468, stack(0x00000058a1100000,0x00000058a1200000) (1024K)]
  0x0000023fb8e11160 JavaThread "Daemon client event forwarder"        [_thread_blocked, id=17336, stack(0x00000058a1200000,0x00000058a1300000) (1024K)]
  0x0000023fb8e117f0 JavaThread "Cache worker for journal cache (D:\gradle_cache\caches\journal-1)"        [_thread_blocked, id=2952, stack(0x00000058a1300000,0x00000058a1400000) (1024K)]
  0x0000023fb8e11e80 JavaThread "File lock request listener"        [_thread_in_native, id=13796, stack(0x00000058a1400000,0x00000058a1500000) (1024K)]
  0x0000023fb8e12510 JavaThread "Cache worker for file hash cache (D:\gradle_cache\caches\8.12\fileHashes)"        [_thread_blocked, id=18328, stack(0x00000058a1500000,0x00000058a1600000) (1024K)]
  0x0000023fb8e12ba0 JavaThread "File lock release action executor"        [_thread_blocked, id=22468, stack(0x00000058a1600000,0x00000058a1700000) (1024K)]
  0x0000023fda72c880 JavaThread "Cache worker for file hash cache (D:\pranjal\electricity_billing\mobile\android\.gradle\8.12\fileHashes)"        [_thread_blocked, id=14992, stack(0x00000058a1c00000,0x00000058a1d00000) (1024K)]
  0x0000023fda729a90 JavaThread "Cache worker for Build Output Cleanup Cache (D:\pranjal\electricity_billing\mobile\android\.gradle\buildOutputCleanup)"        [_thread_blocked, id=22656, stack(0x00000058a1d00000,0x00000058a1e00000) (1024K)]
  0x0000023fda72d5a0 JavaThread "File watcher server"        daemon [_thread_in_native, id=30432, stack(0x00000058a1e00000,0x00000058a1f00000) (1024K)]
  0x0000023fda72cf10 JavaThread "File watcher consumer"      daemon [_thread_blocked, id=27932, stack(0x00000058a1f00000,0x00000058a2000000) (1024K)]
  0x0000023fda72bb60 JavaThread "Cache worker for checksums cache (D:\pranjal\electricity_billing\mobile\android\.gradle\8.12\checksums)"        [_thread_blocked, id=11488, stack(0x00000058a2000000,0x00000058a2100000) (1024K)]
  0x0000023fda72e2c0 JavaThread "Cache worker for file content cache (D:\gradle_cache\caches\8.12\fileContent)"        [_thread_blocked, id=25412, stack(0x00000058a2100000,0x00000058a2200000) (1024K)]
  0x0000023fda72ae40 JavaThread "Cache worker for cache directory md-rule (D:\gradle_cache\caches\8.12\md-rule)"        [_thread_blocked, id=10600, stack(0x00000058a1700000,0x00000058a1800000) (1024K)]
  0x0000023fda72e950 JavaThread "Cache worker for cache directory md-supplier (D:\gradle_cache\caches\8.12\md-supplier)"        [_thread_blocked, id=28648, stack(0x00000058a2200000,0x00000058a2300000) (1024K)]
  0x0000023fda72f670 JavaThread "Cache worker for Build Output Cleanup Cache (C:\src\flutter\packages\flutter_tools\gradle\.gradle\buildOutputCleanup)"        [_thread_blocked, id=17912, stack(0x00000058a2400000,0x00000058a2500000) (1024K)]
  0x0000023fda730a20 JavaThread "Unconstrained build operations"        [_thread_blocked, id=26596, stack(0x00000058a2300000,0x00000058a2400000) (1024K)]
  0x0000023fda7310b0 JavaThread "Unconstrained build operations Thread 2"        [_thread_blocked, id=36028, stack(0x00000058a2500000,0x00000058a2600000) (1024K)]
  0x0000023fda730390 JavaThread "Unconstrained build operations Thread 3"        [_thread_blocked, id=31396, stack(0x00000058a2600000,0x00000058a2700000) (1024K)]
  0x0000023fd966d1b0 JavaThread "Unconstrained build operations Thread 4"        [_thread_blocked, id=21712, stack(0x00000058a2700000,0x00000058a2800000) (1024K)]
  0x0000023fd966b0e0 JavaThread "Unconstrained build operations Thread 5"        [_thread_blocked, id=31844, stack(0x00000058a2800000,0x00000058a2900000) (1024K)]
  0x0000023fd966be00 JavaThread "Unconstrained build operations Thread 6"        [_thread_blocked, id=27236, stack(0x00000058a2900000,0x00000058a2a00000) (1024K)]
  0x0000023fd966ebf0 JavaThread "Unconstrained build operations Thread 7"        [_thread_blocked, id=13824, stack(0x00000058a2a00000,0x00000058a2b00000) (1024K)]
  0x0000023fd966b770 JavaThread "Unconstrained build operations Thread 8"        [_thread_blocked, id=27552, stack(0x00000058a2b00000,0x00000058a2c00000) (1024K)]
  0x0000023fd966cb20 JavaThread "Unconstrained build operations Thread 9"        [_thread_blocked, id=35320, stack(0x00000058a2c00000,0x00000058a2d00000) (1024K)]
  0x0000023fd966d840 JavaThread "Unconstrained build operations Thread 10"        [_thread_blocked, id=32336, stack(0x00000058a2d00000,0x00000058a2e00000) (1024K)]
  0x0000023fd966f910 JavaThread "Unconstrained build operations Thread 11"        [_thread_blocked, id=23088, stack(0x00000058a2e00000,0x00000058a2f00000) (1024K)]
  0x0000023fd966f280 JavaThread "Unconstrained build operations Thread 12"        [_thread_blocked, id=15456, stack(0x00000058a2f00000,0x00000058a3000000) (1024K)]
  0x0000023fd966ded0 JavaThread "Unconstrained build operations Thread 13"        [_thread_blocked, id=11292, stack(0x00000058a3000000,0x00000058a3100000) (1024K)]
  0x0000023fd966e560 JavaThread "Unconstrained build operations Thread 14"        [_thread_blocked, id=35776, stack(0x00000058a3100000,0x00000058a3200000) (1024K)]
  0x0000023fd966c490 JavaThread "Unconstrained build operations Thread 15"        [_thread_blocked, id=35512, stack(0x00000058a3200000,0x00000058a3300000) (1024K)]
  0x0000023fd966ffa0 JavaThread "Unconstrained build operations Thread 16"        [_thread_blocked, id=10556, stack(0x00000058a3300000,0x00000058a3400000) (1024K)]
  0x0000023fd96719e0 JavaThread "Unconstrained build operations Thread 17"        [_thread_blocked, id=10532, stack(0x00000058a3400000,0x00000058a3500000) (1024K)]
  0x0000023fd9672700 JavaThread "Unconstrained build operations Thread 18"        [_thread_blocked, id=32240, stack(0x00000058a3500000,0x00000058a3600000) (1024K)]
  0x0000023fd9672070 JavaThread "Unconstrained build operations Thread 19"        [_thread_blocked, id=24648, stack(0x00000058a3600000,0x00000058a3700000) (1024K)]
  0x0000023fd9670630 JavaThread "Unconstrained build operations Thread 20"        [_thread_blocked, id=36480, stack(0x00000058a3700000,0x00000058a3800000) (1024K)]
  0x0000023fd9670cc0 JavaThread "Unconstrained build operations Thread 21"        [_thread_blocked, id=13740, stack(0x00000058a3800000,0x00000058a3900000) (1024K)]
  0x0000023fd9671350 JavaThread "Unconstrained build operations Thread 22"        [_thread_blocked, id=24392, stack(0x00000058a3900000,0x00000058a3a00000) (1024K)]
  0x0000023fdb4ab8c0 JavaThread "Unconstrained build operations Thread 23"        [_thread_blocked, id=32268, stack(0x00000058a3a00000,0x00000058a3b00000) (1024K)]
  0x0000023fdb4a9e80 JavaThread "Unconstrained build operations Thread 24"        [_thread_blocked, id=10876, stack(0x00000058a3b00000,0x00000058a3c00000) (1024K)]
  0x0000023fdb4ab230 JavaThread "Unconstrained build operations Thread 25"        [_thread_blocked, id=15188, stack(0x00000058a3c00000,0x00000058a3d00000) (1024K)]
  0x0000023fdb4abf50 JavaThread "Unconstrained build operations Thread 26"        [_thread_blocked, id=30636, stack(0x00000058a3d00000,0x00000058a3e00000) (1024K)]
  0x0000023fdb4a8ad0 JavaThread "Unconstrained build operations Thread 27"        [_thread_blocked, id=19024, stack(0x00000058a3e00000,0x00000058a3f00000) (1024K)]
  0x0000023fdb4ac5e0 JavaThread "Unconstrained build operations Thread 28"        [_thread_blocked, id=22024, stack(0x00000058a3f00000,0x00000058a4000000) (1024K)]
  0x0000023fdb4a9160 JavaThread "Unconstrained build operations Thread 29"        [_thread_blocked, id=15980, stack(0x00000058a4000000,0x00000058a4100000) (1024K)]
  0x0000023fdb4a97f0 JavaThread "Unconstrained build operations Thread 30"        [_thread_blocked, id=35572, stack(0x00000058a4100000,0x00000058a4200000) (1024K)]
  0x0000023fdb4acc70 JavaThread "Unconstrained build operations Thread 31"        [_thread_blocked, id=28344, stack(0x00000058a4200000,0x00000058a4300000) (1024K)]
  0x0000023fdb4ad990 JavaThread "Unconstrained build operations Thread 32"        [_thread_blocked, id=29404, stack(0x00000058a4300000,0x00000058a4400000) (1024K)]
  0x0000023fdb4ad300 JavaThread "Unconstrained build operations Thread 33"        [_thread_blocked, id=12444, stack(0x00000058a4400000,0x00000058a4500000) (1024K)]
  0x0000023fdb4aa510 JavaThread "Memory manager"                    [_thread_blocked, id=22232, stack(0x00000058a4500000,0x00000058a4600000) (1024K)]
  0x0000023fda0350e0 JavaThread "build event listener"              [_thread_blocked, id=36876, stack(0x00000058a4600000,0x00000058a4700000) (1024K)]
  0x0000023fda038bf0 JavaThread "included builds"                   [_thread_blocked, id=37696, stack(0x00000058a4700000,0x00000058a4800000) (1024K)]
  0x0000023fda036b20 JavaThread "Execution worker"                  [_thread_blocked, id=16596, stack(0x00000058a4800000,0x00000058a4900000) (1024K)]
  0x0000023fda0371b0 JavaThread "Execution worker Thread 2"         [_thread_blocked, id=37852, stack(0x00000058a4900000,0x00000058a4a00000) (1024K)]
  0x0000023fda035770 JavaThread "Execution worker Thread 3"         [_thread_blocked, id=23640, stack(0x00000058a4a00000,0x00000058a4b00000) (1024K)]
  0x0000023fda037840 JavaThread "Execution worker Thread 4"         [_thread_blocked, id=22420, stack(0x00000058a4b00000,0x00000058a4c00000) (1024K)]
  0x0000023fda037ed0 JavaThread "Execution worker Thread 5"         [_thread_blocked, id=28864, stack(0x00000058a4c00000,0x00000058a4d00000) (1024K)]
  0x0000023fda039280 JavaThread "Execution worker Thread 6"         [_thread_blocked, id=21948, stack(0x00000058a4d00000,0x00000058a4e00000) (1024K)]
  0x0000023fda039910 JavaThread "Execution worker Thread 7"         [_thread_blocked, id=16844, stack(0x00000058a4e00000,0x00000058a4f00000) (1024K)]
  0x0000023fdb4aed40 JavaThread "Execution worker Thread 8"         [_thread_blocked, id=34432, stack(0x00000058a4f00000,0x00000058a5000000) (1024K)]
  0x0000023fdb4afa60 JavaThread "Execution worker Thread 9"         [_thread_blocked, id=34908, stack(0x00000058a5000000,0x00000058a5100000) (1024K)]
  0x0000023fdb4b00f0 JavaThread "Execution worker Thread 10"        [_thread_blocked, id=8768, stack(0x00000058a5100000,0x00000058a5200000) (1024K)]
  0x0000023fde3e7c60 JavaThread "Execution worker Thread 11"        [_thread_blocked, id=25628, stack(0x00000058a5200000,0x00000058a5300000) (1024K)]
  0x0000023fde3e9010 JavaThread "Cache worker for execution history cache (C:\src\flutter\packages\flutter_tools\gradle\.gradle\8.12\executionHistory)"        [_thread_blocked, id=33652, stack(0x00000058a5300000,0x00000058a5400000) (1024K)]
  0x0000023fde3eaa50 JavaThread "Unconstrained build operations Thread 34"        [_thread_blocked, id=29484, stack(0x00000058a5400000,0x00000058a5500000) (1024K)]
  0x0000023fde3e75d0 JavaThread "Unconstrained build operations Thread 35"        [_thread_blocked, id=36736, stack(0x00000058a5500000,0x00000058a5600000) (1024K)]
  0x0000023fde3eb0e0 JavaThread "Unconstrained build operations Thread 36"        [_thread_blocked, id=34904, stack(0x00000058a5600000,0x00000058a5700000) (1024K)]
  0x0000023fde3e8980 JavaThread "Unconstrained build operations Thread 37"        [_thread_blocked, id=22328, stack(0x00000058a5700000,0x00000058a5800000) (1024K)]
  0x0000023fde3eb770 JavaThread "Unconstrained build operations Thread 38"        [_thread_blocked, id=30424, stack(0x00000058a5800000,0x00000058a5900000) (1024K)]
  0x0000023fde3e82f0 JavaThread "Unconstrained build operations Thread 39"        [_thread_blocked, id=16612, stack(0x00000058a5900000,0x00000058a5a00000) (1024K)]
  0x0000023fde3ecb20 JavaThread "Unconstrained build operations Thread 40"        [_thread_blocked, id=8348, stack(0x00000058a5a00000,0x00000058a5b00000) (1024K)]
  0x0000023fde3ebe00 JavaThread "Unconstrained build operations Thread 41"        [_thread_blocked, id=31100, stack(0x00000058a5b00000,0x00000058a5c00000) (1024K)]
  0x0000023fde3e96a0 JavaThread "Unconstrained build operations Thread 42"        [_thread_blocked, id=35372, stack(0x00000058a5c00000,0x00000058a5d00000) (1024K)]
  0x0000023fde3ed1b0 JavaThread "Unconstrained build operations Thread 43"        [_thread_blocked, id=32360, stack(0x00000058a5d00000,0x00000058a5e00000) (1024K)]
  0x0000023fde3ec490 JavaThread "Unconstrained build operations Thread 44"        [_thread_blocked, id=19908, stack(0x00000058a5e00000,0x00000058a5f00000) (1024K)]
  0x0000023fde3e9d30 JavaThread "Unconstrained build operations Thread 45"        [_thread_blocked, id=4916, stack(0x00000058a5f00000,0x00000058a6000000) (1024K)]
  0x0000023fde3ed840 JavaThread "Unconstrained build operations Thread 46"        [_thread_blocked, id=33548, stack(0x00000058a6000000,0x00000058a6100000) (1024K)]
  0x0000023fde3ea3c0 JavaThread "Unconstrained build operations Thread 47"        [_thread_blocked, id=16072, stack(0x00000058a6100000,0x00000058a6200000) (1024K)]
  0x0000023fde3eded0 JavaThread "Unconstrained build operations Thread 48"        [_thread_blocked, id=4280, stack(0x00000058a6200000,0x00000058a6300000) (1024K)]
  0x0000023fde3ee560 JavaThread "Unconstrained build operations Thread 49"        [_thread_blocked, id=36572, stack(0x00000058a6300000,0x00000058a6400000) (1024K)]
  0x0000023fde3eebf0 JavaThread "Unconstrained build operations Thread 50"        [_thread_blocked, id=37708, stack(0x00000058a6400000,0x00000058a6500000) (1024K)]
  0x0000023fda033010 JavaThread "Unconstrained build operations Thread 51"        [_thread_blocked, id=21892, stack(0x00000058a6500000,0x00000058a6600000) (1024K)]
  0x0000023fda034a50 JavaThread "Unconstrained build operations Thread 52"        [_thread_blocked, id=15176, stack(0x00000058a6600000,0x00000058a6700000) (1024K)]
  0x0000023fda038560 JavaThread "Unconstrained build operations Thread 53"        [_thread_blocked, id=22800, stack(0x00000058a6700000,0x00000058a6800000) (1024K)]
  0x0000023fda11c8f0 JavaThread "Unconstrained build operations Thread 54"        [_thread_blocked, id=29272, stack(0x00000058a6800000,0x00000058a6900000) (1024K)]
  0x0000023fda11cf80 JavaThread "Unconstrained build operations Thread 55"        [_thread_blocked, id=29212, stack(0x00000058a6900000,0x00000058a6a00000) (1024K)]
  0x0000023fda11bbd0 JavaThread "Unconstrained build operations Thread 56"        [_thread_blocked, id=36324, stack(0x00000058a6a00000,0x00000058a6b00000) (1024K)]
  0x0000023fda11d610 JavaThread "Unconstrained build operations Thread 57"        [_thread_blocked, id=10856, stack(0x00000058a6b00000,0x00000058a6c00000) (1024K)]
  0x0000023fda11a820 JavaThread "Unconstrained build operations Thread 58"        [_thread_blocked, id=35228, stack(0x00000058a6c00000,0x00000058a6d00000) (1024K)]
  0x0000023fda11dca0 JavaThread "Unconstrained build operations Thread 59"        [_thread_blocked, id=23372, stack(0x00000058a6d00000,0x00000058a6e00000) (1024K)]
  0x0000023fda11c260 JavaThread "Unconstrained build operations Thread 60"        [_thread_blocked, id=30852, stack(0x00000058a6e00000,0x00000058a6f00000) (1024K)]
  0x0000023fda11e330 JavaThread "Unconstrained build operations Thread 61"        [_thread_blocked, id=24420, stack(0x00000058a6f00000,0x00000058a7000000) (1024K)]
  0x0000023fda11aeb0 JavaThread "Unconstrained build operations Thread 62"        [_thread_blocked, id=22968, stack(0x00000058a7000000,0x00000058a7100000) (1024K)]
  0x0000023fda11e9c0 JavaThread "Unconstrained build operations Thread 63"        [_thread_blocked, id=27176, stack(0x00000058a7100000,0x00000058a7200000) (1024K)]
  0x0000023fda11b540 JavaThread "Unconstrained build operations Thread 64"        [_thread_blocked, id=36304, stack(0x00000058a7200000,0x00000058a7300000) (1024K)]
  0x0000023fda121e40 JavaThread "Unconstrained build operations Thread 65"        [_thread_blocked, id=9932, stack(0x00000058a7300000,0x00000058a7400000) (1024K)]
  0x0000023fda11f050 JavaThread "Unconstrained build operations Thread 66"        [_thread_blocked, id=32624, stack(0x00000058a7400000,0x00000058a7500000) (1024K)]
  0x0000023fda11f6e0 JavaThread "Unconstrained build operations Thread 67"        [_thread_blocked, id=21868, stack(0x00000058a7500000,0x00000058a7600000) (1024K)]
  0x0000023fda120400 JavaThread "Unconstrained build operations Thread 68"        [_thread_blocked, id=19012, stack(0x00000058a7600000,0x00000058a7700000) (1024K)]
  0x0000023fda1217b0 JavaThread "Unconstrained build operations Thread 69"        [_thread_blocked, id=34292, stack(0x00000058a7700000,0x00000058a7800000) (1024K)]
  0x0000023fda121120 JavaThread "Unconstrained build operations Thread 70"        [_thread_blocked, id=5996, stack(0x00000058a7800000,0x00000058a7900000) (1024K)]
  0x0000023fda120a90 JavaThread "Unconstrained build operations Thread 71"        [_thread_blocked, id=23220, stack(0x00000058a7900000,0x00000058a7a00000) (1024K)]
  0x0000023fdd2b92c0 JavaThread "Unconstrained build operations Thread 72"        [_thread_blocked, id=37224, stack(0x00000058a7a00000,0x00000058a7b00000) (1024K)]
  0x0000023fdd2b7f10 JavaThread "Unconstrained build operations Thread 73"        [_thread_blocked, id=35552, stack(0x00000058a7b00000,0x00000058a7c00000) (1024K)]
  0x0000023fdd2b9950 JavaThread "Unconstrained build operations Thread 74"        [_thread_blocked, id=29640, stack(0x00000058a7c00000,0x00000058a7d00000) (1024K)]
  0x0000023fdd2b9fe0 JavaThread "Unconstrained build operations Thread 75"        [_thread_blocked, id=36720, stack(0x00000058a7d00000,0x00000058a7e00000) (1024K)]
  0x0000023fdd2ba670 JavaThread "Unconstrained build operations Thread 76"        [_thread_blocked, id=23056, stack(0x00000058a7e00000,0x00000058a7f00000) (1024K)]
  0x0000023fdd2b71f0 JavaThread "Unconstrained build operations Thread 77"        [_thread_blocked, id=35104, stack(0x00000058a7f00000,0x00000058a8000000) (1024K)]
  0x0000023fdd2b85a0 JavaThread "Unconstrained build operations Thread 78"        [_thread_blocked, id=27032, stack(0x00000058a8000000,0x00000058a8100000) (1024K)]
  0x0000023fdd2bad00 JavaThread "Unconstrained build operations Thread 79"        [_thread_blocked, id=9372, stack(0x00000058a8100000,0x00000058a8200000) (1024K)]
  0x0000023fdd2b8c30 JavaThread "Unconstrained build operations Thread 80"        [_thread_blocked, id=34412, stack(0x00000058a8200000,0x00000058a8300000) (1024K)]
  0x0000023fdd2b7880 JavaThread "Unconstrained build operations Thread 81"        [_thread_blocked, id=33036, stack(0x00000058a8300000,0x00000058a8400000) (1024K)]
  0x0000023fdd2bc0b0 JavaThread "Unconstrained build operations Thread 82"        [_thread_blocked, id=31320, stack(0x00000058a8400000,0x00000058a8500000) (1024K)]
  0x0000023fdd2bc740 JavaThread "Unconstrained build operations Thread 83"        [_thread_blocked, id=23956, stack(0x00000058a8500000,0x00000058a8600000) (1024K)]
  0x0000023fdd2bcdd0 JavaThread "Unconstrained build operations Thread 84"        [_thread_blocked, id=4216, stack(0x00000058a8600000,0x00000058a8700000) (1024K)]
  0x0000023fdd2be810 JavaThread "Unconstrained build operations Thread 85"        [_thread_blocked, id=31280, stack(0x00000058a8700000,0x00000058a8800000) (1024K)]
  0x0000023fdd2bd460 JavaThread "Unconstrained build operations Thread 86"        [_thread_blocked, id=25860, stack(0x00000058a8800000,0x00000058a8900000) (1024K)]
  0x0000023fdd2bdaf0 JavaThread "Unconstrained build operations Thread 87"        [_thread_blocked, id=36172, stack(0x00000058a8900000,0x00000058a8a00000) (1024K)]
  0x0000023fdd2bb390 JavaThread "Unconstrained build operations Thread 88"        [_thread_blocked, id=33748, stack(0x00000058a8a00000,0x00000058a8b00000) (1024K)]
  0x0000023fdd2be180 JavaThread "Unconstrained build operations Thread 89"        [_thread_blocked, id=33800, stack(0x00000058a8b00000,0x00000058a8c00000) (1024K)]
  0x0000023fdd2bba20 JavaThread "Unconstrained build operations Thread 90"        [_thread_blocked, id=33860, stack(0x00000058a8c00000,0x00000058a8d00000) (1024K)]
  0x0000023fda810f80 JavaThread "Unconstrained build operations Thread 91"        [_thread_blocked, id=30228, stack(0x00000058a8d00000,0x00000058a8e00000) (1024K)]
  0x0000023fda811ca0 JavaThread "Unconstrained build operations Thread 92"        [_thread_blocked, id=9648, stack(0x00000058a8e00000,0x00000058a8f00000) (1024K)]
  0x0000023fda811610 JavaThread "Unconstrained build operations Thread 93"        [_thread_blocked, id=30108, stack(0x00000058a8f00000,0x00000058a9000000) (1024K)]
  0x0000023fda8129c0 JavaThread "Unconstrained build operations Thread 94"        [_thread_blocked, id=29812, stack(0x00000058a9000000,0x00000058a9100000) (1024K)]
  0x0000023fda8136e0 JavaThread "Unconstrained build operations Thread 95"        [_thread_blocked, id=8124, stack(0x00000058a9100000,0x00000058a9200000) (1024K)]
  0x0000023fda8108f0 JavaThread "Unconstrained build operations Thread 96"        [_thread_blocked, id=13668, stack(0x00000058a9200000,0x00000058a9300000) (1024K)]
  0x0000023fda814a90 JavaThread "Unconstrained build operations Thread 97"        [_thread_blocked, id=3496, stack(0x00000058a9300000,0x00000058a9400000) (1024K)]
  0x0000023fda8157b0 JavaThread "Unconstrained build operations Thread 98"        [_thread_blocked, id=19416, stack(0x00000058a9400000,0x00000058a9500000) (1024K)]
  0x0000023fda813d70 JavaThread "Unconstrained build operations Thread 99"        [_thread_blocked, id=32596, stack(0x00000058a9500000,0x00000058a9600000) (1024K)]
  0x0000023fda813050 JavaThread "Unconstrained build operations Thread 100"        [_thread_blocked, id=25016, stack(0x00000058a9600000,0x00000058a9700000) (1024K)]
  0x0000023fda814400 JavaThread "Unconstrained build operations Thread 101"        [_thread_blocked, id=23484, stack(0x00000058a9700000,0x00000058a9800000) (1024K)]
  0x0000023fda8171f0 JavaThread "build event listener"              [_thread_blocked, id=15240, stack(0x000000589ed00000,0x000000589ee00000) (1024K)]
Total: 151

Other Threads:
  0x0000023fb8aa0e00 VMThread "VM Thread"                           [id=22660, stack(0x000000589f700000,0x000000589f800000) (1024K)]
  0x0000023fb8a924a0 WatcherThread "VM Periodic Task Thread"        [id=32032, stack(0x000000589f600000,0x000000589f700000) (1024K)]
  0x0000023f9ff69780 WorkerThread "GC Thread#0"                     [id=15672, stack(0x000000589f100000,0x000000589f200000) (1024K)]
  0x0000023fd80cd7f0 WorkerThread "GC Thread#1"                     [id=28616, stack(0x00000058a0200000,0x00000058a0300000) (1024K)]
  0x0000023fd81f6220 WorkerThread "GC Thread#2"                     [id=21640, stack(0x00000058a0300000,0x00000058a0400000) (1024K)]
  0x0000023fd8a50520 WorkerThread "GC Thread#3"                     [id=16872, stack(0x00000058a0400000,0x00000058a0500000) (1024K)]
  0x0000023fd8a508d0 WorkerThread "GC Thread#4"                     [id=15292, stack(0x00000058a0500000,0x00000058a0600000) (1024K)]
  0x0000023fd942aca0 WorkerThread "GC Thread#5"                     [id=28404, stack(0x00000058a0600000,0x00000058a0700000) (1024K)]
  0x0000023fd9412380 WorkerThread "GC Thread#6"                     [id=34176, stack(0x00000058a0700000,0x00000058a0800000) (1024K)]
  0x0000023fd9412730 WorkerThread "GC Thread#7"                     [id=37384, stack(0x00000058a0800000,0x00000058a0900000) (1024K)]
  0x0000023fd9e593a0 WorkerThread "GC Thread#8"                     [id=24908, stack(0x00000058a1800000,0x00000058a1900000) (1024K)]
  0x0000023fd9e58ff0 WorkerThread "GC Thread#9"                     [id=28132, stack(0x00000058a1900000,0x00000058a1a00000) (1024K)]
  0x0000023f9ff7ae90 ConcurrentGCThread "G1 Main Marker"            [id=32116, stack(0x000000589f200000,0x000000589f300000) (1024K)]
  0x0000023f9ff7b8b0 WorkerThread "G1 Conc#0"                       [id=32496, stack(0x000000589f300000,0x000000589f400000) (1024K)]
  0x0000023fdac0f330 WorkerThread "G1 Conc#1"                       [id=28492, stack(0x00000058a1a00000,0x00000058a1b00000) (1024K)]
  0x0000023fdac0d200 WorkerThread "G1 Conc#2"                       [id=31940, stack(0x00000058a1b00000,0x00000058a1c00000) (1024K)]
  0x0000023fb8961e90 ConcurrentGCThread "G1 Refine#0"               [id=3268, stack(0x000000589f400000,0x000000589f500000) (1024K)]
  0x0000023fb89630c0 ConcurrentGCThread "G1 Service"                [id=23996, stack(0x000000589f500000,0x000000589f600000) (1024K)]
Total: 18

Threads with active compile tasks:
C1 CompilerThread0  74443 11986   !   3       kotlin.reflect.jvm.internal.impl.metadata.ProtoBuf$Class::<init> (2853 bytes)
Total: 1

VM state: not at safepoint (normal execution)

VM Mutex/Monitor currently owned by a thread: None

Heap address: 0x0000000080000000, size: 2048 MB, Compressed Oops mode: 32-bit

CDS archive(s) mapped at: [0x0000023fb9000000-0x0000023fb9ba0000-0x0000023fb9ba0000), size 12189696, SharedBaseAddress: 0x0000023fb9000000, ArchiveRelocationMode: 1.
Compressed class space mapped at: 0x0000023fba000000-0x0000023fd4000000, reserved size: 436207616
Narrow klass base: 0x0000023fb9000000, Narrow klass shift: 0, Narrow klass range: 0x100000000

GC Precious Log:
 CardTable entry size: 512
 Card Set container configuration: InlinePtr #cards 5 size 8 Array Of Cards #cards 12 size 40 Howl #buckets 4 coarsen threshold 1843 Howl Bitmap #cards 512 size 80 coarsen threshold 460 Card regions per heap region 1 cards per card region 2048
 CPUs: 12 total, 12 available
 Memory: 7832M
 Large Page Support: Disabled
 NUMA Support: Disabled
 Compressed Oops: Enabled (32-bit)
 Heap Region Size: 1M
 Heap Min Capacity: 8M
 Heap Initial Capacity: 124M
 Heap Max Capacity: 2G
 Pre-touch: Disabled
 Parallel Workers: 10
 Concurrent Workers: 3
 Concurrent Refinement Workers: 10
 Periodic GC: Disabled

Heap:
 garbage-first heap   total 175104K, used 113995K [0x0000000080000000, 0x0000000100000000)
  region size 1024K, 22 young (22528K), 6 survivors (6144K)
 Metaspace       used 90249K, committed 92416K, reserved 557056K
  class space    used 12838K, committed 13888K, reserved 425984K

Heap Regions: E=young(eden), S=young(survivor), O=old, HS=humongous(starts), HC=humongous(continues), CS=collection set, F=free, TAMS=top-at-mark-start, PB=parsable bottom
|   0|0x0000000080000000, 0x0000000080100000, 0x0000000080100000|100%| O|  |TAMS 0x0000000080000000| PB 0x0000000080000000| Untracked 
|   1|0x0000000080100000, 0x0000000080200000, 0x0000000080200000|100%|HS|  |TAMS 0x0000000080100000| PB 0x0000000080100000| Complete 
|   2|0x0000000080200000, 0x0000000080300000, 0x0000000080300000|100%|HC|  |TAMS 0x0000000080200000| PB 0x0000000080200000| Complete 
|   3|0x0000000080300000, 0x0000000080400000, 0x0000000080400000|100%|HC|  |TAMS 0x0000000080300000| PB 0x0000000080300000| Complete 
|   4|0x0000000080400000, 0x0000000080500000, 0x0000000080500000|100%| O|  |TAMS 0x0000000080400000| PB 0x0000000080400000| Untracked 
|   5|0x0000000080500000, 0x0000000080600000, 0x0000000080600000|100%| O|  |TAMS 0x0000000080500000| PB 0x0000000080500000| Untracked 
|   6|0x0000000080600000, 0x0000000080700000, 0x0000000080700000|100%| O|  |TAMS 0x0000000080600000| PB 0x0000000080600000| Untracked 
|   7|0x0000000080700000, 0x0000000080800000, 0x0000000080800000|100%|HS|  |TAMS 0x0000000080700000| PB 0x0000000080700000| Complete 
|   8|0x0000000080800000, 0x0000000080900000, 0x0000000080900000|100%| O|  |TAMS 0x0000000080800000| PB 0x0000000080800000| Untracked 
|   9|0x0000000080900000, 0x0000000080a00000, 0x0000000080a00000|100%| O|  |TAMS 0x0000000080900000| PB 0x0000000080900000| Untracked 
|  10|0x0000000080a00000, 0x0000000080b00000, 0x0000000080b00000|100%| O|  |TAMS 0x0000000080a00000| PB 0x0000000080a00000| Untracked 
|  11|0x0000000080b00000, 0x0000000080c00000, 0x0000000080c00000|100%| O|  |TAMS 0x0000000080b00000| PB 0x0000000080b00000| Untracked 
|  12|0x0000000080c00000, 0x0000000080d00000, 0x0000000080d00000|100%| O|  |TAMS 0x0000000080c00000| PB 0x0000000080c00000| Untracked 
|  13|0x0000000080d00000, 0x0000000080e00000, 0x0000000080e00000|100%| O|  |TAMS 0x0000000080d00000| PB 0x0000000080d00000| Untracked 
|  14|0x0000000080e00000, 0x0000000080f00000, 0x0000000080f00000|100%| O|  |TAMS 0x0000000080e00000| PB 0x0000000080e00000| Untracked 
|  15|0x0000000080f00000, 0x0000000081000000, 0x0000000081000000|100%| O|  |TAMS 0x0000000080f00000| PB 0x0000000080f00000| Untracked 
|  16|0x0000000081000000, 0x0000000081100000, 0x0000000081100000|100%| O|  |TAMS 0x0000000081000000| PB 0x0000000081000000| Untracked 
|  17|0x0000000081100000, 0x0000000081200000, 0x0000000081200000|100%| O|  |TAMS 0x0000000081100000| PB 0x0000000081100000| Untracked 
|  18|0x0000000081200000, 0x0000000081300000, 0x0000000081300000|100%| O|  |TAMS 0x0000000081200000| PB 0x0000000081200000| Untracked 
|  19|0x0000000081300000, 0x0000000081400000, 0x0000000081400000|100%| O|  |TAMS 0x0000000081300000| PB 0x0000000081300000| Untracked 
|  20|0x0000000081400000, 0x0000000081500000, 0x0000000081500000|100%| O|  |TAMS 0x0000000081400000| PB 0x0000000081400000| Untracked 
|  21|0x0000000081500000, 0x0000000081600000, 0x0000000081600000|100%| O|  |TAMS 0x0000000081500000| PB 0x0000000081500000| Untracked 
|  22|0x0000000081600000, 0x0000000081700000, 0x0000000081700000|100%| O|  |TAMS 0x0000000081600000| PB 0x0000000081600000| Untracked 
|  23|0x0000000081700000, 0x0000000081800000, 0x0000000081800000|100%| O|  |TAMS 0x0000000081700000| PB 0x0000000081700000| Untracked 
|  24|0x0000000081800000, 0x0000000081900000, 0x0000000081900000|100%| O|  |TAMS 0x0000000081800000| PB 0x0000000081800000| Untracked 
|  25|0x0000000081900000, 0x0000000081a00000, 0x0000000081a00000|100%| O|  |TAMS 0x0000000081900000| PB 0x0000000081900000| Untracked 
|  26|0x0000000081a00000, 0x0000000081b00000, 0x0000000081b00000|100%| O|  |TAMS 0x0000000081a00000| PB 0x0000000081a00000| Untracked 
|  27|0x0000000081b00000, 0x0000000081c00000, 0x0000000081c00000|100%| O|  |TAMS 0x0000000081b00000| PB 0x0000000081b00000| Untracked 
|  28|0x0000000081c00000, 0x0000000081d00000, 0x0000000081d00000|100%| O|  |TAMS 0x0000000081c00000| PB 0x0000000081c00000| Untracked 
|  29|0x0000000081d00000, 0x0000000081e00000, 0x0000000081e00000|100%| O|  |TAMS 0x0000000081d00000| PB 0x0000000081d00000| Untracked 
|  30|0x0000000081e00000, 0x0000000081f00000, 0x0000000081f00000|100%|HS|  |TAMS 0x0000000081e00000| PB 0x0000000081e00000| Complete 
|  31|0x0000000081f00000, 0x0000000082000000, 0x0000000082000000|100%|HC|  |TAMS 0x0000000081f00000| PB 0x0000000081f00000| Complete 
|  32|0x0000000082000000, 0x0000000082100000, 0x0000000082100000|100%|HS|  |TAMS 0x0000000082000000| PB 0x0000000082000000| Complete 
|  33|0x0000000082100000, 0x0000000082200000, 0x0000000082200000|100%|HC|  |TAMS 0x0000000082100000| PB 0x0000000082100000| Complete 
|  34|0x0000000082200000, 0x0000000082300000, 0x0000000082300000|100%| O|  |TAMS 0x0000000082200000| PB 0x0000000082200000| Untracked 
|  35|0x0000000082300000, 0x0000000082400000, 0x0000000082400000|100%| O|  |TAMS 0x0000000082300000| PB 0x0000000082300000| Untracked 
|  36|0x0000000082400000, 0x0000000082500000, 0x0000000082500000|100%| O|  |TAMS 0x0000000082400000| PB 0x0000000082400000| Untracked 
|  37|0x0000000082500000, 0x0000000082600000, 0x0000000082600000|100%| O|  |TAMS 0x0000000082500000| PB 0x0000000082500000| Untracked 
|  38|0x0000000082600000, 0x0000000082700000, 0x0000000082700000|100%| O|  |TAMS 0x0000000082600000| PB 0x0000000082600000| Untracked 
|  39|0x0000000082700000, 0x0000000082800000, 0x0000000082800000|100%| O|  |TAMS 0x0000000082700000| PB 0x0000000082700000| Untracked 
|  40|0x0000000082800000, 0x0000000082900000, 0x0000000082900000|100%| O|  |TAMS 0x0000000082800000| PB 0x0000000082800000| Untracked 
|  41|0x0000000082900000, 0x0000000082a00000, 0x0000000082a00000|100%| O|  |TAMS 0x0000000082900000| PB 0x0000000082900000| Untracked 
|  42|0x0000000082a00000, 0x0000000082b00000, 0x0000000082b00000|100%| O|  |TAMS 0x0000000082a00000| PB 0x0000000082a00000| Untracked 
|  43|0x0000000082b00000, 0x0000000082c00000, 0x0000000082c00000|100%| O|  |TAMS 0x0000000082b00000| PB 0x0000000082b00000| Untracked 
|  44|0x0000000082c00000, 0x0000000082d00000, 0x0000000082d00000|100%| O|  |TAMS 0x0000000082c00000| PB 0x0000000082c00000| Untracked 
|  45|0x0000000082d00000, 0x0000000082e00000, 0x0000000082e00000|100%| O|  |TAMS 0x0000000082d00000| PB 0x0000000082d00000| Untracked 
|  46|0x0000000082e00000, 0x0000000082f00000, 0x0000000082f00000|100%| O|  |TAMS 0x0000000082e00000| PB 0x0000000082e00000| Untracked 
|  47|0x0000000082f00000, 0x0000000083000000, 0x0000000083000000|100%|HS|  |TAMS 0x0000000082f00000| PB 0x0000000082f00000| Complete 
|  48|0x0000000083000000, 0x0000000083100000, 0x0000000083100000|100%| O|  |TAMS 0x0000000083000000| PB 0x0000000083000000| Untracked 
|  49|0x0000000083100000, 0x0000000083200000, 0x0000000083200000|100%| O|  |TAMS 0x0000000083100000| PB 0x0000000083100000| Untracked 
|  50|0x0000000083200000, 0x0000000083300000, 0x0000000083300000|100%| O|  |TAMS 0x0000000083200000| PB 0x0000000083200000| Untracked 
|  51|0x0000000083300000, 0x0000000083400000, 0x0000000083400000|100%|HS|  |TAMS 0x0000000083300000| PB 0x0000000083300000| Complete 
|  52|0x0000000083400000, 0x0000000083500000, 0x0000000083500000|100%| O|  |TAMS 0x0000000083400000| PB 0x0000000083400000| Untracked 
|  53|0x0000000083500000, 0x0000000083600000, 0x0000000083600000|100%| O|  |TAMS 0x0000000083500000| PB 0x0000000083500000| Untracked 
|  54|0x0000000083600000, 0x0000000083700000, 0x0000000083700000|100%| O|  |TAMS 0x0000000083600000| PB 0x0000000083600000| Untracked 
|  55|0x0000000083700000, 0x0000000083800000, 0x0000000083800000|100%| O|  |TAMS 0x0000000083700000| PB 0x0000000083700000| Untracked 
|  56|0x0000000083800000, 0x00000000838f78c0, 0x0000000083900000| 96%| O|  |TAMS 0x0000000083800000| PB 0x0000000083800000| Untracked 
|  57|0x0000000083900000, 0x0000000083a00000, 0x0000000083a00000|100%|HS|  |TAMS 0x0000000083900000| PB 0x0000000083900000| Complete 
|  58|0x0000000083a00000, 0x0000000083b00000, 0x0000000083b00000|100%|HS|  |TAMS 0x0000000083a00000| PB 0x0000000083a00000| Complete 
|  59|0x0000000083b00000, 0x0000000083c00000, 0x0000000083c00000|100%|HS|  |TAMS 0x0000000083b00000| PB 0x0000000083b00000| Complete 
|  60|0x0000000083c00000, 0x0000000083d00000, 0x0000000083d00000|100%|HC|  |TAMS 0x0000000083c00000| PB 0x0000000083c00000| Complete 
|  61|0x0000000083d00000, 0x0000000083e00000, 0x0000000083e00000|100%|HS|  |TAMS 0x0000000083d00000| PB 0x0000000083d00000| Complete 
|  62|0x0000000083e00000, 0x0000000083f00000, 0x0000000083f00000|100%|HS|  |TAMS 0x0000000083e00000| PB 0x0000000083e00000| Complete 
|  63|0x0000000083f00000, 0x0000000084000000, 0x0000000084000000|100%|HS|  |TAMS 0x0000000083f00000| PB 0x0000000083f00000| Complete 
|  64|0x0000000084000000, 0x0000000084100000, 0x0000000084100000|100%|HS|  |TAMS 0x0000000084000000| PB 0x0000000084000000| Complete 
|  65|0x0000000084100000, 0x0000000084200000, 0x0000000084200000|100%|HC|  |TAMS 0x0000000084100000| PB 0x0000000084100000| Complete 
|  66|0x0000000084200000, 0x0000000084300000, 0x0000000084300000|100%|HS|  |TAMS 0x0000000084200000| PB 0x0000000084200000| Complete 
|  67|0x0000000084300000, 0x0000000084300000, 0x0000000084400000|  0%| F|  |TAMS 0x0000000084300000| PB 0x0000000084300000| Untracked 
|  68|0x0000000084400000, 0x0000000084400000, 0x0000000084500000|  0%| F|  |TAMS 0x0000000084400000| PB 0x0000000084400000| Untracked 
|  69|0x0000000084500000, 0x0000000084600000, 0x0000000084600000|100%| O|  |TAMS 0x0000000084500000| PB 0x0000000084500000| Untracked 
|  70|0x0000000084600000, 0x0000000084700000, 0x0000000084700000|100%| O|  |TAMS 0x0000000084600000| PB 0x0000000084600000| Untracked 
|  71|0x0000000084700000, 0x0000000084800000, 0x0000000084800000|100%| O|  |TAMS 0x0000000084700000| PB 0x0000000084700000| Untracked 
|  72|0x0000000084800000, 0x0000000084900000, 0x0000000084900000|100%| O|  |TAMS 0x0000000084800000| PB 0x0000000084800000| Untracked 
|  73|0x0000000084900000, 0x0000000084a00000, 0x0000000084a00000|100%| O|  |TAMS 0x0000000084900000| PB 0x0000000084900000| Untracked 
|  74|0x0000000084a00000, 0x0000000084b00000, 0x0000000084b00000|100%| O|  |TAMS 0x0000000084a00000| PB 0x0000000084a00000| Untracked 
|  75|0x0000000084b00000, 0x0000000084c00000, 0x0000000084c00000|100%| O|  |TAMS 0x0000000084b00000| PB 0x0000000084b00000| Untracked 
|  76|0x0000000084c00000, 0x0000000084d00000, 0x0000000084d00000|100%| O|  |TAMS 0x0000000084c00000| PB 0x0000000084c00000| Untracked 
|  77|0x0000000084d00000, 0x0000000084e00000, 0x0000000084e00000|100%| O|  |TAMS 0x0000000084d00000| PB 0x0000000084d00000| Untracked 
|  78|0x0000000084e00000, 0x0000000084f00000, 0x0000000084f00000|100%| O|  |TAMS 0x0000000084e00000| PB 0x0000000084e00000| Untracked 
|  79|0x0000000084f00000, 0x0000000084f00000, 0x0000000085000000|  0%| F|  |TAMS 0x0000000084f00000| PB 0x0000000084f00000| Untracked 
|  80|0x0000000085000000, 0x0000000085000000, 0x0000000085100000|  0%| F|  |TAMS 0x0000000085000000| PB 0x0000000085000000| Untracked 
|  81|0x0000000085100000, 0x0000000085200000, 0x0000000085200000|100%| O|  |TAMS 0x0000000085100000| PB 0x0000000085100000| Untracked 
|  82|0x0000000085200000, 0x0000000085300000, 0x0000000085300000|100%| O|  |TAMS 0x0000000085200000| PB 0x0000000085200000| Untracked 
|  83|0x0000000085300000, 0x0000000085300000, 0x0000000085400000|  0%| F|  |TAMS 0x0000000085300000| PB 0x0000000085300000| Untracked 
|  84|0x0000000085400000, 0x0000000085400000, 0x0000000085500000|  0%| F|  |TAMS 0x0000000085400000| PB 0x0000000085400000| Untracked 
|  85|0x0000000085500000, 0x0000000085500000, 0x0000000085600000|  0%| F|  |TAMS 0x0000000085500000| PB 0x0000000085500000| Untracked 
|  86|0x0000000085600000, 0x0000000085600000, 0x0000000085700000|  0%| F|  |TAMS 0x0000000085600000| PB 0x0000000085600000| Untracked 
|  87|0x0000000085700000, 0x0000000085700000, 0x0000000085800000|  0%| F|  |TAMS 0x0000000085700000| PB 0x0000000085700000| Untracked 
|  88|0x0000000085800000, 0x0000000085800000, 0x0000000085900000|  0%| F|  |TAMS 0x0000000085800000| PB 0x0000000085800000| Untracked 
|  89|0x0000000085900000, 0x0000000085900000, 0x0000000085a00000|  0%| F|  |TAMS 0x0000000085900000| PB 0x0000000085900000| Untracked 
|  90|0x0000000085a00000, 0x0000000085a00000, 0x0000000085b00000|  0%| F|  |TAMS 0x0000000085a00000| PB 0x0000000085a00000| Untracked 
|  91|0x0000000085b00000, 0x0000000085b00000, 0x0000000085c00000|  0%| F|  |TAMS 0x0000000085b00000| PB 0x0000000085b00000| Untracked 
|  92|0x0000000085c00000, 0x0000000085c00000, 0x0000000085d00000|  0%| F|  |TAMS 0x0000000085c00000| PB 0x0000000085c00000| Untracked 
|  93|0x0000000085d00000, 0x0000000085d00000, 0x0000000085e00000|  0%| F|  |TAMS 0x0000000085d00000| PB 0x0000000085d00000| Untracked 
|  94|0x0000000085e00000, 0x0000000085e5b440, 0x0000000085f00000| 35%| S|CS|TAMS 0x0000000085e00000| PB 0x0000000085e00000| Complete 
|  95|0x0000000085f00000, 0x0000000086000000, 0x0000000086000000|100%| S|CS|TAMS 0x0000000085f00000| PB 0x0000000085f00000| Complete 
|  96|0x0000000086000000, 0x0000000086100000, 0x0000000086100000|100%| S|CS|TAMS 0x0000000086000000| PB 0x0000000086000000| Complete 
|  97|0x0000000086100000, 0x0000000086200000, 0x0000000086200000|100%| S|CS|TAMS 0x0000000086100000| PB 0x0000000086100000| Complete 
|  98|0x0000000086200000, 0x0000000086300000, 0x0000000086300000|100%| S|CS|TAMS 0x0000000086200000| PB 0x0000000086200000| Complete 
|  99|0x0000000086300000, 0x0000000086400000, 0x0000000086400000|100%| S|CS|TAMS 0x0000000086300000| PB 0x0000000086300000| Complete 
| 100|0x0000000086400000, 0x0000000086400000, 0x0000000086500000|  0%| F|  |TAMS 0x0000000086400000| PB 0x0000000086400000| Untracked 
| 101|0x0000000086500000, 0x0000000086500000, 0x0000000086600000|  0%| F|  |TAMS 0x0000000086500000| PB 0x0000000086500000| Untracked 
| 102|0x0000000086600000, 0x0000000086600000, 0x0000000086700000|  0%| F|  |TAMS 0x0000000086600000| PB 0x0000000086600000| Untracked 
| 103|0x0000000086700000, 0x0000000086700000, 0x0000000086800000|  0%| F|  |TAMS 0x0000000086700000| PB 0x0000000086700000| Untracked 
| 104|0x0000000086800000, 0x0000000086800000, 0x0000000086900000|  0%| F|  |TAMS 0x0000000086800000| PB 0x0000000086800000| Untracked 
| 105|0x0000000086900000, 0x0000000086900000, 0x0000000086a00000|  0%| F|  |TAMS 0x0000000086900000| PB 0x0000000086900000| Untracked 
| 106|0x0000000086a00000, 0x0000000086a00000, 0x0000000086b00000|  0%| F|  |TAMS 0x0000000086a00000| PB 0x0000000086a00000| Untracked 
| 107|0x0000000086b00000, 0x0000000086b00000, 0x0000000086c00000|  0%| F|  |TAMS 0x0000000086b00000| PB 0x0000000086b00000| Untracked 
| 108|0x0000000086c00000, 0x0000000086c00000, 0x0000000086d00000|  0%| F|  |TAMS 0x0000000086c00000| PB 0x0000000086c00000| Untracked 
| 109|0x0000000086d00000, 0x0000000086d00000, 0x0000000086e00000|  0%| F|  |TAMS 0x0000000086d00000| PB 0x0000000086d00000| Untracked 
| 110|0x0000000086e00000, 0x0000000086e00000, 0x0000000086f00000|  0%| F|  |TAMS 0x0000000086e00000| PB 0x0000000086e00000| Untracked 
| 111|0x0000000086f00000, 0x0000000086f00000, 0x0000000087000000|  0%| F|  |TAMS 0x0000000086f00000| PB 0x0000000086f00000| Untracked 
| 112|0x0000000087000000, 0x0000000087000000, 0x0000000087100000|  0%| F|  |TAMS 0x0000000087000000| PB 0x0000000087000000| Untracked 
| 113|0x0000000087100000, 0x0000000087100000, 0x0000000087200000|  0%| F|  |TAMS 0x0000000087100000| PB 0x0000000087100000| Untracked 
| 114|0x0000000087200000, 0x0000000087200000, 0x0000000087300000|  0%| F|  |TAMS 0x0000000087200000| PB 0x0000000087200000| Untracked 
| 115|0x0000000087300000, 0x0000000087300000, 0x0000000087400000|  0%| F|  |TAMS 0x0000000087300000| PB 0x0000000087300000| Untracked 
| 116|0x0000000087400000, 0x0000000087400000, 0x0000000087500000|  0%| F|  |TAMS 0x0000000087400000| PB 0x0000000087400000| Untracked 
| 117|0x0000000087500000, 0x0000000087500000, 0x0000000087600000|  0%| F|  |TAMS 0x0000000087500000| PB 0x0000000087500000| Untracked 
| 118|0x0000000087600000, 0x0000000087600000, 0x0000000087700000|  0%| F|  |TAMS 0x0000000087600000| PB 0x0000000087600000| Untracked 
| 119|0x0000000087700000, 0x0000000087700000, 0x0000000087800000|  0%| F|  |TAMS 0x0000000087700000| PB 0x0000000087700000| Untracked 
| 120|0x0000000087800000, 0x0000000087800000, 0x0000000087900000|  0%| F|  |TAMS 0x0000000087800000| PB 0x0000000087800000| Untracked 
| 121|0x0000000087900000, 0x0000000087900000, 0x0000000087a00000|  0%| F|  |TAMS 0x0000000087900000| PB 0x0000000087900000| Untracked 
| 122|0x0000000087a00000, 0x0000000087a00000, 0x0000000087b00000|  0%| F|  |TAMS 0x0000000087a00000| PB 0x0000000087a00000| Untracked 
| 123|0x0000000087b00000, 0x0000000087b00000, 0x0000000087c00000|  0%| F|  |TAMS 0x0000000087b00000| PB 0x0000000087b00000| Untracked 
| 124|0x0000000087c00000, 0x0000000087c00000, 0x0000000087d00000|  0%| F|  |TAMS 0x0000000087c00000| PB 0x0000000087c00000| Untracked 
| 125|0x0000000087d00000, 0x0000000087d00000, 0x0000000087e00000|  0%| F|  |TAMS 0x0000000087d00000| PB 0x0000000087d00000| Untracked 
| 126|0x0000000087e00000, 0x0000000087e00000, 0x0000000087f00000|  0%| F|  |TAMS 0x0000000087e00000| PB 0x0000000087e00000| Untracked 
| 127|0x0000000087f00000, 0x0000000087f00000, 0x0000000088000000|  0%| F|  |TAMS 0x0000000087f00000| PB 0x0000000087f00000| Untracked 
| 128|0x0000000088000000, 0x0000000088000000, 0x0000000088100000|  0%| F|  |TAMS 0x0000000088000000| PB 0x0000000088000000| Untracked 
| 129|0x0000000088100000, 0x0000000088100000, 0x0000000088200000|  0%| F|  |TAMS 0x0000000088100000| PB 0x0000000088100000| Untracked 
| 130|0x0000000088200000, 0x0000000088200000, 0x0000000088300000|  0%| F|  |TAMS 0x0000000088200000| PB 0x0000000088200000| Untracked 
| 131|0x0000000088300000, 0x0000000088300000, 0x0000000088400000|  0%| F|  |TAMS 0x0000000088300000| PB 0x0000000088300000| Untracked 
| 132|0x0000000088400000, 0x0000000088400000, 0x0000000088500000|  0%| F|  |TAMS 0x0000000088400000| PB 0x0000000088400000| Untracked 
| 133|0x0000000088500000, 0x0000000088500000, 0x0000000088600000|  0%| F|  |TAMS 0x0000000088500000| PB 0x0000000088500000| Untracked 
| 134|0x0000000088600000, 0x0000000088600000, 0x0000000088700000|  0%| F|  |TAMS 0x0000000088600000| PB 0x0000000088600000| Untracked 
| 135|0x0000000088700000, 0x0000000088700000, 0x0000000088800000|  0%| F|  |TAMS 0x0000000088700000| PB 0x0000000088700000| Untracked 
| 136|0x0000000088800000, 0x0000000088800000, 0x0000000088900000|  0%| F|  |TAMS 0x0000000088800000| PB 0x0000000088800000| Untracked 
| 137|0x0000000088900000, 0x0000000088900000, 0x0000000088a00000|  0%| F|  |TAMS 0x0000000088900000| PB 0x0000000088900000| Untracked 
| 138|0x0000000088a00000, 0x0000000088a00000, 0x0000000088b00000|  0%| F|  |TAMS 0x0000000088a00000| PB 0x0000000088a00000| Untracked 
| 139|0x0000000088b00000, 0x0000000088b00000, 0x0000000088c00000|  0%| F|  |TAMS 0x0000000088b00000| PB 0x0000000088b00000| Untracked 
| 140|0x0000000088c00000, 0x0000000088c00000, 0x0000000088d00000|  0%| F|  |TAMS 0x0000000088c00000| PB 0x0000000088c00000| Untracked 
| 141|0x0000000088d00000, 0x0000000088d00000, 0x0000000088e00000|  0%| F|  |TAMS 0x0000000088d00000| PB 0x0000000088d00000| Untracked 
| 142|0x0000000088e00000, 0x0000000088e00000, 0x0000000088f00000|  0%| F|  |TAMS 0x0000000088e00000| PB 0x0000000088e00000| Untracked 
| 143|0x0000000088f00000, 0x0000000088f84a70, 0x0000000089000000| 51%| E|  |TAMS 0x0000000088f00000| PB 0x0000000088f00000| Complete 
| 144|0x0000000089000000, 0x0000000089100000, 0x0000000089100000|100%| E|CS|TAMS 0x0000000089000000| PB 0x0000000089000000| Complete 
| 145|0x0000000089100000, 0x0000000089200000, 0x0000000089200000|100%| E|CS|TAMS 0x0000000089100000| PB 0x0000000089100000| Complete 
| 146|0x0000000089200000, 0x0000000089300000, 0x0000000089300000|100%| E|CS|TAMS 0x0000000089200000| PB 0x0000000089200000| Complete 
| 147|0x0000000089300000, 0x0000000089400000, 0x0000000089400000|100%| E|CS|TAMS 0x0000000089300000| PB 0x0000000089300000| Complete 
| 148|0x0000000089400000, 0x0000000089500000, 0x0000000089500000|100%| E|CS|TAMS 0x0000000089400000| PB 0x0000000089400000| Complete 
| 149|0x0000000089500000, 0x0000000089600000, 0x0000000089600000|100%| E|CS|TAMS 0x0000000089500000| PB 0x0000000089500000| Complete 
| 150|0x0000000089600000, 0x0000000089700000, 0x0000000089700000|100%| E|CS|TAMS 0x0000000089600000| PB 0x0000000089600000| Complete 
| 151|0x0000000089700000, 0x0000000089800000, 0x0000000089800000|100%| E|CS|TAMS 0x0000000089700000| PB 0x0000000089700000| Complete 
| 152|0x0000000089800000, 0x0000000089900000, 0x0000000089900000|100%| E|CS|TAMS 0x0000000089800000| PB 0x0000000089800000| Complete 
| 153|0x0000000089900000, 0x0000000089a00000, 0x0000000089a00000|100%| E|CS|TAMS 0x0000000089900000| PB 0x0000000089900000| Complete 
| 154|0x0000000089a00000, 0x0000000089b00000, 0x0000000089b00000|100%| E|CS|TAMS 0x0000000089a00000| PB 0x0000000089a00000| Complete 
| 155|0x0000000089b00000, 0x0000000089c00000, 0x0000000089c00000|100%| E|CS|TAMS 0x0000000089b00000| PB 0x0000000089b00000| Complete 
| 156|0x0000000089c00000, 0x0000000089d00000, 0x0000000089d00000|100%| E|CS|TAMS 0x0000000089c00000| PB 0x0000000089c00000| Complete 
|2034|0x00000000ff200000, 0x00000000ff300000, 0x00000000ff300000|100%| O|  |TAMS 0x00000000ff200000| PB 0x00000000ff200000| Untracked 
|2035|0x00000000ff300000, 0x00000000ff400000, 0x00000000ff400000|100%| O|  |TAMS 0x00000000ff300000| PB 0x00000000ff300000| Untracked 
|2036|0x00000000ff400000, 0x00000000ff500000, 0x00000000ff500000|100%| O|  |TAMS 0x00000000ff400000| PB 0x00000000ff400000| Untracked 
|2037|0x00000000ff500000, 0x00000000ff600000, 0x00000000ff600000|100%| O|  |TAMS 0x00000000ff500000| PB 0x00000000ff500000| Untracked 
|2038|0x00000000ff600000, 0x00000000ff700000, 0x00000000ff700000|100%| O|  |TAMS 0x00000000ff600000| PB 0x00000000ff600000| Untracked 
|2039|0x00000000ff700000, 0x00000000ff800000, 0x00000000ff800000|100%| O|  |TAMS 0x00000000ff700000| PB 0x00000000ff700000| Untracked 
|2040|0x00000000ff800000, 0x00000000ff900000, 0x00000000ff900000|100%| O|  |TAMS 0x00000000ff800000| PB 0x00000000ff800000| Untracked 
|2041|0x00000000ff900000, 0x00000000ffa00000, 0x00000000ffa00000|100%| E|CS|TAMS 0x00000000ff900000| PB 0x00000000ff900000| Complete 
|2042|0x00000000ffa00000, 0x00000000ffb00000, 0x00000000ffb00000|100%| O|  |TAMS 0x00000000ffa00000| PB 0x00000000ffa00000| Untracked 
|2043|0x00000000ffb00000, 0x00000000ffc00000, 0x00000000ffc00000|100%| E|CS|TAMS 0x00000000ffb00000| PB 0x00000000ffb00000| Complete 
|2044|0x00000000ffc00000, 0x00000000ffd00000, 0x00000000ffd00000|100%| O|  |TAMS 0x00000000ffc00000| PB 0x00000000ffc00000| Untracked 
|2045|0x00000000ffd00000, 0x00000000ffe00000, 0x00000000ffe00000|100%| O|  |TAMS 0x00000000ffd00000| PB 0x00000000ffd00000| Untracked 
|2046|0x00000000ffe00000, 0x00000000fff00000, 0x00000000fff00000|100%| O|  |TAMS 0x00000000ffe00000| PB 0x00000000ffe00000| Untracked 
|2047|0x00000000fff00000, 0x0000000100000000, 0x0000000100000000|100%| O|  |TAMS 0x00000000fff00000| PB 0x00000000fff00000| Untracked 

Card table byte_map: [0x0000023fb3a70000,0x0000023fb3e70000] _byte_map_base: 0x0000023fb3670000

Marking Bits: (CMBitMap*) 0x0000023f9ff6a5b0
 Bits: [0x0000023fb3e70000, 0x0000023fb5e70000)

Polling page: 0x0000023f9df30000

Metaspace:

Usage:
  Non-class:     75.61 MB used.
      Class:     12.54 MB used.
       Both:     88.15 MB used.

Virtual space:
  Non-class space:      128.00 MB reserved,      76.69 MB ( 60%) committed,  2 nodes.
      Class space:      416.00 MB reserved,      13.56 MB (  3%) committed,  1 nodes.
             Both:      544.00 MB reserved,      90.25 MB ( 17%) committed. 

Chunk freelists:
   Non-Class:  3.04 MB
       Class:  2.45 MB
        Both:  5.48 MB

MaxMetaspaceSize: 512.00 MB
CompressedClassSpaceSize: 416.00 MB
Initial GC threshold: 21.00 MB
Current GC threshold: 133.38 MB
CDS: on
 - commit_granule_bytes: 65536.
 - commit_granule_words: 8192.
 - virtual_space_node_default_size: 8388608.
 - enlarge_chunks_in_place: 1.
 - use_allocation_guard: 0.


Internal statistics:

num_allocs_failed_limit: 9.
num_arena_births: 3866.
num_arena_deaths: 0.
num_vsnodes_births: 3.
num_vsnodes_deaths: 0.
num_space_committed: 1444.
num_space_uncommitted: 0.
num_chunks_returned_to_freelist: 9.
num_chunks_taken_from_freelist: 8127.
num_chunk_merges: 6.
num_chunk_splits: 5281.
num_chunks_enlarged: 3295.
num_inconsistent_stats: 0.

CodeHeap 'non-profiled nmethods': size=128192Kb used=6116Kb max_used=6116Kb free=122075Kb
 bounds [0x0000023fab3e0000, 0x0000023fab9e0000, 0x0000023fb3110000]
CodeHeap 'profiled nmethods': size=128192Kb used=19037Kb max_used=19037Kb free=109155Kb
 bounds [0x0000023fa3110000, 0x0000023fa43b0000, 0x0000023faae40000]
CodeHeap 'non-nmethods': size=5760Kb used=1960Kb max_used=2000Kb free=3799Kb
 bounds [0x0000023faae40000, 0x0000023fab0b0000, 0x0000023fab3e0000]
CodeCache: size=262144Kb, used=27113Kb, max_used=27153Kb, free=235029Kb
 total_blobs=11076, nmethods=10252, adapters=728, full_count=0
Compilation: enabled, stopped_count=0, restarted_count=0

Compilation events (20 events):
Event: 74.375 Thread 0x0000023fb8b02a70 11979       3       kotlin.reflect.jvm.internal.impl.metadata.ProtoBuf$Annotation$Argument$1::parsePartialFrom (7 bytes)
Event: 74.375 Thread 0x0000023fb8b02a70 nmethod 11979 0x0000023fa43a6210 code [0x0000023fa43a63c0, 0x0000023fa43a64f8]
Event: 74.375 Thread 0x0000023fb8b02a70 11980       3       kotlin.reflect.jvm.internal.impl.metadata.ProtoBuf$Annotation$Argument$1::parsePartialFrom (11 bytes)
Event: 74.375 Thread 0x0000023fb8b02a70 nmethod 11980 0x0000023fa43a6590 code [0x0000023fa43a6740, 0x0000023fa43a6948]
Event: 74.375 Thread 0x0000023fb8b02a70 11981       3       kotlin.reflect.jvm.internal.impl.metadata.ProtoBuf$Annotation$Argument::<init> (7 bytes)
Event: 74.375 Thread 0x0000023fb8b02a70 nmethod 11981 0x0000023fa43a6a90 code [0x0000023fa43a6c40, 0x0000023fa43a6d78]
Event: 74.375 Thread 0x0000023fb8b02a70 11960       3       kotlin.reflect.jvm.internal.impl.descriptors.runtime.components.ReflectKotlinClassKt::access$getTYPES_ELIGIBLE_FOR_SIMPLE_VISIT$p (4 bytes)
Event: 74.375 Thread 0x0000023fb8b02a70 nmethod 11960 0x0000023fa43a6e10 code [0x0000023fa43a6fa0, 0x0000023fa43a7098]
Event: 74.377 Thread 0x0000023fb8b00450 nmethod 11978 0x0000023fab9d7390 code [0x0000023fab9d7520, 0x0000023fab9d7898]
Event: 74.377 Thread 0x0000023fb8b00450 11966       4       kotlin.reflect.jvm.internal.impl.protobuf.ByteString::newOutput (11 bytes)
Event: 74.381 Thread 0x0000023fb8b00450 nmethod 11966 0x0000023fab9d7990 code [0x0000023fab9d7b40, 0x0000023fab9d7eb8]
Event: 74.381 Thread 0x0000023fb8b00450 11967       4       kotlin.reflect.jvm.internal.impl.protobuf.ByteString$Output::flushLastBuffer (96 bytes)
Event: 74.381 Thread 0x0000023fb8b00450 nmethod 11967 0x0000023fab9d8010 code [0x0000023fab9d81a0, 0x0000023fab9d8288]
Event: 74.381 Thread 0x0000023fb8b00450 11968       4       kotlin.reflect.jvm.internal.impl.protobuf.ByteString::copyFrom (94 bytes)
Event: 74.383 Thread 0x0000023fb8b00450 nmethod 11968 0x0000023fab9d8390 code [0x0000023fab9d8520, 0x0000023fab9d85f0]
Event: 74.383 Thread 0x0000023fb8b00450 11982       4       kotlin.reflect.jvm.internal.impl.protobuf.CodedInputStream::readRawByte (33 bytes)
Event: 74.384 Thread 0x0000023fb8b02a70 11983       3       kotlin.reflect.jvm.internal.impl.metadata.ProtoBuf$VersionRequirementTable::getDefaultInstance (4 bytes)
Event: 74.384 Thread 0x0000023fb8b02a70 nmethod 11983 0x0000023fa43a7110 code [0x0000023fa43a72a0, 0x0000023fa43a7398]
Event: 74.384 Thread 0x0000023fb8b02a70 11986   !   3       kotlin.reflect.jvm.internal.impl.metadata.ProtoBuf$Class::<init> (2853 bytes)
Event: 74.385 Thread 0x0000023fb8b00450 nmethod 11982 0x0000023fab9d8710 code [0x0000023fab9d88a0, 0x0000023fab9d89c8]

GC Heap History (20 events):
Event: 49.698 GC heap before
{Heap before GC invocations=23 (full 0):
 garbage-first heap   total 107520K, used 96573K [0x0000000080000000, 0x0000000100000000)
  region size 1024K, 43 young (44032K), 6 survivors (6144K)
 Metaspace       used 72098K, committed 74176K, reserved 491520K
  class space    used 10604K, committed 11648K, reserved 425984K
}
Event: 49.709 GC heap after
{Heap after GC invocations=24 (full 0):
 garbage-first heap   total 110592K, used 64927K [0x0000000080000000, 0x0000000100000000)
  region size 1024K, 6 young (6144K), 6 survivors (6144K)
 Metaspace       used 72098K, committed 74176K, reserved 491520K
  class space    used 10604K, committed 11648K, reserved 425984K
}
Event: 50.186 GC heap before
{Heap before GC invocations=25 (full 0):
 garbage-first heap   total 111616K, used 97695K [0x0000000080000000, 0x0000000100000000)
  region size 1024K, 39 young (39936K), 6 survivors (6144K)
 Metaspace       used 72108K, committed 74176K, reserved 491520K
  class space    used 10605K, committed 11648K, reserved 425984K
}
Event: 50.191 GC heap after
{Heap after GC invocations=26 (full 0):
 garbage-first heap   total 111616K, used 66165K [0x0000000080000000, 0x0000000100000000)
  region size 1024K, 2 young (2048K), 2 survivors (2048K)
 Metaspace       used 72108K, committed 74176K, reserved 491520K
  class space    used 10605K, committed 11648K, reserved 425984K
}
Event: 50.690 GC heap before
{Heap before GC invocations=26 (full 0):
 garbage-first heap   total 111616K, used 100981K [0x0000000080000000, 0x0000000100000000)
  region size 1024K, 37 young (37888K), 2 survivors (2048K)
 Metaspace       used 72113K, committed 74176K, reserved 491520K
  class space    used 10605K, committed 11648K, reserved 425984K
}
Event: 50.695 GC heap after
{Heap after GC invocations=27 (full 0):
 garbage-first heap   total 111616K, used 67152K [0x0000000080000000, 0x0000000100000000)
  region size 1024K, 3 young (3072K), 3 survivors (3072K)
 Metaspace       used 72113K, committed 74176K, reserved 491520K
  class space    used 10605K, committed 11648K, reserved 425984K
}
Event: 51.605 GC heap before
{Heap before GC invocations=27 (full 0):
 garbage-first heap   total 111616K, used 83536K [0x0000000080000000, 0x0000000100000000)
  region size 1024K, 20 young (20480K), 3 survivors (3072K)
 Metaspace       used 73240K, committed 75328K, reserved 491520K
  class space    used 10747K, committed 11776K, reserved 425984K
}
Event: 51.610 GC heap after
{Heap after GC invocations=28 (full 0):
 garbage-first heap   total 111616K, used 68620K [0x0000000080000000, 0x0000000100000000)
  region size 1024K, 5 young (5120K), 5 survivors (5120K)
 Metaspace       used 73240K, committed 75328K, reserved 491520K
  class space    used 10747K, committed 11776K, reserved 425984K
}
Event: 61.502 GC heap before
{Heap before GC invocations=29 (full 0):
 garbage-first heap   total 117760K, used 112652K [0x0000000080000000, 0x0000000100000000)
  region size 1024K, 39 young (39936K), 5 survivors (5120K)
 Metaspace       used 73917K, committed 76032K, reserved 491520K
  class space    used 10847K, committed 11904K, reserved 425984K
}
Event: 61.515 GC heap after
{Heap after GC invocations=30 (full 0):
 garbage-first heap   total 125952K, used 83982K [0x0000000080000000, 0x0000000100000000)
  region size 1024K, 5 young (5120K), 5 survivors (5120K)
 Metaspace       used 73917K, committed 76032K, reserved 491520K
  class space    used 10847K, committed 11904K, reserved 425984K
}
Event: 62.711 GC heap before
{Heap before GC invocations=30 (full 0):
 garbage-first heap   total 125952K, used 114702K [0x0000000080000000, 0x0000000100000000)
  region size 1024K, 35 young (35840K), 5 survivors (5120K)
 Metaspace       used 76275K, committed 78336K, reserved 557056K
  class space    used 11133K, committed 12160K, reserved 425984K
}
Event: 62.718 GC heap after
{Heap after GC invocations=31 (full 0):
 garbage-first heap   total 125952K, used 85368K [0x0000000080000000, 0x0000000100000000)
  region size 1024K, 2 young (2048K), 2 survivors (2048K)
 Metaspace       used 76275K, committed 78336K, reserved 557056K
  class space    used 11133K, committed 12160K, reserved 425984K
}
Event: 63.719 GC heap before
{Heap before GC invocations=31 (full 0):
 garbage-first heap   total 125952K, used 115064K [0x0000000080000000, 0x0000000100000000)
  region size 1024K, 32 young (32768K), 2 survivors (2048K)
 Metaspace       used 79554K, committed 81664K, reserved 557056K
  class space    used 11423K, committed 12480K, reserved 425984K
}
Event: 63.726 GC heap after
{Heap after GC invocations=32 (full 0):
 garbage-first heap   total 125952K, used 86005K [0x0000000080000000, 0x0000000100000000)
  region size 1024K, 3 young (3072K), 3 survivors (3072K)
 Metaspace       used 79554K, committed 81664K, reserved 557056K
  class space    used 11423K, committed 12480K, reserved 425984K
}
Event: 65.089 GC heap before
{Heap before GC invocations=33 (full 0):
 garbage-first heap   total 145408K, used 120821K [0x0000000080000000, 0x0000000100000000)
  region size 1024K, 33 young (33792K), 3 survivors (3072K)
 Metaspace       used 81819K, committed 83904K, reserved 557056K
  class space    used 11703K, committed 12736K, reserved 425984K
}
Event: 65.105 GC heap after
{Heap after GC invocations=34 (full 0):
 garbage-first heap   total 175104K, used 96446K [0x0000000080000000, 0x0000000100000000)
  region size 1024K, 5 young (5120K), 5 survivors (5120K)
 Metaspace       used 81819K, committed 83904K, reserved 557056K
  class space    used 11703K, committed 12736K, reserved 425984K
}
Event: 67.079 GC heap before
{Heap before GC invocations=34 (full 0):
 garbage-first heap   total 175104K, used 147646K [0x0000000080000000, 0x0000000100000000)
  region size 1024K, 55 young (56320K), 5 survivors (5120K)
 Metaspace       used 85603K, committed 87744K, reserved 557056K
  class space    used 12184K, committed 13248K, reserved 425984K
}
Event: 67.086 GC heap after
{Heap after GC invocations=35 (full 0):
 garbage-first heap   total 175104K, used 95998K [0x0000000080000000, 0x0000000100000000)
  region size 1024K, 6 young (6144K), 6 survivors (6144K)
 Metaspace       used 85603K, committed 87744K, reserved 557056K
  class space    used 12184K, committed 13248K, reserved 425984K
}
Event: 69.884 GC heap before
{Heap before GC invocations=35 (full 0):
 garbage-first heap   total 175104K, used 150270K [0x0000000080000000, 0x0000000100000000)
  region size 1024K, 59 young (60416K), 6 survivors (6144K)
 Metaspace       used 89799K, committed 91968K, reserved 557056K
  class space    used 12791K, committed 13888K, reserved 425984K
}
Event: 69.892 GC heap after
{Heap after GC invocations=36 (full 0):
 garbage-first heap   total 175104K, used 98635K [0x0000000080000000, 0x0000000100000000)
  region size 1024K, 6 young (6144K), 6 survivors (6144K)
 Metaspace       used 89799K, committed 91968K, reserved 557056K
  class space    used 12791K, committed 13888K, reserved 425984K
}

Dll operation events (20 events):
Event: 0.937 Attempting to load shared library C:\Users\user5\.vscode\extensions\redhat.java-1.56.0-win32-x64\jre\21.0.12.1-win32-x86_64\bin\zip.dll
Event: 0.937 Loaded shared library C:\Users\user5\.vscode\extensions\redhat.java-1.56.0-win32-x64\jre\21.0.12.1-win32-x86_64\bin\zip.dll
Event: 2.255 Attempting to load shared library C:\Users\user5\.vscode\extensions\redhat.java-1.56.0-win32-x64\jre\21.0.12.1-win32-x86_64\bin\jimage.dll
Event: 2.255 Loaded shared library C:\Users\user5\.vscode\extensions\redhat.java-1.56.0-win32-x64\jre\21.0.12.1-win32-x86_64\bin\jimage.dll
Event: 3.215 Attempting to load shared library C:\Users\user5\.vscode\extensions\redhat.java-1.56.0-win32-x64\jre\21.0.12.1-win32-x86_64\bin\verify.dll
Event: 3.217 Loaded shared library C:\Users\user5\.vscode\extensions\redhat.java-1.56.0-win32-x64\jre\21.0.12.1-win32-x86_64\bin\verify.dll
Event: 3.634 Attempting to load shared library D:\gradle_cache\native\1def1411415f61bf3af743bc5b6707747c0891f09f0c88961ee8f79bc544acac\windows-amd64\native-platform.dll
Event: 3.637 Loaded shared library D:\gradle_cache\native\1def1411415f61bf3af743bc5b6707747c0891f09f0c88961ee8f79bc544acac\windows-amd64\native-platform.dll
Event: 3.649 Attempting to load shared library D:\gradle_cache\native\0.2.5\x86_64-windows-gnu\gradle-fileevents.dll
Event: 3.654 Loaded shared library D:\gradle_cache\native\0.2.5\x86_64-windows-gnu\gradle-fileevents.dll
Event: 6.564 Attempting to load shared library C:\Users\user5\.vscode\extensions\redhat.java-1.56.0-win32-x64\jre\21.0.12.1-win32-x86_64\bin\management.dll
Event: 6.565 Loaded shared library C:\Users\user5\.vscode\extensions\redhat.java-1.56.0-win32-x64\jre\21.0.12.1-win32-x86_64\bin\management.dll
Event: 6.568 Attempting to load shared library C:\Users\user5\.vscode\extensions\redhat.java-1.56.0-win32-x64\jre\21.0.12.1-win32-x86_64\bin\management_ext.dll
Event: 6.570 Loaded shared library C:\Users\user5\.vscode\extensions\redhat.java-1.56.0-win32-x64\jre\21.0.12.1-win32-x86_64\bin\management_ext.dll
Event: 6.801 Attempting to load shared library C:\Users\user5\.vscode\extensions\redhat.java-1.56.0-win32-x64\jre\21.0.12.1-win32-x86_64\bin\extnet.dll
Event: 6.802 Loaded shared library C:\Users\user5\.vscode\extensions\redhat.java-1.56.0-win32-x64\jre\21.0.12.1-win32-x86_64\bin\extnet.dll
Event: 7.148 Attempting to load shared library C:\Users\user5\.vscode\extensions\redhat.java-1.56.0-win32-x64\jre\21.0.12.1-win32-x86_64\bin\sunmscapi.dll
Event: 7.156 Loaded shared library C:\Users\user5\.vscode\extensions\redhat.java-1.56.0-win32-x64\jre\21.0.12.1-win32-x86_64\bin\sunmscapi.dll
Event: 9.183 Attempting to load shared library D:\temp\native-platform2776959454381218792dir\gradle-fileevents.dll
Event: 9.396 Loaded shared library D:\temp\native-platform2776959454381218792dir\gradle-fileevents.dll

Deoptimization events (20 events):
Event: 69.275 Thread 0x0000023fb8e13230 Uncommon trap: trap_request=0xffffffde fr.pc=0x0000023fab7f6b90 relative=0x0000000000000830
Event: 69.275 Thread 0x0000023fb8e13230 Uncommon trap: reason=class_check action=maybe_recompile pc=0x0000023fab7f6b90 method=org.gradle.internal.snapshot.impl.AbstractValueProcessor.processValue(Ljava/lang/Object;Lorg/gradle/internal/snapshot/impl/AbstractValueProcessor$ValueVisitor;)Ljava/lan
Event: 69.275 Thread 0x0000023fb8e13230 DEOPT PACKING pc=0x0000023fab7f6b90 sp=0x00000058a0ff4410
Event: 69.275 Thread 0x0000023fb8e13230 DEOPT UNPACKING pc=0x0000023faae94422 sp=0x00000058a0ff4388 mode 2
Event: 69.942 Thread 0x0000023fb8e13230 DEOPT PACKING pc=0x0000023fa388c9e1 sp=0x00000058a0ff5b40
Event: 69.943 Thread 0x0000023fb8e13230 DEOPT UNPACKING pc=0x0000023faae94bc2 sp=0x00000058a0ff5030 mode 0
Event: 69.995 Thread 0x0000023fb8e13230 Uncommon trap: trap_request=0xffffff45 fr.pc=0x0000023fab4a39c4 relative=0x00000000000000a4
Event: 69.995 Thread 0x0000023fb8e13230 Uncommon trap: reason=unstable_if action=reinterpret pc=0x0000023fab4a39c4 method=java.lang.ref.ReferenceQueue.poll()Ljava/lang/ref/Reference; @ 4 c2
Event: 69.995 Thread 0x0000023fb8e13230 DEOPT PACKING pc=0x0000023fab4a39c4 sp=0x00000058a0ff4f40
Event: 69.995 Thread 0x0000023fb8e13230 DEOPT UNPACKING pc=0x0000023faae94422 sp=0x00000058a0ff4e28 mode 2
Event: 70.031 Thread 0x0000023fb8e13230 Uncommon trap: trap_request=0xffffff45 fr.pc=0x0000023fab436320 relative=0x00000000000004a0
Event: 70.031 Thread 0x0000023fb8e13230 Uncommon trap: reason=unstable_if action=reinterpret pc=0x0000023fab436320 method=sun.reflect.generics.parser.SignatureParser.parseTypeSignature()Lsun/reflect/generics/tree/TypeSignature; @ 4 c2
Event: 70.031 Thread 0x0000023fb8e13230 DEOPT PACKING pc=0x0000023fab436320 sp=0x00000058a0ff4fd0
Event: 70.031 Thread 0x0000023fb8e13230 DEOPT UNPACKING pc=0x0000023faae94422 sp=0x00000058a0ff4fa8 mode 2
Event: 70.184 Thread 0x0000023fb8e13230 DEOPT PACKING pc=0x0000023fa396321d sp=0x00000058a0ff5b40
Event: 70.184 Thread 0x0000023fb8e13230 DEOPT UNPACKING pc=0x0000023faae94bc2 sp=0x00000058a0ff5078 mode 0
Event: 74.099 Thread 0x0000023fb8e13230 Uncommon trap: trap_request=0xffffffd6 fr.pc=0x0000023fab902a80 relative=0x0000000000001a00
Event: 74.099 Thread 0x0000023fb8e13230 Uncommon trap: reason=array_check action=maybe_recompile pc=0x0000023fab902a80 method=java.util.TimSort.binarySort([Ljava/lang/Object;IIILjava/util/Comparator;)V @ 183 c2
Event: 74.099 Thread 0x0000023fb8e13230 DEOPT PACKING pc=0x0000023fab902a80 sp=0x00000058a0ff4650
Event: 74.099 Thread 0x0000023fb8e13230 DEOPT UNPACKING pc=0x0000023faae94422 sp=0x00000058a0ff44d8 mode 2

Classes loaded (20 events):
Event: 65.568 Loading class java/lang/foreign/MemoryLayout done
Event: 65.568 Loading class java/lang/foreign/ValueLayout done
Event: 66.401 Loading class java/security/KeyStore
Event: 66.405 Loading class java/security/KeyStore done
Event: 66.755 Loading class javax/xml/stream/XMLStreamException
Event: 66.756 Loading class javax/xml/stream/XMLStreamException done
Event: 69.957 Loading class java/util/regex/Pattern$Caret
Event: 69.957 Loading class java/util/regex/Pattern$Caret done
Event: 69.958 Loading class java/util/regex/Pattern$Behind
Event: 69.958 Loading class java/util/regex/Pattern$Behind done
Event: 69.958 Loading class java/util/regex/Pattern$Pos
Event: 69.958 Loading class java/util/regex/Pattern$Pos done
Event: 70.031 Loading class sun/reflect/generics/tree/BooleanSignature
Event: 70.031 Loading class sun/reflect/generics/tree/BooleanSignature done
Event: 70.087 Loading class org/xml/sax/Locator
Event: 70.088 Loading class org/xml/sax/Locator done
Event: 70.088 Loading class org/xml/sax/SAXParseException
Event: 70.088 Loading class org/xml/sax/SAXParseException done
Event: 70.089 Loading class org/xml/sax/Attributes
Event: 70.089 Loading class org/xml/sax/Attributes done

Classes unloaded (0 events):
No events

Classes redefined (0 events):
No events

Internal exceptions (20 events):
Event: 69.987 Thread 0x0000023fb8e13230 Exception <a 'java/lang/ClassNotFoundException'{0x0000000089be6c28}: org/gradle/api/internal/project/AbstractPluginAwareCustomizer> (0x0000000089be6c28) 
thrown [s\src\hotspot\share\classfile\systemDictionary.cpp, line 313]
Event: 69.992 Thread 0x0000023fb8e13230 Exception <a 'java/lang/ClassNotFoundException'{0x0000000089a04178}: org/gradle/api/internal/project/DefaultProjectCustomizer> (0x0000000089a04178) 
thrown [s\src\hotspot\share\classfile\systemDictionary.cpp, line 313]
Event: 70.078 Thread 0x0000023fb8e13230 Exception <a 'java/lang/ClassNotFoundException'{0x0000000089ad7638}: org/gradle/api/internal/project/DefaultProject_DecoratedCustomizer> (0x0000000089ad7638) 
thrown [s\src\hotspot\share\classfile\systemDictionary.cpp, line 313]
Event: 70.104 Thread 0x0000023fb8e13230 Exception <a 'java/lang/ClassNotFoundException'{0x000000008998c708}: org/gradle/api/internal/plugins/NaggingBasePluginConventionBeanInfo> (0x000000008998c708) 
thrown [s\src\hotspot\share\classfile\systemDictionary.cpp, line 313]
Event: 70.106 Thread 0x0000023fb8e13230 Exception <a 'java/lang/ClassNotFoundException'{0x00000000899a5c50}: org/gradle/api/plugins/BasePluginConventionBeanInfo> (0x00000000899a5c50) 
thrown [s\src\hotspot\share\classfile\systemDictionary.cpp, line 313]
Event: 70.108 Thread 0x0000023fb8e13230 Exception <a 'java/lang/ClassNotFoundException'{0x00000000899bf168}: org/gradle/api/plugins/BasePluginConventionCustomizer> (0x00000000899bf168) 
thrown [s\src\hotspot\share\classfile\systemDictionary.cpp, line 313]
Event: 70.114 Thread 0x0000023fb8e13230 Exception <a 'java/lang/ClassNotFoundException'{0x00000000899e4068}: org/gradle/api/internal/plugins/NaggingBasePluginConventionCustomizer> (0x00000000899e4068) 
thrown [s\src\hotspot\share\classfile\systemDictionary.cpp, line 313]
Event: 70.121 Thread 0x0000023fb8e13230 Exception <a 'java/lang/ClassNotFoundException'{0x0000000089835ae8}: org/gradle/api/plugins/internal/NaggingJavaPluginConventionBeanInfo> (0x0000000089835ae8) 
thrown [s\src\hotspot\share\classfile\systemDictionary.cpp, line 313]
Event: 70.124 Thread 0x0000023fb8e13230 Exception <a 'java/lang/ClassNotFoundException'{0x000000008984f038}: org/gradle/api/plugins/JavaPluginConventionBeanInfo> (0x000000008984f038) 
thrown [s\src\hotspot\share\classfile\systemDictionary.cpp, line 313]
Event: 70.126 Thread 0x0000023fb8e13230 Exception <a 'java/lang/ClassNotFoundException'{0x0000000089868548}: org/gradle/api/plugins/JavaPluginConventionCustomizer> (0x0000000089868548) 
thrown [s\src\hotspot\share\classfile\systemDictionary.cpp, line 313]
Event: 70.130 Thread 0x0000023fb8e13230 Exception <a 'java/lang/ClassNotFoundException'{0x0000000089897070}: org/gradle/api/plugins/internal/NaggingJavaPluginConventionCustomizer> (0x0000000089897070) 
thrown [s\src\hotspot\share\classfile\systemDictionary.cpp, line 313]
Event: 70.140 Thread 0x0000023fb8e13230 Exception <a 'java/lang/ClassNotFoundException'{0x00000000897188b0}: org/gradle/plugin/software/internal/SoftwareFeaturesDynamicObject_DecoratedBeanInfo> (0x00000000897188b0) 
thrown [s\src\hotspot\share\classfile\systemDictionary.cpp, line 313]
Event: 70.145 Thread 0x0000023fb8e13230 Exception <a 'java/lang/ClassNotFoundException'{0x0000000089730040}: org/gradle/plugin/software/internal/SoftwareFeaturesDynamicObjectBeanInfo> (0x0000000089730040) 
thrown [s\src\hotspot\share\classfile\systemDictionary.cpp, line 313]
Event: 70.147 Thread 0x0000023fb8e13230 Exception <a 'java/lang/ClassNotFoundException'{0x0000000089747280}: org/gradle/internal/metaobject/AbstractDynamicObjectBeanInfo> (0x0000000089747280) 
thrown [s\src\hotspot\share\classfile\systemDictionary.cpp, line 313]
Event: 70.152 Thread 0x0000023fb8e13230 Exception <a 'java/lang/ClassNotFoundException'{0x000000008975e518}: org/gradle/internal/metaobject/AbstractDynamicObjectCustomizer> (0x000000008975e518) 
thrown [s\src\hotspot\share\classfile\systemDictionary.cpp, line 313]
Event: 70.155 Thread 0x0000023fb8e13230 Exception <a 'java/lang/ClassNotFoundException'{0x0000000089782690}: org/gradle/plugin/software/internal/SoftwareFeaturesDynamicObjectCustomizer> (0x0000000089782690) 
thrown [s\src\hotspot\share\classfile\systemDictionary.cpp, line 313]
Event: 70.156 Thread 0x0000023fb8e13230 Exception <a 'java/lang/ClassNotFoundException'{0x00000000897a1550}: org/gradle/plugin/software/internal/SoftwareFeaturesDynamicObject_DecoratedCustomizer> (0x00000000897a1550) 
thrown [s\src\hotspot\share\classfile\systemDictionary.cpp, line 313]
Event: 70.168 Thread 0x0000023fb8e13230 Exception <a 'java/lang/NoSuchMethodError'{0x00000000897e3750}: 'java.lang.Object java.lang.invoke.DirectMethodHandle$Holder.newInvokeSpecial(java.lang.Object, java.lang.Object, java.lang.Object, java.lang.Object, java.lang.Object, java.lang.Object, java.lang.Object, java.lang.Object, java.lang.Object, java.lang.Object, java.lang.Object, java.lang.Object, java.lang.Object, java.lang.Object, java.lang.Object, java.lang.Object, java.lang.Object, java.lang.Object)'> (0x00000000897e3750) 
thrown [s\src\hotspot
Event: 70.169 Thread 0x0000023fb8e13230 Exception <a 'java/lang/NoSuchMethodError'{0x00000000897eaa58}: 'java.lang.Object java.lang.invoke.DirectMethodHandle$Holder.invokeSpecial(java.lang.Object, java.lang.Object, java.lang.Object, java.lang.Object, java.lang.Object, java.lang.Object, java.lang.Object, java.lang.Object, java.lang.Object, java.lang.Object, java.lang.Object, java.lang.Object, java.lang.Object, java.lang.Object, java.lang.Object, java.lang.Object, java.lang.Object, java.lang.Object, java.lang.Object)'> (0x00000000897eaa58) 
thrown
Event: 70.170 Thread 0x0000023fb8e13230 Exception <a 'java/lang/NoSuchMethodError'{0x00000000897f0bd0}: 'java.lang.Object java.lang.invoke.DelegatingMethodHandle$Holder.reinvoke_L(java.lang.Object, java.lang.Object, java.lang.Object, java.lang.Object, java.lang.Object, java.lang.Object, java.lang.Object, java.lang.Object, java.lang.Object, java.lang.Object, java.lang.Object, java.lang.Object, java.lang.Object, java.lang.Object, java.lang.Object, java.lang.Object, java.lang.Object, java.lang.Object)'> (0x00000000897f0bd0) 
thrown [s\src\hotspot\s

ZGC Phase Switch (0 events):
No events

VM Operations (20 events):
Event: 64.576 Executing non-safepoint VM operation: HandshakeAllThreads (Deoptimize)
Event: 64.576 Executing non-safepoint VM operation: HandshakeAllThreads (Deoptimize) done
Event: 64.894 Executing non-safepoint VM operation: HandshakeAllThreads (Deoptimize)
Event: 64.894 Executing non-safepoint VM operation: HandshakeAllThreads (Deoptimize) done
Event: 64.897 Executing non-safepoint VM operation: HandshakeAllThreads (Deoptimize)
Event: 64.898 Executing non-safepoint VM operation: HandshakeAllThreads (Deoptimize) done
Event: 65.089 Executing safepoint VM operation: G1CollectForAllocation (G1 Evacuation Pause)
Event: 65.105 Executing safepoint VM operation: G1CollectForAllocation (G1 Evacuation Pause) done
Event: 66.116 Executing safepoint VM operation: Cleanup
Event: 66.116 Executing safepoint VM operation: Cleanup done
Event: 67.079 Executing safepoint VM operation: G1CollectForAllocation (G1 Evacuation Pause)
Event: 67.086 Executing safepoint VM operation: G1CollectForAllocation (G1 Evacuation Pause) done
Event: 68.087 Executing safepoint VM operation: Cleanup
Event: 68.087 Executing safepoint VM operation: Cleanup done
Event: 69.097 Executing safepoint VM operation: Cleanup
Event: 69.097 Executing safepoint VM operation: Cleanup done
Event: 69.884 Executing safepoint VM operation: G1CollectForAllocation (G1 Evacuation Pause)
Event: 69.892 Executing safepoint VM operation: G1CollectForAllocation (G1 Evacuation Pause) done
Event: 70.906 Executing safepoint VM operation: Cleanup
Event: 70.906 Executing safepoint VM operation: Cleanup done

Memory protections (0 events):
No events

Nmethod flushes (20 events):
Event: 63.874 Thread 0x0000023fb8aa0e00 flushing  nmethod 0x0000023fa350e490
Event: 63.874 Thread 0x0000023fb8aa0e00 flushing  nmethod 0x0000023fa390bd90
Event: 63.874 Thread 0x0000023fb8aa0e00 flushing  nmethod 0x0000023fa3ae1f90
Event: 63.874 Thread 0x0000023fb8aa0e00 flushing  nmethod 0x0000023fa3ae3590
Event: 63.874 Thread 0x0000023fb8aa0e00 flushing  nmethod 0x0000023fa3ae7490
Event: 63.874 Thread 0x0000023fb8aa0e00 flushing  nmethod 0x0000023fa3b06390
Event: 63.874 Thread 0x0000023fb8aa0e00 flushing  nmethod 0x0000023fa3b06710
Event: 63.874 Thread 0x0000023fb8aa0e00 flushing  nmethod 0x0000023fa3b8c090
Event: 63.874 Thread 0x0000023fb8aa0e00 flushing  nmethod 0x0000023fa3bde090
Event: 63.874 Thread 0x0000023fb8aa0e00 flushing  nmethod 0x0000023fa3bdef90
Event: 63.874 Thread 0x0000023fb8aa0e00 flushing  nmethod 0x0000023fa3bdf290
Event: 63.874 Thread 0x0000023fb8aa0e00 flushing  nmethod 0x0000023fa3be0010
Event: 63.874 Thread 0x0000023fb8aa0e00 flushing  nmethod 0x0000023fa3be0790
Event: 63.874 Thread 0x0000023fb8aa0e00 flushing  nmethod 0x0000023fa412ab90
Event: 63.874 Thread 0x0000023fb8aa0e00 flushing  nmethod 0x0000023fa31ee810
Event: 63.874 Thread 0x0000023fb8aa0e00 flushing  nmethod 0x0000023fa3452d90
Event: 63.874 Thread 0x0000023fb8aa0e00 flushing  nmethod 0x0000023fa3799690
Event: 63.874 Thread 0x0000023fb8aa0e00 flushing  nmethod 0x0000023fa3b93010
Event: 63.874 Thread 0x0000023fb8aa0e00 flushing  nmethod 0x0000023fa3b94410
Event: 63.874 Thread 0x0000023fb8aa0e00 flushing  nmethod 0x0000023fa3eb5690

Events (20 events):
Event: 48.093 Thread 0x0000023fb8e13230 Thread added: 0x0000023fdd2bc740
Event: 48.108 Thread 0x0000023fb8e13230 Thread added: 0x0000023fdd2bcdd0
Event: 48.131 Thread 0x0000023fb8e13230 Thread added: 0x0000023fdd2be810
Event: 48.192 Thread 0x0000023fb8e13230 Thread added: 0x0000023fdd2bd460
Event: 48.227 Thread 0x0000023fb8e13230 Thread added: 0x0000023fdd2bdaf0
Event: 48.258 Thread 0x0000023fb8e13230 Thread added: 0x0000023fdd2bb390
Event: 48.287 Thread 0x0000023fb8e13230 Thread added: 0x0000023fdd2be180
Event: 48.304 Thread 0x0000023fb8e13230 Thread added: 0x0000023fdd2bba20
Event: 49.490 Thread 0x0000023fb8e13230 Thread added: 0x0000023fda810f80
Event: 49.491 Thread 0x0000023fb8e13230 Thread added: 0x0000023fda811ca0
Event: 49.492 Thread 0x0000023fb8e13230 Thread added: 0x0000023fda811610
Event: 49.493 Thread 0x0000023fb8e13230 Thread added: 0x0000023fda8129c0
Event: 49.493 Thread 0x0000023fb8e13230 Thread added: 0x0000023fda8136e0
Event: 49.494 Thread 0x0000023fb8e13230 Thread added: 0x0000023fda8108f0
Event: 49.495 Thread 0x0000023fb8e13230 Thread added: 0x0000023fda814a90
Event: 49.497 Thread 0x0000023fb8e13230 Thread added: 0x0000023fda8157b0
Event: 49.498 Thread 0x0000023fb8e13230 Thread added: 0x0000023fda813d70
Event: 49.506 Thread 0x0000023fb8e13230 Thread added: 0x0000023fda813050
Event: 49.507 Thread 0x0000023fb8e13230 Thread added: 0x0000023fda814400
Event: 68.125 Thread 0x0000023fb8e13230 Thread added: 0x0000023fda8171f0


Dynamic libraries:
0x00007ff7a95b0000 - 0x00007ff7a95be000 	C:\Users\user5\.vscode\extensions\redhat.java-1.56.0-win32-x64\jre\21.0.12.1-win32-x86_64\bin\java.exe
0x00007ff8236e0000 - 0x00007ff823947000 	C:\WINDOWS\SYSTEM32\ntdll.dll
0x00007ff822840000 - 0x00007ff82290b000 	C:\WINDOWS\System32\KERNEL32.DLL
0x00007ff820b10000 - 0x00007ff820f12000 	C:\WINDOWS\System32\KERNELBASE.dll
0x00007ff8212a0000 - 0x00007ff8213ec000 	C:\WINDOWS\System32\ucrtbase.dll
0x00007ff813580000 - 0x00007ff81359e000 	C:\Users\user5\.vscode\extensions\redhat.java-1.56.0-win32-x64\jre\21.0.12.1-win32-x86_64\bin\VCRUNTIME140.dll
0x00007ff810520000 - 0x00007ff810538000 	C:\Users\user5\.vscode\extensions\redhat.java-1.56.0-win32-x64\jre\21.0.12.1-win32-x86_64\bin\jli.dll
0x00007ff822450000 - 0x00007ff82261f000 	C:\WINDOWS\System32\USER32.dll
0x00007ff820f20000 - 0x00007ff820f47000 	C:\WINDOWS\System32\win32u.dll
0x00007ff822760000 - 0x00007ff82278b000 	C:\WINDOWS\System32\GDI32.dll
0x00007ff800850000 - 0x00007ff800ae0000 	C:\WINDOWS\WinSxS\amd64_microsoft.windows.common-controls_6595b64144ccf1df_6.0.26100.9278_none_3e0d1ba8e3303201\COMCTL32.dll
0x00007ff820f50000 - 0x00007ff821079000 	C:\WINDOWS\System32\gdi32full.dll
0x00007ff820a60000 - 0x00007ff820b03000 	C:\WINDOWS\System32\msvcp_win.dll
0x00007ff822910000 - 0x00007ff8229b9000 	C:\WINDOWS\System32\msvcrt.dll
0x00007ff821400000 - 0x00007ff821431000 	C:\WINDOWS\System32\IMM32.DLL
0x00007ff818840000 - 0x00007ff81884c000 	C:\Users\user5\.vscode\extensions\redhat.java-1.56.0-win32-x64\jre\21.0.12.1-win32-x86_64\bin\vcruntime140_1.dll
0x00007fffefad0000 - 0x00007fffefb5d000 	C:\Users\user5\.vscode\extensions\redhat.java-1.56.0-win32-x64\jre\21.0.12.1-win32-x86_64\bin\msvcp140.dll
0x00007fff950e0000 - 0x00007fff95e82000 	C:\Users\user5\.vscode\extensions\redhat.java-1.56.0-win32-x64\jre\21.0.12.1-win32-x86_64\bin\server\jvm.dll
0x00007ff822680000 - 0x00007ff82273c000 	C:\WINDOWS\System32\ADVAPI32.dll
0x00007ff8234d0000 - 0x00007ff823579000 	C:\WINDOWS\System32\sechost.dll
0x00007ff823580000 - 0x00007ff823698000 	C:\WINDOWS\System32\RPCRT4.dll
0x00007ff8227b0000 - 0x00007ff822830000 	C:\WINDOWS\System32\WS2_32.dll
0x00007ff81ffb0000 - 0x00007ff82000e000 	C:\WINDOWS\SYSTEM32\POWRPROF.dll
0x00007ff80c220000 - 0x00007ff80c256000 	C:\WINDOWS\SYSTEM32\WINMM.dll
0x00007ff8142c0000 - 0x00007ff8142cb000 	C:\WINDOWS\SYSTEM32\VERSION.dll
0x00007ff81ff70000 - 0x00007ff81ff85000 	C:\WINDOWS\SYSTEM32\UMPDC.dll
0x00007ff81f5b0000 - 0x00007ff81f5cb000 	C:\WINDOWS\SYSTEM32\kernel.appcore.dll
0x00007ff816440000 - 0x00007ff81644a000 	C:\Users\user5\.vscode\extensions\redhat.java-1.56.0-win32-x64\jre\21.0.12.1-win32-x86_64\bin\jimage.dll
0x00007ff81de40000 - 0x00007ff81e08c000 	C:\WINDOWS\SYSTEM32\DBGHELP.DLL
0x00007ff8215c0000 - 0x00007ff821945000 	C:\WINDOWS\System32\combase.dll
0x00007ff821950000 - 0x00007ff821a29000 	C:\WINDOWS\System32\OLEAUT32.dll
0x00007ffff9420000 - 0x00007ffff945b000 	C:\WINDOWS\SYSTEM32\dbgcore.DLL
0x00007ff8208e0000 - 0x00007ff82098c000 	C:\WINDOWS\System32\bcryptPrimitives.dll
0x00007ff804240000 - 0x00007ff80424f000 	C:\Users\user5\.vscode\extensions\redhat.java-1.56.0-win32-x64\jre\21.0.12.1-win32-x86_64\bin\instrument.dll
0x00007ff801b30000 - 0x00007ff801b50000 	C:\Users\user5\.vscode\extensions\redhat.java-1.56.0-win32-x64\jre\21.0.12.1-win32-x86_64\bin\java.dll
0x00007ff822d30000 - 0x00007ff8234c8000 	C:\WINDOWS\System32\SHELL32.dll
0x00007ff81e340000 - 0x00007ff81ebee000 	C:\WINDOWS\SYSTEM32\windows.storage.dll
0x00007ff822b30000 - 0x00007ff822c2b000 	C:\WINDOWS\System32\SHCORE.dll
0x00007ff822ac0000 - 0x00007ff822b26000 	C:\WINDOWS\System32\shlwapi.dll
0x00007ff820800000 - 0x00007ff820829000 	C:\WINDOWS\SYSTEM32\profapi.dll
0x00007ffffca20000 - 0x00007ffffca38000 	C:\Users\user5\.vscode\extensions\redhat.java-1.56.0-win32-x64\jre\21.0.12.1-win32-x86_64\bin\zip.dll
0x00007ff8047d0000 - 0x00007ff8047e0000 	C:\Users\user5\.vscode\extensions\redhat.java-1.56.0-win32-x64\jre\21.0.12.1-win32-x86_64\bin\net.dll
0x00007ff816de0000 - 0x00007ff816f0a000 	C:\WINDOWS\SYSTEM32\WINHTTP.dll
0x00007ff81fbe0000 - 0x00007ff81fc4c000 	C:\WINDOWS\system32\mswsock.dll
0x00007ffffc410000 - 0x00007ffffc426000 	C:\Users\user5\.vscode\extensions\redhat.java-1.56.0-win32-x64\jre\21.0.12.1-win32-x86_64\bin\nio.dll
0x00007ff8039a0000 - 0x00007ff8039b0000 	C:\Users\user5\.vscode\extensions\redhat.java-1.56.0-win32-x64\jre\21.0.12.1-win32-x86_64\bin\verify.dll
0x00007ffffbfd0000 - 0x00007ffffbff7000 	D:\gradle_cache\native\1def1411415f61bf3af743bc5b6707747c0891f09f0c88961ee8f79bc544acac\windows-amd64\native-platform.dll
0x000000006bd40000 - 0x000000006bdb3000 	D:\gradle_cache\native\0.2.5\x86_64-windows-gnu\gradle-fileevents.dll
0x00007ff8163f0000 - 0x00007ff8163fa000 	C:\Users\user5\.vscode\extensions\redhat.java-1.56.0-win32-x64\jre\21.0.12.1-win32-x86_64\bin\management.dll
0x00007ff8163e0000 - 0x00007ff8163ec000 	C:\Users\user5\.vscode\extensions\redhat.java-1.56.0-win32-x64\jre\21.0.12.1-win32-x86_64\bin\management_ext.dll
0x00007ff822440000 - 0x00007ff822448000 	C:\WINDOWS\System32\PSAPI.DLL
0x00007ff81fef0000 - 0x00007ff81ff0b000 	C:\WINDOWS\SYSTEM32\CRYPTSP.dll
0x00007ff81f510000 - 0x00007ff81f549000 	C:\WINDOWS\system32\rsaenh.dll
0x00007ff81fc90000 - 0x00007ff81fcc4000 	C:\WINDOWS\SYSTEM32\USERENV.dll
0x00007ff8207d0000 - 0x00007ff8207fa000 	C:\WINDOWS\SYSTEM32\bcrypt.dll
0x00007ff81ff10000 - 0x00007ff81ff1c000 	C:\WINDOWS\SYSTEM32\CRYPTBASE.dll
0x00007ff81efb0000 - 0x00007ff81efe3000 	C:\WINDOWS\SYSTEM32\IPHLPAPI.DLL
0x00007ff822750000 - 0x00007ff82275a000 	C:\WINDOWS\System32\NSI.dll
0x00007ffffce70000 - 0x00007ffffce79000 	C:\Users\user5\.vscode\extensions\redhat.java-1.56.0-win32-x64\jre\21.0.12.1-win32-x86_64\bin\extnet.dll
0x00007ffffa2f0000 - 0x00007ffffa2fe000 	C:\Users\user5\.vscode\extensions\redhat.java-1.56.0-win32-x64\jre\21.0.12.1-win32-x86_64\bin\sunmscapi.dll
0x00007ff821080000 - 0x00007ff8211fe000 	C:\WINDOWS\System32\CRYPT32.dll
0x00007ff8201c0000 - 0x00007ff8201f0000 	C:\WINDOWS\SYSTEM32\ncrypt.dll
0x00007ff820170000 - 0x00007ff8201af000 	C:\WINDOWS\SYSTEM32\NTASN1.dll
0x00007ff813c90000 - 0x00007ff813c98000 	C:\WINDOWS\system32\wshunix.dll
0x000000006b840000 - 0x000000006b8b3000 	D:\temp\native-platform2776959454381218792dir\gradle-fileevents.dll

JVMTI agents:
D:\gradle_cache\wrapper\dists\gradle-8.12-all\ejduaidbjup3bmmkhw3rie4zb\gradle-8.12\lib\agents\gradle-instrumentation-agent-8.12.jar path:C:\Users\user5\.vscode\extensions\redhat.java-1.56.0-win32-x64\jre\21.0.12.1-win32-x86_64\bin\instrument.dll, loaded, initialized, instrumentlib options:none

dbghelp: loaded successfully - version: 4.0.5 - missing functions: none
symbol engine: initialized successfully - sym options: 0x614 - pdb path: .;C:\Users\user5\.vscode\extensions\redhat.java-1.56.0-win32-x64\jre\21.0.12.1-win32-x86_64\bin;C:\WINDOWS\SYSTEM32;C:\WINDOWS\WinSxS\amd64_microsoft.windows.common-controls_6595b64144ccf1df_6.0.26100.9278_none_3e0d1ba8e3303201;C:\Users\user5\.vscode\extensions\redhat.java-1.56.0-win32-x64\jre\21.0.12.1-win32-x86_64\bin\server;D:\gradle_cache\native\1def1411415f61bf3af743bc5b6707747c0891f09f0c88961ee8f79bc544acac\windows-amd64;D:\gradle_cache\native\0.2.5\x86_64-windows-gnu;D:\temp\native-platform2776959454381218792dir

VM Arguments:
jvm_args: --add-opens=java.base/java.lang=ALL-UNNAMED --add-opens=java.base/java.lang.invoke=ALL-UNNAMED --add-opens=java.base/java.util=ALL-UNNAMED --add-opens=java.prefs/java.util.prefs=ALL-UNNAMED --add-exports=jdk.compiler/com.sun.tools.javac.api=ALL-UNNAMED --add-exports=jdk.compiler/com.sun.tools.javac.util=ALL-UNNAMED --add-opens=java.base/java.util=ALL-UNNAMED --add-opens=java.prefs/java.util.prefs=ALL-UNNAMED --add-opens=java.base/java.nio.charset=ALL-UNNAMED --add-opens=java.base/java.net=ALL-UNNAMED --add-opens=java.base/java.util.concurrent.atomic=ALL-UNNAMED --add-opens=java.xml/javax.xml.namespace=ALL-UNNAMED -XX:MaxMetaspaceSize=512m -XX:ReservedCodeCacheSize=256m -XX:+HeapDumpOnOutOfMemoryError -Xmx2G -Dfile.encoding=UTF-8 -Duser.country=IN -Duser.language=en -Duser.variant -javaagent:D:\gradle_cache\wrapper\dists\gradle-8.12-all\ejduaidbjup3bmmkhw3rie4zb\gradle-8.12\lib\agents\gradle-instrumentation-agent-8.12.jar 
java_command: org.gradle.launcher.daemon.bootstrap.GradleDaemon 8.12
java_class_path (initial): D:\gradle_cache\wrapper\dists\gradle-8.12-all\ejduaidbjup3bmmkhw3rie4zb\gradle-8.12\lib\gradle-daemon-main-8.12.jar
Launcher Type: SUN_STANDARD

[Global flags]
     intx CICompilerCount                          = 4                                         {product} {ergonomic}
   size_t CompressedClassSpaceSize                 = 436207616                                 {product} {ergonomic}
     uint ConcGCThreads                            = 3                                         {product} {ergonomic}
     uint G1ConcRefinementThreads                  = 10                                        {product} {ergonomic}
   size_t G1HeapRegionSize                         = 1048576                                   {product} {ergonomic}
    uintx GCDrainStackTargetSize                   = 64                                        {product} {ergonomic}
     bool HeapDumpOnOutOfMemoryError               = true                                   {manageable} {command line}
   size_t InitialHeapSize                          = 130023424                                 {product} {ergonomic}
   size_t MarkStackSize                            = 4194304                                   {product} {ergonomic}
   size_t MaxHeapSize                              = 2147483648                                {product} {command line}
   size_t MaxMetaspaceSize                         = 536870912                                 {product} {command line}
   size_t MaxNewSize                               = 1287651328                                {product} {ergonomic}
   size_t MinHeapDeltaBytes                        = 1048576                                   {product} {ergonomic}
   size_t MinHeapSize                              = 8388608                                   {product} {ergonomic}
    uintx NonNMethodCodeHeapSize                   = 5839372                                {pd product} {ergonomic}
    uintx NonProfiledCodeHeapSize                  = 131298042                              {pd product} {ergonomic}
    uintx ProfiledCodeHeapSize                     = 131298042                              {pd product} {ergonomic}
    uintx ReservedCodeCacheSize                    = 268435456                              {pd product} {command line}
     bool SegmentedCodeCache                       = true                                      {product} {ergonomic}
   size_t SoftMaxHeapSize                          = 2147483648                             {manageable} {ergonomic}
     bool UseCompressedOops                        = true                           {product lp64_product} {ergonomic}
     bool UseG1GC                                  = true                                      {product} {ergonomic}
     bool UseLargePagesIndividualAllocation        = false                                  {pd product} {ergonomic}

Logging:
Log output configuration:
 #0: stdout all=warning uptime,level,tags foldmultilines=false
 #1: stderr all=off uptime,level,tags foldmultilines=false

Release file:
JAVA_VERSION="21.0.12.1" 
MODULES="java.base java.compiler java.datatransfer java.xml java.prefs java.desktop java.instrument java.logging java.management java.security.sasl java.naming java.rmi java.management.rmi java.net.http java.scripting java.security.jgss java.transaction.xa java.sql java.sql.rowset java.xml.crypto java.se java.smartcardio jdk.accessibility jdk.internal.jvmstat jdk.attach jdk.charsets jdk.internal.opt jdk.zipfs jdk.compiler jdk.crypto.ec jdk.crypto.cryptoki jdk.crypto.mscapi jdk.dynalink jdk.internal.ed jdk.editpad jdk.hotspot.agent jdk.httpserver jdk.internal.le jdk.internal.vm.ci jdk.internal.vm.compiler jdk.internal.vm.compiler.management jdk.jartool jdk.javadoc jdk.jcmd jdk.management jdk.management.agent jdk.jconsole jdk.jdeps jdk.jdwp.agent jdk.jdi jdk.jfr jdk.jshell jdk.jsobject jdk.jstatd jdk.localedata jdk.management.jfr jdk.naming.dns jdk.naming.rmi jdk.net jdk.nio.mapmode jdk.random jdk.sctp jdk.security.auth jdk.security.jgss jdk.unsupported jdk.unsupported.desktop jdk.xml.dom" 

Environment Variables:
PATH=C:\Program Files\Common Files\Oracle\Java\javapath;C:\windows\system32;C:\windows;C:\windows\System32\Wbem;C:\windows\System32\WindowsPowerShell\v1.0\;C:\windows\System32\OpenSSH\;C:\Program Files (x86)\NVIDIA Corporation\PhysX\Common;C:\Program Files\NVIDIA Corporation\NVIDIA NvDLISR;C:\Users\Administrator\AppData\Local\Microsoft\WindowsApps;C:\Program Files\HP\OMEN-Broadcast\Common;C:\WINDOWS\system32;C:\WINDOWS;C:\WINDOWS\System32\Wbem;C:\WINDOWS\System32\WindowsPowerShell\v1.0\;C:\WINDOWS\System32\OpenSSH\;C:\src\flutter\bin;C:\Users\user5\AppData\Local\Android\Sdk\platform-tools;C:\Program Files\MySQL\MySQL Server 8.0\bin;C:\Program Files\Git\cmd;C:\Program Files\Git\mingw64\bin;C:\src\flutter\bin;C:\Program Files\Git\usr\bin;C:\Program Files\nodejs\;C:\Program Files\MySQL\MySQL Shell 8.0\bin\;C:\Users\user5\AppData\Local\Microsoft\WindowsApps;C:\Users\user5\AppData\Local\Programs\Microsoft VS Code\bin;C:\MinGW\bin;C:\Program Files\JetBrains\IntelliJ IDEA Community Edition 2025.1.1.1\bin;C:\Program Files\Git\cmd;;C:\Users\user5\AppData\Local\Programs\Antigravity IDE\bin;C:\Users\user5\AppData\Roaming\npm
USERNAME=User
OS=Windows_NT
PROCESSOR_IDENTIFIER=Intel64 Family 6 Model 154 Stepping 3, GenuineIntel
TMP=D:\temp
TEMP=D:\temp




Periodic native trim disabled

---------------  S Y S T E M  ---------------

OS:
 Windows 11 , 64 bit Build 26100 (10.0.26100.9444)
OS uptime: 0 days 4:03 hours
Hyper-V role detected

CPU: total 12 (initial active 12) (6 cores per cpu, 2 threads per core) family 6 model 154 stepping 3 microcode 0x435, cx8, cmov, fxsr, ht, mmx, 3dnowpref, sse, sse2, sse3, ssse3, sse4.1, sse4.2, popcnt, lzcnt, tsc, tscinvbit, avx, avx2, aes, erms, clmul, bmi1, bmi2, adx, sha, fma, vzeroupper, clflush, clflushopt, clwb, hv, serialize, rdtscp, rdpid, fsrm, f16c, cet_ibt, cet_ss
Processor Information for the first 12 processors :
  Max Mhz: 2000, Current Mhz: 2000, Mhz Limit: 2000

Memory: 4k page, system-wide physical 7832M (16M free)
TotalPageFile size 28210M (AvailPageFile size 3M)
current process WorkingSet (physical memory assigned to process): 192M, peak: 319M
current process commit charge ("private bytes"): 467M, peak: 474M

vm_info: OpenJDK 64-Bit Server VM (21.0.12.1+1-LTS) for windows-amd64 JRE (21.0.12.1+1-LTS), built on 2026-08-18T00:00:00Z by "admin" with MS VC++ 17.12 (VS2022)

END.
