#
# There is insufficient memory for the Java Runtime Environment to continue.
# Native memory allocation (malloc) failed to allocate 1061376 bytes. Error detail: Chunk::new
# Possible reasons:
#   The system is out of physical RAM or swap space
#   This process is running with CompressedOops enabled, and the Java Heap may be blocking the growth of the native heap
# Possible solutions:
#   Reduce memory load on the system
#   Increase physical memory or swap space
#   Check if swap backing store is full
#   Decrease Java heap size (-Xmx/-Xms)
#   Decrease number of Java threads
#   Decrease Java thread stack sizes (-Xss)
#   Set larger code cache with -XX:ReservedCodeCacheSize=
#   JVM is running with Unscaled Compressed Oops mode in which the Java heap is
#     placed in the first 4GB address space. The Java Heap base address is the
#     maximum limit for the native heap growth. Please use -XX:HeapBaseMinAddress
#     to set the Java Heap base and to place the Java Heap above 4GB virtual address.
# This output file may be truncated or incomplete.
#
#  Out of Memory Error (arena.cpp:168), pid=28248, tid=29932
#
# JRE version: OpenJDK Runtime Environment Temurin-21.0.12.1+1 (21.0.12.1+1) (build 21.0.12.1+1-LTS)
# Java VM: OpenJDK 64-Bit Server VM Temurin-21.0.12.1+1 (21.0.12.1+1-LTS, mixed mode, sharing, tiered, compressed oops, compressed class ptrs, g1 gc, windows-amd64)
# No core dump will be written. Minidumps are not enabled by default on client versions of Windows
#

---------------  S U M M A R Y ------------

Command Line: --add-opens=java.base/java.lang=ALL-UNNAMED --add-opens=java.base/java.lang.invoke=ALL-UNNAMED --add-opens=java.base/java.util=ALL-UNNAMED --add-opens=java.prefs/java.util.prefs=ALL-UNNAMED --add-exports=jdk.compiler/com.sun.tools.javac.api=ALL-UNNAMED --add-exports=jdk.compiler/com.sun.tools.javac.util=ALL-UNNAMED --add-opens=java.base/java.util=ALL-UNNAMED --add-opens=java.prefs/java.util.prefs=ALL-UNNAMED --add-opens=java.base/java.nio.charset=ALL-UNNAMED --add-opens=java.base/java.net=ALL-UNNAMED --add-opens=java.base/java.util.concurrent.atomic=ALL-UNNAMED --add-opens=java.xml/javax.xml.namespace=ALL-UNNAMED -XX:MaxMetaspaceSize=512m -XX:ReservedCodeCacheSize=256m -XX:+HeapDumpOnOutOfMemoryError -Xmx2G -Dfile.encoding=UTF-8 -Duser.country=IN -Duser.language=en -Duser.variant -javaagent:D:\gradle_cache\wrapper\dists\gradle-8.12-all\ejduaidbjup3bmmkhw3rie4zb\gradle-8.12\lib\agents\gradle-instrumentation-agent-8.12.jar org.gradle.launcher.daemon.bootstrap.GradleDaemon 8.12

Host: 12th Gen Intel(R) Core(TM) i5-12450H, 12 cores, 7G,  Windows 11 , 64 bit Build 26100 (10.0.26100.9444)
Time: Sun Sep 13 16:57:16 2026 India Standard Time elapsed time: 324.354759 seconds (0d 0h 5m 24s)

---------------  T H R E A D  ---------------

Current thread (0x000001ce5482a170):  JavaThread "C2 CompilerThread0" daemon [_thread_in_native, id=29932, stack(0x000000b7d3500000,0x000000b7d3600000) (1024K)]


Current CompileTask:
C2:324354 13670       4       java.beans.Introspector::addMethod (241 bytes)

Stack: [0x000000b7d3500000,0x000000b7d3600000]
Native frames: (J=compiled Java code, j=interpreted, Vv=VM code, C=native code)
V  [jvm.dll+0x6d83e9]
V  [jvm.dll+0x8b5736]
V  [jvm.dll+0x8b7cee]
V  [jvm.dll+0x8b83d3]
V  [jvm.dll+0x284596]
V  [jvm.dll+0xc685d]
V  [jvm.dll+0xc6da1]
V  [jvm.dll+0x2fb5ae]
V  [jvm.dll+0x5fee94]
V  [jvm.dll+0x255d67]
V  [jvm.dll+0x25612d]
V  [jvm.dll+0x24e6a0]
V  [jvm.dll+0x24bbe6]
V  [jvm.dll+0x1cb4ae]
V  [jvm.dll+0x25baad]
V  [jvm.dll+0x25a03a]
V  [jvm.dll+0x3f8aae]
V  [jvm.dll+0x8600cd]
V  [jvm.dll+0x6d6c1d]
C  [ucrtbase.dll+0x2cd30]
C  [KERNEL32.DLL+0x2cd87]
C  [ntdll.dll+0xacaec]


---------------  P R O C E S S  ---------------

Threads class SMR info:
_java_thread_list=0x000001ce791f27c0, length=154, elements={
0x000001ce3bc4fbb0, 0x000001ce54808b60, 0x000001ce548097c0, 0x000001ce5480f220,
0x000001ce54810770, 0x000001ce548111d0, 0x000001ce5481d3a0, 0x000001ce5482a170,
0x000001ce5482d030, 0x000001ce54a2d710, 0x000001ce54a1ccc0, 0x000001ce75624e90,
0x000001ce74f350a0, 0x000001ce74d595b0, 0x000001ce7563aca0, 0x000001ce7563ccf0,
0x000001ce75988b10, 0x000001ce759914d0, 0x000001ce7598ed70, 0x000001ce759921f0,
0x000001ce75991b60, 0x000001ce7598f400, 0x000001ce7598fa90, 0x000001ce75990120,
0x000001ce76174a30, 0x000001ce761743a0, 0x000001ce76175de0, 0x000001ce761750c0,
0x000001ce76173680, 0x000001ce76177190, 0x000001ce76173d10, 0x000001ce76179260,
0x000001ce76177820, 0x000001ce76178bd0, 0x000001ce76179f80, 0x000001ce759907b0,
0x000001ce76124be0, 0x000001ce76125900, 0x000001ce76122480, 0x000001ce761231a0,
0x000001ce76123830, 0x000001ce76125f90, 0x000001ce76125270, 0x000001ce76122b10,
0x000001ce76123ec0, 0x000001ce76126cb0, 0x000001ce76127340, 0x000001ce761279d0,
0x000001ce76124550, 0x000001ce76128060, 0x000001ce76129410, 0x000001ce761286f0,
0x000001ce76128d80, 0x000001ce76129aa0, 0x000001ce76126620, 0x000001ce7725d140,
0x000001ce7725d7d0, 0x000001ce7725de60, 0x000001ce7725e4f0, 0x000001ce7725c420,
0x000001ce7725b070, 0x000001ce7725cab0, 0x000001ce7725b700, 0x000001ce7725bd90,
0x000001ce75f87340, 0x000001ce75f879d0, 0x000001ce75f86cb0, 0x000001ce75f886f0,
0x000001ce75f89410, 0x000001ce75f89aa0, 0x000001ce75f86620, 0x000001ce75f8bb70,
0x000001ce75f8d5b0, 0x000001ce75f8b4e0, 0x000001ce75f8c200, 0x000001ce75f8a7c0,
0x000001ce75f8c890, 0x000001ce75f8a130, 0x000001ce75f8cf20, 0x000001ce75f8ae50,
0x000001ce75990e40, 0x000001ce7769ed80, 0x000001ce776a0130, 0x000001ce7769e060,
0x000001ce776a14e0, 0x000001ce7769e6f0, 0x000001ce780c46d0, 0x000001ce780c67a0,
0x000001ce780c6110, 0x000001ce780c4d60, 0x000001ce780c53f0, 0x000001ce780c5a80,
0x000001ce780c6e30, 0x000001ce780c74c0, 0x000001ce780c4040, 0x000001ce780cafd0,
0x000001ce780c9590, 0x000001ce780c81e0, 0x000001ce780c8f00, 0x000001ce780c7b50,
0x000001ce780c8870, 0x000001ce780cb660, 0x000001ce780ca2b0, 0x000001ce780c9c20,
0x000001ce780ca940, 0x000001ce77c7f400, 0x000001ce77c821f0, 0x000001ce77c7ed70,
0x000001ce77c82f10, 0x000001ce77c80120, 0x000001ce77c7fa90, 0x000001ce77c814d0,
0x000001ce77c83c30, 0x000001ce77c807b0, 0x000001ce77c82880, 0x000001ce77c81b60,
0x000001ce77c835a0, 0x000001ce77c842c0, 0x000001ce77c80e40, 0x000001ce77c84950,
0x000001ce77c84fe0, 0x000001ce77c85670, 0x000001ce77c85d00, 0x000001ce77c86390,
0x000001ce78972aa0, 0x000001ce78973e50, 0x000001ce78971060, 0x000001ce78973130,
0x000001ce789744e0, 0x000001ce78974b70, 0x000001ce789716f0, 0x000001ce78975200,
0x000001ce78971d80, 0x000001ce78972410, 0x000001ce78975890, 0x000001ce78976c40,
0x000001ce789765b0, 0x000001ce789737c0, 0x000001ce789772d0, 0x000001ce78977960,
0x000001ce78977ff0, 0x000001ce78978680, 0x000001ce78975f20, 0x000001ce7769f410,
0x000001ce7769faa0, 0x000001ce776a07c0, 0x000001ce776a0e50, 0x000001ce7924c510,
0x000001ce79249090, 0x000001ce79249720, 0x000001ce78c69ef0, 0x000001ce79c72780,
0x000001ce78c6ac10, 0x000001ce78c6b2a0
}

Java Threads: ( => current thread )
  0x000001ce3bc4fbb0 JavaThread "main"                              [_thread_blocked, id=8424, stack(0x000000b7d2700000,0x000000b7d2800000) (1024K)]
  0x000001ce54808b60 JavaThread "Reference Handler"          daemon [_thread_blocked, id=35372, stack(0x000000b7d2f00000,0x000000b7d3000000) (1024K)]
  0x000001ce548097c0 JavaThread "Finalizer"                  daemon [_thread_blocked, id=21888, stack(0x000000b7d3000000,0x000000b7d3100000) (1024K)]
  0x000001ce5480f220 JavaThread "Signal Dispatcher"          daemon [_thread_blocked, id=21916, stack(0x000000b7d3100000,0x000000b7d3200000) (1024K)]
  0x000001ce54810770 JavaThread "Attach Listener"            daemon [_thread_blocked, id=21408, stack(0x000000b7d3200000,0x000000b7d3300000) (1024K)]
  0x000001ce548111d0 JavaThread "Service Thread"             daemon [_thread_blocked, id=31180, stack(0x000000b7d3300000,0x000000b7d3400000) (1024K)]
  0x000001ce5481d3a0 JavaThread "Monitor Deflation Thread"   daemon [_thread_blocked, id=21800, stack(0x000000b7d3400000,0x000000b7d3500000) (1024K)]
=>0x000001ce5482a170 JavaThread "C2 CompilerThread0"         daemon [_thread_in_native, id=29932, stack(0x000000b7d3500000,0x000000b7d3600000) (1024K)]
  0x000001ce5482d030 JavaThread "C1 CompilerThread0"         daemon [_thread_blocked, id=37872, stack(0x000000b7d3600000,0x000000b7d3700000) (1024K)]
  0x000001ce54a2d710 JavaThread "Common-Cleaner"             daemon [_thread_blocked, id=9208, stack(0x000000b7d3700000,0x000000b7d3800000) (1024K)]
  0x000001ce54a1ccc0 JavaThread "Notification Thread"        daemon [_thread_blocked, id=17692, stack(0x000000b7d3800000,0x000000b7d3900000) (1024K)]
  0x000001ce75624e90 JavaThread "Daemon health stats"               [_thread_blocked, id=21556, stack(0x000000b7d4000000,0x000000b7d4100000) (1024K)]
  0x000001ce74f350a0 JavaThread "Incoming local TCP Connector on port 64732"        [_thread_in_native, id=32260, stack(0x000000b7d4100000,0x000000b7d4200000) (1024K)]
  0x000001ce74d595b0 JavaThread "Daemon periodic checks"            [_thread_blocked, id=24652, stack(0x000000b7d4200000,0x000000b7d4300000) (1024K)]
  0x000001ce7563aca0 JavaThread "Daemon"                            [_thread_blocked, id=33824, stack(0x000000b7d4300000,0x000000b7d4400000) (1024K)]
  0x000001ce7563ccf0 JavaThread "Handler for socket connection from /127.0.0.1:64732 to /127.0.0.1:64733"        [_thread_in_native, id=35516, stack(0x000000b7d4400000,0x000000b7d4500000) (1024K)]
  0x000001ce75988b10 JavaThread "Cancel handler"                    [_thread_blocked, id=2908, stack(0x000000b7d4500000,0x000000b7d4600000) (1024K)]
  0x000001ce759914d0 JavaThread "Daemon worker"                     [_thread_in_vm, id=14904, stack(0x000000b7d4600000,0x000000b7d4700000) (1024K)]
  0x000001ce7598ed70 JavaThread "Asynchronous log dispatcher for DefaultDaemonConnection: socket connection from /127.0.0.1:64732 to /127.0.0.1:64733"        [_thread_blocked, id=8980, stack(0x000000b7d4700000,0x000000b7d4800000) (1024K)]
  0x000001ce759921f0 JavaThread "Stdin handler"                     [_thread_blocked, id=28008, stack(0x000000b7d4800000,0x000000b7d4900000) (1024K)]
  0x000001ce75991b60 JavaThread "Daemon client event forwarder"        [_thread_blocked, id=35820, stack(0x000000b7d4900000,0x000000b7d4a00000) (1024K)]
  0x000001ce7598f400 JavaThread "Cache worker for journal cache (D:\gradle_cache\caches\journal-1)"        [_thread_blocked, id=31368, stack(0x000000b7d4a00000,0x000000b7d4b00000) (1024K)]
  0x000001ce7598fa90 JavaThread "File lock request listener"        [_thread_in_native, id=37400, stack(0x000000b7d4b00000,0x000000b7d4c00000) (1024K)]
  0x000001ce75990120 JavaThread "Cache worker for file hash cache (D:\gradle_cache\caches\8.12\fileHashes)"        [_thread_blocked, id=36660, stack(0x000000b7d4c00000,0x000000b7d4d00000) (1024K)]
  0x000001ce76174a30 JavaThread "Cache worker for file hash cache (D:\pranjal\electricity_billing\mobile\android\.gradle\8.12\fileHashes)"        [_thread_blocked, id=30076, stack(0x000000b7d5300000,0x000000b7d5400000) (1024K)]
  0x000001ce761743a0 JavaThread "Cache worker for Build Output Cleanup Cache (D:\pranjal\electricity_billing\mobile\android\.gradle\buildOutputCleanup)"        [_thread_blocked, id=37736, stack(0x000000b7d5400000,0x000000b7d5500000) (1024K)]
  0x000001ce76175de0 JavaThread "File watcher server"        daemon [_thread_in_native, id=29884, stack(0x000000b7d5500000,0x000000b7d5600000) (1024K)]
  0x000001ce761750c0 JavaThread "File watcher consumer"      daemon [_thread_blocked, id=27128, stack(0x000000b7d5600000,0x000000b7d5700000) (1024K)]
  0x000001ce76173680 JavaThread "Cache worker for checksums cache (D:\pranjal\electricity_billing\mobile\android\.gradle\8.12\checksums)"        [_thread_blocked, id=30232, stack(0x000000b7d5700000,0x000000b7d5800000) (1024K)]
  0x000001ce76177190 JavaThread "Cache worker for file content cache (D:\gradle_cache\caches\8.12\fileContent)"        [_thread_blocked, id=15944, stack(0x000000b7d5800000,0x000000b7d5900000) (1024K)]
  0x000001ce76173d10 JavaThread "Cache worker for cache directory md-rule (D:\gradle_cache\caches\8.12\md-rule)"        [_thread_blocked, id=13172, stack(0x000000b7d5900000,0x000000b7d5a00000) (1024K)]
  0x000001ce76179260 JavaThread "Cache worker for cache directory md-supplier (D:\gradle_cache\caches\8.12\md-supplier)"        [_thread_blocked, id=15196, stack(0x000000b7d5a00000,0x000000b7d5b00000) (1024K)]
  0x000001ce76177820 JavaThread "Cache worker for Build Output Cleanup Cache (C:\src\flutter\packages\flutter_tools\gradle\.gradle\buildOutputCleanup)"        [_thread_blocked, id=37868, stack(0x000000b7d5b00000,0x000000b7d5c00000) (1024K)]
  0x000001ce76178bd0 JavaThread "Unconstrained build operations"        [_thread_blocked, id=14280, stack(0x000000b7d2400000,0x000000b7d2500000) (1024K)]
  0x000001ce76179f80 JavaThread "Unconstrained build operations Thread 2"        [_thread_blocked, id=24992, stack(0x000000b7d2500000,0x000000b7d2600000) (1024K)]
  0x000001ce759907b0 JavaThread "Unconstrained build operations Thread 3"        [_thread_blocked, id=16672, stack(0x000000b7d2600000,0x000000b7d2700000) (1024K)]
  0x000001ce76124be0 JavaThread "Unconstrained build operations Thread 4"        [_thread_blocked, id=23748, stack(0x000000b7d4d00000,0x000000b7d4e00000) (1024K)]
  0x000001ce76125900 JavaThread "Unconstrained build operations Thread 5"        [_thread_blocked, id=21636, stack(0x000000b7d5c00000,0x000000b7d5d00000) (1024K)]
  0x000001ce76122480 JavaThread "Unconstrained build operations Thread 6"        [_thread_blocked, id=22384, stack(0x000000b7d5d00000,0x000000b7d5e00000) (1024K)]
  0x000001ce761231a0 JavaThread "Unconstrained build operations Thread 7"        [_thread_blocked, id=14992, stack(0x000000b7d5e00000,0x000000b7d5f00000) (1024K)]
  0x000001ce76123830 JavaThread "Unconstrained build operations Thread 8"        [_thread_blocked, id=26948, stack(0x000000b7d5f00000,0x000000b7d6000000) (1024K)]
  0x000001ce76125f90 JavaThread "Unconstrained build operations Thread 9"        [_thread_blocked, id=9860, stack(0x000000b7d6000000,0x000000b7d6100000) (1024K)]
  0x000001ce76125270 JavaThread "Unconstrained build operations Thread 10"        [_thread_blocked, id=5936, stack(0x000000b7d6100000,0x000000b7d6200000) (1024K)]
  0x000001ce76122b10 JavaThread "Unconstrained build operations Thread 11"        [_thread_blocked, id=36004, stack(0x000000b7d6200000,0x000000b7d6300000) (1024K)]
  0x000001ce76123ec0 JavaThread "Unconstrained build operations Thread 12"        [_thread_blocked, id=36124, stack(0x000000b7d6300000,0x000000b7d6400000) (1024K)]
  0x000001ce76126cb0 JavaThread "Unconstrained build operations Thread 13"        [_thread_blocked, id=31948, stack(0x000000b7d6400000,0x000000b7d6500000) (1024K)]
  0x000001ce76127340 JavaThread "Unconstrained build operations Thread 14"        [_thread_blocked, id=23580, stack(0x000000b7d6500000,0x000000b7d6600000) (1024K)]
  0x000001ce761279d0 JavaThread "Unconstrained build operations Thread 15"        [_thread_blocked, id=12508, stack(0x000000b7d6600000,0x000000b7d6700000) (1024K)]
  0x000001ce76124550 JavaThread "Unconstrained build operations Thread 16"        [_thread_blocked, id=16624, stack(0x000000b7d6700000,0x000000b7d6800000) (1024K)]
  0x000001ce76128060 JavaThread "Unconstrained build operations Thread 17"        [_thread_blocked, id=24288, stack(0x000000b7d6800000,0x000000b7d6900000) (1024K)]
  0x000001ce76129410 JavaThread "Unconstrained build operations Thread 18"        [_thread_blocked, id=24828, stack(0x000000b7d6900000,0x000000b7d6a00000) (1024K)]
  0x000001ce761286f0 JavaThread "Unconstrained build operations Thread 19"        [_thread_blocked, id=21696, stack(0x000000b7d6a00000,0x000000b7d6b00000) (1024K)]
  0x000001ce76128d80 JavaThread "Unconstrained build operations Thread 20"        [_thread_blocked, id=36364, stack(0x000000b7d6b00000,0x000000b7d6c00000) (1024K)]
  0x000001ce76129aa0 JavaThread "Unconstrained build operations Thread 21"        [_thread_blocked, id=1488, stack(0x000000b7d6c00000,0x000000b7d6d00000) (1024K)]
  0x000001ce76126620 JavaThread "Unconstrained build operations Thread 22"        [_thread_blocked, id=11560, stack(0x000000b7d6d00000,0x000000b7d6e00000) (1024K)]
  0x000001ce7725d140 JavaThread "Unconstrained build operations Thread 23"        [_thread_blocked, id=34932, stack(0x000000b7d6e00000,0x000000b7d6f00000) (1024K)]
  0x000001ce7725d7d0 JavaThread "Unconstrained build operations Thread 24"        [_thread_blocked, id=34088, stack(0x000000b7d6f00000,0x000000b7d7000000) (1024K)]
  0x000001ce7725de60 JavaThread "Unconstrained build operations Thread 25"        [_thread_blocked, id=22772, stack(0x000000b7d7000000,0x000000b7d7100000) (1024K)]
  0x000001ce7725e4f0 JavaThread "Unconstrained build operations Thread 26"        [_thread_blocked, id=31252, stack(0x000000b7d7100000,0x000000b7d7200000) (1024K)]
  0x000001ce7725c420 JavaThread "Unconstrained build operations Thread 27"        [_thread_blocked, id=3048, stack(0x000000b7d7200000,0x000000b7d7300000) (1024K)]
  0x000001ce7725b070 JavaThread "Unconstrained build operations Thread 28"        [_thread_blocked, id=31488, stack(0x000000b7d7300000,0x000000b7d7400000) (1024K)]
  0x000001ce7725cab0 JavaThread "Unconstrained build operations Thread 29"        [_thread_blocked, id=36264, stack(0x000000b7d7400000,0x000000b7d7500000) (1024K)]
  0x000001ce7725b700 JavaThread "Unconstrained build operations Thread 30"        [_thread_blocked, id=7084, stack(0x000000b7d7500000,0x000000b7d7600000) (1024K)]
  0x000001ce7725bd90 JavaThread "Unconstrained build operations Thread 31"        [_thread_blocked, id=37864, stack(0x000000b7d7600000,0x000000b7d7700000) (1024K)]
  0x000001ce75f87340 JavaThread "Unconstrained build operations Thread 32"        [_thread_blocked, id=30936, stack(0x000000b7d7700000,0x000000b7d7800000) (1024K)]
  0x000001ce75f879d0 JavaThread "Unconstrained build operations Thread 33"        [_thread_blocked, id=31600, stack(0x000000b7d7800000,0x000000b7d7900000) (1024K)]
  0x000001ce75f86cb0 JavaThread "Memory manager"                    [_thread_blocked, id=29016, stack(0x000000b7d7900000,0x000000b7d7a00000) (1024K)]
  0x000001ce75f886f0 JavaThread "build event listener"              [_thread_blocked, id=33492, stack(0x000000b7d7a00000,0x000000b7d7b00000) (1024K)]
  0x000001ce75f89410 JavaThread "included builds"                   [_thread_blocked, id=5612, stack(0x000000b7d4e00000,0x000000b7d4f00000) (1024K)]
  0x000001ce75f89aa0 JavaThread "Execution worker"                  [_thread_blocked, id=22820, stack(0x000000b7d7b00000,0x000000b7d7c00000) (1024K)]
  0x000001ce75f86620 JavaThread "Execution worker Thread 2"         [_thread_blocked, id=30704, stack(0x000000b7d7c00000,0x000000b7d7d00000) (1024K)]
  0x000001ce75f8bb70 JavaThread "Execution worker Thread 3"         [_thread_blocked, id=34884, stack(0x000000b7d7d00000,0x000000b7d7e00000) (1024K)]
  0x000001ce75f8d5b0 JavaThread "Execution worker Thread 4"         [_thread_blocked, id=30412, stack(0x000000b7d7e00000,0x000000b7d7f00000) (1024K)]
  0x000001ce75f8b4e0 JavaThread "Execution worker Thread 5"         [_thread_blocked, id=35924, stack(0x000000b7d7f00000,0x000000b7d8000000) (1024K)]
  0x000001ce75f8c200 JavaThread "Execution worker Thread 6"         [_thread_blocked, id=34372, stack(0x000000b7d8000000,0x000000b7d8100000) (1024K)]
  0x000001ce75f8a7c0 JavaThread "Execution worker Thread 7"         [_thread_blocked, id=15392, stack(0x000000b7d8100000,0x000000b7d8200000) (1024K)]
  0x000001ce75f8c890 JavaThread "Execution worker Thread 8"         [_thread_blocked, id=30500, stack(0x000000b7d8200000,0x000000b7d8300000) (1024K)]
  0x000001ce75f8a130 JavaThread "Execution worker Thread 9"         [_thread_blocked, id=25772, stack(0x000000b7d8300000,0x000000b7d8400000) (1024K)]
  0x000001ce75f8cf20 JavaThread "Execution worker Thread 10"        [_thread_blocked, id=31424, stack(0x000000b7d8400000,0x000000b7d8500000) (1024K)]
  0x000001ce75f8ae50 JavaThread "Execution worker Thread 11"        [_thread_blocked, id=36268, stack(0x000000b7d8500000,0x000000b7d8600000) (1024K)]
  0x000001ce75990e40 JavaThread "Cache worker for execution history cache (C:\src\flutter\packages\flutter_tools\gradle\.gradle\8.12\executionHistory)"        [_thread_blocked, id=8356, stack(0x000000b7d8600000,0x000000b7d8700000) (1024K)]
  0x000001ce7769ed80 JavaThread "File lock release action executor Thread 3"        [_thread_blocked, id=27460, stack(0x000000b7d8700000,0x000000b7d8800000) (1024K)]
  0x000001ce776a0130 JavaThread "Unconstrained build operations Thread 34"        [_thread_blocked, id=23392, stack(0x000000b7d8800000,0x000000b7d8900000) (1024K)]
  0x000001ce7769e060 JavaThread "Unconstrained build operations Thread 35"        [_thread_blocked, id=31616, stack(0x000000b7d8900000,0x000000b7d8a00000) (1024K)]
  0x000001ce776a14e0 JavaThread "Unconstrained build operations Thread 36"        [_thread_blocked, id=3916, stack(0x000000b7d8a00000,0x000000b7d8b00000) (1024K)]
  0x000001ce7769e6f0 JavaThread "Unconstrained build operations Thread 37"        [_thread_blocked, id=12972, stack(0x000000b7d8b00000,0x000000b7d8c00000) (1024K)]
  0x000001ce780c46d0 JavaThread "Unconstrained build operations Thread 38"        [_thread_blocked, id=31872, stack(0x000000b7d8c00000,0x000000b7d8d00000) (1024K)]
  0x000001ce780c67a0 JavaThread "Unconstrained build operations Thread 39"        [_thread_blocked, id=10328, stack(0x000000b7d8d00000,0x000000b7d8e00000) (1024K)]
  0x000001ce780c6110 JavaThread "Unconstrained build operations Thread 40"        [_thread_blocked, id=34644, stack(0x000000b7d8e00000,0x000000b7d8f00000) (1024K)]
  0x000001ce780c4d60 JavaThread "Unconstrained build operations Thread 41"        [_thread_blocked, id=16856, stack(0x000000b7d8f00000,0x000000b7d9000000) (1024K)]
  0x000001ce780c53f0 JavaThread "Unconstrained build operations Thread 42"        [_thread_blocked, id=11172, stack(0x000000b7d9000000,0x000000b7d9100000) (1024K)]
  0x000001ce780c5a80 JavaThread "Unconstrained build operations Thread 43"        [_thread_blocked, id=26388, stack(0x000000b7d9100000,0x000000b7d9200000) (1024K)]
  0x000001ce780c6e30 JavaThread "Unconstrained build operations Thread 44"        [_thread_blocked, id=14796, stack(0x000000b7d9200000,0x000000b7d9300000) (1024K)]
  0x000001ce780c74c0 JavaThread "Unconstrained build operations Thread 45"        [_thread_blocked, id=27640, stack(0x000000b7d9300000,0x000000b7d9400000) (1024K)]
  0x000001ce780c4040 JavaThread "Unconstrained build operations Thread 46"        [_thread_blocked, id=30684, stack(0x000000b7d9400000,0x000000b7d9500000) (1024K)]
  0x000001ce780cafd0 JavaThread "Unconstrained build operations Thread 47"        [_thread_blocked, id=28064, stack(0x000000b7d9500000,0x000000b7d9600000) (1024K)]
  0x000001ce780c9590 JavaThread "Unconstrained build operations Thread 48"        [_thread_blocked, id=6296, stack(0x000000b7d9600000,0x000000b7d9700000) (1024K)]
  0x000001ce780c81e0 JavaThread "Unconstrained build operations Thread 49"        [_thread_blocked, id=29312, stack(0x000000b7d9700000,0x000000b7d9800000) (1024K)]
  0x000001ce780c8f00 JavaThread "Unconstrained build operations Thread 50"        [_thread_blocked, id=31840, stack(0x000000b7d9800000,0x000000b7d9900000) (1024K)]
  0x000001ce780c7b50 JavaThread "Unconstrained build operations Thread 51"        [_thread_blocked, id=1656, stack(0x000000b7d9900000,0x000000b7d9a00000) (1024K)]
  0x000001ce780c8870 JavaThread "Unconstrained build operations Thread 52"        [_thread_blocked, id=35208, stack(0x000000b7d9a00000,0x000000b7d9b00000) (1024K)]
  0x000001ce780cb660 JavaThread "Unconstrained build operations Thread 53"        [_thread_blocked, id=28916, stack(0x000000b7d9b00000,0x000000b7d9c00000) (1024K)]
  0x000001ce780ca2b0 JavaThread "Unconstrained build operations Thread 54"        [_thread_blocked, id=20640, stack(0x000000b7d9c00000,0x000000b7d9d00000) (1024K)]
  0x000001ce780c9c20 JavaThread "Unconstrained build operations Thread 55"        [_thread_blocked, id=14996, stack(0x000000b7d9d00000,0x000000b7d9e00000) (1024K)]
  0x000001ce780ca940 JavaThread "Unconstrained build operations Thread 56"        [_thread_blocked, id=35828, stack(0x000000b7d9e00000,0x000000b7d9f00000) (1024K)]
  0x000001ce77c7f400 JavaThread "Unconstrained build operations Thread 57"        [_thread_blocked, id=29272, stack(0x000000b7d9f00000,0x000000b7da000000) (1024K)]
  0x000001ce77c821f0 JavaThread "Unconstrained build operations Thread 58"        [_thread_blocked, id=3316, stack(0x000000b7da000000,0x000000b7da100000) (1024K)]
  0x000001ce77c7ed70 JavaThread "Unconstrained build operations Thread 59"        [_thread_blocked, id=34900, stack(0x000000b7da100000,0x000000b7da200000) (1024K)]
  0x000001ce77c82f10 JavaThread "Unconstrained build operations Thread 60"        [_thread_blocked, id=29560, stack(0x000000b7da200000,0x000000b7da300000) (1024K)]
  0x000001ce77c80120 JavaThread "Unconstrained build operations Thread 61"        [_thread_blocked, id=25392, stack(0x000000b7da300000,0x000000b7da400000) (1024K)]
  0x000001ce77c7fa90 JavaThread "Unconstrained build operations Thread 62"        [_thread_blocked, id=36320, stack(0x000000b7da400000,0x000000b7da500000) (1024K)]
  0x000001ce77c814d0 JavaThread "Unconstrained build operations Thread 63"        [_thread_blocked, id=31000, stack(0x000000b7da500000,0x000000b7da600000) (1024K)]
  0x000001ce77c83c30 JavaThread "Unconstrained build operations Thread 64"        [_thread_blocked, id=4044, stack(0x000000b7da600000,0x000000b7da700000) (1024K)]
  0x000001ce77c807b0 JavaThread "Unconstrained build operations Thread 65"        [_thread_blocked, id=24548, stack(0x000000b7da700000,0x000000b7da800000) (1024K)]
  0x000001ce77c82880 JavaThread "Unconstrained build operations Thread 66"        [_thread_blocked, id=28468, stack(0x000000b7da800000,0x000000b7da900000) (1024K)]
  0x000001ce77c81b60 JavaThread "Unconstrained build operations Thread 67"        [_thread_blocked, id=23548, stack(0x000000b7da900000,0x000000b7daa00000) (1024K)]
  0x000001ce77c835a0 JavaThread "Unconstrained build operations Thread 68"        [_thread_blocked, id=21784, stack(0x000000b7daa00000,0x000000b7dab00000) (1024K)]
  0x000001ce77c842c0 JavaThread "Unconstrained build operations Thread 69"        [_thread_blocked, id=30764, stack(0x000000b7dab00000,0x000000b7dac00000) (1024K)]
  0x000001ce77c80e40 JavaThread "Unconstrained build operations Thread 70"        [_thread_blocked, id=35076, stack(0x000000b7dac00000,0x000000b7dad00000) (1024K)]
  0x000001ce77c84950 JavaThread "Unconstrained build operations Thread 71"        [_thread_blocked, id=23760, stack(0x000000b7dad00000,0x000000b7dae00000) (1024K)]
  0x000001ce77c84fe0 JavaThread "Unconstrained build operations Thread 72"        [_thread_blocked, id=24564, stack(0x000000b7dae00000,0x000000b7daf00000) (1024K)]
  0x000001ce77c85670 JavaThread "Unconstrained build operations Thread 73"        [_thread_blocked, id=30832, stack(0x000000b7daf00000,0x000000b7db000000) (1024K)]
  0x000001ce77c85d00 JavaThread "Unconstrained build operations Thread 74"        [_thread_blocked, id=33764, stack(0x000000b7db000000,0x000000b7db100000) (1024K)]
  0x000001ce77c86390 JavaThread "Unconstrained build operations Thread 75"        [_thread_blocked, id=10900, stack(0x000000b7db100000,0x000000b7db200000) (1024K)]
  0x000001ce78972aa0 JavaThread "Unconstrained build operations Thread 76"        [_thread_blocked, id=32596, stack(0x000000b7db200000,0x000000b7db300000) (1024K)]
  0x000001ce78973e50 JavaThread "Unconstrained build operations Thread 77"        [_thread_blocked, id=21780, stack(0x000000b7db300000,0x000000b7db400000) (1024K)]
  0x000001ce78971060 JavaThread "Unconstrained build operations Thread 78"        [_thread_blocked, id=15932, stack(0x000000b7db400000,0x000000b7db500000) (1024K)]
  0x000001ce78973130 JavaThread "Unconstrained build operations Thread 79"        [_thread_blocked, id=32396, stack(0x000000b7db500000,0x000000b7db600000) (1024K)]
  0x000001ce789744e0 JavaThread "Unconstrained build operations Thread 80"        [_thread_blocked, id=30328, stack(0x000000b7db600000,0x000000b7db700000) (1024K)]
  0x000001ce78974b70 JavaThread "Unconstrained build operations Thread 81"        [_thread_blocked, id=13276, stack(0x000000b7db700000,0x000000b7db800000) (1024K)]
  0x000001ce789716f0 JavaThread "Unconstrained build operations Thread 82"        [_thread_blocked, id=25596, stack(0x000000b7db800000,0x000000b7db900000) (1024K)]
  0x000001ce78975200 JavaThread "Unconstrained build operations Thread 83"        [_thread_blocked, id=34008, stack(0x000000b7db900000,0x000000b7dba00000) (1024K)]
  0x000001ce78971d80 JavaThread "Unconstrained build operations Thread 84"        [_thread_blocked, id=11280, stack(0x000000b7dba00000,0x000000b7dbb00000) (1024K)]
  0x000001ce78972410 JavaThread "Unconstrained build operations Thread 85"        [_thread_blocked, id=11776, stack(0x000000b7dbb00000,0x000000b7dbc00000) (1024K)]
  0x000001ce78975890 JavaThread "Unconstrained build operations Thread 86"        [_thread_blocked, id=2168, stack(0x000000b7dbc00000,0x000000b7dbd00000) (1024K)]
  0x000001ce78976c40 JavaThread "Unconstrained build operations Thread 87"        [_thread_blocked, id=11216, stack(0x000000b7dbd00000,0x000000b7dbe00000) (1024K)]
  0x000001ce789765b0 JavaThread "Unconstrained build operations Thread 88"        [_thread_blocked, id=4920, stack(0x000000b7dbe00000,0x000000b7dbf00000) (1024K)]
  0x000001ce789737c0 JavaThread "Unconstrained build operations Thread 89"        [_thread_blocked, id=24292, stack(0x000000b7dbf00000,0x000000b7dc000000) (1024K)]
  0x000001ce789772d0 JavaThread "Unconstrained build operations Thread 90"        [_thread_blocked, id=28708, stack(0x000000b7dc000000,0x000000b7dc100000) (1024K)]
  0x000001ce78977960 JavaThread "Unconstrained build operations Thread 91"        [_thread_blocked, id=11692, stack(0x000000b7dc100000,0x000000b7dc200000) (1024K)]
  0x000001ce78977ff0 JavaThread "Unconstrained build operations Thread 92"        [_thread_blocked, id=29804, stack(0x000000b7dc200000,0x000000b7dc300000) (1024K)]
  0x000001ce78978680 JavaThread "Unconstrained build operations Thread 93"        [_thread_blocked, id=17068, stack(0x000000b7dc300000,0x000000b7dc400000) (1024K)]
  0x000001ce78975f20 JavaThread "Unconstrained build operations Thread 94"        [_thread_blocked, id=14884, stack(0x000000b7dc400000,0x000000b7dc500000) (1024K)]
  0x000001ce7769f410 JavaThread "Unconstrained build operations Thread 95"        [_thread_blocked, id=11168, stack(0x000000b7dc500000,0x000000b7dc600000) (1024K)]
  0x000001ce7769faa0 JavaThread "Unconstrained build operations Thread 96"        [_thread_blocked, id=27456, stack(0x000000b7dc600000,0x000000b7dc700000) (1024K)]
  0x000001ce776a07c0 JavaThread "Unconstrained build operations Thread 97"        [_thread_blocked, id=37560, stack(0x000000b7dc700000,0x000000b7dc800000) (1024K)]
  0x000001ce776a0e50 JavaThread "Unconstrained build operations Thread 98"        [_thread_blocked, id=31440, stack(0x000000b7dc800000,0x000000b7dc900000) (1024K)]
  0x000001ce7924c510 JavaThread "Unconstrained build operations Thread 99"        [_thread_blocked, id=35052, stack(0x000000b7dc900000,0x000000b7dca00000) (1024K)]
  0x000001ce79249090 JavaThread "Unconstrained build operations Thread 100"        [_thread_blocked, id=30644, stack(0x000000b7dca00000,0x000000b7dcb00000) (1024K)]
  0x000001ce79249720 JavaThread "Unconstrained build operations Thread 101"        [_thread_blocked, id=34772, stack(0x000000b7dcb00000,0x000000b7dcc00000) (1024K)]
  0x000001ce78c69ef0 JavaThread "build event listener"              [_thread_blocked, id=23004, stack(0x000000b7dce00000,0x000000b7dcf00000) (1024K)]
  0x000001ce79c72780 JavaThread "jar transforms"                    [_thread_blocked, id=35596, stack(0x000000b7dcf00000,0x000000b7dd000000) (1024K)]
  0x000001ce78c6ac10 JavaThread "jar transforms Thread 2"           [_thread_blocked, id=29056, stack(0x000000b7dd000000,0x000000b7dd100000) (1024K)]
  0x000001ce78c6b2a0 JavaThread "Problems report writer"            [_thread_blocked, id=23560, stack(0x000000b7dd100000,0x000000b7dd200000) (1024K)]
Total: 154

Other Threads:
  0x000001ce547ea3e0 VMThread "VM Thread"                           [id=15632, stack(0x000000b7d2e00000,0x000000b7d2f00000) (1024K)]
  0x000001ce547dd050 WatcherThread "VM Periodic Task Thread"        [id=23584, stack(0x000000b7d2d00000,0x000000b7d2e00000) (1024K)]
  0x000001ce3bca9730 WorkerThread "GC Thread#0"                     [id=35120, stack(0x000000b7d2800000,0x000000b7d2900000) (1024K)]
  0x000001ce743984d0 WorkerThread "GC Thread#1"                     [id=32916, stack(0x000000b7d3900000,0x000000b7d3a00000) (1024K)]
  0x000001ce7426a190 WorkerThread "GC Thread#2"                     [id=24668, stack(0x000000b7d3a00000,0x000000b7d3b00000) (1024K)]
  0x000001ce74b30ad0 WorkerThread "GC Thread#3"                     [id=31832, stack(0x000000b7d3b00000,0x000000b7d3c00000) (1024K)]
  0x000001ce74b30e80 WorkerThread "GC Thread#4"                     [id=27628, stack(0x000000b7d3c00000,0x000000b7d3d00000) (1024K)]
  0x000001ce74f8c220 WorkerThread "GC Thread#5"                     [id=37092, stack(0x000000b7d3d00000,0x000000b7d3e00000) (1024K)]
  0x000001ce74f8c5d0 WorkerThread "GC Thread#6"                     [id=33668, stack(0x000000b7d3e00000,0x000000b7d3f00000) (1024K)]
  0x000001ce74f8c980 WorkerThread "GC Thread#7"                     [id=2732, stack(0x000000b7d3f00000,0x000000b7d4000000) (1024K)]
  0x000001ce548e93c0 WorkerThread "GC Thread#8"                     [id=29768, stack(0x000000b7d4f00000,0x000000b7d5000000) (1024K)]
  0x000001ce548e8c60 WorkerThread "GC Thread#9"                     [id=35512, stack(0x000000b7d5000000,0x000000b7d5100000) (1024K)]
  0x000001ce3bcbae40 ConcurrentGCThread "G1 Main Marker"            [id=33992, stack(0x000000b7d2900000,0x000000b7d2a00000) (1024K)]
  0x000001ce3bcbb860 WorkerThread "G1 Conc#0"                       [id=30588, stack(0x000000b7d2a00000,0x000000b7d2b00000) (1024K)]
  0x000001ce748ad7a0 WorkerThread "G1 Conc#1"                       [id=7304, stack(0x000000b7d5100000,0x000000b7d5200000) (1024K)]
  0x000001ce748ad3f0 WorkerThread "G1 Conc#2"                       [id=21520, stack(0x000000b7d5200000,0x000000b7d5300000) (1024K)]
  0x000001ce3bd0e510 ConcurrentGCThread "G1 Refine#0"               [id=35008, stack(0x000000b7d2b00000,0x000000b7d2c00000) (1024K)]
  0x000001ce546a91d0 ConcurrentGCThread "G1 Service"                [id=14744, stack(0x000000b7d2c00000,0x000000b7d2d00000) (1024K)]
Total: 18

Threads with active compile tasks:
C2 CompilerThread0  324398 13670       4       java.beans.Introspector::addMethod (241 bytes)
Total: 1

VM state: not at safepoint (normal execution)

VM Mutex/Monitor currently owned by a thread: None

Heap address: 0x0000000080000000, size: 2048 MB, Compressed Oops mode: 32-bit

CDS archive(s) mapped at: [0x000001ce55000000-0x000001ce55ba0000-0x000001ce55ba0000), size 12189696, SharedBaseAddress: 0x000001ce55000000, ArchiveRelocationMode: 1.
Compressed class space mapped at: 0x000001ce56000000-0x000001ce70000000, reserved size: 436207616
Narrow klass base: 0x000001ce55000000, Narrow klass shift: 0, Narrow klass range: 0x100000000

GC Precious Log:
 CardTable entry size: 512
 Card Set container configuration: InlinePtr #cards 5 size 8 Array Of Cards #cards 12 size 40 Howl #buckets 4 coarsen threshold 1843 Howl Bitmap #cards 512 size 80 coarsen threshold 460 Card regions per heap region 1 cards per card region 2048
 CPUs: 12 total, 12 available
 Memory: 7832M
 Large Page Support: Disabled
 NUMA Support: Disabled
 Compressed Oops: Enabled (32-bit)
 Heap Region Size: 1M
 Heap Min Capacity: 8M
 Heap Initial Capacity: 124M
 Heap Max Capacity: 2G
 Pre-touch: Disabled
 Parallel Workers: 10
 Concurrent Workers: 3
 Concurrent Refinement Workers: 10
 Periodic GC: Disabled

Heap:
 garbage-first heap   total 181248K, used 162024K [0x0000000080000000, 0x0000000100000000)
  region size 1024K, 57 young (58368K), 7 survivors (7168K)
 Metaspace       used 106952K, committed 109312K, reserved 557056K
  class space    used 15153K, committed 16320K, reserved 425984K

Heap Regions: E=young(eden), S=young(survivor), O=old, HS=humongous(starts), HC=humongous(continues), CS=collection set, F=free, TAMS=top-at-mark-start, PB=parsable bottom
|   0|0x0000000080000000, 0x0000000080100000, 0x0000000080100000|100%| O|  |TAMS 0x0000000080000000| PB 0x0000000080000000| Untracked 
|   1|0x0000000080100000, 0x0000000080200000, 0x0000000080200000|100%|HS|  |TAMS 0x0000000080100000| PB 0x0000000080100000| Complete 
|   2|0x0000000080200000, 0x0000000080300000, 0x0000000080300000|100%|HC|  |TAMS 0x0000000080200000| PB 0x0000000080200000| Complete 
|   3|0x0000000080300000, 0x0000000080400000, 0x0000000080400000|100%|HC|  |TAMS 0x0000000080300000| PB 0x0000000080300000| Complete 
|   4|0x0000000080400000, 0x0000000080500000, 0x0000000080500000|100%| O|  |TAMS 0x0000000080400000| PB 0x0000000080400000| Untracked 
|   5|0x0000000080500000, 0x0000000080600000, 0x0000000080600000|100%| O|  |TAMS 0x0000000080500000| PB 0x0000000080500000| Untracked 
|   6|0x0000000080600000, 0x0000000080700000, 0x0000000080700000|100%| O|  |TAMS 0x0000000080600000| PB 0x0000000080600000| Untracked 
|   7|0x0000000080700000, 0x0000000080800000, 0x0000000080800000|100%|HS|  |TAMS 0x0000000080700000| PB 0x0000000080700000| Complete 
|   8|0x0000000080800000, 0x0000000080900000, 0x0000000080900000|100%| O|  |TAMS 0x0000000080800000| PB 0x0000000080800000| Untracked 
|   9|0x0000000080900000, 0x0000000080a00000, 0x0000000080a00000|100%| O|  |TAMS 0x0000000080900000| PB 0x0000000080900000| Untracked 
|  10|0x0000000080a00000, 0x0000000080b00000, 0x0000000080b00000|100%| O|  |TAMS 0x0000000080a00000| PB 0x0000000080a00000| Untracked 
|  11|0x0000000080b00000, 0x0000000080c00000, 0x0000000080c00000|100%| O|  |TAMS 0x0000000080b00000| PB 0x0000000080b00000| Untracked 
|  12|0x0000000080c00000, 0x0000000080d00000, 0x0000000080d00000|100%| O|  |TAMS 0x0000000080c00000| PB 0x0000000080c00000| Untracked 
|  13|0x0000000080d00000, 0x0000000080e00000, 0x0000000080e00000|100%| O|  |TAMS 0x0000000080d00000| PB 0x0000000080d00000| Untracked 
|  14|0x0000000080e00000, 0x0000000080f00000, 0x0000000080f00000|100%| O|  |TAMS 0x0000000080e00000| PB 0x0000000080e00000| Untracked 
|  15|0x0000000080f00000, 0x0000000081000000, 0x0000000081000000|100%| O|  |TAMS 0x0000000080f00000| PB 0x0000000080f00000| Untracked 
|  16|0x0000000081000000, 0x0000000081100000, 0x0000000081100000|100%| O|  |TAMS 0x0000000081000000| PB 0x0000000081000000| Untracked 
|  17|0x0000000081100000, 0x0000000081200000, 0x0000000081200000|100%| O|  |TAMS 0x0000000081100000| PB 0x0000000081100000| Untracked 
|  18|0x0000000081200000, 0x0000000081300000, 0x0000000081300000|100%| O|  |TAMS 0x0000000081200000| PB 0x0000000081200000| Untracked 
|  19|0x0000000081300000, 0x0000000081400000, 0x0000000081400000|100%| O|  |TAMS 0x0000000081300000| PB 0x0000000081300000| Untracked 
|  20|0x0000000081400000, 0x0000000081500000, 0x0000000081500000|100%| O|  |TAMS 0x0000000081400000| PB 0x0000000081400000| Untracked 
|  21|0x0000000081500000, 0x0000000081600000, 0x0000000081600000|100%| O|  |TAMS 0x0000000081500000| PB 0x0000000081500000| Untracked 
|  22|0x0000000081600000, 0x0000000081700000, 0x0000000081700000|100%| O|  |TAMS 0x0000000081600000| PB 0x0000000081600000| Untracked 
|  23|0x0000000081700000, 0x0000000081800000, 0x0000000081800000|100%| O|  |TAMS 0x0000000081700000| PB 0x0000000081700000| Untracked 
|  24|0x0000000081800000, 0x0000000081900000, 0x0000000081900000|100%| O|  |TAMS 0x0000000081800000| PB 0x0000000081800000| Untracked 
|  25|0x0000000081900000, 0x0000000081a00000, 0x0000000081a00000|100%| O|  |TAMS 0x0000000081900000| PB 0x0000000081900000| Untracked 
|  26|0x0000000081a00000, 0x0000000081b00000, 0x0000000081b00000|100%| O|  |TAMS 0x0000000081a00000| PB 0x0000000081a00000| Untracked 
|  27|0x0000000081b00000, 0x0000000081c00000, 0x0000000081c00000|100%| O|  |TAMS 0x0000000081b00000| PB 0x0000000081b00000| Untracked 
|  28|0x0000000081c00000, 0x0000000081d00000, 0x0000000081d00000|100%|HS|  |TAMS 0x0000000081c00000| PB 0x0000000081c00000| Complete 
|  29|0x0000000081d00000, 0x0000000081e00000, 0x0000000081e00000|100%| O|  |TAMS 0x0000000081d00000| PB 0x0000000081d00000| Untracked 
|  30|0x0000000081e00000, 0x0000000081f00000, 0x0000000081f00000|100%|HS|  |TAMS 0x0000000081e00000| PB 0x0000000081e00000| Complete 
|  31|0x0000000081f00000, 0x0000000082000000, 0x0000000082000000|100%|HC|  |TAMS 0x0000000081f00000| PB 0x0000000081f00000| Complete 
|  32|0x0000000082000000, 0x0000000082100000, 0x0000000082100000|100%| O|  |TAMS 0x0000000082000000| PB 0x0000000082000000| Untracked 
|  33|0x0000000082100000, 0x0000000082200000, 0x0000000082200000|100%| O|  |TAMS 0x0000000082100000| PB 0x0000000082100000| Untracked 
|  34|0x0000000082200000, 0x0000000082300000, 0x0000000082300000|100%| O|  |TAMS 0x0000000082200000| PB 0x0000000082200000| Untracked 
|  35|0x0000000082300000, 0x0000000082400000, 0x0000000082400000|100%| O|  |TAMS 0x0000000082300000| PB 0x0000000082300000| Untracked 
|  36|0x0000000082400000, 0x0000000082500000, 0x0000000082500000|100%| O|  |TAMS 0x0000000082400000| PB 0x0000000082400000| Untracked 
|  37|0x0000000082500000, 0x0000000082600000, 0x0000000082600000|100%| O|  |TAMS 0x0000000082500000| PB 0x0000000082500000| Untracked 
|  38|0x0000000082600000, 0x0000000082700000, 0x0000000082700000|100%| O|  |TAMS 0x0000000082600000| PB 0x0000000082600000| Untracked 
|  39|0x0000000082700000, 0x0000000082800000, 0x0000000082800000|100%| O|  |TAMS 0x0000000082700000| PB 0x0000000082700000| Untracked 
|  40|0x0000000082800000, 0x0000000082900000, 0x0000000082900000|100%| O|  |TAMS 0x0000000082800000| PB 0x0000000082800000| Untracked 
|  41|0x0000000082900000, 0x0000000082a00000, 0x0000000082a00000|100%|HS|  |TAMS 0x0000000082900000| PB 0x0000000082900000| Complete 
|  42|0x0000000082a00000, 0x0000000082b00000, 0x0000000082b00000|100%|HC|  |TAMS 0x0000000082a00000| PB 0x0000000082a00000| Complete 
|  43|0x0000000082b00000, 0x0000000082c00000, 0x0000000082c00000|100%| O|  |TAMS 0x0000000082b00000| PB 0x0000000082b00000| Untracked 
|  44|0x0000000082c00000, 0x0000000082d00000, 0x0000000082d00000|100%| O|  |TAMS 0x0000000082c00000| PB 0x0000000082c00000| Untracked 
|  45|0x0000000082d00000, 0x0000000082e00000, 0x0000000082e00000|100%| O|  |TAMS 0x0000000082d00000| PB 0x0000000082d00000| Untracked 
|  46|0x0000000082e00000, 0x0000000082f00000, 0x0000000082f00000|100%| O|  |TAMS 0x0000000082e00000| PB 0x0000000082e00000| Untracked 
|  47|0x0000000082f00000, 0x0000000083000000, 0x0000000083000000|100%|HS|  |TAMS 0x0000000082f00000| PB 0x0000000082f00000| Complete 
|  48|0x0000000083000000, 0x0000000083100000, 0x0000000083100000|100%|HS|  |TAMS 0x0000000083000000| PB 0x0000000083000000| Complete 
|  49|0x0000000083100000, 0x0000000083200000, 0x0000000083200000|100%|HC|  |TAMS 0x0000000083100000| PB 0x0000000083100000| Complete 
|  50|0x0000000083200000, 0x0000000083300000, 0x0000000083300000|100%| O|  |TAMS 0x0000000083200000| PB 0x0000000083200000| Untracked 
|  51|0x0000000083300000, 0x0000000083400000, 0x0000000083400000|100%| O|  |TAMS 0x0000000083300000| PB 0x0000000083300000| Untracked 
|  52|0x0000000083400000, 0x0000000083500000, 0x0000000083500000|100%| O|  |TAMS 0x0000000083400000| PB 0x0000000083400000| Untracked 
|  53|0x0000000083500000, 0x0000000083600000, 0x0000000083600000|100%| O|  |TAMS 0x0000000083500000| PB 0x0000000083500000| Untracked 
|  54|0x0000000083600000, 0x0000000083700000, 0x0000000083700000|100%| O|  |TAMS 0x0000000083600000| PB 0x0000000083600000| Untracked 
|  55|0x0000000083700000, 0x0000000083800000, 0x0000000083800000|100%|HS|  |TAMS 0x0000000083700000| PB 0x0000000083700000| Complete 
|  56|0x0000000083800000, 0x0000000083900000, 0x0000000083900000|100%| O|  |TAMS 0x0000000083800000| PB 0x0000000083800000| Untracked 
|  57|0x0000000083900000, 0x0000000083a00000, 0x0000000083a00000|100%| O|  |TAMS 0x0000000083900000| PB 0x0000000083900000| Untracked 
|  58|0x0000000083a00000, 0x0000000083b00000, 0x0000000083b00000|100%| O|  |TAMS 0x0000000083a00000| PB 0x0000000083a00000| Untracked 
|  59|0x0000000083b00000, 0x0000000083c00000, 0x0000000083c00000|100%|HS|  |TAMS 0x0000000083b00000| PB 0x0000000083b00000| Complete 
|  60|0x0000000083c00000, 0x0000000083d00000, 0x0000000083d00000|100%| O|  |TAMS 0x0000000083c00000| PB 0x0000000083c00000| Untracked 
|  61|0x0000000083d00000, 0x0000000083e00000, 0x0000000083e00000|100%| O|  |TAMS 0x0000000083d00000| PB 0x0000000083d00000| Untracked 
|  62|0x0000000083e00000, 0x0000000083f00000, 0x0000000083f00000|100%|HS|  |TAMS 0x0000000083e00000| PB 0x0000000083e00000| Complete 
|  63|0x0000000083f00000, 0x0000000084000000, 0x0000000084000000|100%| O|  |TAMS 0x0000000083f00000| PB 0x0000000083f00000| Untracked 
|  64|0x0000000084000000, 0x0000000084100000, 0x0000000084100000|100%| O|  |TAMS 0x0000000084000000| PB 0x0000000084000000| Untracked 
|  65|0x0000000084100000, 0x0000000084200000, 0x0000000084200000|100%|HS|  |TAMS 0x0000000084100000| PB 0x0000000084100000| Complete 
|  66|0x0000000084200000, 0x0000000084300000, 0x0000000084300000|100%|HC|  |TAMS 0x0000000084200000| PB 0x0000000084200000| Complete 
|  67|0x0000000084300000, 0x0000000084400000, 0x0000000084400000|100%| O|  |TAMS 0x0000000084300000| PB 0x0000000084300000| Untracked 
|  68|0x0000000084400000, 0x0000000084500000, 0x0000000084500000|100%| O|  |TAMS 0x0000000084400000| PB 0x0000000084400000| Untracked 
|  69|0x0000000084500000, 0x0000000084600000, 0x0000000084600000|100%| O|  |TAMS 0x0000000084500000| PB 0x0000000084500000| Untracked 
|  70|0x0000000084600000, 0x0000000084700000, 0x0000000084700000|100%| O|  |TAMS 0x0000000084600000| PB 0x0000000084600000| Untracked 
|  71|0x0000000084700000, 0x0000000084800000, 0x0000000084800000|100%| O|  |TAMS 0x0000000084700000| PB 0x0000000084700000| Untracked 
|  72|0x0000000084800000, 0x0000000084900000, 0x0000000084900000|100%|HS|  |TAMS 0x0000000084800000| PB 0x0000000084800000| Complete 
|  73|0x0000000084900000, 0x000000008493a158, 0x0000000084a00000| 22%| O|  |TAMS 0x0000000084900000| PB 0x0000000084900000| Untracked 
|  74|0x0000000084a00000, 0x0000000084b00000, 0x0000000084b00000|100%| O|  |TAMS 0x0000000084a00000| PB 0x0000000084a00000| Untracked 
|  75|0x0000000084b00000, 0x0000000084c00000, 0x0000000084c00000|100%|HS|  |TAMS 0x0000000084b00000| PB 0x0000000084b00000| Complete 
|  76|0x0000000084c00000, 0x0000000084d00000, 0x0000000084d00000|100%| O|  |TAMS 0x0000000084c00000| PB 0x0000000084c00000| Untracked 
|  77|0x0000000084d00000, 0x0000000084e00000, 0x0000000084e00000|100%| O|  |TAMS 0x0000000084d00000| PB 0x0000000084d00000| Untracked 
|  78|0x0000000084e00000, 0x0000000084f00000, 0x0000000084f00000|100%| O|  |TAMS 0x0000000084e00000| PB 0x0000000084e00000| Untracked 
|  79|0x0000000084f00000, 0x0000000085000000, 0x0000000085000000|100%|HS|  |TAMS 0x0000000084f00000| PB 0x0000000084f00000| Complete 
|  80|0x0000000085000000, 0x0000000085100000, 0x0000000085100000|100%|HS|  |TAMS 0x0000000085000000| PB 0x0000000085000000| Complete 
|  81|0x0000000085100000, 0x0000000085200000, 0x0000000085200000|100%|HC|  |TAMS 0x0000000085100000| PB 0x0000000085100000| Complete 
|  82|0x0000000085200000, 0x0000000085300000, 0x0000000085300000|100%| O|  |TAMS 0x0000000085200000| PB 0x0000000085200000| Untracked 
|  83|0x0000000085300000, 0x0000000085400000, 0x0000000085400000|100%| O|  |TAMS 0x0000000085300000| PB 0x0000000085300000| Untracked 
|  84|0x0000000085400000, 0x0000000085500000, 0x0000000085500000|100%| O|  |TAMS 0x0000000085400000| PB 0x0000000085400000| Untracked 
|  85|0x0000000085500000, 0x0000000085600000, 0x0000000085600000|100%| O|  |TAMS 0x0000000085500000| PB 0x0000000085500000| Untracked 
|  86|0x0000000085600000, 0x0000000085700000, 0x0000000085700000|100%| O|Cm|TAMS 0x0000000085600000| PB 0x0000000085600000| Complete 
|  87|0x0000000085700000, 0x0000000085800000, 0x0000000085800000|100%| O|  |TAMS 0x0000000085700000| PB 0x0000000085700000| Untracked 
|  88|0x0000000085800000, 0x0000000085900000, 0x0000000085900000|100%| O|  |TAMS 0x0000000085800000| PB 0x0000000085800000| Untracked 
|  89|0x0000000085900000, 0x0000000085a00000, 0x0000000085a00000|100%| O|  |TAMS 0x0000000085900000| PB 0x0000000085900000| Untracked 
|  90|0x0000000085a00000, 0x0000000085b00000, 0x0000000085b00000|100%| O|  |TAMS 0x0000000085a00000| PB 0x0000000085a00000| Untracked 
|  91|0x0000000085b00000, 0x0000000085c00000, 0x0000000085c00000|100%| O|Cm|TAMS 0x0000000085b00000| PB 0x0000000085b00000| Complete 
|  92|0x0000000085c00000, 0x0000000085d00000, 0x0000000085d00000|100%|HS|  |TAMS 0x0000000085c00000| PB 0x0000000085c00000| Complete 
|  93|0x0000000085d00000, 0x0000000085e00000, 0x0000000085e00000|100%|HC|  |TAMS 0x0000000085d00000| PB 0x0000000085d00000| Complete 
|  94|0x0000000085e00000, 0x0000000085e00000, 0x0000000085f00000|  0%| F|  |TAMS 0x0000000085e00000| PB 0x0000000085e00000| Untracked 
|  95|0x0000000085f00000, 0x0000000085f00000, 0x0000000086000000|  0%| F|  |TAMS 0x0000000085f00000| PB 0x0000000085f00000| Untracked 
|  96|0x0000000086000000, 0x0000000086000000, 0x0000000086100000|  0%| F|  |TAMS 0x0000000086000000| PB 0x0000000086000000| Untracked 
|  97|0x0000000086100000, 0x0000000086100000, 0x0000000086200000|  0%| F|  |TAMS 0x0000000086100000| PB 0x0000000086100000| Untracked 
|  98|0x0000000086200000, 0x0000000086200000, 0x0000000086300000|  0%| F|  |TAMS 0x0000000086200000| PB 0x0000000086200000| Untracked 
|  99|0x0000000086300000, 0x0000000086300000, 0x0000000086400000|  0%| F|  |TAMS 0x0000000086300000| PB 0x0000000086300000| Untracked 
| 100|0x0000000086400000, 0x0000000086400000, 0x0000000086500000|  0%| F|  |TAMS 0x0000000086400000| PB 0x0000000086400000| Untracked 
| 101|0x0000000086500000, 0x0000000086500000, 0x0000000086600000|  0%| F|  |TAMS 0x0000000086500000| PB 0x0000000086500000| Untracked 
| 102|0x0000000086600000, 0x0000000086600000, 0x0000000086700000|  0%| F|  |TAMS 0x0000000086600000| PB 0x0000000086600000| Untracked 
| 103|0x0000000086700000, 0x0000000086700000, 0x0000000086800000|  0%| F|  |TAMS 0x0000000086700000| PB 0x0000000086700000| Untracked 
| 104|0x0000000086800000, 0x0000000086800000, 0x0000000086900000|  0%| F|  |TAMS 0x0000000086800000| PB 0x0000000086800000| Untracked 
| 105|0x0000000086900000, 0x0000000086900000, 0x0000000086a00000|  0%| F|  |TAMS 0x0000000086900000| PB 0x0000000086900000| Untracked 
| 106|0x0000000086a00000, 0x0000000086a00000, 0x0000000086b00000|  0%| F|  |TAMS 0x0000000086a00000| PB 0x0000000086a00000| Untracked 
| 107|0x0000000086b00000, 0x0000000086b00000, 0x0000000086c00000|  0%| F|  |TAMS 0x0000000086b00000| PB 0x0000000086b00000| Untracked 
| 108|0x0000000086c00000, 0x0000000086c00000, 0x0000000086d00000|  0%| F|  |TAMS 0x0000000086c00000| PB 0x0000000086c00000| Untracked 
| 109|0x0000000086d00000, 0x0000000086d00000, 0x0000000086e00000|  0%| F|  |TAMS 0x0000000086d00000| PB 0x0000000086d00000| Untracked 
| 110|0x0000000086e00000, 0x0000000086f00000, 0x0000000086f00000|100%| E|  |TAMS 0x0000000086e00000| PB 0x0000000086e00000| Complete 
| 111|0x0000000086f00000, 0x0000000087000000, 0x0000000087000000|100%| E|CS|TAMS 0x0000000086f00000| PB 0x0000000086f00000| Complete 
| 112|0x0000000087000000, 0x0000000087100000, 0x0000000087100000|100%| E|CS|TAMS 0x0000000087000000| PB 0x0000000087000000| Complete 
| 113|0x0000000087100000, 0x0000000087200000, 0x0000000087200000|100%| E|CS|TAMS 0x0000000087100000| PB 0x0000000087100000| Complete 
| 114|0x0000000087200000, 0x0000000087300000, 0x0000000087300000|100%| E|CS|TAMS 0x0000000087200000| PB 0x0000000087200000| Complete 
| 115|0x0000000087300000, 0x0000000087400000, 0x0000000087400000|100%| E|CS|TAMS 0x0000000087300000| PB 0x0000000087300000| Complete 
| 116|0x0000000087400000, 0x0000000087500000, 0x0000000087500000|100%| S|CS|TAMS 0x0000000087400000| PB 0x0000000087400000| Complete 
| 117|0x0000000087500000, 0x0000000087600000, 0x0000000087600000|100%| S|CS|TAMS 0x0000000087500000| PB 0x0000000087500000| Complete 
| 118|0x0000000087600000, 0x0000000087700000, 0x0000000087700000|100%| S|CS|TAMS 0x0000000087600000| PB 0x0000000087600000| Complete 
| 119|0x0000000087700000, 0x0000000087800000, 0x0000000087800000|100%| S|CS|TAMS 0x0000000087700000| PB 0x0000000087700000| Complete 
| 120|0x0000000087800000, 0x0000000087900000, 0x0000000087900000|100%| S|CS|TAMS 0x0000000087800000| PB 0x0000000087800000| Complete 
| 121|0x0000000087900000, 0x0000000087a00000, 0x0000000087a00000|100%| S|CS|TAMS 0x0000000087900000| PB 0x0000000087900000| Complete 
| 122|0x0000000087a00000, 0x0000000087b00000, 0x0000000087b00000|100%| S|CS|TAMS 0x0000000087a00000| PB 0x0000000087a00000| Complete 
| 123|0x0000000087b00000, 0x0000000087c00000, 0x0000000087c00000|100%| E|CS|TAMS 0x0000000087b00000| PB 0x0000000087b00000| Complete 
| 124|0x0000000087c00000, 0x0000000087d00000, 0x0000000087d00000|100%| E|CS|TAMS 0x0000000087c00000| PB 0x0000000087c00000| Complete 
| 125|0x0000000087d00000, 0x0000000087e00000, 0x0000000087e00000|100%| E|CS|TAMS 0x0000000087d00000| PB 0x0000000087d00000| Complete 
| 126|0x0000000087e00000, 0x0000000087f00000, 0x0000000087f00000|100%| E|CS|TAMS 0x0000000087e00000| PB 0x0000000087e00000| Complete 
| 127|0x0000000087f00000, 0x0000000088000000, 0x0000000088000000|100%| E|CS|TAMS 0x0000000087f00000| PB 0x0000000087f00000| Complete 
| 128|0x0000000088000000, 0x0000000088100000, 0x0000000088100000|100%| E|CS|TAMS 0x0000000088000000| PB 0x0000000088000000| Complete 
| 129|0x0000000088100000, 0x0000000088200000, 0x0000000088200000|100%| E|CS|TAMS 0x0000000088100000| PB 0x0000000088100000| Complete 
| 130|0x0000000088200000, 0x0000000088300000, 0x0000000088300000|100%| E|CS|TAMS 0x0000000088200000| PB 0x0000000088200000| Complete 
| 131|0x0000000088300000, 0x0000000088400000, 0x0000000088400000|100%| E|CS|TAMS 0x0000000088300000| PB 0x0000000088300000| Complete 
| 132|0x0000000088400000, 0x0000000088500000, 0x0000000088500000|100%| E|CS|TAMS 0x0000000088400000| PB 0x0000000088400000| Complete 
| 133|0x0000000088500000, 0x0000000088600000, 0x0000000088600000|100%| E|CS|TAMS 0x0000000088500000| PB 0x0000000088500000| Complete 
| 134|0x0000000088600000, 0x0000000088700000, 0x0000000088700000|100%| E|CS|TAMS 0x0000000088600000| PB 0x0000000088600000| Complete 
| 135|0x0000000088700000, 0x0000000088800000, 0x0000000088800000|100%| E|CS|TAMS 0x0000000088700000| PB 0x0000000088700000| Complete 
| 136|0x0000000088800000, 0x0000000088900000, 0x0000000088900000|100%| E|CS|TAMS 0x0000000088800000| PB 0x0000000088800000| Complete 
| 137|0x0000000088900000, 0x0000000088a00000, 0x0000000088a00000|100%| E|CS|TAMS 0x0000000088900000| PB 0x0000000088900000| Complete 
| 138|0x0000000088a00000, 0x0000000088b00000, 0x0000000088b00000|100%| E|CS|TAMS 0x0000000088a00000| PB 0x0000000088a00000| Complete 
| 139|0x0000000088b00000, 0x0000000088c00000, 0x0000000088c00000|100%| E|CS|TAMS 0x0000000088b00000| PB 0x0000000088b00000| Complete 
| 140|0x0000000088c00000, 0x0000000088d00000, 0x0000000088d00000|100%| E|CS|TAMS 0x0000000088c00000| PB 0x0000000088c00000| Complete 
| 141|0x0000000088d00000, 0x0000000088e00000, 0x0000000088e00000|100%| E|CS|TAMS 0x0000000088d00000| PB 0x0000000088d00000| Complete 
| 142|0x0000000088e00000, 0x0000000088f00000, 0x0000000088f00000|100%| E|CS|TAMS 0x0000000088e00000| PB 0x0000000088e00000| Complete 
| 143|0x0000000088f00000, 0x0000000089000000, 0x0000000089000000|100%| E|CS|TAMS 0x0000000088f00000| PB 0x0000000088f00000| Complete 
| 144|0x0000000089000000, 0x0000000089100000, 0x0000000089100000|100%| E|CS|TAMS 0x0000000089000000| PB 0x0000000089000000| Complete 
| 145|0x0000000089100000, 0x0000000089200000, 0x0000000089200000|100%| E|CS|TAMS 0x0000000089100000| PB 0x0000000089100000| Complete 
| 146|0x0000000089200000, 0x0000000089300000, 0x0000000089300000|100%| E|CS|TAMS 0x0000000089200000| PB 0x0000000089200000| Complete 
| 147|0x0000000089300000, 0x0000000089400000, 0x0000000089400000|100%| E|CS|TAMS 0x0000000089300000| PB 0x0000000089300000| Complete 
| 148|0x0000000089400000, 0x0000000089500000, 0x0000000089500000|100%| E|CS|TAMS 0x0000000089400000| PB 0x0000000089400000| Complete 
| 149|0x0000000089500000, 0x0000000089600000, 0x0000000089600000|100%| E|CS|TAMS 0x0000000089500000| PB 0x0000000089500000| Complete 
| 150|0x0000000089600000, 0x0000000089700000, 0x0000000089700000|100%| E|CS|TAMS 0x0000000089600000| PB 0x0000000089600000| Complete 
| 151|0x0000000089700000, 0x0000000089800000, 0x0000000089800000|100%| E|CS|TAMS 0x0000000089700000| PB 0x0000000089700000| Complete 
| 152|0x0000000089800000, 0x0000000089900000, 0x0000000089900000|100%| E|  |TAMS 0x0000000089800000| PB 0x0000000089800000| Complete 
| 153|0x0000000089900000, 0x0000000089a00000, 0x0000000089a00000|100%| E|CS|TAMS 0x0000000089900000| PB 0x0000000089900000| Complete 
| 154|0x0000000089a00000, 0x0000000089b00000, 0x0000000089b00000|100%| E|CS|TAMS 0x0000000089a00000| PB 0x0000000089a00000| Complete 
| 155|0x0000000089b00000, 0x0000000089c00000, 0x0000000089c00000|100%| E|CS|TAMS 0x0000000089b00000| PB 0x0000000089b00000| Complete 
| 156|0x0000000089c00000, 0x0000000089d00000, 0x0000000089d00000|100%| E|CS|TAMS 0x0000000089c00000| PB 0x0000000089c00000| Complete 
| 157|0x0000000089d00000, 0x0000000089e00000, 0x0000000089e00000|100%| E|CS|TAMS 0x0000000089d00000| PB 0x0000000089d00000| Complete 
| 158|0x0000000089e00000, 0x0000000089f00000, 0x0000000089f00000|100%| E|CS|TAMS 0x0000000089e00000| PB 0x0000000089e00000| Complete 
| 159|0x0000000089f00000, 0x000000008a000000, 0x000000008a000000|100%| E|CS|TAMS 0x0000000089f00000| PB 0x0000000089f00000| Complete 
| 160|0x000000008a000000, 0x000000008a100000, 0x000000008a100000|100%| E|CS|TAMS 0x000000008a000000| PB 0x000000008a000000| Complete 
| 161|0x000000008a100000, 0x000000008a200000, 0x000000008a200000|100%| E|CS|TAMS 0x000000008a100000| PB 0x000000008a100000| Complete 
|2033|0x00000000ff100000, 0x00000000ff200000, 0x00000000ff200000|100%| O|  |TAMS 0x00000000ff100000| PB 0x00000000ff100000| Untracked 
|2034|0x00000000ff200000, 0x00000000ff300000, 0x00000000ff300000|100%| O|  |TAMS 0x00000000ff200000| PB 0x00000000ff200000| Untracked 
|2035|0x00000000ff300000, 0x00000000ff400000, 0x00000000ff400000|100%| O|  |TAMS 0x00000000ff300000| PB 0x00000000ff300000| Untracked 
|2036|0x00000000ff400000, 0x00000000ff500000, 0x00000000ff500000|100%| O|Cm|TAMS 0x00000000ff400000| PB 0x00000000ff400000| Complete 
|2037|0x00000000ff500000, 0x00000000ff600000, 0x00000000ff600000|100%| E|CS|TAMS 0x00000000ff500000| PB 0x00000000ff500000| Complete 
|2038|0x00000000ff600000, 0x00000000ff700000, 0x00000000ff700000|100%| E|CS|TAMS 0x00000000ff600000| PB 0x00000000ff600000| Complete 
|2039|0x00000000ff700000, 0x00000000ff800000, 0x00000000ff800000|100%| O|  |TAMS 0x00000000ff700000| PB 0x00000000ff700000| Untracked 
|2040|0x00000000ff800000, 0x00000000ff900000, 0x00000000ff900000|100%| E|CS|TAMS 0x00000000ff800000| PB 0x00000000ff800000| Complete 
|2041|0x00000000ff900000, 0x00000000ffa00000, 0x00000000ffa00000|100%| O|  |TAMS 0x00000000ff900000| PB 0x00000000ff900000| Untracked 
|2042|0x00000000ffa00000, 0x00000000ffb00000, 0x00000000ffb00000|100%| E|CS|TAMS 0x00000000ffa00000| PB 0x00000000ffa00000| Complete 
|2043|0x00000000ffb00000, 0x00000000ffc00000, 0x00000000ffc00000|100%| E|CS|TAMS 0x00000000ffb00000| PB 0x00000000ffb00000| Complete 
|2044|0x00000000ffc00000, 0x00000000ffd00000, 0x00000000ffd00000|100%| O|  |TAMS 0x00000000ffc00000| PB 0x00000000ffc00000| Untracked 
|2045|0x00000000ffd00000, 0x00000000ffe00000, 0x00000000ffe00000|100%| O|  |TAMS 0x00000000ffd00000| PB 0x00000000ffd00000| Untracked 
|2046|0x00000000ffe00000, 0x00000000fff00000, 0x00000000fff00000|100%| O|  |TAMS 0x00000000ffe00000| PB 0x00000000ffe00000| Untracked 
|2047|0x00000000fff00000, 0x0000000100000000, 0x0000000100000000|100%| O|  |TAMS 0x00000000fff00000| PB 0x00000000fff00000| Untracked 

Card table byte_map: [0x000001ce4f7b0000,0x000001ce4fbb0000] _byte_map_base: 0x000001ce4f3b0000

Marking Bits: (CMBitMap*) 0x000001ce3bcaa560
 Bits: [0x000001ce4fbb0000, 0x000001ce51bb0000)

Polling page: 0x000001ce39ed0000

Metaspace:

Usage:
  Non-class:     89.65 MB used.
      Class:     14.80 MB used.
       Both:    104.45 MB used.

Virtual space:
  Non-class space:      128.00 MB reserved,      90.81 MB ( 71%) committed,  2 nodes.
      Class space:      416.00 MB reserved,      15.94 MB (  4%) committed,  1 nodes.
             Both:      544.00 MB reserved,     106.75 MB ( 20%) committed. 

Chunk freelists:
   Non-Class:  5.02 MB
       Class:  103.00 KB
        Both:  5.12 MB

MaxMetaspaceSize: 512.00 MB
CompressedClassSpaceSize: 416.00 MB
Initial GC threshold: 21.00 MB
Current GC threshold: 173.69 MB
CDS: on
 - commit_granule_bytes: 65536.
 - commit_granule_words: 8192.
 - virtual_space_node_default_size: 8388608.
 - enlarge_chunks_in_place: 1.
 - use_allocation_guard: 0.


Internal statistics:

num_allocs_failed_limit: 9.
num_arena_births: 4280.
num_arena_deaths: 2.
num_vsnodes_births: 3.
num_vsnodes_deaths: 0.
num_space_committed: 1708.
num_space_uncommitted: 0.
num_chunks_returned_to_freelist: 11.
num_chunks_taken_from_freelist: 9306.
num_chunk_merges: 6.
num_chunk_splits: 6105.
num_chunks_enlarged: 3875.
num_inconsistent_stats: 0.

CodeHeap 'non-profiled nmethods': size=128192Kb used=7224Kb max_used=7224Kb free=120967Kb
 bounds [0x000001ce47120000, 0x000001ce47830000, 0x000001ce4ee50000]
CodeHeap 'profiled nmethods': size=128192Kb used=22422Kb max_used=22422Kb free=105770Kb
 bounds [0x000001ce3ee50000, 0x000001ce40440000, 0x000001ce46b80000]
CodeHeap 'non-nmethods': size=5760Kb used=2771Kb max_used=2807Kb free=2988Kb
 bounds [0x000001ce46b80000, 0x000001ce46e50000, 0x000001ce47120000]
CodeCache: size=262144Kb, used=32417Kb, max_used=32453Kb, free=229725Kb
 total_blobs=12558, nmethods=11534, adapters=928, full_count=0
Compilation: enabled, stopped_count=0, restarted_count=0

Compilation events (20 events):
Event: 324.147 Thread 0x000001ce5482d030 13679       3       java.util.stream.SpinedBuffer::asArray (46 bytes)
Event: 324.147 Thread 0x000001ce5482d030 nmethod 13679 0x000001ce40430210 code [0x000001ce40430400, 0x000001ce40430a28]
Event: 324.147 Thread 0x000001ce5482d030 13680       3       java.util.stream.Nodes$SpinedNodeBuilder::copyInto (30 bytes)
Event: 324.147 Thread 0x000001ce5482d030 nmethod 13680 0x000001ce3ff68010 code [0x000001ce3ff681c0, 0x000001ce3ff68310]
Event: 324.148 Thread 0x000001ce5482d030 13682       3       groovy.lang.MetaProperty::getSetterName (23 bytes)
Event: 324.149 Thread 0x000001ce5482d030 nmethod 13682 0x000001ce40430c10 code [0x000001ce40430e20, 0x000001ce40431308]
Event: 324.170 Thread 0x000001ce5482d030 13683       3       org.codehaus.groovy.util.LockableObject::unlock (7 bytes)
Event: 324.170 Thread 0x000001ce5482d030 nmethod 13683 0x000001ce40431510 code [0x000001ce404316e0, 0x000001ce404319b0]
Event: 324.176 Thread 0x000001ce5482d030 13684       3       groovy.lang.GroovySystem::getMetaClassRegistry (4 bytes)
Event: 324.176 Thread 0x000001ce5482d030 nmethod 13684 0x000001ce40431a90 code [0x000001ce40431c20, 0x000001ce40431d18]
Event: 324.199 Thread 0x000001ce5482d030 13685       3       com.sun.beans.util.Cache::hash (49 bytes)
Event: 324.199 Thread 0x000001ce5482a170 nmethod 13668 0x000001ce4782a390 code [0x000001ce4782a860, 0x000001ce4782cc50]
Event: 324.200 Thread 0x000001ce5482d030 nmethod 13685 0x000001ce40431d90 code [0x000001ce40431f60, 0x000001ce404321f8]
Event: 324.200 Thread 0x000001ce5482a170 13670       4       java.beans.Introspector::addMethod (241 bytes)
Event: 324.271 Thread 0x000001ce5482d030 13686       3       org.codehaus.groovy.reflection.stdclasses.CachedSAMClass::isAssignableFrom (30 bytes)
Event: 324.272 Thread 0x000001ce5482d030 nmethod 13686 0x000001ce40432310 code [0x000001ce404324e0, 0x000001ce404327d0]
Event: 324.295 Thread 0x000001ce5482d030 13687       3       sun.reflect.generics.parser.SignatureParser::parseFormalTypeParameters (119 bytes)
Event: 324.297 Thread 0x000001ce5482d030 nmethod 13687 0x000001ce40432910 code [0x000001ce40432cc0, 0x000001ce40434340]
Event: 324.330 Thread 0x000001ce5482d030 13689       3       java.beans.FeatureDescriptor::<init> (69 bytes)
Event: 324.331 Thread 0x000001ce5482d030 nmethod 13689 0x000001ce40434c10 code [0x000001ce40434e40, 0x000001ce404355d0]

GC Heap History (20 events):
Event: 296.509 GC heap before
{Heap before GC invocations=31 (full 0):
 garbage-first heap   total 146432K, used 97970K [0x0000000080000000, 0x0000000100000000)
  region size 1024K, 10 young (10240K), 6 survivors (6144K)
 Metaspace       used 82168K, committed 84288K, reserved 557056K
  class space    used 11720K, committed 12800K, reserved 425984K
}
Event: 296.515 GC heap after
{Heap after GC invocations=32 (full 0):
 garbage-first heap   total 146432K, used 97298K [0x0000000080000000, 0x0000000100000000)
  region size 1024K, 3 young (3072K), 3 survivors (3072K)
 Metaspace       used 82168K, committed 84288K, reserved 557056K
  class space    used 11720K, committed 12800K, reserved 425984K
}
Event: 298.590 GC heap before
{Heap before GC invocations=33 (full 0):
 garbage-first heap   total 165888K, used 124946K [0x0000000080000000, 0x0000000100000000)
  region size 1024K, 28 young (28672K), 3 survivors (3072K)
 Metaspace       used 83959K, committed 86144K, reserved 557056K
  class space    used 11976K, committed 13056K, reserved 425984K
}
Event: 298.594 GC heap after
{Heap after GC invocations=34 (full 0):
 garbage-first heap   total 165888K, used 99704K [0x0000000080000000, 0x0000000100000000)
  region size 1024K, 4 young (4096K), 4 survivors (4096K)
 Metaspace       used 83959K, committed 86144K, reserved 557056K
  class space    used 11976K, committed 13056K, reserved 425984K
}
Event: 301.302 GC heap before
{Heap before GC invocations=34 (full 0):
 garbage-first heap   total 165888K, used 137592K [0x0000000080000000, 0x0000000100000000)
  region size 1024K, 41 young (41984K), 4 survivors (4096K)
 Metaspace       used 86893K, committed 89024K, reserved 557056K
  class space    used 12364K, committed 13440K, reserved 425984K
}
Event: 301.309 GC heap after
{Heap after GC invocations=35 (full 0):
 garbage-first heap   total 165888K, used 99808K [0x0000000080000000, 0x0000000100000000)
  region size 1024K, 4 young (4096K), 4 survivors (4096K)
 Metaspace       used 86893K, committed 89024K, reserved 557056K
  class space    used 12364K, committed 13440K, reserved 425984K
}
Event: 304.148 GC heap before
{Heap before GC invocations=35 (full 0):
 garbage-first heap   total 165888K, used 139744K [0x0000000080000000, 0x0000000100000000)
  region size 1024K, 43 young (44032K), 4 survivors (4096K)
 Metaspace       used 89916K, committed 92096K, reserved 557056K
  class space    used 12767K, committed 13824K, reserved 425984K
}
Event: 304.155 GC heap after
{Heap after GC invocations=36 (full 0):
 garbage-first heap   total 165888K, used 101714K [0x0000000080000000, 0x0000000100000000)
  region size 1024K, 4 young (4096K), 4 survivors (4096K)
 Metaspace       used 89916K, committed 92096K, reserved 557056K
  class space    used 12767K, committed 13824K, reserved 425984K
}
Event: 308.133 GC heap before
{Heap before GC invocations=37 (full 0):
 garbage-first heap   total 165888K, used 140626K [0x0000000080000000, 0x0000000100000000)
  region size 1024K, 45 young (46080K), 4 survivors (4096K)
 Metaspace       used 91046K, committed 93248K, reserved 557056K
  class space    used 12923K, committed 14016K, reserved 425984K
}
Event: 308.144 GC heap after
{Heap after GC invocations=38 (full 0):
 garbage-first heap   total 165888K, used 104410K [0x0000000080000000, 0x0000000100000000)
  region size 1024K, 6 young (6144K), 6 survivors (6144K)
 Metaspace       used 91046K, committed 93248K, reserved 557056K
  class space    used 12923K, committed 14016K, reserved 425984K
}
Event: 310.601 GC heap before
{Heap before GC invocations=38 (full 0):
 garbage-first heap   total 165888K, used 145370K [0x0000000080000000, 0x0000000100000000)
  region size 1024K, 46 young (47104K), 6 survivors (6144K)
 Metaspace       used 93762K, committed 96000K, reserved 557056K
  class space    used 13295K, committed 14400K, reserved 425984K
}
Event: 310.610 GC heap after
{Heap after GC invocations=39 (full 0):
 garbage-first heap   total 165888K, used 104087K [0x0000000080000000, 0x0000000100000000)
  region size 1024K, 2 young (2048K), 2 survivors (2048K)
 Metaspace       used 93762K, committed 96000K, reserved 557056K
  class space    used 13295K, committed 14400K, reserved 425984K
}
Event: 311.209 GC heap before
{Heap before GC invocations=39 (full 0):
 garbage-first heap   total 165888K, used 118423K [0x0000000080000000, 0x0000000100000000)
  region size 1024K, 17 young (17408K), 2 survivors (2048K)
 Metaspace       used 94975K, committed 97216K, reserved 557056K
  class space    used 13466K, committed 14592K, reserved 425984K
}
Event: 311.213 GC heap after
{Heap after GC invocations=40 (full 0):
 garbage-first heap   total 165888K, used 104375K [0x0000000080000000, 0x0000000100000000)
  region size 1024K, 2 young (2048K), 2 survivors (2048K)
 Metaspace       used 94975K, committed 97216K, reserved 557056K
  class space    used 13466K, committed 14592K, reserved 425984K
}
Event: 314.135 GC heap before
{Heap before GC invocations=41 (full 0):
 garbage-first heap   total 176128K, used 150455K [0x0000000080000000, 0x0000000100000000)
  region size 1024K, 46 young (47104K), 2 survivors (2048K)
 Metaspace       used 98443K, committed 100736K, reserved 557056K
  class space    used 14095K, committed 15232K, reserved 425984K
}
Event: 314.141 GC heap after
{Heap after GC invocations=42 (full 0):
 garbage-first heap   total 176128K, used 105580K [0x0000000080000000, 0x0000000100000000)
  region size 1024K, 4 young (4096K), 4 survivors (4096K)
 Metaspace       used 98443K, committed 100736K, reserved 557056K
  class space    used 14095K, committed 15232K, reserved 425984K
}
Event: 317.984 GC heap before
{Heap before GC invocations=42 (full 0):
 garbage-first heap   total 176128K, used 158828K [0x0000000080000000, 0x0000000100000000)
  region size 1024K, 56 young (57344K), 4 survivors (4096K)
 Metaspace       used 102032K, committed 104320K, reserved 557056K
  class space    used 14574K, committed 15744K, reserved 425984K
}
Event: 317.992 GC heap after
{Heap after GC invocations=43 (full 0):
 garbage-first heap   total 176128K, used 104560K [0x0000000080000000, 0x0000000100000000)
  region size 1024K, 5 young (5120K), 5 survivors (5120K)
 Metaspace       used 102032K, committed 104320K, reserved 557056K
  class space    used 14574K, committed 15744K, reserved 425984K
}
Event: 320.735 GC heap before
{Heap before GC invocations=43 (full 0):
 garbage-first heap   total 176128K, used 142448K [0x0000000080000000, 0x0000000100000000)
  region size 1024K, 44 young (45056K), 5 survivors (5120K)
 Metaspace       used 104337K, committed 106688K, reserved 557056K
  class space    used 14893K, committed 16064K, reserved 425984K
}
Event: 320.744 GC heap after
{Heap after GC invocations=44 (full 0):
 garbage-first heap   total 176128K, used 107752K [0x0000000080000000, 0x0000000100000000)
  region size 1024K, 7 young (7168K), 7 survivors (7168K)
 Metaspace       used 104337K, committed 106688K, reserved 557056K
  class space    used 14893K, committed 16064K, reserved 425984K
}

Dll operation events (20 events):
Event: 0.104 Attempting to load shared library C:\Users\user5\.vscode\extensions\redhat.java-1.56.0-win32-x64\jre\21.0.12.1-win32-x86_64\bin\zip.dll
Event: 0.104 Loaded shared library C:\Users\user5\.vscode\extensions\redhat.java-1.56.0-win32-x64\jre\21.0.12.1-win32-x86_64\bin\zip.dll
Event: 0.272 Attempting to load shared library C:\Users\user5\.vscode\extensions\redhat.java-1.56.0-win32-x64\jre\21.0.12.1-win32-x86_64\bin\jimage.dll
Event: 0.272 Loaded shared library C:\Users\user5\.vscode\extensions\redhat.java-1.56.0-win32-x64\jre\21.0.12.1-win32-x86_64\bin\jimage.dll
Event: 0.408 Attempting to load shared library C:\Users\user5\.vscode\extensions\redhat.java-1.56.0-win32-x64\jre\21.0.12.1-win32-x86_64\bin\verify.dll
Event: 0.408 Loaded shared library C:\Users\user5\.vscode\extensions\redhat.java-1.56.0-win32-x64\jre\21.0.12.1-win32-x86_64\bin\verify.dll
Event: 0.524 Attempting to load shared library D:\gradle_cache\native\1def1411415f61bf3af743bc5b6707747c0891f09f0c88961ee8f79bc544acac\windows-amd64\native-platform.dll
Event: 0.525 Loaded shared library D:\gradle_cache\native\1def1411415f61bf3af743bc5b6707747c0891f09f0c88961ee8f79bc544acac\windows-amd64\native-platform.dll
Event: 0.530 Attempting to load shared library D:\gradle_cache\native\0.2.5\x86_64-windows-gnu\gradle-fileevents.dll
Event: 0.531 Loaded shared library D:\gradle_cache\native\0.2.5\x86_64-windows-gnu\gradle-fileevents.dll
Event: 1.236 Attempting to load shared library C:\Users\user5\.vscode\extensions\redhat.java-1.56.0-win32-x64\jre\21.0.12.1-win32-x86_64\bin\management.dll
Event: 1.237 Loaded shared library C:\Users\user5\.vscode\extensions\redhat.java-1.56.0-win32-x64\jre\21.0.12.1-win32-x86_64\bin\management.dll
Event: 1.240 Attempting to load shared library C:\Users\user5\.vscode\extensions\redhat.java-1.56.0-win32-x64\jre\21.0.12.1-win32-x86_64\bin\management_ext.dll
Event: 1.244 Loaded shared library C:\Users\user5\.vscode\extensions\redhat.java-1.56.0-win32-x64\jre\21.0.12.1-win32-x86_64\bin\management_ext.dll
Event: 1.468 Attempting to load shared library C:\Users\user5\.vscode\extensions\redhat.java-1.56.0-win32-x64\jre\21.0.12.1-win32-x86_64\bin\extnet.dll
Event: 1.469 Loaded shared library C:\Users\user5\.vscode\extensions\redhat.java-1.56.0-win32-x64\jre\21.0.12.1-win32-x86_64\bin\extnet.dll
Event: 2.233 Attempting to load shared library C:\Users\user5\.vscode\extensions\redhat.java-1.56.0-win32-x64\jre\21.0.12.1-win32-x86_64\bin\sunmscapi.dll
Event: 2.323 Loaded shared library C:\Users\user5\.vscode\extensions\redhat.java-1.56.0-win32-x64\jre\21.0.12.1-win32-x86_64\bin\sunmscapi.dll
Event: 4.179 Attempting to load shared library D:\temp\native-platform15998469932969150785dir\gradle-fileevents.dll
Event: 5.898 Loaded shared library D:\temp\native-platform15998469932969150785dir\gradle-fileevents.dll

Deoptimization events (20 events):
Event: 322.879 Thread 0x000001ce78c6b2a0 DEOPT PACKING pc=0x000001ce47508fb8 sp=0x000000b7dd1fdd80
Event: 322.879 Thread 0x000001ce78c6b2a0 DEOPT UNPACKING pc=0x000001ce46bd4422 sp=0x000000b7dd1fdcf8 mode 2
Event: 323.074 Thread 0x000001ce759914d0 Uncommon trap: trap_request=0xffffffc6 fr.pc=0x000001ce475fbaf0 relative=0x0000000000001230
Event: 323.074 Thread 0x000001ce759914d0 Uncommon trap: reason=bimorphic_or_optimized_type_check action=maybe_recompile pc=0x000001ce475fbaf0 method=java.util.concurrent.ConcurrentHashMap.putVal(Ljava/lang/Object;Ljava/lang/Object;Z)Ljava/lang/Object; @ 159 c2
Event: 323.074 Thread 0x000001ce759914d0 DEOPT PACKING pc=0x000001ce475fbaf0 sp=0x000000b7d46f8400
Event: 323.074 Thread 0x000001ce759914d0 DEOPT UNPACKING pc=0x000001ce46bd4422 sp=0x000000b7d46f83c0 mode 2
Event: 323.489 Thread 0x000001ce759914d0 DEOPT PACKING pc=0x000001ce3f16dc06 sp=0x000000b7d46f7800
Event: 323.489 Thread 0x000001ce759914d0 DEOPT UNPACKING pc=0x000001ce46bd4bc2 sp=0x000000b7d46f6ce8 mode 0
Event: 323.954 Thread 0x000001ce759914d0 Uncommon trap: trap_request=0xfffffff4 fr.pc=0x000001ce4782353c relative=0x00000000000001fc
Event: 323.954 Thread 0x000001ce759914d0 Uncommon trap: reason=null_check action=make_not_entrant pc=0x000001ce4782353c method=java.lang.PublicMethods$MethodList.getMostSpecific()Ljava/lang/reflect/Method; @ 41 c2
Event: 323.954 Thread 0x000001ce759914d0 DEOPT PACKING pc=0x000001ce4782353c sp=0x000000b7d46f5cc0
Event: 323.954 Thread 0x000001ce759914d0 DEOPT UNPACKING pc=0x000001ce46bd4422 sp=0x000000b7d46f5bc0 mode 2
Event: 324.152 Thread 0x000001ce759914d0 Uncommon trap: trap_request=0xffffff45 fr.pc=0x000001ce472b908c relative=0x000000000000006c
Event: 324.152 Thread 0x000001ce759914d0 Uncommon trap: reason=unstable_if action=reinterpret pc=0x000001ce472b908c method=java.lang.Class.getComponentType()Ljava/lang/Class; @ 4 c2
Event: 324.152 Thread 0x000001ce759914d0 DEOPT PACKING pc=0x000001ce472b908c sp=0x000000b7d46f7090
Event: 324.152 Thread 0x000001ce759914d0 DEOPT UNPACKING pc=0x000001ce46bd4422 sp=0x000000b7d46f7020 mode 2
Event: 324.153 Thread 0x000001ce759914d0 Uncommon trap: trap_request=0xffffffde fr.pc=0x000001ce473aef88 relative=0x00000000000000c8
Event: 324.153 Thread 0x000001ce759914d0 Uncommon trap: reason=class_check action=maybe_recompile pc=0x000001ce473aef88 method=java.lang.invoke.MethodHandle.setVarargs(Ljava/lang/invoke/MemberName;)Ljava/lang/invoke/MethodHandle; @ 11 c2
Event: 324.153 Thread 0x000001ce759914d0 DEOPT PACKING pc=0x000001ce473aef88 sp=0x000000b7d46f6dc0
Event: 324.153 Thread 0x000001ce759914d0 DEOPT UNPACKING pc=0x000001ce46bd4422 sp=0x000000b7d46f6d40 mode 2

Classes loaded (20 events):
Event: 315.389 Loading class java/io/FileReader
Event: 315.389 Loading class java/io/FileReader done
Event: 320.997 Loading class sun/reflect/MagicAccessorImpl
Event: 320.997 Loading class sun/reflect/MagicAccessorImpl done
Event: 321.336 Loading class java/util/AbstractCollectionBeanInfo
Event: 321.336 Loading class java/util/AbstractCollectionBeanInfo done
Event: 321.336 Loading class java/util/AbstractCollectionBeanInfo
Event: 321.336 Loading class java/util/AbstractCollectionBeanInfo done
Event: 321.344 Loading class java/util/AbstractCollectionCustomizer
Event: 321.344 Loading class java/util/AbstractCollectionCustomizer done
Event: 321.345 Loading class java/util/AbstractCollectionCustomizer
Event: 321.345 Loading class java/util/AbstractCollectionCustomizer done
Event: 321.352 Loading class sun/reflect/generics/reflectiveObjects/GenericArrayTypeImpl
Event: 321.352 Loading class sun/reflect/generics/reflectiveObjects/GenericArrayTypeImpl done
Event: 322.373 Loading class java/lang/StackTraceElement$HashedModules
Event: 322.373 Loading class java/lang/StackTraceElement$HashedModules done
Event: 322.688 Loading class java/io/CharArrayReader
Event: 322.688 Loading class java/io/CharArrayReader done
Event: 324.105 Loading class java/beans/IntrospectionException
Event: 324.105 Loading class java/beans/IntrospectionException done

Classes unloaded (1 events):
Event: 113.227 Thread 0x000001ce547ea3e0 Unloading class 0x000001ce567b8400 'java/lang/invoke/LambdaForm$DMH+0x000001ce567b8400'

Classes redefined (0 events):
No events

Internal exceptions (20 events):
Event: 324.074 Thread 0x000001ce759914d0 Exception <a 'java/lang/ClassNotFoundException'{0x0000000087d50d90}: com/android/build/gradle/internal/dsl/DefaultConfigBeanInfo> (0x0000000087d50d90) 
thrown [s\src\hotspot\share\classfile\systemDictionary.cpp, line 313]
Event: 324.076 Thread 0x000001ce759914d0 Exception <a 'java/lang/ClassNotFoundException'{0x0000000087d5ccd8}: com/android/build/gradle/internal/dsl/BaseFlavorBeanInfo> (0x0000000087d5ccd8) 
thrown [s\src\hotspot\share\classfile\systemDictionary.cpp, line 313]
Event: 324.083 Thread 0x000001ce759914d0 Exception <a 'java/lang/ClassNotFoundException'{0x0000000087d68b48}: com/android/builder/core/AbstractProductFlavorBeanInfo> (0x0000000087d68b48) 
thrown [s\src\hotspot\share\classfile\systemDictionary.cpp, line 313]
Event: 324.084 Thread 0x000001ce759914d0 Exception <a 'java/lang/ClassNotFoundException'{0x0000000087d74998}: com/android/builder/internal/BaseConfigImplBeanInfo> (0x0000000087d74998) 
thrown [s\src\hotspot\share\classfile\systemDictionary.cpp, line 313]
Event: 324.084 Thread 0x000001ce759914d0 Exception <a 'java/lang/ClassNotFoundException'{0x0000000087d80a30}: com/android/builder/internal/BaseConfigImplCustomizer> (0x0000000087d80a30) 
thrown [s\src\hotspot\share\classfile\systemDictionary.cpp, line 313]
Event: 324.090 Thread 0x000001ce759914d0 Exception <a 'java/lang/ClassNotFoundException'{0x0000000087dac148}: com/android/builder/core/AbstractProductFlavorCustomizer> (0x0000000087dac148) 
thrown [s\src\hotspot\share\classfile\systemDictionary.cpp, line 313]
Event: 324.099 Thread 0x000001ce759914d0 Exception <a 'java/lang/ClassNotFoundException'{0x0000000087df4168}: com/android/build/gradle/internal/dsl/BaseFlavorCustomizer> (0x0000000087df4168) 
thrown [s\src\hotspot\share\classfile\systemDictionary.cpp, line 313]
Event: 324.108 Thread 0x000001ce759914d0 Exception <a 'java/lang/ClassNotFoundException'{0x0000000087c719c0}: com/android/build/gradle/internal/dsl/DefaultConfigCustomizer> (0x0000000087c719c0) 
thrown [s\src\hotspot\share\classfile\systemDictionary.cpp, line 313]
Event: 324.114 Thread 0x000001ce759914d0 Exception <a 'java/lang/ClassNotFoundException'{0x0000000087cc17f8}: com/android/build/gradle/internal/dsl/DefaultConfig$AgpDecoratedCustomizer> (0x0000000087cc17f8) 
thrown [s\src\hotspot\share\classfile\systemDictionary.cpp, line 313]
Event: 324.121 Thread 0x000001ce759914d0 Exception <a 'java/lang/ClassNotFoundException'{0x0000000087b15c60}: com/android/build/gradle/internal/dsl/DefaultConfig$AgpDecorated_DecoratedCustomizer> (0x0000000087b15c60) 
thrown [s\src\hotspot\share\classfile\systemDictionary.cpp, line 313]
Event: 324.189 Thread 0x000001ce759914d0 Exception <a 'java/lang/ClassNotFoundException'{0x000000008733a688}: org/gradle/api/internal/NamedDomainObjectContainerConfigureDelegateBeanInfo> (0x000000008733a688) 
thrown [s\src\hotspot\share\classfile\systemDictionary.cpp, line 313]
Event: 324.199 Thread 0x000001ce759914d0 Exception <a 'java/lang/ClassNotFoundException'{0x000000008734dd58}: org/gradle/api/internal/NamedDomainObjectContainerConfigureDelegateCustomizer> (0x000000008734dd58) 
thrown [s\src\hotspot\share\classfile\systemDictionary.cpp, line 313]
Event: 324.279 Thread 0x000001ce759914d0 Exception <a 'java/lang/ClassNotFoundException'{0x00000000871b45f0}: org/gradle/api/internal/FactoryNamedDomainObjectContainer_DecoratedBeanInfo> (0x00000000871b45f0) 
thrown [s\src\hotspot\share\classfile\systemDictionary.cpp, line 313]
Event: 324.281 Thread 0x000001ce759914d0 Exception <a 'java/lang/ClassNotFoundException'{0x00000000871c9a50}: org/gradle/api/internal/FactoryNamedDomainObjectContainerBeanInfo> (0x00000000871c9a50) 
thrown [s\src\hotspot\share\classfile\systemDictionary.cpp, line 313]
Event: 324.282 Thread 0x000001ce759914d0 Exception <a 'java/lang/ClassNotFoundException'{0x00000000871deea8}: org/gradle/api/internal/AbstractNamedDomainObjectContainerBeanInfo> (0x00000000871deea8) 
thrown [s\src\hotspot\share\classfile\systemDictionary.cpp, line 313]
Event: 324.286 Thread 0x000001ce759914d0 Exception <a 'java/lang/ClassNotFoundException'{0x00000000871f4080}: org/gradle/api/internal/DefaultNamedDomainObjectSetBeanInfo> (0x00000000871f4080) 
thrown [s\src\hotspot\share\classfile\systemDictionary.cpp, line 313]
Event: 324.289 Thread 0x000001ce759914d0 Exception <a 'java/lang/ClassNotFoundException'{0x0000000087009460}: org/gradle/api/internal/DefaultNamedDomainObjectSetCustomizer> (0x0000000087009460) 
thrown [s\src\hotspot\share\classfile\systemDictionary.cpp, line 313]
Event: 324.301 Thread 0x000001ce759914d0 Exception <a 'java/lang/ClassNotFoundException'{0x0000000087097598}: org/gradle/api/internal/AbstractNamedDomainObjectContainerCustomizer> (0x0000000087097598) 
thrown [s\src\hotspot\share\classfile\systemDictionary.cpp, line 313]
Event: 324.321 Thread 0x000001ce759914d0 Exception <a 'java/lang/ClassNotFoundException'{0x0000000086f2f628}: org/gradle/api/internal/FactoryNamedDomainObjectContainerCustomizer> (0x0000000086f2f628) 
thrown [s\src\hotspot\share\classfile\systemDictionary.cpp, line 313]
Event: 324.323 Thread 0x000001ce759914d0 Exception <a 'java/lang/ClassNotFoundException'{0x0000000086f4f688}: org/gradle/api/internal/FactoryNamedDomainObjectContainer_DecoratedCustomizer> (0x0000000086f4f688) 
thrown [s\src\hotspot\share\classfile\systemDictionary.cpp, line 313]

ZGC Phase Switch (0 events):
No events

VM Operations (20 events):
Event: 318.994 Executing safepoint VM operation: Cleanup
Event: 319.009 Executing safepoint VM operation: Cleanup done
Event: 320.019 Executing safepoint VM operation: Cleanup
Event: 320.035 Executing safepoint VM operation: Cleanup done
Event: 320.464 Executing non-safepoint VM operation: HandshakeAllThreads (Deoptimize)
Event: 320.465 Executing non-safepoint VM operation: HandshakeAllThreads (Deoptimize) done
Event: 320.734 Executing safepoint VM operation: G1TryInitiateConcMark (G1 Humongous Allocation)
Event: 320.745 Executing safepoint VM operation: G1TryInitiateConcMark (G1 Humongous Allocation) done
Event: 320.811 Executing safepoint VM operation: G1PauseRemark
Event: 320.837 Executing safepoint VM operation: G1PauseRemark done
Event: 320.872 Executing safepoint VM operation: G1PauseCleanup
Event: 320.873 Executing safepoint VM operation: G1PauseCleanup done
Event: 321.189 Executing non-safepoint VM operation: HandshakeAllThreads (Deoptimize)
Event: 321.189 Executing non-safepoint VM operation: HandshakeAllThreads (Deoptimize) done
Event: 322.197 Executing safepoint VM operation: Cleanup
Event: 322.197 Executing safepoint VM operation: Cleanup done
Event: 323.207 Executing safepoint VM operation: Cleanup
Event: 323.223 Executing safepoint VM operation: Cleanup done
Event: 324.233 Executing safepoint VM operation: Cleanup
Event: 324.234 Executing safepoint VM operation: Cleanup done

Memory protections (0 events):
No events

Nmethod flushes (20 events):
Event: 320.835 Thread 0x000001ce547ea3e0 flushing  nmethod 0x000001ce3f019a10
Event: 320.835 Thread 0x000001ce547ea3e0 flushing  nmethod 0x000001ce3f075310
Event: 320.835 Thread 0x000001ce547ea3e0 flushing  nmethod 0x000001ce3fa5c590
Event: 320.835 Thread 0x000001ce547ea3e0 flushing  nmethod 0x000001ce3f17f090
Event: 320.835 Thread 0x000001ce547ea3e0 flushing  nmethod 0x000001ce3f182390
Event: 320.835 Thread 0x000001ce547ea3e0 flushing  nmethod 0x000001ce3f4f0490
Event: 320.835 Thread 0x000001ce547ea3e0 flushing  nmethod 0x000001ce3f4f2390
Event: 320.835 Thread 0x000001ce547ea3e0 flushing  nmethod 0x000001ce3f6b1d10
Event: 320.835 Thread 0x000001ce547ea3e0 flushing  nmethod 0x000001ce3fa00010
Event: 320.835 Thread 0x000001ce547ea3e0 flushing  nmethod 0x000001ce3fa0d110
Event: 320.835 Thread 0x000001ce547ea3e0 flushing  nmethod 0x000001ce3fa15990
Event: 320.835 Thread 0x000001ce547ea3e0 flushing  nmethod 0x000001ce3fb3d890
Event: 320.835 Thread 0x000001ce547ea3e0 flushing  nmethod 0x000001ce3fb72d90
Event: 320.835 Thread 0x000001ce547ea3e0 flushing  nmethod 0x000001ce3fb74d90
Event: 320.835 Thread 0x000001ce547ea3e0 flushing  nmethod 0x000001ce3fb76410
Event: 320.835 Thread 0x000001ce547ea3e0 flushing  nmethod 0x000001ce3fb9aa10
Event: 320.835 Thread 0x000001ce547ea3e0 flushing  nmethod 0x000001ce3fb9b590
Event: 320.835 Thread 0x000001ce547ea3e0 flushing  nmethod 0x000001ce3fba1510
Event: 320.835 Thread 0x000001ce547ea3e0 flushing  nmethod 0x000001ce3fbc6190
Event: 320.835 Thread 0x000001ce547ea3e0 flushing  nmethod 0x000001ce3ff2cf10

Events (20 events):
Event: 283.070 Thread 0x000001ce759914d0 Thread added: 0x000001ce789772d0
Event: 284.257 Thread 0x000001ce759914d0 Thread added: 0x000001ce78977960
Event: 284.258 Thread 0x000001ce759914d0 Thread added: 0x000001ce78977ff0
Event: 284.263 Thread 0x000001ce759914d0 Thread added: 0x000001ce78978680
Event: 284.264 Thread 0x000001ce759914d0 Thread added: 0x000001ce78975f20
Event: 284.273 Thread 0x000001ce759914d0 Thread added: 0x000001ce7769f410
Event: 284.274 Thread 0x000001ce759914d0 Thread added: 0x000001ce7769faa0
Event: 284.291 Thread 0x000001ce759914d0 Thread added: 0x000001ce776a07c0
Event: 284.291 Thread 0x000001ce759914d0 Thread added: 0x000001ce776a0e50
Event: 284.292 Thread 0x000001ce759914d0 Thread added: 0x000001ce7924c510
Event: 284.305 Thread 0x000001ce759914d0 Thread added: 0x000001ce79249090
Event: 284.329 Thread 0x000001ce759914d0 Thread added: 0x000001ce79249720
Event: 284.693 Thread 0x000001ce5482a170 Thread added: 0x000001ce786028d0
Event: 286.033 Thread 0x000001ce786028d0 Thread exited: 0x000001ce786028d0
Event: 301.440 Thread 0x000001ce759914d0 Thread added: 0x000001ce78c69ef0
Event: 311.615 Thread 0x000001ce5482d030 Thread added: 0x000001ce7e274830
Event: 311.947 Thread 0x000001ce7e274830 Thread exited: 0x000001ce7e274830
Event: 320.443 Thread 0x000001ce759914d0 Thread added: 0x000001ce79c72780
Event: 322.306 Thread 0x000001ce759914d0 Thread added: 0x000001ce78c6ac10
Event: 322.837 Thread 0x000001ce759914d0 Thread added: 0x000001ce78c6b2a0


Dynamic libraries:
0x00007ff7a95b0000 - 0x00007ff7a95be000 	C:\Users\user5\.vscode\extensions\redhat.java-1.56.0-win32-x64\jre\21.0.12.1-win32-x86_64\bin\java.exe
0x00007ff8236e0000 - 0x00007ff823947000 	C:\WINDOWS\SYSTEM32\ntdll.dll
0x00007ff822840000 - 0x00007ff82290b000 	C:\WINDOWS\System32\KERNEL32.DLL
0x00007ff820b10000 - 0x00007ff820f12000 	C:\WINDOWS\System32\KERNELBASE.dll
0x00007ff8212a0000 - 0x00007ff8213ec000 	C:\WINDOWS\System32\ucrtbase.dll
0x00007ff810520000 - 0x00007ff810538000 	C:\Users\user5\.vscode\extensions\redhat.java-1.56.0-win32-x64\jre\21.0.12.1-win32-x86_64\bin\jli.dll
0x00007ff822450000 - 0x00007ff82261f000 	C:\WINDOWS\System32\USER32.dll
0x00007ff813580000 - 0x00007ff81359e000 	C:\Users\user5\.vscode\extensions\redhat.java-1.56.0-win32-x64\jre\21.0.12.1-win32-x86_64\bin\VCRUNTIME140.dll
0x00007ff820f20000 - 0x00007ff820f47000 	C:\WINDOWS\System32\win32u.dll
0x00007ff800850000 - 0x00007ff800ae0000 	C:\WINDOWS\WinSxS\amd64_microsoft.windows.common-controls_6595b64144ccf1df_6.0.26100.9278_none_3e0d1ba8e3303201\COMCTL32.dll
0x00007ff822760000 - 0x00007ff82278b000 	C:\WINDOWS\System32\GDI32.dll
0x00007ff822910000 - 0x00007ff8229b9000 	C:\WINDOWS\System32\msvcrt.dll
0x00007ff820f50000 - 0x00007ff821079000 	C:\WINDOWS\System32\gdi32full.dll
0x00007ff820a60000 - 0x00007ff820b03000 	C:\WINDOWS\System32\msvcp_win.dll
0x00007ff821400000 - 0x00007ff821431000 	C:\WINDOWS\System32\IMM32.DLL
0x00007ff818840000 - 0x00007ff81884c000 	C:\Users\user5\.vscode\extensions\redhat.java-1.56.0-win32-x64\jre\21.0.12.1-win32-x86_64\bin\vcruntime140_1.dll
0x00007fffefad0000 - 0x00007fffefb5d000 	C:\Users\user5\.vscode\extensions\redhat.java-1.56.0-win32-x64\jre\21.0.12.1-win32-x86_64\bin\msvcp140.dll
0x00007fff950e0000 - 0x00007fff95e82000 	C:\Users\user5\.vscode\extensions\redhat.java-1.56.0-win32-x64\jre\21.0.12.1-win32-x86_64\bin\server\jvm.dll
0x00007ff822680000 - 0x00007ff82273c000 	C:\WINDOWS\System32\ADVAPI32.dll
0x00007ff8234d0000 - 0x00007ff823579000 	C:\WINDOWS\System32\sechost.dll
0x00007ff823580000 - 0x00007ff823698000 	C:\WINDOWS\System32\RPCRT4.dll
0x00007ff8227b0000 - 0x00007ff822830000 	C:\WINDOWS\System32\WS2_32.dll
0x00007ff81ffb0000 - 0x00007ff82000e000 	C:\WINDOWS\SYSTEM32\POWRPROF.dll
0x00007ff8142c0000 - 0x00007ff8142cb000 	C:\WINDOWS\SYSTEM32\VERSION.dll
0x00007ff80c220000 - 0x00007ff80c256000 	C:\WINDOWS\SYSTEM32\WINMM.dll
0x00007ff81ff70000 - 0x00007ff81ff85000 	C:\WINDOWS\SYSTEM32\UMPDC.dll
0x00007ff81f5b0000 - 0x00007ff81f5cb000 	C:\WINDOWS\SYSTEM32\kernel.appcore.dll
0x00007ff816440000 - 0x00007ff81644a000 	C:\Users\user5\.vscode\extensions\redhat.java-1.56.0-win32-x64\jre\21.0.12.1-win32-x86_64\bin\jimage.dll
0x00007ff81de40000 - 0x00007ff81e08c000 	C:\WINDOWS\SYSTEM32\DBGHELP.DLL
0x00007ff8215c0000 - 0x00007ff821945000 	C:\WINDOWS\System32\combase.dll
0x00007ff821950000 - 0x00007ff821a29000 	C:\WINDOWS\System32\OLEAUT32.dll
0x00007ffff9420000 - 0x00007ffff945b000 	C:\WINDOWS\SYSTEM32\dbgcore.DLL
0x00007ff8208e0000 - 0x00007ff82098c000 	C:\WINDOWS\System32\bcryptPrimitives.dll
0x00007ff804240000 - 0x00007ff80424f000 	C:\Users\user5\.vscode\extensions\redhat.java-1.56.0-win32-x64\jre\21.0.12.1-win32-x86_64\bin\instrument.dll
0x00007ff801b30000 - 0x00007ff801b50000 	C:\Users\user5\.vscode\extensions\redhat.java-1.56.0-win32-x64\jre\21.0.12.1-win32-x86_64\bin\java.dll
0x00007ff822d30000 - 0x00007ff8234c8000 	C:\WINDOWS\System32\SHELL32.dll
0x00007ff81e340000 - 0x00007ff81ebee000 	C:\WINDOWS\SYSTEM32\windows.storage.dll
0x00007ff822b30000 - 0x00007ff822c2b000 	C:\WINDOWS\System32\SHCORE.dll
0x00007ff822ac0000 - 0x00007ff822b26000 	C:\WINDOWS\System32\shlwapi.dll
0x00007ff820800000 - 0x00007ff820829000 	C:\WINDOWS\SYSTEM32\profapi.dll
0x00007ffffca20000 - 0x00007ffffca38000 	C:\Users\user5\.vscode\extensions\redhat.java-1.56.0-win32-x64\jre\21.0.12.1-win32-x86_64\bin\zip.dll
0x00007ff8047d0000 - 0x00007ff8047e0000 	C:\Users\user5\.vscode\extensions\redhat.java-1.56.0-win32-x64\jre\21.0.12.1-win32-x86_64\bin\net.dll
0x00007ff816de0000 - 0x00007ff816f0a000 	C:\WINDOWS\SYSTEM32\WINHTTP.dll
0x00007ff81fbe0000 - 0x00007ff81fc4c000 	C:\WINDOWS\system32\mswsock.dll
0x00007ffffc410000 - 0x00007ffffc426000 	C:\Users\user5\.vscode\extensions\redhat.java-1.56.0-win32-x64\jre\21.0.12.1-win32-x86_64\bin\nio.dll
0x00007ff8039a0000 - 0x00007ff8039b0000 	C:\Users\user5\.vscode\extensions\redhat.java-1.56.0-win32-x64\jre\21.0.12.1-win32-x86_64\bin\verify.dll
0x00007ffffbfd0000 - 0x00007ffffbff7000 	D:\gradle_cache\native\1def1411415f61bf3af743bc5b6707747c0891f09f0c88961ee8f79bc544acac\windows-amd64\native-platform.dll
0x000000006bd40000 - 0x000000006bdb3000 	D:\gradle_cache\native\0.2.5\x86_64-windows-gnu\gradle-fileevents.dll
0x00007ff8163f0000 - 0x00007ff8163fa000 	C:\Users\user5\.vscode\extensions\redhat.java-1.56.0-win32-x64\jre\21.0.12.1-win32-x86_64\bin\management.dll
0x00007ff8163e0000 - 0x00007ff8163ec000 	C:\Users\user5\.vscode\extensions\redhat.java-1.56.0-win32-x64\jre\21.0.12.1-win32-x86_64\bin\management_ext.dll
0x00007ff822440000 - 0x00007ff822448000 	C:\WINDOWS\System32\PSAPI.DLL
0x00007ff81fef0000 - 0x00007ff81ff0b000 	C:\WINDOWS\SYSTEM32\CRYPTSP.dll
0x00007ff81f510000 - 0x00007ff81f549000 	C:\WINDOWS\system32\rsaenh.dll
0x00007ff81fc90000 - 0x00007ff81fcc4000 	C:\WINDOWS\SYSTEM32\USERENV.dll
0x00007ff8207d0000 - 0x00007ff8207fa000 	C:\WINDOWS\SYSTEM32\bcrypt.dll
0x00007ff81ff10000 - 0x00007ff81ff1c000 	C:\WINDOWS\SYSTEM32\CRYPTBASE.dll
0x00007ff81efb0000 - 0x00007ff81efe3000 	C:\WINDOWS\SYSTEM32\IPHLPAPI.DLL
0x00007ff822750000 - 0x00007ff82275a000 	C:\WINDOWS\System32\NSI.dll
0x00007ffffce70000 - 0x00007ffffce79000 	C:\Users\user5\.vscode\extensions\redhat.java-1.56.0-win32-x64\jre\21.0.12.1-win32-x86_64\bin\extnet.dll
0x00007ffffa2f0000 - 0x00007ffffa2fe000 	C:\Users\user5\.vscode\extensions\redhat.java-1.56.0-win32-x64\jre\21.0.12.1-win32-x86_64\bin\sunmscapi.dll
0x00007ff821080000 - 0x00007ff8211fe000 	C:\WINDOWS\System32\CRYPT32.dll
0x00007ff8201c0000 - 0x00007ff8201f0000 	C:\WINDOWS\SYSTEM32\ncrypt.dll
0x00007ff820170000 - 0x00007ff8201af000 	C:\WINDOWS\SYSTEM32\NTASN1.dll
0x00007ff813c90000 - 0x00007ff813c98000 	C:\WINDOWS\system32\wshunix.dll
0x000000006bac0000 - 0x000000006bb33000 	D:\temp\native-platform15998469932969150785dir\gradle-fileevents.dll

JVMTI agents:
D:\gradle_cache\wrapper\dists\gradle-8.12-all\ejduaidbjup3bmmkhw3rie4zb\gradle-8.12\lib\agents\gradle-instrumentation-agent-8.12.jar path:C:\Users\user5\.vscode\extensions\redhat.java-1.56.0-win32-x64\jre\21.0.12.1-win32-x86_64\bin\instrument.dll, loaded, initialized, instrumentlib options:none

dbghelp: loaded successfully - version: 4.0.5 - missing functions: none
symbol engine: initialized successfully - sym options: 0x614 - pdb path: .;C:\Users\user5\.vscode\extensions\redhat.java-1.56.0-win32-x64\jre\21.0.12.1-win32-x86_64\bin;C:\WINDOWS\SYSTEM32;C:\WINDOWS\WinSxS\amd64_microsoft.windows.common-controls_6595b64144ccf1df_6.0.26100.9278_none_3e0d1ba8e3303201;C:\Users\user5\.vscode\extensions\redhat.java-1.56.0-win32-x64\jre\21.0.12.1-win32-x86_64\bin\server;D:\gradle_cache\native\1def1411415f61bf3af743bc5b6707747c0891f09f0c88961ee8f79bc544acac\windows-amd64;D:\gradle_cache\native\0.2.5\x86_64-windows-gnu;D:\temp\native-platform15998469932969150785dir

VM Arguments:
jvm_args: --add-opens=java.base/java.lang=ALL-UNNAMED --add-opens=java.base/java.lang.invoke=ALL-UNNAMED --add-opens=java.base/java.util=ALL-UNNAMED --add-opens=java.prefs/java.util.prefs=ALL-UNNAMED --add-exports=jdk.compiler/com.sun.tools.javac.api=ALL-UNNAMED --add-exports=jdk.compiler/com.sun.tools.javac.util=ALL-UNNAMED --add-opens=java.base/java.util=ALL-UNNAMED --add-opens=java.prefs/java.util.prefs=ALL-UNNAMED --add-opens=java.base/java.nio.charset=ALL-UNNAMED --add-opens=java.base/java.net=ALL-UNNAMED --add-opens=java.base/java.util.concurrent.atomic=ALL-UNNAMED --add-opens=java.xml/javax.xml.namespace=ALL-UNNAMED -XX:MaxMetaspaceSize=512m -XX:ReservedCodeCacheSize=256m -XX:+HeapDumpOnOutOfMemoryError -Xmx2G -Dfile.encoding=UTF-8 -Duser.country=IN -Duser.language=en -Duser.variant -javaagent:D:\gradle_cache\wrapper\dists\gradle-8.12-all\ejduaidbjup3bmmkhw3rie4zb\gradle-8.12\lib\agents\gradle-instrumentation-agent-8.12.jar 
java_command: org.gradle.launcher.daemon.bootstrap.GradleDaemon 8.12
java_class_path (initial): D:\gradle_cache\wrapper\dists\gradle-8.12-all\ejduaidbjup3bmmkhw3rie4zb\gradle-8.12\lib\gradle-daemon-main-8.12.jar
Launcher Type: SUN_STANDARD

[Global flags]
     intx CICompilerCount                          = 4                                         {product} {ergonomic}
   size_t CompressedClassSpaceSize                 = 436207616                                 {product} {ergonomic}
     uint ConcGCThreads                            = 3                                         {product} {ergonomic}
     uint G1ConcRefinementThreads                  = 10                                        {product} {ergonomic}
   size_t G1HeapRegionSize                         = 1048576                                   {product} {ergonomic}
    uintx GCDrainStackTargetSize                   = 64                                        {product} {ergonomic}
     bool HeapDumpOnOutOfMemoryError               = true                                   {manageable} {command line}
   size_t InitialHeapSize                          = 130023424                                 {product} {ergonomic}
   size_t MarkStackSize                            = 4194304                                   {product} {ergonomic}
   size_t MaxHeapSize                              = 2147483648                                {product} {command line}
   size_t MaxMetaspaceSize                         = 536870912                                 {product} {command line}
   size_t MaxNewSize                               = 1287651328                                {product} {ergonomic}
   size_t MinHeapDeltaBytes                        = 1048576                                   {product} {ergonomic}
   size_t MinHeapSize                              = 8388608                                   {product} {ergonomic}
    uintx NonNMethodCodeHeapSize                   = 5839372                                {pd product} {ergonomic}
    uintx NonProfiledCodeHeapSize                  = 131298042                              {pd product} {ergonomic}
    uintx ProfiledCodeHeapSize                     = 131298042                              {pd product} {ergonomic}
    uintx ReservedCodeCacheSize                    = 268435456                              {pd product} {command line}
     bool SegmentedCodeCache                       = true                                      {product} {ergonomic}
   size_t SoftMaxHeapSize                          = 2147483648                             {manageable} {ergonomic}
     bool UseCompressedOops                        = true                           {product lp64_product} {ergonomic}
     bool UseG1GC                                  = true                                      {product} {ergonomic}
     bool UseLargePagesIndividualAllocation        = false                                  {pd product} {ergonomic}

Logging:
Log output configuration:
 #0: stdout all=warning uptime,level,tags foldmultilines=false
 #1: stderr all=off uptime,level,tags foldmultilines=false

Release file:
JAVA_VERSION="21.0.12.1" 
MODULES="java.base java.compiler java.datatransfer java.xml java.prefs java.desktop java.instrument java.logging java.management java.security.sasl java.naming java.rmi java.management.rmi java.net.http java.scripting java.security.jgss java.transaction.xa java.sql java.sql.rowset java.xml.crypto java.se java.smartcardio jdk.accessibility jdk.internal.jvmstat jdk.attach jdk.charsets jdk.internal.opt jdk.zipfs jdk.compiler jdk.crypto.ec jdk.crypto.cryptoki jdk.crypto.mscapi jdk.dynalink jdk.internal.ed jdk.editpad jdk.hotspot.agent jdk.httpserver jdk.internal.le jdk.internal.vm.ci jdk.internal.vm.compiler jdk.internal.vm.compiler.management jdk.jartool jdk.javadoc jdk.jcmd jdk.management jdk.management.agent jdk.jconsole jdk.jdeps jdk.jdwp.agent jdk.jdi jdk.jfr jdk.jshell jdk.jsobject jdk.jstatd jdk.localedata jdk.management.jfr jdk.naming.dns jdk.naming.rmi jdk.net jdk.nio.mapmode jdk.random jdk.sctp jdk.security.auth jdk.security.jgss jdk.unsupported jdk.unsupported.desktop jdk.xml.dom" 

Environment Variables:
PATH=C:\Program Files\Common Files\Oracle\Java\javapath;C:\windows\system32;C:\windows;C:\windows\System32\Wbem;C:\windows\System32\WindowsPowerShell\v1.0\;C:\windows\System32\OpenSSH\;C:\Program Files (x86)\NVIDIA Corporation\PhysX\Common;C:\Program Files\NVIDIA Corporation\NVIDIA NvDLISR;C:\Users\Administrator\AppData\Local\Microsoft\WindowsApps;C:\Program Files\HP\OMEN-Broadcast\Common;C:\WINDOWS\system32;C:\WINDOWS;C:\WINDOWS\System32\Wbem;C:\WINDOWS\System32\WindowsPowerShell\v1.0\;C:\WINDOWS\System32\OpenSSH\;C:\src\flutter\bin;C:\Users\user5\AppData\Local\Android\Sdk\platform-tools;C:\Program Files\MySQL\MySQL Server 8.0\bin;C:\Program Files\Git\cmd;C:\Program Files\Git\mingw64\bin;C:\src\flutter\bin;C:\Program Files\Git\usr\bin;C:\Program Files\nodejs\;C:\Program Files\MySQL\MySQL Shell 8.0\bin\;C:\Users\user5\AppData\Local\Microsoft\WindowsApps;C:\Users\user5\AppData\Local\Programs\Microsoft VS Code\bin;C:\MinGW\bin;C:\Program Files\JetBrains\IntelliJ IDEA Community Edition 2025.1.1.1\bin;C:\Program Files\Git\cmd;;C:\Users\user5\AppData\Local\Programs\Antigravity IDE\bin;C:\Users\user5\AppData\Roaming\npm
USERNAME=User
OS=Windows_NT
PROCESSOR_IDENTIFIER=Intel64 Family 6 Model 154 Stepping 3, GenuineIntel
TMP=D:\temp
TEMP=D:\temp




Periodic native trim disabled

---------------  S Y S T E M  ---------------

OS:
 Windows 11 , 64 bit Build 26100 (10.0.26100.9444)
OS uptime: 0 days 2:45 hours
Hyper-V role detected

CPU: total 12 (initial active 12) (6 cores per cpu, 2 threads per core) family 6 model 154 stepping 3 microcode 0x435, cx8, cmov, fxsr, ht, mmx, 3dnowpref, sse, sse2, sse3, ssse3, sse4.1, sse4.2, popcnt, lzcnt, tsc, tscinvbit, avx, avx2, aes, erms, clmul, bmi1, bmi2, adx, sha, fma, vzeroupper, clflush, clflushopt, clwb, hv, serialize, rdtscp, rdpid, fsrm, f16c, cet_ibt, cet_ss
Processor Information for the first 12 processors :
  Max Mhz: 2000, Current Mhz: 2000, Mhz Limit: 2000

Memory: 4k page, system-wide physical 7832M (414M free)
TotalPageFile size 28212M (AvailPageFile size 391M)
current process WorkingSet (physical memory assigned to process): 386M, peak: 403M
current process commit charge ("private bytes"): 512M, peak: 513M

vm_info: OpenJDK 64-Bit Server VM (21.0.12.1+1-LTS) for windows-amd64 JRE (21.0.12.1+1-LTS), built on 2026-08-18T00:00:00Z by "admin" with MS VC++ 17.12 (VS2022)

END.
