#
# There is insufficient memory for the Java Runtime Environment to continue.
# Native memory allocation (malloc) failed to allocate 1706336 bytes. Error detail: Chunk::new
# Possible reasons:
#   The system is out of physical RAM or swap space
#   This process is running with CompressedOops enabled, and the Java Heap may be blocking the growth of the native heap
# Possible solutions:
#   Reduce memory load on the system
#   Increase physical memory or swap space
#   Check if swap backing store is full
#   Decrease Java heap size (-Xmx/-Xms)
#   Decrease number of Java threads
#   Decrease Java thread stack sizes (-Xss)
#   Set larger code cache with -XX:ReservedCodeCacheSize=
#   JVM is running with Unscaled Compressed Oops mode in which the Java heap is
#     placed in the first 4GB address space. The Java Heap base address is the
#     maximum limit for the native heap growth. Please use -XX:HeapBaseMinAddress
#     to set the Java Heap base and to place the Java Heap above 4GB virtual address.
# This output file may be truncated or incomplete.
#
#  Out of Memory Error (arena.cpp:168), pid=24268, tid=36548
#
# JRE version: OpenJDK Runtime Environment Temurin-21.0.12.1+1 (21.0.12.1+1) (build 21.0.12.1+1-LTS)
# Java VM: OpenJDK 64-Bit Server VM Temurin-21.0.12.1+1 (21.0.12.1+1-LTS, mixed mode, sharing, tiered, compressed oops, compressed class ptrs, g1 gc, windows-amd64)
# No core dump will be written. Minidumps are not enabled by default on client versions of Windows
#

---------------  S U M M A R Y ------------

Command Line: --add-opens=java.base/java.lang=ALL-UNNAMED --add-opens=java.base/java.lang.invoke=ALL-UNNAMED --add-opens=java.base/java.util=ALL-UNNAMED --add-opens=java.prefs/java.util.prefs=ALL-UNNAMED --add-exports=jdk.compiler/com.sun.tools.javac.api=ALL-UNNAMED --add-exports=jdk.compiler/com.sun.tools.javac.util=ALL-UNNAMED --add-opens=java.base/java.util=ALL-UNNAMED --add-opens=java.prefs/java.util.prefs=ALL-UNNAMED --add-opens=java.base/java.nio.charset=ALL-UNNAMED --add-opens=java.base/java.net=ALL-UNNAMED --add-opens=java.base/java.util.concurrent.atomic=ALL-UNNAMED --add-opens=java.xml/javax.xml.namespace=ALL-UNNAMED -XX:MaxMetaspaceSize=512m -XX:ReservedCodeCacheSize=256m -XX:+HeapDumpOnOutOfMemoryError -Xmx2G -Dfile.encoding=UTF-8 -Duser.country=IN -Duser.language=en -Duser.variant -javaagent:D:\gradle_cache\wrapper\dists\gradle-8.12-all\ejduaidbjup3bmmkhw3rie4zb\gradle-8.12\lib\agents\gradle-instrumentation-agent-8.12.jar org.gradle.launcher.daemon.bootstrap.GradleDaemon 8.12

Host: 12th Gen Intel(R) Core(TM) i5-12450H, 12 cores, 7G,  Windows 11 , 64 bit Build 26100 (10.0.26100.9444)
Time: Sun Sep 13 18:18:18 2026 India Standard Time elapsed time: 264.961516 seconds (0d 0h 4m 24s)

---------------  T H R E A D  ---------------

Current thread (0x0000020412a5f7c0):  JavaThread "C2 CompilerThread0" daemon [_thread_in_native, id=36548, stack(0x00000038f4c00000,0x00000038f4d00000) (1024K)]


Current CompileTask:
C2:264961 13003       4       com.android.build.gradle.internal.cxx.settings.ParseMacroStringKt::tokenizeMacroString (409 bytes)

Stack: [0x00000038f4c00000,0x00000038f4d00000]
Native frames: (J=compiled Java code, j=interpreted, Vv=VM code, C=native code)
V  [jvm.dll+0x6d83e9]
V  [jvm.dll+0x8b5736]
V  [jvm.dll+0x8b7cee]
V  [jvm.dll+0x8b83d3]
V  [jvm.dll+0x284596]
V  [jvm.dll+0xc685d]
V  [jvm.dll+0xc6da1]
V  [jvm.dll+0x3bf18b]
V  [jvm.dll+0x38b6d2]
V  [jvm.dll+0x38ab1a]
V  [jvm.dll+0x24c700]
V  [jvm.dll+0x24bce0]
V  [jvm.dll+0x1cb4ae]
V  [jvm.dll+0x25baad]
V  [jvm.dll+0x25a03a]
V  [jvm.dll+0x3f8aae]
V  [jvm.dll+0x8600cd]
V  [jvm.dll+0x6d6c1d]
C  [ucrtbase.dll+0x2cd30]
C  [KERNEL32.DLL+0x2cd87]
C  [ntdll.dll+0xacaec]


---------------  P R O C E S S  ---------------

Threads class SMR info:
_java_thread_list=0x000002043844d3f0, length=151, elements={
0x0000020479e2eb70, 0x0000020412a33f10, 0x0000020412a35790, 0x0000020412a3ba30,
0x0000020412a3c840, 0x0000020412a3d2a0, 0x0000020412a3ea20, 0x0000020412a5f7c0,
0x0000020412a6a3c0, 0x0000020412d4ccf0, 0x0000020412cf9b90, 0x0000020432d53810,
0x0000020412c30350, 0x0000020432ae0aa0, 0x00000204328fb1b0, 0x0000020432b21d80,
0x0000020432e4f7e0, 0x0000020432e4eac0, 0x0000020432e51f40, 0x0000020432e4fe70,
0x0000020432e4f150, 0x0000020432e50500, 0x0000020432e50b90, 0x0000020432e51220,
0x00000204342a68d0, 0x00000204342a5520, 0x00000204342a5bb0, 0x00000204342a4800,
0x00000204342a75f0, 0x00000204342a4170, 0x00000204342a9d50, 0x00000204342a7c80,
0x00000204342a8310, 0x0000020433d41ef0, 0x0000020433d42580, 0x0000020433d3fe20,
0x0000020433d40b40, 0x0000020433d3f790, 0x0000020433d432a0, 0x0000020433d411d0,
0x0000020433d404b0, 0x0000020433d43930, 0x0000020433d46090, 0x0000020433d45370,
0x0000020433d46720, 0x0000020433d46db0, 0x0000020433d44ce0, 0x0000020433d43fc0,
0x0000020433d44650, 0x0000020433d45a00, 0x0000020435a83ff0, 0x0000020435a825b0,
0x0000020435a82c40, 0x0000020435a84d10, 0x0000020435a832d0, 0x0000020435a84680,
0x0000020435a853a0, 0x0000020435a81f20, 0x0000020435a860c0, 0x0000020435a83960,
0x0000020435a88eb0, 0x0000020435a87470, 0x0000020435a85a30, 0x0000020435a88190,
0x0000020435a87b00, 0x0000020435a89540, 0x0000020435a86750, 0x0000020436583bc0,
0x0000020436582ea0, 0x0000020436580740, 0x0000020436583530, 0x0000020436584250,
0x0000020436580dd0, 0x0000020436585600, 0x00000204365848e0, 0x0000020436584f70,
0x00000204365869b0, 0x0000020436586320, 0x0000020436585c90, 0x0000020432e518b0,
0x0000020436895850, 0x0000020436897290, 0x00000204368944a0, 0x0000020436894b30,
0x0000020436893e10, 0x0000020436895ee0, 0x0000020436897920, 0x0000020436896c00,
0x0000020436897fb0, 0x0000020436896570, 0x0000020436898640, 0x00000204368951c0,
0x0000020436899360, 0x00000204368999f0, 0x0000020436898cd0, 0x000002043689a080,
0x000002043689ada0, 0x000002043689a710, 0x000002043689b430, 0x0000020437094570,
0x0000020437095290, 0x0000020437093850, 0x00000204370924a0, 0x0000020437093ee0,
0x0000020437094c00, 0x0000020437095fb0, 0x0000020437095920, 0x0000020437092b30,
0x0000020437096640, 0x00000204370931c0, 0x0000020437096cd0, 0x0000020437098080,
0x0000020437097360, 0x0000020437098710, 0x0000020437099430, 0x00000204370979f0,
0x0000020437098da0, 0x0000020437099ac0, 0x0000020436716b60, 0x00000204367171f0,
0x0000020436714400, 0x0000020436717880, 0x00000204367157b0, 0x0000020436715e40,
0x00000204367164d0, 0x0000020436714a90, 0x00000204367185a0, 0x0000020436717f10,
0x0000020436715120, 0x0000020436719fe0, 0x0000020436718c30, 0x00000204367192c0,
0x0000020436719950, 0x000002043671a670, 0x000002043671ad00, 0x000002043671b390,
0x000002043671ba20, 0x0000020435c949f0, 0x0000020435c95710, 0x0000020435c977e0,
0x0000020435c94360, 0x0000020435c9b2f0, 0x0000020435c99f40, 0x0000020435c9a5d0,
0x0000020435c9ac60, 0x0000020435c97e70, 0x0000020435c98500, 0x0000020435c98b90,
0x0000020435c99220, 0x0000020435c998b0, 0x00000204340f58f0
}

Java Threads: ( => current thread )
  0x0000020479e2eb70 JavaThread "main"                              [_thread_blocked, id=36476, stack(0x00000038f3e00000,0x00000038f3f00000) (1024K)]
  0x0000020412a33f10 JavaThread "Reference Handler"          daemon [_thread_blocked, id=30912, stack(0x00000038f4600000,0x00000038f4700000) (1024K)]
  0x0000020412a35790 JavaThread "Finalizer"                  daemon [_thread_blocked, id=34388, stack(0x00000038f4700000,0x00000038f4800000) (1024K)]
  0x0000020412a3ba30 JavaThread "Signal Dispatcher"          daemon [_thread_blocked, id=24456, stack(0x00000038f4800000,0x00000038f4900000) (1024K)]
  0x0000020412a3c840 JavaThread "Attach Listener"            daemon [_thread_blocked, id=10928, stack(0x00000038f4900000,0x00000038f4a00000) (1024K)]
  0x0000020412a3d2a0 JavaThread "Service Thread"             daemon [_thread_blocked, id=36744, stack(0x00000038f4a00000,0x00000038f4b00000) (1024K)]
  0x0000020412a3ea20 JavaThread "Monitor Deflation Thread"   daemon [_thread_blocked, id=11384, stack(0x00000038f4b00000,0x00000038f4c00000) (1024K)]
=>0x0000020412a5f7c0 JavaThread "C2 CompilerThread0"         daemon [_thread_in_native, id=36548, stack(0x00000038f4c00000,0x00000038f4d00000) (1024K)]
  0x0000020412a6a3c0 JavaThread "C1 CompilerThread0"         daemon [_thread_blocked, id=33292, stack(0x00000038f4d00000,0x00000038f4e00000) (1024K)]
  0x0000020412d4ccf0 JavaThread "Common-Cleaner"             daemon [_thread_blocked, id=24264, stack(0x00000038f4e00000,0x00000038f4f00000) (1024K)]
  0x0000020412cf9b90 JavaThread "Notification Thread"        daemon [_thread_blocked, id=23700, stack(0x00000038f4f00000,0x00000038f5000000) (1024K)]
  0x0000020432d53810 JavaThread "Daemon health stats"               [_thread_blocked, id=25692, stack(0x00000038f5700000,0x00000038f5800000) (1024K)]
  0x0000020412c30350 JavaThread "Incoming local TCP Connector on port 53659"        [_thread_in_native, id=35848, stack(0x00000038f5800000,0x00000038f5900000) (1024K)]
  0x0000020432ae0aa0 JavaThread "Daemon periodic checks"            [_thread_blocked, id=15532, stack(0x00000038f5900000,0x00000038f5a00000) (1024K)]
  0x00000204328fb1b0 JavaThread "Daemon"                            [_thread_blocked, id=15492, stack(0x00000038f5a00000,0x00000038f5b00000) (1024K)]
  0x0000020432b21d80 JavaThread "Handler for socket connection from /127.0.0.1:53659 to /127.0.0.1:53660"        [_thread_in_native, id=28532, stack(0x00000038f5b00000,0x00000038f5c00000) (1024K)]
  0x0000020432e4f7e0 JavaThread "Cancel handler"                    [_thread_blocked, id=33908, stack(0x00000038f5c00000,0x00000038f5d00000) (1024K)]
  0x0000020432e4eac0 JavaThread "Daemon worker"                     [_thread_in_vm, id=7532, stack(0x00000038f5d00000,0x00000038f5e00000) (1024K)]
  0x0000020432e51f40 JavaThread "Asynchronous log dispatcher for DefaultDaemonConnection: socket connection from /127.0.0.1:53659 to /127.0.0.1:53660"        [_thread_blocked, id=2652, stack(0x00000038f5e00000,0x00000038f5f00000) (1024K)]
  0x0000020432e4fe70 JavaThread "Stdin handler"                     [_thread_blocked, id=37268, stack(0x00000038f5f00000,0x00000038f6000000) (1024K)]
  0x0000020432e4f150 JavaThread "Daemon client event forwarder"        [_thread_blocked, id=5896, stack(0x00000038f6000000,0x00000038f6100000) (1024K)]
  0x0000020432e50500 JavaThread "Cache worker for journal cache (D:\gradle_cache\caches\journal-1)"        [_thread_blocked, id=30772, stack(0x00000038f6100000,0x00000038f6200000) (1024K)]
  0x0000020432e50b90 JavaThread "File lock request listener"        [_thread_in_native, id=11244, stack(0x00000038f6200000,0x00000038f6300000) (1024K)]
  0x0000020432e51220 JavaThread "Cache worker for file hash cache (D:\gradle_cache\caches\8.12\fileHashes)"        [_thread_blocked, id=3332, stack(0x00000038f6300000,0x00000038f6400000) (1024K)]
  0x00000204342a68d0 JavaThread "Cache worker for file hash cache (D:\pranjal\electricity_billing\mobile\android\.gradle\8.12\fileHashes)"        [_thread_blocked, id=28416, stack(0x00000038f6900000,0x00000038f6a00000) (1024K)]
  0x00000204342a5520 JavaThread "Cache worker for Build Output Cleanup Cache (D:\pranjal\electricity_billing\mobile\android\.gradle\buildOutputCleanup)"        [_thread_blocked, id=28932, stack(0x00000038f6a00000,0x00000038f6b00000) (1024K)]
  0x00000204342a5bb0 JavaThread "File watcher server"        daemon [_thread_in_native, id=27928, stack(0x00000038f6b00000,0x00000038f6c00000) (1024K)]
  0x00000204342a4800 JavaThread "File watcher consumer"      daemon [_thread_blocked, id=23496, stack(0x00000038f6c00000,0x00000038f6d00000) (1024K)]
  0x00000204342a75f0 JavaThread "Cache worker for checksums cache (D:\pranjal\electricity_billing\mobile\android\.gradle\8.12\checksums)"        [_thread_blocked, id=37772, stack(0x00000038f6d00000,0x00000038f6e00000) (1024K)]
  0x00000204342a4170 JavaThread "Cache worker for file content cache (D:\gradle_cache\caches\8.12\fileContent)"        [_thread_blocked, id=31824, stack(0x00000038f6f00000,0x00000038f7000000) (1024K)]
  0x00000204342a9d50 JavaThread "Cache worker for cache directory md-rule (D:\gradle_cache\caches\8.12\md-rule)"        [_thread_blocked, id=21992, stack(0x00000038f7000000,0x00000038f7100000) (1024K)]
  0x00000204342a7c80 JavaThread "Cache worker for cache directory md-supplier (D:\gradle_cache\caches\8.12\md-supplier)"        [_thread_blocked, id=26632, stack(0x00000038f6e00000,0x00000038f6f00000) (1024K)]
  0x00000204342a8310 JavaThread "Cache worker for Build Output Cleanup Cache (C:\src\flutter\packages\flutter_tools\gradle\.gradle\buildOutputCleanup)"        [_thread_blocked, id=14744, stack(0x00000038f7200000,0x00000038f7300000) (1024K)]
  0x0000020433d41ef0 JavaThread "Unconstrained build operations"        [_thread_blocked, id=34820, stack(0x00000038f7100000,0x00000038f7200000) (1024K)]
  0x0000020433d42580 JavaThread "Unconstrained build operations Thread 2"        [_thread_blocked, id=26216, stack(0x00000038f7300000,0x00000038f7400000) (1024K)]
  0x0000020433d3fe20 JavaThread "Unconstrained build operations Thread 3"        [_thread_blocked, id=26948, stack(0x00000038f7400000,0x00000038f7500000) (1024K)]
  0x0000020433d40b40 JavaThread "Unconstrained build operations Thread 4"        [_thread_blocked, id=5332, stack(0x00000038f7500000,0x00000038f7600000) (1024K)]
  0x0000020433d3f790 JavaThread "Unconstrained build operations Thread 5"        [_thread_blocked, id=27568, stack(0x00000038f7600000,0x00000038f7700000) (1024K)]
  0x0000020433d432a0 JavaThread "Unconstrained build operations Thread 6"        [_thread_blocked, id=29464, stack(0x00000038f7700000,0x00000038f7800000) (1024K)]
  0x0000020433d411d0 JavaThread "Unconstrained build operations Thread 7"        [_thread_blocked, id=35976, stack(0x00000038f7800000,0x00000038f7900000) (1024K)]
  0x0000020433d404b0 JavaThread "Unconstrained build operations Thread 8"        [_thread_blocked, id=27228, stack(0x00000038f7900000,0x00000038f7a00000) (1024K)]
  0x0000020433d43930 JavaThread "Unconstrained build operations Thread 9"        [_thread_blocked, id=32912, stack(0x00000038f7a00000,0x00000038f7b00000) (1024K)]
  0x0000020433d46090 JavaThread "Unconstrained build operations Thread 10"        [_thread_blocked, id=22736, stack(0x00000038f7b00000,0x00000038f7c00000) (1024K)]
  0x0000020433d45370 JavaThread "Unconstrained build operations Thread 11"        [_thread_blocked, id=23476, stack(0x00000038f7c00000,0x00000038f7d00000) (1024K)]
  0x0000020433d46720 JavaThread "Unconstrained build operations Thread 12"        [_thread_blocked, id=29256, stack(0x00000038f7d00000,0x00000038f7e00000) (1024K)]
  0x0000020433d46db0 JavaThread "Unconstrained build operations Thread 13"        [_thread_blocked, id=15596, stack(0x00000038f7e00000,0x00000038f7f00000) (1024K)]
  0x0000020433d44ce0 JavaThread "Unconstrained build operations Thread 14"        [_thread_blocked, id=25424, stack(0x00000038f7f00000,0x00000038f8000000) (1024K)]
  0x0000020433d43fc0 JavaThread "Unconstrained build operations Thread 15"        [_thread_blocked, id=23932, stack(0x00000038f8000000,0x00000038f8100000) (1024K)]
  0x0000020433d44650 JavaThread "Unconstrained build operations Thread 16"        [_thread_blocked, id=17168, stack(0x00000038f8100000,0x00000038f8200000) (1024K)]
  0x0000020433d45a00 JavaThread "Unconstrained build operations Thread 17"        [_thread_blocked, id=27540, stack(0x00000038f8200000,0x00000038f8300000) (1024K)]
  0x0000020435a83ff0 JavaThread "Unconstrained build operations Thread 18"        [_thread_blocked, id=23524, stack(0x00000038f8300000,0x00000038f8400000) (1024K)]
  0x0000020435a825b0 JavaThread "Unconstrained build operations Thread 19"        [_thread_blocked, id=31600, stack(0x00000038f8400000,0x00000038f8500000) (1024K)]
  0x0000020435a82c40 JavaThread "Unconstrained build operations Thread 20"        [_thread_blocked, id=13156, stack(0x00000038f8500000,0x00000038f8600000) (1024K)]
  0x0000020435a84d10 JavaThread "Unconstrained build operations Thread 21"        [_thread_blocked, id=29180, stack(0x00000038f8600000,0x00000038f8700000) (1024K)]
  0x0000020435a832d0 JavaThread "Unconstrained build operations Thread 22"        [_thread_blocked, id=11452, stack(0x00000038f8700000,0x00000038f8800000) (1024K)]
  0x0000020435a84680 JavaThread "Unconstrained build operations Thread 23"        [_thread_blocked, id=15452, stack(0x00000038f8800000,0x00000038f8900000) (1024K)]
  0x0000020435a853a0 JavaThread "Unconstrained build operations Thread 24"        [_thread_blocked, id=28276, stack(0x00000038f8900000,0x00000038f8a00000) (1024K)]
  0x0000020435a81f20 JavaThread "Unconstrained build operations Thread 25"        [_thread_blocked, id=33340, stack(0x00000038f8a00000,0x00000038f8b00000) (1024K)]
  0x0000020435a860c0 JavaThread "Unconstrained build operations Thread 26"        [_thread_blocked, id=10748, stack(0x00000038f8b00000,0x00000038f8c00000) (1024K)]
  0x0000020435a83960 JavaThread "Unconstrained build operations Thread 27"        [_thread_blocked, id=27244, stack(0x00000038f8c00000,0x00000038f8d00000) (1024K)]
  0x0000020435a88eb0 JavaThread "Unconstrained build operations Thread 28"        [_thread_blocked, id=17820, stack(0x00000038f8d00000,0x00000038f8e00000) (1024K)]
  0x0000020435a87470 JavaThread "Unconstrained build operations Thread 29"        [_thread_blocked, id=24884, stack(0x00000038f8e00000,0x00000038f8f00000) (1024K)]
  0x0000020435a85a30 JavaThread "Unconstrained build operations Thread 30"        [_thread_blocked, id=17064, stack(0x00000038f8f00000,0x00000038f9000000) (1024K)]
  0x0000020435a88190 JavaThread "Unconstrained build operations Thread 31"        [_thread_blocked, id=9340, stack(0x00000038f9000000,0x00000038f9100000) (1024K)]
  0x0000020435a87b00 JavaThread "Unconstrained build operations Thread 32"        [_thread_blocked, id=33196, stack(0x00000038f9100000,0x00000038f9200000) (1024K)]
  0x0000020435a89540 JavaThread "Unconstrained build operations Thread 33"        [_thread_blocked, id=35088, stack(0x00000038f9200000,0x00000038f9300000) (1024K)]
  0x0000020435a86750 JavaThread "Memory manager"                    [_thread_blocked, id=26884, stack(0x00000038f9300000,0x00000038f9400000) (1024K)]
  0x0000020436583bc0 JavaThread "build event listener"              [_thread_blocked, id=36824, stack(0x00000038f9400000,0x00000038f9500000) (1024K)]
  0x0000020436582ea0 JavaThread "included builds"                   [_thread_blocked, id=26460, stack(0x00000038f3b00000,0x00000038f3c00000) (1024K)]
  0x0000020436580740 JavaThread "Execution worker"                  [_thread_blocked, id=33692, stack(0x00000038f3c00000,0x00000038f3d00000) (1024K)]
  0x0000020436583530 JavaThread "Execution worker Thread 2"         [_thread_blocked, id=28016, stack(0x00000038f3d00000,0x00000038f3e00000) (1024K)]
  0x0000020436584250 JavaThread "Execution worker Thread 3"         [_thread_blocked, id=32424, stack(0x00000038f6400000,0x00000038f6500000) (1024K)]
  0x0000020436580dd0 JavaThread "Execution worker Thread 4"         [_thread_blocked, id=8536, stack(0x00000038f9500000,0x00000038f9600000) (1024K)]
  0x0000020436585600 JavaThread "Execution worker Thread 5"         [_thread_blocked, id=26636, stack(0x00000038f9600000,0x00000038f9700000) (1024K)]
  0x00000204365848e0 JavaThread "Execution worker Thread 6"         [_thread_blocked, id=8412, stack(0x00000038f9700000,0x00000038f9800000) (1024K)]
  0x0000020436584f70 JavaThread "Execution worker Thread 7"         [_thread_blocked, id=37840, stack(0x00000038f9800000,0x00000038f9900000) (1024K)]
  0x00000204365869b0 JavaThread "Execution worker Thread 8"         [_thread_blocked, id=27612, stack(0x00000038f9900000,0x00000038f9a00000) (1024K)]
  0x0000020436586320 JavaThread "Execution worker Thread 9"         [_thread_blocked, id=7868, stack(0x00000038f9a00000,0x00000038f9b00000) (1024K)]
  0x0000020436585c90 JavaThread "Execution worker Thread 10"        [_thread_blocked, id=28568, stack(0x00000038f9b00000,0x00000038f9c00000) (1024K)]
  0x0000020432e518b0 JavaThread "Execution worker Thread 11"        [_thread_blocked, id=35548, stack(0x00000038f9c00000,0x00000038f9d00000) (1024K)]
  0x0000020436895850 JavaThread "Cache worker for execution history cache (C:\src\flutter\packages\flutter_tools\gradle\.gradle\8.12\executionHistory)"        [_thread_blocked, id=15188, stack(0x00000038f9d00000,0x00000038f9e00000) (1024K)]
  0x0000020436897290 JavaThread "Unconstrained build operations Thread 34"        [_thread_blocked, id=21400, stack(0x00000038f9e00000,0x00000038f9f00000) (1024K)]
  0x00000204368944a0 JavaThread "Unconstrained build operations Thread 35"        [_thread_blocked, id=34204, stack(0x00000038f9f00000,0x00000038fa000000) (1024K)]
  0x0000020436894b30 JavaThread "Unconstrained build operations Thread 36"        [_thread_blocked, id=21892, stack(0x00000038fa000000,0x00000038fa100000) (1024K)]
  0x0000020436893e10 JavaThread "Unconstrained build operations Thread 37"        [_thread_blocked, id=9520, stack(0x00000038fa100000,0x00000038fa200000) (1024K)]
  0x0000020436895ee0 JavaThread "Unconstrained build operations Thread 38"        [_thread_blocked, id=14572, stack(0x00000038fa200000,0x00000038fa300000) (1024K)]
  0x0000020436897920 JavaThread "Unconstrained build operations Thread 39"        [_thread_blocked, id=24024, stack(0x00000038fa300000,0x00000038fa400000) (1024K)]
  0x0000020436896c00 JavaThread "Unconstrained build operations Thread 40"        [_thread_blocked, id=17224, stack(0x00000038fa400000,0x00000038fa500000) (1024K)]
  0x0000020436897fb0 JavaThread "Unconstrained build operations Thread 41"        [_thread_blocked, id=23372, stack(0x00000038fa500000,0x00000038fa600000) (1024K)]
  0x0000020436896570 JavaThread "Unconstrained build operations Thread 42"        [_thread_blocked, id=33740, stack(0x00000038fa600000,0x00000038fa700000) (1024K)]
  0x0000020436898640 JavaThread "Unconstrained build operations Thread 43"        [_thread_blocked, id=11836, stack(0x00000038fa700000,0x00000038fa800000) (1024K)]
  0x00000204368951c0 JavaThread "Unconstrained build operations Thread 44"        [_thread_blocked, id=22696, stack(0x00000038fa800000,0x00000038fa900000) (1024K)]
  0x0000020436899360 JavaThread "File lock release action executor Thread 2"        [_thread_blocked, id=37708, stack(0x00000038fa900000,0x00000038faa00000) (1024K)]
  0x00000204368999f0 JavaThread "Unconstrained build operations Thread 45"        [_thread_blocked, id=31128, stack(0x00000038faa00000,0x00000038fab00000) (1024K)]
  0x0000020436898cd0 JavaThread "Unconstrained build operations Thread 46"        [_thread_blocked, id=17792, stack(0x00000038fab00000,0x00000038fac00000) (1024K)]
  0x000002043689a080 JavaThread "Unconstrained build operations Thread 47"        [_thread_blocked, id=31484, stack(0x00000038fac00000,0x00000038fad00000) (1024K)]
  0x000002043689ada0 JavaThread "Unconstrained build operations Thread 48"        [_thread_blocked, id=14884, stack(0x00000038fad00000,0x00000038fae00000) (1024K)]
  0x000002043689a710 JavaThread "Unconstrained build operations Thread 49"        [_thread_blocked, id=28008, stack(0x00000038fae00000,0x00000038faf00000) (1024K)]
  0x000002043689b430 JavaThread "Unconstrained build operations Thread 50"        [_thread_blocked, id=34360, stack(0x00000038faf00000,0x00000038fb000000) (1024K)]
  0x0000020437094570 JavaThread "Unconstrained build operations Thread 51"        [_thread_blocked, id=34836, stack(0x00000038fb000000,0x00000038fb100000) (1024K)]
  0x0000020437095290 JavaThread "Unconstrained build operations Thread 52"        [_thread_blocked, id=4280, stack(0x00000038fb100000,0x00000038fb200000) (1024K)]
  0x0000020437093850 JavaThread "Unconstrained build operations Thread 53"        [_thread_blocked, id=23520, stack(0x00000038fb200000,0x00000038fb300000) (1024K)]
  0x00000204370924a0 JavaThread "Unconstrained build operations Thread 54"        [_thread_blocked, id=30712, stack(0x00000038fb300000,0x00000038fb400000) (1024K)]
  0x0000020437093ee0 JavaThread "Unconstrained build operations Thread 55"        [_thread_blocked, id=33272, stack(0x00000038fb400000,0x00000038fb500000) (1024K)]
  0x0000020437094c00 JavaThread "Unconstrained build operations Thread 56"        [_thread_blocked, id=30836, stack(0x00000038fb500000,0x00000038fb600000) (1024K)]
  0x0000020437095fb0 JavaThread "Unconstrained build operations Thread 57"        [_thread_blocked, id=13832, stack(0x00000038fb600000,0x00000038fb700000) (1024K)]
  0x0000020437095920 JavaThread "Unconstrained build operations Thread 58"        [_thread_blocked, id=8252, stack(0x00000038fb700000,0x00000038fb800000) (1024K)]
  0x0000020437092b30 JavaThread "Unconstrained build operations Thread 59"        [_thread_blocked, id=29332, stack(0x00000038fb800000,0x00000038fb900000) (1024K)]
  0x0000020437096640 JavaThread "Unconstrained build operations Thread 60"        [_thread_blocked, id=16292, stack(0x00000038fb900000,0x00000038fba00000) (1024K)]
  0x00000204370931c0 JavaThread "Unconstrained build operations Thread 61"        [_thread_blocked, id=21984, stack(0x00000038fba00000,0x00000038fbb00000) (1024K)]
  0x0000020437096cd0 JavaThread "Unconstrained build operations Thread 62"        [_thread_blocked, id=25644, stack(0x00000038fbb00000,0x00000038fbc00000) (1024K)]
  0x0000020437098080 JavaThread "Unconstrained build operations Thread 63"        [_thread_blocked, id=12544, stack(0x00000038fbc00000,0x00000038fbd00000) (1024K)]
  0x0000020437097360 JavaThread "Unconstrained build operations Thread 64"        [_thread_blocked, id=23888, stack(0x00000038fbd00000,0x00000038fbe00000) (1024K)]
  0x0000020437098710 JavaThread "Unconstrained build operations Thread 65"        [_thread_blocked, id=25812, stack(0x00000038fbe00000,0x00000038fbf00000) (1024K)]
  0x0000020437099430 JavaThread "Unconstrained build operations Thread 66"        [_thread_blocked, id=34216, stack(0x00000038fbf00000,0x00000038fc000000) (1024K)]
  0x00000204370979f0 JavaThread "Unconstrained build operations Thread 67"        [_thread_blocked, id=31892, stack(0x00000038fc000000,0x00000038fc100000) (1024K)]
  0x0000020437098da0 JavaThread "Unconstrained build operations Thread 68"        [_thread_blocked, id=33336, stack(0x00000038fc100000,0x00000038fc200000) (1024K)]
  0x0000020437099ac0 JavaThread "Unconstrained build operations Thread 69"        [_thread_blocked, id=32764, stack(0x00000038fc200000,0x00000038fc300000) (1024K)]
  0x0000020436716b60 JavaThread "Unconstrained build operations Thread 70"        [_thread_blocked, id=15368, stack(0x00000038fc300000,0x00000038fc400000) (1024K)]
  0x00000204367171f0 JavaThread "Unconstrained build operations Thread 71"        [_thread_blocked, id=16688, stack(0x00000038fc400000,0x00000038fc500000) (1024K)]
  0x0000020436714400 JavaThread "Unconstrained build operations Thread 72"        [_thread_blocked, id=23140, stack(0x00000038fc500000,0x00000038fc600000) (1024K)]
  0x0000020436717880 JavaThread "Unconstrained build operations Thread 73"        [_thread_blocked, id=37768, stack(0x00000038fc600000,0x00000038fc700000) (1024K)]
  0x00000204367157b0 JavaThread "Unconstrained build operations Thread 74"        [_thread_blocked, id=22772, stack(0x00000038fc700000,0x00000038fc800000) (1024K)]
  0x0000020436715e40 JavaThread "Unconstrained build operations Thread 75"        [_thread_blocked, id=36124, stack(0x00000038fc800000,0x00000038fc900000) (1024K)]
  0x00000204367164d0 JavaThread "Unconstrained build operations Thread 76"        [_thread_blocked, id=2548, stack(0x00000038fc900000,0x00000038fca00000) (1024K)]
  0x0000020436714a90 JavaThread "Unconstrained build operations Thread 77"        [_thread_blocked, id=3076, stack(0x00000038fca00000,0x00000038fcb00000) (1024K)]
  0x00000204367185a0 JavaThread "Unconstrained build operations Thread 78"        [_thread_blocked, id=26656, stack(0x00000038fcb00000,0x00000038fcc00000) (1024K)]
  0x0000020436717f10 JavaThread "Unconstrained build operations Thread 79"        [_thread_blocked, id=33532, stack(0x00000038fcc00000,0x00000038fcd00000) (1024K)]
  0x0000020436715120 JavaThread "Unconstrained build operations Thread 80"        [_thread_blocked, id=13672, stack(0x00000038fcd00000,0x00000038fce00000) (1024K)]
  0x0000020436719fe0 JavaThread "Unconstrained build operations Thread 81"        [_thread_blocked, id=31628, stack(0x00000038fce00000,0x00000038fcf00000) (1024K)]
  0x0000020436718c30 JavaThread "Unconstrained build operations Thread 82"        [_thread_blocked, id=37140, stack(0x00000038fcf00000,0x00000038fd000000) (1024K)]
  0x00000204367192c0 JavaThread "Unconstrained build operations Thread 83"        [_thread_blocked, id=22624, stack(0x00000038fd000000,0x00000038fd100000) (1024K)]
  0x0000020436719950 JavaThread "Unconstrained build operations Thread 84"        [_thread_blocked, id=31176, stack(0x00000038fd100000,0x00000038fd200000) (1024K)]
  0x000002043671a670 JavaThread "Unconstrained build operations Thread 85"        [_thread_blocked, id=15960, stack(0x00000038fd200000,0x00000038fd300000) (1024K)]
  0x000002043671ad00 JavaThread "Unconstrained build operations Thread 86"        [_thread_blocked, id=12124, stack(0x00000038fd300000,0x00000038fd400000) (1024K)]
  0x000002043671b390 JavaThread "Unconstrained build operations Thread 87"        [_thread_blocked, id=24696, stack(0x00000038fd400000,0x00000038fd500000) (1024K)]
  0x000002043671ba20 JavaThread "Unconstrained build operations Thread 88"        [_thread_blocked, id=30600, stack(0x00000038fd500000,0x00000038fd600000) (1024K)]
  0x0000020435c949f0 JavaThread "Unconstrained build operations Thread 89"        [_thread_blocked, id=28888, stack(0x00000038fd600000,0x00000038fd700000) (1024K)]
  0x0000020435c95710 JavaThread "Unconstrained build operations Thread 90"        [_thread_blocked, id=6472, stack(0x00000038fd700000,0x00000038fd800000) (1024K)]
  0x0000020435c977e0 JavaThread "Unconstrained build operations Thread 91"        [_thread_blocked, id=10716, stack(0x00000038fd800000,0x00000038fd900000) (1024K)]
  0x0000020435c94360 JavaThread "Unconstrained build operations Thread 92"        [_thread_blocked, id=22616, stack(0x00000038fd900000,0x00000038fda00000) (1024K)]
  0x0000020435c9b2f0 JavaThread "Unconstrained build operations Thread 93"        [_thread_blocked, id=17504, stack(0x00000038fda00000,0x00000038fdb00000) (1024K)]
  0x0000020435c99f40 JavaThread "Unconstrained build operations Thread 94"        [_thread_blocked, id=23348, stack(0x00000038fdb00000,0x00000038fdc00000) (1024K)]
  0x0000020435c9a5d0 JavaThread "Unconstrained build operations Thread 95"        [_thread_blocked, id=32248, stack(0x00000038fdc00000,0x00000038fdd00000) (1024K)]
  0x0000020435c9ac60 JavaThread "Unconstrained build operations Thread 96"        [_thread_blocked, id=4756, stack(0x00000038fdd00000,0x00000038fde00000) (1024K)]
  0x0000020435c97e70 JavaThread "Unconstrained build operations Thread 97"        [_thread_blocked, id=2336, stack(0x00000038fde00000,0x00000038fdf00000) (1024K)]
  0x0000020435c98500 JavaThread "Unconstrained build operations Thread 98"        [_thread_blocked, id=29076, stack(0x00000038fdf00000,0x00000038fe000000) (1024K)]
  0x0000020435c98b90 JavaThread "Unconstrained build operations Thread 99"        [_thread_blocked, id=1456, stack(0x00000038fe000000,0x00000038fe100000) (1024K)]
  0x0000020435c99220 JavaThread "Unconstrained build operations Thread 100"        [_thread_blocked, id=1992, stack(0x00000038fe100000,0x00000038fe200000) (1024K)]
  0x0000020435c998b0 JavaThread "Unconstrained build operations Thread 101"        [_thread_blocked, id=34336, stack(0x00000038fe200000,0x00000038fe300000) (1024K)]
  0x00000204340f58f0 JavaThread "build event listener"              [_thread_blocked, id=10436, stack(0x00000038fe300000,0x00000038fe400000) (1024K)]
Total: 151

Other Threads:
  0x0000020412a13b40 VMThread "VM Thread"                           [id=30608, stack(0x00000038f4500000,0x00000038f4600000) (1024K)] _threads_hazard_ptr=0x000002043844d3f0
  0x0000020412a04730 WatcherThread "VM Periodic Task Thread"        [id=24092, stack(0x00000038f4400000,0x00000038f4500000) (1024K)]
  0x0000020479e8a4d0 WorkerThread "GC Thread#0"                     [id=30152, stack(0x00000038f3f00000,0x00000038f4000000) (1024K)]
  0x0000020432384e40 WorkerThread "GC Thread#1"                     [id=17564, stack(0x00000038f5000000,0x00000038f5100000) (1024K)]
  0x000002043209e210 WorkerThread "GC Thread#2"                     [id=30700, stack(0x00000038f5100000,0x00000038f5200000) (1024K)]
  0x0000020432a47a80 WorkerThread "GC Thread#3"                     [id=23532, stack(0x00000038f5200000,0x00000038f5300000) (1024K)]
  0x0000020432a47e30 WorkerThread "GC Thread#4"                     [id=17512, stack(0x00000038f5300000,0x00000038f5400000) (1024K)]
  0x0000020433729a20 WorkerThread "GC Thread#5"                     [id=30812, stack(0x00000038f5400000,0x00000038f5500000) (1024K)]
  0x000002043372a1e0 WorkerThread "GC Thread#6"                     [id=34224, stack(0x00000038f5500000,0x00000038f5600000) (1024K)]
  0x000002043372a590 WorkerThread "GC Thread#7"                     [id=6632, stack(0x00000038f5600000,0x00000038f5700000) (1024K)]
  0x00000204337de860 WorkerThread "GC Thread#8"                     [id=24508, stack(0x00000038f6500000,0x00000038f6600000) (1024K)]
  0x00000204337defc0 WorkerThread "GC Thread#9"                     [id=15544, stack(0x00000038f6600000,0x00000038f6700000) (1024K)]
  0x0000020479e9b3d0 ConcurrentGCThread "G1 Main Marker"            [id=33972, stack(0x00000038f4000000,0x00000038f4100000) (1024K)]
  0x0000020479e9bdf0 WorkerThread "G1 Conc#0"                       [id=11172, stack(0x00000038f4100000,0x00000038f4200000) (1024K)]
  0x0000020433ecc8e0 WorkerThread "G1 Conc#1"                       [id=21168, stack(0x00000038f6700000,0x00000038f6800000) (1024K)]
  0x0000020433ecc530 WorkerThread "G1 Conc#2"                       [id=24396, stack(0x00000038f6800000,0x00000038f6900000) (1024K)]
  0x00000204128d2b90 ConcurrentGCThread "G1 Refine#0"               [id=22640, stack(0x00000038f4200000,0x00000038f4300000) (1024K)]
  0x00000204128d3620 ConcurrentGCThread "G1 Service"                [id=21988, stack(0x00000038f4300000,0x00000038f4400000) (1024K)]
Total: 18

Threads with active compile tasks:
C2 CompilerThread0  265407 13003       4       com.android.build.gradle.internal.cxx.settings.ParseMacroStringKt::tokenizeMacroString (409 bytes)
Total: 1

VM state: synchronizing (normal execution)

VM Mutex/Monitor currently owned by a thread:  ([mutex/lock_event])
[0x00007fff95d9d530] Metaspace_lock - owner thread: 0x0000020432e4eac0
[0x00007fff95d9f5b0] Threads_lock - owner thread: 0x0000020412a13b40

Heap address: 0x0000000080000000, size: 2048 MB, Compressed Oops mode: 32-bit

CDS archive(s) mapped at: [0x0000020413000000-0x0000020413ba0000-0x0000020413ba0000), size 12189696, SharedBaseAddress: 0x0000020413000000, ArchiveRelocationMode: 1.
Compressed class space mapped at: 0x0000020414000000-0x000002042e000000, reserved size: 436207616
Narrow klass base: 0x0000020413000000, Narrow klass shift: 0, Narrow klass range: 0x100000000

GC Precious Log:
 CardTable entry size: 512
 Card Set container configuration: InlinePtr #cards 5 size 8 Array Of Cards #cards 12 size 40 Howl #buckets 4 coarsen threshold 1843 Howl Bitmap #cards 512 size 80 coarsen threshold 460 Card regions per heap region 1 cards per card region 2048
 CPUs: 12 total, 12 available
 Memory: 7832M
 Large Page Support: Disabled
 NUMA Support: Disabled
 Compressed Oops: Enabled (32-bit)
 Heap Region Size: 1M
 Heap Min Capacity: 8M
 Heap Initial Capacity: 124M
 Heap Max Capacity: 2G
 Pre-touch: Disabled
 Parallel Workers: 10
 Concurrent Workers: 3
 Concurrent Refinement Workers: 10
 Periodic GC: Disabled

Heap:
 garbage-first heap   total 194560K, used 113237K [0x0000000080000000, 0x0000000100000000)
  region size 1024K, 17 young (17408K), 6 survivors (6144K)
 Metaspace       used 100772K, committed 102976K, reserved 557056K
  class space    used 14396K, committed 15488K, reserved 425984K

Heap Regions: E=young(eden), S=young(survivor), O=old, HS=humongous(starts), HC=humongous(continues), CS=collection set, F=free, TAMS=top-at-mark-start, PB=parsable bottom
|   0|0x0000000080000000, 0x0000000080100000, 0x0000000080100000|100%| O|  |TAMS 0x0000000080000000| PB 0x0000000080000000| Untracked 
|   1|0x0000000080100000, 0x0000000080200000, 0x0000000080200000|100%|HS|  |TAMS 0x0000000080100000| PB 0x0000000080100000| Complete 
|   2|0x0000000080200000, 0x0000000080300000, 0x0000000080300000|100%|HC|  |TAMS 0x0000000080200000| PB 0x0000000080200000| Complete 
|   3|0x0000000080300000, 0x0000000080400000, 0x0000000080400000|100%|HC|  |TAMS 0x0000000080300000| PB 0x0000000080300000| Complete 
|   4|0x0000000080400000, 0x0000000080500000, 0x0000000080500000|100%| O|  |TAMS 0x0000000080400000| PB 0x0000000080400000| Untracked 
|   5|0x0000000080500000, 0x0000000080600000, 0x0000000080600000|100%| O|  |TAMS 0x0000000080500000| PB 0x0000000080500000| Untracked 
|   6|0x0000000080600000, 0x0000000080700000, 0x0000000080700000|100%| O|  |TAMS 0x0000000080600000| PB 0x0000000080600000| Untracked 
|   7|0x0000000080700000, 0x0000000080800000, 0x0000000080800000|100%|HS|  |TAMS 0x0000000080700000| PB 0x0000000080700000| Complete 
|   8|0x0000000080800000, 0x0000000080900000, 0x0000000080900000|100%| O|  |TAMS 0x0000000080800000| PB 0x0000000080800000| Untracked 
|   9|0x0000000080900000, 0x0000000080a00000, 0x0000000080a00000|100%| O|  |TAMS 0x0000000080900000| PB 0x0000000080900000| Untracked 
|  10|0x0000000080a00000, 0x0000000080b00000, 0x0000000080b00000|100%| O|  |TAMS 0x0000000080a00000| PB 0x0000000080a00000| Untracked 
|  11|0x0000000080b00000, 0x0000000080c00000, 0x0000000080c00000|100%| O|  |TAMS 0x0000000080b00000| PB 0x0000000080b00000| Untracked 
|  12|0x0000000080c00000, 0x0000000080d00000, 0x0000000080d00000|100%| O|  |TAMS 0x0000000080c00000| PB 0x0000000080c00000| Untracked 
|  13|0x0000000080d00000, 0x0000000080e00000, 0x0000000080e00000|100%| O|  |TAMS 0x0000000080d00000| PB 0x0000000080d00000| Untracked 
|  14|0x0000000080e00000, 0x0000000080f00000, 0x0000000080f00000|100%| O|  |TAMS 0x0000000080e00000| PB 0x0000000080e00000| Untracked 
|  15|0x0000000080f00000, 0x0000000081000000, 0x0000000081000000|100%| O|  |TAMS 0x0000000080f00000| PB 0x0000000080f00000| Untracked 
|  16|0x0000000081000000, 0x0000000081100000, 0x0000000081100000|100%| O|  |TAMS 0x0000000081000000| PB 0x0000000081000000| Untracked 
|  17|0x0000000081100000, 0x0000000081200000, 0x0000000081200000|100%| O|  |TAMS 0x0000000081100000| PB 0x0000000081100000| Untracked 
|  18|0x0000000081200000, 0x0000000081300000, 0x0000000081300000|100%| O|  |TAMS 0x0000000081200000| PB 0x0000000081200000| Untracked 
|  19|0x0000000081300000, 0x0000000081400000, 0x0000000081400000|100%| O|  |TAMS 0x0000000081300000| PB 0x0000000081300000| Untracked 
|  20|0x0000000081400000, 0x0000000081500000, 0x0000000081500000|100%| O|  |TAMS 0x0000000081400000| PB 0x0000000081400000| Untracked 
|  21|0x0000000081500000, 0x0000000081600000, 0x0000000081600000|100%| O|  |TAMS 0x0000000081500000| PB 0x0000000081500000| Untracked 
|  22|0x0000000081600000, 0x0000000081700000, 0x0000000081700000|100%| O|  |TAMS 0x0000000081600000| PB 0x0000000081600000| Untracked 
|  23|0x0000000081700000, 0x0000000081800000, 0x0000000081800000|100%| O|  |TAMS 0x0000000081700000| PB 0x0000000081700000| Untracked 
|  24|0x0000000081800000, 0x0000000081900000, 0x0000000081900000|100%| O|  |TAMS 0x0000000081800000| PB 0x0000000081800000| Untracked 
|  25|0x0000000081900000, 0x0000000081a00000, 0x0000000081a00000|100%| O|  |TAMS 0x0000000081900000| PB 0x0000000081900000| Untracked 
|  26|0x0000000081a00000, 0x0000000081b00000, 0x0000000081b00000|100%| O|  |TAMS 0x0000000081a00000| PB 0x0000000081a00000| Untracked 
|  27|0x0000000081b00000, 0x0000000081c00000, 0x0000000081c00000|100%| O|  |TAMS 0x0000000081b00000| PB 0x0000000081b00000| Untracked 
|  28|0x0000000081c00000, 0x0000000081d00000, 0x0000000081d00000|100%| O|  |TAMS 0x0000000081c00000| PB 0x0000000081c00000| Untracked 
|  29|0x0000000081d00000, 0x0000000081e00000, 0x0000000081e00000|100%| O|  |TAMS 0x0000000081d00000| PB 0x0000000081d00000| Untracked 
|  30|0x0000000081e00000, 0x0000000081f00000, 0x0000000081f00000|100%|HS|  |TAMS 0x0000000081e00000| PB 0x0000000081e00000| Complete 
|  31|0x0000000081f00000, 0x0000000082000000, 0x0000000082000000|100%|HC|  |TAMS 0x0000000081f00000| PB 0x0000000081f00000| Complete 
|  32|0x0000000082000000, 0x0000000082100000, 0x0000000082100000|100%|HS|  |TAMS 0x0000000082000000| PB 0x0000000082000000| Complete 
|  33|0x0000000082100000, 0x0000000082200000, 0x0000000082200000|100%|HC|  |TAMS 0x0000000082100000| PB 0x0000000082100000| Complete 
|  34|0x0000000082200000, 0x0000000082300000, 0x0000000082300000|100%| O|  |TAMS 0x0000000082200000| PB 0x0000000082200000| Untracked 
|  35|0x0000000082300000, 0x0000000082400000, 0x0000000082400000|100%| O|  |TAMS 0x0000000082300000| PB 0x0000000082300000| Untracked 
|  36|0x0000000082400000, 0x0000000082500000, 0x0000000082500000|100%| O|  |TAMS 0x0000000082400000| PB 0x0000000082400000| Untracked 
|  37|0x0000000082500000, 0x0000000082600000, 0x0000000082600000|100%| O|  |TAMS 0x0000000082500000| PB 0x0000000082500000| Untracked 
|  38|0x0000000082600000, 0x0000000082700000, 0x0000000082700000|100%| O|  |TAMS 0x0000000082600000| PB 0x0000000082600000| Untracked 
|  39|0x0000000082700000, 0x0000000082800000, 0x0000000082800000|100%| O|  |TAMS 0x0000000082700000| PB 0x0000000082700000| Untracked 
|  40|0x0000000082800000, 0x0000000082900000, 0x0000000082900000|100%| O|  |TAMS 0x0000000082800000| PB 0x0000000082800000| Untracked 
|  41|0x0000000082900000, 0x0000000082a00000, 0x0000000082a00000|100%| O|  |TAMS 0x0000000082900000| PB 0x0000000082900000| Untracked 
|  42|0x0000000082a00000, 0x0000000082b00000, 0x0000000082b00000|100%| O|  |TAMS 0x0000000082a00000| PB 0x0000000082a00000| Untracked 
|  43|0x0000000082b00000, 0x0000000082c00000, 0x0000000082c00000|100%| O|  |TAMS 0x0000000082b00000| PB 0x0000000082b00000| Untracked 
|  44|0x0000000082c00000, 0x0000000082d00000, 0x0000000082d00000|100%| O|  |TAMS 0x0000000082c00000| PB 0x0000000082c00000| Untracked 
|  45|0x0000000082d00000, 0x0000000082e00000, 0x0000000082e00000|100%| O|  |TAMS 0x0000000082d00000| PB 0x0000000082d00000| Untracked 
|  46|0x0000000082e00000, 0x0000000082f00000, 0x0000000082f00000|100%| O|  |TAMS 0x0000000082e00000| PB 0x0000000082e00000| Untracked 
|  47|0x0000000082f00000, 0x0000000083000000, 0x0000000083000000|100%| O|  |TAMS 0x0000000082f00000| PB 0x0000000082f00000| Untracked 
|  48|0x0000000083000000, 0x0000000083100000, 0x0000000083100000|100%| O|  |TAMS 0x0000000083000000| PB 0x0000000083000000| Untracked 
|  49|0x0000000083100000, 0x0000000083200000, 0x0000000083200000|100%| O|  |TAMS 0x0000000083100000| PB 0x0000000083100000| Untracked 
|  50|0x0000000083200000, 0x0000000083300000, 0x0000000083300000|100%| O|  |TAMS 0x0000000083200000| PB 0x0000000083200000| Untracked 
|  51|0x0000000083300000, 0x0000000083300000, 0x0000000083400000|  0%| F|  |TAMS 0x0000000083300000| PB 0x0000000083300000| Untracked 
|  52|0x0000000083400000, 0x0000000083500000, 0x0000000083500000|100%| O|  |TAMS 0x0000000083400000| PB 0x0000000083400000| Untracked 
|  53|0x0000000083500000, 0x0000000083600000, 0x0000000083600000|100%| O|  |TAMS 0x0000000083500000| PB 0x0000000083500000| Untracked 
|  54|0x0000000083600000, 0x0000000083700000, 0x0000000083700000|100%| O|  |TAMS 0x0000000083600000| PB 0x0000000083600000| Untracked 
|  55|0x0000000083700000, 0x0000000083800000, 0x0000000083800000|100%|HS|  |TAMS 0x0000000083700000| PB 0x0000000083700000| Complete 
|  56|0x0000000083800000, 0x0000000083900000, 0x0000000083900000|100%|HS|  |TAMS 0x0000000083800000| PB 0x0000000083800000| Complete 
|  57|0x0000000083900000, 0x0000000083a00000, 0x0000000083a00000|100%|HS|  |TAMS 0x0000000083900000| PB 0x0000000083900000| Complete 
|  58|0x0000000083a00000, 0x0000000083b00000, 0x0000000083b00000|100%| O|  |TAMS 0x0000000083a00000| PB 0x0000000083a00000| Untracked 
|  59|0x0000000083b00000, 0x0000000083b00000, 0x0000000083c00000|  0%| F|  |TAMS 0x0000000083b00000| PB 0x0000000083b00000| Untracked 
|  60|0x0000000083c00000, 0x0000000083d00000, 0x0000000083d00000|100%| O|  |TAMS 0x0000000083c00000| PB 0x0000000083c00000| Untracked 
|  61|0x0000000083d00000, 0x0000000083e00000, 0x0000000083e00000|100%| O|  |TAMS 0x0000000083d00000| PB 0x0000000083d00000| Untracked 
|  62|0x0000000083e00000, 0x0000000083f00000, 0x0000000083f00000|100%|HS|  |TAMS 0x0000000083e00000| PB 0x0000000083e00000| Complete 
|  63|0x0000000083f00000, 0x0000000084000000, 0x0000000084000000|100%|HC|  |TAMS 0x0000000083f00000| PB 0x0000000083f00000| Complete 
|  64|0x0000000084000000, 0x0000000084100000, 0x0000000084100000|100%| O|  |TAMS 0x0000000084000000| PB 0x0000000084000000| Untracked 
|  65|0x0000000084100000, 0x0000000084200000, 0x0000000084200000|100%| O|  |TAMS 0x0000000084100000| PB 0x0000000084100000| Untracked 
|  66|0x0000000084200000, 0x0000000084300000, 0x0000000084300000|100%|HS|  |TAMS 0x0000000084200000| PB 0x0000000084200000| Complete 
|  67|0x0000000084300000, 0x0000000084400000, 0x0000000084400000|100%| O|  |TAMS 0x0000000084300000| PB 0x0000000084300000| Untracked 
|  68|0x0000000084400000, 0x0000000084500000, 0x0000000084500000|100%|HS|  |TAMS 0x0000000084400000| PB 0x0000000084400000| Complete 
|  69|0x0000000084500000, 0x0000000084600000, 0x0000000084600000|100%|HS|  |TAMS 0x0000000084500000| PB 0x0000000084500000| Complete 
|  70|0x0000000084600000, 0x0000000084700000, 0x0000000084700000|100%|HC|  |TAMS 0x0000000084600000| PB 0x0000000084600000| Complete 
|  71|0x0000000084700000, 0x0000000084800000, 0x0000000084800000|100%|HS|  |TAMS 0x0000000084700000| PB 0x0000000084700000| Complete 
|  72|0x0000000084800000, 0x0000000084900000, 0x0000000084900000|100%|HS|  |TAMS 0x0000000084800000| PB 0x0000000084800000| Complete 
|  73|0x0000000084900000, 0x0000000084a00000, 0x0000000084a00000|100%| O|  |TAMS 0x0000000084900000| PB 0x0000000084900000| Untracked 
|  74|0x0000000084a00000, 0x0000000084a00000, 0x0000000084b00000|  0%| F|  |TAMS 0x0000000084a00000| PB 0x0000000084a00000| Untracked 
|  75|0x0000000084b00000, 0x0000000084c00000, 0x0000000084c00000|100%| O|  |TAMS 0x0000000084b00000| PB 0x0000000084b00000| Untracked 
|  76|0x0000000084c00000, 0x0000000084d00000, 0x0000000084d00000|100%| O|  |TAMS 0x0000000084c00000| PB 0x0000000084c00000| Untracked 
|  77|0x0000000084d00000, 0x0000000084e00000, 0x0000000084e00000|100%| O|  |TAMS 0x0000000084d00000| PB 0x0000000084d00000| Untracked 
|  78|0x0000000084e00000, 0x0000000084f00000, 0x0000000084f00000|100%| O|  |TAMS 0x0000000084e00000| PB 0x0000000084e00000| Untracked 
|  79|0x0000000084f00000, 0x0000000084fec5e0, 0x0000000085000000| 92%| O|  |TAMS 0x0000000084f00000| PB 0x0000000084f00000| Untracked 
|  80|0x0000000085000000, 0x0000000085000000, 0x0000000085100000|  0%| F|  |TAMS 0x0000000085000000| PB 0x0000000085000000| Untracked 
|  81|0x0000000085100000, 0x0000000085100000, 0x0000000085200000|  0%| F|  |TAMS 0x0000000085100000| PB 0x0000000085100000| Untracked 
|  82|0x0000000085200000, 0x0000000085300000, 0x0000000085300000|100%| O|  |TAMS 0x0000000085200000| PB 0x0000000085200000| Untracked 
|  83|0x0000000085300000, 0x0000000085400000, 0x0000000085400000|100%| O|  |TAMS 0x0000000085300000| PB 0x0000000085300000| Untracked 
|  84|0x0000000085400000, 0x0000000085500000, 0x0000000085500000|100%| O|  |TAMS 0x0000000085400000| PB 0x0000000085400000| Untracked 
|  85|0x0000000085500000, 0x0000000085600000, 0x0000000085600000|100%| O|  |TAMS 0x0000000085500000| PB 0x0000000085500000| Untracked 
|  86|0x0000000085600000, 0x0000000085700000, 0x0000000085700000|100%| O|  |TAMS 0x0000000085600000| PB 0x0000000085600000| Untracked 
|  87|0x0000000085700000, 0x0000000085800000, 0x0000000085800000|100%| O|  |TAMS 0x0000000085700000| PB 0x0000000085700000| Untracked 
|  88|0x0000000085800000, 0x0000000085900000, 0x0000000085900000|100%| O|  |TAMS 0x0000000085800000| PB 0x0000000085800000| Untracked 
|  89|0x0000000085900000, 0x0000000085a00000, 0x0000000085a00000|100%| O|  |TAMS 0x0000000085900000| PB 0x0000000085900000| Untracked 
|  90|0x0000000085a00000, 0x0000000085b00000, 0x0000000085b00000|100%| O|  |TAMS 0x0000000085a00000| PB 0x0000000085a00000| Untracked 
|  91|0x0000000085b00000, 0x0000000085c00000, 0x0000000085c00000|100%| O|  |TAMS 0x0000000085b00000| PB 0x0000000085b00000| Untracked 
|  92|0x0000000085c00000, 0x0000000085d00000, 0x0000000085d00000|100%| O|  |TAMS 0x0000000085c00000| PB 0x0000000085c00000| Untracked 
|  93|0x0000000085d00000, 0x0000000085d00000, 0x0000000085e00000|  0%| F|  |TAMS 0x0000000085d00000| PB 0x0000000085d00000| Untracked 
|  94|0x0000000085e00000, 0x0000000085e00000, 0x0000000085f00000|  0%| F|  |TAMS 0x0000000085e00000| PB 0x0000000085e00000| Untracked 
|  95|0x0000000085f00000, 0x0000000085f00000, 0x0000000086000000|  0%| F|  |TAMS 0x0000000085f00000| PB 0x0000000085f00000| Untracked 
|  96|0x0000000086000000, 0x0000000086000000, 0x0000000086100000|  0%| F|  |TAMS 0x0000000086000000| PB 0x0000000086000000| Untracked 
|  97|0x0000000086100000, 0x0000000086100000, 0x0000000086200000|  0%| F|  |TAMS 0x0000000086100000| PB 0x0000000086100000| Untracked 
|  98|0x0000000086200000, 0x0000000086200000, 0x0000000086300000|  0%| F|  |TAMS 0x0000000086200000| PB 0x0000000086200000| Untracked 
|  99|0x0000000086300000, 0x0000000086300000, 0x0000000086400000|  0%| F|  |TAMS 0x0000000086300000| PB 0x0000000086300000| Untracked 
| 100|0x0000000086400000, 0x00000000864a8e30, 0x0000000086500000| 65%| S|CS|TAMS 0x0000000086400000| PB 0x0000000086400000| Complete 
| 101|0x0000000086500000, 0x0000000086600000, 0x0000000086600000|100%| S|CS|TAMS 0x0000000086500000| PB 0x0000000086500000| Complete 
| 102|0x0000000086600000, 0x0000000086700000, 0x0000000086700000|100%| S|CS|TAMS 0x0000000086600000| PB 0x0000000086600000| Complete 
| 103|0x0000000086700000, 0x0000000086800000, 0x0000000086800000|100%| S|CS|TAMS 0x0000000086700000| PB 0x0000000086700000| Complete 
| 104|0x0000000086800000, 0x0000000086900000, 0x0000000086900000|100%| S|CS|TAMS 0x0000000086800000| PB 0x0000000086800000| Complete 
| 105|0x0000000086900000, 0x0000000086900000, 0x0000000086a00000|  0%| F|  |TAMS 0x0000000086900000| PB 0x0000000086900000| Untracked 
| 106|0x0000000086a00000, 0x0000000086a00000, 0x0000000086b00000|  0%| F|  |TAMS 0x0000000086a00000| PB 0x0000000086a00000| Untracked 
| 107|0x0000000086b00000, 0x0000000086b00000, 0x0000000086c00000|  0%| F|  |TAMS 0x0000000086b00000| PB 0x0000000086b00000| Untracked 
| 108|0x0000000086c00000, 0x0000000086d00000, 0x0000000086d00000|100%| S|CS|TAMS 0x0000000086c00000| PB 0x0000000086c00000| Complete 
| 109|0x0000000086d00000, 0x0000000086d00000, 0x0000000086e00000|  0%| F|  |TAMS 0x0000000086d00000| PB 0x0000000086d00000| Untracked 
| 110|0x0000000086e00000, 0x0000000086e00000, 0x0000000086f00000|  0%| F|  |TAMS 0x0000000086e00000| PB 0x0000000086e00000| Untracked 
| 111|0x0000000086f00000, 0x0000000086f00000, 0x0000000087000000|  0%| F|  |TAMS 0x0000000086f00000| PB 0x0000000086f00000| Untracked 
| 112|0x0000000087000000, 0x0000000087000000, 0x0000000087100000|  0%| F|  |TAMS 0x0000000087000000| PB 0x0000000087000000| Untracked 
| 113|0x0000000087100000, 0x0000000087100000, 0x0000000087200000|  0%| F|  |TAMS 0x0000000087100000| PB 0x0000000087100000| Untracked 
| 114|0x0000000087200000, 0x0000000087200000, 0x0000000087300000|  0%| F|  |TAMS 0x0000000087200000| PB 0x0000000087200000| Untracked 
| 115|0x0000000087300000, 0x0000000087300000, 0x0000000087400000|  0%| F|  |TAMS 0x0000000087300000| PB 0x0000000087300000| Untracked 
| 116|0x0000000087400000, 0x0000000087400000, 0x0000000087500000|  0%| F|  |TAMS 0x0000000087400000| PB 0x0000000087400000| Untracked 
| 117|0x0000000087500000, 0x0000000087500000, 0x0000000087600000|  0%| F|  |TAMS 0x0000000087500000| PB 0x0000000087500000| Untracked 
| 118|0x0000000087600000, 0x0000000087600000, 0x0000000087700000|  0%| F|  |TAMS 0x0000000087600000| PB 0x0000000087600000| Untracked 
| 119|0x0000000087700000, 0x0000000087700000, 0x0000000087800000|  0%| F|  |TAMS 0x0000000087700000| PB 0x0000000087700000| Untracked 
| 120|0x0000000087800000, 0x0000000087800000, 0x0000000087900000|  0%| F|  |TAMS 0x0000000087800000| PB 0x0000000087800000| Untracked 
| 121|0x0000000087900000, 0x0000000087900000, 0x0000000087a00000|  0%| F|  |TAMS 0x0000000087900000| PB 0x0000000087900000| Untracked 
| 122|0x0000000087a00000, 0x0000000087a00000, 0x0000000087b00000|  0%| F|  |TAMS 0x0000000087a00000| PB 0x0000000087a00000| Untracked 
| 123|0x0000000087b00000, 0x0000000087b00000, 0x0000000087c00000|  0%| F|  |TAMS 0x0000000087b00000| PB 0x0000000087b00000| Untracked 
| 124|0x0000000087c00000, 0x0000000087c00000, 0x0000000087d00000|  0%| F|  |TAMS 0x0000000087c00000| PB 0x0000000087c00000| Untracked 
| 125|0x0000000087d00000, 0x0000000087d00000, 0x0000000087e00000|  0%| F|  |TAMS 0x0000000087d00000| PB 0x0000000087d00000| Untracked 
| 126|0x0000000087e00000, 0x0000000087e00000, 0x0000000087f00000|  0%| F|  |TAMS 0x0000000087e00000| PB 0x0000000087e00000| Untracked 
| 127|0x0000000087f00000, 0x0000000087f00000, 0x0000000088000000|  0%| F|  |TAMS 0x0000000087f00000| PB 0x0000000087f00000| Untracked 
| 128|0x0000000088000000, 0x0000000088000000, 0x0000000088100000|  0%| F|  |TAMS 0x0000000088000000| PB 0x0000000088000000| Untracked 
| 129|0x0000000088100000, 0x0000000088100000, 0x0000000088200000|  0%| F|  |TAMS 0x0000000088100000| PB 0x0000000088100000| Untracked 
| 130|0x0000000088200000, 0x0000000088200000, 0x0000000088300000|  0%| F|  |TAMS 0x0000000088200000| PB 0x0000000088200000| Untracked 
| 131|0x0000000088300000, 0x0000000088300000, 0x0000000088400000|  0%| F|  |TAMS 0x0000000088300000| PB 0x0000000088300000| Untracked 
| 132|0x0000000088400000, 0x0000000088400000, 0x0000000088500000|  0%| F|  |TAMS 0x0000000088400000| PB 0x0000000088400000| Untracked 
| 133|0x0000000088500000, 0x0000000088500000, 0x0000000088600000|  0%| F|  |TAMS 0x0000000088500000| PB 0x0000000088500000| Untracked 
| 134|0x0000000088600000, 0x0000000088600000, 0x0000000088700000|  0%| F|  |TAMS 0x0000000088600000| PB 0x0000000088600000| Untracked 
| 135|0x0000000088700000, 0x0000000088700000, 0x0000000088800000|  0%| F|  |TAMS 0x0000000088700000| PB 0x0000000088700000| Untracked 
| 136|0x0000000088800000, 0x0000000088800000, 0x0000000088900000|  0%| F|  |TAMS 0x0000000088800000| PB 0x0000000088800000| Untracked 
| 137|0x0000000088900000, 0x0000000088900000, 0x0000000088a00000|  0%| F|  |TAMS 0x0000000088900000| PB 0x0000000088900000| Untracked 
| 138|0x0000000088a00000, 0x0000000088a00000, 0x0000000088b00000|  0%| F|  |TAMS 0x0000000088a00000| PB 0x0000000088a00000| Untracked 
| 139|0x0000000088b00000, 0x0000000088b00000, 0x0000000088c00000|  0%| F|  |TAMS 0x0000000088b00000| PB 0x0000000088b00000| Untracked 
| 140|0x0000000088c00000, 0x0000000088c00000, 0x0000000088d00000|  0%| F|  |TAMS 0x0000000088c00000| PB 0x0000000088c00000| Untracked 
| 141|0x0000000088d00000, 0x0000000088d00000, 0x0000000088e00000|  0%| F|  |TAMS 0x0000000088d00000| PB 0x0000000088d00000| Untracked 
| 142|0x0000000088e00000, 0x0000000088e00000, 0x0000000088f00000|  0%| F|  |TAMS 0x0000000088e00000| PB 0x0000000088e00000| Untracked 
| 143|0x0000000088f00000, 0x0000000088f00000, 0x0000000089000000|  0%| F|  |TAMS 0x0000000088f00000| PB 0x0000000088f00000| Untracked 
| 144|0x0000000089000000, 0x0000000089000000, 0x0000000089100000|  0%| F|  |TAMS 0x0000000089000000| PB 0x0000000089000000| Untracked 
| 145|0x0000000089100000, 0x0000000089100000, 0x0000000089200000|  0%| F|  |TAMS 0x0000000089100000| PB 0x0000000089100000| Untracked 
| 146|0x0000000089200000, 0x0000000089200000, 0x0000000089300000|  0%| F|  |TAMS 0x0000000089200000| PB 0x0000000089200000| Untracked 
| 147|0x0000000089300000, 0x0000000089300000, 0x0000000089400000|  0%| F|  |TAMS 0x0000000089300000| PB 0x0000000089300000| Untracked 
| 148|0x0000000089400000, 0x0000000089400000, 0x0000000089500000|  0%| F|  |TAMS 0x0000000089400000| PB 0x0000000089400000| Untracked 
| 149|0x0000000089500000, 0x0000000089500000, 0x0000000089600000|  0%| F|  |TAMS 0x0000000089500000| PB 0x0000000089500000| Untracked 
| 150|0x0000000089600000, 0x0000000089600000, 0x0000000089700000|  0%| F|  |TAMS 0x0000000089600000| PB 0x0000000089600000| Untracked 
| 151|0x0000000089700000, 0x0000000089700000, 0x0000000089800000|  0%| F|  |TAMS 0x0000000089700000| PB 0x0000000089700000| Untracked 
| 152|0x0000000089800000, 0x0000000089800000, 0x0000000089900000|  0%| F|  |TAMS 0x0000000089800000| PB 0x0000000089800000| Untracked 
| 153|0x0000000089900000, 0x0000000089900000, 0x0000000089a00000|  0%| F|  |TAMS 0x0000000089900000| PB 0x0000000089900000| Untracked 
| 154|0x0000000089a00000, 0x0000000089a00000, 0x0000000089b00000|  0%| F|  |TAMS 0x0000000089a00000| PB 0x0000000089a00000| Untracked 
| 155|0x0000000089b00000, 0x0000000089b00000, 0x0000000089c00000|  0%| F|  |TAMS 0x0000000089b00000| PB 0x0000000089b00000| Untracked 
| 156|0x0000000089c00000, 0x0000000089c00000, 0x0000000089d00000|  0%| F|  |TAMS 0x0000000089c00000| PB 0x0000000089c00000| Untracked 
| 157|0x0000000089d00000, 0x0000000089d00000, 0x0000000089e00000|  0%| F|  |TAMS 0x0000000089d00000| PB 0x0000000089d00000| Untracked 
| 158|0x0000000089e00000, 0x0000000089e00000, 0x0000000089f00000|  0%| F|  |TAMS 0x0000000089e00000| PB 0x0000000089e00000| Untracked 
| 159|0x0000000089f00000, 0x0000000089f00000, 0x000000008a000000|  0%| F|  |TAMS 0x0000000089f00000| PB 0x0000000089f00000| Untracked 
| 160|0x000000008a000000, 0x000000008a000000, 0x000000008a100000|  0%| F|  |TAMS 0x000000008a000000| PB 0x000000008a000000| Untracked 
| 161|0x000000008a100000, 0x000000008a100000, 0x000000008a200000|  0%| F|  |TAMS 0x000000008a100000| PB 0x000000008a100000| Untracked 
| 162|0x000000008a200000, 0x000000008a200000, 0x000000008a300000|  0%| F|  |TAMS 0x000000008a200000| PB 0x000000008a200000| Untracked 
| 163|0x000000008a300000, 0x000000008a300000, 0x000000008a400000|  0%| F|  |TAMS 0x000000008a300000| PB 0x000000008a300000| Untracked 
| 164|0x000000008a400000, 0x000000008a400000, 0x000000008a500000|  0%| F|  |TAMS 0x000000008a400000| PB 0x000000008a400000| Untracked 
| 165|0x000000008a500000, 0x000000008a500000, 0x000000008a600000|  0%| F|  |TAMS 0x000000008a500000| PB 0x000000008a500000| Untracked 
| 166|0x000000008a600000, 0x000000008a600000, 0x000000008a700000|  0%| F|  |TAMS 0x000000008a600000| PB 0x000000008a600000| Untracked 
| 167|0x000000008a700000, 0x000000008a700000, 0x000000008a800000|  0%| F|  |TAMS 0x000000008a700000| PB 0x000000008a700000| Untracked 
| 168|0x000000008a800000, 0x000000008a800000, 0x000000008a900000|  0%| F|  |TAMS 0x000000008a800000| PB 0x000000008a800000| Untracked 
| 169|0x000000008a900000, 0x000000008a900000, 0x000000008aa00000|  0%| F|  |TAMS 0x000000008a900000| PB 0x000000008a900000| Untracked 
| 170|0x000000008aa00000, 0x000000008aa00000, 0x000000008ab00000|  0%| F|  |TAMS 0x000000008aa00000| PB 0x000000008aa00000| Untracked 
| 171|0x000000008ab00000, 0x000000008ab00000, 0x000000008ac00000|  0%| F|  |TAMS 0x000000008ab00000| PB 0x000000008ab00000| Untracked 
| 172|0x000000008ac00000, 0x000000008ac80000, 0x000000008ad00000| 50%| E|  |TAMS 0x000000008ac00000| PB 0x000000008ac00000| Complete 
| 173|0x000000008ad00000, 0x000000008ae00000, 0x000000008ae00000|100%| E|CS|TAMS 0x000000008ad00000| PB 0x000000008ad00000| Complete 
| 174|0x000000008ae00000, 0x000000008af00000, 0x000000008af00000|100%| E|CS|TAMS 0x000000008ae00000| PB 0x000000008ae00000| Complete 
| 175|0x000000008af00000, 0x000000008b000000, 0x000000008b000000|100%| E|CS|TAMS 0x000000008af00000| PB 0x000000008af00000| Complete 
| 176|0x000000008b000000, 0x000000008b100000, 0x000000008b100000|100%| E|CS|TAMS 0x000000008b000000| PB 0x000000008b000000| Complete 
| 177|0x000000008b100000, 0x000000008b200000, 0x000000008b200000|100%| E|CS|TAMS 0x000000008b100000| PB 0x000000008b100000| Complete 
| 178|0x000000008b200000, 0x000000008b300000, 0x000000008b300000|100%| E|CS|TAMS 0x000000008b200000| PB 0x000000008b200000| Complete 
| 179|0x000000008b300000, 0x000000008b400000, 0x000000008b400000|100%| E|CS|TAMS 0x000000008b300000| PB 0x000000008b300000| Complete 
| 180|0x000000008b400000, 0x000000008b500000, 0x000000008b500000|100%| E|CS|TAMS 0x000000008b400000| PB 0x000000008b400000| Complete 
|2039|0x00000000ff700000, 0x00000000ff800000, 0x00000000ff800000|100%| O|  |TAMS 0x00000000ff700000| PB 0x00000000ff700000| Untracked 
|2040|0x00000000ff800000, 0x00000000ff900000, 0x00000000ff900000|100%| O|  |TAMS 0x00000000ff800000| PB 0x00000000ff800000| Untracked 
|2041|0x00000000ff900000, 0x00000000ffa00000, 0x00000000ffa00000|100%| O|  |TAMS 0x00000000ff900000| PB 0x00000000ff900000| Untracked 
|2042|0x00000000ffa00000, 0x00000000ffb00000, 0x00000000ffb00000|100%| E|CS|TAMS 0x00000000ffa00000| PB 0x00000000ffa00000| Complete 
|2043|0x00000000ffb00000, 0x00000000ffc00000, 0x00000000ffc00000|100%| E|CS|TAMS 0x00000000ffb00000| PB 0x00000000ffb00000| Complete 
|2044|0x00000000ffc00000, 0x00000000ffd00000, 0x00000000ffd00000|100%| O|  |TAMS 0x00000000ffc00000| PB 0x00000000ffc00000| Untracked 
|2045|0x00000000ffd00000, 0x00000000ffe00000, 0x00000000ffe00000|100%| O|  |TAMS 0x00000000ffd00000| PB 0x00000000ffd00000| Untracked 
|2046|0x00000000ffe00000, 0x00000000fff00000, 0x00000000fff00000|100%| O|  |TAMS 0x00000000ffe00000| PB 0x00000000ffe00000| Untracked 
|2047|0x00000000fff00000, 0x0000000100000000, 0x0000000100000000|100%| O|  |TAMS 0x00000000fff00000| PB 0x00000000fff00000| Untracked 

Card table byte_map: [0x000002047d980000,0x000002047dd80000] _byte_map_base: 0x000002047d580000

Marking Bits: (CMBitMap*) 0x0000020479e8aaf0
 Bits: [0x000002047dd80000, 0x000002047fd80000)

Polling page: 0x00000204779c0000

Metaspace:

Usage:
  Non-class:     84.35 MB used.
      Class:     14.06 MB used.
       Both:     98.41 MB used.

Virtual space:
  Non-class space:      128.00 MB reserved,      85.44 MB ( 67%) committed,  2 nodes.
      Class space:      416.00 MB reserved,      15.12 MB (  4%) committed,  1 nodes.
             Both:      544.00 MB reserved,     100.56 MB ( 18%) committed. 

Chunk freelists:
   Non-Class:  10.36 MB
       Class:  896.00 KB
        Both:  11.23 MB

MaxMetaspaceSize: 512.00 MB
CompressedClassSpaceSize: 416.00 MB
Initial GC threshold: 21.00 MB
Current GC threshold: 150.62 MB
CDS: on
 - commit_granule_bytes: 65536.
 - commit_granule_words: 8192.
 - virtual_space_node_default_size: 8388608.
 - enlarge_chunks_in_place: 1.
 - use_allocation_guard: 0.


Internal statistics:

num_allocs_failed_limit: 9.
num_arena_births: 4140.
num_arena_deaths: 0.
num_vsnodes_births: 3.
num_vsnodes_deaths: 0.
num_space_committed: 1609.
num_space_uncommitted: 0.
num_chunks_returned_to_freelist: 9.
num_chunks_taken_from_freelist: 8819.
num_chunk_merges: 6.
num_chunk_splits: 5825.
num_chunks_enlarged: 3708.
num_inconsistent_stats: 0.

CodeHeap 'non-profiled nmethods': size=128192Kb used=6643Kb max_used=6643Kb free=121548Kb
 bounds [0x00000204082d0000, 0x0000020408950000, 0x0000020410000000]
CodeHeap 'profiled nmethods': size=128192Kb used=20676Kb max_used=20676Kb free=107515Kb
 bounds [0x0000020400000000, 0x0000020401440000, 0x0000020407d30000]
CodeHeap 'non-nmethods': size=5760Kb used=2003Kb max_used=2061Kb free=3756Kb
 bounds [0x0000020407d30000, 0x0000020407fa0000, 0x00000204082d0000]
CodeCache: size=262144Kb, used=29322Kb, max_used=29380Kb, free=232819Kb
 total_blobs=11359, nmethods=10498, adapters=765, full_count=0
Compilation: enabled, stopped_count=0, restarted_count=0

Compilation events (20 events):
Event: 264.815 Thread 0x0000020412a6a3c0 13079       3       com.google.gson.internal.bind.TypeAdapters$31::<init> (15 bytes)
Event: 264.815 Thread 0x0000020412a6a3c0 nmethod 13079 0x000002040142b510 code [0x000002040142b6c0, 0x000002040142b8e0]
Event: 264.816 Thread 0x0000020412a6a3c0 13080       3       org.gradle.internal.classpath.Instrumented::fileSystemEntryObserved (11 bytes)
Event: 264.816 Thread 0x0000020412a6a3c0 nmethod 13080 0x000002040142b990 code [0x000002040142bb60, 0x000002040142bf10]
Event: 264.816 Thread 0x0000020412a6a3c0 13082       3       com.android.utils.FileUtils$$Lambda/0x0000020414f13b78::test (8 bytes)
Event: 264.817 Thread 0x0000020412a6a3c0 nmethod 13082 0x000002040142c090 code [0x000002040142c260, 0x000002040142c5d0]
Event: 264.817 Thread 0x0000020412a6a3c0 13081       3       org.gradle.internal.configuration.inputs.NoOpInputsListener::fileSystemEntryObserved (1 bytes)
Event: 264.817 Thread 0x0000020412a6a3c0 nmethod 13081 0x0000020400ad2210 code [0x0000020400ad23a0, 0x0000020400ad24a8]
Event: 264.821 Thread 0x0000020412a6a3c0 13083       1       sun.security.provider.DigestBase::engineGetDigestLength (5 bytes)
Event: 264.821 Thread 0x0000020412a6a3c0 nmethod 13083 0x000002040894c890 code [0x000002040894ca20, 0x000002040894cae8]
Event: 264.824 Thread 0x0000020412a6a3c0 13084       3       java.util.regex.Pattern$BranchConn::match (11 bytes)
Event: 264.824 Thread 0x0000020412a6a3c0 nmethod 13084 0x000002040142c710 code [0x000002040142c8c0, 0x000002040142ca98]
Event: 264.841 Thread 0x0000020412a6a3c0 13086       3       kotlin.text.DelimitedRangesSequence$iterator$1::hasNext (26 bytes)
Event: 264.842 Thread 0x0000020412a6a3c0 nmethod 13086 0x000002040142cb90 code [0x000002040142cd40, 0x000002040142cf10]
Event: 264.856 Thread 0x0000020412a6a3c0 13088       3       java.io.File::hashCode (8 bytes)
Event: 264.857 Thread 0x0000020412a6a3c0 nmethod 13088 0x000002040142cf90 code [0x000002040142d180, 0x000002040142d548]
Event: 264.857 Thread 0x0000020412a6a3c0 13089       3       java.io.WinNTFileSystem::hashCode (18 bytes)
Event: 264.858 Thread 0x0000020412a6a3c0 nmethod 13089 0x000002040142d710 code [0x000002040142d900, 0x000002040142dc68]
Event: 264.858 Thread 0x0000020412a6a3c0 13090       3       com.google.gson.internal.LinkedTreeMap$Node::hashCode (38 bytes)
Event: 264.858 Thread 0x0000020412a6a3c0 nmethod 13090 0x000002040142de10 code [0x000002040142dfe0, 0x000002040142e330]

GC Heap History (20 events):
Event: 237.268 GC heap before
{Heap before GC invocations=22 (full 0):
 garbage-first heap   total 101376K, used 93014K [0x0000000080000000, 0x0000000100000000)
  region size 1024K, 44 young (45056K), 5 survivors (5120K)
 Metaspace       used 70931K, committed 73024K, reserved 491520K
  class space    used 10470K, committed 11520K, reserved 425984K
}
Event: 237.281 GC heap after
{Heap after GC invocations=23 (full 0):
 garbage-first heap   total 105472K, used 58729K [0x0000000080000000, 0x0000000100000000)
  region size 1024K, 6 young (6144K), 6 survivors (6144K)
 Metaspace       used 70931K, committed 73024K, reserved 491520K
  class space    used 10470K, committed 11520K, reserved 425984K
}
Event: 239.070 GC heap before
{Heap before GC invocations=23 (full 0):
 garbage-first heap   total 105472K, used 94569K [0x0000000080000000, 0x0000000100000000)
  region size 1024K, 42 young (43008K), 6 survivors (6144K)
 Metaspace       used 71971K, committed 74048K, reserved 491520K
  class space    used 10596K, committed 11648K, reserved 425984K
}
Event: 239.095 GC heap after
{Heap after GC invocations=24 (full 0):
 garbage-first heap   total 106496K, used 63024K [0x0000000080000000, 0x0000000100000000)
  region size 1024K, 6 young (6144K), 6 survivors (6144K)
 Metaspace       used 71971K, committed 74048K, reserved 491520K
  class space    used 10596K, committed 11648K, reserved 425984K
}
Event: 239.337 GC heap before
{Heap before GC invocations=25 (full 0):
 garbage-first heap   total 106496K, used 93744K [0x0000000080000000, 0x0000000100000000)
  region size 1024K, 37 young (37888K), 6 survivors (6144K)
 Metaspace       used 72127K, committed 74176K, reserved 491520K
  class space    used 10598K, committed 11648K, reserved 425984K
}
Event: 239.358 GC heap after
{Heap after GC invocations=26 (full 0):
 garbage-first heap   total 106496K, used 64806K [0x0000000080000000, 0x0000000100000000)
  region size 1024K, 2 young (2048K), 2 survivors (2048K)
 Metaspace       used 72127K, committed 74176K, reserved 491520K
  class space    used 10598K, committed 11648K, reserved 425984K
}
Event: 239.465 GC heap before
{Heap before GC invocations=26 (full 0):
 garbage-first heap   total 106496K, used 95526K [0x0000000080000000, 0x0000000100000000)
  region size 1024K, 33 young (33792K), 2 survivors (2048K)
 Metaspace       used 72143K, committed 74240K, reserved 491520K
  class space    used 10598K, committed 11648K, reserved 425984K
}
Event: 239.477 GC heap after
{Heap after GC invocations=27 (full 0):
 garbage-first heap   total 106496K, used 65909K [0x0000000080000000, 0x0000000100000000)
  region size 1024K, 3 young (3072K), 3 survivors (3072K)
 Metaspace       used 72143K, committed 74240K, reserved 491520K
  class space    used 10598K, committed 11648K, reserved 425984K
}
Event: 239.747 GC heap before
{Heap before GC invocations=27 (full 0):
 garbage-first heap   total 106496K, used 96629K [0x0000000080000000, 0x0000000100000000)
  region size 1024K, 34 young (34816K), 3 survivors (3072K)
 Metaspace       used 72178K, committed 74240K, reserved 491520K
  class space    used 10600K, committed 11648K, reserved 425984K
}
Event: 239.760 GC heap after
{Heap after GC invocations=28 (full 0):
 garbage-first heap   total 186368K, used 67327K [0x0000000080000000, 0x0000000100000000)
  region size 1024K, 5 young (5120K), 5 survivors (5120K)
 Metaspace       used 72178K, committed 74240K, reserved 491520K
  class space    used 10600K, committed 11648K, reserved 425984K
}
Event: 244.026 GC heap before
{Heap before GC invocations=29 (full 0):
 garbage-first heap   total 186368K, used 174847K [0x0000000080000000, 0x0000000100000000)
  region size 1024K, 100 young (102400K), 5 survivors (5120K)
 Metaspace       used 79021K, committed 81152K, reserved 557056K
  class space    used 11380K, committed 12416K, reserved 425984K
}
Event: 244.038 GC heap after
{Heap after GC invocations=30 (full 0):
 garbage-first heap   total 191488K, used 87178K [0x0000000080000000, 0x0000000100000000)
  region size 1024K, 13 young (13312K), 13 survivors (13312K)
 Metaspace       used 79021K, committed 81152K, reserved 557056K
  class space    used 11380K, committed 12416K, reserved 425984K
}
Event: 247.209 GC heap before
{Heap before GC invocations=30 (full 0):
 garbage-first heap   total 191488K, used 173194K [0x0000000080000000, 0x0000000100000000)
  region size 1024K, 91 young (93184K), 13 survivors (13312K)
 Metaspace       used 85090K, committed 87232K, reserved 557056K
  class space    used 12125K, committed 13184K, reserved 425984K
}
Event: 247.218 GC heap after
{Heap after GC invocations=31 (full 0):
 garbage-first heap   total 194560K, used 94698K [0x0000000080000000, 0x0000000100000000)
  region size 1024K, 8 young (8192K), 8 survivors (8192K)
 Metaspace       used 85090K, committed 87232K, reserved 557056K
  class space    used 12125K, committed 13184K, reserved 425984K
}
Event: 253.021 GC heap before
{Heap before GC invocations=31 (full 0):
 garbage-first heap   total 194560K, used 172522K [0x0000000080000000, 0x0000000100000000)
  region size 1024K, 84 young (86016K), 8 survivors (8192K)
 Metaspace       used 90436K, committed 92544K, reserved 557056K
  class space    used 12832K, committed 13888K, reserved 425984K
}
Event: 253.031 GC heap after
{Heap after GC invocations=32 (full 0):
 garbage-first heap   total 194560K, used 99328K [0x0000000080000000, 0x0000000100000000)
  region size 1024K, 5 young (5120K), 5 survivors (5120K)
 Metaspace       used 90436K, committed 92544K, reserved 557056K
  class space    used 12832K, committed 13888K, reserved 425984K
}
Event: 259.561 GC heap before
{Heap before GC invocations=33 (full 0):
 garbage-first heap   total 194560K, used 175104K [0x0000000080000000, 0x0000000100000000)
  region size 1024K, 80 young (81920K), 5 survivors (5120K)
 Metaspace       used 94448K, committed 96704K, reserved 557056K
  class space    used 13405K, committed 14528K, reserved 425984K
}
Event: 259.571 GC heap after
{Heap after GC invocations=34 (full 0):
 garbage-first heap   total 194560K, used 102281K [0x0000000080000000, 0x0000000100000000)
  region size 1024K, 8 young (8192K), 8 survivors (8192K)
 Metaspace       used 94448K, committed 96704K, reserved 557056K
  class space    used 13405K, committed 14528K, reserved 425984K
}
Event: 264.360 GC heap before
{Heap before GC invocations=34 (full 0):
 garbage-first heap   total 194560K, used 178057K [0x0000000080000000, 0x0000000100000000)
  region size 1024K, 82 young (83968K), 8 survivors (8192K)
 Metaspace       used 100455K, committed 102720K, reserved 557056K
  class space    used 14366K, committed 15488K, reserved 425984K
}
Event: 264.375 GC heap after
{Heap after GC invocations=35 (full 0):
 garbage-first heap   total 194560K, used 102997K [0x0000000080000000, 0x0000000100000000)
  region size 1024K, 6 young (6144K), 6 survivors (6144K)
 Metaspace       used 100455K, committed 102720K, reserved 557056K
  class space    used 14366K, committed 15488K, reserved 425984K
}

Dll operation events (20 events):
Event: 0.213 Attempting to load shared library C:\Users\user5\.vscode\extensions\redhat.java-1.56.0-win32-x64\jre\21.0.12.1-win32-x86_64\bin\zip.dll
Event: 0.213 Loaded shared library C:\Users\user5\.vscode\extensions\redhat.java-1.56.0-win32-x64\jre\21.0.12.1-win32-x86_64\bin\zip.dll
Event: 0.881 Attempting to load shared library C:\Users\user5\.vscode\extensions\redhat.java-1.56.0-win32-x64\jre\21.0.12.1-win32-x86_64\bin\jimage.dll
Event: 0.881 Loaded shared library C:\Users\user5\.vscode\extensions\redhat.java-1.56.0-win32-x64\jre\21.0.12.1-win32-x86_64\bin\jimage.dll
Event: 1.233 Attempting to load shared library C:\Users\user5\.vscode\extensions\redhat.java-1.56.0-win32-x64\jre\21.0.12.1-win32-x86_64\bin\verify.dll
Event: 1.237 Loaded shared library C:\Users\user5\.vscode\extensions\redhat.java-1.56.0-win32-x64\jre\21.0.12.1-win32-x86_64\bin\verify.dll
Event: 1.653 Attempting to load shared library D:\gradle_cache\native\1def1411415f61bf3af743bc5b6707747c0891f09f0c88961ee8f79bc544acac\windows-amd64\native-platform.dll
Event: 1.655 Loaded shared library D:\gradle_cache\native\1def1411415f61bf3af743bc5b6707747c0891f09f0c88961ee8f79bc544acac\windows-amd64\native-platform.dll
Event: 1.669 Attempting to load shared library D:\gradle_cache\native\0.2.5\x86_64-windows-gnu\gradle-fileevents.dll
Event: 1.673 Loaded shared library D:\gradle_cache\native\0.2.5\x86_64-windows-gnu\gradle-fileevents.dll
Event: 5.385 Attempting to load shared library C:\Users\user5\.vscode\extensions\redhat.java-1.56.0-win32-x64\jre\21.0.12.1-win32-x86_64\bin\management.dll
Event: 5.388 Loaded shared library C:\Users\user5\.vscode\extensions\redhat.java-1.56.0-win32-x64\jre\21.0.12.1-win32-x86_64\bin\management.dll
Event: 5.469 Attempting to load shared library C:\Users\user5\.vscode\extensions\redhat.java-1.56.0-win32-x64\jre\21.0.12.1-win32-x86_64\bin\management_ext.dll
Event: 5.581 Loaded shared library C:\Users\user5\.vscode\extensions\redhat.java-1.56.0-win32-x64\jre\21.0.12.1-win32-x86_64\bin\management_ext.dll
Event: 6.587 Attempting to load shared library C:\Users\user5\.vscode\extensions\redhat.java-1.56.0-win32-x64\jre\21.0.12.1-win32-x86_64\bin\extnet.dll
Event: 6.588 Loaded shared library C:\Users\user5\.vscode\extensions\redhat.java-1.56.0-win32-x64\jre\21.0.12.1-win32-x86_64\bin\extnet.dll
Event: 7.088 Attempting to load shared library C:\Users\user5\.vscode\extensions\redhat.java-1.56.0-win32-x64\jre\21.0.12.1-win32-x86_64\bin\sunmscapi.dll
Event: 7.119 Loaded shared library C:\Users\user5\.vscode\extensions\redhat.java-1.56.0-win32-x64\jre\21.0.12.1-win32-x86_64\bin\sunmscapi.dll
Event: 8.997 Attempting to load shared library D:\temp\native-platform6068590279052964174dir\gradle-fileevents.dll
Event: 10.415 Loaded shared library D:\temp\native-platform6068590279052964174dir\gradle-fileevents.dll

Deoptimization events (20 events):
Event: 263.717 Thread 0x0000020432e4eac0 Uncommon trap: trap_request=0xffffff45 fr.pc=0x000002040849a000 relative=0x0000000000000640
Event: 263.717 Thread 0x0000020432e4eac0 Uncommon trap: reason=unstable_if action=reinterpret pc=0x000002040849a000 method=java.io.WinNTFileSystem.prefixLength(Ljava/lang/String;)I @ 11 c2
Event: 263.717 Thread 0x0000020432e4eac0 DEOPT PACKING pc=0x000002040849a000 sp=0x00000038f5df6710
Event: 263.717 Thread 0x0000020432e4eac0 DEOPT UNPACKING pc=0x0000020407d84422 sp=0x00000038f5df6670 mode 2
Event: 264.014 Thread 0x0000020432e4eac0 Uncommon trap: trap_request=0xffffff45 fr.pc=0x00000204089038fc relative=0x000000000000035c
Event: 264.014 Thread 0x0000020432e4eac0 Uncommon trap: reason=unstable_if action=reinterpret pc=0x00000204089038fc method=com.google.gson.stream.JsonReader.doPeek()I @ 525 c2
Event: 264.014 Thread 0x0000020432e4eac0 DEOPT PACKING pc=0x00000204089038fc sp=0x00000038f5df6020
Event: 264.014 Thread 0x0000020432e4eac0 DEOPT UNPACKING pc=0x0000020407d84422 sp=0x00000038f5df5fa0 mode 2
Event: 264.052 Thread 0x0000020432e4eac0 Uncommon trap: trap_request=0xffffff45 fr.pc=0x00000204086a76d8 relative=0x0000000000000278
Event: 264.052 Thread 0x0000020432e4eac0 Uncommon trap: reason=unstable_if action=reinterpret pc=0x00000204086a76d8 method=java.io.WinNTFileSystem.prefixLength(Ljava/lang/String;)I @ 11 c2
Event: 264.052 Thread 0x0000020432e4eac0 DEOPT PACKING pc=0x00000204086a76d8 sp=0x00000038f5df6310
Event: 264.052 Thread 0x0000020432e4eac0 DEOPT UNPACKING pc=0x0000020407d84422 sp=0x00000038f5df62b0 mode 2
Event: 264.752 Thread 0x0000020432e4eac0 DEOPT PACKING pc=0x00000204000a6f1f sp=0x00000038f5df66a0
Event: 264.752 Thread 0x0000020432e4eac0 DEOPT UNPACKING pc=0x0000020407d84bc2 sp=0x00000038f5df5b78 mode 0
Event: 264.842 Thread 0x0000020432e4eac0 DEOPT PACKING pc=0x00000204000a6f1f sp=0x00000038f5df6550
Event: 264.842 Thread 0x0000020432e4eac0 DEOPT UNPACKING pc=0x0000020407d84bc2 sp=0x00000038f5df5a28 mode 0
Event: 264.856 Thread 0x0000020432e4eac0 Uncommon trap: trap_request=0xffffff45 fr.pc=0x000002040830e700 relative=0x00000000000003a0
Event: 264.856 Thread 0x0000020432e4eac0 Uncommon trap: reason=unstable_if action=reinterpret pc=0x000002040830e700 method=java.lang.StringLatin1.toLowerCase(Ljava/lang/String;[BLjava/util/Locale;)Ljava/lang/String; @ 43 c2
Event: 264.856 Thread 0x0000020432e4eac0 DEOPT PACKING pc=0x000002040830e700 sp=0x00000038f5df65b0
Event: 264.856 Thread 0x0000020432e4eac0 DEOPT UNPACKING pc=0x0000020407d84422 sp=0x00000038f5df63e8 mode 2

Classes loaded (20 events):
Event: 250.514 Loading class org/xml/sax/Attributes
Event: 250.514 Loading class org/xml/sax/Attributes done
Event: 253.434 Loading class java/util/AbstractList$ListItr
Event: 253.434 Loading class java/util/AbstractList$ListItr done
Event: 259.633 Loading class java/util/concurrent/atomic/AtomicIntegerArray
Event: 259.633 Loading class java/util/concurrent/atomic/AtomicIntegerArray done
Event: 259.640 Loading class java/util/Currency
Event: 259.641 Loading class java/util/Currency done
Event: 259.659 Loading class java/util/concurrent/atomic/AtomicLongArray
Event: 259.660 Loading class java/util/concurrent/atomic/AtomicLongArray done
Event: 259.747 Loading class sun/reflect/generics/repository/FieldRepository
Event: 259.747 Loading class sun/reflect/generics/repository/FieldRepository done
Event: 259.793 Loading class jdk/internal/vm/annotation/ForceInline
Event: 259.794 Loading class jdk/internal/vm/annotation/ForceInline done
Event: 263.788 Loading class java/net/Proxy
Event: 263.788 Loading class java/net/Proxy done
Event: 263.792 Loading class java/net/Proxy$Type
Event: 263.792 Loading class java/net/Proxy$Type done
Event: 264.007 Loading class java/io/FileReader
Event: 264.007 Loading class java/io/FileReader done

Classes unloaded (0 events):
No events

Classes redefined (0 events):
No events

Internal exceptions (20 events):
Event: 250.536 Thread 0x0000020432e4eac0 Exception <a 'java/lang/ClassNotFoundException'{0x0000000087329dc8}: org/gradle/api/internal/plugins/NaggingBasePluginConventionCustomizer> (0x0000000087329dc8) 
thrown [s\src\hotspot\share\classfile\systemDictionary.cpp, line 313]
Event: 250.544 Thread 0x0000020432e4eac0 Exception <a 'java/lang/ClassNotFoundException'{0x000000008737b608}: org/gradle/api/plugins/internal/NaggingJavaPluginConventionBeanInfo> (0x000000008737b608) 
thrown [s\src\hotspot\share\classfile\systemDictionary.cpp, line 313]
Event: 250.547 Thread 0x0000020432e4eac0 Exception <a 'java/lang/ClassNotFoundException'{0x0000000087394dc8}: org/gradle/api/plugins/JavaPluginConventionBeanInfo> (0x0000000087394dc8) 
thrown [s\src\hotspot\share\classfile\systemDictionary.cpp, line 313]
Event: 250.549 Thread 0x0000020432e4eac0 Exception <a 'java/lang/ClassNotFoundException'{0x00000000873ae2d8}: org/gradle/api/plugins/JavaPluginConventionCustomizer> (0x00000000873ae2d8) 
thrown [s\src\hotspot\share\classfile\systemDictionary.cpp, line 313]
Event: 250.553 Thread 0x0000020432e4eac0 Exception <a 'java/lang/ClassNotFoundException'{0x00000000873dcb98}: org/gradle/api/plugins/internal/NaggingJavaPluginConventionCustomizer> (0x00000000873dcb98) 
thrown [s\src\hotspot\share\classfile\systemDictionary.cpp, line 313]
Event: 250.575 Thread 0x0000020432e4eac0 Exception <a 'java/lang/ClassNotFoundException'{0x000000008725e580}: org/gradle/plugin/software/internal/SoftwareFeaturesDynamicObject_DecoratedBeanInfo> (0x000000008725e580) 
thrown [s\src\hotspot\share\classfile\systemDictionary.cpp, line 313]
Event: 250.585 Thread 0x0000020432e4eac0 Exception <a 'java/lang/ClassNotFoundException'{0x0000000087275d10}: org/gradle/plugin/software/internal/SoftwareFeaturesDynamicObjectBeanInfo> (0x0000000087275d10) 
thrown [s\src\hotspot\share\classfile\systemDictionary.cpp, line 313]
Event: 250.591 Thread 0x0000020432e4eac0 Exception <a 'java/lang/ClassNotFoundException'{0x000000008728d280}: org/gradle/internal/metaobject/AbstractDynamicObjectBeanInfo> (0x000000008728d280) 
thrown [s\src\hotspot\share\classfile\systemDictionary.cpp, line 313]
Event: 250.593 Thread 0x0000020432e4eac0 Exception <a 'java/lang/ClassNotFoundException'{0x00000000872a4518}: org/gradle/internal/metaobject/AbstractDynamicObjectCustomizer> (0x00000000872a4518) 
thrown [s\src\hotspot\share\classfile\systemDictionary.cpp, line 313]
Event: 250.619 Thread 0x0000020432e4eac0 Exception <a 'java/lang/ClassNotFoundException'{0x00000000872c8410}: org/gradle/plugin/software/internal/SoftwareFeaturesDynamicObjectCustomizer> (0x00000000872c8410) 
thrown [s\src\hotspot\share\classfile\systemDictionary.cpp, line 313]
Event: 250.629 Thread 0x0000020432e4eac0 Exception <a 'java/lang/ClassNotFoundException'{0x00000000872e72d0}: org/gradle/plugin/software/internal/SoftwareFeaturesDynamicObject_DecoratedCustomizer> (0x00000000872e72d0) 
thrown [s\src\hotspot\share\classfile\systemDictionary.cpp, line 313]
Event: 250.643 Thread 0x0000020432e4eac0 Implicit null exception at 0x0000020408831b3a to 0x0000020408832290
Event: 250.654 Thread 0x0000020432e4eac0 Exception <a 'java/lang/NoSuchMethodError'{0x0000000087129668}: 'java.lang.Object java.lang.invoke.DirectMethodHandle$Holder.newInvokeSpecial(java.lang.Object, java.lang.Object, java.lang.Object, java.lang.Object, java.lang.Object, java.lang.Object, java.lang.Object, java.lang.Object, java.lang.Object, java.lang.Object, java.lang.Object, java.lang.Object, java.lang.Object, java.lang.Object, java.lang.Object, java.lang.Object, java.lang.Object, java.lang.Object)'> (0x0000000087129668) 
thrown [s\src\hotspot
Event: 250.656 Thread 0x0000020432e4eac0 Exception <a 'java/lang/NoSuchMethodError'{0x0000000087130980}: 'java.lang.Object java.lang.invoke.DirectMethodHandle$Holder.invokeSpecial(java.lang.Object, java.lang.Object, java.lang.Object, java.lang.Object, java.lang.Object, java.lang.Object, java.lang.Object, java.lang.Object, java.lang.Object, java.lang.Object, java.lang.Object, java.lang.Object, java.lang.Object, java.lang.Object, java.lang.Object, java.lang.Object, java.lang.Object, java.lang.Object, java.lang.Object)'> (0x0000000087130980) 
thrown
Event: 250.656 Thread 0x0000020432e4eac0 Exception <a 'java/lang/NoSuchMethodError'{0x0000000087136af8}: 'java.lang.Object java.lang.invoke.DelegatingMethodHandle$Holder.reinvoke_L(java.lang.Object, java.lang.Object, java.lang.Object, java.lang.Object, java.lang.Object, java.lang.Object, java.lang.Object, java.lang.Object, java.lang.Object, java.lang.Object, java.lang.Object, java.lang.Object, java.lang.Object, java.lang.Object, java.lang.Object, java.lang.Object, java.lang.Object, java.lang.Object)'> (0x0000000087136af8) 
thrown [s\src\hotspot\s
Event: 258.673 Thread 0x0000020432e4eac0 Exception <a 'java/lang/NoSuchMethodError'{0x00000000881f1210}: 'java.lang.Object java.lang.invoke.DirectMethodHandle$Holder.newInvokeSpecial(java.lang.Object, java.lang.Object, java.lang.Object, java.lang.Object, java.lang.Object, java.lang.Object, java.lang.Object, java.lang.Object, java.lang.Object, java.lang.Object, java.lang.Object, java.lang.Object, java.lang.Object, java.lang.Object)'> (0x00000000881f1210) 
thrown [s\src\hotspot\share\interpreter\linkResolver.cpp, line 773]
Event: 259.800 Thread 0x0000020432e4eac0 Exception <a 'java/lang/NoSuchMethodError'{0x000000008b1ad000}: 'void java.lang.invoke.Invokers$Holder.invokeExact_MT(java.lang.Object, java.lang.Object, java.lang.Object, java.lang.Object)'> (0x000000008b1ad000) 
thrown [s\src\hotspot\share\interpreter\linkResolver.cpp, line 773]
Event: 262.350 Thread 0x0000020432e4eac0 Implicit null exception at 0x000002040839077b to 0x0000020408392138
Event: 264.130 Thread 0x0000020432e4eac0 Exception <a 'java/lang/NoSuchMethodError'{0x000000008726c300}: 'void java.lang.invoke.DelegatingMethodHandle$Holder.reinvoke_L(java.lang.Object, java.lang.Object, int)'> (0x000000008726c300) 
thrown [s\src\hotspot\share\interpreter\linkResolver.cpp, line 773]
Event: 264.131 Thread 0x0000020432e4eac0 Exception <a 'java/lang/NoSuchMethodError'{0x0000000087273ee8}: 'void java.lang.invoke.Invokers$Holder.invokeExact_MT(java.lang.Object, java.lang.Object, int, java.lang.Object)'> (0x0000000087273ee8) 
thrown [s\src\hotspot\share\interpreter\linkResolver.cpp, line 773]

ZGC Phase Switch (0 events):
No events

VM Operations (20 events):
Event: 258.412 Executing non-safepoint VM operation: HandshakeAllThreads (Deoptimize)
Event: 258.413 Executing non-safepoint VM operation: HandshakeAllThreads (Deoptimize) done
Event: 259.427 Executing safepoint VM operation: Cleanup
Event: 259.427 Executing safepoint VM operation: Cleanup done
Event: 259.561 Executing safepoint VM operation: G1CollectForAllocation (G1 Evacuation Pause)
Event: 259.571 Executing safepoint VM operation: G1CollectForAllocation (G1 Evacuation Pause) done
Event: 260.576 Executing safepoint VM operation: Cleanup
Event: 260.591 Executing safepoint VM operation: Cleanup done
Event: 261.601 Executing safepoint VM operation: Cleanup
Event: 261.601 Executing safepoint VM operation: Cleanup done
Event: 262.613 Executing safepoint VM operation: Cleanup
Event: 262.660 Executing safepoint VM operation: Cleanup done
Event: 263.675 Executing safepoint VM operation: Cleanup
Event: 263.676 Executing safepoint VM operation: Cleanup done
Event: 263.998 Executing non-safepoint VM operation: HandshakeAllThreads (Deoptimize)
Event: 263.999 Executing non-safepoint VM operation: HandshakeAllThreads (Deoptimize) done
Event: 264.010 Executing non-safepoint VM operation: HandshakeAllThreads (Deoptimize)
Event: 264.011 Executing non-safepoint VM operation: HandshakeAllThreads (Deoptimize) done
Event: 264.359 Executing safepoint VM operation: G1CollectForAllocation (G1 Evacuation Pause)
Event: 264.375 Executing safepoint VM operation: G1CollectForAllocation (G1 Evacuation Pause) done

Memory protections (0 events):
No events

Nmethod flushes (20 events):
Event: 253.134 Thread 0x0000020412a13b40 flushing  nmethod 0x0000020408663a90
Event: 253.134 Thread 0x0000020412a13b40 flushing  nmethod 0x00000204087bda90
Event: 253.134 Thread 0x0000020412a13b40 flushing  nmethod 0x00000204000e1d10
Event: 253.134 Thread 0x0000020412a13b40 flushing  nmethod 0x0000020400408f10
Event: 253.134 Thread 0x0000020412a13b40 flushing  nmethod 0x0000020400409590
Event: 253.134 Thread 0x0000020412a13b40 flushing  nmethod 0x0000020400540310
Event: 253.134 Thread 0x0000020412a13b40 flushing  nmethod 0x0000020400789f90
Event: 253.134 Thread 0x0000020412a13b40 flushing  nmethod 0x0000020400875590
Event: 253.134 Thread 0x0000020412a13b40 flushing  nmethod 0x0000020400921010
Event: 253.134 Thread 0x0000020412a13b40 flushing  nmethod 0x00000204009ad410
Event: 253.134 Thread 0x0000020412a13b40 flushing  nmethod 0x00000204009f4f10
Event: 253.134 Thread 0x0000020412a13b40 flushing  nmethod 0x0000020400dcba90
Event: 253.134 Thread 0x0000020412a13b40 flushing  nmethod 0x0000020400df1110
Event: 253.134 Thread 0x0000020412a13b40 flushing  nmethod 0x0000020400df1b10
Event: 253.134 Thread 0x0000020412a13b40 flushing  nmethod 0x000002040012fb10
Event: 253.134 Thread 0x0000020412a13b40 flushing  nmethod 0x000002040023fb90
Event: 253.135 Thread 0x0000020412a13b40 flushing  nmethod 0x00000204004d6e90
Event: 253.135 Thread 0x0000020412a13b40 flushing  nmethod 0x00000204009df490
Event: 253.135 Thread 0x0000020412a13b40 flushing  nmethod 0x0000020400d61210
Event: 253.135 Thread 0x0000020412a13b40 flushing  nmethod 0x0000020400e21f10

Events (20 events):
Event: 238.907 Thread 0x0000020432e4eac0 Thread added: 0x000002043671a670
Event: 238.910 Thread 0x0000020432e4eac0 Thread added: 0x000002043671ad00
Event: 238.914 Thread 0x0000020432e4eac0 Thread added: 0x000002043671b390
Event: 238.920 Thread 0x0000020432e4eac0 Thread added: 0x000002043671ba20
Event: 238.922 Thread 0x0000020432e4eac0 Thread added: 0x0000020435c949f0
Event: 238.925 Thread 0x0000020432e4eac0 Thread added: 0x0000020435c95710
Event: 239.239 Thread 0x0000020432e4eac0 Thread added: 0x0000020435c977e0
Event: 239.240 Thread 0x0000020432e4eac0 Thread added: 0x0000020435c94360
Event: 239.241 Thread 0x0000020432e4eac0 Thread added: 0x0000020435c9b2f0
Event: 239.242 Thread 0x0000020432e4eac0 Thread added: 0x0000020435c99f40
Event: 239.242 Thread 0x0000020432e4eac0 Thread added: 0x0000020435c9a5d0
Event: 239.243 Thread 0x0000020432e4eac0 Thread added: 0x0000020435c9ac60
Event: 239.243 Thread 0x0000020432e4eac0 Thread added: 0x0000020435c97e70
Event: 239.244 Thread 0x0000020432e4eac0 Thread added: 0x0000020435c98500
Event: 239.245 Thread 0x0000020432e4eac0 Thread added: 0x0000020435c98b90
Event: 239.246 Thread 0x0000020432e4eac0 Thread added: 0x0000020435c99220
Event: 239.246 Thread 0x0000020432e4eac0 Thread added: 0x0000020435c998b0
Event: 239.762 Thread 0x0000020412a5f7c0 Thread added: 0x00000204345bc830
Event: 240.134 Thread 0x00000204345bc830 Thread exited: 0x00000204345bc830
Event: 248.057 Thread 0x0000020432e4eac0 Thread added: 0x00000204340f58f0


Dynamic libraries:
0x00007ff7a95b0000 - 0x00007ff7a95be000 	C:\Users\user5\.vscode\extensions\redhat.java-1.56.0-win32-x64\jre\21.0.12.1-win32-x86_64\bin\java.exe
0x00007ff8236e0000 - 0x00007ff823947000 	C:\WINDOWS\SYSTEM32\ntdll.dll
0x00007ff822840000 - 0x00007ff82290b000 	C:\WINDOWS\System32\KERNEL32.DLL
0x00007ff820b10000 - 0x00007ff820f12000 	C:\WINDOWS\System32\KERNELBASE.dll
0x00007ff8212a0000 - 0x00007ff8213ec000 	C:\WINDOWS\System32\ucrtbase.dll
0x00007ff810520000 - 0x00007ff810538000 	C:\Users\user5\.vscode\extensions\redhat.java-1.56.0-win32-x64\jre\21.0.12.1-win32-x86_64\bin\jli.dll
0x00007ff822450000 - 0x00007ff82261f000 	C:\WINDOWS\System32\USER32.dll
0x00007ff820f20000 - 0x00007ff820f47000 	C:\WINDOWS\System32\win32u.dll
0x00007ff822760000 - 0x00007ff82278b000 	C:\WINDOWS\System32\GDI32.dll
0x00007ff820f50000 - 0x00007ff821079000 	C:\WINDOWS\System32\gdi32full.dll
0x00007ff820a60000 - 0x00007ff820b03000 	C:\WINDOWS\System32\msvcp_win.dll
0x00007ff813580000 - 0x00007ff81359e000 	C:\Users\user5\.vscode\extensions\redhat.java-1.56.0-win32-x64\jre\21.0.12.1-win32-x86_64\bin\VCRUNTIME140.dll
0x00007ff800850000 - 0x00007ff800ae0000 	C:\WINDOWS\WinSxS\amd64_microsoft.windows.common-controls_6595b64144ccf1df_6.0.26100.9278_none_3e0d1ba8e3303201\COMCTL32.dll
0x00007ff822910000 - 0x00007ff8229b9000 	C:\WINDOWS\System32\msvcrt.dll
0x00007ff821400000 - 0x00007ff821431000 	C:\WINDOWS\System32\IMM32.DLL
0x00007ff818840000 - 0x00007ff81884c000 	C:\Users\user5\.vscode\extensions\redhat.java-1.56.0-win32-x64\jre\21.0.12.1-win32-x86_64\bin\vcruntime140_1.dll
0x00007fffefad0000 - 0x00007fffefb5d000 	C:\Users\user5\.vscode\extensions\redhat.java-1.56.0-win32-x64\jre\21.0.12.1-win32-x86_64\bin\msvcp140.dll
0x00007fff950e0000 - 0x00007fff95e82000 	C:\Users\user5\.vscode\extensions\redhat.java-1.56.0-win32-x64\jre\21.0.12.1-win32-x86_64\bin\server\jvm.dll
0x00007ff822680000 - 0x00007ff82273c000 	C:\WINDOWS\System32\ADVAPI32.dll
0x00007ff8234d0000 - 0x00007ff823579000 	C:\WINDOWS\System32\sechost.dll
0x00007ff823580000 - 0x00007ff823698000 	C:\WINDOWS\System32\RPCRT4.dll
0x00007ff8227b0000 - 0x00007ff822830000 	C:\WINDOWS\System32\WS2_32.dll
0x00007ff81ffb0000 - 0x00007ff82000e000 	C:\WINDOWS\SYSTEM32\POWRPROF.dll
0x00007ff80c220000 - 0x00007ff80c256000 	C:\WINDOWS\SYSTEM32\WINMM.dll
0x00007ff8142c0000 - 0x00007ff8142cb000 	C:\WINDOWS\SYSTEM32\VERSION.dll
0x00007ff81ff70000 - 0x00007ff81ff85000 	C:\WINDOWS\SYSTEM32\UMPDC.dll
0x00007ff81f5b0000 - 0x00007ff81f5cb000 	C:\WINDOWS\SYSTEM32\kernel.appcore.dll
0x00007ff816440000 - 0x00007ff81644a000 	C:\Users\user5\.vscode\extensions\redhat.java-1.56.0-win32-x64\jre\21.0.12.1-win32-x86_64\bin\jimage.dll
0x00007ff81de40000 - 0x00007ff81e08c000 	C:\WINDOWS\SYSTEM32\DBGHELP.DLL
0x00007ff8215c0000 - 0x00007ff821945000 	C:\WINDOWS\System32\combase.dll
0x00007ff821950000 - 0x00007ff821a29000 	C:\WINDOWS\System32\OLEAUT32.dll
0x00007ffff9420000 - 0x00007ffff945b000 	C:\WINDOWS\SYSTEM32\dbgcore.DLL
0x00007ff8208e0000 - 0x00007ff82098c000 	C:\WINDOWS\System32\bcryptPrimitives.dll
0x00007ff804240000 - 0x00007ff80424f000 	C:\Users\user5\.vscode\extensions\redhat.java-1.56.0-win32-x64\jre\21.0.12.1-win32-x86_64\bin\instrument.dll
0x00007ff801b30000 - 0x00007ff801b50000 	C:\Users\user5\.vscode\extensions\redhat.java-1.56.0-win32-x64\jre\21.0.12.1-win32-x86_64\bin\java.dll
0x00007ff822d30000 - 0x00007ff8234c8000 	C:\WINDOWS\System32\SHELL32.dll
0x00007ff81e340000 - 0x00007ff81ebee000 	C:\WINDOWS\SYSTEM32\windows.storage.dll
0x00007ff822b30000 - 0x00007ff822c2b000 	C:\WINDOWS\System32\SHCORE.dll
0x00007ff822ac0000 - 0x00007ff822b26000 	C:\WINDOWS\System32\shlwapi.dll
0x00007ff820800000 - 0x00007ff820829000 	C:\WINDOWS\SYSTEM32\profapi.dll
0x00007ffffca20000 - 0x00007ffffca38000 	C:\Users\user5\.vscode\extensions\redhat.java-1.56.0-win32-x64\jre\21.0.12.1-win32-x86_64\bin\zip.dll
0x00007ff8047d0000 - 0x00007ff8047e0000 	C:\Users\user5\.vscode\extensions\redhat.java-1.56.0-win32-x64\jre\21.0.12.1-win32-x86_64\bin\net.dll
0x00007ff816de0000 - 0x00007ff816f0a000 	C:\WINDOWS\SYSTEM32\WINHTTP.dll
0x00007ff81fbe0000 - 0x00007ff81fc4c000 	C:\WINDOWS\system32\mswsock.dll
0x00007ffffc410000 - 0x00007ffffc426000 	C:\Users\user5\.vscode\extensions\redhat.java-1.56.0-win32-x64\jre\21.0.12.1-win32-x86_64\bin\nio.dll
0x00007ff8039a0000 - 0x00007ff8039b0000 	C:\Users\user5\.vscode\extensions\redhat.java-1.56.0-win32-x64\jre\21.0.12.1-win32-x86_64\bin\verify.dll
0x00007ffffbfd0000 - 0x00007ffffbff7000 	D:\gradle_cache\native\1def1411415f61bf3af743bc5b6707747c0891f09f0c88961ee8f79bc544acac\windows-amd64\native-platform.dll
0x000000006bd40000 - 0x000000006bdb3000 	D:\gradle_cache\native\0.2.5\x86_64-windows-gnu\gradle-fileevents.dll
0x00007ff8163f0000 - 0x00007ff8163fa000 	C:\Users\user5\.vscode\extensions\redhat.java-1.56.0-win32-x64\jre\21.0.12.1-win32-x86_64\bin\management.dll
0x00007ff8163e0000 - 0x00007ff8163ec000 	C:\Users\user5\.vscode\extensions\redhat.java-1.56.0-win32-x64\jre\21.0.12.1-win32-x86_64\bin\management_ext.dll
0x00007ff822440000 - 0x00007ff822448000 	C:\WINDOWS\System32\PSAPI.DLL
0x00007ff81fef0000 - 0x00007ff81ff0b000 	C:\WINDOWS\SYSTEM32\CRYPTSP.dll
0x00007ff81f510000 - 0x00007ff81f549000 	C:\WINDOWS\system32\rsaenh.dll
0x00007ff81fc90000 - 0x00007ff81fcc4000 	C:\WINDOWS\SYSTEM32\USERENV.dll
0x00007ff8207d0000 - 0x00007ff8207fa000 	C:\WINDOWS\SYSTEM32\bcrypt.dll
0x00007ff81ff10000 - 0x00007ff81ff1c000 	C:\WINDOWS\SYSTEM32\CRYPTBASE.dll
0x00007ff81efb0000 - 0x00007ff81efe3000 	C:\WINDOWS\SYSTEM32\IPHLPAPI.DLL
0x00007ff822750000 - 0x00007ff82275a000 	C:\WINDOWS\System32\NSI.dll
0x00007ffffce70000 - 0x00007ffffce79000 	C:\Users\user5\.vscode\extensions\redhat.java-1.56.0-win32-x64\jre\21.0.12.1-win32-x86_64\bin\extnet.dll
0x00007ffffa2f0000 - 0x00007ffffa2fe000 	C:\Users\user5\.vscode\extensions\redhat.java-1.56.0-win32-x64\jre\21.0.12.1-win32-x86_64\bin\sunmscapi.dll
0x00007ff821080000 - 0x00007ff8211fe000 	C:\WINDOWS\System32\CRYPT32.dll
0x00007ff8201c0000 - 0x00007ff8201f0000 	C:\WINDOWS\SYSTEM32\ncrypt.dll
0x00007ff820170000 - 0x00007ff8201af000 	C:\WINDOWS\SYSTEM32\NTASN1.dll
0x00007ff813c90000 - 0x00007ff813c98000 	C:\WINDOWS\system32\wshunix.dll
0x000000006bc40000 - 0x000000006bcb3000 	D:\temp\native-platform6068590279052964174dir\gradle-fileevents.dll

JVMTI agents:
D:\gradle_cache\wrapper\dists\gradle-8.12-all\ejduaidbjup3bmmkhw3rie4zb\gradle-8.12\lib\agents\gradle-instrumentation-agent-8.12.jar path:C:\Users\user5\.vscode\extensions\redhat.java-1.56.0-win32-x64\jre\21.0.12.1-win32-x86_64\bin\instrument.dll, loaded, initialized, instrumentlib options:none

dbghelp: loaded successfully - version: 4.0.5 - missing functions: none
symbol engine: initialized successfully - sym options: 0x614 - pdb path: .;C:\Users\user5\.vscode\extensions\redhat.java-1.56.0-win32-x64\jre\21.0.12.1-win32-x86_64\bin;C:\WINDOWS\SYSTEM32;C:\WINDOWS\WinSxS\amd64_microsoft.windows.common-controls_6595b64144ccf1df_6.0.26100.9278_none_3e0d1ba8e3303201;C:\Users\user5\.vscode\extensions\redhat.java-1.56.0-win32-x64\jre\21.0.12.1-win32-x86_64\bin\server;D:\gradle_cache\native\1def1411415f61bf3af743bc5b6707747c0891f09f0c88961ee8f79bc544acac\windows-amd64;D:\gradle_cache\native\0.2.5\x86_64-windows-gnu;D:\temp\native-platform6068590279052964174dir

VM Arguments:
jvm_args: --add-opens=java.base/java.lang=ALL-UNNAMED --add-opens=java.base/java.lang.invoke=ALL-UNNAMED --add-opens=java.base/java.util=ALL-UNNAMED --add-opens=java.prefs/java.util.prefs=ALL-UNNAMED --add-exports=jdk.compiler/com.sun.tools.javac.api=ALL-UNNAMED --add-exports=jdk.compiler/com.sun.tools.javac.util=ALL-UNNAMED --add-opens=java.base/java.util=ALL-UNNAMED --add-opens=java.prefs/java.util.prefs=ALL-UNNAMED --add-opens=java.base/java.nio.charset=ALL-UNNAMED --add-opens=java.base/java.net=ALL-UNNAMED --add-opens=java.base/java.util.concurrent.atomic=ALL-UNNAMED --add-opens=java.xml/javax.xml.namespace=ALL-UNNAMED -XX:MaxMetaspaceSize=512m -XX:ReservedCodeCacheSize=256m -XX:+HeapDumpOnOutOfMemoryError -Xmx2G -Dfile.encoding=UTF-8 -Duser.country=IN -Duser.language=en -Duser.variant -javaagent:D:\gradle_cache\wrapper\dists\gradle-8.12-all\ejduaidbjup3bmmkhw3rie4zb\gradle-8.12\lib\agents\gradle-instrumentation-agent-8.12.jar 
java_command: org.gradle.launcher.daemon.bootstrap.GradleDaemon 8.12
java_class_path (initial): D:\gradle_cache\wrapper\dists\gradle-8.12-all\ejduaidbjup3bmmkhw3rie4zb\gradle-8.12\lib\gradle-daemon-main-8.12.jar
Launcher Type: SUN_STANDARD

[Global flags]
     intx CICompilerCount                          = 4                                         {product} {ergonomic}
   size_t CompressedClassSpaceSize                 = 436207616                                 {product} {ergonomic}
     uint ConcGCThreads                            = 3                                         {product} {ergonomic}
     uint G1ConcRefinementThreads                  = 10                                        {product} {ergonomic}
   size_t G1HeapRegionSize                         = 1048576                                   {product} {ergonomic}
    uintx GCDrainStackTargetSize                   = 64                                        {product} {ergonomic}
     bool HeapDumpOnOutOfMemoryError               = true                                   {manageable} {command line}
   size_t InitialHeapSize                          = 130023424                                 {product} {ergonomic}
   size_t MarkStackSize                            = 4194304                                   {product} {ergonomic}
   size_t MaxHeapSize                              = 2147483648                                {product} {command line}
   size_t MaxMetaspaceSize                         = 536870912                                 {product} {command line}
   size_t MaxNewSize                               = 1287651328                                {product} {ergonomic}
   size_t MinHeapDeltaBytes                        = 1048576                                   {product} {ergonomic}
   size_t MinHeapSize                              = 8388608                                   {product} {ergonomic}
    uintx NonNMethodCodeHeapSize                   = 5839372                                {pd product} {ergonomic}
    uintx NonProfiledCodeHeapSize                  = 131298042                              {pd product} {ergonomic}
    uintx ProfiledCodeHeapSize                     = 131298042                              {pd product} {ergonomic}
    uintx ReservedCodeCacheSize                    = 268435456                              {pd product} {command line}
     bool SegmentedCodeCache                       = true                                      {product} {ergonomic}
   size_t SoftMaxHeapSize                          = 2147483648                             {manageable} {ergonomic}
     bool UseCompressedOops                        = true                           {product lp64_product} {ergonomic}
     bool UseG1GC                                  = true                                      {product} {ergonomic}
     bool UseLargePagesIndividualAllocation        = false                                  {pd product} {ergonomic}

Logging:
Log output configuration:
 #0: stdout all=warning uptime,level,tags foldmultilines=false
 #1: stderr all=off uptime,level,tags foldmultilines=false

Release file:
JAVA_VERSION="21.0.12.1" 
MODULES="java.base java.compiler java.datatransfer java.xml java.prefs java.desktop java.instrument java.logging java.management java.security.sasl java.naming java.rmi java.management.rmi java.net.http java.scripting java.security.jgss java.transaction.xa java.sql java.sql.rowset java.xml.crypto java.se java.smartcardio jdk.accessibility jdk.internal.jvmstat jdk.attach jdk.charsets jdk.internal.opt jdk.zipfs jdk.compiler jdk.crypto.ec jdk.crypto.cryptoki jdk.crypto.mscapi jdk.dynalink jdk.internal.ed jdk.editpad jdk.hotspot.agent jdk.httpserver jdk.internal.le jdk.internal.vm.ci jdk.internal.vm.compiler jdk.internal.vm.compiler.management jdk.jartool jdk.javadoc jdk.jcmd jdk.management jdk.management.agent jdk.jconsole jdk.jdeps jdk.jdwp.agent jdk.jdi jdk.jfr jdk.jshell jdk.jsobject jdk.jstatd jdk.localedata jdk.management.jfr jdk.naming.dns jdk.naming.rmi jdk.net jdk.nio.mapmode jdk.random jdk.sctp jdk.security.auth jdk.security.jgss jdk.unsupported jdk.unsupported.desktop jdk.xml.dom" 

Environment Variables:
PATH=C:\Program Files\Common Files\Oracle\Java\javapath;C:\windows\system32;C:\windows;C:\windows\System32\Wbem;C:\windows\System32\WindowsPowerShell\v1.0\;C:\windows\System32\OpenSSH\;C:\Program Files (x86)\NVIDIA Corporation\PhysX\Common;C:\Program Files\NVIDIA Corporation\NVIDIA NvDLISR;C:\Users\Administrator\AppData\Local\Microsoft\WindowsApps;C:\Program Files\HP\OMEN-Broadcast\Common;C:\WINDOWS\system32;C:\WINDOWS;C:\WINDOWS\System32\Wbem;C:\WINDOWS\System32\WindowsPowerShell\v1.0\;C:\WINDOWS\System32\OpenSSH\;C:\src\flutter\bin;C:\Users\user5\AppData\Local\Android\Sdk\platform-tools;C:\Program Files\MySQL\MySQL Server 8.0\bin;C:\Program Files\Git\cmd;C:\Program Files\Git\mingw64\bin;C:\src\flutter\bin;C:\Program Files\Git\usr\bin;C:\Program Files\nodejs\;C:\Program Files\MySQL\MySQL Shell 8.0\bin\;C:\Users\user5\AppData\Local\Microsoft\WindowsApps;C:\Users\user5\AppData\Local\Programs\Microsoft VS Code\bin;C:\MinGW\bin;C:\Program Files\JetBrains\IntelliJ IDEA Community Edition 2025.1.1.1\bin;C:\Program Files\Git\cmd;;C:\Users\user5\AppData\Local\Programs\Antigravity IDE\bin;C:\Users\user5\AppData\Roaming\npm
USERNAME=User
OS=Windows_NT
PROCESSOR_IDENTIFIER=Intel64 Family 6 Model 154 Stepping 3, GenuineIntel
TMP=D:\temp
TEMP=D:\temp




Periodic native trim disabled

---------------  S Y S T E M  ---------------

OS:
 Windows 11 , 64 bit Build 26100 (10.0.26100.9444)
OS uptime: 0 days 4:06 hours
Hyper-V role detected

CPU: total 12 (initial active 12) (6 cores per cpu, 2 threads per core) family 6 model 154 stepping 3 microcode 0x435, cx8, cmov, fxsr, ht, mmx, 3dnowpref, sse, sse2, sse3, ssse3, sse4.1, sse4.2, popcnt, lzcnt, tsc, tscinvbit, avx, avx2, aes, erms, clmul, bmi1, bmi2, adx, sha, fma, vzeroupper, clflush, clflushopt, clwb, hv, serialize, rdtscp, rdpid, fsrm, f16c, cet_ibt, cet_ss
Processor Information for processor 0
  Max Mhz: 2000, Current Mhz: 2000, Mhz Limit: 2000
Processor Information for processor 1
  Max Mhz: 2000, Current Mhz: 2000, Mhz Limit: 2000
Processor Information for processor 2
  Max Mhz: 2000, Current Mhz: 2000, Mhz Limit: 2000
Processor Information for processor 3
  Max Mhz: 2000, Current Mhz: 1520, Mhz Limit: 2000
Processor Information for processor 4
  Max Mhz: 2000, Current Mhz: 2000, Mhz Limit: 2000
Processor Information for processor 5
  Max Mhz: 2000, Current Mhz: 1520, Mhz Limit: 2000
Processor Information for processor 6
  Max Mhz: 2000, Current Mhz: 2000, Mhz Limit: 2000
Processor Information for processor 7
  Max Mhz: 2000, Current Mhz: 1520, Mhz Limit: 2000
Processor Information for processor 8
  Max Mhz: 2000, Current Mhz: 2000, Mhz Limit: 2000
Processor Information for processor 9
  Max Mhz: 2000, Current Mhz: 1466, Mhz Limit: 2000
Processor Information for processor 10
  Max Mhz: 2000, Current Mhz: 2000, Mhz Limit: 2000
Processor Information for processor 11
  Max Mhz: 2000, Current Mhz: 1466, Mhz Limit: 2000

Memory: 4k page, system-wide physical 7832M (312M free)
TotalPageFile size 28210M (AvailPageFile size 1M)
current process WorkingSet (physical memory assigned to process): 314M, peak: 380M
current process commit charge ("private bytes"): 526M, peak: 527M

vm_info: OpenJDK 64-Bit Server VM (21.0.12.1+1-LTS) for windows-amd64 JRE (21.0.12.1+1-LTS), built on 2026-08-18T00:00:00Z by "admin" with MS VC++ 17.12 (VS2022)

END.
