#
# There is insufficient memory for the Java Runtime Environment to continue.
# Native memory allocation (mmap) failed to map 65536 bytes. Error detail: Failed to commit metaspace.
# Possible reasons:
#   The system is out of physical RAM or swap space
#   This process is running with CompressedOops enabled, and the Java Heap may be blocking the growth of the native heap
# Possible solutions:
#   Reduce memory load on the system
#   Increase physical memory or swap space
#   Check if swap backing store is full
#   Decrease Java heap size (-Xmx/-Xms)
#   Decrease number of Java threads
#   Decrease Java thread stack sizes (-Xss)
#   Set larger code cache with -XX:ReservedCodeCacheSize=
#   JVM is running with Unscaled Compressed Oops mode in which the Java heap is
#     placed in the first 4GB address space. The Java Heap base address is the
#     maximum limit for the native heap growth. Please use -XX:HeapBaseMinAddress
#     to set the Java Heap base and to place the Java Heap above 4GB virtual address.
# This output file may be truncated or incomplete.
#
#  Out of Memory Error (virtualSpaceNode.cpp:113), pid=28792, tid=31252
#
# JRE version: OpenJDK Runtime Environment Temurin-21.0.12.1+1 (21.0.12.1+1) (build 21.0.12.1+1-LTS)
# Java VM: OpenJDK 64-Bit Server VM Temurin-21.0.12.1+1 (21.0.12.1+1-LTS, mixed mode, sharing, tiered, compressed oops, compressed class ptrs, g1 gc, windows-amd64)
# No core dump will be written. Minidumps are not enabled by default on client versions of Windows
#

---------------  S U M M A R Y ------------

Command Line: --add-opens=java.base/java.lang=ALL-UNNAMED --add-opens=java.base/java.lang.invoke=ALL-UNNAMED --add-opens=java.base/java.util=ALL-UNNAMED --add-opens=java.prefs/java.util.prefs=ALL-UNNAMED --add-exports=jdk.compiler/com.sun.tools.javac.api=ALL-UNNAMED --add-exports=jdk.compiler/com.sun.tools.javac.util=ALL-UNNAMED --add-opens=java.base/java.util=ALL-UNNAMED --add-opens=java.prefs/java.util.prefs=ALL-UNNAMED --add-opens=java.base/java.nio.charset=ALL-UNNAMED --add-opens=java.base/java.net=ALL-UNNAMED --add-opens=java.base/java.util.concurrent.atomic=ALL-UNNAMED --add-opens=java.xml/javax.xml.namespace=ALL-UNNAMED -XX:MaxMetaspaceSize=512m -XX:ReservedCodeCacheSize=256m -XX:+HeapDumpOnOutOfMemoryError -Xmx2G -Dfile.encoding=UTF-8 -Duser.country=IN -Duser.language=en -Duser.variant -javaagent:D:\gradle_cache\wrapper\dists\gradle-8.12-all\ejduaidbjup3bmmkhw3rie4zb\gradle-8.12\lib\agents\gradle-instrumentation-agent-8.12.jar org.gradle.launcher.daemon.bootstrap.GradleDaemon 8.12

Host: ## __CPU__, 12 cores, 7G,  Windows 11 , 64 bit Build 26100 (10.0.26100.9444)
Time: Sun Sep 13 18:15:54 2026 India Standard Time elapsed time: 26.591545 seconds (0d 0h 0m 26s)

---------------  T H R E A D  ---------------

Current thread (0x0000026220a42020):  JavaThread "Daemon worker"        [_thread_in_vm, id=31252, stack(0x000000e92c100000,0x000000e92c200000) (1024K)]

Stack: [0x000000e92c100000,0x000000e92c200000]
Native frames: (J=compiled Java code, j=interpreted, Vv=VM code, C=native code)
V  [jvm.dll+0x6d83e9]
V  [jvm.dll+0x8b5736]
V  [jvm.dll+0x8b7cee]
V  [jvm.dll+0x8b83d3]
V  [jvm.dll+0x284596]
V  [jvm.dll+0x8b147e]
V  [jvm.dll+0x679ad4]
V  [jvm.dll+0x1e849b]
V  [jvm.dll+0x1e825e]
V  [jvm.dll+0x67c3d2]
V  [jvm.dll+0x67c202]
V  [jvm.dll+0x67a4ae]
V  [jvm.dll+0x219b60]
V  [jvm.dll+0x21a5d8]
V  [jvm.dll+0x20f80e]
V  [jvm.dll+0x5b6a7f]
V  [jvm.dll+0x82f606]
V  [jvm.dll+0x4792f8]
V  [jvm.dll+0x47f128]
C  [java.dll+0x17ec]

Java frames: (J=compiled Java code, j=interpreted, Vv=VM code)
J 814  java.lang.ClassLoader.defineClass1(Ljava/lang/ClassLoader;Ljava/lang/String;[BIILjava/security/ProtectionDomain;Ljava/lang/String;)Ljava/lang/Class; java.base@21.0.12.1 (0 bytes) @ 0x0000026272864391 [0x00000262728642c0+0x00000000000000d1]
J 1517 c1 java.lang.ClassLoader.defineClass(Ljava/lang/String;[BIILjava/security/ProtectionDomain;)Ljava/lang/Class; java.base@21.0.12.1 (43 bytes) @ 0x000002626a830774 [0x000002626a830420+0x0000000000000354]
J 1140 c1 java.security.SecureClassLoader.defineClass(Ljava/lang/String;[BIILjava/security/CodeSource;)Ljava/lang/Class; java.base@21.0.12.1 (16 bytes) @ 0x000002626a73889c [0x000002626a7387c0+0x00000000000000dc]
J 1508 c1 java.net.URLClassLoader.defineClass(Ljava/lang/String;Ljdk/internal/loader/Resource;)Ljava/lang/Class; java.base@21.0.12.1 (224 bytes) @ 0x000002626a827744 [0x000002626a826000+0x0000000000001744]
J 912 c1 java.net.URLClassLoader$1.run()Ljava/lang/Class; java.base@21.0.12.1 (81 bytes) @ 0x000002626a6d79fc [0x000002626a6d6dc0+0x0000000000000c3c]
J 911 c1 java.net.URLClassLoader$1.run()Ljava/lang/Object; java.base@21.0.12.1 (5 bytes) @ 0x000002626a6d6854 [0x000002626a6d67c0+0x0000000000000094]
J 727 c1 java.security.AccessController.doPrivileged(Ljava/security/PrivilegedExceptionAction;Ljava/security/AccessControlContext;)Ljava/lang/Object; java.base@21.0.12.1 (26 bytes) @ 0x000002626a65e58c [0x000002626a65e3a0+0x00000000000001ec]
J 868 c1 java.net.URLClassLoader.findClass(Ljava/lang/String;)Ljava/lang/Class; java.base@21.0.12.1 (47 bytes) @ 0x000002626a6c2d44 [0x000002626a6c2ba0+0x00000000000001a4]
J 2815 c2 java.lang.ClassLoader.loadClass(Ljava/lang/String;Z)Ljava/lang/Class; java.base@21.0.12.1 (121 bytes) @ 0x000002627296695c [0x0000026272963540+0x000000000000341c]
J 904 c1 java.lang.ClassLoader.loadClass(Ljava/lang/String;)Ljava/lang/Class; java.base@21.0.12.1 (7 bytes) @ 0x000002626a6d3dd4 [0x000002626a6d3cc0+0x0000000000000114]
v  ~StubRoutines::call_stub 0x000002627227100d
J 814  java.lang.ClassLoader.defineClass1(Ljava/lang/ClassLoader;Ljava/lang/String;[BIILjava/security/ProtectionDomain;Ljava/lang/String;)Ljava/lang/Class; java.base@21.0.12.1 (0 bytes) @ 0x0000026272864391 [0x00000262728642c0+0x00000000000000d1]
J 1517 c1 java.lang.ClassLoader.defineClass(Ljava/lang/String;[BIILjava/security/ProtectionDomain;)Ljava/lang/Class; java.base@21.0.12.1 (43 bytes) @ 0x000002626a830774 [0x000002626a830420+0x0000000000000354]
J 1140 c1 java.security.SecureClassLoader.defineClass(Ljava/lang/String;[BIILjava/security/CodeSource;)Ljava/lang/Class; java.base@21.0.12.1 (16 bytes) @ 0x000002626a73889c [0x000002626a7387c0+0x00000000000000dc]
J 1508 c1 java.net.URLClassLoader.defineClass(Ljava/lang/String;Ljdk/internal/loader/Resource;)Ljava/lang/Class; java.base@21.0.12.1 (224 bytes) @ 0x000002626a827744 [0x000002626a826000+0x0000000000001744]
J 912 c1 java.net.URLClassLoader$1.run()Ljava/lang/Class; java.base@21.0.12.1 (81 bytes) @ 0x000002626a6d79fc [0x000002626a6d6dc0+0x0000000000000c3c]
J 911 c1 java.net.URLClassLoader$1.run()Ljava/lang/Object; java.base@21.0.12.1 (5 bytes) @ 0x000002626a6d6854 [0x000002626a6d67c0+0x0000000000000094]
J 727 c1 java.security.AccessController.doPrivileged(Ljava/security/PrivilegedExceptionAction;Ljava/security/AccessControlContext;)Ljava/lang/Object; java.base@21.0.12.1 (26 bytes) @ 0x000002626a65e58c [0x000002626a65e3a0+0x00000000000001ec]
J 868 c1 java.net.URLClassLoader.findClass(Ljava/lang/String;)Ljava/lang/Class; java.base@21.0.12.1 (47 bytes) @ 0x000002626a6c2d44 [0x000002626a6c2ba0+0x00000000000001a4]
J 2815 c2 java.lang.ClassLoader.loadClass(Ljava/lang/String;Z)Ljava/lang/Class; java.base@21.0.12.1 (121 bytes) @ 0x000002627296695c [0x0000026272963540+0x000000000000341c]
J 904 c1 java.lang.ClassLoader.loadClass(Ljava/lang/String;)Ljava/lang/Class; java.base@21.0.12.1 (7 bytes) @ 0x000002626a6d3dd4 [0x000002626a6d3cc0+0x0000000000000114]
v  ~StubRoutines::call_stub 0x000002627227100d
j  com.google.common.collect.MapMakerInternalMap.createWithDummyValues(Lcom/google/common/collect/MapMaker;)Lcom/google/common/collect/MapMakerInternalMap;+57
j  com.google.common.collect.Interners$InternerImpl.<init>(Lcom/google/common/collect/MapMaker;)V+12
j  com.google.common.collect.Interners$InternerImpl.<init>(Lcom/google/common/collect/MapMaker;Lcom/google/common/collect/Interners$1;)V+2
j  com.google.common.collect.Interners$InternerBuilder.build()Lcom/google/common/collect/Interner;+24
j  com.google.common.collect.Interners.newWeakInterner()Lcom/google/common/collect/Interner;+6
j  org.gradle.api.internal.cache.StringInterner.<init>()V+5
j  org.gradle.internal.service.scopes.GlobalScopeServices.createStringInterner()Lorg/gradle/api/internal/cache/StringInterner;+4
j  java.lang.invoke.DirectMethodHandle$Holder.invokeVirtual(Ljava/lang/Object;Ljava/lang/Object;)Ljava/lang/Object;+10 java.base@21.0.12.1
J 1661 c1 java.lang.invoke.LambdaForm$MH+0x000002620101c000.invoke(Ljava/lang/Object;Ljava/lang/Object;)Ljava/lang/Object; java.base@21.0.12.1 (35 bytes) @ 0x000002626a87c66c [0x000002626a87c100+0x000000000000056c]
J 2529 c1 jdk.internal.reflect.DirectMethodHandleAccessor.invoke(Ljava/lang/Object;[Ljava/lang/Object;)Ljava/lang/Object; java.base@21.0.12.1 (92 bytes) @ 0x000002626aa2425c [0x000002626aa22240+0x000000000000201c]
J 2528 c1 java.lang.reflect.Method.invoke(Ljava/lang/Object;[Ljava/lang/Object;)Ljava/lang/Object; java.base@21.0.12.1 (108 bytes) @ 0x000002626aa219d4 [0x000002626aa214c0+0x0000000000000514]
j  org.gradle.internal.reflect.JavaMethod.invoke(Ljava/lang/Object;[Ljava/lang/Object;)Ljava/lang/Object;+6
j  org.gradle.internal.service.ReflectionBasedServiceMethod.invoke(Ljava/lang/Object;[Ljava/lang/Object;)Ljava/lang/Object;+6
j  org.gradle.internal.service.DefaultServiceRegistry$FactoryMethodService.invokeMethod([Ljava/lang/Object;)Ljava/lang/Object;+28
j  org.gradle.internal.service.DefaultServiceRegistry$FactoryService.createServiceInstance()Ljava/lang/Object;+7
j  org.gradle.internal.service.DefaultServiceRegistry$FactoryMethodService.createServiceInstance()Ljava/lang/Object;+1
J 2751 c1 org.gradle.internal.service.DefaultServiceRegistry$ManagedObjectServiceProvider.getInstance()Ljava/lang/Object; (47 bytes) @ 0x000002626aa9c18c [0x000002626aa9bfe0+0x00000000000001ac]
J 2750 c1 org.gradle.internal.service.DefaultServiceRegistry$SingletonService.get()Ljava/lang/Object; (5 bytes) @ 0x000002626aa9bcbc [0x000002626aa9bc40+0x000000000000007c]
j  org.gradle.internal.service.DefaultServiceRegistry$FactoryService.assembleParameters()[Ljava/lang/Object;+44
j  org.gradle.internal.service.DefaultServiceRegistry$FactoryService.createServiceInstance()Ljava/lang/Object;+1
j  org.gradle.internal.service.DefaultServiceRegistry$FactoryMethodService.createServiceInstance()Ljava/lang/Object;+1
J 2751 c1 org.gradle.internal.service.DefaultServiceRegistry$ManagedObjectServiceProvider.getInstance()Ljava/lang/Object; (47 bytes) @ 0x000002626aa9c18c [0x000002626aa9bfe0+0x00000000000001ac]
J 2750 c1 org.gradle.internal.service.DefaultServiceRegistry$SingletonService.get()Ljava/lang/Object; (5 bytes) @ 0x000002626aa9bcbc [0x000002626aa9bc40+0x000000000000007c]
j  org.gradle.internal.service.DefaultServiceRegistry$FactoryService.assembleParameters()[Ljava/lang/Object;+44
j  org.gradle.internal.service.DefaultServiceRegistry$FactoryService.createServiceInstance()Ljava/lang/Object;+1
j  org.gradle.internal.service.DefaultServiceRegistry$FactoryMethodService.createServiceInstance()Ljava/lang/Object;+1
J 2751 c1 org.gradle.internal.service.DefaultServiceRegistry$ManagedObjectServiceProvider.getInstance()Ljava/lang/Object; (47 bytes) @ 0x000002626aa9c18c [0x000002626aa9bfe0+0x00000000000001ac]
J 2750 c1 org.gradle.internal.service.DefaultServiceRegistry$SingletonService.get()Ljava/lang/Object; (5 bytes) @ 0x000002626aa9bcbc [0x000002626aa9bc40+0x000000000000007c]
j  org.gradle.internal.service.DefaultServiceRegistry$FactoryService.assembleParameters()[Ljava/lang/Object;+44
j  org.gradle.internal.service.DefaultServiceRegistry$FactoryService.createServiceInstance()Ljava/lang/Object;+1
j  org.gradle.internal.service.DefaultServiceRegistry$FactoryMethodService.createServiceInstance()Ljava/lang/Object;+1
J 2751 c1 org.gradle.internal.service.DefaultServiceRegistry$ManagedObjectServiceProvider.getInstance()Ljava/lang/Object; (47 bytes) @ 0x000002626aa9c18c [0x000002626aa9bfe0+0x00000000000001ac]
J 2750 c1 org.gradle.internal.service.DefaultServiceRegistry$SingletonService.get()Ljava/lang/Object; (5 bytes) @ 0x000002626aa9bcbc [0x000002626aa9bc40+0x000000000000007c]
j  org.gradle.internal.service.DefaultServiceRegistry$FactoryService.assembleParameters()[Ljava/lang/Object;+44
j  org.gradle.internal.service.DefaultServiceRegistry$FactoryService.createServiceInstance()Ljava/lang/Object;+1
j  org.gradle.internal.service.DefaultServiceRegistry$FactoryMethodService.createServiceInstance()Ljava/lang/Object;+1
J 2751 c1 org.gradle.internal.service.DefaultServiceRegistry$ManagedObjectServiceProvider.getInstance()Ljava/lang/Object; (47 bytes) @ 0x000002626aa9c18c [0x000002626aa9bfe0+0x00000000000001ac]
J 2750 c1 org.gradle.internal.service.DefaultServiceRegistry$SingletonService.get()Ljava/lang/Object; (5 bytes) @ 0x000002626aa9bcbc [0x000002626aa9bc40+0x000000000000007c]
j  org.gradle.internal.service.DefaultServiceRegistry$FactoryService.assembleParameters()[Ljava/lang/Object;+44
j  org.gradle.internal.service.DefaultServiceRegistry$FactoryService.createServiceInstance()Ljava/lang/Object;+1
j  org.gradle.internal.service.DefaultServiceRegistry$FactoryMethodService.createServiceInstance()Ljava/lang/Object;+1
J 2751 c1 org.gradle.internal.service.DefaultServiceRegistry$ManagedObjectServiceProvider.getInstance()Ljava/lang/Object; (47 bytes) @ 0x000002626aa9c18c [0x000002626aa9bfe0+0x00000000000001ac]
J 2750 c1 org.gradle.internal.service.DefaultServiceRegistry$SingletonService.get()Ljava/lang/Object; (5 bytes) @ 0x000002626aa9bcbc [0x000002626aa9bc40+0x000000000000007c]
j  org.gradle.internal.service.DefaultServiceRegistry$FactoryService.assembleParameters()[Ljava/lang/Object;+44
j  org.gradle.internal.service.DefaultServiceRegistry$FactoryService.createServiceInstance()Ljava/lang/Object;+1
j  org.gradle.internal.service.DefaultServiceRegistry$FactoryMethodService.createServiceInstance()Ljava/lang/Object;+1
J 2751 c1 org.gradle.internal.service.DefaultServiceRegistry$ManagedObjectServiceProvider.getInstance()Ljava/lang/Object; (47 bytes) @ 0x000002626aa9c18c [0x000002626aa9bfe0+0x00000000000001ac]
J 2750 c1 org.gradle.internal.service.DefaultServiceRegistry$SingletonService.get()Ljava/lang/Object; (5 bytes) @ 0x000002626aa9bcbc [0x000002626aa9bc40+0x000000000000007c]
j  org.gradle.internal.service.DefaultServiceRegistry$FactoryService.assembleParameters()[Ljava/lang/Object;+44
j  org.gradle.internal.service.DefaultServiceRegistry$FactoryService.createServiceInstance()Ljava/lang/Object;+1
j  org.gradle.internal.service.DefaultServiceRegistry$FactoryMethodService.createServiceInstance()Ljava/lang/Object;+1
J 2751 c1 org.gradle.internal.service.DefaultServiceRegistry$ManagedObjectServiceProvider.getInstance()Ljava/lang/Object; (47 bytes) @ 0x000002626aa9c18c [0x000002626aa9bfe0+0x00000000000001ac]
J 2750 c1 org.gradle.internal.service.DefaultServiceRegistry$SingletonService.get()Ljava/lang/Object; (5 bytes) @ 0x000002626aa9bcbc [0x000002626aa9bc40+0x000000000000007c]
j  org.gradle.internal.service.DefaultServiceRegistry$FactoryService.assembleParameters()[Ljava/lang/Object;+44
j  org.gradle.internal.service.DefaultServiceRegistry$FactoryService.createServiceInstance()Ljava/lang/Object;+1
j  org.gradle.internal.service.DefaultServiceRegistry$FactoryMethodService.createServiceInstance()Ljava/lang/Object;+1
J 2751 c1 org.gradle.internal.service.DefaultServiceRegistry$ManagedObjectServiceProvider.getInstance()Ljava/lang/Object; (47 bytes) @ 0x000002626aa9c18c [0x000002626aa9bfe0+0x00000000000001ac]
J 2750 c1 org.gradle.internal.service.DefaultServiceRegistry$SingletonService.get()Ljava/lang/Object; (5 bytes) @ 0x000002626aa9bcbc [0x000002626aa9bc40+0x000000000000007c]
j  org.gradle.internal.service.DefaultServiceRegistry$FactoryService.assembleParameters()[Ljava/lang/Object;+44
j  org.gradle.internal.service.DefaultServiceRegistry$FactoryService.createServiceInstance()Ljava/lang/Object;+1
j  org.gradle.internal.service.DefaultServiceRegistry$ConstructorService.createServiceInstance()Ljava/lang/Object;+1
J 2751 c1 org.gradle.internal.service.DefaultServiceRegistry$ManagedObjectServiceProvider.getInstance()Ljava/lang/Object; (47 bytes) @ 0x000002626aa9c18c [0x000002626aa9bfe0+0x00000000000001ac]
J 2750 c1 org.gradle.internal.service.DefaultServiceRegistry$SingletonService.get()Ljava/lang/Object; (5 bytes) @ 0x000002626aa9bcbc [0x000002626aa9bc40+0x000000000000007c]
j  org.gradle.internal.service.DefaultServiceRegistry$FactoryService.assembleParameters()[Ljava/lang/Object;+44
j  org.gradle.internal.service.DefaultServiceRegistry$FactoryService.createServiceInstance()Ljava/lang/Object;+1
j  org.gradle.internal.service.DefaultServiceRegistry$FactoryMethodService.createServiceInstance()Ljava/lang/Object;+1
J 2751 c1 org.gradle.internal.service.DefaultServiceRegistry$ManagedObjectServiceProvider.getInstance()Ljava/lang/Object; (47 bytes) @ 0x000002626aa9c18c [0x000002626aa9bfe0+0x00000000000001ac]
J 2750 c1 org.gradle.internal.service.DefaultServiceRegistry$SingletonService.get()Ljava/lang/Object; (5 bytes) @ 0x000002626aa9bcbc [0x000002626aa9bc40+0x000000000000007c]
j  org.gradle.internal.service.DefaultServiceRegistry.getCollectionService(Ljava/lang/Class;Lorg/gradle/internal/service/ServiceAccessToken;Lorg/gradle/internal/service/ServiceProvider;)Lorg/gradle/internal/service/Service;+79
j  org.gradle.internal.service.DefaultServiceRegistry.getCollectionService(Ljava/lang/reflect/Type;Lorg/gradle/internal/service/ServiceAccessToken;Lorg/gradle/internal/service/ServiceProvider;)Lorg/gradle/internal/service/Service;+15
j  org.gradle.internal.service.DefaultServiceRegistry.find(Ljava/lang/reflect/Type;Lorg/gradle/internal/service/ServiceAccessToken;Lorg/gradle/internal/service/ServiceProvider;)Lorg/gradle/internal/service/Service;+83
j  org.gradle.internal.service.DefaultServiceRegistry.access$2300(Ljava/lang/reflect/Type;Lorg/gradle/internal/service/ServiceAccessToken;Lorg/gradle/internal/service/ServiceProvider;)Lorg/gradle/internal/service/Service;+3
j  org.gradle.internal.service.DefaultServiceRegistry$FactoryService.bind()V+153
J 2749 c1 org.gradle.internal.service.DefaultServiceRegistry$SingletonService.prepare()Lorg/gradle/internal/service/Service; (111 bytes) @ 0x000002626aa9ac04 [0x000002626aa9a9c0+0x0000000000000244]
j  org.gradle.internal.service.DefaultServiceRegistry$SingletonService.getService(Ljava/lang/reflect/Type;Lorg/gradle/internal/service/ServiceAccessToken;)Lorg/gradle/internal/service/Service;+29
J 2786 c1 org.gradle.internal.service.DefaultServiceRegistry$OwnServices.getService(Ljava/lang/reflect/Type;Lorg/gradle/internal/service/ServiceAccessToken;)Lorg/gradle/internal/service/Service; (317 bytes) @ 0x000002626aaa8f54 [0x000002626aaa6a60+0x00000000000024f4]
J 2787 c1 org.gradle.internal.service.DefaultServiceRegistry$CompositeServiceProvider.getService(Ljava/lang/reflect/Type;Lorg/gradle/internal/service/ServiceAccessToken;)Lorg/gradle/internal/service/Service; (52 bytes) @ 0x000002626aaa61a4 [0x000002626aaa6060+0x0000000000000144]
j  org.gradle.internal.service.DefaultServiceRegistry.find(Ljava/lang/reflect/Type;Lorg/gradle/internal/service/ServiceAccessToken;Lorg/gradle/internal/service/ServiceProvider;)Lorg/gradle/internal/service/Service;+121
j  org.gradle.internal.service.DefaultServiceRegistry.access$2300(Ljava/lang/reflect/Type;Lorg/gradle/internal/service/ServiceAccessToken;Lorg/gradle/internal/service/ServiceProvider;)Lorg/gradle/internal/service/Service;+3
j  org.gradle.internal.service.DefaultServiceRegistry$FactoryService.bind()V+153
J 2749 c1 org.gradle.internal.service.DefaultServiceRegistry$SingletonService.prepare()Lorg/gradle/internal/service/Service; (111 bytes) @ 0x000002626aa9ac04 [0x000002626aa9a9c0+0x0000000000000244]
j  org.gradle.internal.service.DefaultServiceRegistry$SingletonService.getService(Ljava/lang/reflect/Type;Lorg/gradle/internal/service/ServiceAccessToken;)Lorg/gradle/internal/service/Service;+29
j  org.gradle.internal.service.DefaultServiceRegistry$OwnServices.getService(Ljava/lang/reflect/Type;Lorg/gradle/internal/service/ServiceAccessToken;)Lorg/gradle/internal/service/Service;+42
j  org.gradle.internal.service.DefaultServiceRegistry$CompositeServiceProvider.getService(Ljava/lang/reflect/Type;Lorg/gradle/internal/service/ServiceAccessToken;)Lorg/gradle/internal/service/Service;+29
j  org.gradle.internal.service.DefaultServiceRegistry.find(Ljava/lang/reflect/Type;Lorg/gradle/internal/service/ServiceAccessToken;Lorg/gradle/internal/service/ServiceProvider;)Lorg/gradle/internal/service/Service;+121
j  org.gradle.internal.service.DefaultServiceRegistry.getService(Ljava/lang/reflect/Type;)Lorg/gradle/internal/service/Service;+10
j  org.gradle.internal.service.DefaultServiceRegistry.find(Ljava/lang/reflect/Type;)Ljava/lang/Object;+9
j  org.gradle.internal.service.DefaultServiceRegistry.get(Ljava/lang/reflect/Type;)Ljava/lang/Object;+2
j  org.gradle.internal.service.DefaultServiceRegistry.get(Ljava/lang/Class;)Ljava/lang/Object;+3
j  org.gradle.internal.session.DefaultBuildSessionContext.execute(Lorg/gradle/internal/invocation/BuildAction;)Lorg/gradle/internal/buildtree/BuildActionRunner$Result;+54
j  org.gradle.internal.buildprocess.execution.BuildSessionLifecycleBuildActionExecutor$ActionImpl.apply(Lorg/gradle/internal/session/BuildSessionContext;)Lorg/gradle/launcher/exec/BuildActionResult;+6
j  org.gradle.internal.buildprocess.execution.BuildSessionLifecycleBuildActionExecutor$ActionImpl.apply(Ljava/lang/Object;)Ljava/lang/Object;+5
j  org.gradle.internal.session.BuildSessionState.run(Ljava/util/function/Function;)Ljava/lang/Object;+5
j  org.gradle.internal.buildprocess.execution.BuildSessionLifecycleBuildActionExecutor.execute(Lorg/gradle/internal/invocation/BuildAction;Lorg/gradle/launcher/exec/BuildActionParameters;Lorg/gradle/initialization/BuildRequestContext;)Lorg/gradle/launcher/exec/BuildActionResult;+95
j  org.gradle.internal.buildprocess.execution.BuildSessionLifecycleBuildActionExecutor.execute(Lorg/gradle/internal/invocation/BuildAction;Ljava/lang/Object;Ljava/lang/Object;)Lorg/gradle/launcher/exec/BuildActionResult;+10
j  org.gradle.internal.buildprocess.execution.StartParamsValidatingActionExecutor.execute(Lorg/gradle/internal/invocation/BuildAction;Lorg/gradle/launcher/exec/BuildActionParameters;Lorg/gradle/initialization/BuildRequestContext;)Lorg/gradle/launcher/exec/BuildActionResult;+203
j  org.gradle.internal.buildprocess.execution.StartParamsValidatingActionExecutor.execute(Lorg/gradle/internal/invocation/BuildAction;Ljava/lang/Object;Ljava/lang/Object;)Lorg/gradle/launcher/exec/BuildActionResult;+10
j  org.gradle.internal.buildprocess.execution.SessionFailureReportingActionExecutor.execute(Lorg/gradle/internal/invocation/BuildAction;Lorg/gradle/launcher/exec/BuildActionParameters;Lorg/gradle/initialization/BuildRequestContext;)Lorg/gradle/launcher/exec/BuildActionResult;+7
j  org.gradle.internal.buildprocess.execution.SessionFailureReportingActionExecutor.execute(Lorg/gradle/internal/invocation/BuildAction;Ljava/lang/Object;Ljava/lang/Object;)Lorg/gradle/launcher/exec/BuildActionResult;+10
j  org.gradle.internal.buildprocess.execution.SetupLoggingActionExecutor.execute(Lorg/gradle/internal/invocation/BuildAction;Lorg/gradle/launcher/exec/BuildActionParameters;Lorg/gradle/initialization/BuildRequestContext;)Lorg/gradle/launcher/exec/BuildActionResult;+50
j  org.gradle.internal.buildprocess.execution.SetupLoggingActionExecutor.execute(Lorg/gradle/internal/invocation/BuildAction;Ljava/lang/Object;Ljava/lang/Object;)Lorg/gradle/launcher/exec/BuildActionResult;+10
j  org.gradle.launcher.daemon.server.exec.ExecuteBuild.doBuild(Lorg/gradle/launcher/daemon/server/api/DaemonCommandExecution;Lorg/gradle/launcher/daemon/protocol/Build;)V+147
j  org.gradle.launcher.daemon.server.exec.BuildCommandOnly.execute(Lorg/gradle/launcher/daemon/server/api/DaemonCommandExecution;)V+49
j  org.gradle.launcher.daemon.server.api.DaemonCommandExecution.proceed()Z+23
j  org.gradle.launcher.daemon.server.exec.WatchForDisconnection.execute(Lorg/gradle/launcher/daemon/server/api/DaemonCommandExecution;)V+19
j  org.gradle.launcher.daemon.server.api.DaemonCommandExecution.proceed()Z+23
j  org.gradle.launcher.daemon.server.exec.ResetDeprecationLogger.execute(Lorg/gradle/launcher/daemon/server/api/DaemonCommandExecution;)V+7
j  org.gradle.launcher.daemon.server.api.DaemonCommandExecution.proceed()Z+23
j  org.gradle.launcher.daemon.server.exec.RequestStopIfSingleUsedDaemon.execute(Lorg/gradle/launcher/daemon/server/api/DaemonCommandExecution;)V+33
j  org.gradle.launcher.daemon.server.api.DaemonCommandExecution.proceed()Z+23
j  org.gradle.launcher.daemon.server.exec.ForwardClientInput.lambda$execute$0(Lorg/gradle/launcher/daemon/server/api/DaemonCommandExecution;Lorg/gradle/internal/daemon/clientinput/StdinHandler;)Ljava/lang/Object;+11
j  org.gradle.launcher.daemon.server.exec.ForwardClientInput$$Lambda+0x000002620118d858.apply(Ljava/lang/Object;)Ljava/lang/Object;+8
j  org.gradle.internal.daemon.clientinput.ClientInputForwarder.forwardInput(Ljava/util/function/Function;)Ljava/lang/Object;+46
j  org.gradle.launcher.daemon.server.exec.ForwardClientInput.execute(Lorg/gradle/launcher/daemon/server/api/DaemonCommandExecution;)V+10
j  org.gradle.launcher.daemon.server.api.DaemonCommandExecution.proceed()Z+23
j  org.gradle.launcher.daemon.server.exec.LogAndCheckHealth.execute(Lorg/gradle/launcher/daemon/server/api/DaemonCommandExecution;)V+51
j  org.gradle.launcher.daemon.server.api.DaemonCommandExecution.proceed()Z+23
j  org.gradle.launcher.daemon.server.exec.LogToClient.doBuild(Lorg/gradle/launcher/daemon/server/api/DaemonCommandExecution;Lorg/gradle/launcher/daemon/protocol/Build;)V+87
j  org.gradle.launcher.daemon.server.exec.BuildCommandOnly.execute(Lorg/gradle/launcher/daemon/server/api/DaemonCommandExecution;)V+49
j  org.gradle.launcher.daemon.server.api.DaemonCommandExecution.proceed()Z+23
j  org.gradle.launcher.daemon.server.exec.EstablishBuildEnvironment.doBuild(Lorg/gradle/launcher/daemon/server/api/DaemonCommandExecution;Lorg/gradle/launcher/daemon/protocol/Build;)V+356
j  org.gradle.launcher.daemon.server.exec.BuildCommandOnly.execute(Lorg/gradle/launcher/daemon/server/api/DaemonCommandExecution;)V+49
j  org.gradle.launcher.daemon.server.api.DaemonCommandExecution.proceed()Z+23
j  org.gradle.launcher.daemon.server.exec.StartBuildOrRespondWithBusy$1.run()V+44
j  org.gradle.launcher.daemon.server.DaemonStateCoordinator.lambda$runCommand$0(Ljava/lang/Runnable;)V+1
j  org.gradle.launcher.daemon.server.DaemonStateCoordinator$$Lambda+0x000002620118c1e0.run()V+8
j  org.gradle.internal.concurrent.ExecutorPolicy$CatchAndRecordFailures.onExecute(Ljava/lang/Runnable;)V+1
j  org.gradle.internal.concurrent.AbstractManagedExecutor$1.run()V+25
j  java.util.concurrent.ThreadPoolExecutor.runWorker(Ljava/util/concurrent/ThreadPoolExecutor$Worker;)V+92 java.base@21.0.12.1
j  java.util.concurrent.ThreadPoolExecutor$Worker.run()V+5 java.base@21.0.12.1
j  java.lang.Thread.runWith(Ljava/lang/Object;Ljava/lang/Runnable;)V+5 java.base@21.0.12.1
j  java.lang.Thread.run()V+19 java.base@21.0.12.1
v  ~StubRoutines::call_stub 0x000002627227100d

Compiled method (n/a) 27128  814     n 0       java.lang.ClassLoader::defineClass1 (native)
 total in heap  [0x0000026272864110,0x00000262728646a8] = 1432
 relocation     [0x0000026272864270,0x00000262728642a8] = 56
 main code      [0x00000262728642c0,0x00000262728646a1] = 993
 stub code      [0x00000262728646a1,0x00000262728646a8] = 7

[Constant Pool (empty)]

[MachCode]
[Entry Point]
  # {method} {0x0000026200434c38} 'defineClass1' '(Ljava/lang/ClassLoader;Ljava/lang/String;[BIILjava/security/ProtectionDomain;Ljava/lang/String;)Ljava/lang/Class;' in 'java/lang/ClassLoader'
  # parm0:    rdx:rdx   = 'java/lang/ClassLoader'
  # parm1:    r8:r8     = 'java/lang/String'
  # parm2:    r9:r9     = '[B'
  # parm3:    rdi       = int
  # parm4:    rsi       = int
  # parm5:    rcx:rcx   = 'java/security/ProtectionDomain'
  # parm6:    [sp+0xa0]   = 'java/lang/String'  (sp of caller)
  0x00000262728642c0: 448b 5208 | 49bb 0000 | 0000 6202 | 0000 4d03 | d349 3bc2 | 0f84 0600 

  0x00000262728642d8: ;   {runtime_call ic_miss_stub}
  0x00000262728642d8: 0000 e9a1 | a4a5 ff90 
[Verified Entry Point]
  0x00000262728642e0: 8984 2400 | 80ff ff55 | 488b ec48 | 81ec 9000 | 0000 6690 | 4181 7f20 | 0100 0000 

  0x00000262728642fc: ;   {runtime_call StubRoutines (final stubs)}
  0x00000262728642fc: 7405 e89d | 21a4 ff48 | 837d 1000 | 488d 4510 | 480f 4445 | 1048 8944 | 2440 4889 | 4c24 7048 
  0x000002627286431c: 83f9 0048 | 8d44 2470 | 480f 4444 | 2470 4889 | 4424 3848 | 8974 2430 | 4889 7c24 | 284c 894c 
  0x000002627286433c: 2458 4983 | f900 488d | 4424 5848 | 0f44 4424 | 5848 8944 | 2420 4c89 | 4424 5049 | 83f8 004c 
  0x000002627286435c: 8d4c 2450 | 4c0f 444c | 2450 4889 | 5424 4848 | 83fa 004c | 8d44 2448 | 4c0f 4444 

  0x0000026272864378: ;   {oop(a 'java/lang/Class'{0x0000000080553330} = 'java/lang/ClassLoader')}
  0x0000026272864378: 2448 49be | 3033 5580 | 0000 0000 | 4c89 7424 | 784c 8d74 | 2478 498b | d6c5 f877 

  0x0000026272864394: ;   {internal_word}
  0x0000026272864394: 49ba 9143 | 8672 6202 | 0000 4d89 | 97a8 0300 | 0049 89a7 | a003 0000 

  0x00000262728643ac: ;   {external_word}
  0x00000262728643ac: 49ba 066d | d895 ff7f | 0000 4180 | 3a00 0f84 | 4e00 0000 | 5241 5041 

  0x00000262728643c4: ;   {metadata({method} {0x0000026200434c38} 'defineClass1' '(Ljava/lang/ClassLoader;Ljava/lang/String;[BIILjava/security/ProtectionDomain;Ljava/lang/String;)Ljava/lang/Class;' in 'java/lang/ClassLoader')}
  0x00000262728643c4: 5148 ba30 | 4c43 0062 | 0200 0049 | 8bcf 4883 | ec20 40f6 | c40f 0f84 | 1900 0000 | 4883 ec08 
  0x00000262728643e4: ;   {runtime_call}
  0x00000262728643e4: 48b8 e0ea | 8195 ff7f | 0000 ffd0 | 4883 c408 | e90c 0000 

  0x00000262728643f8: ;   {runtime_call}
  0x00000262728643f8: 0048 b8e0 | ea81 95ff | 7f00 00ff | d048 83c4 | 2041 5941 | 585a 498d | 8fc0 0300 | 0041 c787 
  0x0000026272864418: 4c04 0000 | 0400 0000 

  0x0000026272864420: ;   {runtime_call}
  0x0000026272864420: 48b8 ac16 | b301 f87f | 0000 ffd0 | c5f8 7741 | c787 4c04 | 0000 0500 | 0000 f083 | 4424 c000 
  0x0000026272864440: 493b af50 | 0400 000f | 870e 0000 | 0041 83bf | 4804 0000 | 000f 842b | 0000 00c5 | f877 4889 
  0x0000026272864460: 45f8 498b | cf4c 8be4 | 4883 ec20 | 4883 e4f0 

  0x0000026272864470: ;   {runtime_call}
  0x0000026272864470: 48b8 0058 | 4d95 ff7f | 0000 ffd0 | 498b e44d | 33e4 488b | 45f8 41c7 | 874c 0400 | 0008 0000 
  0x0000026272864490: 0041 83bf | c804 0000 | 020f 84d5 

  0x000002627286449c: ;   {external_word}
  0x000002627286449c: 0100 0049 | ba06 6dd8 | 95ff 7f00 | 0041 803a | 000f 844c | 0000 0048 

  0x00000262728644b4: ;   {metadata({method} {0x0000026200434c38} 'defineClass1' '(Ljava/lang/ClassLoader;Ljava/lang/String;[BIILjava/security/ProtectionDomain;Ljava/lang/String;)Ljava/lang/Class;' in 'java/lang/ClassLoader')}
  0x00000262728644b4: 8945 f848 | ba30 4c43 | 0062 0200 | 0049 8bcf | 4883 ec20 | 40f6 c40f | 0f84 1900 | 0000 4883 
  0x00000262728644d4: ;   {runtime_call}
  0x00000262728644d4: ec08 48b8 | e0ea 8195 | ff7f 0000 | ffd0 4883 | c408 e90c 

  0x00000262728644e8: ;   {runtime_call}
  0x00000262728644e8: 0000 0048 | b8e0 ea81 | 95ff 7f00 | 00ff d048 | 83c4 2048 | 8b45 f849 | c787 a003 | 0000 0000 
  0x0000026272864508: 0000 49c7 | 87a8 0300 | 0000 0000 | 00c5 f877 | 4885 c00f | 8430 0100 | 00a8 030f | 8508 0000 
  0x0000026272864528: 0048 8b00 | e920 0100 | 00a8 010f | 8509 0000 | 0048 8b40 | fee9 0f01 | 0000 488b | 40ff 4180 
  0x0000026272864548: 7f40 000f | 8400 0100 | 0048 83f8 | 000f 84f6 | 0000 0049 | 8b4f 2848 | 83f9 000f | 8414 0000 
  0x0000026272864568: 0048 83e9 | 0849 894f | 2849 034f | 3848 8901 | e9d4 0000 | 0048 83ec | 7048 8904 | 2448 894c 
  0x0000026272864588: 2408 4889 | 5424 104c | 8944 2418 | 4c89 4c24 | 204c 8954 | 2428 4c89 | 5c24 30c5 | fb11 4424 
  0x00000262728645a8: 40c5 fb11 | 4c24 48c5 | fb11 5424 | 50c5 fb11 | 5c24 58c5 | fb11 6424 | 60c5 fb11 | 6c24 6849 
  0x00000262728645c8: 8bd7 488b | c848 83ec | 2040 f6c4 | 0f0f 8419 | 0000 0048 

  0x00000262728645dc: ;   {runtime_call}
  0x00000262728645dc: 83ec 0848 | b820 a440 | 95ff 7f00 | 00ff d048 | 83c4 08e9 | 0c00 0000 

  0x00000262728645f4: ;   {runtime_call}
  0x00000262728645f4: 48b8 20a4 | 4095 ff7f | 0000 ffd0 | 4883 c420 | c5fb 106c | 2468 c5fb | 1064 2460 | c5fb 105c 
  0x0000026272864614: 2458 c5fb | 1054 2450 | c5fb 104c | 2448 c5fb | 1044 2440 | 4c8b 5c24 | 304c 8b54 | 2428 4c8b 
  0x0000026272864634: 4c24 204c | 8b44 2418 | 488b 5424 | 1048 8b4c | 2408 488b | 0424 4883 | c470 c5f8 | 7749 8b8f 
  0x0000026272864654: 3004 0000 | c781 0001 | 0000 0000 | 0000 c949 | 837f 0800 | 0f85 0100 

  0x000002627286466c: ;   {runtime_call StubRoutines (initial stubs)}
  0x000002627286466c: 0000 c3e9 | 8cc8 a0ff | c5f8 7748 | 8945 f84c | 8be4 4883 | ec20 4883 

  0x0000026272864684: ;   {runtime_call}
  0x0000026272864684: e4f0 48b8 | 3022 8295 | ff7f 0000 | ffd0 498b | e44d 33e4 | 488b 45f8 | e9fe fdff | fff4 f4f4 
  0x00000262728646a4: f4f4 f4f4 
[/MachCode]


Compiled method (c1) 27147 1517       3       java.lang.ClassLoader::defineClass (43 bytes)
 total in heap  [0x000002626a830210,0x000002626a830b60] = 2384
 relocation     [0x000002626a830370,0x000002626a830410] = 160
 main code      [0x000002626a830420,0x000002626a8308b8] = 1176
 stub code      [0x000002626a8308b8,0x000002626a830930] = 120
 metadata       [0x000002626a830930,0x000002626a830960] = 48
 scopes data    [0x000002626a830960,0x000002626a830a50] = 240
 scopes pcs     [0x000002626a830a50,0x000002626a830b30] = 224
 dependencies   [0x000002626a830b30,0x000002626a830b38] = 8
 nul chk table  [0x000002626a830b38,0x000002626a830b60] = 40

[Constant Pool (empty)]

[MachCode]
[Entry Point]
  # {method} {0x0000026200434fb8} 'defineClass' '(Ljava/lang/String;[BIILjava/security/ProtectionDomain;)Ljava/lang/Class;' in 'java/lang/ClassLoader'
  # this:     rdx:rdx   = 'java/lang/ClassLoader'
  # parm0:    r8:r8     = 'java/lang/String'
  # parm1:    r9:r9     = '[B'
  # parm2:    rdi       = int
  # parm3:    rsi       = int
  # parm4:    rcx:rcx   = 'java/security/ProtectionDomain'
  #           [sp+0xc0]  (sp of caller)
  0x000002626a830420: 448b 5208 | 49bb 0000 | 0000 6202 | 0000 4d03 | d34c 3bd0 

  0x000002626a830434: ;   {runtime_call ic_miss_stub}
  0x000002626a830434: 0f85 46e3 | a807 660f | 1f44 0000 
[Verified Entry Point]
  0x000002626a830440: 8984 2400 | 80ff ff55 | 4881 ecb0 | 0000 0090 | 4181 7f20 | 0100 0000 

  0x000002626a830458: ;   {runtime_call StubRoutines (final stubs)}
  0x000002626a830458: 7405 e841 | 60a7 0748 | 8954 2478 

  0x000002626a830464: ;   {metadata(method data for {method} {0x0000026200434fb8} 'defineClass' '(Ljava/lang/String;[BIILjava/security/ProtectionDomain;)Ljava/lang/Class;' in 'java/lang/ClassLoader')}
  0x000002626a830464: 48bb 0857 | 191b 6202 | 0000 8b83 | cc00 0000 | 83c0 0289 | 83cc 0000 | 0025 fe07 | 0000 85c0 
  0x000002626a830484: 0f84 5003 | 0000 89b4 | 2494 0000 | 0089 bc24 | 9000 0000 | 4c89 8c24 | 8800 0000 

  0x000002626a8304a0: ;   {metadata(method data for {method} {0x0000026200434fb8} 'defineClass' '(Ljava/lang/String;[BIILjava/security/ProtectionDomain;)Ljava/lang/Class;' in 'java/lang/ClassLoader')}
  0x000002626a8304a0: 488b da48 | b808 5719 | 1b62 0200 | 0048 8380 | 1001 0000 | 0149 8bd8 | 4c8b c34c | 8bc9 488b 
  0x000002626a8304c0: ca48 8bd1 | 4889 9c24 | 8000 0000 

  0x000002626a8304cc: ;   {optimized virtual_call}
  0x000002626a8304cc: 6666 90e8 

  0x000002626a8304d0: ; ImmutableOopMap {[120]=Oop [128]=Oop [136]=Oop }
                      ;*invokevirtual preDefineClass {reexecute=0 rethrow=0 return_oop=0}
                      ; - java.lang.ClassLoader::defineClass@4
  0x000002626a8304d0: 4c19 f1ff 

  0x000002626a8304d4: ;   {other}
  0x000002626a8304d4: 0f1f 8400 | c402 0000 | 4889 8424 | 9800 0000 | 488b 5424 

  0x000002626a8304e8: ;   {metadata(method data for {method} {0x0000026200434fb8} 'defineClass' '(Ljava/lang/String;[BIILjava/security/ProtectionDomain;)Ljava/lang/Class;' in 'java/lang/ClassLoader')}
  0x000002626a8304e8: 7849 b808 | 5719 1b62 | 0200 0049 | 8380 4801 

  0x000002626a8304f8: ;   {metadata(method data for {method} {0x0000026200434ca0} 'defineClassSourceLocation' '(Ljava/security/ProtectionDomain;)Ljava/lang/String;' in 'java/lang/ClassLoader')}
  0x000002626a8304f8: 0000 0149 | b8d8 8a19 | 1b62 0200 | 0041 8b90 | cc00 0000 | 83c2 0241 | 8990 cc00 | 0000 81e2 
  0x000002626a830518: feff 1f00 | 85d2 0f84 | d702 0000 

  0x000002626a830524: ; implicit exception: dispatches to 0x000002626a83081c
  0x000002626a830524: 483b 004c 

  0x000002626a830528: ;   {metadata(method data for {method} {0x0000026200434ca0} 'defineClassSourceLocation' '(Ljava/security/ProtectionDomain;)Ljava/lang/String;' in 'java/lang/ClassLoader')}
  0x000002626a830528: 8bc0 48ba | d88a 191b | 6202 0000 | 4883 8210 | 0100 0001 | 448b 4010 

  0x000002626a830540: ;   {metadata(method data for {method} {0x0000026200434ca0} 'defineClassSourceLocation' '(Ljava/security/ProtectionDomain;)Ljava/lang/String;' in 'java/lang/ClassLoader')}
  0x000002626a830540: 4d85 c048 | bad8 8a19 | 1b62 0200 | 0048 c7c6 | 5801 0000 | 7507 48c7 | c648 0100 | 0048 8b3c 
  0x000002626a830560: 3248 8d7f | 0148 893c | 320f 850f 

  0x000002626a83056c: ;   {oop(nullptr)}
  0x000002626a83056c: 0000 0048 | bb00 0000 | 0000 0000 | 00e9 a101 | 0000 493b | 0049 8bd0 

  0x000002626a830584: ;   {metadata(method data for {method} {0x0000026200434ca0} 'defineClassSourceLocation' '(Ljava/security/ProtectionDomain;)Ljava/lang/String;' in 'java/lang/ClassLoader')}
  0x000002626a830584: 48be d88a | 191b 6202 | 0000 4883 | 8668 0100 | 0001 418b | 500c 4885 

  0x000002626a83059c: ;   {metadata(method data for {method} {0x0000026200434ca0} 'defineClassSourceLocation' '(Ljava/security/ProtectionDomain;)Ljava/lang/String;' in 'java/lang/ClassLoader')}
  0x000002626a83059c: d248 bed8 | 8a19 1b62 | 0200 0048 | c7c7 b001 | 0000 7507 | 48c7 c7a0 | 0100 0048 | 8b1c 3e48 
  0x000002626a8305bc: 8d5b 0148 | 891c 3e0f | 850f 0000 

  0x000002626a8305c8: ;   {oop(nullptr)}
  0x000002626a8305c8: 0048 bb00 | 0000 0000 | 0000 00e9 | 4701 0000 

  0x000002626a8305d8: ;   {metadata(method data for {method} {0x0000026200434ca0} 'defineClassSourceLocation' '(Ljava/security/ProtectionDomain;)Ljava/lang/String;' in 'java/lang/ClassLoader')}
  0x000002626a8305d8: 48be d88a | 191b 6202 | 0000 4883 | 86c0 0100 | 0001 483b | 024c 8bc2 

  0x000002626a8305f0: ;   {metadata(method data for {method} {0x0000026200434ca0} 'defineClassSourceLocation' '(Ljava/security/ProtectionDomain;)Ljava/lang/String;' in 'java/lang/ClassLoader')}
  0x000002626a8305f0: 48be d88a | 191b 6202 | 0000 4883 | 86f8 0100 

  0x000002626a830600: ;   {metadata(method data for {method} {0x000002620001abf0} 'toString' '()Ljava/lang/String;' in 'java/net/URL')}
  0x000002626a830600: 0001 49b8 | 1843 0e1b | 6202 0000 | 418b b0cc | 0000 0083 | c602 4189 | b0cc 0000 | 0081 e6fe 
  0x000002626a830620: ff1f 0085 | f60f 8400 | 0200 004c 

  0x000002626a83062c: ;   {metadata(method data for {method} {0x000002620001abf0} 'toString' '()Ljava/lang/String;' in 'java/net/URL')}
  0x000002626a83062c: 8bc2 48be | 1843 0e1b | 6202 0000 | 4883 8610 | 0100 0001 

  0x000002626a830640: ;   {metadata(method data for {method} {0x0000026200428840} 'toExternalForm' '()Ljava/lang/String;' in 'java/net/URL')}
  0x000002626a830640: 49b8 a044 | 0e1b 6202 | 0000 418b | b0cc 0000 | 0083 c602 | 4189 b0cc | 0000 0081 | e6fe ff1f 
  0x000002626a830660: 0085 f60f | 84e3 0100 | 008b 7238 

  0x000002626a83066c: ; implicit exception: dispatches to 0x000002626a83086d
  0x000002626a83066c: 483b 064c 

  0x000002626a830670: ;   {metadata(method data for {method} {0x0000026200428840} 'toExternalForm' '()Ljava/lang/String;' in 'java/net/URL')}
  0x000002626a830670: 8bc6 48bf | a044 0e1b | 6202 0000 | 458b 4008 | 49ba 0000 | 0000 6202 | 0000 4d03 | c24c 3b87 
  0x000002626a830690: 2001 0000 | 750d 4883 | 8728 0100 | 0001 e960 | 0000 004c | 3b87 3001 | 0000 750d | 4883 8738 
  0x000002626a8306b0: 0100 0001 | e94a 0000 | 0048 83bf | 2001 0000 | 0075 174c | 8987 2001 | 0000 48c7 | 8728 0100 
  0x000002626a8306d0: 0001 0000 | 00e9 2900 | 0000 4883 | bf30 0100 | 0000 7517 | 4c89 8730 | 0100 0048 | c787 3801 
  0x000002626a8306f0: 0000 0100 | 0000 e908 | 0000 0048 | 8387 1001 | 0000 014c | 8bc2 488b | d666 0f1f 

  0x000002626a83070c: ;   {optimized virtual_call}
  0x000002626a83070c: 4400 00e8 

  0x000002626a830710: ; ImmutableOopMap {[120]=Oop [128]=Oop [136]=Oop [152]=Oop }
                      ;*invokevirtual toExternalForm {reexecute=0 rethrow=0 return_oop=0}
                      ; - java.net.URL::toExternalForm@5
                      ; - java.net.URL::toString@1
                      ; - java.lang.ClassLoader::defineClassSourceLocation@22
                      ; - java.lang.ClassLoader::defineClass@12
  0x000002626a830710: 0c4f e9ff 

  0x000002626a830714: ;   {other}
  0x000002626a830714: 0f1f 8400 | 0405 0001 | 488b d848 | 8b84 2498 | 0000 008b | b424 9400 | 0000 8bbc | 2490 0000 
  0x000002626a830734: 004c 8b8c | 2488 0000 | 004c 8b84 | 2480 0000 | 0048 8b54 

  0x000002626a830748: ;   {metadata(method data for {method} {0x0000026200434fb8} 'defineClass' '(Ljava/lang/String;[BIILjava/security/ProtectionDomain;)Ljava/lang/Class;' in 'java/lang/ClassLoader')}
  0x000002626a830748: 2478 48b9 | 0857 191b | 6202 0000 | 4883 8180 | 0100 0001 | 4c8b da49 | 8bd3 488b | c848 891c 
  0x000002626a830768: 2466 0f1f 

  0x000002626a83076c: ;   {static_call}
  0x000002626a83076c: 4400 00e8 

  0x000002626a830770: ; ImmutableOopMap {[120]=Oop [152]=Oop }
                      ;*invokestatic defineClass1 {reexecute=0 rethrow=0 return_oop=0}
                      ; - java.lang.ClassLoader::defineClass@27
  0x000002626a830770: 6c3b 0308 

  0x000002626a830774: ;   {other}
  0x000002626a830774: 0f1f 8400 | 6405 0002 | 488b 5424 

  0x000002626a830780: ;   {metadata(method data for {method} {0x0000026200434fb8} 'defineClass' '(Ljava/lang/String;[BIILjava/security/ProtectionDomain;)Ljava/lang/Class;' in 'java/lang/ClassLoader')}
  0x000002626a830780: 7849 b808 | 5719 1b62 | 0200 0049 | 8380 9001 | 0000 014c | 8bc0 4c8b | 8c24 9800 | 0000 488b 
  0x000002626a8307a0: 5424 7848 | 8984 24a0 | 0000 000f 

  0x000002626a8307ac: ;   {optimized virtual_call}
  0x000002626a8307ac: 1f40 00e8 

  0x000002626a8307b0: ; ImmutableOopMap {[160]=Oop }
                      ;*invokevirtual postDefineClass {reexecute=0 rethrow=0 return_oop=0}
                      ; - java.lang.ClassLoader::defineClass@37
  0x000002626a8307b0: ec35 eeff 

  0x000002626a8307b4: ;   {other}
  0x000002626a8307b4: 0f1f 8400 | a405 0003 | 488b 8424 | a000 0000 | 4881 c4b0 | 0000 005d 

  0x000002626a8307cc: ;   {poll_return}
  0x000002626a8307cc: 493b a750 | 0400 000f | 8799 0000 

  0x000002626a8307d8: ;   {metadata({method} {0x0000026200434fb8} 'defineClass' '(Ljava/lang/String;[BIILjava/security/ProtectionDomain;)Ljava/lang/Class;' in 'java/lang/ClassLoader')}
  0x000002626a8307d8: 00c3 49ba | b04f 4300 | 6202 0000 | 4c89 5424 | 0848 c704 | 24ff ffff 

  0x000002626a8307f0: ;   {runtime_call counter_overflow Runtime1 stub}
  0x000002626a8307f0: ffe8 8a3f 

  0x000002626a8307f4: ; ImmutableOopMap {rdx=Oop r8=Oop r9=Oop rcx=Oop [120]=Oop }
                      ;*synchronization entry
                      ; - java.lang.ClassLoader::defineClass@-1
  0x000002626a8307f4: b607 e98f 

  0x000002626a8307f8: ;   {metadata({method} {0x0000026200434ca0} 'defineClassSourceLocation' '(Ljava/security/ProtectionDomain;)Ljava/lang/String;' in 'java/lang/ClassLoader')}
  0x000002626a8307f8: fcff ff49 | ba98 4c43 | 0062 0200 | 004c 8954 | 2408 48c7 | 0424 ffff 

  0x000002626a830810: ;   {runtime_call counter_overflow Runtime1 stub}
  0x000002626a830810: ffff e869 

  0x000002626a830814: ; ImmutableOopMap {rax=Oop [120]=Oop [128]=Oop [136]=Oop [152]=Oop }
                      ;*synchronization entry
                      ; - java.lang.ClassLoader::defineClassSourceLocation@-1
                      ; - java.lang.ClassLoader::defineClass@12
  0x000002626a830814: 3fb6 07e9 | 08fd ffff 

  0x000002626a83081c: ;   {runtime_call throw_null_pointer_exception Runtime1 stub}
  0x000002626a83081c: e85f eeb5 

  0x000002626a830820: ; ImmutableOopMap {rax=Oop [120]=Oop [128]=Oop [136]=Oop [152]=Oop }
                      ;*invokevirtual getCodeSource {reexecute=0 rethrow=0 return_oop=0}
                      ; - java.lang.ClassLoader::defineClassSourceLocation@1
                      ; - java.lang.ClassLoader::defineClass@12
                      ;   {runtime_call throw_null_pointer_exception Runtime1 stub}
  0x000002626a830820: 07e8 5aee 

  0x000002626a830824: ; ImmutableOopMap {rax=Oop r8=Oop [120]=Oop [128]=Oop [136]=Oop [152]=Oop }
                      ;*invokevirtual getLocation {reexecute=0 rethrow=0 return_oop=0}
                      ; - java.lang.ClassLoader::defineClassSourceLocation@12
                      ; - java.lang.ClassLoader::defineClass@12
                      ;   {runtime_call throw_null_pointer_exception Runtime1 stub}
  0x000002626a830824: b507 e855 

  0x000002626a830828: ; ImmutableOopMap {rdx=Oop [120]=Oop [128]=Oop [136]=Oop [152]=Oop }
                      ;*invokevirtual toString {reexecute=0 rethrow=0 return_oop=0}
                      ; - java.lang.ClassLoader::defineClassSourceLocation@22
                      ; - java.lang.ClassLoader::defineClass@12
                      ;   {metadata({method} {0x000002620001abf0} 'toString' '()Ljava/lang/String;' in 'java/net/URL')}
  0x000002626a830828: eeb5 0749 | bae8 ab01 | 0062 0200 | 004c 8954 | 2408 48c7 | 0424 ffff 

  0x000002626a830840: ;   {runtime_call counter_overflow Runtime1 stub}
  0x000002626a830840: ffff e839 

  0x000002626a830844: ; ImmutableOopMap {rdx=Oop [120]=Oop [128]=Oop [136]=Oop [152]=Oop }
                      ;*synchronization entry
                      ; - java.net.URL::toString@-1
                      ; - java.lang.ClassLoader::defineClassSourceLocation@22
                      ; - java.lang.ClassLoader::defineClass@12
  0x000002626a830844: 3fb6 07e9 | dffd ffff 

  0x000002626a83084c: ;   {metadata({method} {0x0000026200428840} 'toExternalForm' '()Ljava/lang/String;' in 'java/net/URL')}
  0x000002626a83084c: 49ba 3888 | 4200 6202 | 0000 4c89 | 5424 0848 | c704 24ff 

  0x000002626a830860: ;   {runtime_call counter_overflow Runtime1 stub}
  0x000002626a830860: ffff ffe8 

  0x000002626a830864: ; ImmutableOopMap {rdx=Oop [120]=Oop [128]=Oop [136]=Oop [152]=Oop }
                      ;*synchronization entry
                      ; - java.net.URL::toExternalForm@-1
                      ; - java.net.URL::toString@1
                      ; - java.lang.ClassLoader::defineClassSourceLocation@22
                      ; - java.lang.ClassLoader::defineClass@12
  0x000002626a830864: 183f b607 | e9fc fdff 

  0x000002626a83086c: ;   {runtime_call throw_null_pointer_exception Runtime1 stub}
  0x000002626a83086c: ffe8 0eee 

  0x000002626a830870: ; ImmutableOopMap {rdx=Oop rsi=Oop [120]=Oop [128]=Oop [136]=Oop [152]=Oop }
                      ;*invokevirtual toExternalForm {reexecute=0 rethrow=0 return_oop=0}
                      ; - java.net.URL::toExternalForm@5
                      ; - java.net.URL::toString@1
                      ; - java.lang.ClassLoader::defineClassSourceLocation@22
                      ; - java.lang.ClassLoader::defineClass@12
                      ;   {internal_word}
  0x000002626a830870: b507 49ba | cc07 836a | 6202 0000 | 4d89 9768 

  0x000002626a830880: ;   {runtime_call SafepointBlob}
  0x000002626a830880: 0400 00e9 | f84b a907 | 498b 8700 | 0500 0049 | c787 0005 | 0000 0000 | 0000 49c7 | 8708 0500 
  0x000002626a8308a0: 0000 0000 | 0048 81c4 | b000 0000 

  0x000002626a8308ac: ;   {runtime_call unwind_exception Runtime1 stub}
  0x000002626a8308ac: 5de9 cede | b507 f4f4 | f4f4 f4f4 
[Stub Code]
  0x000002626a8308b8: ;   {no_reloc}
  0x000002626a8308b8: 0f1f 4400 

  0x000002626a8308bc: ;   {static_stub}
  0x000002626a8308bc: 0048 bb00 | 0000 0000 

  0x000002626a8308c4: ;   {runtime_call nmethod}
  0x000002626a8308c4: 0000 00e9 | fbff ffff 

  0x000002626a8308cc: ;   {static_stub}
  0x000002626a8308cc: 48bb 0000 | 0000 0000 

  0x000002626a8308d4: ;   {runtime_call nmethod}
  0x000002626a8308d4: 0000 e9fb 

  0x000002626a8308d8: ;   {static_stub}
  0x000002626a8308d8: ffff ff48 | bb00 0000 | 0000 0000 

  0x000002626a8308e4: ;   {runtime_call nmethod}
  0x000002626a8308e4: 00e9 fbff 

  0x000002626a8308e8: ;   {static_stub}
  0x000002626a8308e8: ffff 48bb | 0000 0000 | 0000 0000 

  0x000002626a8308f4: ;   {runtime_call nmethod}
  0x000002626a8308f4: e9fb ffff 

  0x000002626a8308f8: ;   {runtime_call handle_exception_from_callee Runtime1 stub}
  0x000002626a8308f8: ffe8 820b 

  0x000002626a8308fc: ;   {external_word}
  0x000002626a8308fc: b607 48b9 | 5063 ae95 | ff7f 0000 | 4883 e4f0 

  0x000002626a83090c: ;   {runtime_call}
  0x000002626a83090c: 48b8 c0c9 | 7095 ff7f | 0000 ffd0 

  0x000002626a830918: ;   {section_word}
  0x000002626a830918: f449 ba19 | 0983 6a62 | 0200 0041 

  0x000002626a830924: ;   {runtime_call DeoptimizationBlob}
  0x000002626a830924: 52e9 f63d | a907 f4f4 | f4f4 f4f4 
[/MachCode]


Compiled method (c1) 27164 1140       3       java.security.SecureClassLoader::defineClass (16 bytes)
 total in heap  [0x000002626a738610,0x000002626a738a10] = 1024
 relocation     [0x000002626a738770,0x000002626a7387c0] = 80
 main code      [0x000002626a7387c0,0x000002626a738918] = 344
 stub code      [0x000002626a738918,0x000002626a738968] = 80
 metadata       [0x000002626a738968,0x000002626a738970] = 8
 scopes data    [0x000002626a738970,0x000002626a7389b8] = 72
 scopes pcs     [0x000002626a7389b8,0x000002626a738a08] = 80
 dependencies   [0x000002626a738a08,0x000002626a738a10] = 8

[Constant Pool (empty)]

[MachCode]
[Entry Point]
  # {method} {0x000002620004e0e8} 'defineClass' '(Ljava/lang/String;[BIILjava/security/CodeSource;)Ljava/lang/Class;' in 'java/security/SecureClassLoader'
  # this:     rdx:rdx   = 'java/security/SecureClassLoader'
  # parm0:    r8:r8     = 'java/lang/String'
  # parm1:    r9:r9     = '[B'
  # parm2:    rdi       = int
  # parm3:    rsi       = int
  # parm4:    rcx:rcx   = 'java/security/CodeSource'
  #           [sp+0x80]  (sp of caller)
  0x000002626a7387c0: 448b 5208 | 49bb 0000 | 0000 6202 | 0000 4d03 | d34c 3bd0 

  0x000002626a7387d4: ;   {runtime_call ic_miss_stub}
  0x000002626a7387d4: 0f85 a65f | b807 660f | 1f44 0000 
[Verified Entry Point]
  0x000002626a7387e0: 8984 2400 | 80ff ff55 | 4883 ec70 | 4181 7f20 | 0100 0000 

  0x000002626a7387f4: ;   {runtime_call StubRoutines (final stubs)}
  0x000002626a7387f4: 7405 e8a5 

  0x000002626a7387f8: ;   {metadata(method data for {method} {0x000002620004e0e8} 'defineClass' '(Ljava/lang/String;[BIILjava/security/CodeSource;)Ljava/lang/Class;' in 'java/security/SecureClassLoader')}
  0x000002626a7387f8: dcb6 0748 | bb98 0318 | 1b62 0200 | 008b 83cc | 0000 0083 | c002 8983 | cc00 0000 | 25fe 0700 
  0x000002626a738818: 0085 c00f | 8496 0000 | 0089 7424 | 5c89 7c24 | 584c 894c | 2450 4c89 | 4424 4848 

  0x000002626a738834: ;   {metadata(method data for {method} {0x000002620004e0e8} 'defineClass' '(Ljava/lang/String;[BIILjava/security/CodeSource;)Ljava/lang/Class;' in 'java/security/SecureClassLoader')}
  0x000002626a738834: 8bda 48b8 | 9803 181b | 6202 0000 | 4883 8010 | 0100 0001 | 4c8b c148 | 8bc2 488b | d048 8944 
  0x000002626a738854: ;   {optimized virtual_call}
  0x000002626a738854: 2440 90e8 

  0x000002626a738858: ; ImmutableOopMap {[64]=Oop [72]=Oop [80]=Oop }
                      ;*invokevirtual getProtectionDomain {reexecute=0 rethrow=0 return_oop=0}
                      ; - java.security.SecureClassLoader::defineClass@9
  0x000002626a738858: 4471 0f00 

  0x000002626a73885c: ;   {other}
  0x000002626a73885c: 0f1f 8400 | 4c02 0000 | 488b 5424 

  0x000002626a738868: ;   {metadata(method data for {method} {0x000002620004e0e8} 'defineClass' '(Ljava/lang/String;[BIILjava/security/CodeSource;)Ljava/lang/Class;' in 'java/security/SecureClassLoader')}
  0x000002626a738868: 4049 b898 | 0318 1b62 | 0200 0049 | 8380 4801 | 0000 014c | 8b44 2448 | 4c8b 4c24 | 508b 7c24 
  0x000002626a738888: 588b 7424 | 5c48 8bc8 | 488b 5424 

  0x000002626a738894: ;   {optimized virtual_call}
  0x000002626a738894: 4066 90e8 

  0x000002626a738898: ; ImmutableOopMap {}
                      ;*invokevirtual defineClass {reexecute=0 rethrow=0 return_oop=0}
                      ; - java.security.SecureClassLoader::defineClass@12
  0x000002626a738898: a47b 0f00 

  0x000002626a73889c: ;   {other}
  0x000002626a73889c: 0f1f 8400 | 8c02 0001 | 4883 c470 

  0x000002626a7388a8: ;   {poll_return}
  0x000002626a7388a8: 5d49 3ba7 | 5004 0000 | 0f87 2200 

  0x000002626a7388b4: ;   {metadata({method} {0x000002620004e0e8} 'defineClass' '(Ljava/lang/String;[BIILjava/security/CodeSource;)Ljava/lang/Class;' in 'java/security/SecureClassLoader')}
  0x000002626a7388b4: 0000 c349 | bae0 e004 | 0062 0200 | 004c 8954 | 2408 48c7 | 0424 ffff 

  0x000002626a7388cc: ;   {runtime_call counter_overflow Runtime1 stub}
  0x000002626a7388cc: ffff e8ad 

  0x000002626a7388d0: ; ImmutableOopMap {rdx=Oop r8=Oop r9=Oop rcx=Oop }
                      ;*synchronization entry
                      ; - java.security.SecureClassLoader::defineClass@-1
  0x000002626a7388d0: bec5 07e9 | 49ff ffff 

  0x000002626a7388d8: ;   {internal_word}
  0x000002626a7388d8: 49ba a988 | 736a 6202 | 0000 4d89 | 9768 0400 

  0x000002626a7388e8: ;   {runtime_call SafepointBlob}
  0x000002626a7388e8: 00e9 92cb | b807 498b | 8700 0500 | 0049 c787 | 0005 0000 | 0000 0000 | 49c7 8708 | 0500 0000 
  0x000002626a738908: 0000 0048 | 83c4 705d 

  0x000002626a738910: ;   {runtime_call unwind_exception Runtime1 stub}
  0x000002626a738910: e96b 5ec5 | 07f4 f4f4 
[Stub Code]
  0x000002626a738918: ;   {no_reloc}
  0x000002626a738918: 48bb 30e0 | 0400 6202 

  0x000002626a738920: ;   {runtime_call I2C/C2I adapters}
  0x000002626a738920: 0000 e9c0 

  0x000002626a738924: ;   {static_stub}
  0x000002626a738924: b6b8 0748 | bbb0 4f43 | 0062 0200 

  0x000002626a738930: ;   {runtime_call I2C/C2I adapters}
  0x000002626a738930: 00e9 bf9c 

  0x000002626a738934: ;   {runtime_call handle_exception_from_callee Runtime1 stub}
  0x000002626a738934: b707 e845 

  0x000002626a738938: ;   {external_word}
  0x000002626a738938: 8bc5 0748 | b950 63ae | 95ff 7f00 | 0048 83e4 

  0x000002626a738948: ;   {runtime_call}
  0x000002626a738948: f048 b8c0 | c970 95ff | 7f00 00ff 

  0x000002626a738954: ;   {section_word}
  0x000002626a738954: d0f4 49ba | 5689 736a | 6202 0000 

  0x000002626a738960: ;   {runtime_call DeoptimizationBlob}
  0x000002626a738960: 4152 e9b9 | bdb8 07f4 
[/MachCode]


---------------  P R O C E S S  ---------------

Threads class SMR info:
_java_thread_list=0x000002621f310630, length=25, elements={
0x000002626733ed90, 0x000002627fef0020, 0x000002627fef19a0, 0x000002627fef9250,
0x000002627fef9cb0, 0x000002627fefa710, 0x000002627fefbe90, 0x000002627fefcc20,
0x000002627ff003f0, 0x000002621f1b1e20, 0x000002621f285310, 0x000002621f248170,
0x0000026220ac54f0, 0x000002621fb92d00, 0x000002621f0a2140, 0x000002621f0a27b0,
0x000002621f0a85b0, 0x0000026220a42020, 0x0000026220a44e10, 0x0000026220a433d0,
0x0000026220a426b0, 0x0000026220a440f0, 0x0000026220a42d40, 0x0000026220a44780,
0x0000026220a454a0
}

Java Threads: ( => current thread )
  0x000002626733ed90 JavaThread "main"                              [_thread_blocked, id=25168, stack(0x000000e92a400000,0x000000e92a500000) (1024K)]
  0x000002627fef0020 JavaThread "Reference Handler"          daemon [_thread_blocked, id=37208, stack(0x000000e92ac00000,0x000000e92ad00000) (1024K)]
  0x000002627fef19a0 JavaThread "Finalizer"                  daemon [_thread_blocked, id=16376, stack(0x000000e92ad00000,0x000000e92ae00000) (1024K)]
  0x000002627fef9250 JavaThread "Signal Dispatcher"          daemon [_thread_blocked, id=3644, stack(0x000000e92ae00000,0x000000e92af00000) (1024K)]
  0x000002627fef9cb0 JavaThread "Attach Listener"            daemon [_thread_blocked, id=27764, stack(0x000000e92af00000,0x000000e92b000000) (1024K)]
  0x000002627fefa710 JavaThread "Service Thread"             daemon [_thread_blocked, id=33696, stack(0x000000e92b000000,0x000000e92b100000) (1024K)]
  0x000002627fefbe90 JavaThread "Monitor Deflation Thread"   daemon [_thread_blocked, id=27892, stack(0x000000e92b100000,0x000000e92b200000) (1024K)]
  0x000002627fefcc20 JavaThread "C2 CompilerThread0"         daemon [_thread_blocked, id=35648, stack(0x000000e92b200000,0x000000e92b300000) (1024K)]
  0x000002627ff003f0 JavaThread "C1 CompilerThread0"         daemon [_thread_blocked, id=34004, stack(0x000000e92b300000,0x000000e92b400000) (1024K)]
  0x000002621f1b1e20 JavaThread "Common-Cleaner"             daemon [_thread_blocked, id=408, stack(0x000000e92b400000,0x000000e92b500000) (1024K)]
  0x000002621f285310 JavaThread "Notification Thread"        daemon [_thread_blocked, id=8424, stack(0x000000e92b500000,0x000000e92b600000) (1024K)]
  0x000002621f248170 JavaThread "Daemon health stats"               [_thread_blocked, id=19656, stack(0x000000e92bb00000,0x000000e92bc00000) (1024K)]
  0x0000026220ac54f0 JavaThread "Incoming local TCP Connector on port 64600"        [_thread_in_native, id=31244, stack(0x000000e92bc00000,0x000000e92bd00000) (1024K)]
  0x000002621fb92d00 JavaThread "Daemon periodic checks"            [_thread_blocked, id=35280, stack(0x000000e92bd00000,0x000000e92be00000) (1024K)]
  0x000002621f0a2140 JavaThread "Daemon"                            [_thread_blocked, id=12708, stack(0x000000e92be00000,0x000000e92bf00000) (1024K)]
  0x000002621f0a27b0 JavaThread "Handler for socket connection from /127.0.0.1:64600 to /127.0.0.1:64604"        [_thread_in_native, id=35116, stack(0x000000e92bf00000,0x000000e92c000000) (1024K)]
  0x000002621f0a85b0 JavaThread "Cancel handler"                    [_thread_blocked, id=26392, stack(0x000000e92c000000,0x000000e92c100000) (1024K)]
=>0x0000026220a42020 JavaThread "Daemon worker"                     [_thread_in_vm, id=31252, stack(0x000000e92c100000,0x000000e92c200000) (1024K)]
  0x0000026220a44e10 JavaThread "Asynchronous log dispatcher for DefaultDaemonConnection: socket connection from /127.0.0.1:64600 to /127.0.0.1:64604"        [_thread_blocked, id=28996, stack(0x000000e92c200000,0x000000e92c300000) (1024K)]
  0x0000026220a433d0 JavaThread "Stdin handler"                     [_thread_blocked, id=8448, stack(0x000000e92c300000,0x000000e92c400000) (1024K)]
  0x0000026220a426b0 JavaThread "Daemon client event forwarder"        [_thread_blocked, id=10068, stack(0x000000e92c400000,0x000000e92c500000) (1024K)]
  0x0000026220a440f0 JavaThread "Cache worker for journal cache (D:\gradle_cache\caches\journal-1)"        [_thread_blocked, id=25756, stack(0x000000e92c500000,0x000000e92c600000) (1024K)]
  0x0000026220a42d40 JavaThread "File lock request listener"        [_thread_in_native, id=25140, stack(0x000000e92c600000,0x000000e92c700000) (1024K)]
  0x0000026220a44780 JavaThread "File lock release action executor"        [_thread_blocked, id=15564, stack(0x000000e92c700000,0x000000e92c800000) (1024K)]
  0x0000026220a454a0 JavaThread "Cache worker for file hash cache (D:\gradle_cache\caches\8.12\fileHashes)"        [_thread_blocked, id=37324, stack(0x000000e92c800000,0x000000e92c900000) (1024K)]
Total: 25

Other Threads:
  0x000002627fed16a0 VMThread "VM Thread"                           [id=30820, stack(0x000000e92ab00000,0x000000e92ac00000) (1024K)] _threads_hazard_ptr=0x000002621f310630
  0x000002627febebf0 WatcherThread "VM Periodic Task Thread"        [id=29448, stack(0x000000e92aa00000,0x000000e92ab00000) (1024K)]
  0x0000026267398a70 WorkerThread "GC Thread#0"                     [id=31120, stack(0x000000e92a500000,0x000000e92a600000) (1024K)]
  0x000002621f2aeff0 WorkerThread "GC Thread#1"                     [id=31240, stack(0x000000e92b600000,0x000000e92b700000) (1024K)]
  0x000002621f57e9a0 WorkerThread "GC Thread#2"                     [id=35736, stack(0x000000e92b700000,0x000000e92b800000) (1024K)]
  0x000002621f73cad0 WorkerThread "GC Thread#3"                     [id=1824, stack(0x000000e92b800000,0x000000e92b900000) (1024K)]
  0x000002621fe43c10 WorkerThread "GC Thread#4"                     [id=8512, stack(0x000000e92b900000,0x000000e92ba00000) (1024K)]
  0x000002621f3ee490 WorkerThread "GC Thread#5"                     [id=21808, stack(0x000000e92ba00000,0x000000e92bb00000) (1024K)]
  0x00000262673aa180 ConcurrentGCThread "G1 Main Marker"            [id=30072, stack(0x000000e92a600000,0x000000e92a700000) (1024K)]
  0x00000262673aba20 WorkerThread "G1 Conc#0"                       [id=7496, stack(0x000000e92a700000,0x000000e92a800000) (1024K)]
  0x000002627fd8f560 ConcurrentGCThread "G1 Refine#0"               [id=31448, stack(0x000000e92a800000,0x000000e92a900000) (1024K)]
  0x000002627fd8fff0 ConcurrentGCThread "G1 Service"                [id=36080, stack(0x000000e92a900000,0x000000e92aa00000) (1024K)]
Total: 12

Threads with active compile tasks:
Total: 0

VM state: synchronizing (normal execution)

VM Mutex/Monitor currently owned by a thread:  ([mutex/lock_event])
[0x00007fff95d9d530] Metaspace_lock - owner thread: 0x0000026220a42020
[0x00007fff95d9f5b0] Threads_lock - owner thread: 0x000002627fed16a0

Heap address: 0x0000000080000000, size: 2048 MB, Compressed Oops mode: 32-bit

CDS archive(s) mapped at: [0x0000026200000000-0x0000026200ba0000-0x0000026200ba0000), size 12189696, SharedBaseAddress: 0x0000026200000000, ArchiveRelocationMode: 1.
Compressed class space mapped at: 0x0000026201000000-0x000002621b000000, reserved size: 436207616
Narrow klass base: 0x0000026200000000, Narrow klass shift: 0, Narrow klass range: 0x100000000

GC Precious Log:
 CardTable entry size: 512
 Card Set container configuration: InlinePtr #cards 5 size 8 Array Of Cards #cards 12 size 40 Howl #buckets 4 coarsen threshold 1843 Howl Bitmap #cards 512 size 80 coarsen threshold 460 Card regions per heap region 1 cards per card region 2048
 CPUs: 12 total, 12 available
 Memory: 7832M
 Large Page Support: Disabled
 NUMA Support: Disabled
 Compressed Oops: Enabled (32-bit)
 Heap Region Size: 1M
 Heap Min Capacity: 8M
 Heap Initial Capacity: 124M
 Heap Max Capacity: 2G
 Pre-touch: Disabled
 Parallel Workers: 10
 Concurrent Workers: 3
 Concurrent Refinement Workers: 10
 Periodic GC: Disabled

Heap:
 garbage-first heap   total 126976K, used 71613K [0x0000000080000000, 0x0000000100000000)
  region size 1024K, 59 young (60416K), 5 survivors (5120K)
 Metaspace       used 15446K, committed 15872K, reserved 491520K
  class space    used 2134K, committed 2368K, reserved 425984K

Heap Regions: E=young(eden), S=young(survivor), O=old, HS=humongous(starts), HC=humongous(continues), CS=collection set, F=free, TAMS=top-at-mark-start, PB=parsable bottom
|   0|0x0000000080000000, 0x0000000080100000, 0x0000000080100000|100%| O|  |TAMS 0x0000000080000000| PB 0x0000000080000000| Untracked 
|   1|0x0000000080100000, 0x0000000080200000, 0x0000000080200000|100%|HS|  |TAMS 0x0000000080100000| PB 0x0000000080100000| Complete 
|   2|0x0000000080200000, 0x0000000080300000, 0x0000000080300000|100%|HC|  |TAMS 0x0000000080200000| PB 0x0000000080200000| Complete 
|   3|0x0000000080300000, 0x0000000080400000, 0x0000000080400000|100%|HC|  |TAMS 0x0000000080300000| PB 0x0000000080300000| Complete 
|   4|0x0000000080400000, 0x0000000080500000, 0x0000000080500000|100%| O|  |TAMS 0x0000000080400000| PB 0x0000000080400000| Untracked 
|   5|0x0000000080500000, 0x0000000080600000, 0x0000000080600000|100%| O|  |TAMS 0x0000000080500000| PB 0x0000000080500000| Untracked 
|   6|0x0000000080600000, 0x0000000080700000, 0x0000000080700000|100%| O|  |TAMS 0x0000000080600000| PB 0x0000000080600000| Untracked 
|   7|0x0000000080700000, 0x0000000080800000, 0x0000000080800000|100%| O|  |TAMS 0x0000000080700000| PB 0x0000000080700000| Untracked 
|   8|0x0000000080800000, 0x0000000080900000, 0x0000000080900000|100%|HS|  |TAMS 0x0000000080800000| PB 0x0000000080800000| Complete 
|   9|0x0000000080900000, 0x0000000080900000, 0x0000000080a00000|  0%| F|  |TAMS 0x0000000080900000| PB 0x0000000080900000| Untracked 
|  10|0x0000000080a00000, 0x0000000080b00000, 0x0000000080b00000|100%| O|  |TAMS 0x0000000080a00000| PB 0x0000000080a00000| Untracked 
|  11|0x0000000080b00000, 0x0000000080c00000, 0x0000000080c00000|100%| O|  |TAMS 0x0000000080b00000| PB 0x0000000080b00000| Untracked 
|  12|0x0000000080c00000, 0x0000000080d00000, 0x0000000080d00000|100%| O|  |TAMS 0x0000000080c00000| PB 0x0000000080c00000| Untracked 
|  13|0x0000000080d00000, 0x0000000080d70a48, 0x0000000080e00000| 44%| O|  |TAMS 0x0000000080d00000| PB 0x0000000080d00000| Untracked 
|  14|0x0000000080e00000, 0x0000000080e00000, 0x0000000080f00000|  0%| F|  |TAMS 0x0000000080e00000| PB 0x0000000080e00000| Untracked 
|  15|0x0000000080f00000, 0x0000000080f00000, 0x0000000081000000|  0%| F|  |TAMS 0x0000000080f00000| PB 0x0000000080f00000| Untracked 
|  16|0x0000000081000000, 0x0000000081000000, 0x0000000081100000|  0%| F|  |TAMS 0x0000000081000000| PB 0x0000000081000000| Untracked 
|  17|0x0000000081100000, 0x0000000081100000, 0x0000000081200000|  0%| F|  |TAMS 0x0000000081100000| PB 0x0000000081100000| Untracked 
|  18|0x0000000081200000, 0x0000000081200000, 0x0000000081300000|  0%| F|  |TAMS 0x0000000081200000| PB 0x0000000081200000| Untracked 
|  19|0x0000000081300000, 0x0000000081300000, 0x0000000081400000|  0%| F|  |TAMS 0x0000000081300000| PB 0x0000000081300000| Untracked 
|  20|0x0000000081400000, 0x0000000081400000, 0x0000000081500000|  0%| F|  |TAMS 0x0000000081400000| PB 0x0000000081400000| Untracked 
|  21|0x0000000081500000, 0x0000000081500000, 0x0000000081600000|  0%| F|  |TAMS 0x0000000081500000| PB 0x0000000081500000| Untracked 
|  22|0x0000000081600000, 0x0000000081600000, 0x0000000081700000|  0%| F|  |TAMS 0x0000000081600000| PB 0x0000000081600000| Untracked 
|  23|0x0000000081700000, 0x0000000081700000, 0x0000000081800000|  0%| F|  |TAMS 0x0000000081700000| PB 0x0000000081700000| Untracked 
|  24|0x0000000081800000, 0x0000000081800000, 0x0000000081900000|  0%| F|  |TAMS 0x0000000081800000| PB 0x0000000081800000| Untracked 
|  25|0x0000000081900000, 0x0000000081900000, 0x0000000081a00000|  0%| F|  |TAMS 0x0000000081900000| PB 0x0000000081900000| Untracked 
|  26|0x0000000081a00000, 0x0000000081a00000, 0x0000000081b00000|  0%| F|  |TAMS 0x0000000081a00000| PB 0x0000000081a00000| Untracked 
|  27|0x0000000081b00000, 0x0000000081b00000, 0x0000000081c00000|  0%| F|  |TAMS 0x0000000081b00000| PB 0x0000000081b00000| Untracked 
|  28|0x0000000081c00000, 0x0000000081c00000, 0x0000000081d00000|  0%| F|  |TAMS 0x0000000081c00000| PB 0x0000000081c00000| Untracked 
|  29|0x0000000081d00000, 0x0000000081d00000, 0x0000000081e00000|  0%| F|  |TAMS 0x0000000081d00000| PB 0x0000000081d00000| Untracked 
|  30|0x0000000081e00000, 0x0000000081e00000, 0x0000000081f00000|  0%| F|  |TAMS 0x0000000081e00000| PB 0x0000000081e00000| Untracked 
|  31|0x0000000081f00000, 0x0000000081f00000, 0x0000000082000000|  0%| F|  |TAMS 0x0000000081f00000| PB 0x0000000081f00000| Untracked 
|  32|0x0000000082000000, 0x0000000082000000, 0x0000000082100000|  0%| F|  |TAMS 0x0000000082000000| PB 0x0000000082000000| Untracked 
|  33|0x0000000082100000, 0x0000000082100000, 0x0000000082200000|  0%| F|  |TAMS 0x0000000082100000| PB 0x0000000082100000| Untracked 
|  34|0x0000000082200000, 0x0000000082200000, 0x0000000082300000|  0%| F|  |TAMS 0x0000000082200000| PB 0x0000000082200000| Untracked 
|  35|0x0000000082300000, 0x0000000082300000, 0x0000000082400000|  0%| F|  |TAMS 0x0000000082300000| PB 0x0000000082300000| Untracked 
|  36|0x0000000082400000, 0x0000000082400000, 0x0000000082500000|  0%| F|  |TAMS 0x0000000082400000| PB 0x0000000082400000| Untracked 
|  37|0x0000000082500000, 0x0000000082500000, 0x0000000082600000|  0%| F|  |TAMS 0x0000000082500000| PB 0x0000000082500000| Untracked 
|  38|0x0000000082600000, 0x0000000082600000, 0x0000000082700000|  0%| F|  |TAMS 0x0000000082600000| PB 0x0000000082600000| Untracked 
|  39|0x0000000082700000, 0x0000000082700000, 0x0000000082800000|  0%| F|  |TAMS 0x0000000082700000| PB 0x0000000082700000| Untracked 
|  40|0x0000000082800000, 0x0000000082800000, 0x0000000082900000|  0%| F|  |TAMS 0x0000000082800000| PB 0x0000000082800000| Untracked 
|  41|0x0000000082900000, 0x0000000082900000, 0x0000000082a00000|  0%| F|  |TAMS 0x0000000082900000| PB 0x0000000082900000| Untracked 
|  42|0x0000000082a00000, 0x0000000082a00000, 0x0000000082b00000|  0%| F|  |TAMS 0x0000000082a00000| PB 0x0000000082a00000| Untracked 
|  43|0x0000000082b00000, 0x0000000082b00000, 0x0000000082c00000|  0%| F|  |TAMS 0x0000000082b00000| PB 0x0000000082b00000| Untracked 
|  44|0x0000000082c00000, 0x0000000082c00000, 0x0000000082d00000|  0%| F|  |TAMS 0x0000000082c00000| PB 0x0000000082c00000| Untracked 
|  45|0x0000000082d00000, 0x0000000082d00000, 0x0000000082e00000|  0%| F|  |TAMS 0x0000000082d00000| PB 0x0000000082d00000| Untracked 
|  46|0x0000000082e00000, 0x0000000082e00000, 0x0000000082f00000|  0%| F|  |TAMS 0x0000000082e00000| PB 0x0000000082e00000| Untracked 
|  47|0x0000000082f00000, 0x0000000082f00000, 0x0000000083000000|  0%| F|  |TAMS 0x0000000082f00000| PB 0x0000000082f00000| Untracked 
|  48|0x0000000083000000, 0x0000000083000000, 0x0000000083100000|  0%| F|  |TAMS 0x0000000083000000| PB 0x0000000083000000| Untracked 
|  49|0x0000000083100000, 0x0000000083100000, 0x0000000083200000|  0%| F|  |TAMS 0x0000000083100000| PB 0x0000000083100000| Untracked 
|  50|0x0000000083200000, 0x0000000083200000, 0x0000000083300000|  0%| F|  |TAMS 0x0000000083200000| PB 0x0000000083200000| Untracked 
|  51|0x0000000083300000, 0x0000000083300000, 0x0000000083400000|  0%| F|  |TAMS 0x0000000083300000| PB 0x0000000083300000| Untracked 
|  52|0x0000000083400000, 0x0000000083400000, 0x0000000083500000|  0%| F|  |TAMS 0x0000000083400000| PB 0x0000000083400000| Untracked 
|  53|0x0000000083500000, 0x0000000083500000, 0x0000000083600000|  0%| F|  |TAMS 0x0000000083500000| PB 0x0000000083500000| Untracked 
|  54|0x0000000083600000, 0x0000000083600000, 0x0000000083700000|  0%| F|  |TAMS 0x0000000083600000| PB 0x0000000083600000| Untracked 
|  55|0x0000000083700000, 0x0000000083700000, 0x0000000083800000|  0%| F|  |TAMS 0x0000000083700000| PB 0x0000000083700000| Untracked 
|  56|0x0000000083800000, 0x0000000083800000, 0x0000000083900000|  0%| F|  |TAMS 0x0000000083800000| PB 0x0000000083800000| Untracked 
|  57|0x0000000083900000, 0x0000000083900000, 0x0000000083a00000|  0%| F|  |TAMS 0x0000000083900000| PB 0x0000000083900000| Untracked 
|  58|0x0000000083a00000, 0x0000000083a00000, 0x0000000083b00000|  0%| F|  |TAMS 0x0000000083a00000| PB 0x0000000083a00000| Untracked 
|  59|0x0000000083b00000, 0x0000000083b00000, 0x0000000083c00000|  0%| F|  |TAMS 0x0000000083b00000| PB 0x0000000083b00000| Untracked 
|  60|0x0000000083c00000, 0x0000000083c00000, 0x0000000083d00000|  0%| F|  |TAMS 0x0000000083c00000| PB 0x0000000083c00000| Untracked 
|  61|0x0000000083d00000, 0x0000000083d00000, 0x0000000083e00000|  0%| F|  |TAMS 0x0000000083d00000| PB 0x0000000083d00000| Untracked 
|  62|0x0000000083e00000, 0x0000000083e00000, 0x0000000083f00000|  0%| F|  |TAMS 0x0000000083e00000| PB 0x0000000083e00000| Untracked 
|  63|0x0000000083f00000, 0x0000000083f00000, 0x0000000084000000|  0%| F|  |TAMS 0x0000000083f00000| PB 0x0000000083f00000| Untracked 
|  64|0x0000000084000000, 0x0000000084000000, 0x0000000084100000|  0%| F|  |TAMS 0x0000000084000000| PB 0x0000000084000000| Untracked 
|  65|0x0000000084100000, 0x0000000084180000, 0x0000000084200000| 50%| E|  |TAMS 0x0000000084100000| PB 0x0000000084100000| Complete 
|  66|0x0000000084200000, 0x0000000084300000, 0x0000000084300000|100%| E|CS|TAMS 0x0000000084200000| PB 0x0000000084200000| Complete 
|  67|0x0000000084300000, 0x0000000084400000, 0x0000000084400000|100%| E|CS|TAMS 0x0000000084300000| PB 0x0000000084300000| Complete 
|  68|0x0000000084400000, 0x0000000084500000, 0x0000000084500000|100%| E|CS|TAMS 0x0000000084400000| PB 0x0000000084400000| Complete 
|  69|0x0000000084500000, 0x0000000084600000, 0x0000000084600000|100%| E|CS|TAMS 0x0000000084500000| PB 0x0000000084500000| Complete 
|  70|0x0000000084600000, 0x0000000084700000, 0x0000000084700000|100%| E|CS|TAMS 0x0000000084600000| PB 0x0000000084600000| Complete 
|  71|0x0000000084700000, 0x0000000084800000, 0x0000000084800000|100%| E|CS|TAMS 0x0000000084700000| PB 0x0000000084700000| Complete 
|  72|0x0000000084800000, 0x0000000084900000, 0x0000000084900000|100%| E|CS|TAMS 0x0000000084800000| PB 0x0000000084800000| Complete 
|  73|0x0000000084900000, 0x000000008497eaf0, 0x0000000084a00000| 49%| S|CS|TAMS 0x0000000084900000| PB 0x0000000084900000| Complete 
|  74|0x0000000084a00000, 0x0000000084b00000, 0x0000000084b00000|100%| S|CS|TAMS 0x0000000084a00000| PB 0x0000000084a00000| Complete 
|  75|0x0000000084b00000, 0x0000000084c00000, 0x0000000084c00000|100%| S|CS|TAMS 0x0000000084b00000| PB 0x0000000084b00000| Complete 
|  76|0x0000000084c00000, 0x0000000084d00000, 0x0000000084d00000|100%| S|CS|TAMS 0x0000000084c00000| PB 0x0000000084c00000| Complete 
|  77|0x0000000084d00000, 0x0000000084e00000, 0x0000000084e00000|100%| S|CS|TAMS 0x0000000084d00000| PB 0x0000000084d00000| Complete 
|  78|0x0000000084e00000, 0x0000000084f00000, 0x0000000084f00000|100%| E|CS|TAMS 0x0000000084e00000| PB 0x0000000084e00000| Complete 
|  79|0x0000000084f00000, 0x0000000085000000, 0x0000000085000000|100%| E|CS|TAMS 0x0000000084f00000| PB 0x0000000084f00000| Complete 
|  80|0x0000000085000000, 0x0000000085100000, 0x0000000085100000|100%| E|CS|TAMS 0x0000000085000000| PB 0x0000000085000000| Complete 
|  81|0x0000000085100000, 0x0000000085200000, 0x0000000085200000|100%| E|CS|TAMS 0x0000000085100000| PB 0x0000000085100000| Complete 
|  82|0x0000000085200000, 0x0000000085300000, 0x0000000085300000|100%| E|CS|TAMS 0x0000000085200000| PB 0x0000000085200000| Complete 
|  83|0x0000000085300000, 0x0000000085400000, 0x0000000085400000|100%| E|CS|TAMS 0x0000000085300000| PB 0x0000000085300000| Complete 
|  84|0x0000000085400000, 0x0000000085500000, 0x0000000085500000|100%| E|CS|TAMS 0x0000000085400000| PB 0x0000000085400000| Complete 
|  85|0x0000000085500000, 0x0000000085600000, 0x0000000085600000|100%| E|CS|TAMS 0x0000000085500000| PB 0x0000000085500000| Complete 
|  86|0x0000000085600000, 0x0000000085700000, 0x0000000085700000|100%| E|CS|TAMS 0x0000000085600000| PB 0x0000000085600000| Complete 
|  87|0x0000000085700000, 0x0000000085800000, 0x0000000085800000|100%| E|CS|TAMS 0x0000000085700000| PB 0x0000000085700000| Complete 
|  88|0x0000000085800000, 0x0000000085900000, 0x0000000085900000|100%| E|CS|TAMS 0x0000000085800000| PB 0x0000000085800000| Complete 
|  89|0x0000000085900000, 0x0000000085a00000, 0x0000000085a00000|100%| E|CS|TAMS 0x0000000085900000| PB 0x0000000085900000| Complete 
|  90|0x0000000085a00000, 0x0000000085b00000, 0x0000000085b00000|100%| E|CS|TAMS 0x0000000085a00000| PB 0x0000000085a00000| Complete 
|  91|0x0000000085b00000, 0x0000000085c00000, 0x0000000085c00000|100%| E|CS|TAMS 0x0000000085b00000| PB 0x0000000085b00000| Complete 
|  92|0x0000000085c00000, 0x0000000085d00000, 0x0000000085d00000|100%| E|CS|TAMS 0x0000000085c00000| PB 0x0000000085c00000| Complete 
|  93|0x0000000085d00000, 0x0000000085e00000, 0x0000000085e00000|100%| E|CS|TAMS 0x0000000085d00000| PB 0x0000000085d00000| Complete 
|  94|0x0000000085e00000, 0x0000000085f00000, 0x0000000085f00000|100%| E|CS|TAMS 0x0000000085e00000| PB 0x0000000085e00000| Complete 
|  95|0x0000000085f00000, 0x0000000086000000, 0x0000000086000000|100%| E|CS|TAMS 0x0000000085f00000| PB 0x0000000085f00000| Complete 
|  96|0x0000000086000000, 0x0000000086100000, 0x0000000086100000|100%| E|CS|TAMS 0x0000000086000000| PB 0x0000000086000000| Complete 
|  97|0x0000000086100000, 0x0000000086200000, 0x0000000086200000|100%| E|CS|TAMS 0x0000000086100000| PB 0x0000000086100000| Complete 
|  98|0x0000000086200000, 0x0000000086300000, 0x0000000086300000|100%| E|CS|TAMS 0x0000000086200000| PB 0x0000000086200000| Complete 
|  99|0x0000000086300000, 0x0000000086400000, 0x0000000086400000|100%| E|CS|TAMS 0x0000000086300000| PB 0x0000000086300000| Complete 
| 100|0x0000000086400000, 0x0000000086500000, 0x0000000086500000|100%| E|CS|TAMS 0x0000000086400000| PB 0x0000000086400000| Complete 
| 101|0x0000000086500000, 0x0000000086600000, 0x0000000086600000|100%| E|CS|TAMS 0x0000000086500000| PB 0x0000000086500000| Complete 
| 102|0x0000000086600000, 0x0000000086700000, 0x0000000086700000|100%| E|CS|TAMS 0x0000000086600000| PB 0x0000000086600000| Complete 
| 103|0x0000000086700000, 0x0000000086800000, 0x0000000086800000|100%| E|CS|TAMS 0x0000000086700000| PB 0x0000000086700000| Complete 
| 104|0x0000000086800000, 0x0000000086900000, 0x0000000086900000|100%| E|CS|TAMS 0x0000000086800000| PB 0x0000000086800000| Complete 
| 105|0x0000000086900000, 0x0000000086a00000, 0x0000000086a00000|100%| E|CS|TAMS 0x0000000086900000| PB 0x0000000086900000| Complete 
| 106|0x0000000086a00000, 0x0000000086b00000, 0x0000000086b00000|100%| E|CS|TAMS 0x0000000086a00000| PB 0x0000000086a00000| Complete 
| 107|0x0000000086b00000, 0x0000000086c00000, 0x0000000086c00000|100%| E|CS|TAMS 0x0000000086b00000| PB 0x0000000086b00000| Complete 
| 108|0x0000000086c00000, 0x0000000086d00000, 0x0000000086d00000|100%| E|CS|TAMS 0x0000000086c00000| PB 0x0000000086c00000| Complete 
| 109|0x0000000086d00000, 0x0000000086e00000, 0x0000000086e00000|100%| E|CS|TAMS 0x0000000086d00000| PB 0x0000000086d00000| Complete 
| 110|0x0000000086e00000, 0x0000000086f00000, 0x0000000086f00000|100%| E|CS|TAMS 0x0000000086e00000| PB 0x0000000086e00000| Complete 
| 111|0x0000000086f00000, 0x0000000087000000, 0x0000000087000000|100%| E|CS|TAMS 0x0000000086f00000| PB 0x0000000086f00000| Complete 
| 112|0x0000000087000000, 0x0000000087100000, 0x0000000087100000|100%| E|CS|TAMS 0x0000000087000000| PB 0x0000000087000000| Complete 
| 113|0x0000000087100000, 0x0000000087200000, 0x0000000087200000|100%| E|CS|TAMS 0x0000000087100000| PB 0x0000000087100000| Complete 
| 114|0x0000000087200000, 0x0000000087300000, 0x0000000087300000|100%| E|CS|TAMS 0x0000000087200000| PB 0x0000000087200000| Complete 
| 115|0x0000000087300000, 0x0000000087400000, 0x0000000087400000|100%| E|CS|TAMS 0x0000000087300000| PB 0x0000000087300000| Complete 
| 116|0x0000000087400000, 0x0000000087500000, 0x0000000087500000|100%| E|CS|TAMS 0x0000000087400000| PB 0x0000000087400000| Complete 
| 117|0x0000000087500000, 0x0000000087600000, 0x0000000087600000|100%| E|CS|TAMS 0x0000000087500000| PB 0x0000000087500000| Complete 
| 118|0x0000000087600000, 0x0000000087700000, 0x0000000087700000|100%| E|CS|TAMS 0x0000000087600000| PB 0x0000000087600000| Complete 
| 119|0x0000000087700000, 0x0000000087800000, 0x0000000087800000|100%| E|CS|TAMS 0x0000000087700000| PB 0x0000000087700000| Complete 
| 120|0x0000000087800000, 0x0000000087900000, 0x0000000087900000|100%| E|CS|TAMS 0x0000000087800000| PB 0x0000000087800000| Complete 
| 121|0x0000000087900000, 0x0000000087a00000, 0x0000000087a00000|100%| E|CS|TAMS 0x0000000087900000| PB 0x0000000087900000| Complete 
| 122|0x0000000087a00000, 0x0000000087b00000, 0x0000000087b00000|100%| E|CS|TAMS 0x0000000087a00000| PB 0x0000000087a00000| Complete 
| 123|0x0000000087b00000, 0x0000000087c00000, 0x0000000087c00000|100%| E|CS|TAMS 0x0000000087b00000| PB 0x0000000087b00000| Complete 

Card table byte_map: [0x000002627aea0000,0x000002627b2a0000] _byte_map_base: 0x000002627aaa0000

Marking Bits: (CMBitMap*) 0x00000262673998a0
 Bits: [0x000002627b2a0000, 0x000002627d2a0000)

Polling page: 0x0000026265180000

Metaspace:

Usage:
  Non-class:     13.00 MB used.
      Class:      2.08 MB used.
       Both:     15.08 MB used.

Virtual space:
  Non-class space:       64.00 MB reserved,      13.19 MB ( 21%) committed,  1 nodes.
      Class space:      416.00 MB reserved,       2.31 MB ( <1%) committed,  1 nodes.
             Both:      480.00 MB reserved,      15.50 MB (  3%) committed. 

Chunk freelists:
   Non-Class:  2.73 MB
       Class:  13.73 MB
        Both:  16.47 MB

MaxMetaspaceSize: 512.00 MB
CompressedClassSpaceSize: 416.00 MB
Initial GC threshold: 21.00 MB
Current GC threshold: 21.00 MB
CDS: on
 - commit_granule_bytes: 65536.
 - commit_granule_words: 8192.
 - virtual_space_node_default_size: 8388608.
 - enlarge_chunks_in_place: 1.
 - use_allocation_guard: 0.


Internal statistics:

num_allocs_failed_limit: 0.
num_arena_births: 510.
num_arena_deaths: 0.
num_vsnodes_births: 2.
num_vsnodes_deaths: 0.
num_space_committed: 248.
num_space_uncommitted: 0.
num_chunks_returned_to_freelist: 0.
num_chunks_taken_from_freelist: 1010.
num_chunk_merges: 0.
num_chunk_splits: 674.
num_chunks_enlarged: 480.
num_inconsistent_stats: 0.

CodeHeap 'non-profiled nmethods': size=128192Kb used=1523Kb max_used=1523Kb free=126668Kb
 bounds [0x0000026272810000, 0x0000026272a80000, 0x000002627a540000]
CodeHeap 'profiled nmethods': size=128192Kb used=5913Kb max_used=5913Kb free=122278Kb
 bounds [0x000002626a540000, 0x000002626ab10000, 0x0000026272270000]
CodeHeap 'non-nmethods': size=5760Kb used=1396Kb max_used=1445Kb free=4364Kb
 bounds [0x0000026272270000, 0x00000262724e0000, 0x0000026272810000]
CodeCache: size=262144Kb, used=8832Kb, max_used=8881Kb, free=253310Kb
 total_blobs=3585, nmethods=3029, adapters=460, full_count=0
Compilation: enabled, stopped_count=0, restarted_count=0

Compilation events (20 events):
Event: 26.472 Thread 0x000002627ff003f0 3020       3       java.net.InetSocketAddress::getPort (8 bytes)
Event: 26.472 Thread 0x000002627ff003f0 nmethod 3020 0x000002626ab04290 code [0x000002626ab04420, 0x000002626ab04550]
Event: 26.473 Thread 0x000002627ff003f0 3021       3       java.lang.Thread::onSpinWait (1 bytes)
Event: 26.473 Thread 0x000002627ff003f0 nmethod 3021 0x000002626ab04610 code [0x000002626ab047a0, 0x000002626ab04888]
Event: 26.480 Thread 0x000002627fefcc20 3022       4       java.security.AccessController::checkContext (49 bytes)
Event: 26.480 Thread 0x000002627fefcc20 nmethod 3022 0x000002627298c810 code [0x000002627298c980, 0x000002627298c9e8]
Event: 26.546 Thread 0x000002627ff003f0 3023       1       java.lang.reflect.Constructor::getConstructorAccessor (5 bytes)
Event: 26.546 Thread 0x000002627ff003f0 nmethod 3023 0x000002627298cb10 code [0x000002627298cca0, 0x000002627298cd68]
Event: 26.565 Thread 0x000002627ff003f0 3024       3       java.lang.invoke.MethodHandle::asFixedArity (23 bytes)
Event: 26.566 Thread 0x000002627ff003f0 nmethod 3024 0x000002626ab04910 code [0x000002626ab04aa0, 0x000002626ab04bc0]
Event: 26.566 Thread 0x000002627ff003f0 3025       3       java.lang.reflect.Constructor::getParameterCount (6 bytes)
Event: 26.566 Thread 0x000002627ff003f0 nmethod 3025 0x000002626ab04c90 code [0x000002626ab04e20, 0x000002626ab04f38]
Event: 26.566 Thread 0x000002627ff003f0 3026       3       java.lang.reflect.Constructor::setConstructorAccessor (20 bytes)
Event: 26.566 Thread 0x000002627ff003f0 nmethod 3026 0x000002626ab05010 code [0x000002626ab051e0, 0x000002626ab054a0]
Event: 26.568 Thread 0x000002627ff003f0 3027       3       java.lang.reflect.ReflectAccess::getRoot (5 bytes)
Event: 26.569 Thread 0x000002627ff003f0 nmethod 3027 0x000002626ab05590 code [0x000002626ab05740, 0x000002626ab05918]
Event: 26.569 Thread 0x000002627ff003f0 3028       3       jdk.internal.reflect.MagicAccessorImpl::<init> (5 bytes)
Event: 26.569 Thread 0x000002627ff003f0 nmethod 3028 0x000002626ab05a10 code [0x000002626ab05bc0, 0x000002626ab05d28]
Event: 26.570 Thread 0x000002627ff003f0 3029       3       jdk.internal.reflect.MethodHandleAccessorFactory::ensureClassInitialized (18 bytes)
Event: 26.571 Thread 0x000002627ff003f0 nmethod 3029 0x000002626ab05e10 code [0x000002626ab06020, 0x000002626ab06488]

GC Heap History (6 events):
Event: 3.397 GC heap before
{Heap before GC invocations=0 (full 0):
 garbage-first heap   total 126976K, used 22528K [0x0000000080000000, 0x0000000100000000)
  region size 1024K, 23 young (23552K), 0 survivors (0K)
 Metaspace       used 1095K, committed 1216K, reserved 491520K
  class space    used 81K, committed 128K, reserved 425984K
}
Event: 3.416 GC heap after
{Heap after GC invocations=1 (full 0):
 garbage-first heap   total 126976K, used 3792K [0x0000000080000000, 0x0000000100000000)
  region size 1024K, 3 young (3072K), 3 survivors (3072K)
 Metaspace       used 1095K, committed 1216K, reserved 491520K
  class space    used 81K, committed 128K, reserved 425984K
}
Event: 4.896 GC heap before
{Heap before GC invocations=1 (full 0):
 garbage-first heap   total 126976K, used 39632K [0x0000000080000000, 0x0000000100000000)
  region size 1024K, 35 young (35840K), 3 survivors (3072K)
 Metaspace       used 4385K, committed 4544K, reserved 491520K
  class space    used 558K, committed 640K, reserved 425984K
}
Event: 4.908 GC heap after
{Heap after GC invocations=2 (full 0):
 garbage-first heap   total 126976K, used 11398K [0x0000000080000000, 0x0000000100000000)
  region size 1024K, 4 young (4096K), 4 survivors (4096K)
 Metaspace       used 4385K, committed 4544K, reserved 491520K
  class space    used 558K, committed 640K, reserved 425984K
}
Event: 6.792 GC heap before
{Heap before GC invocations=2 (full 0):
 garbage-first heap   total 126976K, used 56454K [0x0000000080000000, 0x0000000100000000)
  region size 1024K, 46 young (47104K), 4 survivors (4096K)
 Metaspace       used 5110K, committed 5312K, reserved 491520K
  class space    used 679K, committed 768K, reserved 425984K
}
Event: 6.805 GC heap after
{Heap after GC invocations=3 (full 0):
 garbage-first heap   total 126976K, used 17341K [0x0000000080000000, 0x0000000100000000)
  region size 1024K, 5 young (5120K), 5 survivors (5120K)
 Metaspace       used 5110K, committed 5312K, reserved 491520K
  class space    used 679K, committed 768K, reserved 425984K
}

Dll operation events (20 events):
Event: 1.431 Attempting to load shared library C:\Users\user5\.vscode\extensions\redhat.java-1.56.0-win32-x64\jre\21.0.12.1-win32-x86_64\bin\nio.dll
Event: 1.437 Loaded shared library C:\Users\user5\.vscode\extensions\redhat.java-1.56.0-win32-x64\jre\21.0.12.1-win32-x86_64\bin\nio.dll
Event: 1.452 Attempting to load shared library C:\Users\user5\.vscode\extensions\redhat.java-1.56.0-win32-x64\jre\21.0.12.1-win32-x86_64\bin\zip.dll
Event: 1.452 Loaded shared library C:\Users\user5\.vscode\extensions\redhat.java-1.56.0-win32-x64\jre\21.0.12.1-win32-x86_64\bin\zip.dll
Event: 2.696 Attempting to load shared library C:\Users\user5\.vscode\extensions\redhat.java-1.56.0-win32-x64\jre\21.0.12.1-win32-x86_64\bin\jimage.dll
Event: 2.696 Loaded shared library C:\Users\user5\.vscode\extensions\redhat.java-1.56.0-win32-x64\jre\21.0.12.1-win32-x86_64\bin\jimage.dll
Event: 3.630 Attempting to load shared library C:\Users\user5\.vscode\extensions\redhat.java-1.56.0-win32-x64\jre\21.0.12.1-win32-x86_64\bin\verify.dll
Event: 3.631 Loaded shared library C:\Users\user5\.vscode\extensions\redhat.java-1.56.0-win32-x64\jre\21.0.12.1-win32-x86_64\bin\verify.dll
Event: 3.968 Attempting to load shared library D:\gradle_cache\native\1def1411415f61bf3af743bc5b6707747c0891f09f0c88961ee8f79bc544acac\windows-amd64\native-platform.dll
Event: 3.972 Loaded shared library D:\gradle_cache\native\1def1411415f61bf3af743bc5b6707747c0891f09f0c88961ee8f79bc544acac\windows-amd64\native-platform.dll
Event: 3.985 Attempting to load shared library D:\gradle_cache\native\0.2.5\x86_64-windows-gnu\gradle-fileevents.dll
Event: 3.987 Loaded shared library D:\gradle_cache\native\0.2.5\x86_64-windows-gnu\gradle-fileevents.dll
Event: 7.882 Attempting to load shared library C:\Users\user5\.vscode\extensions\redhat.java-1.56.0-win32-x64\jre\21.0.12.1-win32-x86_64\bin\management.dll
Event: 7.886 Loaded shared library C:\Users\user5\.vscode\extensions\redhat.java-1.56.0-win32-x64\jre\21.0.12.1-win32-x86_64\bin\management.dll
Event: 7.894 Attempting to load shared library C:\Users\user5\.vscode\extensions\redhat.java-1.56.0-win32-x64\jre\21.0.12.1-win32-x86_64\bin\management_ext.dll
Event: 7.920 Loaded shared library C:\Users\user5\.vscode\extensions\redhat.java-1.56.0-win32-x64\jre\21.0.12.1-win32-x86_64\bin\management_ext.dll
Event: 9.466 Attempting to load shared library C:\Users\user5\.vscode\extensions\redhat.java-1.56.0-win32-x64\jre\21.0.12.1-win32-x86_64\bin\extnet.dll
Event: 9.492 Loaded shared library C:\Users\user5\.vscode\extensions\redhat.java-1.56.0-win32-x64\jre\21.0.12.1-win32-x86_64\bin\extnet.dll
Event: 11.094 Attempting to load shared library C:\Users\user5\.vscode\extensions\redhat.java-1.56.0-win32-x64\jre\21.0.12.1-win32-x86_64\bin\sunmscapi.dll
Event: 11.222 Loaded shared library C:\Users\user5\.vscode\extensions\redhat.java-1.56.0-win32-x64\jre\21.0.12.1-win32-x86_64\bin\sunmscapi.dll

Deoptimization events (20 events):
Event: 12.025 Thread 0x0000026220a42020 Uncommon trap: trap_request=0xffffffcc fr.pc=0x000002627293ce0c relative=0x000000000000034c
Event: 12.025 Thread 0x0000026220a42020 Uncommon trap: reason=intrinsic_or_type_checked_inlining action=make_not_entrant pc=0x000002627293ce0c method=java.util.Arrays.copyOf([Ljava/lang/Object;ILjava/lang/Class;)[Ljava/lang/Object; @ 35 c2
Event: 12.025 Thread 0x0000026220a42020 DEOPT PACKING pc=0x000002627293ce0c sp=0x000000e92c1fcd00
Event: 12.025 Thread 0x0000026220a42020 DEOPT UNPACKING pc=0x00000262722c4422 sp=0x000000e92c1fcc90 mode 2
Event: 12.068 Thread 0x0000026220a42020 Uncommon trap: trap_request=0xffffff45 fr.pc=0x00000262728c4fc0 relative=0x00000000000001e0
Event: 12.068 Thread 0x0000026220a42020 Uncommon trap: reason=unstable_if action=reinterpret pc=0x00000262728c4fc0 method=java.util.HashMap.getNode(Ljava/lang/Object;)Ljava/util/HashMap$Node; @ 66 c2
Event: 12.068 Thread 0x0000026220a42020 DEOPT PACKING pc=0x00000262728c4fc0 sp=0x000000e92c1fc720
Event: 12.068 Thread 0x0000026220a42020 DEOPT UNPACKING pc=0x00000262722c4422 sp=0x000000e92c1fc640 mode 2
Event: 12.068 Thread 0x0000026220a42020 Uncommon trap: trap_request=0xffffff45 fr.pc=0x000002627287e220 relative=0x00000000000001c0
Event: 12.068 Thread 0x0000026220a42020 Uncommon trap: reason=unstable_if action=reinterpret pc=0x000002627287e220 method=java.util.HashMap.getNode(Ljava/lang/Object;)Ljava/util/HashMap$Node; @ 66 c2
Event: 12.068 Thread 0x0000026220a42020 DEOPT PACKING pc=0x000002627287e220 sp=0x000000e92c1fc6c0
Event: 12.068 Thread 0x0000026220a42020 DEOPT UNPACKING pc=0x00000262722c4422 sp=0x000000e92c1fc640 mode 2
Event: 12.085 Thread 0x0000026220a42020 Uncommon trap: trap_request=0xffffff45 fr.pc=0x000002627289ae18 relative=0x00000000000002d8
Event: 12.085 Thread 0x0000026220a42020 Uncommon trap: reason=unstable_if action=reinterpret pc=0x000002627289ae18 method=java.util.concurrent.ConcurrentHashMap.get(Ljava/lang/Object;)Ljava/lang/Object; @ 152 c2
Event: 12.085 Thread 0x0000026220a42020 DEOPT PACKING pc=0x000002627289ae18 sp=0x000000e92c1fbbf0
Event: 12.086 Thread 0x0000026220a42020 DEOPT UNPACKING pc=0x00000262722c4422 sp=0x000000e92c1fbb58 mode 2
Event: 15.853 Thread 0x0000026220a42d40 Uncommon trap: trap_request=0xffffff45 fr.pc=0x000002627290b19c relative=0x000000000000017c
Event: 15.853 Thread 0x0000026220a42d40 Uncommon trap: reason=unstable_if action=reinterpret pc=0x000002627290b19c method=java.util.concurrent.locks.ReentrantLock$NonfairSync.initialTryLock()Z @ 25 c2
Event: 15.853 Thread 0x0000026220a42d40 DEOPT PACKING pc=0x000002627290b19c sp=0x000000e92c6ff270
Event: 15.853 Thread 0x0000026220a42d40 DEOPT UNPACKING pc=0x00000262722c4422 sp=0x000000e92c6ff210 mode 2

Classes loaded (20 events):
Event: 12.797 Loading class sun/misc/Unsafe
Event: 12.798 Loading class sun/misc/Unsafe done
Event: 13.317 Loading class java/net/DatagramPacket
Event: 13.318 Loading class java/net/DatagramPacket done
Event: 13.324 Loading class sun/nio/ch/DatagramChannelImpl$DatagramPackets
Event: 13.325 Loading class sun/nio/ch/DatagramChannelImpl$DatagramPackets done
Event: 21.385 Loading class java/util/concurrent/LinkedBlockingDeque$Itr
Event: 21.392 Loading class java/util/concurrent/LinkedBlockingDeque$AbstractItr
Event: 21.420 Loading class java/util/concurrent/LinkedBlockingDeque$AbstractItr done
Event: 21.420 Loading class java/util/concurrent/LinkedBlockingDeque$Itr done
Event: 21.798 Loading class java/util/LinkedList$ListItr
Event: 21.799 Loading class java/util/LinkedList$ListItr done
Event: 26.504 Loading class sun/security/provider/MD5
Event: 26.533 Loading class sun/security/provider/MD5 done
Event: 26.534 Loading class sun/security/provider/SHA5$SHA512
Event: 26.535 Loading class sun/security/provider/SHA5
Event: 26.544 Loading class sun/security/provider/SHA5 done
Event: 26.545 Loading class sun/security/provider/SHA5$SHA512 done
Event: 26.556 Loading class sun/security/provider/ByteArrayAccess$LE
Event: 26.558 Loading class sun/security/provider/ByteArrayAccess$LE done

Classes unloaded (0 events):
No events

Classes redefined (0 events):
No events

Internal exceptions (20 events):
Event: 8.709 Thread 0x000002626733ed90 Exception <a 'java/lang/NoSuchMethodError'{0x00000000872c63a8}: 'java.lang.Object java.lang.invoke.DirectMethodHandle$Holder.invokeVirtual(java.lang.Object, java.lang.Object, java.lang.Object, java.lang.Object, java.lang.Object, java.lang.Object, java.lang.Object)'> (0x00000000872c63a8) 
thrown [s\src\hotspot\share\interpreter\linkResolver.cpp, line 773]
Event: 8.803 Thread 0x000002626733ed90 Exception <a 'java/lang/NoSuchMethodError'{0x0000000087151ce0}: 'java.lang.Object java.lang.invoke.DirectMethodHandle$Holder.invokeVirtual(java.lang.Object, java.lang.Object, java.lang.Object, java.lang.Object, java.lang.Object, java.lang.Object, java.lang.Object, java.lang.Object, java.lang.Object)'> (0x0000000087151ce0) 
thrown [s\src\hotspot\share\interpreter\linkResolver.cpp, line 773]
Event: 9.081 Thread 0x000002626733ed90 Exception <a 'java/lang/NoSuchMethodError'{0x00000000870e8678}: 'java.lang.Object java.lang.invoke.DirectMethodHandle$Holder.invokeStaticInit(java.lang.Object, int, int, int, int)'> (0x00000000870e8678) 
thrown [s\src\hotspot\share\interpreter\linkResolver.cpp, line 773]
Event: 9.379 Thread 0x000002626733ed90 Exception <a 'java/lang/NoSuchMethodError'{0x0000000086f79ea0}: 'java.lang.Object java.lang.invoke.DirectMethodHandle$Holder.invokeStaticInit(java.lang.Object, java.lang.Object, int, int, int, int)'> (0x0000000086f79ea0) 
thrown [s\src\hotspot\share\interpreter\linkResolver.cpp, line 773]
Event: 11.009 Thread 0x000002626733ed90 Exception <a 'java/io/IOException'{0x0000000086b405a0}> (0x0000000086b405a0) 
thrown [s\src\hotspot\share\prims\jni.cpp, line 520]
Event: 11.020 Thread 0x000002626733ed90 Implicit null exception at 0x0000026272871620 to 0x0000026272871bc4
Event: 11.315 Thread 0x000002626733ed90 Exception <a 'java/lang/NoSuchMethodError'{0x0000000086ba3f68}: 'java.lang.Object java.lang.invoke.DirectMethodHandle$Holder.newInvokeSpecial(java.lang.Object, java.lang.Object, java.lang.Object, java.lang.Object, java.lang.Object)'> (0x0000000086ba3f68) 
thrown [s\src\hotspot\share\interpreter\linkResolver.cpp, line 773]
Event: 11.649 Thread 0x000002621f0a2140 Exception <a 'java/lang/NoSuchMethodError'{0x00000000865a0318}: 'void java.lang.invoke.DirectMethodHandle$Holder.invokeSpecial(java.lang.Object, java.lang.Object, java.lang.Object)'> (0x00000000865a0318) 
thrown [s\src\hotspot\share\interpreter\linkResolver.cpp, line 773]
Event: 11.791 Thread 0x0000026220a42020 Exception <a 'java/lang/NoSuchMethodError'{0x000000008604fb00}: 'long java.lang.invoke.DirectMethodHandle$Holder.invokeInterface(java.lang.Object, java.lang.Object)'> (0x000000008604fb00) 
thrown [s\src\hotspot\share\interpreter\linkResolver.cpp, line 773]
Event: 12.001 Thread 0x0000026220a42020 Exception <a 'java/lang/NoSuchMethodError'{0x0000000085b01608}: 'void java.lang.invoke.DirectMethodHandle$Holder.invokeStatic(java.lang.Object, java.lang.Object)'> (0x0000000085b01608) 
thrown [s\src\hotspot\share\interpreter\linkResolver.cpp, line 773]
Event: 12.016 Thread 0x0000026220a42020 Exception <a 'java/lang/NoSuchMethodError'{0x0000000085b44f28}: 'java.lang.Object java.lang.invoke.DirectMethodHandle$Holder.invokeVirtual(java.lang.Object, java.lang.Object, java.lang.Object, java.lang.Object, java.lang.Object, java.lang.Object, java.lang.Object, java.lang.Object, java.lang.Object, java.lang.Object, java.lang.Object, java.lang.Object)'> (0x0000000085b44f28) 
thrown [s\src\hotspot\share\interpreter\linkResolver.cpp, line 773]
Event: 12.017 Thread 0x0000026220a42020 Exception <a 'java/lang/NoSuchMethodError'{0x0000000085b49f50}: 'java.lang.Object java.lang.invoke.DirectMethodHandle$Holder.invokeSpecial(java.lang.Object, java.lang.Object, java.lang.Object, java.lang.Object, java.lang.Object, java.lang.Object, java.lang.Object, java.lang.Object, java.lang.Object, java.lang.Object, java.lang.Object, java.lang.Object, java.lang.Object)'> (0x0000000085b49f50) 
thrown [s\src\hotspot\share\interpreter\linkResolver.cpp, line 773]
Event: 12.098 Thread 0x0000026220a42020 Exception <a 'java/lang/NoSuchMethodError'{0x0000000085930e90}: 'int java.lang.invoke.DirectMethodHandle$Holder.invokeVirtual(java.lang.Object, java.lang.Object, java.lang.Object)'> (0x0000000085930e90) 
thrown [s\src\hotspot\share\interpreter\linkResolver.cpp, line 773]
Event: 12.201 Thread 0x0000026220a42020 Exception <a 'java/lang/NoSuchMethodError'{0x0000000085792708}: 'java.lang.Object java.lang.invoke.DirectMethodHandle$Holder.newInvokeSpecial(java.lang.Object, java.lang.Object, java.lang.Object, java.lang.Object, java.lang.Object, java.lang.Object)'> (0x0000000085792708) 
thrown [s\src\hotspot\share\interpreter\linkResolver.cpp, line 773]
Event: 12.382 Thread 0x0000026220a42020 Exception <a 'java/lang/NoSuchMethodError'{0x0000000085461ae0}: 'void java.lang.invoke.DelegatingMethodHandle$Holder.reinvoke_L(java.lang.Object, java.lang.Object, java.lang.Object, java.lang.Object, java.lang.Object, java.lang.Object, java.lang.Object, java.lang.Object, java.lang.Object, java.lang.Object)'> (0x0000000085461ae0) 
thrown [s\src\hotspot\share\interpreter\linkResolver.cpp, line 773]
Event: 12.383 Thread 0x0000026220a42020 Exception <a 'java/lang/NoSuchMethodError'{0x00000000854695c0}: 'java.lang.Object java.lang.invoke.Invokers$Holder.invoker(java.lang.Object, java.lang.Object, java.lang.Object, java.lang.Object, java.lang.Object, java.lang.Object, java.lang.Object, java.lang.Object, java.lang.Object, java.lang.Object)'> (0x00000000854695c0) 
thrown [s\src\hotspot\share\interpreter\linkResolver.cpp, line 773]
Event: 12.659 Thread 0x0000026220a42020 Exception <a 'java/lang/NoSuchMethodError'{0x000000008509ab40}: 'void java.lang.invoke.DirectMethodHandle$Holder.invokeVirtual(java.lang.Object, java.lang.Object, java.lang.Object, java.lang.Object, java.lang.Object)'> (0x000000008509ab40) 
thrown [s\src\hotspot\share\interpreter\linkResolver.cpp, line 773]
Event: 12.737 Thread 0x0000026220a42020 Exception <a 'java/lang/NoSuchMethodError'{0x0000000084e77298}: 'void java.lang.invoke.DirectMethodHandle$Holder.invokeInterface(java.lang.Object, java.lang.Object)'> (0x0000000084e77298) 
thrown [s\src\hotspot\share\interpreter\linkResolver.cpp, line 773]
Event: 12.738 Thread 0x0000026220a42020 Exception <a 'java/lang/IncompatibleClassChangeError'{0x0000000084e7a818}: Found class java.lang.Object, but interface was expected> (0x0000000084e7a818) 
thrown [s\src\hotspot\share\interpreter\linkResolver.cpp, line 840]
Event: 12.791 Thread 0x0000026220a42020 Exception <a 'java/lang/NoSuchMethodError'{0x000000008489b628}: 'java.lang.Object java.lang.invoke.DirectMethodHandle$Holder.newInvokeSpecial(java.lang.Object, java.lang.Object, int)'> (0x000000008489b628) 
thrown [s\src\hotspot\share\interpreter\linkResolver.cpp, line 773]

ZGC Phase Switch (0 events):
No events

VM Operations (20 events):
Event: 11.456 Executing non-safepoint VM operation: HandshakeAllThreads (Deoptimize)
Event: 11.456 Executing non-safepoint VM operation: HandshakeAllThreads (Deoptimize) done
Event: 12.467 Executing safepoint VM operation: Cleanup
Event: 12.482 Executing safepoint VM operation: Cleanup done
Event: 12.787 Executing non-safepoint VM operation: HandshakeAllThreads (Deoptimize)
Event: 12.787 Executing non-safepoint VM operation: HandshakeAllThreads (Deoptimize) done
Event: 13.790 Executing safepoint VM operation: Cleanup
Event: 13.791 Executing safepoint VM operation: Cleanup done
Event: 14.803 Executing safepoint VM operation: Cleanup
Event: 14.804 Executing safepoint VM operation: Cleanup done
Event: 16.826 Executing safepoint VM operation: Cleanup
Event: 16.827 Executing safepoint VM operation: Cleanup done
Event: 20.901 Executing safepoint VM operation: Cleanup
Event: 20.902 Executing safepoint VM operation: Cleanup done
Event: 21.911 Executing safepoint VM operation: Cleanup
Event: 21.912 Executing safepoint VM operation: Cleanup done
Event: 24.939 Executing safepoint VM operation: Cleanup
Event: 24.940 Executing safepoint VM operation: Cleanup done
Event: 25.956 Executing safepoint VM operation: Cleanup
Event: 25.956 Executing safepoint VM operation: Cleanup done

Memory protections (0 events):
No events

Nmethod flushes (0 events):
No events

Events (20 events):
Event: 0.892 Thread 0x000002626733ed90 Thread added: 0x000002627fefa710
Event: 0.892 Thread 0x000002626733ed90 Thread added: 0x000002627fefbe90
Event: 0.893 Thread 0x000002626733ed90 Thread added: 0x000002627fefcc20
Event: 0.902 Thread 0x000002626733ed90 Thread added: 0x000002627ff003f0
Event: 1.350 Thread 0x000002626733ed90 Thread added: 0x000002621f1b1e20
Event: 1.694 Thread 0x000002626733ed90 Thread added: 0x000002621f285310
Event: 8.261 Thread 0x000002626733ed90 Thread added: 0x000002621f248170
Event: 9.560 Thread 0x000002626733ed90 Thread added: 0x0000026220ac54f0
Event: 11.331 Thread 0x000002626733ed90 Thread added: 0x000002621fb92d00
Event: 11.475 Thread 0x0000026220ac54f0 Thread added: 0x000002621f0a2140
Event: 11.510 Thread 0x000002621f0a2140 Thread added: 0x000002621f0a27b0
Event: 11.630 Thread 0x000002621f0a2140 Thread added: 0x000002621f0a85b0
Event: 11.651 Thread 0x000002621f0a2140 Thread added: 0x0000026220a42020
Event: 11.677 Thread 0x0000026220a42020 Thread added: 0x0000026220a44e10
Event: 11.686 Thread 0x0000026220a42020 Thread added: 0x0000026220a433d0
Event: 11.691 Thread 0x0000026220a42020 Thread added: 0x0000026220a426b0
Event: 12.788 Thread 0x0000026220a42020 Thread added: 0x0000026220a440f0
Event: 13.314 Thread 0x0000026220a42020 Thread added: 0x0000026220a42d40
Event: 13.331 Thread 0x0000026220a42d40 Thread added: 0x0000026220a44780
Event: 13.383 Thread 0x0000026220a42020 Thread added: 0x0000026220a454a0


Dynamic libraries:
0x00007ff7a95b0000 - 0x00007ff7a95be000 	C:\Users\user5\.vscode\extensions\redhat.java-1.56.0-win32-x64\jre\21.0.12.1-win32-x86_64\bin\java.exe
0x00007ff8236e0000 - 0x00007ff823947000 	C:\WINDOWS\SYSTEM32\ntdll.dll
0x00007ff822840000 - 0x00007ff82290b000 	C:\WINDOWS\System32\KERNEL32.DLL
0x00007ff820b10000 - 0x00007ff820f12000 	C:\WINDOWS\System32\KERNELBASE.dll
0x00007ff8212a0000 - 0x00007ff8213ec000 	C:\WINDOWS\System32\ucrtbase.dll
0x00007ff810520000 - 0x00007ff810538000 	C:\Users\user5\.vscode\extensions\redhat.java-1.56.0-win32-x64\jre\21.0.12.1-win32-x86_64\bin\jli.dll
0x00007ff822450000 - 0x00007ff82261f000 	C:\WINDOWS\System32\USER32.dll
0x00007ff820f20000 - 0x00007ff820f47000 	C:\WINDOWS\System32\win32u.dll
0x00007ff822760000 - 0x00007ff82278b000 	C:\WINDOWS\System32\GDI32.dll
0x00007ff820f50000 - 0x00007ff821079000 	C:\WINDOWS\System32\gdi32full.dll
0x00007ff820a60000 - 0x00007ff820b03000 	C:\WINDOWS\System32\msvcp_win.dll
0x00007ff813580000 - 0x00007ff81359e000 	C:\Users\user5\.vscode\extensions\redhat.java-1.56.0-win32-x64\jre\21.0.12.1-win32-x86_64\bin\VCRUNTIME140.dll
0x00007ff800850000 - 0x00007ff800ae0000 	C:\WINDOWS\WinSxS\amd64_microsoft.windows.common-controls_6595b64144ccf1df_6.0.26100.9278_none_3e0d1ba8e3303201\COMCTL32.dll
0x00007ff822910000 - 0x00007ff8229b9000 	C:\WINDOWS\System32\msvcrt.dll
0x00007ff821400000 - 0x00007ff821431000 	C:\WINDOWS\System32\IMM32.DLL
0x00007ff818840000 - 0x00007ff81884c000 	C:\Users\user5\.vscode\extensions\redhat.java-1.56.0-win32-x64\jre\21.0.12.1-win32-x86_64\bin\vcruntime140_1.dll
0x00007fffefad0000 - 0x00007fffefb5d000 	C:\Users\user5\.vscode\extensions\redhat.java-1.56.0-win32-x64\jre\21.0.12.1-win32-x86_64\bin\msvcp140.dll
0x00007fff950e0000 - 0x00007fff95e82000 	C:\Users\user5\.vscode\extensions\redhat.java-1.56.0-win32-x64\jre\21.0.12.1-win32-x86_64\bin\server\jvm.dll
0x00007ff822680000 - 0x00007ff82273c000 	C:\WINDOWS\System32\ADVAPI32.dll
0x00007ff8234d0000 - 0x00007ff823579000 	C:\WINDOWS\System32\sechost.dll
0x00007ff823580000 - 0x00007ff823698000 	C:\WINDOWS\System32\RPCRT4.dll
0x00007ff8227b0000 - 0x00007ff822830000 	C:\WINDOWS\System32\WS2_32.dll
0x00007ff81ffb0000 - 0x00007ff82000e000 	C:\WINDOWS\SYSTEM32\POWRPROF.dll
0x00007ff80c220000 - 0x00007ff80c256000 	C:\WINDOWS\SYSTEM32\WINMM.dll
0x00007ff8142c0000 - 0x00007ff8142cb000 	C:\WINDOWS\SYSTEM32\VERSION.dll
0x00007ff81ff70000 - 0x00007ff81ff85000 	C:\WINDOWS\SYSTEM32\UMPDC.dll
0x00007ff81f5b0000 - 0x00007ff81f5cb000 	C:\WINDOWS\SYSTEM32\kernel.appcore.dll
0x00007ff816440000 - 0x00007ff81644a000 	C:\Users\user5\.vscode\extensions\redhat.java-1.56.0-win32-x64\jre\21.0.12.1-win32-x86_64\bin\jimage.dll
0x00007ff81de40000 - 0x00007ff81e08c000 	C:\WINDOWS\SYSTEM32\DBGHELP.DLL
0x00007ff8215c0000 - 0x00007ff821945000 	C:\WINDOWS\System32\combase.dll
0x00007ff821950000 - 0x00007ff821a29000 	C:\WINDOWS\System32\OLEAUT32.dll
0x00007ffff9420000 - 0x00007ffff945b000 	C:\WINDOWS\SYSTEM32\dbgcore.DLL
0x00007ff8208e0000 - 0x00007ff82098c000 	C:\WINDOWS\System32\bcryptPrimitives.dll
0x00007ff804240000 - 0x00007ff80424f000 	C:\Users\user5\.vscode\extensions\redhat.java-1.56.0-win32-x64\jre\21.0.12.1-win32-x86_64\bin\instrument.dll
0x00007ff801b30000 - 0x00007ff801b50000 	C:\Users\user5\.vscode\extensions\redhat.java-1.56.0-win32-x64\jre\21.0.12.1-win32-x86_64\bin\java.dll
0x00007ff822d30000 - 0x00007ff8234c8000 	C:\WINDOWS\System32\SHELL32.dll
0x00007ff81e340000 - 0x00007ff81ebee000 	C:\WINDOWS\SYSTEM32\windows.storage.dll
0x00007ff822b30000 - 0x00007ff822c2b000 	C:\WINDOWS\System32\SHCORE.dll
0x00007ff822ac0000 - 0x00007ff822b26000 	C:\WINDOWS\System32\shlwapi.dll
0x00007ff820800000 - 0x00007ff820829000 	C:\WINDOWS\SYSTEM32\profapi.dll
0x00007ffffca20000 - 0x00007ffffca38000 	C:\Users\user5\.vscode\extensions\redhat.java-1.56.0-win32-x64\jre\21.0.12.1-win32-x86_64\bin\zip.dll
0x00007ff8047d0000 - 0x00007ff8047e0000 	C:\Users\user5\.vscode\extensions\redhat.java-1.56.0-win32-x64\jre\21.0.12.1-win32-x86_64\bin\net.dll
0x00007ff816de0000 - 0x00007ff816f0a000 	C:\WINDOWS\SYSTEM32\WINHTTP.dll
0x00007ff81fbe0000 - 0x00007ff81fc4c000 	C:\WINDOWS\system32\mswsock.dll
0x00007ffffc410000 - 0x00007ffffc426000 	C:\Users\user5\.vscode\extensions\redhat.java-1.56.0-win32-x64\jre\21.0.12.1-win32-x86_64\bin\nio.dll
0x00007ff8039a0000 - 0x00007ff8039b0000 	C:\Users\user5\.vscode\extensions\redhat.java-1.56.0-win32-x64\jre\21.0.12.1-win32-x86_64\bin\verify.dll
0x00007ffffbfd0000 - 0x00007ffffbff7000 	D:\gradle_cache\native\1def1411415f61bf3af743bc5b6707747c0891f09f0c88961ee8f79bc544acac\windows-amd64\native-platform.dll
0x000000006bd40000 - 0x000000006bdb3000 	D:\gradle_cache\native\0.2.5\x86_64-windows-gnu\gradle-fileevents.dll
0x00007ff8163f0000 - 0x00007ff8163fa000 	C:\Users\user5\.vscode\extensions\redhat.java-1.56.0-win32-x64\jre\21.0.12.1-win32-x86_64\bin\management.dll
0x00007ff8163e0000 - 0x00007ff8163ec000 	C:\Users\user5\.vscode\extensions\redhat.java-1.56.0-win32-x64\jre\21.0.12.1-win32-x86_64\bin\management_ext.dll
0x00007ff822440000 - 0x00007ff822448000 	C:\WINDOWS\System32\PSAPI.DLL
0x00007ff81fef0000 - 0x00007ff81ff0b000 	C:\WINDOWS\SYSTEM32\CRYPTSP.dll
0x00007ff81f510000 - 0x00007ff81f549000 	C:\WINDOWS\system32\rsaenh.dll
0x00007ff81fc90000 - 0x00007ff81fcc4000 	C:\WINDOWS\SYSTEM32\USERENV.dll
0x00007ff8207d0000 - 0x00007ff8207fa000 	C:\WINDOWS\SYSTEM32\bcrypt.dll
0x00007ff81ff10000 - 0x00007ff81ff1c000 	C:\WINDOWS\SYSTEM32\CRYPTBASE.dll
0x00007ff81efb0000 - 0x00007ff81efe3000 	C:\WINDOWS\SYSTEM32\IPHLPAPI.DLL
0x00007ff822750000 - 0x00007ff82275a000 	C:\WINDOWS\System32\NSI.dll
0x00007ffffce70000 - 0x00007ffffce79000 	C:\Users\user5\.vscode\extensions\redhat.java-1.56.0-win32-x64\jre\21.0.12.1-win32-x86_64\bin\extnet.dll
0x00007ffffa2f0000 - 0x00007ffffa2fe000 	C:\Users\user5\.vscode\extensions\redhat.java-1.56.0-win32-x64\jre\21.0.12.1-win32-x86_64\bin\sunmscapi.dll
0x00007ff821080000 - 0x00007ff8211fe000 	C:\WINDOWS\System32\CRYPT32.dll
0x00007ff8201c0000 - 0x00007ff8201f0000 	C:\WINDOWS\SYSTEM32\ncrypt.dll
0x00007ff820170000 - 0x00007ff8201af000 	C:\WINDOWS\SYSTEM32\NTASN1.dll
0x00007ff813c90000 - 0x00007ff813c98000 	C:\WINDOWS\system32\wshunix.dll

JVMTI agents:
D:\gradle_cache\wrapper\dists\gradle-8.12-all\ejduaidbjup3bmmkhw3rie4zb\gradle-8.12\lib\agents\gradle-instrumentation-agent-8.12.jar path:C:\Users\user5\.vscode\extensions\redhat.java-1.56.0-win32-x64\jre\21.0.12.1-win32-x86_64\bin\instrument.dll, loaded, initialized, instrumentlib options:none

dbghelp: loaded successfully - version: 4.0.5 - missing functions: none
symbol engine: initialized successfully - sym options: 0x614 - pdb path: .;C:\Users\user5\.vscode\extensions\redhat.java-1.56.0-win32-x64\jre\21.0.12.1-win32-x86_64\bin;C:\WINDOWS\SYSTEM32;C:\WINDOWS\WinSxS\amd64_microsoft.windows.common-controls_6595b64144ccf1df_6.0.26100.9278_none_3e0d1ba8e3303201;C:\Users\user5\.vscode\extensions\redhat.java-1.56.0-win32-x64\jre\21.0.12.1-win32-x86_64\bin\server;D:\gradle_cache\native\1def1411415f61bf3af743bc5b6707747c0891f09f0c88961ee8f79bc544acac\windows-amd64;D:\gradle_cache\native\0.2.5\x86_64-windows-gnu

VM Arguments:
jvm_args: --add-opens=java.base/java.lang=ALL-UNNAMED --add-opens=java.base/java.lang.invoke=ALL-UNNAMED --add-opens=java.base/java.util=ALL-UNNAMED --add-opens=java.prefs/java.util.prefs=ALL-UNNAMED --add-exports=jdk.compiler/com.sun.tools.javac.api=ALL-UNNAMED --add-exports=jdk.compiler/com.sun.tools.javac.util=ALL-UNNAMED --add-opens=java.base/java.util=ALL-UNNAMED --add-opens=java.prefs/java.util.prefs=ALL-UNNAMED --add-opens=java.base/java.nio.charset=ALL-UNNAMED --add-opens=java.base/java.net=ALL-UNNAMED --add-opens=java.base/java.util.concurrent.atomic=ALL-UNNAMED --add-opens=java.xml/javax.xml.namespace=ALL-UNNAMED -XX:MaxMetaspaceSize=512m -XX:ReservedCodeCacheSize=256m -XX:+HeapDumpOnOutOfMemoryError -Xmx2G -Dfile.encoding=UTF-8 -Duser.country=IN -Duser.language=en -Duser.variant -javaagent:D:\gradle_cache\wrapper\dists\gradle-8.12-all\ejduaidbjup3bmmkhw3rie4zb\gradle-8.12\lib\agents\gradle-instrumentation-agent-8.12.jar 
java_command: org.gradle.launcher.daemon.bootstrap.GradleDaemon 8.12
java_class_path (initial): D:\gradle_cache\wrapper\dists\gradle-8.12-all\ejduaidbjup3bmmkhw3rie4zb\gradle-8.12\lib\gradle-daemon-main-8.12.jar
Launcher Type: SUN_STANDARD

[Global flags]
     intx CICompilerCount                          = 4                                         {product} {ergonomic}
   size_t CompressedClassSpaceSize                 = 436207616                                 {product} {ergonomic}
     uint ConcGCThreads                            = 3                                         {product} {ergonomic}
     uint G1ConcRefinementThreads                  = 10                                        {product} {ergonomic}
   size_t G1HeapRegionSize                         = 1048576                                   {product} {ergonomic}
    uintx GCDrainStackTargetSize                   = 64                                        {product} {ergonomic}
     bool HeapDumpOnOutOfMemoryError               = true                                   {manageable} {command line}
   size_t InitialHeapSize                          = 130023424                                 {product} {ergonomic}
   size_t MarkStackSize                            = 4194304                                   {product} {ergonomic}
   size_t MaxHeapSize                              = 2147483648                                {product} {command line}
   size_t MaxMetaspaceSize                         = 536870912                                 {product} {command line}
   size_t MaxNewSize                               = 1287651328                                {product} {ergonomic}
   size_t MinHeapDeltaBytes                        = 1048576                                   {product} {ergonomic}
   size_t MinHeapSize                              = 8388608                                   {product} {ergonomic}
    uintx NonNMethodCodeHeapSize                   = 5839372                                {pd product} {ergonomic}
    uintx NonProfiledCodeHeapSize                  = 131298042                              {pd product} {ergonomic}
    uintx ProfiledCodeHeapSize                     = 131298042                              {pd product} {ergonomic}
    uintx ReservedCodeCacheSize                    = 268435456                              {pd product} {command line}
     bool SegmentedCodeCache                       = true                                      {product} {ergonomic}
   size_t SoftMaxHeapSize                          = 2147483648                             {manageable} {ergonomic}
     bool UseCompressedOops                        = true                           {product lp64_product} {ergonomic}
     bool UseG1GC                                  = true                                      {product} {ergonomic}
     bool UseLargePagesIndividualAllocation        = false                                  {pd product} {ergonomic}

Logging:
Log output configuration:
 #0: stdout all=warning uptime,level,tags foldmultilines=false
 #1: stderr all=off uptime,level,tags foldmultilines=false

Release file:
JAVA_VERSION="21.0.12.1" 
MODULES="java.base java.compiler java.datatransfer java.xml java.prefs java.desktop java.instrument java.logging java.management java.security.sasl java.naming java.rmi java.management.rmi java.net.http java.scripting java.security.jgss java.transaction.xa java.sql java.sql.rowset java.xml.crypto java.se java.smartcardio jdk.accessibility jdk.internal.jvmstat jdk.attach jdk.charsets jdk.internal.opt jdk.zipfs jdk.compiler jdk.crypto.ec jdk.crypto.cryptoki jdk.crypto.mscapi jdk.dynalink jdk.internal.ed jdk.editpad jdk.hotspot.agent jdk.httpserver jdk.internal.le jdk.internal.vm.ci jdk.internal.vm.compiler jdk.internal.vm.compiler.management jdk.jartool jdk.javadoc jdk.jcmd jdk.management jdk.management.agent jdk.jconsole jdk.jdeps jdk.jdwp.agent jdk.jdi jdk.jfr jdk.jshell jdk.jsobject jdk.jstatd jdk.localedata jdk.management.jfr jdk.naming.dns jdk.naming.rmi jdk.net jdk.nio.mapmode jdk.random jdk.sctp jdk.security.auth jdk.security.jgss jdk.unsupported jdk.unsupported.desktop jdk.xml.dom" 

Environment Variables:
PATH=C:\Program Files\Common Files\Oracle\Java\javapath;C:\windows\system32;C:\windows;C:\windows\System32\Wbem;C:\windows\System32\WindowsPowerShell\v1.0\;C:\windows\System32\OpenSSH\;C:\Program Files (x86)\NVIDIA Corporation\PhysX\Common;C:\Program Files\NVIDIA Corporation\NVIDIA NvDLISR;C:\Users\Administrator\AppData\Local\Microsoft\WindowsApps;C:\Program Files\HP\OMEN-Broadcast\Common;C:\WINDOWS\system32;C:\WINDOWS;C:\WINDOWS\System32\Wbem;C:\WINDOWS\System32\WindowsPowerShell\v1.0\;C:\WINDOWS\System32\OpenSSH\;C:\src\flutter\bin;C:\Users\user5\AppData\Local\Android\Sdk\platform-tools;C:\Program Files\MySQL\MySQL Server 8.0\bin;C:\Program Files\Git\cmd;C:\Program Files\Git\mingw64\bin;C:\src\flutter\bin;C:\Program Files\Git\usr\bin;C:\Program Files\nodejs\;C:\Program Files\MySQL\MySQL Shell 8.0\bin\;C:\Users\user5\AppData\Local\Microsoft\WindowsApps;C:\Users\user5\AppData\Local\Programs\Microsoft VS Code\bin;C:\MinGW\bin;C:\Program Files\JetBrains\IntelliJ IDEA Community Edition 2025.1.1.1\bin;C:\Program Files\Git\cmd;;C:\Users\user5\AppData\Local\Programs\Antigravity IDE\bin;C:\Users\user5\AppData\Roaming\npm
USERNAME=User
OS=Windows_NT
PROCESSOR_IDENTIFIER=Intel64 Family 6 Model 154 Stepping 3, GenuineIntel
TMP=D:\temp
TEMP=D:\temp




Periodic native trim disabled

---------------  S Y S T E M  ---------------

OS:
 Windows 11 , 64 bit Build 26100 (10.0.26100.9444)
OS uptime: 0 days 4:03 hours
Hyper-V role detected

CPU: total 12 (initial active 12) (6 cores per cpu, 2 threads per core) family 6 model 154 stepping 3 microcode 0x435, cx8, cmov, fxsr, ht, mmx, 3dnowpref, sse, sse2, sse3, ssse3, sse4.1, sse4.2, popcnt, lzcnt, tsc, tscinvbit, avx, avx2, aes, erms, clmul, bmi1, bmi2, adx, sha, fma, vzeroupper, clflush, clflushopt, clwb, hv, serialize, rdtscp, rdpid, fsrm, f16c, cet_ibt, cet_ss
Processor Information for processor 0
  Max Mhz: 2000, Current Mhz: 2000, Mhz Limit: 2000
Processor Information for processor 1
  Max Mhz: 2000, Current Mhz: 2000, Mhz Limit: 2000
Processor Information for processor 2
  Max Mhz: 2000, Current Mhz: 2000, Mhz Limit: 2000
Processor Information for processor 3
  Max Mhz: 2000, Current Mhz: 2000, Mhz Limit: 2000
Processor Information for processor 4
  Max Mhz: 2000, Current Mhz: 2000, Mhz Limit: 2000
Processor Information for processor 5
  Max Mhz: 2000, Current Mhz: 2000, Mhz Limit: 2000
Processor Information for processor 6
  Max Mhz: 2000, Current Mhz: 2000, Mhz Limit: 2000
Processor Information for processor 7
  Max Mhz: 2000, Current Mhz: 2000, Mhz Limit: 2000
Processor Information for processor 8
  Max Mhz: 2000, Current Mhz: 2000, Mhz Limit: 2000
Processor Information for processor 9
  Max Mhz: 2000, Current Mhz: 2000, Mhz Limit: 2000
Processor Information for processor 10
  Max Mhz: 2000, Current Mhz: 1466, Mhz Limit: 2000
Processor Information for processor 11
  Max Mhz: 2000, Current Mhz: 2000, Mhz Limit: 2000

Memory: 4k page, system-wide physical 7832M (43M free)
TotalPageFile size 28210M (AvailPageFile size 0M)
current process WorkingSet (physical memory assigned to process): 30M, peak: 133M
current process commit charge ("private bytes"): 252M, peak: 282M

vm_info: OpenJDK 64-Bit Server VM (21.0.12.1+1-LTS) for windows-amd64 JRE (21.0.12.1+1-LTS), built on 2026-08-18T00:00:00Z by "admin" with MS VC++ 17.12 (VS2022)

END.
