#
# There is insufficient memory for the Java Runtime Environment to continue.
# Native memory allocation (mmap) failed to map 65536 bytes. Error detail: Failed to commit metaspace.
# Possible reasons:
#   The system is out of physical RAM or swap space
#   This process is running with CompressedOops enabled, and the Java Heap may be blocking the growth of the native heap
# Possible solutions:
#   Reduce memory load on the system
#   Increase physical memory or swap space
#   Check if swap backing store is full
#   Decrease Java heap size (-Xmx/-Xms)
#   Decrease number of Java threads
#   Decrease Java thread stack sizes (-Xss)
#   Set larger code cache with -XX:ReservedCodeCacheSize=
#   JVM is running with Unscaled Compressed Oops mode in which the Java heap is
#     placed in the first 4GB address space. The Java Heap base address is the
#     maximum limit for the native heap growth. Please use -XX:HeapBaseMinAddress
#     to set the Java Heap base and to place the Java Heap above 4GB virtual address.
# This output file may be truncated or incomplete.
#
#  Out of Memory Error (virtualSpaceNode.cpp:113), pid=2152, tid=37844
#
# JRE version: OpenJDK Runtime Environment Temurin-21.0.12.1+1 (21.0.12.1+1) (build 21.0.12.1+1-LTS)
# Java VM: OpenJDK 64-Bit Server VM Temurin-21.0.12.1+1 (21.0.12.1+1-LTS, mixed mode, sharing, tiered, compressed oops, compressed class ptrs, g1 gc, windows-amd64)
# No core dump will be written. Minidumps are not enabled by default on client versions of Windows
#

---------------  S U M M A R Y ------------

Command Line: --add-opens=java.base/java.lang=ALL-UNNAMED --add-opens=java.base/java.lang.invoke=ALL-UNNAMED --add-opens=java.base/java.util=ALL-UNNAMED --add-opens=java.prefs/java.util.prefs=ALL-UNNAMED --add-exports=jdk.compiler/com.sun.tools.javac.api=ALL-UNNAMED --add-exports=jdk.compiler/com.sun.tools.javac.util=ALL-UNNAMED --add-opens=java.base/java.util=ALL-UNNAMED --add-opens=java.prefs/java.util.prefs=ALL-UNNAMED --add-opens=java.base/java.nio.charset=ALL-UNNAMED --add-opens=java.base/java.net=ALL-UNNAMED --add-opens=java.base/java.util.concurrent.atomic=ALL-UNNAMED --add-opens=java.xml/javax.xml.namespace=ALL-UNNAMED -XX:MaxMetaspaceSize=512m -XX:ReservedCodeCacheSize=256m -XX:+HeapDumpOnOutOfMemoryError -Xmx2G -Dfile.encoding=UTF-8 -Duser.country=IN -Duser.language=en -Duser.variant -javaagent:D:\gradle_cache\wrapper\dists\gradle-8.12-all\ejduaidbjup3bmmkhw3rie4zb\gradle-8.12\lib\agents\gradle-instrumentation-agent-8.12.jar org.gradle.launcher.daemon.bootstrap.GradleDaemon 8.12

Host: 12th Gen Intel(R) Core(TM) i5-12450H, 12 cores, 7G,  Windows 11 , 64 bit Build 26100 (10.0.26100.9444)
Time: Sun Sep 13 16:23:44 2026 India Standard Time elapsed time: 95.933140 seconds (0d 0h 1m 35s)

---------------  T H R E A D  ---------------

Current thread (0x00000208f4c8d580):  JavaThread "Daemon worker"        [_thread_in_vm, id=37844, stack(0x000000f4f6300000,0x000000f4f6400000) (1024K)]

Stack: [0x000000f4f6300000,0x000000f4f6400000]
Native frames: (J=compiled Java code, j=interpreted, Vv=VM code, C=native code)
V  [jvm.dll+0x6d83e9]
V  [jvm.dll+0x8b5736]
V  [jvm.dll+0x8b7cee]
V  [jvm.dll+0x8b83d3]
V  [jvm.dll+0x284596]
V  [jvm.dll+0x8b147e]
V  [jvm.dll+0x679ad4]
V  [jvm.dll+0x1e849b]
V  [jvm.dll+0x1e825e]
V  [jvm.dll+0x67c3d2]
V  [jvm.dll+0x67c202]
V  [jvm.dll+0x67a4ae]
V  [jvm.dll+0x281467]
V  [jvm.dll+0x72e6df]
V  [jvm.dll+0x72f21f]
V  [jvm.dll+0x3ccb91]
V  [jvm.dll+0x82f80b]
V  [jvm.dll+0x479a6e]
V  [jvm.dll+0x48cde6]
C  [java.dll+0x1657]

Java frames: (J=compiled Java code, j=interpreted, Vv=VM code)
J 1821  java.lang.ClassLoader.defineClass0(Ljava/lang/ClassLoader;Ljava/lang/Class;Ljava/lang/String;[BIILjava/security/ProtectionDomain;ZILjava/lang/Object;)Ljava/lang/Class; java.base@21.0.12.1 (0 bytes) @ 0x00000208c5ff183c [0x00000208c5ff1740+0x00000000000000fc]
J 2684 c1 java.lang.System$2.defineClass(Ljava/lang/ClassLoader;Ljava/lang/Class;Ljava/lang/String;[BLjava/security/ProtectionDomain;ZILjava/lang/Object;)Ljava/lang/Class; java.base@21.0.12.1 (21 bytes) @ 0x00000208be19a674 [0x00000208be19a5c0+0x00000000000000b4]
J 2683 c1 java.lang.invoke.MethodHandles$Lookup$ClassDefiner.defineClass(ZLjava/lang/Object;)Ljava/lang/Class; java.base@21.0.12.1 (213 bytes) @ 0x00000208be19997c [0x00000208be199420+0x000000000000055c]
J 3281 c1 java.lang.invoke.InnerClassLambdaMetafactory.generateInnerClass()Ljava/lang/Class; java.base@21.0.12.1 (506 bytes) @ 0x00000208be2b42ec [0x00000208be2b2940+0x00000000000019ac]
J 3585 c1 java.lang.invoke.InnerClassLambdaMetafactory.spinInnerClass()Ljava/lang/Class; java.base@21.0.12.1 (118 bytes) @ 0x00000208be36689c [0x00000208be3666e0+0x00000000000001bc]
J 3584 c1 java.lang.invoke.InnerClassLambdaMetafactory.buildCallSite()Ljava/lang/invoke/CallSite; java.base@21.0.12.1 (150 bytes) @ 0x00000208be36462c [0x00000208be3645a0+0x000000000000008c]
J 3587 c1 java.lang.invoke.LambdaMetafactory.metafactory(Ljava/lang/invoke/MethodHandles$Lookup;Ljava/lang/String;Ljava/lang/invoke/MethodType;Ljava/lang/invoke/MethodType;Ljava/lang/invoke/MethodHandle;Ljava/lang/invoke/MethodType;)Ljava/lang/invoke/CallSite; java.base@21.0.12.1 (71 bytes) @ 0x00000208be3671a4 [0x00000208be366d20+0x0000000000000484]
J 3625 c1 java.lang.invoke.LambdaForm$DMH+0x00000208d51d8400.invokeStatic(Ljava/lang/Object;Ljava/lang/Object;Ljava/lang/Object;Ljava/lang/Object;Ljava/lang/Object;Ljava/lang/Object;Ljava/lang/Object;)Ljava/lang/Object; java.base@21.0.12.1 (31 bytes) @ 0x00000208be373574 [0x00000208be373260+0x0000000000000314]
J 3546 c1 java.lang.invoke.BootstrapMethodInvoker.invoke(Ljava/lang/Class;Ljava/lang/invoke/MethodHandle;Ljava/lang/String;Ljava/lang/Object;Ljava/lang/Object;Ljava/lang/Class;)Ljava/lang/Object; java.base@21.0.12.1 (974 bytes) @ 0x00000208be345934 [0x00000208be33f640+0x00000000000062f4]
J 3549 c1 java.lang.invoke.CallSite.makeSite(Ljava/lang/invoke/MethodHandle;Ljava/lang/String;Ljava/lang/invoke/MethodType;Ljava/lang/Object;Ljava/lang/Class;)Ljava/lang/invoke/CallSite; java.base@21.0.12.1 (91 bytes) @ 0x00000208be34b434 [0x00000208be34b3a0+0x0000000000000094]
J 3183 c1 java.lang.invoke.MethodHandleNatives.linkCallSiteImpl(Ljava/lang/Class;Ljava/lang/invoke/MethodHandle;Ljava/lang/String;Ljava/lang/invoke/MethodType;Ljava/lang/Object;[Ljava/lang/Object;)Ljava/lang/invoke/MemberName; java.base@21.0.12.1 (119 bytes) @ 0x00000208be28d6dc [0x00000208be28d660+0x000000000000007c]
J 3182 c1 java.lang.invoke.MethodHandleNatives.linkCallSite(Ljava/lang/Object;Ljava/lang/Object;Ljava/lang/Object;Ljava/lang/Object;Ljava/lang/Object;[Ljava/lang/Object;)Ljava/lang/invoke/MemberName; java.base@21.0.12.1 (65 bytes) @ 0x00000208be28d13c [0x00000208be28cd00+0x000000000000043c]
v  ~StubRoutines::call_stub 0x00000208c599100d
j  org.jetbrains.kotlin.gradle.tasks.KotlinCompile$ClasspathSnapshotProperties_Decorated.$gradleInit()V+1
j  org.jetbrains.kotlin.gradle.tasks.KotlinCompile$ClasspathSnapshotProperties_Decorated.<init>()V+5
J 3462 c1 java.lang.invoke.DirectMethodHandle$Holder.newInvokeSpecial(Ljava/lang/Object;)Ljava/lang/Object; java.base@21.0.12.1 (20 bytes) @ 0x00000208be31fa84 [0x00000208be31f500+0x0000000000000584]
J 8169 c2 jdk.internal.reflect.DirectConstructorHandleAccessor.newInstance([Ljava/lang/Object;)Ljava/lang/Object; java.base@21.0.12.1 (130 bytes) @ 0x00000208c6347e7c [0x00000208c6347d40+0x000000000000013c]
J 1505 c1 java.lang.reflect.Constructor.newInstanceWithCaller([Ljava/lang/Object;ZLjava/lang/Class;)Ljava/lang/Object; java.base@21.0.12.1 (51 bytes) @ 0x00000208bdf3614c [0x00000208bdf35f60+0x00000000000001ec]
J 5273 c1 org.gradle.internal.instantiation.generator.AsmBackedClassGenerator$InvokeConstructorStrategy.newInstance(Lorg/gradle/internal/service/ServiceLookup;Lorg/gradle/internal/instantiation/InstanceGenerator;Lorg/gradle/api/Describable;[Ljava/lang/Object;)Ljava/lang/Object; (66 bytes) @ 0x00000208be5496bc [0x00000208be548da0+0x000000000000091c]
J 7148 c1 org.gradle.internal.instantiation.generator.AbstractClassGenerator$GeneratedClassImpl$GeneratedConstructorImpl.newInstance(Lorg/gradle/internal/service/ServiceLookup;Lorg/gradle/internal/instantiation/InstanceGenerator;Lorg/gradle/api/Describable;[Ljava/lang/Object;)Ljava/lang/Object; (15 bytes) @ 0x00000208be8ca64c [0x00000208be8ca540+0x000000000000010c]
J 5101 c1 org.gradle.internal.instantiation.generator.DependencyInjectingInstantiator.doCreate(Ljava/lang/Class;Lorg/gradle/api/Describable;[Ljava/lang/Object;)Ljava/lang/Object; (64 bytes) @ 0x00000208be4fff9c [0x00000208be4ffda0+0x00000000000001fc]
j  org.gradle.internal.instantiation.generator.DependencyInjectingInstantiator.newInstanceWithDisplayName(Ljava/lang/Class;Lorg/gradle/api/Describable;[Ljava/lang/Object;)Ljava/lang/Object;+4
j  org.gradle.internal.instantiation.generator.ManagedObjectFactory.newInstance(Lorg/gradle/internal/state/ModelObject;Ljava/lang/String;Ljava/lang/Class;)Ljava/lang/Object;+134
j  org.jetbrains.kotlin.gradle.tasks.KotlinCompile_Decorated.getClasspathSnapshotProperties()Lorg/jetbrains/kotlin/gradle/tasks/KotlinCompile$ClasspathSnapshotProperties;+20
j  org.jetbrains.kotlin.gradle.tasks.configuration.BaseKotlinCompileConfig$1$1.execute(Lorg/jetbrains/kotlin/gradle/tasks/KotlinCompile;)V+132
j  org.jetbrains.kotlin.gradle.tasks.configuration.BaseKotlinCompileConfig$1$1.execute(Ljava/lang/Object;)V+5
j  org.gradle.api.internal.DefaultMutationGuard$1.execute(Ljava/lang/Object;)V+39
j  org.gradle.api.internal.DefaultMutationGuard$1.execute(Ljava/lang/Object;)V+39
j  org.gradle.internal.code.DefaultUserCodeApplicationContext$CurrentApplication$1.execute(Ljava/lang/Object;)V+39
j  org.gradle.api.internal.DefaultCollectionCallbackActionDecorator$BuildOperationEmittingAction$1.run(Lorg/gradle/internal/operations/BuildOperationContext;)V+11
j  org.gradle.internal.operations.DefaultBuildOperationRunner$1.execute(Lorg/gradle/internal/operations/RunnableBuildOperation;Lorg/gradle/internal/operations/BuildOperationContext;)V+2
j  org.gradle.internal.operations.DefaultBuildOperationRunner$1.execute(Lorg/gradle/internal/operations/BuildOperation;Lorg/gradle/internal/operations/BuildOperationContext;)V+6
J 7047 c1 org.gradle.internal.operations.DefaultBuildOperationRunner$2.execute(Lorg/gradle/internal/operations/BuildOperationDescriptor;Lorg/gradle/internal/operations/BuildOperationState;Lorg/gradle/internal/operations/BuildOperationState;Lorg/gradle/internal/operations/DefaultBuildOperationRunner$ReadableBuildOperationContext;Lorg/gradle/internal/operations/DefaultBuildOperationRunner$BuildOperationExecutionListener;)Lorg/gradle/internal/operations/BuildOperation; (110 bytes) @ 0x00000208be88a444 [0x00000208be88a240+0x0000000000000204]
J 6839 c1 org.gradle.internal.operations.DefaultBuildOperationRunner$2.execute(Lorg/gradle/internal/operations/BuildOperationDescriptor;Lorg/gradle/internal/operations/BuildOperationState;Lorg/gradle/internal/operations/BuildOperationState;Lorg/gradle/internal/operations/DefaultBuildOperationRunner$ReadableBuildOperationContext;Lorg/gradle/internal/operations/DefaultBuildOperationRunner$BuildOperationExecutionListener;)Ljava/lang/Object; (12 bytes) @ 0x00000208be82563c [0x00000208be8255c0+0x000000000000007c]
J 6841 c1 org.gradle.internal.operations.DefaultBuildOperationRunner.execute(Lorg/gradle/internal/operations/BuildOperationDescriptor$Builder;Lorg/gradle/internal/operations/BuildOperationState;Lorg/gradle/internal/operations/DefaultBuildOperationRunner$BuildOperationExecution;)Ljava/lang/Object; (147 bytes) @ 0x00000208be823454 [0x00000208be822900+0x0000000000000b54]
J 6640 c1 org.gradle.internal.operations.DefaultBuildOperationRunner.execute(Lorg/gradle/internal/operations/BuildOperation;Lorg/gradle/internal/operations/BuildOperationWorker;Lorg/gradle/internal/operations/BuildOperationState;)V (23 bytes) @ 0x00000208be7bb094 [0x00000208be7bade0+0x00000000000002b4]
j  org.gradle.internal.operations.DefaultBuildOperationRunner.run(Lorg/gradle/internal/operations/RunnableBuildOperation;)V+9
j  org.gradle.api.internal.DefaultCollectionCallbackActionDecorator$BuildOperationEmittingAction.execute(Ljava/lang/Object;)V+20
j  org.gradle.internal.ImmutableActionSet$SetWithManyActions.execute(Ljava/lang/Object;)V+29
j  org.gradle.api.internal.DefaultDomainObjectCollection.doAdd(Ljava/lang/Object;Lorg/gradle/api/Action;)Z+20
j  org.gradle.api.internal.DefaultNamedDomainObjectCollection.doAdd(Ljava/lang/Object;Lorg/gradle/api/Action;)Z+27
j  org.gradle.api.internal.DefaultNamedDomainObjectCollection$AbstractDomainObjectCreatingProvider.tryCreate()V+55
j  org.gradle.api.internal.tasks.DefaultTaskContainer$TaskCreatingProvider.access$1401(Lorg/gradle/api/internal/tasks/DefaultTaskContainer$TaskCreatingProvider;)V+1
j  org.gradle.api.internal.tasks.DefaultTaskContainer$TaskCreatingProvider$1.run(Lorg/gradle/internal/operations/BuildOperationContext;)V+4
j  org.gradle.internal.operations.DefaultBuildOperationRunner$1.execute(Lorg/gradle/internal/operations/RunnableBuildOperation;Lorg/gradle/internal/operations/BuildOperationContext;)V+2
j  org.gradle.internal.operations.DefaultBuildOperationRunner$1.execute(Lorg/gradle/internal/operations/BuildOperation;Lorg/gradle/internal/operations/BuildOperationContext;)V+6
J 7047 c1 org.gradle.internal.operations.DefaultBuildOperationRunner$2.execute(Lorg/gradle/internal/operations/BuildOperationDescriptor;Lorg/gradle/internal/operations/BuildOperationState;Lorg/gradle/internal/operations/BuildOperationState;Lorg/gradle/internal/operations/DefaultBuildOperationRunner$ReadableBuildOperationContext;Lorg/gradle/internal/operations/DefaultBuildOperationRunner$BuildOperationExecutionListener;)Lorg/gradle/internal/operations/BuildOperation; (110 bytes) @ 0x00000208be88a444 [0x00000208be88a240+0x0000000000000204]
J 6839 c1 org.gradle.internal.operations.DefaultBuildOperationRunner$2.execute(Lorg/gradle/internal/operations/BuildOperationDescriptor;Lorg/gradle/internal/operations/BuildOperationState;Lorg/gradle/internal/operations/BuildOperationState;Lorg/gradle/internal/operations/DefaultBuildOperationRunner$ReadableBuildOperationContext;Lorg/gradle/internal/operations/DefaultBuildOperationRunner$BuildOperationExecutionListener;)Ljava/lang/Object; (12 bytes) @ 0x00000208be82563c [0x00000208be8255c0+0x000000000000007c]
J 6841 c1 org.gradle.internal.operations.DefaultBuildOperationRunner.execute(Lorg/gradle/internal/operations/BuildOperationDescriptor$Builder;Lorg/gradle/internal/operations/BuildOperationState;Lorg/gradle/internal/operations/DefaultBuildOperationRunner$BuildOperationExecution;)Ljava/lang/Object; (147 bytes) @ 0x00000208be823454 [0x00000208be822900+0x0000000000000b54]
J 6640 c1 org.gradle.internal.operations.DefaultBuildOperationRunner.execute(Lorg/gradle/internal/operations/BuildOperation;Lorg/gradle/internal/operations/BuildOperationWorker;Lorg/gradle/internal/operations/BuildOperationState;)V (23 bytes) @ 0x00000208be7bb094 [0x00000208be7bade0+0x00000000000002b4]
j  org.gradle.internal.operations.DefaultBuildOperationRunner.run(Lorg/gradle/internal/operations/RunnableBuildOperation;)V+9
j  org.gradle.api.internal.tasks.DefaultTaskContainer$TaskCreatingProvider.tryCreate()V+15
j  org.gradle.api.internal.DefaultNamedDomainObjectCollection$AbstractDomainObjectCreatingProvider.calculateOwnValue(Lorg/gradle/api/internal/provider/ValueSupplier$ValueConsumer;)Lorg/gradle/api/internal/provider/ValueSupplier$Value;+60
j  org.gradle.api.internal.provider.AbstractMinimalProvider.calculateValue(Lorg/gradle/api/internal/provider/ValueSupplier$ValueConsumer;)Lorg/gradle/api/internal/provider/ValueSupplier$Value;+2
j  org.gradle.api.internal.provider.Collectors$ElementFromProvider.collectEntries(Lorg/gradle/api/internal/provider/ValueSupplier$ValueConsumer;Lorg/gradle/api/internal/provider/ValueCollector;Lcom/google/common/collect/ImmutableCollection$Builder;)Lorg/gradle/api/internal/provider/ValueSupplier$Value;+5
j  org.gradle.api.internal.provider.Collectors$TypedCollector.collectEntries(Lorg/gradle/api/internal/provider/ValueSupplier$ValueConsumer;Lorg/gradle/api/internal/provider/ValueCollector;Lcom/google/common/collect/ImmutableCollection$Builder;)Lorg/gradle/api/internal/provider/ValueSupplier$Value;+7
j  org.gradle.api.internal.provider.Collectors$TypedCollector.collectInto(Lcom/google/common/collect/ImmutableCollection$Builder;)V+9
j  org.gradle.api.internal.collections.SortedSetElementSource.realize(Ljava/lang/Iterable;)V+45
j  org.gradle.api.internal.collections.SortedSetElementSource.realizePending(Ljava/lang/Class;)V+84
j  org.gradle.api.internal.collections.FilteredElementSource.realizePending(Ljava/lang/Class;)V+5
j  org.gradle.api.internal.DefaultDomainObjectCollection.addEagerAction(Lorg/gradle/api/Action;)Lorg/gradle/api/Action;+8
j  org.gradle.api.internal.DefaultDomainObjectCollection.all(Lorg/gradle/api/Action;)V+8
j  org.gradle.api.internal.DelegatingDomainObjectSet.all(Lorg/gradle/api/Action;)V+5
j  org.gradle.api.internal.DefaultDomainObjectCollection.withType(Ljava/lang/Class;Lorg/gradle/api/Action;)Lorg/gradle/api/DomainObjectCollection;+14
j  Build_gradle.<init>(Lorg/gradle/kotlin/dsl/support/KotlinScriptHost;Lorg/gradle/api/Project;)V+215
j  Program.execute(Lorg/gradle/kotlin/dsl/execution/ExecutableProgram$Host;Lorg/gradle/kotlin/dsl/support/KotlinScriptHost;)V+11
j  org.gradle.kotlin.dsl.execution.Interpreter$ProgramHost.eval(Lorg/gradle/kotlin/dsl/execution/CompiledScript;Lorg/gradle/kotlin/dsl/support/KotlinScriptHost;)V+88
j  org.gradle.kotlin.dsl.execution.Interpreter$ProgramHost.evaluateSecondStageOf(Lorg/gradle/kotlin/dsl/execution/ExecutableProgram$StagedProgram;Lorg/gradle/kotlin/dsl/support/KotlinScriptHost;Ljava/lang/String;Lorg/gradle/internal/hash/HashCode;Lorg/gradle/internal/classpath/ClassPath;)V+198
j  Program.execute(Lorg/gradle/kotlin/dsl/execution/ExecutableProgram$Host;Lorg/gradle/kotlin/dsl/support/KotlinScriptHost;)V+187
j  org.gradle.kotlin.dsl.execution.Interpreter$ProgramHost.eval(Lorg/gradle/kotlin/dsl/execution/CompiledScript;Lorg/gradle/kotlin/dsl/support/KotlinScriptHost;)V+88
j  org.gradle.kotlin.dsl.execution.Interpreter.eval(Ljava/lang/Object;Lorg/gradle/groovy/scripts/ScriptSource;Lorg/gradle/internal/hash/HashCode;Lorg/gradle/api/initialization/dsl/ScriptHandler;Lorg/gradle/api/internal/initialization/ClassLoaderScope;Lorg/gradle/api/internal/initialization/ClassLoaderScope;ZLjava/util/EnumSet;)V+213
j  org.gradle.kotlin.dsl.provider.StandardKotlinScriptEvaluator.evaluate(Ljava/lang/Object;Lorg/gradle/groovy/scripts/ScriptSource;Lorg/gradle/api/initialization/dsl/ScriptHandler;Lorg/gradle/api/internal/initialization/ClassLoaderScope;Lorg/gradle/api/internal/initialization/ClassLoaderScope;ZLjava/util/EnumSet;)V+163
j  org.gradle.kotlin.dsl.provider.KotlinScriptPluginFactory$create$1.invoke(Ljava/lang/Object;)V+253
j  org.gradle.kotlin.dsl.provider.KotlinScriptPluginFactory$create$1.invoke(Ljava/lang/Object;)Ljava/lang/Object;+2
j  org.gradle.kotlin.dsl.provider.KotlinScriptPlugin.apply(Ljava/lang/Object;)V+22
j  org.gradle.configuration.BuildOperationScriptPlugin$1.run(Lorg/gradle/internal/operations/BuildOperationContext;)V+11
j  org.gradle.internal.operations.DefaultBuildOperationRunner$1.execute(Lorg/gradle/internal/operations/RunnableBuildOperation;Lorg/gradle/internal/operations/BuildOperationContext;)V+2
j  org.gradle.internal.operations.DefaultBuildOperationRunner$1.execute(Lorg/gradle/internal/operations/BuildOperation;Lorg/gradle/internal/operations/BuildOperationContext;)V+6
j  org.gradle.internal.operations.DefaultBuildOperationRunner$2.execute(Lorg/gradle/internal/operations/BuildOperationDescriptor;Lorg/gradle/internal/operations/BuildOperationState;Lorg/gradle/internal/operations/BuildOperationState;Lorg/gradle/internal/operations/DefaultBuildOperationRunner$ReadableBuildOperationContext;Lorg/gradle/internal/operations/DefaultBuildOperationRunner$BuildOperationExecutionListener;)Lorg/gradle/internal/operations/BuildOperation;+22
j  org.gradle.internal.operations.DefaultBuildOperationRunner$2.execute(Lorg/gradle/internal/operations/BuildOperationDescriptor;Lorg/gradle/internal/operations/BuildOperationState;Lorg/gradle/internal/operations/BuildOperationState;Lorg/gradle/internal/operations/DefaultBuildOperationRunner$ReadableBuildOperationContext;Lorg/gradle/internal/operations/DefaultBuildOperationRunner$BuildOperationExecutionListener;)Ljava/lang/Object;+8
j  org.gradle.internal.operations.DefaultBuildOperationRunner.execute(Lorg/gradle/internal/operations/BuildOperationDescriptor$Builder;Lorg/gradle/internal/operations/BuildOperationState;Lorg/gradle/internal/operations/DefaultBuildOperationRunner$BuildOperationExecution;)Ljava/lang/Object;+141
j  org.gradle.internal.operations.DefaultBuildOperationRunner.execute(Lorg/gradle/internal/operations/BuildOperation;Lorg/gradle/internal/operations/BuildOperationWorker;Lorg/gradle/internal/operations/BuildOperationState;)V+18
j  org.gradle.internal.operations.DefaultBuildOperationRunner.run(Lorg/gradle/internal/operations/RunnableBuildOperation;)V+9
j  org.gradle.configuration.BuildOperationScriptPlugin.lambda$apply$0(Ljava/lang/Object;Lorg/gradle/internal/code/UserCodeApplicationId;)V+14
j  org.gradle.configuration.BuildOperationScriptPlugin$$Lambda+0x00000208d551b948.execute(Ljava/lang/Object;)V+12
j  org.gradle.internal.code.DefaultUserCodeApplicationContext.apply(Lorg/gradle/internal/code/UserCodeSource;Lorg/gradle/api/Action;)V+37
j  org.gradle.configuration.BuildOperationScriptPlugin.apply(Ljava/lang/Object;)V+71
j  org.gradle.configuration.project.BuildScriptProcessor$$Lambda+0x00000208d5733360.accept(Ljava/lang/Object;)V+8
j  org.gradle.api.internal.project.DefaultProjectStateRegistry$ProjectStateImpl.lambda$applyToMutableState$1(Ljava/util/function/Consumer;Lorg/gradle/api/internal/project/ProjectInternal;)Ljava/lang/Object;+2
j  org.gradle.api.internal.project.DefaultProjectStateRegistry$ProjectStateImpl$$Lambda+0x00000208d56ea2b8.apply(Ljava/lang/Object;)Ljava/lang/Object;+8
j  org.gradle.api.internal.project.DefaultProjectStateRegistry$ProjectStateImpl.fromMutableState(Ljava/util/function/Function;)Ljava/lang/Object;+97
j  org.gradle.api.internal.project.DefaultProjectStateRegistry$ProjectStateImpl.applyToMutableState(Ljava/util/function/Consumer;)V+7
j  org.gradle.configuration.project.BuildScriptProcessor.execute(Lorg/gradle/api/internal/project/ProjectInternal;)V+88
j  org.gradle.configuration.project.BuildScriptProcessor.execute(Ljava/lang/Object;)V+5
j  org.gradle.configuration.project.ConfigureActionsProjectEvaluator.evaluate(Lorg/gradle/api/internal/project/ProjectInternal;Lorg/gradle/api/internal/project/ProjectStateInternal;)V+33
j  org.gradle.configuration.project.LifecycleProjectEvaluator$EvaluateProject.lambda$run$0(Lorg/gradle/internal/operations/BuildOperationContext;Lorg/gradle/api/internal/project/ProjectInternal;)V+67
j  org.gradle.configuration.project.LifecycleProjectEvaluator$EvaluateProject$$Lambda+0x00000208d56ea080.accept(Ljava/lang/Object;)V+12
j  org.gradle.api.internal.project.DefaultProjectStateRegistry$ProjectStateImpl.lambda$applyToMutableState$1(Ljava/util/function/Consumer;Lorg/gradle/api/internal/project/ProjectInternal;)Ljava/lang/Object;+2
j  org.gradle.api.internal.project.DefaultProjectStateRegistry$ProjectStateImpl$$Lambda+0x00000208d56ea2b8.apply(Ljava/lang/Object;)Ljava/lang/Object;+8
j  org.gradle.api.internal.project.DefaultProjectStateRegistry$ProjectStateImpl.lambda$fromMutableState$2(Ljava/util/function/Function;)Ljava/lang/Object;+5
j  org.gradle.api.internal.project.DefaultProjectStateRegistry$ProjectStateImpl$$Lambda+0x00000208d56ea500.create()Ljava/lang/Object;+8
j  org.gradle.internal.work.DefaultWorkerLeaseService.withReplacedLocks(Ljava/util/Collection;Lorg/gradle/internal/resources/ResourceLock;Lorg/gradle/internal/Factory;)Ljava/lang/Object;+40
j  org.gradle.api.internal.project.DefaultProjectStateRegistry$ProjectStateImpl.fromMutableState(Ljava/util/function/Function;)Ljava/lang/Object;+133
j  org.gradle.api.internal.project.DefaultProjectStateRegistry$ProjectStateImpl.applyToMutableState(Ljava/util/function/Consumer;)V+7
j  org.gradle.configuration.project.LifecycleProjectEvaluator$EvaluateProject.run(Lorg/gradle/internal/operations/BuildOperationContext;)V+16
j  org.gradle.internal.operations.DefaultBuildOperationRunner$1.execute(Lorg/gradle/internal/operations/RunnableBuildOperation;Lorg/gradle/internal/operations/BuildOperationContext;)V+2
j  org.gradle.internal.operations.DefaultBuildOperationRunner$1.execute(Lorg/gradle/internal/operations/BuildOperation;Lorg/gradle/internal/operations/BuildOperationContext;)V+6
j  org.gradle.internal.operations.DefaultBuildOperationRunner$2.execute(Lorg/gradle/internal/operations/BuildOperationDescriptor;Lorg/gradle/internal/operations/BuildOperationState;Lorg/gradle/internal/operations/BuildOperationState;Lorg/gradle/internal/operations/DefaultBuildOperationRunner$ReadableBuildOperationContext;Lorg/gradle/internal/operations/DefaultBuildOperationRunner$BuildOperationExecutionListener;)Lorg/gradle/internal/operations/BuildOperation;+22
j  org.gradle.internal.operations.DefaultBuildOperationRunner$2.execute(Lorg/gradle/internal/operations/BuildOperationDescriptor;Lorg/gradle/internal/operations/BuildOperationState;Lorg/gradle/internal/operations/BuildOperationState;Lorg/gradle/internal/operations/DefaultBuildOperationRunner$ReadableBuildOperationContext;Lorg/gradle/internal/operations/DefaultBuildOperationRunner$BuildOperationExecutionListener;)Ljava/lang/Object;+8
j  org.gradle.internal.operations.DefaultBuildOperationRunner.execute(Lorg/gradle/internal/operations/BuildOperationDescriptor$Builder;Lorg/gradle/internal/operations/BuildOperationState;Lorg/gradle/internal/operations/DefaultBuildOperationRunner$BuildOperationExecution;)Ljava/lang/Object;+141
j  org.gradle.internal.operations.DefaultBuildOperationRunner.execute(Lorg/gradle/internal/operations/BuildOperation;Lorg/gradle/internal/operations/BuildOperationWorker;Lorg/gradle/internal/operations/BuildOperationState;)V+18
j  org.gradle.internal.operations.DefaultBuildOperationRunner.run(Lorg/gradle/internal/operations/RunnableBuildOperation;)V+9
j  org.gradle.configuration.project.LifecycleProjectEvaluator.evaluate(Lorg/gradle/api/internal/project/ProjectInternal;Lorg/gradle/api/internal/project/ProjectStateInternal;)V+42
j  org.gradle.api.internal.project.DefaultProject.evaluateUnchecked()Lorg/gradle/api/internal/project/ProjectInternal;+20
j  org.gradle.api.internal.project.ProjectLifecycleController.lambda$ensureSelfConfigured$2()V+4
j  org.gradle.api.internal.project.ProjectLifecycleController$$Lambda+0x00000208d56e8ab0.run()V+4
j  org.gradle.internal.model.StateTransitionController.lambda$doTransition$14(Ljava/lang/Runnable;)Lorg/gradle/internal/build/ExecutionResult;+1
j  org.gradle.internal.model.StateTransitionController$$Lambda+0x00000208d53f4ae0.get()Ljava/lang/Object;+4
j  org.gradle.internal.model.StateTransitionController.doTransition(Lorg/gradle/internal/model/StateTransitionController$State;Lorg/gradle/internal/model/StateTransitionController$State;Ljava/util/function/Supplier;)Lorg/gradle/internal/build/ExecutionResult;+24
j  org.gradle.internal.model.StateTransitionController.doTransition(Lorg/gradle/internal/model/StateTransitionController$State;Lorg/gradle/internal/model/StateTransitionController$State;Ljava/lang/Runnable;)V+9
j  org.gradle.internal.model.StateTransitionController.lambda$maybeTransitionIfNotCurrentlyTransitioning$10(Lorg/gradle/internal/model/StateTransitionController$State;Lorg/gradle/internal/model/StateTransitionController$State;Ljava/lang/Runnable;)V+16
j  org.gradle.internal.model.StateTransitionController$$Lambda+0x00000208d56e8cd8.run()V+16
j  org.gradle.internal.work.DefaultSynchronizer.withLock(Ljava/lang/Runnable;)V+6
j  org.gradle.internal.model.StateTransitionController.maybeTransitionIfNotCurrentlyTransitioning(Lorg/gradle/internal/model/StateTransitionController$State;Lorg/gradle/internal/model/StateTransitionController$State;Ljava/lang/Runnable;)V+13
j  org.gradle.api.internal.project.ProjectLifecycleController.ensureSelfConfigured()V+16
j  org.gradle.api.internal.project.DefaultProjectStateRegistry$ProjectStateImpl.ensureConfigured()V+19
j  org.gradle.execution.TaskPathProjectEvaluator.configure(Lorg/gradle/api/internal/project/ProjectInternal;)V+6
j  org.gradle.execution.TaskPathProjectEvaluator.configureHierarchy(Lorg/gradle/api/internal/project/ProjectInternal;)V+2
j  org.gradle.configuration.DefaultProjectsPreparer.prepareProjects(Lorg/gradle/api/internal/GradleInternal;)V+52
j  org.gradle.configuration.BuildTreePreparingProjectsPreparer.prepareProjects(Lorg/gradle/api/internal/GradleInternal;)V+114
j  org.gradle.configuration.BuildOperationFiringProjectsPreparer$ConfigureBuild.run(Lorg/gradle/internal/operations/BuildOperationContext;)V+11
j  org.gradle.internal.operations.DefaultBuildOperationRunner$1.execute(Lorg/gradle/internal/operations/RunnableBuildOperation;Lorg/gradle/internal/operations/BuildOperationContext;)V+2
j  org.gradle.internal.operations.DefaultBuildOperationRunner$1.execute(Lorg/gradle/internal/operations/BuildOperation;Lorg/gradle/internal/operations/BuildOperationContext;)V+6
j  org.gradle.internal.operations.DefaultBuildOperationRunner$2.execute(Lorg/gradle/internal/operations/BuildOperationDescriptor;Lorg/gradle/internal/operations/BuildOperationState;Lorg/gradle/internal/operations/BuildOperationState;Lorg/gradle/internal/operations/DefaultBuildOperationRunner$ReadableBuildOperationContext;Lorg/gradle/internal/operations/DefaultBuildOperationRunner$BuildOperationExecutionListener;)Lorg/gradle/internal/operations/BuildOperation;+22
j  org.gradle.internal.operations.DefaultBuildOperationRunner$2.execute(Lorg/gradle/internal/operations/BuildOperationDescriptor;Lorg/gradle/internal/operations/BuildOperationState;Lorg/gradle/internal/operations/BuildOperationState;Lorg/gradle/internal/operations/DefaultBuildOperationRunner$ReadableBuildOperationContext;Lorg/gradle/internal/operations/DefaultBuildOperationRunner$BuildOperationExecutionListener;)Ljava/lang/Object;+8
j  org.gradle.internal.operations.DefaultBuildOperationRunner.execute(Lorg/gradle/internal/operations/BuildOperationDescriptor$Builder;Lorg/gradle/internal/operations/BuildOperationState;Lorg/gradle/internal/operations/DefaultBuildOperationRunner$BuildOperationExecution;)Ljava/lang/Object;+141
j  org.gradle.internal.operations.DefaultBuildOperationRunner.execute(Lorg/gradle/internal/operations/BuildOperation;Lorg/gradle/internal/operations/BuildOperationWorker;Lorg/gradle/internal/operations/BuildOperationState;)V+18
j  org.gradle.internal.operations.DefaultBuildOperationRunner.run(Lorg/gradle/internal/operations/RunnableBuildOperation;)V+9
j  org.gradle.configuration.BuildOperationFiringProjectsPreparer.prepareProjects(Lorg/gradle/api/internal/GradleInternal;)V+13
j  org.gradle.initialization.VintageBuildModelController.lambda$prepareProjects$2()V+8
j  org.gradle.initialization.VintageBuildModelController$$Lambda+0x00000208d56b7680.run()V+4
j  org.gradle.internal.model.StateTransitionController.lambda$doTransition$14(Ljava/lang/Runnable;)Lorg/gradle/internal/build/ExecutionResult;+1
j  org.gradle.internal.model.StateTransitionController$$Lambda+0x00000208d53f4ae0.get()Ljava/lang/Object;+4
j  org.gradle.internal.model.StateTransitionController.doTransition(Lorg/gradle/internal/model/StateTransitionController$State;Lorg/gradle/internal/model/StateTransitionController$State;Ljava/util/function/Supplier;)Lorg/gradle/internal/build/ExecutionResult;+24
j  org.gradle.internal.model.StateTransitionController.doTransition(Lorg/gradle/internal/model/StateTransitionController$State;Lorg/gradle/internal/model/StateTransitionController$State;Ljava/lang/Runnable;)V+9
j  org.gradle.internal.model.StateTransitionController.lambda$transitionIfNotPreviously$11(Lorg/gradle/internal/model/StateTransitionController$State;Lorg/gradle/internal/model/StateTransitionController$State;Ljava/lang/Runnable;)V+16
j  org.gradle.internal.model.StateTransitionController$$Lambda+0x00000208d53f48b8.run()V+16
j  org.gradle.internal.work.DefaultSynchronizer.withLock(Ljava/lang/Runnable;)V+6
j  org.gradle.internal.model.StateTransitionController.transitionIfNotPreviously(Lorg/gradle/internal/model/StateTransitionController$State;Lorg/gradle/internal/model/StateTransitionController$State;Ljava/lang/Runnable;)V+13
j  org.gradle.initialization.VintageBuildModelController.prepareProjects()V+16
j  org.gradle.initialization.VintageBuildModelController.getConfiguredModel()Lorg/gradle/api/internal/GradleInternal;+5
j  org.gradle.internal.build.DefaultBuildLifecycleController$$Lambda+0x00000208d56b7458.get()Ljava/lang/Object;+4
j  org.gradle.internal.model.StateTransitionController.lambda$notInState$3(Lorg/gradle/internal/model/StateTransitionController$State;Ljava/util/function/Supplier;)Ljava/lang/Object;+11
j  org.gradle.internal.model.StateTransitionController$$Lambda+0x00000208d53f4468.create()Ljava/lang/Object;+12
j  org.gradle.internal.work.DefaultSynchronizer.withLock(Lorg/gradle/internal/Factory;)Ljava/lang/Object;+6
j  org.gradle.internal.model.StateTransitionController.notInState(Lorg/gradle/internal/model/StateTransitionController$State;Ljava/util/function/Supplier;)Ljava/lang/Object;+12
j  org.gradle.internal.build.DefaultBuildLifecycleController.configureProjects()V+21
j  org.gradle.internal.build.AbstractBuildState.ensureProjectsConfigured()V+4
j  org.gradle.internal.buildtree.BuildInclusionCoordinator$$Lambda+0x00000208d56b6ba8.run()V+4
j  org.gradle.internal.buildtree.BuildInclusionCoordinator$BuildSynchronizer.lambda$withLock$0(Ljava/lang/Runnable;)V+14
j  org.gradle.internal.buildtree.BuildInclusionCoordinator$BuildSynchronizer$$Lambda+0x00000208d56b7230.run()V+8
j  org.gradle.internal.work.DefaultSynchronizer.withLock(Ljava/lang/Runnable;)V+6
j  org.gradle.internal.buildtree.BuildInclusionCoordinator$BuildSynchronizer.withLock(Ljava/lang/Runnable;)V+11
j  org.gradle.internal.buildtree.BuildInclusionCoordinator.withLockForBuild(Lorg/gradle/internal/build/BuildState;Ljava/lang/Runnable;)V+20
j  org.gradle.internal.buildtree.BuildInclusionCoordinator.prepareForPluginResolution(Lorg/gradle/internal/build/IncludedBuildState;)V+13
j  org.gradle.internal.composite.DefaultBuildIncluder.prepareForPluginResolution(Lorg/gradle/internal/build/IncludedBuildState;)V+5
j  org.gradle.composite.internal.plugins.CompositeBuildPluginResolverContributor$CompositeBuildPluginResolver.resolveFromIncludedPluginBuilds(Lorg/gradle/plugin/use/PluginId;)Lorg/gradle/plugin/use/resolve/internal/PluginResolution;+39
j  org.gradle.composite.internal.plugins.CompositeBuildPluginResolverContributor$CompositeBuildPluginResolver.doResolve(Lorg/gradle/plugin/use/PluginId;)Lorg/gradle/composite/internal/plugins/CompositeBuildPluginResolverContributor$PluginResult;+2
j  org.gradle.composite.internal.plugins.CompositeBuildPluginResolverContributor$CompositeBuildPluginResolver$$Lambda+0x00000208d56acb38.apply(Ljava/lang/Object;)Ljava/lang/Object;+8
J 4485 c2 java.util.concurrent.ConcurrentHashMap.computeIfAbsent(Ljava/lang/Object;Ljava/util/function/Function;)Ljava/lang/Object; java.base@21.0.12.1 (576 bytes) @ 0x00000208c5f84178 [0x00000208c5f83ac0+0x00000000000006b8]
j  org.gradle.composite.internal.plugins.CompositeBuildPluginResolverContributor$CompositeBuildPluginResolver.resolve(Lorg/gradle/plugin/management/internal/PluginRequestInternal;)Lorg/gradle/plugin/use/resolve/internal/PluginResolutionResult;+16
j  org.gradle.plugin.use.resolve.internal.CompositePluginResolver.resolve(Lorg/gradle/plugin/management/internal/PluginRequestInternal;)Lorg/gradle/plugin/use/resolve/internal/PluginResolutionResult;+37
j  org.gradle.plugin.use.resolve.internal.AlreadyOnClasspathPluginResolver.resolve(Lorg/gradle/plugin/management/internal/PluginRequestInternal;)Lorg/gradle/plugin/use/resolve/internal/PluginResolutionResult;+28
j  org.gradle.plugin.use.internal.DefaultPluginRequestApplicator.resolvePluginRequest(Lorg/gradle/plugin/use/resolve/internal/PluginResolver;Lorg/gradle/plugin/management/internal/PluginRequestInternal;)Lorg/gradle/plugin/use/resolve/internal/PluginResolution;+2
j  org.gradle.plugin.use.internal.DefaultPluginRequestApplicator.applyPlugins(Lorg/gradle/plugin/management/internal/PluginRequests;Lorg/gradle/api/internal/initialization/ScriptHandlerInternal;Lorg/gradle/api/internal/plugins/PluginManagerInternal;Lorg/gradle/api/internal/initialization/ClassLoaderScope;)V+136
j  org.gradle.kotlin.dsl.provider.PluginRequestsHandler.handle(Lorg/gradle/plugin/management/internal/PluginRequests;Lorg/gradle/api/internal/initialization/ScriptHandlerInternal;Lorg/gradle/api/internal/plugins/PluginAwareInternal;Lorg/gradle/api/internal/initialization/ClassLoaderScope;)V+65
j  org.gradle.kotlin.dsl.provider.StandardKotlinScriptEvaluator$InterpreterHost.applyPluginsTo(Lorg/gradle/kotlin/dsl/support/KotlinScriptHost;Lorg/gradle/plugin/management/internal/PluginRequests;)V+52
j  org.gradle.kotlin.dsl.execution.Interpreter$ProgramHost.applyPluginsTo(Lorg/gradle/kotlin/dsl/support/KotlinScriptHost;Lorg/gradle/plugin/management/internal/PluginRequests;)V+21
j  Program.execute(Lorg/gradle/kotlin/dsl/execution/ExecutableProgram$Host;Lorg/gradle/kotlin/dsl/support/KotlinScriptHost;)V+45
j  org.gradle.kotlin.dsl.execution.Interpreter$ProgramHost.eval(Lorg/gradle/kotlin/dsl/execution/CompiledScript;Lorg/gradle/kotlin/dsl/support/KotlinScriptHost;)V+88
j  org.gradle.kotlin.dsl.execution.Interpreter.eval(Ljava/lang/Object;Lorg/gradle/groovy/scripts/ScriptSource;Lorg/gradle/internal/hash/HashCode;Lorg/gradle/api/initialization/dsl/ScriptHandler;Lorg/gradle/api/internal/initialization/ClassLoaderScope;Lorg/gradle/api/internal/initialization/ClassLoaderScope;ZLjava/util/EnumSet;)V+213
j  org.gradle.kotlin.dsl.provider.StandardKotlinScriptEvaluator.evaluate(Ljava/lang/Object;Lorg/gradle/groovy/scripts/ScriptSource;Lorg/gradle/api/initialization/dsl/ScriptHandler;Lorg/gradle/api/internal/initialization/ClassLoaderScope;Lorg/gradle/api/internal/initialization/ClassLoaderScope;ZLjava/util/EnumSet;)V+163
j  org.gradle.kotlin.dsl.provider.KotlinScriptPluginFactory$create$1.invoke(Ljava/lang/Object;)V+253
j  org.gradle.kotlin.dsl.provider.KotlinScriptPluginFactory$create$1.invoke(Ljava/lang/Object;)Ljava/lang/Object;+2
j  org.gradle.kotlin.dsl.provider.KotlinScriptPlugin.apply(Ljava/lang/Object;)V+22
j  org.gradle.configuration.BuildOperationScriptPlugin$1.run(Lorg/gradle/internal/operations/BuildOperationContext;)V+11
j  org.gradle.internal.operations.DefaultBuildOperationRunner$1.execute(Lorg/gradle/internal/operations/RunnableBuildOperation;Lorg/gradle/internal/operations/BuildOperationContext;)V+2
j  org.gradle.internal.operations.DefaultBuildOperationRunner$1.execute(Lorg/gradle/internal/operations/BuildOperation;Lorg/gradle/internal/operations/BuildOperationContext;)V+6
j  org.gradle.internal.operations.DefaultBuildOperationRunner$2.execute(Lorg/gradle/internal/operations/BuildOperationDescriptor;Lorg/gradle/internal/operations/BuildOperationState;Lorg/gradle/internal/operations/BuildOperationState;Lorg/gradle/internal/operations/DefaultBuildOperationRunner$ReadableBuildOperationContext;Lorg/gradle/internal/operations/DefaultBuildOperationRunner$BuildOperationExecutionListener;)Lorg/gradle/internal/operations/BuildOperation;+22
j  org.gradle.internal.operations.DefaultBuildOperationRunner$2.execute(Lorg/gradle/internal/operations/BuildOperationDescriptor;Lorg/gradle/internal/operations/BuildOperationState;Lorg/gradle/internal/operations/BuildOperationState;Lorg/gradle/internal/operations/DefaultBuildOperationRunner$ReadableBuildOperationContext;Lorg/gradle/internal/operations/DefaultBuildOperationRunner$BuildOperationExecutionListener;)Ljava/lang/Object;+8
j  org.gradle.internal.operations.DefaultBuildOperationRunner.execute(Lorg/gradle/internal/operations/BuildOperationDescriptor$Builder;Lorg/gradle/internal/operations/BuildOperationState;Lorg/gradle/internal/operations/DefaultBuildOperationRunner$BuildOperationExecution;)Ljava/lang/Object;+141
j  org.gradle.internal.operations.DefaultBuildOperationRunner.execute(Lorg/gradle/internal/operations/BuildOperation;Lorg/gradle/internal/operations/BuildOperationWorker;Lorg/gradle/internal/operations/BuildOperationState;)V+18
j  org.gradle.internal.operations.DefaultBuildOperationRunner.run(Lorg/gradle/internal/operations/RunnableBuildOperation;)V+9
j  org.gradle.configuration.BuildOperationScriptPlugin.lambda$apply$0(Ljava/lang/Object;Lorg/gradle/internal/code/UserCodeApplicationId;)V+14
j  org.gradle.configuration.BuildOperationScriptPlugin$$Lambda+0x00000208d551b948.execute(Ljava/lang/Object;)V+12
j  org.gradle.internal.code.DefaultUserCodeApplicationContext.apply(Lorg/gradle/internal/code/UserCodeSource;Lorg/gradle/api/Action;)V+37
j  org.gradle.configuration.BuildOperationScriptPlugin.apply(Ljava/lang/Object;)V+71
j  org.gradle.initialization.ScriptEvaluatingSettingsProcessor.applySettingsScript(Lorg/gradle/groovy/scripts/TextResourceScriptSource;Lorg/gradle/api/internal/SettingsInternal;)V+32
j  org.gradle.initialization.ScriptEvaluatingSettingsProcessor.process(Lorg/gradle/api/internal/GradleInternal;Lorg/gradle/initialization/SettingsLocation;Lorg/gradle/api/internal/initialization/ClassLoaderScope;Lorg/gradle/StartParameter;)Lorg/gradle/initialization/SettingsState;+90
j  org.gradle.initialization.SettingsEvaluatedCallbackFiringSettingsProcessor.process(Lorg/gradle/api/internal/GradleInternal;Lorg/gradle/initialization/SettingsLocation;Lorg/gradle/api/internal/initialization/ClassLoaderScope;Lorg/gradle/StartParameter;)Lorg/gradle/initialization/SettingsState;+9
j  org.gradle.initialization.RootBuildCacheControllerSettingsProcessor.process(Lorg/gradle/api/internal/GradleInternal;Lorg/gradle/initialization/SettingsLocation;Lorg/gradle/api/internal/initialization/ClassLoaderScope;Lorg/gradle/StartParameter;)Lorg/gradle/initialization/SettingsState;+9
j  org.gradle.initialization.BuildOperationSettingsProcessor$2.call(Lorg/gradle/internal/operations/BuildOperationContext;)Lorg/gradle/initialization/SettingsState;+23
j  org.gradle.initialization.BuildOperationSettingsProcessor$2.call(Lorg/gradle/internal/operations/BuildOperationContext;)Ljava/lang/Object;+2
j  org.gradle.internal.operations.DefaultBuildOperationRunner$CallableBuildOperationWorker.execute(Lorg/gradle/internal/operations/CallableBuildOperation;Lorg/gradle/internal/operations/BuildOperationContext;)V+3
j  org.gradle.internal.operations.DefaultBuildOperationRunner$CallableBuildOperationWorker.execute(Lorg/gradle/internal/operations/BuildOperation;Lorg/gradle/internal/operations/BuildOperationContext;)V+6
j  org.gradle.internal.operations.DefaultBuildOperationRunner$2.execute(Lorg/gradle/internal/operations/BuildOperationDescriptor;Lorg/gradle/internal/operations/BuildOperationState;Lorg/gradle/internal/operations/BuildOperationState;Lorg/gradle/internal/operations/DefaultBuildOperationRunner$ReadableBuildOperationContext;Lorg/gradle/internal/operations/DefaultBuildOperationRunner$BuildOperationExecutionListener;)Lorg/gradle/internal/operations/BuildOperation;+22
j  org.gradle.internal.operations.DefaultBuildOperationRunner$2.execute(Lorg/gradle/internal/operations/BuildOperationDescriptor;Lorg/gradle/internal/operations/BuildOperationState;Lorg/gradle/internal/operations/BuildOperationState;Lorg/gradle/internal/operations/DefaultBuildOperationRunner$ReadableBuildOperationContext;Lorg/gradle/internal/operations/DefaultBuildOperationRunner$BuildOperationExecutionListener;)Ljava/lang/Object;+8
j  org.gradle.internal.operations.DefaultBuildOperationRunner.execute(Lorg/gradle/internal/operations/BuildOperationDescriptor$Builder;Lorg/gradle/internal/operations/BuildOperationState;Lorg/gradle/internal/operations/DefaultBuildOperationRunner$BuildOperationExecution;)Ljava/lang/Object;+141
j  org.gradle.internal.operations.DefaultBuildOperationRunner.execute(Lorg/gradle/internal/operations/BuildOperation;Lorg/gradle/internal/operations/BuildOperationWorker;Lorg/gradle/internal/operations/BuildOperationState;)V+18
j  org.gradle.internal.operations.DefaultBuildOperationRunner.call(Lorg/gradle/internal/operations/CallableBuildOperation;)Ljava/lang/Object;+16
j  org.gradle.initialization.BuildOperationSettingsProcessor.process(Lorg/gradle/api/internal/GradleInternal;Lorg/gradle/initialization/SettingsLocation;Lorg/gradle/api/internal/initialization/ClassLoaderScope;Lorg/gradle/StartParameter;)Lorg/gradle/initialization/SettingsState;+17
j  org.gradle.initialization.DefaultSettingsLoader.findSettingsAndLoadIfAppropriate(Lorg/gradle/api/internal/GradleInternal;Lorg/gradle/StartParameter;Lorg/gradle/initialization/SettingsLocation;Lorg/gradle/api/internal/initialization/ClassLoaderScope;)Lorg/gradle/initialization/SettingsState;+9
j  org.gradle.initialization.DefaultSettingsLoader.findAndLoadSettings(Lorg/gradle/api/internal/GradleInternal;)Lorg/gradle/initialization/SettingsState;+103
j  org.gradle.initialization.SettingsAttachingSettingsLoader.findAndLoadSettings(Lorg/gradle/api/internal/GradleInternal;)Lorg/gradle/initialization/SettingsState;+5
j  org.gradle.internal.composite.CommandLineIncludedBuildSettingsLoader.findAndLoadSettings(Lorg/gradle/api/internal/GradleInternal;)Lorg/gradle/initialization/SettingsState;+5
j  org.gradle.internal.composite.ChildBuildRegisteringSettingsLoader.findAndLoadSettings(Lorg/gradle/api/internal/GradleInternal;)Lorg/gradle/initialization/SettingsState;+5
j  org.gradle.internal.composite.CompositeBuildSettingsLoader.findAndLoadSettings(Lorg/gradle/api/internal/GradleInternal;)Lorg/gradle/initialization/SettingsState;+5
j  org.gradle.initialization.InitScriptHandlingSettingsLoader.findAndLoadSettings(Lorg/gradle/api/internal/GradleInternal;)Lorg/gradle/initialization/SettingsState;+13
j  org.gradle.api.internal.initialization.CacheConfigurationsHandlingSettingsLoader.findAndLoadSettings(Lorg/gradle/api/internal/GradleInternal;)Lorg/gradle/initialization/SettingsState;+15
j  org.gradle.initialization.GradlePropertiesHandlingSettingsLoader.findAndLoadSettings(Lorg/gradle/api/internal/GradleInternal;)Lorg/gradle/initialization/SettingsState;+40
j  org.gradle.initialization.DefaultSettingsPreparer.prepareSettings(Lorg/gradle/api/internal/GradleInternal;)V+33
j  org.gradle.initialization.BuildOperationFiringSettingsPreparer$LoadBuild.doLoadBuild()V+11
j  org.gradle.initialization.BuildOperationFiringSettingsPreparer$LoadBuild.run(Lorg/gradle/internal/operations/BuildOperationContext;)V+1
j  org.gradle.internal.operations.DefaultBuildOperationRunner$1.execute(Lorg/gradle/internal/operations/RunnableBuildOperation;Lorg/gradle/internal/operations/BuildOperationContext;)V+2
j  org.gradle.internal.operations.DefaultBuildOperationRunner$1.execute(Lorg/gradle/internal/operations/BuildOperation;Lorg/gradle/internal/operations/BuildOperationContext;)V+6
j  org.gradle.internal.operations.DefaultBuildOperationRunner$2.execute(Lorg/gradle/internal/operations/BuildOperationDescriptor;Lorg/gradle/internal/operations/BuildOperationState;Lorg/gradle/internal/operations/BuildOperationState;Lorg/gradle/internal/operations/DefaultBuildOperationRunner$ReadableBuildOperationContext;Lorg/gradle/internal/operations/DefaultBuildOperationRunner$BuildOperationExecutionListener;)Lorg/gradle/internal/operations/BuildOperation;+22
j  org.gradle.internal.operations.DefaultBuildOperationRunner$2.execute(Lorg/gradle/internal/operations/BuildOperationDescriptor;Lorg/gradle/internal/operations/BuildOperationState;Lorg/gradle/internal/operations/BuildOperationState;Lorg/gradle/internal/operations/DefaultBuildOperationRunner$ReadableBuildOperationContext;Lorg/gradle/internal/operations/DefaultBuildOperationRunner$BuildOperationExecutionListener;)Ljava/lang/Object;+8
j  org.gradle.internal.operations.DefaultBuildOperationRunner.execute(Lorg/gradle/internal/operations/BuildOperationDescriptor$Builder;Lorg/gradle/internal/operations/BuildOperationState;Lorg/gradle/internal/operations/DefaultBuildOperationRunner$BuildOperationExecution;)Ljava/lang/Object;+141
j  org.gradle.internal.operations.DefaultBuildOperationRunner.execute(Lorg/gradle/internal/operations/BuildOperation;Lorg/gradle/internal/operations/BuildOperationWorker;Lorg/gradle/internal/operations/BuildOperationState;)V+18
j  org.gradle.internal.operations.DefaultBuildOperationRunner.run(Lorg/gradle/internal/operations/RunnableBuildOperation;)V+9
j  org.gradle.initialization.BuildOperationFiringSettingsPreparer.prepareSettings(Lorg/gradle/api/internal/GradleInternal;)V+31
j  org.gradle.initialization.VintageBuildModelController.lambda$prepareSettings$1()V+8
j  org.gradle.initialization.VintageBuildModelController$$Lambda+0x00000208d53f4690.run()V+4
j  org.gradle.internal.model.StateTransitionController.lambda$doTransition$14(Ljava/lang/Runnable;)Lorg/gradle/internal/build/ExecutionResult;+1
j  org.gradle.internal.model.StateTransitionController$$Lambda+0x00000208d53f4ae0.get()Ljava/lang/Object;+4
j  org.gradle.internal.model.StateTransitionController.doTransition(Lorg/gradle/internal/model/StateTransitionController$State;Lorg/gradle/internal/model/StateTransitionController$State;Ljava/util/function/Supplier;)Lorg/gradle/internal/build/ExecutionResult;+24
j  org.gradle.internal.model.StateTransitionController.doTransition(Lorg/gradle/internal/model/StateTransitionController$State;Lorg/gradle/internal/model/StateTransitionController$State;Ljava/lang/Runnable;)V+9
j  org.gradle.internal.model.StateTransitionController.lambda$transitionIfNotPreviously$11(Lorg/gradle/internal/model/StateTransitionController$State;Lorg/gradle/internal/model/StateTransitionController$State;Ljava/lang/Runnable;)V+16
j  org.gradle.internal.model.StateTransitionController$$Lambda+0x00000208d53f48b8.run()V+16
j  org.gradle.internal.work.DefaultSynchronizer.withLock(Ljava/lang/Runnable;)V+6
j  org.gradle.internal.model.StateTransitionController.transitionIfNotPreviously(Lorg/gradle/internal/model/StateTransitionController$State;Lorg/gradle/internal/model/StateTransitionController$State;Ljava/lang/Runnable;)V+13
j  org.gradle.initialization.VintageBuildModelController.prepareSettings()V+16
j  org.gradle.initialization.VintageBuildModelController.getConfiguredModel()Lorg/gradle/api/internal/GradleInternal;+1
j  org.gradle.internal.build.DefaultBuildLifecycleController.lambda$withProjectsConfigured$1(Ljava/util/function/Function;)Ljava/lang/Object;+5
j  org.gradle.internal.build.DefaultBuildLifecycleController$$Lambda+0x00000208d53f4240.get()Ljava/lang/Object;+8
j  org.gradle.internal.model.StateTransitionController.lambda$notInState$3(Lorg/gradle/internal/model/StateTransitionController$State;Ljava/util/function/Supplier;)Ljava/lang/Object;+11
j  org.gradle.internal.model.StateTransitionController$$Lambda+0x00000208d53f4468.create()Ljava/lang/Object;+12
j  org.gradle.internal.work.DefaultSynchronizer.withLock(Lorg/gradle/internal/Factory;)Ljava/lang/Object;+6
j  org.gradle.internal.model.StateTransitionController.notInState(Lorg/gradle/internal/model/StateTransitionController$State;Ljava/util/function/Supplier;)Ljava/lang/Object;+12
j  org.gradle.internal.build.DefaultBuildLifecycleController.withProjectsConfigured(Ljava/util/function/Function;)Ljava/lang/Object;+14
j  org.gradle.internal.build.DefaultBuildToolingModelController.locateBuilderForTarget(Ljava/lang/String;Z)Lorg/gradle/tooling/provider/model/internal/ToolingModelScope;+38
j  org.gradle.internal.buildtree.DefaultBuildTreeModelCreator$DefaultBuildTreeModelController.lambda$locateBuilderForTarget$0(Ljava/lang/String;ZLorg/gradle/internal/build/BuildToolingModelController;)Lorg/gradle/tooling/provider/model/internal/ToolingModelScope;+3
j  org.gradle.internal.buildtree.DefaultBuildTreeModelCreator$DefaultBuildTreeModelController$$Lambda+0x00000208d53d1ee8.apply(Ljava/lang/Object;)Ljava/lang/Object;+12
j  org.gradle.internal.build.DefaultBuildLifecycleController.withToolingModels(Ljava/util/function/Function;)Ljava/lang/Object;+15
j  org.gradle.internal.build.AbstractBuildState.withToolingModels(Ljava/util/function/Function;)Ljava/lang/Object;+5
j  org.gradle.internal.buildtree.DefaultBuildTreeModelCreator$DefaultBuildTreeModelController.locateBuilderForTarget(Lorg/gradle/internal/build/BuildState;Ljava/lang/String;Z)Lorg/gradle/tooling/provider/model/internal/ToolingModelScope;+8
j  org.gradle.internal.buildtree.DefaultBuildTreeModelCreator$DefaultBuildTreeModelController.locateBuilderForDefaultTarget(Ljava/lang/String;Z)Lorg/gradle/tooling/provider/model/internal/ToolingModelScope;+10
j  org.gradle.tooling.internal.provider.runner.BuildModelActionRunner$ModelCreateAction.fromBuildModel(Lorg/gradle/internal/buildtree/BuildTreeModelController;)Ljava/lang/Object;+11
j  org.gradle.internal.buildtree.DefaultBuildTreeModelCreator.fromBuildModel(Lorg/gradle/internal/buildtree/BuildTreeModelAction;)Ljava/lang/Object;+10
j  org.gradle.internal.buildtree.DefaultBuildTreeLifecycleController.lambda$fromBuildModel$2(Lorg/gradle/internal/buildtree/BuildTreeModelAction;Z)Lorg/gradle/internal/build/ExecutionResult;+57
j  org.gradle.internal.buildtree.DefaultBuildTreeLifecycleController$$Lambda+0x00000208d53d0fc8.get()Ljava/lang/Object;+12
j  org.gradle.internal.buildtree.DefaultBuildTreeLifecycleController.lambda$runBuild$4(Ljava/util/function/Supplier;)Ljava/lang/Object;+1
j  org.gradle.internal.buildtree.DefaultBuildTreeLifecycleController$$Lambda+0x00000208d53d11f0.get()Ljava/lang/Object;+8
j  org.gradle.internal.model.StateTransitionController.lambda$transition$6(Ljava/util/function/Supplier;)Lorg/gradle/internal/build/ExecutionResult;+1
j  org.gradle.internal.model.StateTransitionController$$Lambda+0x00000208d53d1640.get()Ljava/lang/Object;+4
j  org.gradle.internal.model.StateTransitionController.doTransition(Lorg/gradle/internal/model/StateTransitionController$State;Lorg/gradle/internal/model/StateTransitionController$State;Ljava/util/function/Supplier;)Lorg/gradle/internal/build/ExecutionResult;+24
j  org.gradle.internal.model.StateTransitionController.lambda$transition$7(Lorg/gradle/internal/model/StateTransitionController$State;Lorg/gradle/internal/model/StateTransitionController$State;Ljava/util/function/Supplier;)Ljava/lang/Object;+9
j  org.gradle.internal.model.StateTransitionController$$Lambda+0x00000208d53d1418.create()Ljava/lang/Object;+16
j  org.gradle.internal.work.DefaultSynchronizer.withLock(Lorg/gradle/internal/Factory;)Ljava/lang/Object;+6
j  org.gradle.internal.model.StateTransitionController.transition(Lorg/gradle/internal/model/StateTransitionController$State;Lorg/gradle/internal/model/StateTransitionController$State;Ljava/util/function/Supplier;)Ljava/lang/Object;+13
j  org.gradle.internal.buildtree.DefaultBuildTreeLifecycleController.runBuild(Ljava/util/function/Supplier;)Ljava/lang/Object;+17
j  org.gradle.internal.buildtree.DefaultBuildTreeLifecycleController.fromBuildModel(ZLorg/gradle/internal/buildtree/BuildTreeModelAction;)Ljava/lang/Object;+9
j  org.gradle.tooling.internal.provider.runner.BuildModelActionRunner.run(Lorg/gradle/internal/invocation/BuildAction;Lorg/gradle/internal/buildtree/BuildTreeLifecycleController;)Lorg/gradle/internal/buildtree/BuildActionRunner$Result;+40
j  org.gradle.launcher.exec.ChainingBuildActionRunner.run(Lorg/gradle/internal/invocation/BuildAction;Lorg/gradle/internal/buildtree/BuildTreeLifecycleController;)Lorg/gradle/internal/buildtree/BuildActionRunner$Result;+34
j  org.gradle.internal.buildtree.ProblemReportingBuildActionRunner.run(Lorg/gradle/internal/invocation/BuildAction;Lorg/gradle/internal/buildtree/BuildTreeLifecycleController;)Lorg/gradle/internal/buildtree/BuildActionRunner$Result;+12
j  org.gradle.launcher.exec.BuildOutcomeReportingBuildActionRunner.run(Lorg/gradle/internal/invocation/BuildAction;Lorg/gradle/internal/buildtree/BuildTreeLifecycleController;)Lorg/gradle/internal/buildtree/BuildActionRunner$Result;+69
j  org.gradle.tooling.internal.provider.FileSystemWatchingBuildActionRunner.run(Lorg/gradle/internal/invocation/BuildAction;Lorg/gradle/internal/buildtree/BuildTreeLifecycleController;)Lorg/gradle/internal/buildtree/BuildActionRunner$Result;+317
j  org.gradle.launcher.exec.BuildCompletionNotifyingBuildActionRunner.run(Lorg/gradle/internal/invocation/BuildAction;Lorg/gradle/internal/buildtree/BuildTreeLifecycleController;)Lorg/gradle/internal/buildtree/BuildActionRunner$Result;+6
j  org.gradle.launcher.exec.RootBuildLifecycleBuildActionExecutor.lambda$execute$0(Lorg/gradle/internal/invocation/BuildAction;Lorg/gradle/internal/buildtree/BuildTreeLifecycleController;)Lorg/gradle/internal/buildtree/BuildActionRunner$Result;+6
j  org.gradle.launcher.exec.RootBuildLifecycleBuildActionExecutor$$Lambda+0x00000208d53bec60.apply(Ljava/lang/Object;)Ljava/lang/Object;+12
j  org.gradle.composite.internal.DefaultRootBuildState.run(Ljava/util/function/Function;)Ljava/lang/Object;+87
j  org.gradle.launcher.exec.RootBuildLifecycleBuildActionExecutor.execute(Lorg/gradle/internal/invocation/BuildAction;Lorg/gradle/internal/buildtree/BuildTreeContext;)Lorg/gradle/internal/buildtree/BuildActionRunner$Result;+75
j  org.gradle.internal.buildtree.InitDeprecationLoggingActionExecutor.execute(Lorg/gradle/internal/invocation/BuildAction;Lorg/gradle/internal/buildtree/BuildTreeContext;)Lorg/gradle/internal/buildtree/BuildActionRunner$Result;+83
j  org.gradle.internal.buildtree.InitProblems.execute(Lorg/gradle/internal/invocation/BuildAction;Lorg/gradle/internal/buildtree/BuildTreeContext;)Lorg/gradle/internal/buildtree/BuildActionRunner$Result;+13
j  org.gradle.internal.buildtree.DefaultBuildTreeContext.execute(Lorg/gradle/internal/invocation/BuildAction;)Lorg/gradle/internal/buildtree/BuildActionRunner$Result;+64
j  org.gradle.launcher.exec.BuildTreeLifecycleBuildActionExecutor.lambda$execute$0(Lorg/gradle/internal/invocation/BuildAction;Lorg/gradle/internal/buildtree/BuildTreeContext;)Lorg/gradle/internal/buildtree/BuildActionRunner$Result;+2
j  org.gradle.launcher.exec.BuildTreeLifecycleBuildActionExecutor$$Lambda+0x00000208d52b2580.apply(Ljava/lang/Object;)Ljava/lang/Object;+8
j  org.gradle.internal.buildtree.BuildTreeState.run(Ljava/util/function/Function;)Ljava/lang/Object;+47
j  org.gradle.launcher.exec.BuildTreeLifecycleBuildActionExecutor.execute(Lorg/gradle/internal/invocation/BuildAction;Lorg/gradle/internal/session/BuildSessionContext;)Lorg/gradle/internal/buildtree/BuildActionRunner$Result;+74
j  org.gradle.launcher.exec.RunAsBuildOperationBuildActionExecutor$2.call(Lorg/gradle/internal/operations/BuildOperationContext;)Lorg/gradle/internal/buildtree/BuildActionRunner$Result;+25
j  org.gradle.launcher.exec.RunAsBuildOperationBuildActionExecutor$2.call(Lorg/gradle/internal/operations/BuildOperationContext;)Ljava/lang/Object;+2
j  org.gradle.internal.operations.DefaultBuildOperationRunner$CallableBuildOperationWorker.execute(Lorg/gradle/internal/operations/CallableBuildOperation;Lorg/gradle/internal/operations/BuildOperationContext;)V+3
j  org.gradle.internal.operations.DefaultBuildOperationRunner$CallableBuildOperationWorker.execute(Lorg/gradle/internal/operations/BuildOperation;Lorg/gradle/internal/operations/BuildOperationContext;)V+6
j  org.gradle.internal.operations.DefaultBuildOperationRunner$2.execute(Lorg/gradle/internal/operations/BuildOperationDescriptor;Lorg/gradle/internal/operations/BuildOperationState;Lorg/gradle/internal/operations/BuildOperationState;Lorg/gradle/internal/operations/DefaultBuildOperationRunner$ReadableBuildOperationContext;Lorg/gradle/internal/operations/DefaultBuildOperationRunner$BuildOperationExecutionListener;)Lorg/gradle/internal/operations/BuildOperation;+22
j  org.gradle.internal.operations.DefaultBuildOperationRunner$2.execute(Lorg/gradle/internal/operations/BuildOperationDescriptor;Lorg/gradle/internal/operations/BuildOperationState;Lorg/gradle/internal/operations/BuildOperationState;Lorg/gradle/internal/operations/DefaultBuildOperationRunner$ReadableBuildOperationContext;Lorg/gradle/internal/operations/DefaultBuildOperationRunner$BuildOperationExecutionListener;)Ljava/lang/Object;+8
j  org.gradle.internal.operations.DefaultBuildOperationRunner.execute(Lorg/gradle/internal/operations/BuildOperationDescriptor$Builder;Lorg/gradle/internal/operations/BuildOperationState;Lorg/gradle/internal/operations/DefaultBuildOperationRunner$BuildOperationExecution;)Ljava/lang/Object;+141
j  org.gradle.internal.operations.DefaultBuildOperationRunner.execute(Lorg/gradle/internal/operations/BuildOperation;Lorg/gradle/internal/operations/BuildOperationWorker;Lorg/gradle/internal/operations/BuildOperationState;)V+18
j  org.gradle.internal.operations.DefaultBuildOperationRunner.call(Lorg/gradle/internal/operations/CallableBuildOperation;)Ljava/lang/Object;+16
j  org.gradle.launcher.exec.RunAsBuildOperationBuildActionExecutor.execute(Lorg/gradle/internal/invocation/BuildAction;Lorg/gradle/internal/session/BuildSessionContext;)Lorg/gradle/internal/buildtree/BuildActionRunner$Result;+23
j  org.gradle.launcher.exec.RunAsWorkerThreadBuildActionExecutor.lambda$execute$0(Lorg/gradle/internal/invocation/BuildAction;Lorg/gradle/internal/session/BuildSessionContext;)Lorg/gradle/internal/buildtree/BuildActionRunner$Result;+6
j  org.gradle.launcher.exec.RunAsWorkerThreadBuildActionExecutor$$Lambda+0x00000208d5285df0.create()Ljava/lang/Object;+12
j  org.gradle.internal.work.DefaultWorkerLeaseService.withLocks(Ljava/util/Collection;Lorg/gradle/internal/Factory;)Ljava/lang/Object;+28
j  org.gradle.internal.work.DefaultWorkerLeaseService.runAsWorkerThread(Lorg/gradle/internal/Factory;)Ljava/lang/Object;+33
j  org.gradle.launcher.exec.RunAsWorkerThreadBuildActionExecutor.execute(Lorg/gradle/internal/invocation/BuildAction;Lorg/gradle/internal/session/BuildSessionContext;)Lorg/gradle/internal/buildtree/BuildActionRunner$Result;+12
j  org.gradle.tooling.internal.provider.continuous.ContinuousBuildActionExecutor.execute(Lorg/gradle/internal/invocation/BuildAction;Lorg/gradle/internal/session/BuildSessionContext;)Lorg/gradle/internal/buildtree/BuildActionRunner$Result;+58
j  org.gradle.tooling.internal.provider.SubscribableBuildActionExecutor.execute(Lorg/gradle/internal/invocation/BuildAction;Lorg/gradle/internal/session/BuildSessionContext;)Lorg/gradle/internal/buildtree/BuildActionRunner$Result;+30
j  org.gradle.internal.session.DefaultBuildSessionContext.execute(Lorg/gradle/internal/invocation/BuildAction;)Lorg/gradle/internal/buildtree/BuildActionRunner$Result;+64
j  org.gradle.internal.buildprocess.execution.BuildSessionLifecycleBuildActionExecutor$ActionImpl.apply(Lorg/gradle/internal/session/BuildSessionContext;)Lorg/gradle/launcher/exec/BuildActionResult;+6
j  org.gradle.internal.buildprocess.execution.BuildSessionLifecycleBuildActionExecutor$ActionImpl.apply(Ljava/lang/Object;)Ljava/lang/Object;+5
j  org.gradle.internal.session.BuildSessionState.run(Ljava/util/function/Function;)Ljava/lang/Object;+5
j  org.gradle.internal.buildprocess.execution.BuildSessionLifecycleBuildActionExecutor.execute(Lorg/gradle/internal/invocation/BuildAction;Lorg/gradle/launcher/exec/BuildActionParameters;Lorg/gradle/initialization/BuildRequestContext;)Lorg/gradle/launcher/exec/BuildActionResult;+95
j  org.gradle.internal.buildprocess.execution.BuildSessionLifecycleBuildActionExecutor.execute(Lorg/gradle/internal/invocation/BuildAction;Ljava/lang/Object;Ljava/lang/Object;)Lorg/gradle/launcher/exec/BuildActionResult;+10
j  org.gradle.internal.buildprocess.execution.StartParamsValidatingActionExecutor.execute(Lorg/gradle/internal/invocation/BuildAction;Lorg/gradle/launcher/exec/BuildActionParameters;Lorg/gradle/initialization/BuildRequestContext;)Lorg/gradle/launcher/exec/BuildActionResult;+203
j  org.gradle.internal.buildprocess.execution.StartParamsValidatingActionExecutor.execute(Lorg/gradle/internal/invocation/BuildAction;Ljava/lang/Object;Ljava/lang/Object;)Lorg/gradle/launcher/exec/BuildActionResult;+10
j  org.gradle.internal.buildprocess.execution.SessionFailureReportingActionExecutor.execute(Lorg/gradle/internal/invocation/BuildAction;Lorg/gradle/launcher/exec/BuildActionParameters;Lorg/gradle/initialization/BuildRequestContext;)Lorg/gradle/launcher/exec/BuildActionResult;+7
j  org.gradle.internal.buildprocess.execution.SessionFailureReportingActionExecutor.execute(Lorg/gradle/internal/invocation/BuildAction;Ljava/lang/Object;Ljava/lang/Object;)Lorg/gradle/launcher/exec/BuildActionResult;+10
j  org.gradle.internal.buildprocess.execution.SetupLoggingActionExecutor.execute(Lorg/gradle/internal/invocation/BuildAction;Lorg/gradle/launcher/exec/BuildActionParameters;Lorg/gradle/initialization/BuildRequestContext;)Lorg/gradle/launcher/exec/BuildActionResult;+50
j  org.gradle.internal.buildprocess.execution.SetupLoggingActionExecutor.execute(Lorg/gradle/internal/invocation/BuildAction;Ljava/lang/Object;Ljava/lang/Object;)Lorg/gradle/launcher/exec/BuildActionResult;+10
j  org.gradle.launcher.daemon.server.exec.ExecuteBuild.doBuild(Lorg/gradle/launcher/daemon/server/api/DaemonCommandExecution;Lorg/gradle/launcher/daemon/protocol/Build;)V+147
j  org.gradle.launcher.daemon.server.exec.BuildCommandOnly.execute(Lorg/gradle/launcher/daemon/server/api/DaemonCommandExecution;)V+49
j  org.gradle.launcher.daemon.server.api.DaemonCommandExecution.proceed()Z+23
j  org.gradle.launcher.daemon.server.exec.WatchForDisconnection.execute(Lorg/gradle/launcher/daemon/server/api/DaemonCommandExecution;)V+19
j  org.gradle.launcher.daemon.server.api.DaemonCommandExecution.proceed()Z+23
j  org.gradle.launcher.daemon.server.exec.ResetDeprecationLogger.execute(Lorg/gradle/launcher/daemon/server/api/DaemonCommandExecution;)V+7
j  org.gradle.launcher.daemon.server.api.DaemonCommandExecution.proceed()Z+23
j  org.gradle.launcher.daemon.server.exec.RequestStopIfSingleUsedDaemon.execute(Lorg/gradle/launcher/daemon/server/api/DaemonCommandExecution;)V+33
j  org.gradle.launcher.daemon.server.api.DaemonCommandExecution.proceed()Z+23
j  org.gradle.launcher.daemon.server.exec.ForwardClientInput.lambda$execute$0(Lorg/gradle/launcher/daemon/server/api/DaemonCommandExecution;Lorg/gradle/internal/daemon/clientinput/StdinHandler;)Ljava/lang/Object;+11
j  org.gradle.launcher.daemon.server.exec.ForwardClientInput$$Lambda+0x00000208d518f1f0.apply(Ljava/lang/Object;)Ljava/lang/Object;+8
j  org.gradle.internal.daemon.clientinput.ClientInputForwarder.forwardInput(Ljava/util/function/Function;)Ljava/lang/Object;+46
j  org.gradle.launcher.daemon.server.exec.ForwardClientInput.execute(Lorg/gradle/launcher/daemon/server/api/DaemonCommandExecution;)V+10
j  org.gradle.launcher.daemon.server.api.DaemonCommandExecution.proceed()Z+23
j  org.gradle.launcher.daemon.server.exec.LogAndCheckHealth.execute(Lorg/gradle/launcher/daemon/server/api/DaemonCommandExecution;)V+51
j  org.gradle.launcher.daemon.server.api.DaemonCommandExecution.proceed()Z+23
j  org.gradle.launcher.daemon.server.exec.LogToClient.doBuild(Lorg/gradle/launcher/daemon/server/api/DaemonCommandExecution;Lorg/gradle/launcher/daemon/protocol/Build;)V+87
j  org.gradle.launcher.daemon.server.exec.BuildCommandOnly.execute(Lorg/gradle/launcher/daemon/server/api/DaemonCommandExecution;)V+49
j  org.gradle.launcher.daemon.server.api.DaemonCommandExecution.proceed()Z+23
j  org.gradle.launcher.daemon.server.exec.EstablishBuildEnvironment.doBuild(Lorg/gradle/launcher/daemon/server/api/DaemonCommandExecution;Lorg/gradle/launcher/daemon/protocol/Build;)V+356
j  org.gradle.launcher.daemon.server.exec.BuildCommandOnly.execute(Lorg/gradle/launcher/daemon/server/api/DaemonCommandExecution;)V+49
j  org.gradle.launcher.daemon.server.api.DaemonCommandExecution.proceed()Z+23
j  org.gradle.launcher.daemon.server.exec.StartBuildOrRespondWithBusy$1.run()V+44
j  org.gradle.launcher.daemon.server.DaemonStateCoordinator.lambda$runCommand$0(Ljava/lang/Runnable;)V+1
j  org.gradle.launcher.daemon.server.DaemonStateCoordinator$$Lambda+0x00000208d518bb60.run()V+8
j  org.gradle.internal.concurrent.ExecutorPolicy$CatchAndRecordFailures.onExecute(Ljava/lang/Runnable;)V+1
j  org.gradle.internal.concurrent.AbstractManagedExecutor$1.run()V+25
j  java.util.concurrent.ThreadPoolExecutor.runWorker(Ljava/util/concurrent/ThreadPoolExecutor$Worker;)V+92 java.base@21.0.12.1
j  java.util.concurrent.ThreadPoolExecutor$Worker.run()V+5 java.base@21.0.12.1
j  java.lang.Thread.runWith(Ljava/lang/Object;Ljava/lang/Runnable;)V+5 java.base@21.0.12.1
j  java.lang.Thread.run()V+19 java.base@21.0.12.1
v  ~StubRoutines::call_stub 0x00000208c599100d

Compiled method (n/a) 96090 1821     n 0       java.lang.ClassLoader::defineClass0 (native)
 total in heap  [0x00000208c5ff1590,0x00000208c5ff1b50] = 1472
 relocation     [0x00000208c5ff16f0,0x00000208c5ff1728] = 56
 main code      [0x00000208c5ff1740,0x00000208c5ff1b4c] = 1036
 stub code      [0x00000208c5ff1b4c,0x00000208c5ff1b50] = 4

[Constant Pool (empty)]

[MachCode]
[Entry Point]
  # {method} {0x00000208d4434610} 'defineClass0' '(Ljava/lang/ClassLoader;Ljava/lang/Class;Ljava/lang/String;[BIILjava/security/ProtectionDomain;ZILjava/lang/Object;)Ljava/lang/Class;' in 'java/lang/ClassLoader'
  # parm0:    rdx:rdx   = 'java/lang/ClassLoader'
  # parm1:    r8:r8     = 'java/lang/Class'
  # parm2:    r9:r9     = 'java/lang/String'
  # parm3:    rdi:rdi   = '[B'
  # parm4:    rsi       = int
  # parm5:    rcx       = int
  # parm6:    [sp+0xb0]   = 'java/security/ProtectionDomain'  (sp of caller)
  # parm7:    [sp+0xb8]   = boolean
  # parm8:    [sp+0xc0]   = int
  # parm9:    [sp+0xc8]   = 'java/lang/Object'
  0x00000208c5ff1740: 448b 5208 | 49bb 0000 | 00d4 0802 | 0000 4d03 | d349 3bc2 | 0f84 0600 

  0x00000208c5ff1758: ;   {runtime_call ic_miss_stub}
  0x00000208c5ff1758: 0000 e921 | d09e ff90 
[Verified Entry Point]
  0x00000208c5ff1760: 8984 2400 | 80ff ff55 | 488b ec48 | 81ec a000 | 0000 6690 | 4181 7f20 | 0700 0000 

  0x00000208c5ff177c: ;   {runtime_call StubRoutines (final stubs)}
  0x00000208c5ff177c: 7405 e81d | 4d9d ff48 | 837d 2800 | 488d 4528 | 480f 4445 | 2848 8944 | 2458 4863 | 4520 4889 
  0x00000208c5ff179c: 4424 5048 | 6345 1848 | 8944 2448 | 4883 7d10 | 0048 8d45 | 1048 0f44 | 4510 4889 | 4424 4048 
  0x00000208c5ff17bc: 894c 2438 | 4889 7424 | 3048 897c | 2478 4883 | ff00 488d | 4424 7848 | 0f44 4424 | 7848 8944 
  0x00000208c5ff17dc: 2428 4c89 | 4c24 7049 | 83f9 0048 | 8d44 2470 | 480f 4444 | 2470 4889 | 4424 204c | 8944 2468 
  0x00000208c5ff17fc: 4983 f800 | 4c8d 4c24 | 684c 0f44 | 4c24 6848 | 8954 2460 | 4883 fa00 | 4c8d 4424 | 604c 0f44 
  0x00000208c5ff181c: ;   {oop(a 'java/lang/Class'{0x00000000800e9b38} = 'java/lang/ClassLoader')}
  0x00000208c5ff181c: 4424 6049 | be38 9b0e | 8000 0000 | 004c 89b4 | 2490 0000 | 004c 8db4 | 2490 0000 | 0049 8bd6 
  0x00000208c5ff183c: ;   {internal_word}
  0x00000208c5ff183c: c5f8 7749 | ba3c 18ff | c508 0200 | 004d 8997 | a803 0000 | 4989 a7a0 

  0x00000208c5ff1854: ;   {external_word}
  0x00000208c5ff1854: 0300 0049 | ba06 6dd8 | 95ff 7f00 | 0041 803a | 000f 844e | 0000 0052 | 4150 4151 

  0x00000208c5ff1870: ;   {metadata({method} {0x00000208d4434610} 'defineClass0' '(Ljava/lang/ClassLoader;Ljava/lang/Class;Ljava/lang/String;[BIILjava/security/ProtectionDomain;ZILjava/lang/Object;)Ljava/lang/Class;' in 'java/lang/ClassLoader')}
  0x00000208c5ff1870: 48ba 0846 | 43d4 0802 | 0000 498b | cf48 83ec | 2040 f6c4 | 0f0f 8419 | 0000 0048 

  0x00000208c5ff188c: ;   {runtime_call}
  0x00000208c5ff188c: 83ec 0848 | b8e0 ea81 | 95ff 7f00 | 00ff d048 | 83c4 08e9 | 0c00 0000 

  0x00000208c5ff18a4: ;   {runtime_call}
  0x00000208c5ff18a4: 48b8 e0ea | 8195 ff7f | 0000 ffd0 | 4883 c420 | 4159 4158 | 5a49 8d8f | c003 0000 | 41c7 874c 
  0x00000208c5ff18c4: 0400 0004 

  0x00000208c5ff18c8: ;   {runtime_call}
  0x00000208c5ff18c8: 0000 0048 | b81c 15b3 | 01f8 7f00 | 00ff d0c5 | f877 41c7 | 874c 0400 | 0005 0000 | 00f0 8344 
  0x00000208c5ff18e8: 24c0 0049 | 3baf 5004 | 0000 0f87 | 0e00 0000 | 4183 bf48 | 0400 0000 | 0f84 2b00 | 0000 c5f8 
  0x00000208c5ff1908: 7748 8945 | f849 8bcf | 4c8b e448 | 83ec 2048 

  0x00000208c5ff1918: ;   {runtime_call}
  0x00000208c5ff1918: 83e4 f048 | b800 584d | 95ff 7f00 | 00ff d049 | 8be4 4d33 | e448 8b45 | f841 c787 | 4c04 0000 
  0x00000208c5ff1938: 0800 0000 | 4183 bfc8 | 0400 0002 | 0f84 d501 

  0x00000208c5ff1948: ;   {external_word}
  0x00000208c5ff1948: 0000 49ba | 066d d895 | ff7f 0000 | 4180 3a00 | 0f84 4c00 | 0000 4889 

  0x00000208c5ff1960: ;   {metadata({method} {0x00000208d4434610} 'defineClass0' '(Ljava/lang/ClassLoader;Ljava/lang/Class;Ljava/lang/String;[BIILjava/security/ProtectionDomain;ZILjava/lang/Object;)Ljava/lang/Class;' in 'java/lang/ClassLoader')}
  0x00000208c5ff1960: 45f8 48ba | 0846 43d4 | 0802 0000 | 498b cf48 | 83ec 2040 | f6c4 0f0f | 8419 0000 | 0048 83ec 
  0x00000208c5ff1980: ;   {runtime_call}
  0x00000208c5ff1980: 0848 b8e0 | ea81 95ff | 7f00 00ff | d048 83c4 | 08e9 0c00 

  0x00000208c5ff1994: ;   {runtime_call}
  0x00000208c5ff1994: 0000 48b8 | e0ea 8195 | ff7f 0000 | ffd0 4883 | c420 488b | 45f8 49c7 | 87a0 0300 | 0000 0000 
  0x00000208c5ff19b4: 0049 c787 | a803 0000 | 0000 0000 | c5f8 7748 | 85c0 0f84 | 3001 0000 | a803 0f85 | 0800 0000 
  0x00000208c5ff19d4: 488b 00e9 | 2001 0000 | a801 0f85 | 0900 0000 | 488b 40fe | e90f 0100 | 0048 8b40 | ff41 807f 
  0x00000208c5ff19f4: 4000 0f84 | 0001 0000 | 4883 f800 | 0f84 f600 | 0000 498b | 4f28 4883 | f900 0f84 | 1400 0000 
  0x00000208c5ff1a14: 4883 e908 | 4989 4f28 | 4903 4f38 | 4889 01e9 | d400 0000 | 4883 ec70 | 4889 0424 | 4889 4c24 
  0x00000208c5ff1a34: 0848 8954 | 2410 4c89 | 4424 184c | 894c 2420 | 4c89 5424 | 284c 895c | 2430 c5fb | 1144 2440 
  0x00000208c5ff1a54: c5fb 114c | 2448 c5fb | 1154 2450 | c5fb 115c | 2458 c5fb | 1164 2460 | c5fb 116c | 2468 498b 
  0x00000208c5ff1a74: d748 8bc8 | 4883 ec20 | 40f6 c40f | 0f84 1900 | 0000 4883 

  0x00000208c5ff1a88: ;   {runtime_call}
  0x00000208c5ff1a88: ec08 48b8 | 20a4 4095 | ff7f 0000 | ffd0 4883 | c408 e90c 

  0x00000208c5ff1a9c: ;   {runtime_call}
  0x00000208c5ff1a9c: 0000 0048 | b820 a440 | 95ff 7f00 | 00ff d048 | 83c4 20c5 | fb10 6c24 | 68c5 fb10 | 6424 60c5 
  0x00000208c5ff1abc: fb10 5c24 | 58c5 fb10 | 5424 50c5 | fb10 4c24 | 48c5 fb10 | 4424 404c | 8b5c 2430 | 4c8b 5424 
  0x00000208c5ff1adc: 284c 8b4c | 2420 4c8b | 4424 1848 | 8b54 2410 | 488b 4c24 | 0848 8b04 | 2448 83c4 | 70c5 f877 
  0x00000208c5ff1afc: 498b 8f30 | 0400 00c7 | 8100 0100 | 0000 0000 | 00c9 4983 | 7f08 000f | 8501 0000 

  0x00000208c5ff1b18: ;   {runtime_call StubRoutines (initial stubs)}
  0x00000208c5ff1b18: 00c3 e9e1 | f399 ffc5 | f877 4889 | 45f8 4c8b | e448 83ec | 2048 83e4 

  0x00000208c5ff1b30: ;   {runtime_call}
  0x00000208c5ff1b30: f048 b830 | 2282 95ff | 7f00 00ff | d049 8be4 | 4d33 e448 | 8b45 f8e9 | fefd ffff 
[Stub Code]
  0x00000208c5ff1b4c: f4f4 f4f4 
[/MachCode]


Compiled method (c1) 96136 2684       3       java.lang.System$2::defineClass (21 bytes)
 total in heap  [0x00000208be19a410,0x00000208be19a7f0] = 992
 relocation     [0x00000208be19a570,0x00000208be19a5b0] = 64
 main code      [0x00000208be19a5c0,0x00000208be19a6f8] = 312
 stub code      [0x00000208be19a6f8,0x00000208be19a738] = 64
 metadata       [0x00000208be19a738,0x00000208be19a740] = 8
 scopes data    [0x00000208be19a740,0x00000208be19a788] = 72
 scopes pcs     [0x00000208be19a788,0x00000208be19a7d8] = 80
 dependencies   [0x00000208be19a7d8,0x00000208be19a7e0] = 8
 nul chk table  [0x00000208be19a7e0,0x00000208be19a7f0] = 16

[Constant Pool (empty)]

[MachCode]
[Entry Point]
  # {method} {0x00000208d4019588} 'defineClass' '(Ljava/lang/ClassLoader;Ljava/lang/Class;Ljava/lang/String;[BLjava/security/ProtectionDomain;ZILjava/lang/Object;)Ljava/lang/Class;' in 'java/lang/System$2'
  # this:     rdx:rdx   = 'java/lang/System$2'
  # parm0:    r8:r8     = 'java/lang/ClassLoader'
  # parm1:    r9:r9     = 'java/lang/Class'
  # parm2:    rdi:rdi   = 'java/lang/String'
  # parm3:    rsi:rsi   = '[B'
  # parm4:    rcx:rcx   = 'java/security/ProtectionDomain'
  # parm5:    [sp+0x70]   = boolean  (sp of caller)
  # parm6:    [sp+0x78]   = int
  # parm7:    [sp+0x80]   = 'java/lang/Object'
  0x00000208be19a5c0: 448b 5208 | 49bb 0000 | 00d4 0802 | 0000 4d03 | d34c 3bd0 

  0x00000208be19a5d4: ;   {runtime_call ic_miss_stub}
  0x00000208be19a5d4: 0f85 a641 | 8407 660f | 1f44 0000 
[Verified Entry Point]
  0x00000208be19a5e0: 8984 2400 | 80ff ff55 | 4883 ec60 | 4181 7f20 | 0700 0000 

  0x00000208be19a5f4: ;   {runtime_call StubRoutines (final stubs)}
  0x00000208be19a5f4: 7405 e8a5 | be82 0748 

  0x00000208be19a5fc: ;   {metadata(method data for {method} {0x00000208d4019588} 'defineClass' '(Ljava/lang/ClassLoader;Ljava/lang/Class;Ljava/lang/String;[BLjava/security/ProtectionDomain;ZILjava/lang/Object;)Ljava/lang/Class;' in 'java/lang/System$2')}
  0x00000208be19a5fc: 8bd9 48b9 | 5006 9cef | 0802 0000 | 8b81 cc00 | 0000 83c0 | 0289 81cc | 0000 0025 | fe07 0000 
  0x00000208be19a61c: 85c0 0f84 | 6b00 0000 | 4c8b ac24 | 8000 0000 | 448b 5c24 | 788b 4424 | 708b 4e0c 

  0x00000208be19a638: ;   {metadata(method data for {method} {0x00000208d4019588} 'defineClass' '(Ljava/lang/ClassLoader;Ljava/lang/Class;Ljava/lang/String;[BLjava/security/ProtectionDomain;ZILjava/lang/Object;)Ljava/lang/Class;' in 'java/lang/System$2')}
  0x00000208be19a638: 48ba 5006 | 9cef 0802 | 0000 4883 | 8210 0100 | 0001 498b | d04d 8bc1 | 4c8b cf48 | 8bfe be00 
  0x00000208be19a658: 0000 0048 | 891c 2489 | 4424 0844 | 895c 2410 | 4c89 6c24 

  0x00000208be19a66c: ;   {static_call}
  0x00000208be19a66c: 1866 90e8 

  0x00000208be19a670: ; ImmutableOopMap {}
                      ;*invokestatic defineClass0 {reexecute=0 rethrow=0 return_oop=0}
                      ; - java.lang.System$2::defineClass@17
  0x00000208be19a670: ec70 e507 

  0x00000208be19a674: ;   {other}
  0x00000208be19a674: 0f1f 8400 | 6402 0000 | 4883 c460 

  0x00000208be19a680: ;   {poll_return}
  0x00000208be19a680: 5d49 3ba7 | 5004 0000 | 0f87 2700 

  0x00000208be19a68c: ;   {metadata({method} {0x00000208d4019588} 'defineClass' '(Ljava/lang/ClassLoader;Ljava/lang/Class;Ljava/lang/String;[BLjava/security/ProtectionDomain;ZILjava/lang/Object;)Ljava/lang/Class;' in 'java/lang/System$2')}
  0x00000208be19a68c: 0000 c349 | ba80 9501 | d408 0200 | 004c 8954 | 2408 48c7 | 0424 ffff 

  0x00000208be19a6a4: ;   {runtime_call counter_overflow Runtime1 stub}
  0x00000208be19a6a4: ffff e855 

  0x00000208be19a6a8: ; ImmutableOopMap {rdx=Oop r8=Oop r9=Oop rdi=Oop rsi=Oop rbx=Oop [128]=Oop }
                      ;*synchronization entry
                      ; - java.lang.System$2::defineClass@-1
  0x00000208be19a6a8: 6b90 07e9 | 74ff ffff 

  0x00000208be19a6b0: ;   {runtime_call throw_null_pointer_exception Runtime1 stub}
  0x00000208be19a6b0: e84b 0690 

  0x00000208be19a6b4: ; ImmutableOopMap {r8=Oop r9=Oop rdi=Oop rsi=Oop rbx=Oop r13=Oop [128]=Oop }
                      ;*arraylength {reexecute=0 rethrow=0 return_oop=0}
                      ; - java.lang.System$2::defineClass@8
                      ;   {internal_word}
  0x00000208be19a6b4: 0749 ba81 | a619 be08 | 0200 004d | 8997 6804 

  0x00000208be19a6c4: ;   {runtime_call SafepointBlob}
  0x00000208be19a6c4: 0000 e9b5 | ad84 0749 | 8b87 0005 | 0000 49c7 | 8700 0500 | 0000 0000 | 0049 c787 | 0805 0000 
  0x00000208be19a6e4: 0000 0000 | 4883 c460 

  0x00000208be19a6ec: ;   {runtime_call unwind_exception Runtime1 stub}
  0x00000208be19a6ec: 5de9 8e0e | 8f07 f4f4 | f4f4 f4f4 
[Stub Code]
  0x00000208be19a6f8: ;   {no_reloc}
  0x00000208be19a6f8: 48bb 0000 | 0000 0000 

  0x00000208be19a700: ;   {runtime_call nmethod}
  0x00000208be19a700: 0000 e9fb 

  0x00000208be19a704: ;   {runtime_call handle_exception_from_callee Runtime1 stub}
  0x00000208be19a704: ffff ffe8 | f433 9007 

  0x00000208be19a70c: ;   {external_word}
  0x00000208be19a70c: 48b9 5063 | ae95 ff7f | 0000 4883 

  0x00000208be19a718: ;   {runtime_call}
  0x00000208be19a718: e4f0 48b8 | c0c9 7095 | ff7f 0000 

  0x00000208be19a724: ;   {section_word}
  0x00000208be19a724: ffd0 f449 | ba27 a719 | be08 0200 

  0x00000208be19a730: ;   {runtime_call DeoptimizationBlob}
  0x00000208be19a730: 0041 52e9 | e89f 8407 
[/MachCode]


Compiled method (c1) 96157 2683   !   3       java.lang.invoke.MethodHandles$Lookup$ClassDefiner::defineClass (213 bytes)
 total in heap  [0x00000208be199190,0x00000208be19a3f0] = 4704
 relocation     [0x00000208be1992f0,0x00000208be199410] = 288
 main code      [0x00000208be199420,0x00000208be199e88] = 2664
 stub code      [0x00000208be199e88,0x00000208be199f00] = 120
 metadata       [0x00000208be199f00,0x00000208be199f70] = 112
 scopes data    [0x00000208be199f70,0x00000208be19a188] = 536
 scopes pcs     [0x00000208be19a188,0x00000208be19a348] = 448
 dependencies   [0x00000208be19a348,0x00000208be19a360] = 24
 handler table  [0x00000208be19a360,0x00000208be19a3a8] = 72
 nul chk table  [0x00000208be19a3a8,0x00000208be19a3f0] = 72

[Constant Pool (empty)]

[MachCode]
[Entry Point]
  # {method} {0x00000208d41eae68} 'defineClass' '(ZLjava/lang/Object;)Ljava/lang/Class;' in 'java/lang/invoke/MethodHandles$Lookup$ClassDefiner'
  # this:     rdx:rdx   = 'java/lang/invoke/MethodHandles$Lookup$ClassDefiner'
  # parm0:    r8        = boolean
  # parm1:    r9:r9     = 'java/lang/Object'
  #           [sp+0xf0]  (sp of caller)
  0x00000208be199420: 448b 5208 | 49bb 0000 | 00d4 0802 | 0000 4d03 | d34c 3bd0 

  0x00000208be199434: ;   {runtime_call ic_miss_stub}
  0x00000208be199434: 0f85 4653 | 8407 660f | 1f44 0000 
[Verified Entry Point]
  0x00000208be199440: 8984 2400 | 80ff ff55 | 4881 ece0 | 0000 0090 | 4181 7f20 | 0700 0000 

  0x00000208be199458: ;   {runtime_call StubRoutines (final stubs)}
  0x00000208be199458: 7405 e841 | d082 0748 | 8994 2498 | 0000 0044 | 8984 24b0 | 0000 004c | 898c 24b8 

  0x00000208be199474: ;   {metadata(method data for {method} {0x00000208d41eae68} 'defineClass' '(ZLjava/lang/Object;)Ljava/lang/Class;' in 'java/lang/invoke/MethodHandles$Lookup$ClassDefiner')}
  0x00000208be199474: 0000 0048 | be28 fb9b | ef08 0200 | 008b becc | 0000 0083 | c702 89be | cc00 0000 | 81e7 fe07 
  0x00000208be199494: 0000 85ff | 0f84 6b07 | 0000 8b72 | 1048 89b4 | 2490 0000 | 0048 3b06 

  0x00000208be1994ac: ;   {metadata(method data for {method} {0x00000208d41eae68} 'defineClass' '(ZLjava/lang/Object;)Ljava/lang/Class;' in 'java/lang/invoke/MethodHandles$Lookup$ClassDefiner')}
  0x00000208be1994ac: 488b fe48 | bb28 fb9b | ef08 0200 | 0048 8383 | 1001 0000 | 018b 7e10 | 4889 bc24 | a800 0000 
  0x00000208be1994cc: ; implicit exception: dispatches to 0x00000208be199c2f
  0x00000208be1994cc: 483b 0748 

  0x00000208be1994d0: ;   {metadata(method data for {method} {0x00000208d41eae68} 'defineClass' '(ZLjava/lang/Object;)Ljava/lang/Class;' in 'java/lang/invoke/MethodHandles$Lookup$ClassDefiner')}
  0x00000208be1994d0: 8bdf 48b8 | 28fb 9bef | 0802 0000 | 4883 8048 | 0100 0001 

  0x00000208be1994e4: ;   {metadata(method data for {method} {0x00000208d4468e60} 'getClassLoader' '()Ljava/lang/ClassLoader;' in 'java/lang/Class')}
  0x00000208be1994e4: 48bb d03a | 02ef 0802 | 0000 8b83 | cc00 0000 | 83c0 0289 | 83cc 0000 | 0025 feff | 1f00 85c0 
  0x00000208be199504: 0f84 2a07 | 0000 8b5f | 3448 85db 

  0x00000208be199510: ;   {metadata(method data for {method} {0x00000208d4468e60} 'getClassLoader' '()Ljava/lang/ClassLoader;' in 'java/lang/Class')}
  0x00000208be199510: 48b8 d03a | 02ef 0802 | 0000 48c7 | c110 0100 | 0075 0748 | c7c1 2001 | 0000 4c8b | 1c08 4d8d 
  0x00000208be199530: 5b01 4c89 | 1c08 0f85 | 0f00 0000 

  0x00000208be19953c: ;   {oop(nullptr)}
  0x00000208be19953c: 48bb 0000 | 0000 0000 | 0000 e9a2 

  0x00000208be199548: ;   {metadata(method data for {method} {0x00000208d4468e60} 'getClassLoader' '()Ljava/lang/ClassLoader;' in 'java/lang/Class')}
  0x00000208be199548: 0000 0048 | b8d0 3a02 | ef08 0200 | 0048 8380 | 3001 0000 

  0x00000208be19955c: ;   {metadata(method data for {method} {0x00000208d401b1d0} 'getSecurityManager' '()Ljava/lang/SecurityManager;' in 'java/lang/System')}
  0x00000208be19955c: 0148 b890 | 3c02 ef08 | 0200 008b | 88cc 0000 | 0083 c102 | 8988 cc00 | 0000 81e1 | feff 1f00 
  0x00000208be19957c: 85c9 0f84 | d106 0000 

  0x00000208be199584: ;   {metadata(method data for {method} {0x00000208d401b1d0} 'getSecurityManager' '()Ljava/lang/SecurityManager;' in 'java/lang/System')}
  0x00000208be199584: 48b8 903c | 02ef 0802 | 0000 4883 | 8010 0100 

  0x00000208be199594: ;   {metadata(method data for {method} {0x00000208d401b2e8} 'allowSecurityManager' '()Z' in 'java/lang/System')}
  0x00000208be199594: 0001 48b8 | 083e 02ef | 0802 0000 | 8b88 cc00 | 0000 83c1 | 0289 88cc | 0000 0081 | e1fe ff1f 
  0x00000208be1995b4: 0085 c90f | 84b9 0600 

  0x00000208be1995bc: ;   {metadata(method data for {method} {0x00000208d401b2e8} 'allowSecurityManager' '()Z' in 'java/lang/System')}
  0x00000208be1995bc: 0048 b808 | 3e02 ef08 | 0200 00ff | 8010 0100 

  0x00000208be1995cc: ;   {metadata(method data for {method} {0x00000208d401b1d0} 'getSecurityManager' '()Ljava/lang/SecurityManager;' in 'java/lang/System')}
  0x00000208be1995cc: 0048 b890 | 3c02 ef08 | 0200 00ff | 8020 0100 

  0x00000208be1995dc: ;   {metadata(method data for {method} {0x00000208d4468e60} 'getClassLoader' '()Ljava/lang/ClassLoader;' in 'java/lang/Class')}
  0x00000208be1995dc: 0048 b8d0 | 3a02 ef08 | 0200 00ff | 8040 0100 | 0048 85db 

  0x00000208be1995f0: ;   {metadata(method data for {method} {0x00000208d41eae68} 'defineClass' '(ZLjava/lang/Object;)Ljava/lang/Class;' in 'java/lang/invoke/MethodHandles$Lookup$ClassDefiner')}
  0x00000208be1995f0: 48b8 28fb | 9bef 0802 | 0000 48c7 | c180 0100 | 0074 0748 | c7c1 9001 | 0000 4c8b | 1c08 4d8d 
  0x00000208be199610: 5b01 4c89 | 1c08 0f84 | 4b02 0000 

  0x00000208be19961c: ;   {metadata(method data for {method} {0x00000208d41eae68} 'defineClass' '(ZLjava/lang/Object;)Ljava/lang/Class;' in 'java/lang/invoke/MethodHandles$Lookup$ClassDefiner')}
  0x00000208be19961c: 488b c648 | b928 fb9b | ef08 0200 | 0048 8381 | a001 0000 

  0x00000208be199630: ;   {metadata(method data for {method} {0x00000208d43e0578} 'lookupClassProtectionDomain' '()Ljava/security/ProtectionDomain;' in 'java/lang/invoke/MethodHandles$Lookup')}
  0x00000208be199630: 0148 b860 | 019c ef08 | 0200 008b | 88cc 0000 | 0083 c102 | 8988 cc00 | 0000 81e1 | feff 1f00 
  0x00000208be199650: 85c9 0f84 | 3f06 0000 | 8b46 1848 

  0x00000208be19965c: ;   {metadata(method data for {method} {0x00000208d43e0578} 'lookupClassProtectionDomain' '()Ljava/security/ProtectionDomain;' in 'java/lang/invoke/MethodHandles$Lookup')}
  0x00000208be19965c: 85c0 48b9 | 6001 9cef | 0802 0000 | 49c7 c310 | 0100 0075 | 0749 c7c3 | 2001 0000 | 4e8b 2c19 
  0x00000208be19967c: 4d8d 6d01 | 4e89 2c19 | 4889 9c24 | a000 0000 | 0f85 bf01 

  0x00000208be199690: ;   {metadata(method data for {method} {0x00000208d43e0578} 'lookupClassProtectionDomain' '()Ljava/security/ProtectionDomain;' in 'java/lang/invoke/MethodHandles$Lookup')}
  0x00000208be199690: 0000 48b8 | 6001 9cef | 0802 0000 | 4883 8030 | 0100 0001 

  0x00000208be1996a4: ;   {metadata(method data for {method} {0x00000208d4473b88} 'getJavaLangAccess' '()Ljdk/internal/access/JavaLangAccess;' in 'jdk/internal/access/SharedSecrets')}
  0x00000208be1996a4: 48b8 b00f | 18ef 0802 | 0000 8b88 | cc00 0000 | 83c1 0289 | 88cc 0000 | 0081 e1fe | ff1f 0085 
  0x00000208be1996c4: c90f 84ed 

  0x00000208be1996c8: ;   {oop(a 'java/lang/Class'{0x0000000080022b10} = 'jdk/internal/access/SharedSecrets')}
  0x00000208be1996c8: 0500 0048 | b810 2b02 | 8000 0000 | 008b 407c | 8b4e 1048 | 85c0 0f84 | 2a00 0000 

  0x00000208be1996e4: ;   {metadata('java/lang/System$2')}
  0x00000208be1996e4: 48be 6082 | 01d4 0802 | 0000 448b | 7008 49ba | 0000 00d4 | 0802 0000 | 4d03 f249 | 3b76 380f 
  0x00000208be199704: 85d0 0500 | 00e9 0000 | 0000 4c8b | d848 3b00 

  0x00000208be199714: ;   {metadata(method data for {method} {0x00000208d43e0578} 'lookupClassProtectionDomain' '()Ljava/security/ProtectionDomain;' in 'java/lang/invoke/MethodHandles$Lookup')}
  0x00000208be199714: 48be 6001 | 9cef 0802 

  0x00000208be19971c: ;   {metadata('java/lang/System$2')}
  0x00000208be19971c: 0000 49ba | 6082 01d4 | 0802 0000 | 4c89 9650 | 0100 0048 | 8386 5801 

  0x00000208be199734: ;   {metadata(method data for {method} {0x00000208d40192c8} 'protectionDomain' '(Ljava/lang/Class;)Ljava/security/ProtectionDomain;' in 'java/lang/System$2')}
  0x00000208be199734: 0000 0148 | be18 039c | ef08 0200 | 008b 86cc | 0000 0083 | c002 8986 | cc00 0000 | 25fe ff1f 
  0x00000208be199754: 0085 c00f | 8486 0500 | 0048 3b01 

  0x00000208be199760: ;   {metadata(method data for {method} {0x00000208d40192c8} 'protectionDomain' '(Ljava/lang/Class;)Ljava/security/ProtectionDomain;' in 'java/lang/System$2')}
  0x00000208be199760: 488b f148 | b818 039c | ef08 0200 | 0048 8380 | 1001 0000 

  0x00000208be199774: ;   {metadata(method data for {method} {0x00000208d4467bb8} 'protectionDomain' '()Ljava/security/ProtectionDomain;' in 'java/lang/Class')}
  0x00000208be199774: 0148 bea8 | 049c ef08 | 0200 008b | 86cc 0000 | 0083 c002 | 8986 cc00 | 0000 25fe | ff1f 0085 
  0x00000208be199794: c00f 846e | 0500 0048 

  0x00000208be19979c: ;   {metadata(method data for {method} {0x00000208d4467bb8} 'protectionDomain' '()Ljava/security/ProtectionDomain;' in 'java/lang/Class')}
  0x00000208be19979c: 8bf1 48b8 | a804 9cef | 0802 0000 | 4883 8010 | 0100 0001 | 488b d10f 

  0x00000208be1997b4: ;   {optimized virtual_call}
  0x00000208be1997b4: 1f40 00e8 

  0x00000208be1997b8: ; ImmutableOopMap {[144]=Oop [152]=Oop [160]=Oop [168]=Oop [184]=Oop }
                      ;*invokevirtual getProtectionDomain0 {reexecute=0 rethrow=0 return_oop=0}
                      ; - java.lang.Class::protectionDomain@1
                      ; - java.lang.System$2::protectionDomain@1
                      ; - java.lang.invoke.MethodHandles$Lookup::lookupClassProtectionDomain@17
                      ; - java.lang.invoke.MethodHandles$Lookup$ClassDefiner::defineClass@23
  0x00000208be1997b8: a41f ed07 

  0x00000208be1997bc: ;   {other}
  0x00000208be1997bc: 0f1f 8400 | 2c06 0000 

  0x00000208be1997c4: ;   {metadata(method data for {method} {0x00000208d4467bb8} 'protectionDomain' '()Ljava/security/ProtectionDomain;' in 'java/lang/Class')}
  0x00000208be1997c4: 4885 c049 | b8a8 049c | ef08 0200 | 0049 c7c1 | 4801 0000 | 7507 49c7 | c158 0100 | 004b 8b3c 
  0x00000208be1997e4: 0848 8d7f | 014b 893c | 080f 8521 | 0000 000f | 1f44 0000 

  0x00000208be1997f8: ;   {no_reloc}
  0x00000208be1997f8: e9a5 0500 | 0000 0000 | 0000 660f | 1f44 0000 

  0x00000208be199808: ; implicit exception: dispatches to 0x00000208be199dac
  0x00000208be199808: e9b0 0500 | 0090 90e9 | 0300 0000 | 4c8b c048 | 8bb4 2490 | 0000 0045 | 0fbe 4f40 | 4585 c90f 
  0x00000208be199828: 859a 0500 | 004d 8bd0 | 4489 5618 | f083 4424 | c000 4c8b | ce4d 33c8 | 49c1 e914 | 4983 f900 
  0x00000208be199848: 0f85 9505 | 0000 498b 

  0x00000208be199850: ;   {metadata(method data for {method} {0x00000208d41eae68} 'defineClass' '(ZLjava/lang/Object;)Ljava/lang/Class;' in 'java/lang/invoke/MethodHandles$Lookup$ClassDefiner')}
  0x00000208be199850: c049 b828 | fb9b ef08 | 0200 0041 | ff80 d801 | 0000 e912 | 0000 0048 | 899c 24a0 

  0x00000208be19986c: ;   {oop(nullptr)}
  0x00000208be19986c: 0000 0048 | b800 0000 | 0000 0000 | 0048 8b9c | 24a0 0000 | 0048 8bbc | 24a8 0000 | 0048 8b94 
  0x00000208be19988c: 2498 0000 

  0x00000208be199890: ;   {metadata(method data for {method} {0x00000208d41eae68} 'defineClass' '(ZLjava/lang/Object;)Ljava/lang/Class;' in 'java/lang/invoke/MethodHandles$Lookup$ClassDefiner')}
  0x00000208be199890: 0049 b828 | fb9b ef08 | 0200 0049 | 8380 f001 

  0x00000208be1998a0: ;   {metadata(method data for {method} {0x00000208d4473b88} 'getJavaLangAccess' '()Ljdk/internal/access/JavaLangAccess;' in 'jdk/internal/access/SharedSecrets')}
  0x00000208be1998a0: 0000 0149 | b8b0 0f18 | ef08 0200 | 0045 8b88 | cc00 0000 | 4183 c102 | 4589 88cc | 0000 0041 
  0x00000208be1998c0: 81e1 feff | 1f00 4585 | c90f 842c 

  0x00000208be1998cc: ;   {oop(a 'java/lang/Class'{0x0000000080022b10} = 'jdk/internal/access/SharedSecrets')}
  0x00000208be1998cc: 0500 0049 | b810 2b02 | 8000 0000 | 0045 8b70 | 7c8b 7214 | 8b4a 1844 | 8b4a 0c4d | 85f6 0f84 
  0x00000208be1998ec: 2a00 0000 

  0x00000208be1998f0: ;   {metadata('java/lang/System$2')}
  0x00000208be1998f0: 49bb 6082 | 01d4 0802 | 0000 458b | 6e08 49ba | 0000 00d4 | 0802 0000 | 4d03 ea4d | 3b5d 380f 
  0x00000208be199910: 8507 0500 | 00e9 0000 | 0000 4d8b | c649 3b06 

  0x00000208be199920: ;   {metadata(method data for {method} {0x00000208d41eae68} 'defineClass' '(ZLjava/lang/Object;)Ljava/lang/Class;' in 'java/lang/invoke/MethodHandles$Lookup$ClassDefiner')}
  0x00000208be199920: 4d8b c648 | ba28 fb9b | ef08 0200 

  0x00000208be19992c: ;   {metadata('java/lang/System$2')}
  0x00000208be19992c: 0049 ba60 | 8201 d408 | 0200 004c | 8992 1002 | 0000 4883 | 8218 0200 | 0001 4c8b | c349 8bd1 
  0x00000208be19994c: 4c8b cf48 | 8bfe 488b | f148 8bc8 | 8b84 24b0 | 0000 0089 | 0424 8954 | 2408 488b | 9424 b800 
  0x00000208be19996c: 0000 4889 | 5424 1049 

  0x00000208be199974: ;   {optimized virtual_call}
  0x00000208be199974: 8bd6 90e8 

  0x00000208be199978: ; ImmutableOopMap {[152]=Oop [168]=Oop }
                      ;*invokeinterface defineClass {reexecute=0 rethrow=0 return_oop=0}
                      ; - java.lang.invoke.MethodHandles$Lookup$ClassDefiner::defineClass@57
  0x00000208be199978: 640c 0000 

  0x00000208be19997c: ;   {other}
  0x00000208be19997c: 0f1f 8400 | ec07 0001 

  0x00000208be199984: ;   {metadata(method data for {method} {0x00000208d41eae68} 'defineClass' '(ZLjava/lang/Object;)Ljava/lang/Class;' in 'java/lang/invoke/MethodHandles$Lookup$ClassDefiner')}
  0x00000208be199984: 49b8 28fb | 9bef 0802 | 0000 41ff | 8038 0200 | 0048 8b94 | 2498 0000 | 008b 721c 

  0x00000208be1999a0: ; implicit exception: dispatches to 0x00000208be199e26
  0x00000208be1999a0: 483b 064c 

  0x00000208be1999a4: ;   {metadata(method data for {method} {0x00000208d41eae68} 'defineClass' '(ZLjava/lang/Object;)Ljava/lang/Class;' in 'java/lang/invoke/MethodHandles$Lookup$ClassDefiner')}
  0x00000208be1999a4: 8bc6 49b9 | 28fb 9bef | 0802 0000 | 4983 8150 | 0300 0001 | 440f be46 | 0c41 83e0 | 0145 85c0 
  0x00000208be1999c4: ;   {metadata(method data for {method} {0x00000208d41eae68} 'defineClass' '(ZLjava/lang/Object;)Ljava/lang/Class;' in 'java/lang/invoke/MethodHandles$Lookup$ClassDefiner')}
  0x00000208be1999c4: 49b8 28fb | 9bef 0802 | 0000 49c7 | c188 0300 | 0074 0749 | c7c1 9803 | 0000 4b8b | 3c08 488d 
  0x00000208be1999e4: 7f01 4b89 | 3c08 0f84 | c401 0000 

  0x00000208be1999f0: ;   {metadata(method data for {method} {0x00000208d41eae68} 'defineClass' '(ZLjava/lang/Object;)Ljava/lang/Class;' in 'java/lang/invoke/MethodHandles$Lookup$ClassDefiner')}
  0x00000208be1999f0: 4c8b c249 | b928 fb9b | ef08 0200 

  0x00000208be1999fc: ;   {metadata('java/lang/invoke/MethodHandles$Lookup$ClassDefiner')}
  0x00000208be1999fc: 0049 ba28 | ac1e d408 | 0200 004d | 8991 b803 | 0000 4983 | 81c0 0300 | 0001 8b7a | 1448 85c0 
  0x00000208be199a1c: ;   {metadata(method data for {method} {0x00000208d41eae68} 'defineClass' '(ZLjava/lang/Object;)Ljava/lang/Class;' in 'java/lang/invoke/MethodHandles$Lookup$ClassDefiner')}
  0x00000208be199a1c: 49b8 28fb | 9bef 0802 | 0000 49c7 | c1e0 0300 | 0074 0749 | c7c1 f003 | 0000 4b8b | 1c08 488d 
  0x00000208be199a3c: 5b01 4b89 | 1c08 0f84 | 2b01 0000 | e9bd 0000 | 0048 8b94 | 2498 0000 | 0049 8b87 | 0005 0000 
  0x00000208be199a5c: 4d33 d24d | 8997 0005 | 0000 4d33 | d24d 8997 | 0805 0000 | 8b72 1c48 | 3b06 4c8b 

  0x00000208be199a78: ;   {metadata(method data for {method} {0x00000208d41eae68} 'defineClass' '(ZLjava/lang/Object;)Ljava/lang/Class;' in 'java/lang/invoke/MethodHandles$Lookup$ClassDefiner')}
  0x00000208be199a78: c649 b928 | fb9b ef08 | 0200 0049 | 8381 8804 | 0000 0144 | 0fbe 460c | 4183 e001 

  0x00000208be199a94: ;   {metadata(method data for {method} {0x00000208d41eae68} 'defineClass' '(ZLjava/lang/Object;)Ljava/lang/Class;' in 'java/lang/invoke/MethodHandles$Lookup$ClassDefiner')}
  0x00000208be199a94: 4585 c049 | b828 fb9b | ef08 0200 | 0049 c7c1 | c004 0000 | 7407 49c7 | c1d0 0400 | 004b 8b3c 
  0x00000208be199ab4: 0848 8d7f | 014b 893c | 080f 8441 | 0100 004c 

  0x00000208be199ac4: ;   {metadata(method data for {method} {0x00000208d41eae68} 'defineClass' '(ZLjava/lang/Object;)Ljava/lang/Class;' in 'java/lang/invoke/MethodHandles$Lookup$ClassDefiner')}
  0x00000208be199ac4: 8bc2 49b9 | 28fb 9bef | 0802 0000 

  0x00000208be199ad0: ;   {metadata('java/lang/invoke/MethodHandles$Lookup$ClassDefiner')}
  0x00000208be199ad0: 49ba 28ac | 1ed4 0802 | 0000 4d89 | 91f0 0400 | 0049 8381 | f804 0000 | 018b 7a14 

  0x00000208be199aec: ;   {metadata(method data for {method} {0x00000208d41eae68} 'defineClass' '(ZLjava/lang/Object;)Ljava/lang/Class;' in 'java/lang/invoke/MethodHandles$Lookup$ClassDefiner')}
  0x00000208be199aec: 49b8 28fb | 9bef 0802 | 0000 41ff | 8018 0500 | 0048 8984 | 24c8 0000 | 00e9 c000 | 0000 8b52 
  0x00000208be199b0c: 184c 8bc6 

  0x00000208be199b10: ;   {metadata(method data for {method} {0x00000208d41eae68} 'defineClass' '(ZLjava/lang/Object;)Ljava/lang/Class;' in 'java/lang/invoke/MethodHandles$Lookup$ClassDefiner')}
  0x00000208be199b10: 49b9 28fb | 9bef 0802 | 0000 4983 | 8100 0400 | 0001 4c8b | c74c 8bc8 | 488b fa48 | 8bd6 4889 
  0x00000208be199b30: 8424 c000 

  0x00000208be199b34: ;   {optimized virtual_call}
  0x00000208be199b34: 0000 90e8 

  0x00000208be199b38: ; ImmutableOopMap {[192]=Oop }
                      ;*invokevirtual dumpClass {reexecute=0 rethrow=0 return_oop=0}
                      ; - java.lang.invoke.MethodHandles$Lookup$ClassDefiner::defineClass@134
  0x00000208be199b38: 444f 8407 

  0x00000208be199b3c: ;   {other}
  0x00000208be199b3c: 0f1f 8400 | ac09 0002 

  0x00000208be199b44: ;   {metadata(method data for {method} {0x00000208d41eae68} 'defineClass' '(ZLjava/lang/Object;)Ljava/lang/Class;' in 'java/lang/invoke/MethodHandles$Lookup$ClassDefiner')}
  0x00000208be199b44: 49b8 28fb | 9bef 0802 | 0000 41ff | 8038 0400 | 0048 8b84 | 24c0 0000 | 0048 81c4 | e000 0000 
  0x00000208be199b64: ;   {poll_return}
  0x00000208be199b64: 5d49 3ba7 | 5004 0000 | 0f87 be02 | 0000 c348 | 8984 24c0 | 0000 0044 | 8b4a 184c 

  0x00000208be199b80: ;   {metadata(method data for {method} {0x00000208d41eae68} 'defineClass' '(ZLjava/lang/Object;)Ljava/lang/Class;' in 'java/lang/invoke/MethodHandles$Lookup$ClassDefiner')}
  0x00000208be199b80: 8bc6 48ba | 28fb 9bef | 0802 0000 | 4883 8250 | 0400 0001 | 4c8b c748 | 8bd6 0f1f 

  0x00000208be199b9c: ;   {optimized virtual_call}
  0x00000208be199b9c: 4400 00e8 

  0x00000208be199ba0: ; ImmutableOopMap {[192]=Oop }
                      ;*invokevirtual dumpFailedClass {reexecute=0 rethrow=0 return_oop=0}
                      ; - java.lang.invoke.MethodHandles$Lookup$ClassDefiner::defineClass@150
  0x00000208be199ba0: dc4e 8407 

  0x00000208be199ba4: ;   {other}
  0x00000208be199ba4: 0f1f 8400 | 140a 0003 | 488b 8424 | c000 0000 | 4881 c4e0 | 0000 005d 

  0x00000208be199bbc: ;   {poll_return}
  0x00000208be199bbc: 493b a750 | 0400 000f | 877d 0200 | 00c3 448b | 4a18 4c8b 

  0x00000208be199bd0: ;   {metadata(method data for {method} {0x00000208d41eae68} 'defineClass' '(ZLjava/lang/Object;)Ljava/lang/Class;' in 'java/lang/invoke/MethodHandles$Lookup$ClassDefiner')}
  0x00000208be199bd0: c648 ba28 | fb9b ef08 | 0200 0048 | 8382 8805 | 0000 014c | 8bc7 488b | d666 0f1f 

  0x00000208be199bec: ;   {optimized virtual_call}
  0x00000208be199bec: 4400 00e8 

  0x00000208be199bf0: ; ImmutableOopMap {[200]=Oop }
                      ;*invokevirtual dumpFailedClass {reexecute=0 rethrow=0 return_oop=0}
                      ; - java.lang.invoke.MethodHandles$Lookup$ClassDefiner::defineClass@207
  0x00000208be199bf0: 8c4e 8407 

  0x00000208be199bf4: ;   {other}
  0x00000208be199bf4: 0f1f 8400 | 640a 0004 | 488b 8424 | c800 0000 | e970 0200 

  0x00000208be199c08: ;   {metadata({method} {0x00000208d41eae68} 'defineClass' '(ZLjava/lang/Object;)Ljava/lang/Class;' in 'java/lang/invoke/MethodHandles$Lookup$ClassDefiner')}
  0x00000208be199c08: 0049 ba60 | ae1e d408 | 0200 004c | 8954 2408 | 48c7 0424 | ffff ffff 

  0x00000208be199c20: ;   {runtime_call counter_overflow Runtime1 stub}
  0x00000208be199c20: e8db 7590 

  0x00000208be199c24: ; ImmutableOopMap {rdx=Oop r9=Oop [152]=Oop [184]=Oop }
                      ;*synchronization entry
                      ; - java.lang.invoke.MethodHandles$Lookup$ClassDefiner::defineClass@-1
  0x00000208be199c24: 07e9 74f8 

  0x00000208be199c28: ;   {runtime_call throw_null_pointer_exception Runtime1 stub}
  0x00000208be199c28: ffff e8d1 

  0x00000208be199c2c: ; ImmutableOopMap {rdx=Oop r9=Oop rsi=Oop [144]=Oop [152]=Oop [184]=Oop }
                      ;*invokevirtual lookupClass {reexecute=0 rethrow=0 return_oop=0}
                      ; - java.lang.invoke.MethodHandles$Lookup$ClassDefiner::defineClass@4
                      ;   {runtime_call throw_null_pointer_exception Runtime1 stub}
  0x00000208be199c2c: 1090 07e8 

  0x00000208be199c30: ; ImmutableOopMap {rdx=Oop r9=Oop rsi=Oop rdi=Oop [144]=Oop [152]=Oop [168]=Oop [184]=Oop }
                      ;*invokevirtual getClassLoader {reexecute=0 rethrow=0 return_oop=0}
                      ; - java.lang.invoke.MethodHandles$Lookup$ClassDefiner::defineClass@9
  0x00000208be199c30: cc10 9007 

  0x00000208be199c34: ;   {metadata({method} {0x00000208d4468e60} 'getClassLoader' '()Ljava/lang/ClassLoader;' in 'java/lang/Class')}
  0x00000208be199c34: 49ba 588e | 46d4 0802 | 0000 4c89 | 5424 0848 | c704 24ff 

  0x00000208be199c48: ;   {runtime_call counter_overflow Runtime1 stub}
  0x00000208be199c48: ffff ffe8 

  0x00000208be199c4c: ; ImmutableOopMap {rdx=Oop r9=Oop rsi=Oop rdi=Oop [144]=Oop [152]=Oop [168]=Oop [184]=Oop }
                      ;*synchronization entry
                      ; - java.lang.Class::getClassLoader@-1
                      ; - java.lang.invoke.MethodHandles$Lookup$ClassDefiner::defineClass@9
  0x00000208be199c4c: b075 9007 | e9b5 f8ff 

  0x00000208be199c54: ;   {metadata({method} {0x00000208d401b1d0} 'getSecurityManager' '()Ljava/lang/SecurityManager;' in 'java/lang/System')}
  0x00000208be199c54: ff49 bac8 | b101 d408 | 0200 004c | 8954 2408 | 48c7 0424 | ffff ffff 

  0x00000208be199c6c: ;   {runtime_call counter_overflow Runtime1 stub}
  0x00000208be199c6c: e88f 7590 

  0x00000208be199c70: ; ImmutableOopMap {rdx=Oop r9=Oop rsi=Oop rdi=Oop rbx=Oop [144]=Oop [152]=Oop [168]=Oop [184]=Oop }
                      ;*synchronization entry
                      ; - java.lang.System::getSecurityManager@-1
                      ; - java.lang.Class::getClassLoader@11
                      ; - java.lang.invoke.MethodHandles$Lookup$ClassDefiner::defineClass@9
  0x00000208be199c70: 07e9 0ef9 

  0x00000208be199c74: ;   {metadata({method} {0x00000208d401b2e8} 'allowSecurityManager' '()Z' in 'java/lang/System')}
  0x00000208be199c74: ffff 49ba | e0b2 01d4 | 0802 0000 | 4c89 5424 | 0848 c704 | 24ff ffff 

  0x00000208be199c8c: ;   {runtime_call counter_overflow Runtime1 stub}
  0x00000208be199c8c: ffe8 6e75 

  0x00000208be199c90: ; ImmutableOopMap {rdx=Oop r9=Oop rsi=Oop rdi=Oop rbx=Oop [144]=Oop [152]=Oop [168]=Oop [184]=Oop }
                      ;*synchronization entry
                      ; - java.lang.System::allowSecurityManager@-1
                      ; - java.lang.System::getSecurityManager@0
                      ; - java.lang.Class::getClassLoader@11
                      ; - java.lang.invoke.MethodHandles$Lookup$ClassDefiner::defineClass@9
  0x00000208be199c90: 9007 e926 

  0x00000208be199c94: ;   {metadata({method} {0x00000208d43e0578} 'lookupClassProtectionDomain' '()Ljava/security/ProtectionDomain;' in 'java/lang/invoke/MethodHandles$Lookup')}
  0x00000208be199c94: f9ff ff49 | ba70 053e | d408 0200 | 004c 8954 | 2408 48c7 | 0424 ffff 

  0x00000208be199cac: ;   {runtime_call counter_overflow Runtime1 stub}
  0x00000208be199cac: ffff e84d 

  0x00000208be199cb0: ; ImmutableOopMap {rdx=Oop r9=Oop rsi=Oop rdi=Oop rbx=Oop [144]=Oop [152]=Oop [168]=Oop [184]=Oop }
                      ;*synchronization entry
                      ; - java.lang.invoke.MethodHandles$Lookup::lookupClassProtectionDomain@-1
                      ; - java.lang.invoke.MethodHandles$Lookup$ClassDefiner::defineClass@23
  0x00000208be199cb0: 7590 07e9 | a0f9 ffff 

  0x00000208be199cb8: ;   {metadata({method} {0x00000208d4473b88} 'getJavaLangAccess' '()Ljdk/internal/access/JavaLangAccess;' in 'jdk/internal/access/SharedSecrets')}
  0x00000208be199cb8: 49ba 803b | 47d4 0802 | 0000 4c89 | 5424 0848 | c704 24ff 

  0x00000208be199ccc: ;   {runtime_call counter_overflow Runtime1 stub}
  0x00000208be199ccc: ffff ffe8 

  0x00000208be199cd0: ; ImmutableOopMap {rsi=Oop [144]=Oop [152]=Oop [160]=Oop [168]=Oop [184]=Oop }
                      ;*synchronization entry
                      ; - jdk.internal.access.SharedSecrets::getJavaLangAccess@-1
                      ; - java.lang.invoke.MethodHandles$Lookup::lookupClassProtectionDomain@10
                      ; - java.lang.invoke.MethodHandles$Lookup$ClassDefiner::defineClass@23
  0x00000208be199cd0: 2c75 9007 | e9f2 f9ff 

  0x00000208be199cd8: ;   {runtime_call throw_incompatible_class_change_error Runtime1 stub}
  0x00000208be199cd8: ffe8 224b 

  0x00000208be199cdc: ; ImmutableOopMap {rax=Oop rcx=Oop [144]=Oop [152]=Oop [160]=Oop [168]=Oop [184]=Oop }
                      ;*invokeinterface protectionDomain {reexecute=0 rethrow=0 return_oop=0}
                      ; - java.lang.invoke.MethodHandles$Lookup::lookupClassProtectionDomain@17
                      ; - java.lang.invoke.MethodHandles$Lookup$ClassDefiner::defineClass@23
                      ;   {runtime_call throw_null_pointer_exception Runtime1 stub}
  0x00000208be199cdc: 9007 e81d 

  0x00000208be199ce0: ; ImmutableOopMap {rax=Oop rcx=Oop [144]=Oop [152]=Oop [160]=Oop [168]=Oop [184]=Oop }
                      ;*invokeinterface protectionDomain {reexecute=0 rethrow=0 return_oop=0}
                      ; - java.lang.invoke.MethodHandles$Lookup::lookupClassProtectionDomain@17
                      ; - java.lang.invoke.MethodHandles$Lookup$ClassDefiner::defineClass@23
                      ;   {metadata({method} {0x00000208d40192c8} 'protectionDomain' '(Ljava/lang/Class;)Ljava/security/ProtectionDomain;' in 'java/lang/System$2')}
  0x00000208be199ce0: 1090 0749 | bac0 9201 | d408 0200 | 004c 8954 | 2408 48c7 | 0424 ffff 

  0x00000208be199cf8: ;   {runtime_call counter_overflow Runtime1 stub}
  0x00000208be199cf8: ffff e801 

  0x00000208be199cfc: ; ImmutableOopMap {rcx=Oop [144]=Oop [152]=Oop [160]=Oop [168]=Oop [184]=Oop }
                      ;*synchronization entry
                      ; - java.lang.System$2::protectionDomain@-1
                      ; - java.lang.invoke.MethodHandles$Lookup::lookupClassProtectionDomain@17
                      ; - java.lang.invoke.MethodHandles$Lookup$ClassDefiner::defineClass@23
  0x00000208be199cfc: 7590 07e9 | 59fa ffff 

  0x00000208be199d04: ;   {runtime_call throw_null_pointer_exception Runtime1 stub}
  0x00000208be199d04: e8f7 0f90 

  0x00000208be199d08: ; ImmutableOopMap {rcx=Oop [144]=Oop [152]=Oop [160]=Oop [168]=Oop [184]=Oop }
                      ;*invokevirtual protectionDomain {reexecute=0 rethrow=0 return_oop=0}
                      ; - java.lang.System$2::protectionDomain@1
                      ; - java.lang.invoke.MethodHandles$Lookup::lookupClassProtectionDomain@17
                      ; - java.lang.invoke.MethodHandles$Lookup$ClassDefiner::defineClass@23
                      ;   {metadata({method} {0x00000208d4467bb8} 'protectionDomain' '()Ljava/security/ProtectionDomain;' in 'java/lang/Class')}
  0x00000208be199d08: 0749 bab0 | 7b46 d408 | 0200 004c | 8954 2408 | 48c7 0424 | ffff ffff 

  0x00000208be199d20: ;   {runtime_call counter_overflow Runtime1 stub}
  0x00000208be199d20: e8db 7490 

  0x00000208be199d24: ; ImmutableOopMap {rcx=Oop [144]=Oop [152]=Oop [160]=Oop [168]=Oop [184]=Oop }
                      ;*synchronization entry
                      ; - java.lang.Class::protectionDomain@-1
                      ; - java.lang.System$2::protectionDomain@1
                      ; - java.lang.invoke.MethodHandles$Lookup::lookupClassProtectionDomain@17
                      ; - java.lang.invoke.MethodHandles$Lookup$ClassDefiner::defineClass@23
  0x00000208be199d24: 07e9 71fa 

  0x00000208be199d28: ;   {oop(nullptr)}
  0x00000208be199d28: ffff 49b8 | 0000 0000 | 0000 0000 | 5053 498b | 5810 5756 | 5251 4150 | 4151 4152 | 4153 4883 
  0x00000208be199d48: ec20 40f6 | c40f 0f84 | 1900 0000 | 4883 ec08 

  0x00000208be199d58: ;   {runtime_call}
  0x00000208be199d58: 48b8 a0a0 | 0e95 ff7f | 0000 ffd0 | 4883 c408 | e90c 0000 

  0x00000208be199d6c: ;   {runtime_call}
  0x00000208be199d6c: 0048 b8a0 | a00e 95ff | 7f00 00ff | d048 83c4 | 2041 5b41 | 5a41 5941 | 5859 5a5e | 5f48 3b83 
  0x00000208be199d8c: 3801 0000 | 5b58 0f85 | 0a00 0000 | e965 faff | ffb8 0078 

  0x00000208be199da0: ;   {runtime_call load_mirror_patching Runtime1 stub}
  0x00000208be199da0: 6e0a e859 

  0x00000208be199da4: ; ImmutableOopMap {[144]=Oop [152]=Oop [160]=Oop [168]=Oop [184]=Oop }
                      ;*getstatic allPermDomain {reexecute=1 rethrow=0 return_oop=0}
                      ; - (reexecute) java.lang.Class::protectionDomain@9
                      ; - java.lang.System$2::protectionDomain@1
                      ; - java.lang.invoke.MethodHandles$Lookup::lookupClassProtectionDomain@17
                      ; - java.lang.invoke.MethodHandles$Lookup$ClassDefiner::defineClass@23
  0x00000208be199da4: 6890 07e9 | 4cfa ffff 

  0x00000208be199dac: ;   {runtime_call throw_null_pointer_exception Runtime1 stub}
  0x00000208be199dac: e84f 0f90 

  0x00000208be199db0: ; ImmutableOopMap {r8=Oop [144]=Oop [152]=Oop [160]=Oop [168]=Oop [184]=Oop }
                      ;*getstatic allPermDomain {reexecute=1 rethrow=0 return_oop=0}
                      ; - (reexecute) java.lang.Class::protectionDomain@9
                      ; - java.lang.System$2::protectionDomain@1
                      ; - java.lang.invoke.MethodHandles$Lookup::lookupClassProtectionDomain@17
                      ; - java.lang.invoke.MethodHandles$Lookup$ClassDefiner::defineClass@23
  0x00000208be199db0: 0745 8b80 | 0000 0000 | b800 0c05 

  0x00000208be199dbc: ;   {runtime_call access_field_patching Runtime1 stub}
  0x00000208be199dbc: 07e8 3e5f 

  0x00000208be199dc0: ; ImmutableOopMap {r8=Oop [144]=Oop [152]=Oop [160]=Oop [168]=Oop [184]=Oop }
                      ;*getstatic allPermDomain {reexecute=1 rethrow=0 return_oop=0}
                      ; - (reexecute) java.lang.Class::protectionDomain@9
                      ; - java.lang.System$2::protectionDomain@1
                      ; - java.lang.invoke.MethodHandles$Lookup::lookupClassProtectionDomain@17
                      ; - java.lang.invoke.MethodHandles$Lookup$ClassDefiner::defineClass@23
  0x00000208be199dc0: 9007 e941 | faff ff44 | 8b4e 1849 | 83f9 000f | 8458 faff | ff4c 890c 

  0x00000208be199dd8: ;   {runtime_call g1_pre_barrier_slow}
  0x00000208be199dd8: 24e8 227a | 9007 e94a | faff ff49 | 83f8 000f | 8461 faff | ff48 8934 

  0x00000208be199df0: ;   {runtime_call g1_post_barrier_slow}
  0x00000208be199df0: 24e8 0a7d | 9007 e953 

  0x00000208be199df8: ;   {metadata({method} {0x00000208d4473b88} 'getJavaLangAccess' '()Ljdk/internal/access/JavaLangAccess;' in 'jdk/internal/access/SharedSecrets')}
  0x00000208be199df8: faff ff49 | ba80 3b47 | d408 0200 | 004c 8954 | 2408 48c7 | 0424 ffff 

  0x00000208be199e10: ;   {runtime_call counter_overflow Runtime1 stub}
  0x00000208be199e10: ffff e8e9 

  0x00000208be199e14: ; ImmutableOopMap {rax=Oop rdi=Oop rbx=Oop rdx=Oop [152]=Oop [168]=Oop [184]=Oop }
                      ;*synchronization entry
                      ; - jdk.internal.access.SharedSecrets::getJavaLangAccess@-1
                      ; - java.lang.invoke.MethodHandles$Lookup$ClassDefiner::defineClass@35
  0x00000208be199e14: 7390 07e9 | b3fa ffff 

  0x00000208be199e1c: ;   {runtime_call throw_incompatible_class_change_error Runtime1 stub}
  0x00000208be199e1c: e8df 4990 

  0x00000208be199e20: ; ImmutableOopMap {rax=Oop rdi=Oop rbx=Oop r14=Oop rsi=Oop rcx=Oop [152]=Oop [168]=Oop [184]=Oop }
                      ;*invokeinterface defineClass {reexecute=0 rethrow=0 return_oop=0}
                      ; - java.lang.invoke.MethodHandles$Lookup$ClassDefiner::defineClass@57
                      ;   {runtime_call throw_null_pointer_exception Runtime1 stub}
  0x00000208be199e20: 07e8 da0e 

  0x00000208be199e24: ; ImmutableOopMap {rax=Oop rdi=Oop rbx=Oop r14=Oop rsi=Oop rcx=Oop [152]=Oop [168]=Oop [184]=Oop }
                      ;*invokeinterface defineClass {reexecute=0 rethrow=0 return_oop=0}
                      ; - java.lang.invoke.MethodHandles$Lookup$ClassDefiner::defineClass@57
                      ;   {runtime_call throw_null_pointer_exception Runtime1 stub}
  0x00000208be199e24: 9007 e8d5 

  0x00000208be199e28: ; ImmutableOopMap {rax=Oop rdx=Oop rsi=Oop [152]=Oop }
                      ;*invokevirtual isEnabled {reexecute=0 rethrow=0 return_oop=0}
                      ; - java.lang.invoke.MethodHandles$Lookup$ClassDefiner::defineClass@105
                      ;   {runtime_call throw_null_pointer_exception Runtime1 stub}
  0x00000208be199e28: 0e90 07e8 

  0x00000208be199e2c: ; ImmutableOopMap {rdx=Oop rax=Oop rsi=Oop [152]=Oop }
                      ;*invokevirtual isEnabled {reexecute=0 rethrow=0 return_oop=0}
                      ; - java.lang.invoke.MethodHandles$Lookup$ClassDefiner::defineClass@162
  0x00000208be199e2c: d00e 9007 

  0x00000208be199e30: ;   {internal_word}
  0x00000208be199e30: 49ba 659b | 19be 0802 | 0000 4d89 | 9768 0400 

  0x00000208be199e40: ;   {runtime_call SafepointBlob}
  0x00000208be199e40: 00e9 3ab6 

  0x00000208be199e44: ;   {internal_word}
  0x00000208be199e44: 8407 49ba | bc9b 19be | 0802 0000 | 4d89 9768 

  0x00000208be199e54: ;   {runtime_call SafepointBlob}
  0x00000208be199e54: 0400 00e9 | 24b6 8407 | 498b 8700 | 0500 0049 | c787 0005 | 0000 0000 | 0000 49c7 | 8708 0500 
  0x00000208be199e74: 0000 0000 | 0048 81c4 | e000 0000 

  0x00000208be199e80: ;   {runtime_call unwind_exception Runtime1 stub}
  0x00000208be199e80: 5de9 fa16 | 8f07 f4f4 
[Stub Code]
  0x00000208be199e88: ;   {no_reloc}
  0x00000208be199e88: 0f1f 4400 

  0x00000208be199e8c: ;   {static_stub}
  0x00000208be199e8c: 0048 bb00 | 0000 0000 

  0x00000208be199e94: ;   {runtime_call nmethod}
  0x00000208be199e94: 0000 00e9 | fbff ffff 

  0x00000208be199e9c: ;   {static_stub}
  0x00000208be199e9c: 48bb 487b | 46d4 0802 

  0x00000208be199ea4: ;   {runtime_call I2C/C2I adapters}
  0x00000208be199ea4: 0000 e9b8 

  0x00000208be199ea8: ;   {static_stub}
  0x00000208be199ea8: 9584 0748 | bb00 0000 | 0000 0000 

  0x00000208be199eb4: ;   {runtime_call nmethod}
  0x00000208be199eb4: 00e9 fbff 

  0x00000208be199eb8: ;   {static_stub}
  0x00000208be199eb8: ffff 48bb | 0000 0000 | 0000 0000 

  0x00000208be199ec4: ;   {runtime_call nmethod}
  0x00000208be199ec4: e9fb ffff 

  0x00000208be199ec8: ;   {runtime_call handle_exception_from_callee Runtime1 stub}
  0x00000208be199ec8: ffe8 323c 

  0x00000208be199ecc: ;   {external_word}
  0x00000208be199ecc: 9007 48b9 | 5063 ae95 | ff7f 0000 | 4883 e4f0 

  0x00000208be199edc: ;   {runtime_call}
  0x00000208be199edc: 48b8 c0c9 | 7095 ff7f | 0000 ffd0 

  0x00000208be199ee8: ;   {section_word}
  0x00000208be199ee8: f449 bae9 | 9e19 be08 | 0200 0041 

  0x00000208be199ef4: ;   {runtime_call DeoptimizationBlob}
  0x00000208be199ef4: 52e9 26a8 | 8407 f4f4 | f4f4 f4f4 
[/MachCode]


---------------  P R O C E S S  ---------------

Threads class SMR info:
_java_thread_list=0x00000208f718be40, length=69, elements={
0x00000208b937fe80, 0x00000208d36b3e70, 0x00000208d36b46e0, 0x00000208d36b8000,
0x00000208d36bb410, 0x00000208d36bba80, 0x00000208d36c08a0, 0x00000208d36c3f30,
0x00000208d36cbc30, 0x00000208f326c820, 0x00000208f323bbb0, 0x00000208f4a69440,
0x00000208f3cbe010, 0x00000208f4d92f20, 0x00000208f4bed400, 0x00000208f4bee3a0,
0x00000208f4c07440, 0x00000208f4c8d580, 0x00000208f4c8cef0, 0x00000208f4c8c860,
0x00000208f4c8e2a0, 0x00000208f4c8e930, 0x00000208f4c8efc0, 0x00000208f4c8bb40,
0x00000208f4c8c1d0, 0x00000208f6c40a50, 0x00000208f6c403c0, 0x00000208f6c410e0,
0x00000208f6c42490, 0x00000208f6c41770, 0x00000208f6c3fd30, 0x00000208f6c46cc0,
0x00000208f6c43840, 0x00000208f6c44560, 0x00000208f6c43ed0, 0x00000208f6c47350,
0x00000208f46b8570, 0x00000208f46b9fb0, 0x00000208f46b8c00, 0x00000208f46b7ee0,
0x00000208f46b9290, 0x00000208f46b9920, 0x00000208f46ba640, 0x00000208f46bacd0,
0x00000208f46b7850, 0x00000208f46bd430, 0x00000208f46bc080, 0x00000208f46bc710,
0x00000208f46be150, 0x00000208f46be7e0, 0x00000208f46bcda0, 0x00000208f46bdac0,
0x00000208f46bb360, 0x00000208f46bee70, 0x00000208f46bb9f0, 0x00000208f5606790,
0x00000208f56039a0, 0x00000208f56046c0, 0x00000208f5603310, 0x00000208f56053e0,
0x00000208f5606e20, 0x00000208f5604030, 0x00000208f5605a70, 0x00000208f5604d50,
0x00000208f5609580, 0x00000208f56074b0, 0x00000208f5607b40, 0x00000208f5608ef0,
0x00000208f560a930
}

Java Threads: ( => current thread )
  0x00000208b937fe80 JavaThread "main"                              [_thread_blocked, id=16624, stack(0x000000f4f4400000,0x000000f4f4500000) (1024K)]
  0x00000208d36b3e70 JavaThread "Reference Handler"          daemon [_thread_blocked, id=33088, stack(0x000000f4f4c00000,0x000000f4f4d00000) (1024K)]
  0x00000208d36b46e0 JavaThread "Finalizer"                  daemon [_thread_blocked, id=30240, stack(0x000000f4f4d00000,0x000000f4f4e00000) (1024K)]
  0x00000208d36b8000 JavaThread "Signal Dispatcher"          daemon [_thread_blocked, id=11028, stack(0x000000f4f4e00000,0x000000f4f4f00000) (1024K)]
  0x00000208d36bb410 JavaThread "Attach Listener"            daemon [_thread_blocked, id=31208, stack(0x000000f4f4f00000,0x000000f4f5000000) (1024K)]
  0x00000208d36bba80 JavaThread "Service Thread"             daemon [_thread_blocked, id=30768, stack(0x000000f4f5000000,0x000000f4f5100000) (1024K)]
  0x00000208d36c08a0 JavaThread "Monitor Deflation Thread"   daemon [_thread_blocked, id=24980, stack(0x000000f4f5100000,0x000000f4f5200000) (1024K)]
  0x00000208d36c3f30 JavaThread "C2 CompilerThread0"         daemon [_thread_blocked, id=14836, stack(0x000000f4f5200000,0x000000f4f5300000) (1024K)]
  0x00000208d36cbc30 JavaThread "C1 CompilerThread0"         daemon [_thread_blocked, id=34212, stack(0x000000f4f5300000,0x000000f4f5400000) (1024K)]
  0x00000208f326c820 JavaThread "Common-Cleaner"             daemon [_thread_blocked, id=4396, stack(0x000000f4f5400000,0x000000f4f5500000) (1024K)]
  0x00000208f323bbb0 JavaThread "Notification Thread"        daemon [_thread_blocked, id=26540, stack(0x000000f4f5500000,0x000000f4f5600000) (1024K)]
  0x00000208f4a69440 JavaThread "Daemon health stats"               [_thread_blocked, id=3764, stack(0x000000f4f5d00000,0x000000f4f5e00000) (1024K)]
  0x00000208f3cbe010 JavaThread "Incoming local TCP Connector on port 53255"        [_thread_in_native, id=36688, stack(0x000000f4f5e00000,0x000000f4f5f00000) (1024K)]
  0x00000208f4d92f20 JavaThread "Daemon periodic checks"            [_thread_blocked, id=37832, stack(0x000000f4f5f00000,0x000000f4f6000000) (1024K)]
  0x00000208f4bed400 JavaThread "Daemon"                            [_thread_blocked, id=32820, stack(0x000000f4f6000000,0x000000f4f6100000) (1024K)]
  0x00000208f4bee3a0 JavaThread "Handler for socket connection from /127.0.0.1:53255 to /127.0.0.1:53256"        [_thread_in_native, id=37772, stack(0x000000f4f6100000,0x000000f4f6200000) (1024K)]
  0x00000208f4c07440 JavaThread "Cancel handler"                    [_thread_blocked, id=37764, stack(0x000000f4f6200000,0x000000f4f6300000) (1024K)]
=>0x00000208f4c8d580 JavaThread "Daemon worker"                     [_thread_in_vm, id=37844, stack(0x000000f4f6300000,0x000000f4f6400000) (1024K)]
  0x00000208f4c8cef0 JavaThread "Asynchronous log dispatcher for DefaultDaemonConnection: socket connection from /127.0.0.1:53255 to /127.0.0.1:53256"        [_thread_blocked, id=37780, stack(0x000000f4f6400000,0x000000f4f6500000) (1024K)]
  0x00000208f4c8c860 JavaThread "Stdin handler"                     [_thread_blocked, id=37868, stack(0x000000f4f6500000,0x000000f4f6600000) (1024K)]
  0x00000208f4c8e2a0 JavaThread "Daemon client event forwarder"        [_thread_blocked, id=36684, stack(0x000000f4f6600000,0x000000f4f6700000) (1024K)]
  0x00000208f4c8e930 JavaThread "Cache worker for journal cache (D:\gradle_cache\caches\journal-1)"        [_thread_blocked, id=16580, stack(0x000000f4f6700000,0x000000f4f6800000) (1024K)]
  0x00000208f4c8efc0 JavaThread "File lock request listener"        [_thread_in_native, id=37836, stack(0x000000f4f6800000,0x000000f4f6900000) (1024K)]
  0x00000208f4c8bb40 JavaThread "Cache worker for file hash cache (D:\gradle_cache\caches\8.12\fileHashes)"        [_thread_blocked, id=19808, stack(0x000000f4f6900000,0x000000f4f6a00000) (1024K)]
  0x00000208f4c8c1d0 JavaThread "File lock release action executor"        [_thread_blocked, id=37164, stack(0x000000f4f6a00000,0x000000f4f6b00000) (1024K)]
  0x00000208f6c40a50 JavaThread "Cache worker for file hash cache (D:\pranjal\electricity_billing\mobile\android\.gradle\8.12\fileHashes)"        [_thread_blocked, id=34556, stack(0x000000f4f6f00000,0x000000f4f7000000) (1024K)]
  0x00000208f6c403c0 JavaThread "Cache worker for Build Output Cleanup Cache (D:\pranjal\electricity_billing\mobile\android\.gradle\buildOutputCleanup)"        [_thread_blocked, id=12544, stack(0x000000f4f7000000,0x000000f4f7100000) (1024K)]
  0x00000208f6c410e0 JavaThread "File watcher server"        daemon [_thread_in_native, id=30604, stack(0x000000f4f7100000,0x000000f4f7200000) (1024K)]
  0x00000208f6c42490 JavaThread "File watcher consumer"      daemon [_thread_blocked, id=5592, stack(0x000000f4f7200000,0x000000f4f7300000) (1024K)]
  0x00000208f6c41770 JavaThread "Cache worker for checksums cache (D:\pranjal\electricity_billing\mobile\android\.gradle\8.12\checksums)"        [_thread_blocked, id=32140, stack(0x000000f4f7300000,0x000000f4f7400000) (1024K)]
  0x00000208f6c3fd30 JavaThread "Cache worker for file content cache (D:\gradle_cache\caches\8.12\fileContent)"        [_thread_blocked, id=17548, stack(0x000000f4f7400000,0x000000f4f7500000) (1024K)]
  0x00000208f6c46cc0 JavaThread "Cache worker for cache directory md-rule (D:\gradle_cache\caches\8.12\md-rule)"        [_thread_blocked, id=29932, stack(0x000000f4f7500000,0x000000f4f7600000) (1024K)]
  0x00000208f6c43840 JavaThread "Cache worker for cache directory md-supplier (D:\gradle_cache\caches\8.12\md-supplier)"        [_thread_blocked, id=25704, stack(0x000000f4f7600000,0x000000f4f7700000) (1024K)]
  0x00000208f6c44560 JavaThread "Cache worker for Build Output Cleanup Cache (C:\src\flutter\packages\flutter_tools\gradle\.gradle\buildOutputCleanup)"        [_thread_blocked, id=31784, stack(0x000000f4f7700000,0x000000f4f7800000) (1024K)]
  0x00000208f6c43ed0 JavaThread "Unconstrained build operations"        [_thread_blocked, id=33132, stack(0x000000f4f7800000,0x000000f4f7900000) (1024K)]
  0x00000208f6c47350 JavaThread "Unconstrained build operations Thread 2"        [_thread_blocked, id=34640, stack(0x000000f4f7900000,0x000000f4f7a00000) (1024K)]
  0x00000208f46b8570 JavaThread "Unconstrained build operations Thread 3"        [_thread_blocked, id=24608, stack(0x000000f4f7a00000,0x000000f4f7b00000) (1024K)]
  0x00000208f46b9fb0 JavaThread "Unconstrained build operations Thread 4"        [_thread_blocked, id=4348, stack(0x000000f4f7b00000,0x000000f4f7c00000) (1024K)]
  0x00000208f46b8c00 JavaThread "Unconstrained build operations Thread 5"        [_thread_blocked, id=16480, stack(0x000000f4f7c00000,0x000000f4f7d00000) (1024K)]
  0x00000208f46b7ee0 JavaThread "Unconstrained build operations Thread 6"        [_thread_blocked, id=30304, stack(0x000000f4f7d00000,0x000000f4f7e00000) (1024K)]
  0x00000208f46b9290 JavaThread "Unconstrained build operations Thread 7"        [_thread_blocked, id=18028, stack(0x000000f4f7e00000,0x000000f4f7f00000) (1024K)]
  0x00000208f46b9920 JavaThread "Unconstrained build operations Thread 8"        [_thread_blocked, id=4412, stack(0x000000f4f7f00000,0x000000f4f8000000) (1024K)]
  0x00000208f46ba640 JavaThread "Unconstrained build operations Thread 9"        [_thread_blocked, id=35572, stack(0x000000f4f8000000,0x000000f4f8100000) (1024K)]
  0x00000208f46bacd0 JavaThread "Unconstrained build operations Thread 10"        [_thread_blocked, id=21236, stack(0x000000f4f8100000,0x000000f4f8200000) (1024K)]
  0x00000208f46b7850 JavaThread "Unconstrained build operations Thread 11"        [_thread_blocked, id=34920, stack(0x000000f4f8200000,0x000000f4f8300000) (1024K)]
  0x00000208f46bd430 JavaThread "Unconstrained build operations Thread 12"        [_thread_blocked, id=14520, stack(0x000000f4f4100000,0x000000f4f4200000) (1024K)]
  0x00000208f46bc080 JavaThread "Unconstrained build operations Thread 13"        [_thread_blocked, id=34444, stack(0x000000f4f4200000,0x000000f4f4300000) (1024K)]
  0x00000208f46bc710 JavaThread "Unconstrained build operations Thread 14"        [_thread_blocked, id=12016, stack(0x000000f4f4300000,0x000000f4f4400000) (1024K)]
  0x00000208f46be150 JavaThread "Unconstrained build operations Thread 15"        [_thread_blocked, id=30272, stack(0x000000f4f8300000,0x000000f4f8400000) (1024K)]
  0x00000208f46be7e0 JavaThread "Unconstrained build operations Thread 16"        [_thread_blocked, id=4972, stack(0x000000f4f8400000,0x000000f4f8500000) (1024K)]
  0x00000208f46bcda0 JavaThread "Unconstrained build operations Thread 17"        [_thread_blocked, id=19112, stack(0x000000f4f8500000,0x000000f4f8600000) (1024K)]
  0x00000208f46bdac0 JavaThread "Unconstrained build operations Thread 18"        [_thread_blocked, id=33248, stack(0x000000f4f8600000,0x000000f4f8700000) (1024K)]
  0x00000208f46bb360 JavaThread "Unconstrained build operations Thread 19"        [_thread_blocked, id=29880, stack(0x000000f4f8700000,0x000000f4f8800000) (1024K)]
  0x00000208f46bee70 JavaThread "Unconstrained build operations Thread 20"        [_thread_blocked, id=27608, stack(0x000000f4f8800000,0x000000f4f8900000) (1024K)]
  0x00000208f46bb9f0 JavaThread "Unconstrained build operations Thread 21"        [_thread_blocked, id=25288, stack(0x000000f4f8900000,0x000000f4f8a00000) (1024K)]
  0x00000208f5606790 JavaThread "Unconstrained build operations Thread 22"        [_thread_blocked, id=19504, stack(0x000000f4f8a00000,0x000000f4f8b00000) (1024K)]
  0x00000208f56039a0 JavaThread "Unconstrained build operations Thread 23"        [_thread_blocked, id=23948, stack(0x000000f4f8b00000,0x000000f4f8c00000) (1024K)]
  0x00000208f56046c0 JavaThread "Unconstrained build operations Thread 24"        [_thread_blocked, id=17504, stack(0x000000f4f8c00000,0x000000f4f8d00000) (1024K)]
  0x00000208f5603310 JavaThread "Unconstrained build operations Thread 25"        [_thread_blocked, id=34648, stack(0x000000f4f8d00000,0x000000f4f8e00000) (1024K)]
  0x00000208f56053e0 JavaThread "Unconstrained build operations Thread 26"        [_thread_blocked, id=22796, stack(0x000000f4f8e00000,0x000000f4f8f00000) (1024K)]
  0x00000208f5606e20 JavaThread "Unconstrained build operations Thread 27"        [_thread_blocked, id=26512, stack(0x000000f4f8f00000,0x000000f4f9000000) (1024K)]
  0x00000208f5604030 JavaThread "Unconstrained build operations Thread 28"        [_thread_blocked, id=29220, stack(0x000000f4f9000000,0x000000f4f9100000) (1024K)]
  0x00000208f5605a70 JavaThread "Unconstrained build operations Thread 29"        [_thread_blocked, id=29972, stack(0x000000f4f9100000,0x000000f4f9200000) (1024K)]
  0x00000208f5604d50 JavaThread "Unconstrained build operations Thread 30"        [_thread_blocked, id=31856, stack(0x000000f4f9200000,0x000000f4f9300000) (1024K)]
  0x00000208f5609580 JavaThread "Unconstrained build operations Thread 31"        [_thread_blocked, id=8156, stack(0x000000f4f9300000,0x000000f4f9400000) (1024K)]
  0x00000208f56074b0 JavaThread "Unconstrained build operations Thread 32"        [_thread_blocked, id=36500, stack(0x000000f4f9400000,0x000000f4f9500000) (1024K)]
  0x00000208f5607b40 JavaThread "Unconstrained build operations Thread 33"        [_thread_blocked, id=10056, stack(0x000000f4f9500000,0x000000f4f9600000) (1024K)]
  0x00000208f5608ef0 JavaThread "Memory manager"                    [_thread_blocked, id=32732, stack(0x000000f4f9600000,0x000000f4f9700000) (1024K)]
  0x00000208f560a930 JavaThread "build event listener"              [_thread_blocked, id=36888, stack(0x000000f4f9700000,0x000000f4f9800000) (1024K)]
Total: 69

Other Threads:
  0x00000208d36942f0 VMThread "VM Thread"                           [id=34736, stack(0x000000f4f4b00000,0x000000f4f4c00000) (1024K)]
  0x00000208d3685130 WatcherThread "VM Periodic Task Thread"        [id=2040, stack(0x000000f4f4a00000,0x000000f4f4b00000) (1024K)]
  0x00000208b93d9860 WorkerThread "GC Thread#0"                     [id=17708, stack(0x000000f4f4500000,0x000000f4f4600000) (1024K)]
  0x00000208f32eb180 WorkerThread "GC Thread#1"                     [id=30152, stack(0x000000f4f5600000,0x000000f4f5700000) (1024K)]
  0x00000208f36a34e0 WorkerThread "GC Thread#2"                     [id=33368, stack(0x000000f4f5700000,0x000000f4f5800000) (1024K)]
  0x00000208f3de2550 WorkerThread "GC Thread#3"                     [id=34104, stack(0x000000f4f5800000,0x000000f4f5900000) (1024K)]
  0x00000208f3de2900 WorkerThread "GC Thread#4"                     [id=24536, stack(0x000000f4f5900000,0x000000f4f5a00000) (1024K)]
  0x00000208f42ae320 WorkerThread "GC Thread#5"                     [id=14408, stack(0x000000f4f5a00000,0x000000f4f5b00000) (1024K)]
  0x00000208f40f6b50 WorkerThread "GC Thread#6"                     [id=34464, stack(0x000000f4f5b00000,0x000000f4f5c00000) (1024K)]
  0x00000208f414ea80 WorkerThread "GC Thread#7"                     [id=14968, stack(0x000000f4f5c00000,0x000000f4f5d00000) (1024K)]
  0x00000208f51ad520 WorkerThread "GC Thread#8"                     [id=37156, stack(0x000000f4f6b00000,0x000000f4f6c00000) (1024K)]
  0x00000208f51ad8d0 WorkerThread "GC Thread#9"                     [id=37152, stack(0x000000f4f6c00000,0x000000f4f6d00000) (1024K)]
  0x00000208b93eaf70 ConcurrentGCThread "G1 Main Marker"            [id=25680, stack(0x000000f4f4600000,0x000000f4f4700000) (1024K)]
  0x00000208b93eb990 WorkerThread "G1 Conc#0"                       [id=11304, stack(0x000000f4f4700000,0x000000f4f4800000) (1024K)]
  0x00000208f68ba0a0 WorkerThread "G1 Conc#1"                       [id=6492, stack(0x000000f4f6d00000,0x000000f4f6e00000) (1024K)]
  0x00000208f68b7460 WorkerThread "G1 Conc#2"                       [id=31492, stack(0x000000f4f6e00000,0x000000f4f6f00000) (1024K)]
  0x00000208b943e640 ConcurrentGCThread "G1 Refine#0"               [id=33992, stack(0x000000f4f4800000,0x000000f4f4900000) (1024K)]
  0x00000208d355a090 ConcurrentGCThread "G1 Service"                [id=34108, stack(0x000000f4f4900000,0x000000f4f4a00000) (1024K)]
Total: 18

Threads with active compile tasks:
Total: 0

VM state: not at safepoint (normal execution)

VM Mutex/Monitor currently owned by a thread:  ([mutex/lock_event])
[0x00007fff95d9d530] Metaspace_lock - owner thread: 0x00000208f4c8d580

Heap address: 0x0000000080000000, size: 2048 MB, Compressed Oops mode: 32-bit

CDS archive(s) mapped at: [0x00000208d4000000-0x00000208d4ba0000-0x00000208d4ba0000), size 12189696, SharedBaseAddress: 0x00000208d4000000, ArchiveRelocationMode: 1.
Compressed class space mapped at: 0x00000208d5000000-0x00000208ef000000, reserved size: 436207616
Narrow klass base: 0x00000208d4000000, Narrow klass shift: 0, Narrow klass range: 0x100000000

GC Precious Log:
 CardTable entry size: 512
 Card Set container configuration: InlinePtr #cards 5 size 8 Array Of Cards #cards 12 size 40 Howl #buckets 4 coarsen threshold 1843 Howl Bitmap #cards 512 size 80 coarsen threshold 460 Card regions per heap region 1 cards per card region 2048
 CPUs: 12 total, 12 available
 Memory: 7832M
 Large Page Support: Disabled
 NUMA Support: Disabled
 Compressed Oops: Enabled (32-bit)
 Heap Region Size: 1M
 Heap Min Capacity: 8M
 Heap Initial Capacity: 124M
 Heap Max Capacity: 2G
 Pre-touch: Disabled
 Parallel Workers: 10
 Concurrent Workers: 3
 Concurrent Refinement Workers: 10
 Periodic GC: Disabled

Heap:
 garbage-first heap   total 110592K, used 83259K [0x0000000080000000, 0x0000000100000000)
  region size 1024K, 37 young (37888K), 6 survivors (6144K)
 Metaspace       used 67319K, committed 69248K, reserved 491520K
  class space    used 9876K, committed 10816K, reserved 425984K

Heap Regions: E=young(eden), S=young(survivor), O=old, HS=humongous(starts), HC=humongous(continues), CS=collection set, F=free, TAMS=top-at-mark-start, PB=parsable bottom
|   0|0x0000000080000000, 0x0000000080100000, 0x0000000080100000|100%| O|  |TAMS 0x0000000080000000| PB 0x0000000080000000| Untracked 
|   1|0x0000000080100000, 0x0000000080200000, 0x0000000080200000|100%|HS|  |TAMS 0x0000000080100000| PB 0x0000000080100000| Complete 
|   2|0x0000000080200000, 0x0000000080300000, 0x0000000080300000|100%|HC|  |TAMS 0x0000000080200000| PB 0x0000000080200000| Complete 
|   3|0x0000000080300000, 0x0000000080400000, 0x0000000080400000|100%|HC|  |TAMS 0x0000000080300000| PB 0x0000000080300000| Complete 
|   4|0x0000000080400000, 0x0000000080500000, 0x0000000080500000|100%| O|  |TAMS 0x0000000080400000| PB 0x0000000080400000| Untracked 
|   5|0x0000000080500000, 0x0000000080600000, 0x0000000080600000|100%| O|  |TAMS 0x0000000080500000| PB 0x0000000080500000| Untracked 
|   6|0x0000000080600000, 0x0000000080700000, 0x0000000080700000|100%| O|  |TAMS 0x0000000080600000| PB 0x0000000080600000| Untracked 
|   7|0x0000000080700000, 0x0000000080800000, 0x0000000080800000|100%|HS|  |TAMS 0x0000000080700000| PB 0x0000000080700000| Complete 
|   8|0x0000000080800000, 0x0000000080900000, 0x0000000080900000|100%| O|  |TAMS 0x0000000080800000| PB 0x0000000080800000| Untracked 
|   9|0x0000000080900000, 0x0000000080a00000, 0x0000000080a00000|100%| O|  |TAMS 0x0000000080900000| PB 0x0000000080900000| Untracked 
|  10|0x0000000080a00000, 0x0000000080b00000, 0x0000000080b00000|100%| O|  |TAMS 0x0000000080a00000| PB 0x0000000080a00000| Untracked 
|  11|0x0000000080b00000, 0x0000000080c00000, 0x0000000080c00000|100%| O|  |TAMS 0x0000000080b00000| PB 0x0000000080b00000| Untracked 
|  12|0x0000000080c00000, 0x0000000080d00000, 0x0000000080d00000|100%| O|  |TAMS 0x0000000080c00000| PB 0x0000000080c00000| Untracked 
|  13|0x0000000080d00000, 0x0000000080e00000, 0x0000000080e00000|100%| O|  |TAMS 0x0000000080d00000| PB 0x0000000080d00000| Untracked 
|  14|0x0000000080e00000, 0x0000000080f00000, 0x0000000080f00000|100%| O|  |TAMS 0x0000000080e00000| PB 0x0000000080e00000| Untracked 
|  15|0x0000000080f00000, 0x0000000081000000, 0x0000000081000000|100%| O|  |TAMS 0x0000000080f00000| PB 0x0000000080f00000| Untracked 
|  16|0x0000000081000000, 0x0000000081100000, 0x0000000081100000|100%| O|  |TAMS 0x0000000081000000| PB 0x0000000081000000| Untracked 
|  17|0x0000000081100000, 0x0000000081100000, 0x0000000081200000|  0%| F|  |TAMS 0x0000000081100000| PB 0x0000000081100000| Untracked 
|  18|0x0000000081200000, 0x0000000081300000, 0x0000000081300000|100%| O|  |TAMS 0x0000000081200000| PB 0x0000000081200000| Untracked 
|  19|0x0000000081300000, 0x0000000081400000, 0x0000000081400000|100%| O|  |TAMS 0x0000000081300000| PB 0x0000000081300000| Untracked 
|  20|0x0000000081400000, 0x0000000081500000, 0x0000000081500000|100%| O|  |TAMS 0x0000000081400000| PB 0x0000000081400000| Untracked 
|  21|0x0000000081500000, 0x0000000081600000, 0x0000000081600000|100%| O|  |TAMS 0x0000000081500000| PB 0x0000000081500000| Untracked 
|  22|0x0000000081600000, 0x0000000081700000, 0x0000000081700000|100%| O|  |TAMS 0x0000000081600000| PB 0x0000000081600000| Untracked 
|  23|0x0000000081700000, 0x0000000081800000, 0x0000000081800000|100%| O|  |TAMS 0x0000000081700000| PB 0x0000000081700000| Untracked 
|  24|0x0000000081800000, 0x0000000081900000, 0x0000000081900000|100%| O|  |TAMS 0x0000000081800000| PB 0x0000000081800000| Untracked 
|  25|0x0000000081900000, 0x0000000081a00000, 0x0000000081a00000|100%| O|  |TAMS 0x0000000081900000| PB 0x0000000081900000| Untracked 
|  26|0x0000000081a00000, 0x0000000081b00000, 0x0000000081b00000|100%| O|  |TAMS 0x0000000081a00000| PB 0x0000000081a00000| Untracked 
|  27|0x0000000081b00000, 0x0000000081c00000, 0x0000000081c00000|100%| O|  |TAMS 0x0000000081b00000| PB 0x0000000081b00000| Untracked 
|  28|0x0000000081c00000, 0x0000000081c00000, 0x0000000081d00000|  0%| F|  |TAMS 0x0000000081c00000| PB 0x0000000081c00000| Untracked 
|  29|0x0000000081d00000, 0x0000000081e00000, 0x0000000081e00000|100%| O|  |TAMS 0x0000000081d00000| PB 0x0000000081d00000| Untracked 
|  30|0x0000000081e00000, 0x0000000081f00000, 0x0000000081f00000|100%| O|  |TAMS 0x0000000081e00000| PB 0x0000000081e00000| Untracked 
|  31|0x0000000081f00000, 0x0000000082000000, 0x0000000082000000|100%| O|  |TAMS 0x0000000081f00000| PB 0x0000000081f00000| Untracked 
|  32|0x0000000082000000, 0x0000000082100000, 0x0000000082100000|100%| O|  |TAMS 0x0000000082000000| PB 0x0000000082000000| Untracked 
|  33|0x0000000082100000, 0x0000000082200000, 0x0000000082200000|100%| O|  |TAMS 0x0000000082100000| PB 0x0000000082100000| Untracked 
|  34|0x0000000082200000, 0x0000000082300000, 0x0000000082300000|100%| O|  |TAMS 0x0000000082200000| PB 0x0000000082200000| Untracked 
|  35|0x0000000082300000, 0x0000000082400000, 0x0000000082400000|100%| O|  |TAMS 0x0000000082300000| PB 0x0000000082300000| Untracked 
|  36|0x0000000082400000, 0x0000000082500000, 0x0000000082500000|100%| O|  |TAMS 0x0000000082400000| PB 0x0000000082400000| Untracked 
|  37|0x0000000082500000, 0x00000000825a59b0, 0x0000000082600000| 64%| O|  |TAMS 0x0000000082500000| PB 0x0000000082500000| Untracked 
|  38|0x0000000082600000, 0x0000000082700000, 0x0000000082700000|100%|HS|  |TAMS 0x0000000082600000| PB 0x0000000082600000| Complete 
|  39|0x0000000082700000, 0x0000000082800000, 0x0000000082800000|100%|HC|  |TAMS 0x0000000082700000| PB 0x0000000082700000| Complete 
|  40|0x0000000082800000, 0x0000000082900000, 0x0000000082900000|100%|HS|  |TAMS 0x0000000082800000| PB 0x0000000082800000| Complete 
|  41|0x0000000082900000, 0x0000000082a00000, 0x0000000082a00000|100%|HC|  |TAMS 0x0000000082900000| PB 0x0000000082900000| Complete 
|  42|0x0000000082a00000, 0x0000000082a00000, 0x0000000082b00000|  0%| F|  |TAMS 0x0000000082a00000| PB 0x0000000082a00000| Untracked 
|  43|0x0000000082b00000, 0x0000000082b00000, 0x0000000082c00000|  0%| F|  |TAMS 0x0000000082b00000| PB 0x0000000082b00000| Untracked 
|  44|0x0000000082c00000, 0x0000000082c00000, 0x0000000082d00000|  0%| F|  |TAMS 0x0000000082c00000| PB 0x0000000082c00000| Untracked 
|  45|0x0000000082d00000, 0x0000000082d00000, 0x0000000082e00000|  0%| F|  |TAMS 0x0000000082d00000| PB 0x0000000082d00000| Untracked 
|  46|0x0000000082e00000, 0x0000000082ea9570, 0x0000000082f00000| 66%| S|CS|TAMS 0x0000000082e00000| PB 0x0000000082e00000| Complete 
|  47|0x0000000082f00000, 0x0000000083000000, 0x0000000083000000|100%| S|CS|TAMS 0x0000000082f00000| PB 0x0000000082f00000| Complete 
|  48|0x0000000083000000, 0x0000000083100000, 0x0000000083100000|100%| S|CS|TAMS 0x0000000083000000| PB 0x0000000083000000| Complete 
|  49|0x0000000083100000, 0x0000000083200000, 0x0000000083200000|100%| S|CS|TAMS 0x0000000083100000| PB 0x0000000083100000| Complete 
|  50|0x0000000083200000, 0x0000000083300000, 0x0000000083300000|100%| S|CS|TAMS 0x0000000083200000| PB 0x0000000083200000| Complete 
|  51|0x0000000083300000, 0x0000000083400000, 0x0000000083400000|100%| S|CS|TAMS 0x0000000083300000| PB 0x0000000083300000| Complete 
|  52|0x0000000083400000, 0x0000000083400000, 0x0000000083500000|  0%| F|  |TAMS 0x0000000083400000| PB 0x0000000083400000| Untracked 
|  53|0x0000000083500000, 0x0000000083500000, 0x0000000083600000|  0%| F|  |TAMS 0x0000000083500000| PB 0x0000000083500000| Untracked 
|  54|0x0000000083600000, 0x0000000083600000, 0x0000000083700000|  0%| F|  |TAMS 0x0000000083600000| PB 0x0000000083600000| Untracked 
|  55|0x0000000083700000, 0x0000000083700000, 0x0000000083800000|  0%| F|  |TAMS 0x0000000083700000| PB 0x0000000083700000| Untracked 
|  56|0x0000000083800000, 0x0000000083800000, 0x0000000083900000|  0%| F|  |TAMS 0x0000000083800000| PB 0x0000000083800000| Untracked 
|  57|0x0000000083900000, 0x0000000083900000, 0x0000000083a00000|  0%| F|  |TAMS 0x0000000083900000| PB 0x0000000083900000| Untracked 
|  58|0x0000000083a00000, 0x0000000083a00000, 0x0000000083b00000|  0%| F|  |TAMS 0x0000000083a00000| PB 0x0000000083a00000| Untracked 
|  59|0x0000000083b00000, 0x0000000083b00000, 0x0000000083c00000|  0%| F|  |TAMS 0x0000000083b00000| PB 0x0000000083b00000| Untracked 
|  60|0x0000000083c00000, 0x0000000083c00000, 0x0000000083d00000|  0%| F|  |TAMS 0x0000000083c00000| PB 0x0000000083c00000| Untracked 
|  61|0x0000000083d00000, 0x0000000083d00000, 0x0000000083e00000|  0%| F|  |TAMS 0x0000000083d00000| PB 0x0000000083d00000| Untracked 
|  62|0x0000000083e00000, 0x0000000083e00000, 0x0000000083f00000|  0%| F|  |TAMS 0x0000000083e00000| PB 0x0000000083e00000| Untracked 
|  63|0x0000000083f00000, 0x0000000083f00000, 0x0000000084000000|  0%| F|  |TAMS 0x0000000083f00000| PB 0x0000000083f00000| Untracked 
|  64|0x0000000084000000, 0x0000000084000000, 0x0000000084100000|  0%| F|  |TAMS 0x0000000084000000| PB 0x0000000084000000| Untracked 
|  65|0x0000000084100000, 0x0000000084100000, 0x0000000084200000|  0%| F|  |TAMS 0x0000000084100000| PB 0x0000000084100000| Untracked 
|  66|0x0000000084200000, 0x0000000084200000, 0x0000000084300000|  0%| F|  |TAMS 0x0000000084200000| PB 0x0000000084200000| Untracked 
|  67|0x0000000084300000, 0x0000000084300000, 0x0000000084400000|  0%| F|  |TAMS 0x0000000084300000| PB 0x0000000084300000| Untracked 
|  68|0x0000000084400000, 0x0000000084400000, 0x0000000084500000|  0%| F|  |TAMS 0x0000000084400000| PB 0x0000000084400000| Untracked 
|  69|0x0000000084500000, 0x0000000084500000, 0x0000000084600000|  0%| F|  |TAMS 0x0000000084500000| PB 0x0000000084500000| Untracked 
|  70|0x0000000084600000, 0x0000000084600000, 0x0000000084700000|  0%| F|  |TAMS 0x0000000084600000| PB 0x0000000084600000| Untracked 
|  71|0x0000000084700000, 0x0000000084702690, 0x0000000084800000|  0%| E|  |TAMS 0x0000000084700000| PB 0x0000000084700000| Complete 
|  72|0x0000000084800000, 0x0000000084900000, 0x0000000084900000|100%| E|CS|TAMS 0x0000000084800000| PB 0x0000000084800000| Complete 
|  73|0x0000000084900000, 0x0000000084a00000, 0x0000000084a00000|100%| E|CS|TAMS 0x0000000084900000| PB 0x0000000084900000| Complete 
|  74|0x0000000084a00000, 0x0000000084b00000, 0x0000000084b00000|100%| E|CS|TAMS 0x0000000084a00000| PB 0x0000000084a00000| Complete 
|  75|0x0000000084b00000, 0x0000000084c00000, 0x0000000084c00000|100%| E|CS|TAMS 0x0000000084b00000| PB 0x0000000084b00000| Complete 
|  76|0x0000000084c00000, 0x0000000084d00000, 0x0000000084d00000|100%| E|CS|TAMS 0x0000000084c00000| PB 0x0000000084c00000| Complete 
|  77|0x0000000084d00000, 0x0000000084e00000, 0x0000000084e00000|100%| E|CS|TAMS 0x0000000084d00000| PB 0x0000000084d00000| Complete 
|  78|0x0000000084e00000, 0x0000000084f00000, 0x0000000084f00000|100%| E|CS|TAMS 0x0000000084e00000| PB 0x0000000084e00000| Complete 
|  79|0x0000000084f00000, 0x0000000085000000, 0x0000000085000000|100%| E|CS|TAMS 0x0000000084f00000| PB 0x0000000084f00000| Complete 
|  80|0x0000000085000000, 0x0000000085100000, 0x0000000085100000|100%| E|CS|TAMS 0x0000000085000000| PB 0x0000000085000000| Complete 
|  81|0x0000000085100000, 0x0000000085200000, 0x0000000085200000|100%| E|CS|TAMS 0x0000000085100000| PB 0x0000000085100000| Complete 
|  82|0x0000000085200000, 0x0000000085300000, 0x0000000085300000|100%| E|CS|TAMS 0x0000000085200000| PB 0x0000000085200000| Complete 
|  83|0x0000000085300000, 0x0000000085400000, 0x0000000085400000|100%| E|CS|TAMS 0x0000000085300000| PB 0x0000000085300000| Complete 
|  84|0x0000000085400000, 0x0000000085500000, 0x0000000085500000|100%| E|CS|TAMS 0x0000000085400000| PB 0x0000000085400000| Complete 
|  85|0x0000000085500000, 0x0000000085600000, 0x0000000085600000|100%| E|CS|TAMS 0x0000000085500000| PB 0x0000000085500000| Complete 
|  86|0x0000000085600000, 0x0000000085700000, 0x0000000085700000|100%| E|CS|TAMS 0x0000000085600000| PB 0x0000000085600000| Complete 
|  87|0x0000000085700000, 0x0000000085800000, 0x0000000085800000|100%| E|CS|TAMS 0x0000000085700000| PB 0x0000000085700000| Complete 
|  88|0x0000000085800000, 0x0000000085900000, 0x0000000085900000|100%| E|CS|TAMS 0x0000000085800000| PB 0x0000000085800000| Complete 
|  89|0x0000000085900000, 0x0000000085a00000, 0x0000000085a00000|100%| E|CS|TAMS 0x0000000085900000| PB 0x0000000085900000| Complete 
|  90|0x0000000085a00000, 0x0000000085b00000, 0x0000000085b00000|100%| E|CS|TAMS 0x0000000085a00000| PB 0x0000000085a00000| Complete 
|  91|0x0000000085b00000, 0x0000000085c00000, 0x0000000085c00000|100%| E|CS|TAMS 0x0000000085b00000| PB 0x0000000085b00000| Complete 
|  92|0x0000000085c00000, 0x0000000085d00000, 0x0000000085d00000|100%| E|CS|TAMS 0x0000000085c00000| PB 0x0000000085c00000| Complete 
|  93|0x0000000085d00000, 0x0000000085e00000, 0x0000000085e00000|100%| E|CS|TAMS 0x0000000085d00000| PB 0x0000000085d00000| Complete 
|  94|0x0000000085e00000, 0x0000000085f00000, 0x0000000085f00000|100%| E|CS|TAMS 0x0000000085e00000| PB 0x0000000085e00000| Complete 
|  95|0x0000000085f00000, 0x0000000086000000, 0x0000000086000000|100%| E|CS|TAMS 0x0000000085f00000| PB 0x0000000085f00000| Complete 
|  96|0x0000000086000000, 0x0000000086100000, 0x0000000086100000|100%| E|CS|TAMS 0x0000000086000000| PB 0x0000000086000000| Complete 
|  97|0x0000000086100000, 0x0000000086200000, 0x0000000086200000|100%| E|CS|TAMS 0x0000000086100000| PB 0x0000000086100000| Complete 
| 107|0x0000000086b00000, 0x0000000086c00000, 0x0000000086c00000|100%| E|CS|TAMS 0x0000000086b00000| PB 0x0000000086b00000| Complete 
| 108|0x0000000086c00000, 0x0000000086d00000, 0x0000000086d00000|100%| E|CS|TAMS 0x0000000086c00000| PB 0x0000000086c00000| Complete 
| 109|0x0000000086d00000, 0x0000000086e00000, 0x0000000086e00000|100%| E|CS|TAMS 0x0000000086d00000| PB 0x0000000086d00000| Complete 
| 123|0x0000000087b00000, 0x0000000087c00000, 0x0000000087c00000|100%| E|CS|TAMS 0x0000000087b00000| PB 0x0000000087b00000| Complete 
|2042|0x00000000ffa00000, 0x00000000ffb00000, 0x00000000ffb00000|100%| O|  |TAMS 0x00000000ffa00000| PB 0x00000000ffa00000| Untracked 
|2043|0x00000000ffb00000, 0x00000000ffc00000, 0x00000000ffc00000|100%| O|  |TAMS 0x00000000ffb00000| PB 0x00000000ffb00000| Untracked 
|2044|0x00000000ffc00000, 0x00000000ffd00000, 0x00000000ffd00000|100%| O|  |TAMS 0x00000000ffc00000| PB 0x00000000ffc00000| Untracked 
|2045|0x00000000ffd00000, 0x00000000ffe00000, 0x00000000ffe00000|100%| O|  |TAMS 0x00000000ffd00000| PB 0x00000000ffd00000| Untracked 
|2046|0x00000000ffe00000, 0x00000000fff00000, 0x00000000fff00000|100%| O|  |TAMS 0x00000000ffe00000| PB 0x00000000ffe00000| Untracked 
|2047|0x00000000fff00000, 0x0000000100000000, 0x0000000100000000|100%| O|  |TAMS 0x00000000fff00000| PB 0x00000000fff00000| Untracked 

Card table byte_map: [0x00000208ced10000,0x00000208cf110000] _byte_map_base: 0x00000208ce910000

Marking Bits: (CMBitMap*) 0x00000208b93da690
 Bits: [0x00000208cf110000, 0x00000208d1110000)

Polling page: 0x00000208bdc40000

Metaspace:

Usage:
  Non-class:     56.10 MB used.
      Class:      9.64 MB used.
       Both:     65.74 MB used.

Virtual space:
  Non-class space:       64.00 MB reserved,      57.06 MB ( 89%) committed,  1 nodes.
      Class space:      416.00 MB reserved,      10.56 MB (  3%) committed,  1 nodes.
             Both:      480.00 MB reserved,      67.62 MB ( 14%) committed. 

Chunk freelists:
   Non-Class:  6.36 MB
       Class:  5.39 MB
        Both:  11.75 MB

MaxMetaspaceSize: 512.00 MB
CompressedClassSpaceSize: 416.00 MB
Initial GC threshold: 21.00 MB
Current GC threshold: 98.06 MB
CDS: on
 - commit_granule_bytes: 65536.
 - commit_granule_words: 8192.
 - virtual_space_node_default_size: 8388608.
 - enlarge_chunks_in_place: 1.
 - use_allocation_guard: 0.


Internal statistics:

num_allocs_failed_limit: 9.
num_arena_births: 3606.
num_arena_deaths: 0.
num_vsnodes_births: 2.
num_vsnodes_deaths: 0.
num_space_committed: 1082.
num_space_uncommitted: 0.
num_chunks_returned_to_freelist: 9.
num_chunks_taken_from_freelist: 6856.
num_chunk_merges: 9.
num_chunk_splits: 4432.
num_chunks_enlarged: 2675.
num_inconsistent_stats: 0.

CodeHeap 'non-profiled nmethods': size=128192Kb used=4412Kb max_used=4412Kb free=123779Kb
 bounds [0x00000208c5f30000, 0x00000208c6380000, 0x00000208cdc60000]
CodeHeap 'profiled nmethods': size=128192Kb used=14649Kb max_used=14649Kb free=113542Kb
 bounds [0x00000208bdc60000, 0x00000208beab0000, 0x00000208c5990000]
CodeHeap 'non-nmethods': size=5760Kb used=1932Kb max_used=1975Kb free=3828Kb
 bounds [0x00000208c5990000, 0x00000208c5c00000, 0x00000208c5f30000]
CodeCache: size=262144Kb, used=20993Kb, max_used=21036Kb, free=241149Kb
 total_blobs=8572, nmethods=7776, adapters=700, full_count=0
Compilation: enabled, stopped_count=0, restarted_count=0

Compilation events (20 events):
Event: 95.734 Thread 0x00000208d36cbc30 8505       3       org.gradle.api.internal.provider.ValueSupplier$Present::runSideEffect (21 bytes)
Event: 95.734 Thread 0x00000208d36cbc30 nmethod 8505 0x00000208beaaa690 code [0x00000208beaaa840, 0x00000208beaaaa50]
Event: 95.734 Thread 0x00000208d36cbc30 8506       1       org.gradle.api.internal.provider.DefaultValueSourceProviderFactory::access$600 (5 bytes)
Event: 95.734 Thread 0x00000208d36cbc30 nmethod 8506 0x00000208c637ee10 code [0x00000208c637efa0, 0x00000208c637f050]
Event: 95.737 Thread 0x00000208d36cbc30 8507       3       org.gradle.api.internal.provider.ValueSupplier$Value::of (22 bytes)
Event: 95.738 Thread 0x00000208d36cbc30 nmethod 8507 0x00000208beaaab10 code [0x00000208beaaace0, 0x00000208beaab090]
Event: 95.757 Thread 0x00000208d36cbc30 8508       3       org.gradle.api.internal.provider.AbstractProperty::setSupplier (20 bytes)
Event: 95.758 Thread 0x00000208d36cbc30 nmethod 8508 0x00000208beaab210 code [0x00000208beaab400, 0x00000208beaab9d8]
Event: 95.758 Thread 0x00000208d36cbc30 8509       3       kotlin.LazyKt__LazyJVMKt::lazy (21 bytes)
Event: 95.759 Thread 0x00000208d36cbc30 nmethod 8509 0x00000208beaabb90 code [0x00000208beaabdc0, 0x00000208beaac478]
Event: 95.764 Thread 0x00000208d36cbc30 8510       3       java.util.concurrent.atomic.AtomicReference::<init> (5 bytes)
Event: 95.764 Thread 0x00000208d36cbc30 nmethod 8510 0x00000208beaac710 code [0x00000208beaac8c0, 0x00000208beaaca28]
Event: 95.764 Thread 0x00000208d36cbc30 8511       3       org.gradle.internal.event.ListenerBroadcast::getSource (35 bytes)
Event: 95.764 Thread 0x00000208d36cbc30 nmethod 8511 0x00000208beaacb10 code [0x00000208beaaccc0, 0x00000208beaacfd8]
Event: 95.850 Thread 0x00000208d36cbc30 8512       3       org.objectweb.asm.SymbolTable$Entry::<init> (18 bytes)
Event: 95.851 Thread 0x00000208d36cbc30 nmethod 8512 0x00000208beaad110 code [0x00000208beaad2c0, 0x00000208beaad438]
Event: 95.855 Thread 0x00000208d36cbc30 8513       3       org.gradle.internal.instantiation.generator.AbstractClassGenerator$GeneratedClassImpl$GeneratedConstructorImpl::<init> (27 bytes)
Event: 95.855 Thread 0x00000208d36cbc30 nmethod 8513 0x00000208beaad510 code [0x00000208beaad6e0, 0x00000208beaadc40]
Event: 95.856 Thread 0x00000208d36cbc30 8514       3       org.gradle.internal.instantiation.generator.AsmBackedClassGenerator::createUsingConstructor (13 bytes)
Event: 95.856 Thread 0x00000208d36cbc30 nmethod 8514 0x00000208beaade10 code [0x00000208beaadfc0, 0x00000208beaae338]

GC Heap History (20 events):
Event: 6.722 GC heap before
{Heap before GC invocations=6 (full 0):
 garbage-first heap   total 86016K, used 84502K [0x0000000080000000, 0x0000000100000000)
  region size 1024K, 66 young (67584K), 7 survivors (7168K)
 Metaspace       used 30906K, committed 31872K, reserved 491520K
  class space    used 4476K, committed 4928K, reserved 425984K
}
Event: 6.737 GC heap after
{Heap after GC invocations=7 (full 0):
 garbage-first heap   total 118784K, used 30099K [0x0000000080000000, 0x0000000100000000)
  region size 1024K, 7 young (7168K), 7 survivors (7168K)
 Metaspace       used 30906K, committed 31872K, reserved 491520K
  class space    used 4476K, committed 4928K, reserved 425984K
}
Event: 10.864 GC heap before
{Heap before GC invocations=7 (full 0):
 garbage-first heap   total 118784K, used 94611K [0x0000000080000000, 0x0000000100000000)
  region size 1024K, 69 young (70656K), 7 survivors (7168K)
 Metaspace       used 34812K, committed 35904K, reserved 491520K
  class space    used 4908K, committed 5440K, reserved 425984K
}
Event: 10.874 GC heap after
{Heap after GC invocations=8 (full 0):
 garbage-first heap   total 118784K, used 32626K [0x0000000080000000, 0x0000000100000000)
  region size 1024K, 4 young (4096K), 4 survivors (4096K)
 Metaspace       used 34812K, committed 35904K, reserved 491520K
  class space    used 4908K, committed 5440K, reserved 425984K
}
Event: 10.898 GC heap before
{Heap before GC invocations=8 (full 0):
 garbage-first heap   total 118784K, used 32626K [0x0000000080000000, 0x0000000100000000)
  region size 1024K, 5 young (5120K), 4 survivors (4096K)
 Metaspace       used 34951K, committed 35968K, reserved 491520K
  class space    used 4932K, committed 5440K, reserved 425984K
}
Event: 10.903 GC heap after
{Heap after GC invocations=9 (full 0):
 garbage-first heap   total 118784K, used 31865K [0x0000000080000000, 0x0000000100000000)
  region size 1024K, 3 young (3072K), 3 survivors (3072K)
 Metaspace       used 34951K, committed 35968K, reserved 491520K
  class space    used 4932K, committed 5440K, reserved 425984K
}
Event: 15.854 GC heap before
{Heap before GC invocations=10 (full 0):
 garbage-first heap   total 109568K, used 94329K [0x0000000080000000, 0x0000000100000000)
  region size 1024K, 64 young (65536K), 3 survivors (3072K)
 Metaspace       used 41600K, committed 43136K, reserved 491520K
  class space    used 6056K, committed 6784K, reserved 425984K
}
Event: 15.862 GC heap after
{Heap after GC invocations=11 (full 0):
 garbage-first heap   total 109568K, used 35040K [0x0000000080000000, 0x0000000100000000)
  region size 1024K, 6 young (6144K), 6 survivors (6144K)
 Metaspace       used 41600K, committed 43136K, reserved 491520K
  class space    used 6056K, committed 6784K, reserved 425984K
}
Event: 22.214 GC heap before
{Heap before GC invocations=11 (full 0):
 garbage-first heap   total 109568K, used 93408K [0x0000000080000000, 0x0000000100000000)
  region size 1024K, 64 young (65536K), 6 survivors (6144K)
 Metaspace       used 46101K, committed 47808K, reserved 491520K
  class space    used 6803K, committed 7616K, reserved 425984K
}
Event: 22.223 GC heap after
{Heap after GC invocations=12 (full 0):
 garbage-first heap   total 109568K, used 37163K [0x0000000080000000, 0x0000000100000000)
  region size 1024K, 6 young (6144K), 6 survivors (6144K)
 Metaspace       used 46101K, committed 47808K, reserved 491520K
  class space    used 6803K, committed 7616K, reserved 425984K
}
Event: 78.786 GC heap before
{Heap before GC invocations=12 (full 0):
 garbage-first heap   total 109568K, used 95531K [0x0000000080000000, 0x0000000100000000)
  region size 1024K, 64 young (65536K), 6 survivors (6144K)
 Metaspace       used 48957K, committed 50688K, reserved 491520K
  class space    used 7228K, committed 8064K, reserved 425984K
}
Event: 78.835 GC heap after
{Heap after GC invocations=13 (full 0):
 garbage-first heap   total 109568K, used 41169K [0x0000000080000000, 0x0000000100000000)
  region size 1024K, 7 young (7168K), 7 survivors (7168K)
 Metaspace       used 48957K, committed 50688K, reserved 491520K
  class space    used 7228K, committed 8064K, reserved 425984K
}
Event: 81.711 GC heap before
{Heap before GC invocations=13 (full 0):
 garbage-first heap   total 109568K, used 99537K [0x0000000080000000, 0x0000000100000000)
  region size 1024K, 61 young (62464K), 7 survivors (7168K)
 Metaspace       used 53136K, committed 55040K, reserved 491520K
  class space    used 7913K, committed 8832K, reserved 425984K
}
Event: 81.724 GC heap after
{Heap after GC invocations=14 (full 0):
 garbage-first heap   total 110592K, used 47133K [0x0000000080000000, 0x0000000100000000)
  region size 1024K, 6 young (6144K), 6 survivors (6144K)
 Metaspace       used 53136K, committed 55040K, reserved 491520K
  class space    used 7913K, committed 8832K, reserved 425984K
}
Event: 83.231 GC heap before
{Heap before GC invocations=14 (full 0):
 garbage-first heap   total 110592K, used 90141K [0x0000000080000000, 0x0000000100000000)
  region size 1024K, 49 young (50176K), 6 survivors (6144K)
 Metaspace       used 58286K, committed 60096K, reserved 491520K
  class space    used 8578K, committed 9472K, reserved 425984K
}
Event: 83.248 GC heap after
{Heap after GC invocations=15 (full 0):
 garbage-first heap   total 110592K, used 48856K [0x0000000080000000, 0x0000000100000000)
  region size 1024K, 6 young (6144K), 6 survivors (6144K)
 Metaspace       used 58286K, committed 60096K, reserved 491520K
  class space    used 8578K, committed 9472K, reserved 425984K
}
Event: 87.093 GC heap before
{Heap before GC invocations=16 (full 0):
 garbage-first heap   total 110592K, used 100056K [0x0000000080000000, 0x0000000100000000)
  region size 1024K, 56 young (57344K), 6 survivors (6144K)
 Metaspace       used 62301K, committed 64256K, reserved 491520K
  class space    used 9169K, committed 10112K, reserved 425984K
}
Event: 87.102 GC heap after
{Heap after GC invocations=17 (full 0):
 garbage-first heap   total 110592K, used 50510K [0x0000000080000000, 0x0000000100000000)
  region size 1024K, 4 young (4096K), 4 survivors (4096K)
 Metaspace       used 62301K, committed 64256K, reserved 491520K
  class space    used 9169K, committed 10112K, reserved 425984K
}
Event: 92.488 GC heap before
{Heap before GC invocations=17 (full 0):
 garbage-first heap   total 110592K, used 101710K [0x0000000080000000, 0x0000000100000000)
  region size 1024K, 54 young (55296K), 4 survivors (4096K)
 Metaspace       used 65840K, committed 67776K, reserved 491520K
  class space    used 9666K, committed 10624K, reserved 425984K
}
Event: 92.498 GC heap after
{Heap after GC invocations=18 (full 0):
 garbage-first heap   total 110592K, used 52539K [0x0000000080000000, 0x0000000100000000)
  region size 1024K, 6 young (6144K), 6 survivors (6144K)
 Metaspace       used 65840K, committed 67776K, reserved 491520K
  class space    used 9666K, committed 10624K, reserved 425984K
}

Dll operation events (20 events):
Event: 0.120 Attempting to load shared library C:\Users\user5\.vscode\extensions\redhat.java-1.56.0-win32-x64\jre\21.0.12.1-win32-x86_64\bin\zip.dll
Event: 0.120 Loaded shared library C:\Users\user5\.vscode\extensions\redhat.java-1.56.0-win32-x64\jre\21.0.12.1-win32-x86_64\bin\zip.dll
Event: 0.310 Attempting to load shared library C:\Users\user5\.vscode\extensions\redhat.java-1.56.0-win32-x64\jre\21.0.12.1-win32-x86_64\bin\jimage.dll
Event: 0.310 Loaded shared library C:\Users\user5\.vscode\extensions\redhat.java-1.56.0-win32-x64\jre\21.0.12.1-win32-x86_64\bin\jimage.dll
Event: 0.404 Attempting to load shared library C:\Users\user5\.vscode\extensions\redhat.java-1.56.0-win32-x64\jre\21.0.12.1-win32-x86_64\bin\verify.dll
Event: 0.404 Loaded shared library C:\Users\user5\.vscode\extensions\redhat.java-1.56.0-win32-x64\jre\21.0.12.1-win32-x86_64\bin\verify.dll
Event: 0.505 Attempting to load shared library D:\gradle_cache\native\1def1411415f61bf3af743bc5b6707747c0891f09f0c88961ee8f79bc544acac\windows-amd64\native-platform.dll
Event: 0.505 Loaded shared library D:\gradle_cache\native\1def1411415f61bf3af743bc5b6707747c0891f09f0c88961ee8f79bc544acac\windows-amd64\native-platform.dll
Event: 0.509 Attempting to load shared library D:\gradle_cache\native\0.2.5\x86_64-windows-gnu\gradle-fileevents.dll
Event: 0.509 Loaded shared library D:\gradle_cache\native\0.2.5\x86_64-windows-gnu\gradle-fileevents.dll
Event: 1.133 Attempting to load shared library C:\Users\user5\.vscode\extensions\redhat.java-1.56.0-win32-x64\jre\21.0.12.1-win32-x86_64\bin\management.dll
Event: 1.133 Loaded shared library C:\Users\user5\.vscode\extensions\redhat.java-1.56.0-win32-x64\jre\21.0.12.1-win32-x86_64\bin\management.dll
Event: 1.135 Attempting to load shared library C:\Users\user5\.vscode\extensions\redhat.java-1.56.0-win32-x64\jre\21.0.12.1-win32-x86_64\bin\management_ext.dll
Event: 1.136 Loaded shared library C:\Users\user5\.vscode\extensions\redhat.java-1.56.0-win32-x64\jre\21.0.12.1-win32-x86_64\bin\management_ext.dll
Event: 1.306 Attempting to load shared library C:\Users\user5\.vscode\extensions\redhat.java-1.56.0-win32-x64\jre\21.0.12.1-win32-x86_64\bin\extnet.dll
Event: 1.306 Loaded shared library C:\Users\user5\.vscode\extensions\redhat.java-1.56.0-win32-x64\jre\21.0.12.1-win32-x86_64\bin\extnet.dll
Event: 1.463 Attempting to load shared library C:\Users\user5\.vscode\extensions\redhat.java-1.56.0-win32-x64\jre\21.0.12.1-win32-x86_64\bin\sunmscapi.dll
Event: 1.465 Loaded shared library C:\Users\user5\.vscode\extensions\redhat.java-1.56.0-win32-x64\jre\21.0.12.1-win32-x86_64\bin\sunmscapi.dll
Event: 2.025 Attempting to load shared library D:\temp\native-platform5419898730659828252dir\gradle-fileevents.dll
Event: 2.097 Loaded shared library D:\temp\native-platform5419898730659828252dir\gradle-fileevents.dll

Deoptimization events (20 events):
Event: 93.159 Thread 0x00000208f4c8d580 Uncommon trap: trap_request=0xffffffd6 fr.pc=0x00000208c63620fc relative=0x000000000000051c
Event: 93.159 Thread 0x00000208f4c8d580 Uncommon trap: reason=array_check action=maybe_recompile pc=0x00000208c63620fc method=com.google.common.collect.ImmutableMap$Builder.put(Ljava/lang/Object;Ljava/lang/Object;)Lcom/google/common/collect/ImmutableMap$Builder; @ 32 c2
Event: 93.159 Thread 0x00000208f4c8d580 DEOPT PACKING pc=0x00000208c63620fc sp=0x000000f4f63f5c60
Event: 93.159 Thread 0x00000208f4c8d580 DEOPT UNPACKING pc=0x00000208c59e4422 sp=0x000000f4f63f5c48 mode 2
Event: 93.789 Thread 0x00000208f4c8d580 Uncommon trap: trap_request=0xffffffde fr.pc=0x00000208c632a40c relative=0x00000000000027ac
Event: 93.789 Thread 0x00000208f4c8d580 Uncommon trap: reason=class_check action=maybe_recompile pc=0x00000208c632a40c method=java.net.URLClassLoader.defineClass(Ljava/lang/String;Ljdk/internal/loader/Resource;)Ljava/lang/Class; @ 34 c2
Event: 93.789 Thread 0x00000208f4c8d580 DEOPT PACKING pc=0x00000208c632a40c sp=0x000000f4f63f5d10
Event: 93.789 Thread 0x00000208f4c8d580 DEOPT UNPACKING pc=0x00000208c59e4422 sp=0x000000f4f63f5d28 mode 2
Event: 94.102 Thread 0x00000208f4c8d580 Uncommon trap: trap_request=0xffffff45 fr.pc=0x00000208c61ae3fc relative=0x00000000000008fc
Event: 94.102 Thread 0x00000208f4c8d580 Uncommon trap: reason=unstable_if action=reinterpret pc=0x00000208c61ae3fc method=org.objectweb.asm.Frame.execute(IILorg/objectweb/asm/Symbol;Lorg/objectweb/asm/SymbolTable;)V @ 1 c2
Event: 94.102 Thread 0x00000208f4c8d580 DEOPT PACKING pc=0x00000208c61ae3fc sp=0x000000f4f63f4de0
Event: 94.102 Thread 0x00000208f4c8d580 DEOPT UNPACKING pc=0x00000208c59e4422 sp=0x000000f4f63f4d68 mode 2
Event: 94.951 Thread 0x00000208f4c8d580 Uncommon trap: trap_request=0xffffff76 fr.pc=0x00000208c637140c relative=0x00000000000001ec
Event: 94.951 Thread 0x00000208f4c8d580 Uncommon trap: reason=predicate action=maybe_recompile pc=0x00000208c637140c method=java.util.Arrays.fill([Ljava/lang/Object;IILjava/lang/Object;)V @ 13 c2
Event: 94.951 Thread 0x00000208f4c8d580 DEOPT PACKING pc=0x00000208c637140c sp=0x000000f4f63f50a0
Event: 94.951 Thread 0x00000208f4c8d580 DEOPT UNPACKING pc=0x00000208c59e4422 sp=0x000000f4f63f5070 mode 2
Event: 95.477 Thread 0x00000208f4c8d580 Uncommon trap: trap_request=0xffffff45 fr.pc=0x00000208c634b0f0 relative=0x00000000000004b0
Event: 95.477 Thread 0x00000208f4c8d580 Uncommon trap: reason=unstable_if action=reinterpret pc=0x00000208c634b0f0 method=sun.reflect.annotation.AnnotationInvocationHandler.invoke(Ljava/lang/Object;Ljava/lang/reflect/Method;[Ljava/lang/Object;)Ljava/lang/Object; @ 15 c2
Event: 95.477 Thread 0x00000208f4c8d580 DEOPT PACKING pc=0x00000208c634b0f0 sp=0x000000f4f63f5140
Event: 95.477 Thread 0x00000208f4c8d580 DEOPT UNPACKING pc=0x00000208c59e4422 sp=0x000000f4f63f50e8 mode 2

Classes loaded (20 events):
Event: 88.163 Loading class jdk/internal/access/JavaIOAccess done
Event: 88.163 Loading class java/io/Console$1 done
Event: 88.950 Loading class com/sun/beans/finder/MethodFinder
Event: 88.952 Loading class com/sun/beans/finder/AbstractFinder
Event: 88.953 Loading class com/sun/beans/finder/AbstractFinder done
Event: 88.953 Loading class com/sun/beans/finder/MethodFinder done
Event: 88.953 Loading class com/sun/beans/finder/MethodFinder$1
Event: 88.953 Loading class com/sun/beans/finder/MethodFinder$1 done
Event: 88.953 Loading class com/sun/beans/finder/FinderUtils
Event: 88.954 Loading class com/sun/beans/finder/FinderUtils done
Event: 91.057 Loading class java/nio/file/FileTreeWalker$1
Event: 91.057 Loading class java/nio/file/FileTreeWalker$1 done
Event: 94.458 Loading class java/util/stream/ReduceOps$5
Event: 94.462 Loading class java/util/stream/ReduceOps$5 done
Event: 94.462 Loading class java/util/stream/ReduceOps$CountingSink$OfRef
Event: 94.466 Loading class java/util/stream/ReduceOps$CountingSink
Event: 94.467 Loading class java/util/stream/ReduceOps$CountingSink done
Event: 94.467 Loading class java/util/stream/ReduceOps$CountingSink$OfRef done
Event: 95.477 Loading class sun/reflect/annotation/AnnotationInvocationHandler$1
Event: 95.477 Loading class sun/reflect/annotation/AnnotationInvocationHandler$1 done

Classes unloaded (0 events):
No events

Classes redefined (0 events):
No events

Internal exceptions (20 events):
Event: 88.130 Thread 0x00000208f4c8d580 Exception <a 'java/lang/NoSuchMethodError'{0x0000000085593300}: 'java.lang.Object java.lang.invoke.DirectMethodHandle$Holder.invokeStaticInit(java.lang.Object, int)'> (0x0000000085593300) 
thrown [s\src\hotspot\share\interpreter\linkResolver.cpp, line 773]
Event: 88.137 Thread 0x00000208f4c8d580 Exception <a 'java/lang/NoSuchMethodError'{0x00000000855a0d28}: 'java.lang.Object java.lang.invoke.DirectMethodHandle$Holder.invokeStatic(java.lang.Object, int, java.lang.Object)'> (0x00000000855a0d28) 
thrown [s\src\hotspot\share\interpreter\linkResolver.cpp, line 773]
Event: 88.138 Thread 0x00000208f4c8d580 Exception <a 'java/lang/NoSuchMethodError'{0x00000000855a6310}: 'java.lang.Object java.lang.invoke.DirectMethodHandle$Holder.invokeStaticInit(java.lang.Object, int, java.lang.Object)'> (0x00000000855a6310) 
thrown [s\src\hotspot\share\interpreter\linkResolver.cpp, line 773]
Event: 88.924 Thread 0x00000208f4c8d580 Exception <a 'java/lang/ClassNotFoundException'{0x0000000084e0bda8}: groovy/lang/Closure$1BeanInfo> (0x0000000084e0bda8) 
thrown [s\src\hotspot\share\classfile\systemDictionary.cpp, line 313]
Event: 88.926 Thread 0x00000208f4c8d580 Exception <a 'java/lang/ClassNotFoundException'{0x0000000084e26648}: groovy/lang/ClosureBeanInfo> (0x0000000084e26648) 
thrown [s\src\hotspot\share\classfile\systemDictionary.cpp, line 313]
Event: 88.933 Thread 0x00000208f4c8d580 Exception <a 'java/lang/ClassNotFoundException'{0x0000000084e40950}: groovy/lang/ClosureCustomizer> (0x0000000084e40950) 
thrown [s\src\hotspot\share\classfile\systemDictionary.cpp, line 313]
Event: 88.950 Thread 0x00000208f4c8d580 Exception <a 'java/lang/ClassNotFoundException'{0x0000000084e80ee8}: groovy/lang/Closure$1Customizer> (0x0000000084e80ee8) 
thrown [s\src\hotspot\share\classfile\systemDictionary.cpp, line 313]
Event: 88.992 Thread 0x00000208f4c8d580 Exception <a 'java/lang/ClassNotFoundException'{0x0000000084d05420}: org/jetbrains/kotlin/gradle/targets/js/npm/DefaultNpmDependencyExtensionBeanInfo> (0x0000000084d05420) 
thrown [s\src\hotspot\share\classfile\systemDictionary.cpp, line 313]
Event: 88.996 Thread 0x00000208f4c8d580 Exception <a 'java/lang/ClassNotFoundException'{0x0000000084d14410}: org/jetbrains/kotlin/gradle/targets/js/npm/DefaultNpmDependencyExtensionCustomizer> (0x0000000084d14410) 
thrown [s\src\hotspot\share\classfile\systemDictionary.cpp, line 313]
Event: 89.030 Thread 0x00000208f4c8d580 Exception <a 'java/lang/ClassNotFoundException'{0x0000000084dbd380}: org/jetbrains/kotlin/gradle/targets/js/npm/NpmDependencyExtensionKt$defaultNpmDependencyDelegate$1BeanInfo> (0x0000000084dbd380) 
thrown [s\src\hotspot\share\classfile\systemDictionary.cpp, line 313]
Event: 89.031 Thread 0x00000208f4c8d580 Exception <a 'java/lang/ClassNotFoundException'{0x0000000084dcc3b0}: org/jetbrains/kotlin/gradle/targets/js/npm/NpmDependencyExtensionDelegateBeanInfo> (0x0000000084dcc3b0) 
thrown [s\src\hotspot\share\classfile\systemDictionary.cpp, line 313]
Event: 89.053 Thread 0x00000208f4c8d580 Exception <a 'java/lang/ClassNotFoundException'{0x0000000084ddb3b0}: org/jetbrains/kotlin/gradle/targets/js/npm/NpmDependencyExtensionDelegateCustomizer> (0x0000000084ddb3b0) 
thrown [s\src\hotspot\share\classfile\systemDictionary.cpp, line 313]
Event: 89.060 Thread 0x00000208f4c8d580 Exception <a 'java/lang/ClassNotFoundException'{0x0000000084c17288}: org/jetbrains/kotlin/gradle/targets/js/npm/NpmDependencyExtensionKt$defaultNpmDependencyDelegate$1Customizer> (0x0000000084c17288) 
thrown [s\src\hotspot\share\classfile\systemDictionary.cpp, line 313]
Event: 89.071 Thread 0x00000208f4c8d580 Exception <a 'java/lang/ClassNotFoundException'{0x0000000084c62500}: org/jetbrains/kotlin/gradle/targets/js/npm/DefaultDevNpmDependencyExtensionBeanInfo> (0x0000000084c62500) 
thrown [s\src\hotspot\share\classfile\systemDictionary.cpp, line 313]
Event: 89.075 Thread 0x00000208f4c8d580 Exception <a 'java/lang/ClassNotFoundException'{0x0000000084c71508}: org/jetbrains/kotlin/gradle/targets/js/npm/DefaultDevNpmDependencyExtensionCustomizer> (0x0000000084c71508) 
thrown [s\src\hotspot\share\classfile\systemDictionary.cpp, line 313]
Event: 89.084 Thread 0x00000208f4c8d580 Exception <a 'java/lang/ClassNotFoundException'{0x0000000084cc7648}: org/jetbrains/kotlin/gradle/targets/js/npm/DefaultPeerNpmDependencyExtensionBeanInfo> (0x0000000084cc7648) 
thrown [s\src\hotspot\share\classfile\systemDictionary.cpp, line 313]
Event: 89.086 Thread 0x00000208f4c8d580 Exception <a 'java/lang/ClassNotFoundException'{0x0000000084cd6660}: org/jetbrains/kotlin/gradle/targets/js/npm/DefaultPeerNpmDependencyExtensionCustomizer> (0x0000000084cd6660) 
thrown [s\src\hotspot\share\classfile\systemDictionary.cpp, line 313]
Event: 89.105 Thread 0x00000208f4c8d580 Exception <a 'java/lang/ClassNotFoundException'{0x0000000084b3a7d0}: org/jetbrains/kotlin/gradle/targets/js/npm/DefaultPeerNpmDependencyExtension$delegate$1BeanInfo> (0x0000000084b3a7d0) 
thrown [s\src\hotspot\share\classfile\systemDictionary.cpp, line 313]
Event: 89.105 Thread 0x00000208f4c8d580 Exception <a 'java/lang/ClassNotFoundException'{0x0000000084b49910}: org/jetbrains/kotlin/gradle/targets/js/npm/DefaultPeerNpmDependencyExtension$delegate$1Customizer> (0x0000000084b49910) 
thrown [s\src\hotspot\share\classfile\systemDictionary.cpp, line 313]
Event: 90.983 Thread 0x00000208f4c8d580 Exception <a 'java/lang/NoSuchMethodError'{0x0000000083c270c0}: 'int java.lang.invoke.DirectMethodHandle$Holder.invokeSpecialIFC(java.lang.Object, java.lang.Object, java.lang.Object, java.lang.Object, java.lang.Object)'> (0x0000000083c270c0) 
thrown [s\src\hotspot\share\interpreter\linkResolver.cpp, line 773]

ZGC Phase Switch (0 events):
No events

VM Operations (20 events):
Event: 87.093 Executing safepoint VM operation: G1CollectForAllocation (G1 Evacuation Pause)
Event: 87.102 Executing safepoint VM operation: G1CollectForAllocation (G1 Evacuation Pause) done
Event: 88.107 Executing safepoint VM operation: Cleanup
Event: 88.123 Executing safepoint VM operation: Cleanup done
Event: 89.133 Executing safepoint VM operation: Cleanup
Event: 89.133 Executing safepoint VM operation: Cleanup done
Event: 90.141 Executing safepoint VM operation: Cleanup
Event: 90.141 Executing safepoint VM operation: Cleanup done
Event: 91.153 Executing safepoint VM operation: Cleanup
Event: 91.169 Executing safepoint VM operation: Cleanup done
Event: 92.182 Executing safepoint VM operation: Cleanup
Event: 92.182 Executing safepoint VM operation: Cleanup done
Event: 92.488 Executing safepoint VM operation: G1CollectForAllocation (G1 Evacuation Pause)
Event: 92.498 Executing safepoint VM operation: G1CollectForAllocation (G1 Evacuation Pause) done
Event: 93.509 Executing safepoint VM operation: Cleanup
Event: 93.509 Executing safepoint VM operation: Cleanup done
Event: 94.445 Executing non-safepoint VM operation: HandshakeAllThreads (Deoptimize)
Event: 94.445 Executing non-safepoint VM operation: HandshakeAllThreads (Deoptimize) done
Event: 95.460 Executing safepoint VM operation: Cleanup
Event: 95.476 Executing safepoint VM operation: Cleanup done

Memory protections (0 events):
No events

Nmethod flushes (20 events):
Event: 83.337 Thread 0x00000208d36942f0 flushing  nmethod 0x00000208bdedc110
Event: 83.337 Thread 0x00000208d36942f0 flushing  nmethod 0x00000208bdf17490
Event: 83.337 Thread 0x00000208d36942f0 flushing  nmethod 0x00000208bdf5ff10
Event: 83.337 Thread 0x00000208d36942f0 flushing  nmethod 0x00000208bdf60390
Event: 83.337 Thread 0x00000208d36942f0 flushing  nmethod 0x00000208bdf61990
Event: 83.337 Thread 0x00000208d36942f0 flushing  nmethod 0x00000208bdf80990
Event: 83.337 Thread 0x00000208d36942f0 flushing  nmethod 0x00000208bdf83390
Event: 83.337 Thread 0x00000208d36942f0 flushing  nmethod 0x00000208bdf83910
Event: 83.337 Thread 0x00000208d36942f0 flushing  nmethod 0x00000208bdf98c90
Event: 83.337 Thread 0x00000208d36942f0 flushing  nmethod 0x00000208be0d1790
Event: 83.337 Thread 0x00000208d36942f0 flushing  nmethod 0x00000208be0d2190
Event: 83.337 Thread 0x00000208d36942f0 flushing  nmethod 0x00000208be0d2f90
Event: 83.337 Thread 0x00000208d36942f0 flushing  nmethod 0x00000208be0d3610
Event: 83.337 Thread 0x00000208d36942f0 flushing  nmethod 0x00000208be140690
Event: 83.337 Thread 0x00000208d36942f0 flushing  nmethod 0x00000208be159a90
Event: 83.337 Thread 0x00000208d36942f0 flushing  nmethod 0x00000208be15c690
Event: 83.337 Thread 0x00000208d36942f0 flushing  nmethod 0x00000208be160390
Event: 83.337 Thread 0x00000208d36942f0 flushing  nmethod 0x00000208be272e10
Event: 83.337 Thread 0x00000208d36942f0 flushing  nmethod 0x00000208be2f2410
Event: 83.337 Thread 0x00000208d36942f0 flushing  nmethod 0x00000208be354090

Events (20 events):
Event: 78.073 Thread 0x00000208f4c8d580 Thread added: 0x00000208f46be7e0
Event: 78.079 Thread 0x00000208f4c8d580 Thread added: 0x00000208f46bcda0
Event: 78.082 Thread 0x00000208f4c8d580 Thread added: 0x00000208f46bdac0
Event: 78.084 Thread 0x00000208f4c8d580 Thread added: 0x00000208f46bb360
Event: 78.087 Thread 0x00000208f4c8d580 Thread added: 0x00000208f46bee70
Event: 78.088 Thread 0x00000208f4c8d580 Thread added: 0x00000208f46bb9f0
Event: 78.090 Thread 0x00000208f4c8d580 Thread added: 0x00000208f5606790
Event: 78.733 Thread 0x00000208f4c8d580 Thread added: 0x00000208f56039a0
Event: 78.735 Thread 0x00000208f4c8d580 Thread added: 0x00000208f56046c0
Event: 78.739 Thread 0x00000208f4c8d580 Thread added: 0x00000208f5603310
Event: 78.742 Thread 0x00000208f4c8d580 Thread added: 0x00000208f56053e0
Event: 78.743 Thread 0x00000208f4c8d580 Thread added: 0x00000208f5606e20
Event: 78.744 Thread 0x00000208f4c8d580 Thread added: 0x00000208f5604030
Event: 78.746 Thread 0x00000208f4c8d580 Thread added: 0x00000208f5605a70
Event: 78.747 Thread 0x00000208f4c8d580 Thread added: 0x00000208f5604d50
Event: 78.747 Thread 0x00000208f4c8d580 Thread added: 0x00000208f5609580
Event: 78.766 Thread 0x00000208f4c8d580 Thread added: 0x00000208f56074b0
Event: 78.766 Thread 0x00000208f4c8d580 Thread added: 0x00000208f5607b40
Event: 80.643 Thread 0x00000208f4c8d580 Thread added: 0x00000208f5608ef0
Event: 84.308 Thread 0x00000208f4c8d580 Thread added: 0x00000208f560a930


Dynamic libraries:
0x00007ff7a95b0000 - 0x00007ff7a95be000 	C:\Users\user5\.vscode\extensions\redhat.java-1.56.0-win32-x64\jre\21.0.12.1-win32-x86_64\bin\java.exe
0x00007ff8236e0000 - 0x00007ff823947000 	C:\WINDOWS\SYSTEM32\ntdll.dll
0x00007ff822840000 - 0x00007ff82290b000 	C:\WINDOWS\System32\KERNEL32.DLL
0x00007ff820b10000 - 0x00007ff820f12000 	C:\WINDOWS\System32\KERNELBASE.dll
0x00007ff8212a0000 - 0x00007ff8213ec000 	C:\WINDOWS\System32\ucrtbase.dll
0x00007ff810520000 - 0x00007ff810538000 	C:\Users\user5\.vscode\extensions\redhat.java-1.56.0-win32-x64\jre\21.0.12.1-win32-x86_64\bin\jli.dll
0x00007ff813580000 - 0x00007ff81359e000 	C:\Users\user5\.vscode\extensions\redhat.java-1.56.0-win32-x64\jre\21.0.12.1-win32-x86_64\bin\VCRUNTIME140.dll
0x00007ff822450000 - 0x00007ff82261f000 	C:\WINDOWS\System32\USER32.dll
0x00007ff820f20000 - 0x00007ff820f47000 	C:\WINDOWS\System32\win32u.dll
0x00007ff800850000 - 0x00007ff800ae0000 	C:\WINDOWS\WinSxS\amd64_microsoft.windows.common-controls_6595b64144ccf1df_6.0.26100.9278_none_3e0d1ba8e3303201\COMCTL32.dll
0x00007ff822760000 - 0x00007ff82278b000 	C:\WINDOWS\System32\GDI32.dll
0x00007ff822910000 - 0x00007ff8229b9000 	C:\WINDOWS\System32\msvcrt.dll
0x00007ff820f50000 - 0x00007ff821079000 	C:\WINDOWS\System32\gdi32full.dll
0x00007ff820a60000 - 0x00007ff820b03000 	C:\WINDOWS\System32\msvcp_win.dll
0x00007ff821400000 - 0x00007ff821431000 	C:\WINDOWS\System32\IMM32.DLL
0x00007ff818840000 - 0x00007ff81884c000 	C:\Users\user5\.vscode\extensions\redhat.java-1.56.0-win32-x64\jre\21.0.12.1-win32-x86_64\bin\vcruntime140_1.dll
0x00007fffefad0000 - 0x00007fffefb5d000 	C:\Users\user5\.vscode\extensions\redhat.java-1.56.0-win32-x64\jre\21.0.12.1-win32-x86_64\bin\msvcp140.dll
0x00007fff950e0000 - 0x00007fff95e82000 	C:\Users\user5\.vscode\extensions\redhat.java-1.56.0-win32-x64\jre\21.0.12.1-win32-x86_64\bin\server\jvm.dll
0x00007ff822680000 - 0x00007ff82273c000 	C:\WINDOWS\System32\ADVAPI32.dll
0x00007ff8234d0000 - 0x00007ff823579000 	C:\WINDOWS\System32\sechost.dll
0x00007ff823580000 - 0x00007ff823698000 	C:\WINDOWS\System32\RPCRT4.dll
0x00007ff8227b0000 - 0x00007ff822830000 	C:\WINDOWS\System32\WS2_32.dll
0x00007ff81ffb0000 - 0x00007ff82000e000 	C:\WINDOWS\SYSTEM32\POWRPROF.dll
0x00007ff80c220000 - 0x00007ff80c256000 	C:\WINDOWS\SYSTEM32\WINMM.dll
0x00007ff8142c0000 - 0x00007ff8142cb000 	C:\WINDOWS\SYSTEM32\VERSION.dll
0x00007ff81ff70000 - 0x00007ff81ff85000 	C:\WINDOWS\SYSTEM32\UMPDC.dll
0x00007ff81f5b0000 - 0x00007ff81f5cb000 	C:\WINDOWS\SYSTEM32\kernel.appcore.dll
0x00007ff816440000 - 0x00007ff81644a000 	C:\Users\user5\.vscode\extensions\redhat.java-1.56.0-win32-x64\jre\21.0.12.1-win32-x86_64\bin\jimage.dll
0x00007ff81de40000 - 0x00007ff81e08c000 	C:\WINDOWS\SYSTEM32\DBGHELP.DLL
0x00007ff8215c0000 - 0x00007ff821945000 	C:\WINDOWS\System32\combase.dll
0x00007ff821950000 - 0x00007ff821a29000 	C:\WINDOWS\System32\OLEAUT32.dll
0x00007ffff9420000 - 0x00007ffff945b000 	C:\WINDOWS\SYSTEM32\dbgcore.DLL
0x00007ff8208e0000 - 0x00007ff82098c000 	C:\WINDOWS\System32\bcryptPrimitives.dll
0x00007ff804240000 - 0x00007ff80424f000 	C:\Users\user5\.vscode\extensions\redhat.java-1.56.0-win32-x64\jre\21.0.12.1-win32-x86_64\bin\instrument.dll
0x00007ff801b30000 - 0x00007ff801b50000 	C:\Users\user5\.vscode\extensions\redhat.java-1.56.0-win32-x64\jre\21.0.12.1-win32-x86_64\bin\java.dll
0x00007ff822d30000 - 0x00007ff8234c8000 	C:\WINDOWS\System32\SHELL32.dll
0x00007ff81e340000 - 0x00007ff81ebee000 	C:\WINDOWS\SYSTEM32\windows.storage.dll
0x00007ff822b30000 - 0x00007ff822c2b000 	C:\WINDOWS\System32\SHCORE.dll
0x00007ff822ac0000 - 0x00007ff822b26000 	C:\WINDOWS\System32\shlwapi.dll
0x00007ff820800000 - 0x00007ff820829000 	C:\WINDOWS\SYSTEM32\profapi.dll
0x00007ffffca20000 - 0x00007ffffca38000 	C:\Users\user5\.vscode\extensions\redhat.java-1.56.0-win32-x64\jre\21.0.12.1-win32-x86_64\bin\zip.dll
0x00007ff8047d0000 - 0x00007ff8047e0000 	C:\Users\user5\.vscode\extensions\redhat.java-1.56.0-win32-x64\jre\21.0.12.1-win32-x86_64\bin\net.dll
0x00007ff816de0000 - 0x00007ff816f0a000 	C:\WINDOWS\SYSTEM32\WINHTTP.dll
0x00007ff81fbe0000 - 0x00007ff81fc4c000 	C:\WINDOWS\system32\mswsock.dll
0x00007ffffc410000 - 0x00007ffffc426000 	C:\Users\user5\.vscode\extensions\redhat.java-1.56.0-win32-x64\jre\21.0.12.1-win32-x86_64\bin\nio.dll
0x00007ff8039a0000 - 0x00007ff8039b0000 	C:\Users\user5\.vscode\extensions\redhat.java-1.56.0-win32-x64\jre\21.0.12.1-win32-x86_64\bin\verify.dll
0x00007ffffbfd0000 - 0x00007ffffbff7000 	D:\gradle_cache\native\1def1411415f61bf3af743bc5b6707747c0891f09f0c88961ee8f79bc544acac\windows-amd64\native-platform.dll
0x000000006bd40000 - 0x000000006bdb3000 	D:\gradle_cache\native\0.2.5\x86_64-windows-gnu\gradle-fileevents.dll
0x00007ff8163f0000 - 0x00007ff8163fa000 	C:\Users\user5\.vscode\extensions\redhat.java-1.56.0-win32-x64\jre\21.0.12.1-win32-x86_64\bin\management.dll
0x00007ff8163e0000 - 0x00007ff8163ec000 	C:\Users\user5\.vscode\extensions\redhat.java-1.56.0-win32-x64\jre\21.0.12.1-win32-x86_64\bin\management_ext.dll
0x00007ff822440000 - 0x00007ff822448000 	C:\WINDOWS\System32\PSAPI.DLL
0x00007ff81fef0000 - 0x00007ff81ff0b000 	C:\WINDOWS\SYSTEM32\CRYPTSP.dll
0x00007ff81f510000 - 0x00007ff81f549000 	C:\WINDOWS\system32\rsaenh.dll
0x00007ff81fc90000 - 0x00007ff81fcc4000 	C:\WINDOWS\SYSTEM32\USERENV.dll
0x00007ff8207d0000 - 0x00007ff8207fa000 	C:\WINDOWS\SYSTEM32\bcrypt.dll
0x00007ff81ff10000 - 0x00007ff81ff1c000 	C:\WINDOWS\SYSTEM32\CRYPTBASE.dll
0x00007ff81efb0000 - 0x00007ff81efe3000 	C:\WINDOWS\SYSTEM32\IPHLPAPI.DLL
0x00007ff822750000 - 0x00007ff82275a000 	C:\WINDOWS\System32\NSI.dll
0x00007ffffce70000 - 0x00007ffffce79000 	C:\Users\user5\.vscode\extensions\redhat.java-1.56.0-win32-x64\jre\21.0.12.1-win32-x86_64\bin\extnet.dll
0x00007ffffa2f0000 - 0x00007ffffa2fe000 	C:\Users\user5\.vscode\extensions\redhat.java-1.56.0-win32-x64\jre\21.0.12.1-win32-x86_64\bin\sunmscapi.dll
0x00007ff821080000 - 0x00007ff8211fe000 	C:\WINDOWS\System32\CRYPT32.dll
0x00007ff8201c0000 - 0x00007ff8201f0000 	C:\WINDOWS\SYSTEM32\ncrypt.dll
0x00007ff820170000 - 0x00007ff8201af000 	C:\WINDOWS\SYSTEM32\NTASN1.dll
0x00007ff813c90000 - 0x00007ff813c98000 	C:\WINDOWS\system32\wshunix.dll
0x000000006b840000 - 0x000000006b8b3000 	D:\temp\native-platform5419898730659828252dir\gradle-fileevents.dll

JVMTI agents:
D:\gradle_cache\wrapper\dists\gradle-8.12-all\ejduaidbjup3bmmkhw3rie4zb\gradle-8.12\lib\agents\gradle-instrumentation-agent-8.12.jar path:C:\Users\user5\.vscode\extensions\redhat.java-1.56.0-win32-x64\jre\21.0.12.1-win32-x86_64\bin\instrument.dll, loaded, initialized, instrumentlib options:none

dbghelp: loaded successfully - version: 4.0.5 - missing functions: none
symbol engine: initialized successfully - sym options: 0x614 - pdb path: .;C:\Users\user5\.vscode\extensions\redhat.java-1.56.0-win32-x64\jre\21.0.12.1-win32-x86_64\bin;C:\WINDOWS\SYSTEM32;C:\WINDOWS\WinSxS\amd64_microsoft.windows.common-controls_6595b64144ccf1df_6.0.26100.9278_none_3e0d1ba8e3303201;C:\Users\user5\.vscode\extensions\redhat.java-1.56.0-win32-x64\jre\21.0.12.1-win32-x86_64\bin\server;D:\gradle_cache\native\1def1411415f61bf3af743bc5b6707747c0891f09f0c88961ee8f79bc544acac\windows-amd64;D:\gradle_cache\native\0.2.5\x86_64-windows-gnu;D:\temp\native-platform5419898730659828252dir

VM Arguments:
jvm_args: --add-opens=java.base/java.lang=ALL-UNNAMED --add-opens=java.base/java.lang.invoke=ALL-UNNAMED --add-opens=java.base/java.util=ALL-UNNAMED --add-opens=java.prefs/java.util.prefs=ALL-UNNAMED --add-exports=jdk.compiler/com.sun.tools.javac.api=ALL-UNNAMED --add-exports=jdk.compiler/com.sun.tools.javac.util=ALL-UNNAMED --add-opens=java.base/java.util=ALL-UNNAMED --add-opens=java.prefs/java.util.prefs=ALL-UNNAMED --add-opens=java.base/java.nio.charset=ALL-UNNAMED --add-opens=java.base/java.net=ALL-UNNAMED --add-opens=java.base/java.util.concurrent.atomic=ALL-UNNAMED --add-opens=java.xml/javax.xml.namespace=ALL-UNNAMED -XX:MaxMetaspaceSize=512m -XX:ReservedCodeCacheSize=256m -XX:+HeapDumpOnOutOfMemoryError -Xmx2G -Dfile.encoding=UTF-8 -Duser.country=IN -Duser.language=en -Duser.variant -javaagent:D:\gradle_cache\wrapper\dists\gradle-8.12-all\ejduaidbjup3bmmkhw3rie4zb\gradle-8.12\lib\agents\gradle-instrumentation-agent-8.12.jar 
java_command: org.gradle.launcher.daemon.bootstrap.GradleDaemon 8.12
java_class_path (initial): D:\gradle_cache\wrapper\dists\gradle-8.12-all\ejduaidbjup3bmmkhw3rie4zb\gradle-8.12\lib\gradle-daemon-main-8.12.jar
Launcher Type: SUN_STANDARD

[Global flags]
     intx CICompilerCount                          = 4                                         {product} {ergonomic}
   size_t CompressedClassSpaceSize                 = 436207616                                 {product} {ergonomic}
     uint ConcGCThreads                            = 3                                         {product} {ergonomic}
     uint G1ConcRefinementThreads                  = 10                                        {product} {ergonomic}
   size_t G1HeapRegionSize                         = 1048576                                   {product} {ergonomic}
    uintx GCDrainStackTargetSize                   = 64                                        {product} {ergonomic}
     bool HeapDumpOnOutOfMemoryError               = true                                   {manageable} {command line}
   size_t InitialHeapSize                          = 130023424                                 {product} {ergonomic}
   size_t MarkStackSize                            = 4194304                                   {product} {ergonomic}
   size_t MaxHeapSize                              = 2147483648                                {product} {command line}
   size_t MaxMetaspaceSize                         = 536870912                                 {product} {command line}
   size_t MaxNewSize                               = 1287651328                                {product} {ergonomic}
   size_t MinHeapDeltaBytes                        = 1048576                                   {product} {ergonomic}
   size_t MinHeapSize                              = 8388608                                   {product} {ergonomic}
    uintx NonNMethodCodeHeapSize                   = 5839372                                {pd product} {ergonomic}
    uintx NonProfiledCodeHeapSize                  = 131298042                              {pd product} {ergonomic}
    uintx ProfiledCodeHeapSize                     = 131298042                              {pd product} {ergonomic}
    uintx ReservedCodeCacheSize                    = 268435456                              {pd product} {command line}
     bool SegmentedCodeCache                       = true                                      {product} {ergonomic}
   size_t SoftMaxHeapSize                          = 2147483648                             {manageable} {ergonomic}
     bool UseCompressedOops                        = true                           {product lp64_product} {ergonomic}
     bool UseG1GC                                  = true                                      {product} {ergonomic}
     bool UseLargePagesIndividualAllocation        = false                                  {pd product} {ergonomic}

Logging:
Log output configuration:
 #0: stdout all=warning uptime,level,tags foldmultilines=false
 #1: stderr all=off uptime,level,tags foldmultilines=false

Release file:
JAVA_VERSION="21.0.12.1" 
MODULES="java.base java.compiler java.datatransfer java.xml java.prefs java.desktop java.instrument java.logging java.management java.security.sasl java.naming java.rmi java.management.rmi java.net.http java.scripting java.security.jgss java.transaction.xa java.sql java.sql.rowset java.xml.crypto java.se java.smartcardio jdk.accessibility jdk.internal.jvmstat jdk.attach jdk.charsets jdk.internal.opt jdk.zipfs jdk.compiler jdk.crypto.ec jdk.crypto.cryptoki jdk.crypto.mscapi jdk.dynalink jdk.internal.ed jdk.editpad jdk.hotspot.agent jdk.httpserver jdk.internal.le jdk.internal.vm.ci jdk.internal.vm.compiler jdk.internal.vm.compiler.management jdk.jartool jdk.javadoc jdk.jcmd jdk.management jdk.management.agent jdk.jconsole jdk.jdeps jdk.jdwp.agent jdk.jdi jdk.jfr jdk.jshell jdk.jsobject jdk.jstatd jdk.localedata jdk.management.jfr jdk.naming.dns jdk.naming.rmi jdk.net jdk.nio.mapmode jdk.random jdk.sctp jdk.security.auth jdk.security.jgss jdk.unsupported jdk.unsupported.desktop jdk.xml.dom" 

Environment Variables:
PATH=C:\Program Files\Common Files\Oracle\Java\javapath;C:\windows\system32;C:\windows;C:\windows\System32\Wbem;C:\windows\System32\WindowsPowerShell\v1.0\;C:\windows\System32\OpenSSH\;C:\Program Files (x86)\NVIDIA Corporation\PhysX\Common;C:\Program Files\NVIDIA Corporation\NVIDIA NvDLISR;C:\Users\Administrator\AppData\Local\Microsoft\WindowsApps;C:\Program Files\HP\OMEN-Broadcast\Common;C:\WINDOWS\system32;C:\WINDOWS;C:\WINDOWS\System32\Wbem;C:\WINDOWS\System32\WindowsPowerShell\v1.0\;C:\WINDOWS\System32\OpenSSH\;C:\src\flutter\bin;C:\Users\user5\AppData\Local\Android\Sdk\platform-tools;C:\Program Files\MySQL\MySQL Server 8.0\bin;C:\Program Files\Git\cmd;C:\Program Files\Git\mingw64\bin;C:\src\flutter\bin;C:\Program Files\Git\usr\bin;C:\Program Files\nodejs\;C:\Program Files\MySQL\MySQL Shell 8.0\bin\;C:\Users\user5\AppData\Local\Microsoft\WindowsApps;C:\Users\user5\AppData\Local\Programs\Microsoft VS Code\bin;C:\MinGW\bin;C:\Program Files\JetBrains\IntelliJ IDEA Community Edition 2025.1.1.1\bin;C:\Program Files\Git\cmd;;C:\Users\user5\AppData\Local\Programs\Antigravity IDE\bin;C:\Users\user5\AppData\Roaming\npm
USERNAME=User
OS=Windows_NT
PROCESSOR_IDENTIFIER=Intel64 Family 6 Model 154 Stepping 3, GenuineIntel
TMP=D:\temp
TEMP=D:\temp




Periodic native trim disabled

---------------  S Y S T E M  ---------------

OS:
 Windows 11 , 64 bit Build 26100 (10.0.26100.9444)
OS uptime: 0 days 2:11 hours
Hyper-V role detected

CPU: total 12 (initial active 12) (6 cores per cpu, 2 threads per core) family 6 model 154 stepping 3 microcode 0x435, cx8, cmov, fxsr, ht, mmx, 3dnowpref, sse, sse2, sse3, ssse3, sse4.1, sse4.2, popcnt, lzcnt, tsc, tscinvbit, avx, avx2, aes, erms, clmul, bmi1, bmi2, adx, sha, fma, vzeroupper, clflush, clflushopt, clwb, hv, serialize, rdtscp, rdpid, fsrm, f16c, cet_ibt, cet_ss
Processor Information for processor 0
  Max Mhz: 2000, Current Mhz: 2000, Mhz Limit: 2000
Processor Information for processor 1
  Max Mhz: 2000, Current Mhz: 2000, Mhz Limit: 2000
Processor Information for processor 2
  Max Mhz: 2000, Current Mhz: 2000, Mhz Limit: 2000
Processor Information for processor 3
  Max Mhz: 2000, Current Mhz: 2000, Mhz Limit: 2000
Processor Information for processor 4
  Max Mhz: 2000, Current Mhz: 2000, Mhz Limit: 2000
Processor Information for processor 5
  Max Mhz: 2000, Current Mhz: 2000, Mhz Limit: 2000
Processor Information for processor 6
  Max Mhz: 2000, Current Mhz: 2000, Mhz Limit: 2000
Processor Information for processor 7
  Max Mhz: 2000, Current Mhz: 2000, Mhz Limit: 2000
Processor Information for processor 8
  Max Mhz: 2000, Current Mhz: 2000, Mhz Limit: 2000
Processor Information for processor 9
  Max Mhz: 2000, Current Mhz: 2000, Mhz Limit: 2000
Processor Information for processor 10
  Max Mhz: 2000, Current Mhz: 1466, Mhz Limit: 2000
Processor Information for processor 11
  Max Mhz: 2000, Current Mhz: 2000, Mhz Limit: 2000

Memory: 4k page, system-wide physical 7832M (726M free)
TotalPageFile size 28212M (AvailPageFile size 775M)
current process WorkingSet (physical memory assigned to process): 259M, peak: 280M
current process commit charge ("private bytes"): 353M, peak: 353M

vm_info: OpenJDK 64-Bit Server VM (21.0.12.1+1-LTS) for windows-amd64 JRE (21.0.12.1+1-LTS), built on 2026-08-18T00:00:00Z by "admin" with MS VC++ 17.12 (VS2022)

END.
