#
# There is insufficient memory for the Java Runtime Environment to continue.
# Native memory allocation (mmap) failed to map 65536 bytes. Error detail: Failed to commit metaspace.
# Possible reasons:
#   The system is out of physical RAM or swap space
#   This process is running with CompressedOops enabled, and the Java Heap may be blocking the growth of the native heap
# Possible solutions:
#   Reduce memory load on the system
#   Increase physical memory or swap space
#   Check if swap backing store is full
#   Decrease Java heap size (-Xmx/-Xms)
#   Decrease number of Java threads
#   Decrease Java thread stack sizes (-Xss)
#   Set larger code cache with -XX:ReservedCodeCacheSize=
#   JVM is running with Unscaled Compressed Oops mode in which the Java heap is
#     placed in the first 4GB address space. The Java Heap base address is the
#     maximum limit for the native heap growth. Please use -XX:HeapBaseMinAddress
#     to set the Java Heap base and to place the Java Heap above 4GB virtual address.
# This output file may be truncated or incomplete.
#
#  Out of Memory Error (virtualSpaceNode.cpp:113), pid=33460, tid=18872
#
# JRE version: OpenJDK Runtime Environment Temurin-21.0.12.1+1 (21.0.12.1+1) (build 21.0.12.1+1-LTS)
# Java VM: OpenJDK 64-Bit Server VM Temurin-21.0.12.1+1 (21.0.12.1+1-LTS, mixed mode, sharing, tiered, compressed oops, compressed class ptrs, g1 gc, windows-amd64)
# No core dump will be written. Minidumps are not enabled by default on client versions of Windows
#

---------------  S U M M A R Y ------------

Command Line: --add-opens=java.base/java.lang=ALL-UNNAMED --add-opens=java.base/java.lang.invoke=ALL-UNNAMED --add-opens=java.base/java.util=ALL-UNNAMED --add-opens=java.prefs/java.util.prefs=ALL-UNNAMED --add-exports=jdk.compiler/com.sun.tools.javac.api=ALL-UNNAMED --add-exports=jdk.compiler/com.sun.tools.javac.util=ALL-UNNAMED --add-opens=java.base/java.util=ALL-UNNAMED --add-opens=java.prefs/java.util.prefs=ALL-UNNAMED --add-opens=java.base/java.nio.charset=ALL-UNNAMED --add-opens=java.base/java.net=ALL-UNNAMED --add-opens=java.base/java.util.concurrent.atomic=ALL-UNNAMED --add-opens=java.xml/javax.xml.namespace=ALL-UNNAMED -XX:MaxMetaspaceSize=512m -XX:ReservedCodeCacheSize=256m -XX:+HeapDumpOnOutOfMemoryError -Xmx2G -Dfile.encoding=UTF-8 -Duser.country=IN -Duser.language=en -Duser.variant -javaagent:D:\gradle_cache\wrapper\dists\gradle-8.12-all\ejduaidbjup3bmmkhw3rie4zb\gradle-8.12\lib\agents\gradle-instrumentation-agent-8.12.jar org.gradle.launcher.daemon.bootstrap.GradleDaemon 8.12

Host: 12th Gen Intel(R) Core(TM) i5-12450H, 12 cores, 7G,  Windows 11 , 64 bit Build 26100 (10.0.26100.9444)
Time: Sun Sep 13 16:17:27 2026 India Standard Time elapsed time: 743.135050 seconds (0d 0h 12m 23s)

---------------  T H R E A D  ---------------

Current thread (0x0000012064a27ce0):  JavaThread "Daemon worker"        [_thread_in_vm, id=18872, stack(0x0000000a30300000,0x0000000a30400000) (1024K)]

Stack: [0x0000000a30300000,0x0000000a30400000]
Native frames: (J=compiled Java code, j=interpreted, Vv=VM code, C=native code)
V  [jvm.dll+0x6d83e9]
V  [jvm.dll+0x8b5736]
V  [jvm.dll+0x8b7cee]
V  [jvm.dll+0x8b83d3]
V  [jvm.dll+0x284596]
V  [jvm.dll+0x8b147e]
V  [jvm.dll+0x679ad4]
V  [jvm.dll+0x1e849b]
V  [jvm.dll+0x1e825e]
V  [jvm.dll+0x67c3d2]
V  [jvm.dll+0x67c202]
V  [jvm.dll+0x67a4ae]
V  [jvm.dll+0x26f864]
V  [jvm.dll+0x21a11f]
V  [jvm.dll+0x20f80e]
V  [jvm.dll+0x5b6a7f]
V  [jvm.dll+0x82f606]
V  [jvm.dll+0x4792f8]
V  [jvm.dll+0x47f128]
C  [java.dll+0x17ec]

Java frames: (J=compiled Java code, j=interpreted, Vv=VM code)
J 807  java.lang.ClassLoader.defineClass1(Ljava/lang/ClassLoader;Ljava/lang/String;[BIILjava/security/ProtectionDomain;Ljava/lang/String;)Ljava/lang/Class; java.base@21.0.12.1 (0 bytes) @ 0x0000012036123091 [0x0000012036122fc0+0x00000000000000d1]
J 13117 c2 java.net.URLClassLoader$1.run()Ljava/lang/Object; java.base@21.0.12.1 (5 bytes) @ 0x00000120367926fc [0x00000120367906c0+0x000000000000203c]
J 4999 c2 java.net.URLClassLoader.findClass(Ljava/lang/String;)Ljava/lang/Class; java.base@21.0.12.1 (47 bytes) @ 0x000001203636229c [0x00000120363621e0+0x00000000000000bc]
J 7481 c1 org.gradle.internal.classloader.VisitableURLClassLoader$InstrumentingVisitableURLClassLoader.findClass(Ljava/lang/String;)Ljava/lang/Class; (36 bytes) @ 0x000001202e413b1c [0x000001202e413a40+0x00000000000000dc]
J 5339 c2 java.lang.ClassLoader.loadClass(Ljava/lang/String;Z)Ljava/lang/Class; java.base@21.0.12.1 (121 bytes) @ 0x00000120363aec90 [0x00000120363ae0c0+0x0000000000000bd0]
J 3685 c2 java.lang.ClassLoader.loadClass(Ljava/lang/String;)Ljava/lang/Class; java.base@21.0.12.1 (7 bytes) @ 0x00000120362b286c [0x00000120362b2820+0x000000000000004c]
v  ~StubRoutines::call_stub 0x0000012035b3100d
j  com.android.build.gradle.internal.plugins.DslContainerProvider.lock()V+55
j  com.android.build.gradle.internal.plugins.BasePlugin.createAndroidTasks(Lorg/gradle/api/Project;)V+356
j  com.android.build.gradle.internal.plugins.BasePlugin$createTasks$2$1.call()V+8
j  com.android.builder.profile.ThreadRecorder.record(Lcom/google/wireless/android/sdk/stats/GradleBuildProfileSpan$ExecutionType;Lcom/google/wireless/android/sdk/stats/GradleTransformExecution;Ljava/lang/Long;Ljava/lang/Long;Ljava/lang/Long;Lcom/android/builder/profile/Recorder$VoidBlock;)Lcom/google/wireless/android/sdk/stats/GradleBuildProfileSpan;+12
j  com.android.builder.profile.ThreadRecorder.record(Lcom/google/wireless/android/sdk/stats/GradleBuildProfileSpan$ExecutionType;Ljava/lang/Long;Ljava/lang/Long;Ljava/lang/Long;Lcom/android/builder/profile/Recorder$VoidBlock;)Lcom/google/wireless/android/sdk/stats/GradleBuildProfileSpan;+9
j  com.android.build.gradle.internal.profile.AnalyticsResourceManager.recordBlockAtConfiguration(Lcom/google/wireless/android/sdk/stats/GradleBuildProfileSpan$ExecutionType;Ljava/lang/String;Ljava/lang/String;Lcom/android/builder/profile/Recorder$VoidBlock;)V+53
j  com.android.build.gradle.internal.profile.AnalyticsConfiguratorService.recordBlock(Lcom/google/wireless/android/sdk/stats/GradleBuildProfileSpan$ExecutionType;Ljava/lang/String;Ljava/lang/String;Lcom/android/builder/profile/Recorder$VoidBlock;)V+28
j  com.android.build.gradle.internal.plugins.BasePlugin$createTasks$2.accept(Lorg/gradle/api/Project;)V+63
j  com.android.build.gradle.internal.plugins.BasePlugin$createTasks$2.accept(Ljava/lang/Object;)V+5
j  com.android.build.gradle.internal.crash.CrashReporting$afterEvaluate$1.execute(Lorg/gradle/api/Project;)V+12
j  com.android.build.gradle.internal.crash.CrashReporting$afterEvaluate$1.execute(Ljava/lang/Object;)V+5
J 8365 c1 org.gradle.internal.code.DefaultUserCodeApplicationContext$CurrentApplication$1.execute(Ljava/lang/Object;)V (79 bytes) @ 0x000001202ebe24fc [0x000001202ebe2140+0x00000000000003bc]
j  org.gradle.configuration.internal.DefaultListenerBuildOperationDecorator$BuildOperationEmittingAction$1.run(Lorg/gradle/internal/operations/BuildOperationContext;)V+11
J 8323 c1 org.gradle.internal.operations.DefaultBuildOperationRunner$1.execute(Lorg/gradle/internal/operations/BuildOperation;Lorg/gradle/internal/operations/BuildOperationContext;)V (10 bytes) @ 0x000001202ebcabc4 [0x000001202ebca960+0x0000000000000264]
J 13353 c2 org.gradle.internal.operations.DefaultBuildOperationRunner.execute(Lorg/gradle/internal/operations/BuildOperation;Lorg/gradle/internal/operations/BuildOperationWorker;Lorg/gradle/internal/operations/BuildOperationState;)V (23 bytes) @ 0x00000120367b212c [0x00000120367b04c0+0x0000000000001c6c]
J 8322 c1 org.gradle.internal.operations.DefaultBuildOperationRunner.run(Lorg/gradle/internal/operations/RunnableBuildOperation;)V (13 bytes) @ 0x000001202ebca45c [0x000001202ebca080+0x00000000000003dc]
j  org.gradle.configuration.internal.DefaultListenerBuildOperationDecorator$BuildOperationEmittingAction.execute(Ljava/lang/Object;)V+24
j  org.gradle.internal.event.BroadcastDispatch$ActionInvocationHandler.dispatch(Lorg/gradle/internal/dispatch/MethodInvocation;)V+24
j  org.gradle.internal.event.BroadcastDispatch$ActionInvocationHandler.dispatch(Ljava/lang/Object;)V+5
J 10309 c2 org.gradle.internal.event.AbstractBroadcastDispatch.dispatch(Lorg/gradle/internal/dispatch/MethodInvocation;Lorg/gradle/internal/dispatch/Dispatch;)V (74 bytes) @ 0x00000120363102f8 [0x00000120363102a0+0x0000000000000058]
J 5172 c1 org.gradle.internal.event.BroadcastDispatch$SingletonDispatch.dispatch(Ljava/lang/Object;)V (9 bytes) @ 0x000001202dee9e7c [0x000001202dee9c40+0x000000000000023c]
J 8671 c1 org.gradle.internal.event.AbstractBroadcastDispatch.dispatch(Lorg/gradle/internal/dispatch/MethodInvocation;Ljava/util/Iterator;)V (194 bytes) @ 0x000001202ec7499c [0x000001202ec745c0+0x00000000000003dc]
J 10410 c2 org.gradle.internal.event.AbstractBroadcastDispatch.dispatch(Lorg/gradle/internal/dispatch/MethodInvocation;Ljava/util/List;)V (65 bytes) @ 0x0000012036306c18 [0x0000012036306a80+0x0000000000000198]
J 8830 c1 org.gradle.internal.event.BroadcastDispatch$CompositeDispatch.dispatch(Ljava/lang/Object;)V (9 bytes) @ 0x000001202ecc567c [0x000001202ecc5440+0x000000000000023c]
J 7248 c1 org.gradle.internal.event.ListenerBroadcast.dispatch(Ljava/lang/Object;)V (9 bytes) @ 0x000001202ea53894 [0x000001202ea535e0+0x00000000000002b4]
J 6838 c1 org.gradle.internal.dispatch.ProxyDispatchAdapter$DispatchingInvocationHandler.invoke(Ljava/lang/Object;Ljava/lang/reflect/Method;[Ljava/lang/Object;)Ljava/lang/Object; (184 bytes) @ 0x000001202e992bec [0x000001202e991540+0x00000000000016ac]
j  jdk.proxy1.$Proxy67.afterEvaluate(Lorg/gradle/api/Project;Lorg/gradle/api/ProjectState;)V+20 jdk.proxy1
j  org.gradle.configuration.project.LifecycleProjectEvaluator$NotifyAfterEvaluate$1.execute(Lorg/gradle/api/ProjectEvaluationListener;)V+15
j  org.gradle.configuration.project.LifecycleProjectEvaluator$NotifyAfterEvaluate$1.execute(Ljava/lang/Object;)V+5
j  org.gradle.api.internal.project.DefaultProject.stepEvaluationListener(Lorg/gradle/api/ProjectEvaluationListener;Lorg/gradle/api/Action;)Lorg/gradle/api/ProjectEvaluationListener;+19
j  org.gradle.configuration.project.LifecycleProjectEvaluator$NotifyAfterEvaluate.run(Lorg/gradle/internal/operations/BuildOperationContext;)V+25
J 8323 c1 org.gradle.internal.operations.DefaultBuildOperationRunner$1.execute(Lorg/gradle/internal/operations/BuildOperation;Lorg/gradle/internal/operations/BuildOperationContext;)V (10 bytes) @ 0x000001202ebcabc4 [0x000001202ebca960+0x0000000000000264]
J 13353 c2 org.gradle.internal.operations.DefaultBuildOperationRunner.execute(Lorg/gradle/internal/operations/BuildOperation;Lorg/gradle/internal/operations/BuildOperationWorker;Lorg/gradle/internal/operations/BuildOperationState;)V (23 bytes) @ 0x00000120367b212c [0x00000120367b04c0+0x0000000000001c6c]
J 8322 c1 org.gradle.internal.operations.DefaultBuildOperationRunner.run(Lorg/gradle/internal/operations/RunnableBuildOperation;)V (13 bytes) @ 0x000001202ebca45c [0x000001202ebca080+0x00000000000003dc]
j  org.gradle.configuration.project.LifecycleProjectEvaluator$EvaluateProject.lambda$run$0(Lorg/gradle/internal/operations/BuildOperationContext;Lorg/gradle/api/internal/project/ProjectInternal;)V+102
j  org.gradle.configuration.project.LifecycleProjectEvaluator$EvaluateProject$$Lambda+0x00000120456e8250.accept(Ljava/lang/Object;)V+12
j  org.gradle.api.internal.project.DefaultProjectStateRegistry$ProjectStateImpl.lambda$applyToMutableState$1(Ljava/util/function/Consumer;Lorg/gradle/api/internal/project/ProjectInternal;)Ljava/lang/Object;+2
j  org.gradle.api.internal.project.DefaultProjectStateRegistry$ProjectStateImpl$$Lambda+0x00000120456e8488.apply(Ljava/lang/Object;)Ljava/lang/Object;+8
j  org.gradle.api.internal.project.DefaultProjectStateRegistry$ProjectStateImpl.fromMutableState(Ljava/util/function/Function;)Ljava/lang/Object;+97
j  org.gradle.api.internal.project.DefaultProjectStateRegistry$ProjectStateImpl.applyToMutableState(Ljava/util/function/Consumer;)V+7
j  org.gradle.configuration.project.LifecycleProjectEvaluator$EvaluateProject.run(Lorg/gradle/internal/operations/BuildOperationContext;)V+16
J 8323 c1 org.gradle.internal.operations.DefaultBuildOperationRunner$1.execute(Lorg/gradle/internal/operations/BuildOperation;Lorg/gradle/internal/operations/BuildOperationContext;)V (10 bytes) @ 0x000001202ebcabc4 [0x000001202ebca960+0x0000000000000264]
J 7540 c1 org.gradle.internal.operations.DefaultBuildOperationRunner$2.execute(Lorg/gradle/internal/operations/BuildOperationDescriptor;Lorg/gradle/internal/operations/BuildOperationState;Lorg/gradle/internal/operations/BuildOperationState;Lorg/gradle/internal/operations/DefaultBuildOperationRunner$ReadableBuildOperationContext;Lorg/gradle/internal/operations/DefaultBuildOperationRunner$BuildOperationExecutionListener;)Lorg/gradle/internal/operations/BuildOperation; (110 bytes) @ 0x000001202e5f5444 [0x000001202e5f5240+0x0000000000000204]
J 7519 c1 org.gradle.internal.operations.DefaultBuildOperationRunner$2.execute(Lorg/gradle/internal/operations/BuildOperationDescriptor;Lorg/gradle/internal/operations/BuildOperationState;Lorg/gradle/internal/operations/BuildOperationState;Lorg/gradle/internal/operations/DefaultBuildOperationRunner$ReadableBuildOperationContext;Lorg/gradle/internal/operations/DefaultBuildOperationRunner$BuildOperationExecutionListener;)Ljava/lang/Object; (12 bytes) @ 0x000001202e20c73c [0x000001202e20c6c0+0x000000000000007c]
J 11020 c1 org.gradle.internal.operations.DefaultBuildOperationRunner.execute(Lorg/gradle/internal/operations/BuildOperationDescriptor$Builder;Lorg/gradle/internal/operations/BuildOperationState;Lorg/gradle/internal/operations/DefaultBuildOperationRunner$BuildOperationExecution;)Ljava/lang/Object; (147 bytes) @ 0x000001202ef59aa4 [0x000001202ef58f00+0x0000000000000ba4]
J 6697 c1 org.gradle.internal.operations.DefaultBuildOperationRunner.execute(Lorg/gradle/internal/operations/BuildOperation;Lorg/gradle/internal/operations/BuildOperationWorker;Lorg/gradle/internal/operations/BuildOperationState;)V (23 bytes) @ 0x000001202e93e394 [0x000001202e93e0e0+0x00000000000002b4]
J 8322 c1 org.gradle.internal.operations.DefaultBuildOperationRunner.run(Lorg/gradle/internal/operations/RunnableBuildOperation;)V (13 bytes) @ 0x000001202ebca45c [0x000001202ebca080+0x00000000000003dc]
j  org.gradle.configuration.project.LifecycleProjectEvaluator.evaluate(Lorg/gradle/api/internal/project/ProjectInternal;Lorg/gradle/api/internal/project/ProjectStateInternal;)V+42
j  org.gradle.api.internal.project.DefaultProject.evaluateUnchecked()Lorg/gradle/api/internal/project/ProjectInternal;+20
j  org.gradle.api.internal.project.ProjectLifecycleController.lambda$ensureSelfConfigured$2()V+4
j  org.gradle.api.internal.project.ProjectLifecycleController$$Lambda+0x00000120456e3430.run()V+4
j  org.gradle.internal.model.StateTransitionController.lambda$doTransition$14(Ljava/lang/Runnable;)Lorg/gradle/internal/build/ExecutionResult;+1
j  org.gradle.internal.model.StateTransitionController$$Lambda+0x0000012045415a38.get()Ljava/lang/Object;+4
j  org.gradle.internal.model.StateTransitionController.doTransition(Lorg/gradle/internal/model/StateTransitionController$State;Lorg/gradle/internal/model/StateTransitionController$State;Ljava/util/function/Supplier;)Lorg/gradle/internal/build/ExecutionResult;+24
j  org.gradle.internal.model.StateTransitionController.doTransition(Lorg/gradle/internal/model/StateTransitionController$State;Lorg/gradle/internal/model/StateTransitionController$State;Ljava/lang/Runnable;)V+9
j  org.gradle.internal.model.StateTransitionController.lambda$maybeTransitionIfNotCurrentlyTransitioning$10(Lorg/gradle/internal/model/StateTransitionController$State;Lorg/gradle/internal/model/StateTransitionController$State;Ljava/lang/Runnable;)V+16
j  org.gradle.internal.model.StateTransitionController$$Lambda+0x00000120456e3658.run()V+16
j  org.gradle.internal.work.DefaultSynchronizer.withLock(Ljava/lang/Runnable;)V+6
j  org.gradle.internal.model.StateTransitionController.maybeTransitionIfNotCurrentlyTransitioning(Lorg/gradle/internal/model/StateTransitionController$State;Lorg/gradle/internal/model/StateTransitionController$State;Ljava/lang/Runnable;)V+13
j  org.gradle.api.internal.project.ProjectLifecycleController.ensureSelfConfigured()V+16
j  org.gradle.api.internal.project.DefaultProjectStateRegistry$ProjectStateImpl.ensureConfigured()V+19
j  org.gradle.api.internal.project.DefaultProject.evaluationDependsOn(Lorg/gradle/api/internal/project/ProjectInternal;)Lorg/gradle/api/Project;+44
j  org.gradle.api.internal.project.DefaultProject.evaluationDependsOn(Ljava/lang/String;)Lorg/gradle/api/Project;+26
j  Build_gradle$3.execute(Lorg/gradle/api/Project;)V+8
j  Build_gradle$3.execute(Ljava/lang/Object;)V+5
J 8529 c1 org.gradle.api.internal.DefaultMutationGuard$1.execute(Ljava/lang/Object;)V (67 bytes) @ 0x000001202ec3762c [0x000001202ec371c0+0x000000000000046c]
j  org.gradle.internal.Actions.with(Ljava/lang/Object;Lorg/gradle/api/Action;)Ljava/lang/Object;+2
j  org.gradle.api.internal.project.BuildOperationCrossProjectConfigurator$1.run(Lorg/gradle/internal/operations/BuildOperationContext;)V+20
J 8323 c1 org.gradle.internal.operations.DefaultBuildOperationRunner$1.execute(Lorg/gradle/internal/operations/BuildOperation;Lorg/gradle/internal/operations/BuildOperationContext;)V (10 bytes) @ 0x000001202ebcabc4 [0x000001202ebca960+0x0000000000000264]
J 7540 c1 org.gradle.internal.operations.DefaultBuildOperationRunner$2.execute(Lorg/gradle/internal/operations/BuildOperationDescriptor;Lorg/gradle/internal/operations/BuildOperationState;Lorg/gradle/internal/operations/BuildOperationState;Lorg/gradle/internal/operations/DefaultBuildOperationRunner$ReadableBuildOperationContext;Lorg/gradle/internal/operations/DefaultBuildOperationRunner$BuildOperationExecutionListener;)Lorg/gradle/internal/operations/BuildOperation; (110 bytes) @ 0x000001202e5f5444 [0x000001202e5f5240+0x0000000000000204]
J 7519 c1 org.gradle.internal.operations.DefaultBuildOperationRunner$2.execute(Lorg/gradle/internal/operations/BuildOperationDescriptor;Lorg/gradle/internal/operations/BuildOperationState;Lorg/gradle/internal/operations/BuildOperationState;Lorg/gradle/internal/operations/DefaultBuildOperationRunner$ReadableBuildOperationContext;Lorg/gradle/internal/operations/DefaultBuildOperationRunner$BuildOperationExecutionListener;)Ljava/lang/Object; (12 bytes) @ 0x000001202e20c73c [0x000001202e20c6c0+0x000000000000007c]
J 11020 c1 org.gradle.internal.operations.DefaultBuildOperationRunner.execute(Lorg/gradle/internal/operations/BuildOperationDescriptor$Builder;Lorg/gradle/internal/operations/BuildOperationState;Lorg/gradle/internal/operations/DefaultBuildOperationRunner$BuildOperationExecution;)Ljava/lang/Object; (147 bytes) @ 0x000001202ef59aa4 [0x000001202ef58f00+0x0000000000000ba4]
J 6697 c1 org.gradle.internal.operations.DefaultBuildOperationRunner.execute(Lorg/gradle/internal/operations/BuildOperation;Lorg/gradle/internal/operations/BuildOperationWorker;Lorg/gradle/internal/operations/BuildOperationState;)V (23 bytes) @ 0x000001202e93e394 [0x000001202e93e0e0+0x00000000000002b4]
J 8322 c1 org.gradle.internal.operations.DefaultBuildOperationRunner.run(Lorg/gradle/internal/operations/RunnableBuildOperation;)V (13 bytes) @ 0x000001202ebca45c [0x000001202ebca080+0x00000000000003dc]
j  org.gradle.api.internal.project.BuildOperationCrossProjectConfigurator.lambda$runProjectConfigureAction$0(Lorg/gradle/api/internal/project/ProjectInternal;Lorg/gradle/api/Action;Lorg/gradle/api/internal/project/ProjectInternal;)V+15
j  org.gradle.api.internal.project.BuildOperationCrossProjectConfigurator$$Lambda+0x0000012045ba7c00.accept(Ljava/lang/Object;)V+16
j  org.gradle.api.internal.project.DefaultProjectStateRegistry$ProjectStateImpl.lambda$applyToMutableState$1(Ljava/util/function/Consumer;Lorg/gradle/api/internal/project/ProjectInternal;)Ljava/lang/Object;+2
j  org.gradle.api.internal.project.DefaultProjectStateRegistry$ProjectStateImpl$$Lambda+0x00000120456e8488.apply(Ljava/lang/Object;)Ljava/lang/Object;+8
j  org.gradle.api.internal.project.DefaultProjectStateRegistry$ProjectStateImpl.fromMutableState(Ljava/util/function/Function;)Ljava/lang/Object;+97
j  org.gradle.api.internal.project.DefaultProjectStateRegistry$ProjectStateImpl.applyToMutableState(Ljava/util/function/Consumer;)V+7
j  org.gradle.api.internal.project.BuildOperationCrossProjectConfigurator.runProjectConfigureAction(Lorg/gradle/api/internal/project/ProjectInternal;Lorg/gradle/api/Action;)V+14
j  org.gradle.api.internal.project.BuildOperationCrossProjectConfigurator.access$100(Lorg/gradle/api/internal/project/BuildOperationCrossProjectConfigurator;Lorg/gradle/api/internal/project/ProjectInternal;Lorg/gradle/api/Action;)V+3
j  org.gradle.api.internal.project.BuildOperationCrossProjectConfigurator$BlockConfigureBuildOperation.run(Lorg/gradle/internal/operations/BuildOperationContext;)V+38
J 8323 c1 org.gradle.internal.operations.DefaultBuildOperationRunner$1.execute(Lorg/gradle/internal/operations/BuildOperation;Lorg/gradle/internal/operations/BuildOperationContext;)V (10 bytes) @ 0x000001202ebcabc4 [0x000001202ebca960+0x0000000000000264]
J 7540 c1 org.gradle.internal.operations.DefaultBuildOperationRunner$2.execute(Lorg/gradle/internal/operations/BuildOperationDescriptor;Lorg/gradle/internal/operations/BuildOperationState;Lorg/gradle/internal/operations/BuildOperationState;Lorg/gradle/internal/operations/DefaultBuildOperationRunner$ReadableBuildOperationContext;Lorg/gradle/internal/operations/DefaultBuildOperationRunner$BuildOperationExecutionListener;)Lorg/gradle/internal/operations/BuildOperation; (110 bytes) @ 0x000001202e5f5444 [0x000001202e5f5240+0x0000000000000204]
J 7519 c1 org.gradle.internal.operations.DefaultBuildOperationRunner$2.execute(Lorg/gradle/internal/operations/BuildOperationDescriptor;Lorg/gradle/internal/operations/BuildOperationState;Lorg/gradle/internal/operations/BuildOperationState;Lorg/gradle/internal/operations/DefaultBuildOperationRunner$ReadableBuildOperationContext;Lorg/gradle/internal/operations/DefaultBuildOperationRunner$BuildOperationExecutionListener;)Ljava/lang/Object; (12 bytes) @ 0x000001202e20c73c [0x000001202e20c6c0+0x000000000000007c]
J 11020 c1 org.gradle.internal.operations.DefaultBuildOperationRunner.execute(Lorg/gradle/internal/operations/BuildOperationDescriptor$Builder;Lorg/gradle/internal/operations/BuildOperationState;Lorg/gradle/internal/operations/DefaultBuildOperationRunner$BuildOperationExecution;)Ljava/lang/Object; (147 bytes) @ 0x000001202ef59aa4 [0x000001202ef58f00+0x0000000000000ba4]
J 6697 c1 org.gradle.internal.operations.DefaultBuildOperationRunner.execute(Lorg/gradle/internal/operations/BuildOperation;Lorg/gradle/internal/operations/BuildOperationWorker;Lorg/gradle/internal/operations/BuildOperationState;)V (23 bytes) @ 0x000001202e93e394 [0x000001202e93e0e0+0x00000000000002b4]
J 8322 c1 org.gradle.internal.operations.DefaultBuildOperationRunner.run(Lorg/gradle/internal/operations/RunnableBuildOperation;)V (13 bytes) @ 0x000001202ebca45c [0x000001202ebca080+0x00000000000003dc]
j  org.gradle.api.internal.project.BuildOperationCrossProjectConfigurator.runBlockConfigureAction(Lorg/gradle/internal/operations/BuildOperationDescriptor$Builder;Ljava/lang/Iterable;Lorg/gradle/api/Action;)V+16
j  org.gradle.api.internal.project.BuildOperationCrossProjectConfigurator.subprojects(Ljava/lang/Iterable;Lorg/gradle/api/Action;)V+6
j  org.gradle.api.internal.project.DefaultProject.subprojects(Lorg/gradle/api/internal/project/ProjectInternal;Lorg/gradle/api/Action;)V+10
j  org.gradle.api.internal.project.DefaultProject.subprojects(Lorg/gradle/api/Action;)V+3
j  Build_gradle.<init>(Lorg/gradle/kotlin/dsl/support/KotlinScriptHost;Lorg/gradle/api/Project;)V+133
j  Program.execute(Lorg/gradle/kotlin/dsl/execution/ExecutableProgram$Host;Lorg/gradle/kotlin/dsl/support/KotlinScriptHost;)V+11
j  org.gradle.kotlin.dsl.execution.Interpreter$ProgramHost.eval(Lorg/gradle/kotlin/dsl/execution/CompiledScript;Lorg/gradle/kotlin/dsl/support/KotlinScriptHost;)V+88
j  org.gradle.kotlin.dsl.execution.Interpreter$ProgramHost.evaluateSecondStageOf(Lorg/gradle/kotlin/dsl/execution/ExecutableProgram$StagedProgram;Lorg/gradle/kotlin/dsl/support/KotlinScriptHost;Ljava/lang/String;Lorg/gradle/internal/hash/HashCode;Lorg/gradle/internal/classpath/ClassPath;)V+198
j  Program.execute(Lorg/gradle/kotlin/dsl/execution/ExecutableProgram$Host;Lorg/gradle/kotlin/dsl/support/KotlinScriptHost;)V+145
j  org.gradle.kotlin.dsl.execution.Interpreter$ProgramHost.eval(Lorg/gradle/kotlin/dsl/execution/CompiledScript;Lorg/gradle/kotlin/dsl/support/KotlinScriptHost;)V+88
j  org.gradle.kotlin.dsl.execution.Interpreter.eval(Ljava/lang/Object;Lorg/gradle/groovy/scripts/ScriptSource;Lorg/gradle/internal/hash/HashCode;Lorg/gradle/api/initialization/dsl/ScriptHandler;Lorg/gradle/api/internal/initialization/ClassLoaderScope;Lorg/gradle/api/internal/initialization/ClassLoaderScope;ZLjava/util/EnumSet;)V+213
j  org.gradle.kotlin.dsl.provider.StandardKotlinScriptEvaluator.evaluate(Ljava/lang/Object;Lorg/gradle/groovy/scripts/ScriptSource;Lorg/gradle/api/initialization/dsl/ScriptHandler;Lorg/gradle/api/internal/initialization/ClassLoaderScope;Lorg/gradle/api/internal/initialization/ClassLoaderScope;ZLjava/util/EnumSet;)V+163
j  org.gradle.kotlin.dsl.provider.KotlinScriptPluginFactory$create$1.invoke(Ljava/lang/Object;)V+253
j  org.gradle.kotlin.dsl.provider.KotlinScriptPluginFactory$create$1.invoke(Ljava/lang/Object;)Ljava/lang/Object;+2
j  org.gradle.kotlin.dsl.provider.KotlinScriptPlugin.apply(Ljava/lang/Object;)V+22
j  org.gradle.configuration.BuildOperationScriptPlugin$1.run(Lorg/gradle/internal/operations/BuildOperationContext;)V+11
J 8323 c1 org.gradle.internal.operations.DefaultBuildOperationRunner$1.execute(Lorg/gradle/internal/operations/BuildOperation;Lorg/gradle/internal/operations/BuildOperationContext;)V (10 bytes) @ 0x000001202ebcabc4 [0x000001202ebca960+0x0000000000000264]
J 7540 c1 org.gradle.internal.operations.DefaultBuildOperationRunner$2.execute(Lorg/gradle/internal/operations/BuildOperationDescriptor;Lorg/gradle/internal/operations/BuildOperationState;Lorg/gradle/internal/operations/BuildOperationState;Lorg/gradle/internal/operations/DefaultBuildOperationRunner$ReadableBuildOperationContext;Lorg/gradle/internal/operations/DefaultBuildOperationRunner$BuildOperationExecutionListener;)Lorg/gradle/internal/operations/BuildOperation; (110 bytes) @ 0x000001202e5f5444 [0x000001202e5f5240+0x0000000000000204]
J 7519 c1 org.gradle.internal.operations.DefaultBuildOperationRunner$2.execute(Lorg/gradle/internal/operations/BuildOperationDescriptor;Lorg/gradle/internal/operations/BuildOperationState;Lorg/gradle/internal/operations/BuildOperationState;Lorg/gradle/internal/operations/DefaultBuildOperationRunner$ReadableBuildOperationContext;Lorg/gradle/internal/operations/DefaultBuildOperationRunner$BuildOperationExecutionListener;)Ljava/lang/Object; (12 bytes) @ 0x000001202e20c73c [0x000001202e20c6c0+0x000000000000007c]
J 11020 c1 org.gradle.internal.operations.DefaultBuildOperationRunner.execute(Lorg/gradle/internal/operations/BuildOperationDescriptor$Builder;Lorg/gradle/internal/operations/BuildOperationState;Lorg/gradle/internal/operations/DefaultBuildOperationRunner$BuildOperationExecution;)Ljava/lang/Object; (147 bytes) @ 0x000001202ef59aa4 [0x000001202ef58f00+0x0000000000000ba4]
J 6697 c1 org.gradle.internal.operations.DefaultBuildOperationRunner.execute(Lorg/gradle/internal/operations/BuildOperation;Lorg/gradle/internal/operations/BuildOperationWorker;Lorg/gradle/internal/operations/BuildOperationState;)V (23 bytes) @ 0x000001202e93e394 [0x000001202e93e0e0+0x00000000000002b4]
J 8322 c1 org.gradle.internal.operations.DefaultBuildOperationRunner.run(Lorg/gradle/internal/operations/RunnableBuildOperation;)V (13 bytes) @ 0x000001202ebca45c [0x000001202ebca080+0x00000000000003dc]
j  org.gradle.configuration.BuildOperationScriptPlugin.lambda$apply$0(Ljava/lang/Object;Lorg/gradle/internal/code/UserCodeApplicationId;)V+14
j  org.gradle.configuration.BuildOperationScriptPlugin$$Lambda+0x00000120455208a8.execute(Ljava/lang/Object;)V+12
j  org.gradle.internal.code.DefaultUserCodeApplicationContext.apply(Lorg/gradle/internal/code/UserCodeSource;Lorg/gradle/api/Action;)V+37
j  org.gradle.configuration.BuildOperationScriptPlugin.apply(Ljava/lang/Object;)V+71
j  org.gradle.configuration.project.BuildScriptProcessor$$Lambda+0x00000120457355a8.accept(Ljava/lang/Object;)V+8
j  org.gradle.api.internal.project.DefaultProjectStateRegistry$ProjectStateImpl.lambda$applyToMutableState$1(Ljava/util/function/Consumer;Lorg/gradle/api/internal/project/ProjectInternal;)Ljava/lang/Object;+2
j  org.gradle.api.internal.project.DefaultProjectStateRegistry$ProjectStateImpl$$Lambda+0x00000120456e8488.apply(Ljava/lang/Object;)Ljava/lang/Object;+8
j  org.gradle.api.internal.project.DefaultProjectStateRegistry$ProjectStateImpl.fromMutableState(Ljava/util/function/Function;)Ljava/lang/Object;+97
j  org.gradle.api.internal.project.DefaultProjectStateRegistry$ProjectStateImpl.applyToMutableState(Ljava/util/function/Consumer;)V+7
j  org.gradle.configuration.project.BuildScriptProcessor.execute(Lorg/gradle/api/internal/project/ProjectInternal;)V+88
j  org.gradle.configuration.project.BuildScriptProcessor.execute(Ljava/lang/Object;)V+5
j  org.gradle.configuration.project.ConfigureActionsProjectEvaluator.evaluate(Lorg/gradle/api/internal/project/ProjectInternal;Lorg/gradle/api/internal/project/ProjectStateInternal;)V+33
j  org.gradle.configuration.project.LifecycleProjectEvaluator$EvaluateProject.lambda$run$0(Lorg/gradle/internal/operations/BuildOperationContext;Lorg/gradle/api/internal/project/ProjectInternal;)V+67
j  org.gradle.configuration.project.LifecycleProjectEvaluator$EvaluateProject$$Lambda+0x00000120456e8250.accept(Ljava/lang/Object;)V+12
j  org.gradle.api.internal.project.DefaultProjectStateRegistry$ProjectStateImpl.lambda$applyToMutableState$1(Ljava/util/function/Consumer;Lorg/gradle/api/internal/project/ProjectInternal;)Ljava/lang/Object;+2
j  org.gradle.api.internal.project.DefaultProjectStateRegistry$ProjectStateImpl$$Lambda+0x00000120456e8488.apply(Ljava/lang/Object;)Ljava/lang/Object;+8
j  org.gradle.api.internal.project.DefaultProjectStateRegistry$ProjectStateImpl.lambda$fromMutableState$2(Ljava/util/function/Function;)Ljava/lang/Object;+5
j  org.gradle.api.internal.project.DefaultProjectStateRegistry$ProjectStateImpl$$Lambda+0x00000120456e86d0.create()Ljava/lang/Object;+8
j  org.gradle.internal.work.DefaultWorkerLeaseService.withReplacedLocks(Ljava/util/Collection;Lorg/gradle/internal/resources/ResourceLock;Lorg/gradle/internal/Factory;)Ljava/lang/Object;+40
j  org.gradle.api.internal.project.DefaultProjectStateRegistry$ProjectStateImpl.fromMutableState(Ljava/util/function/Function;)Ljava/lang/Object;+133
j  org.gradle.api.internal.project.DefaultProjectStateRegistry$ProjectStateImpl.applyToMutableState(Ljava/util/function/Consumer;)V+7
j  org.gradle.configuration.project.LifecycleProjectEvaluator$EvaluateProject.run(Lorg/gradle/internal/operations/BuildOperationContext;)V+16
J 8323 c1 org.gradle.internal.operations.DefaultBuildOperationRunner$1.execute(Lorg/gradle/internal/operations/BuildOperation;Lorg/gradle/internal/operations/BuildOperationContext;)V (10 bytes) @ 0x000001202ebcabc4 [0x000001202ebca960+0x0000000000000264]
J 7540 c1 org.gradle.internal.operations.DefaultBuildOperationRunner$2.execute(Lorg/gradle/internal/operations/BuildOperationDescriptor;Lorg/gradle/internal/operations/BuildOperationState;Lorg/gradle/internal/operations/BuildOperationState;Lorg/gradle/internal/operations/DefaultBuildOperationRunner$ReadableBuildOperationContext;Lorg/gradle/internal/operations/DefaultBuildOperationRunner$BuildOperationExecutionListener;)Lorg/gradle/internal/operations/BuildOperation; (110 bytes) @ 0x000001202e5f5444 [0x000001202e5f5240+0x0000000000000204]
J 7519 c1 org.gradle.internal.operations.DefaultBuildOperationRunner$2.execute(Lorg/gradle/internal/operations/BuildOperationDescriptor;Lorg/gradle/internal/operations/BuildOperationState;Lorg/gradle/internal/operations/BuildOperationState;Lorg/gradle/internal/operations/DefaultBuildOperationRunner$ReadableBuildOperationContext;Lorg/gradle/internal/operations/DefaultBuildOperationRunner$BuildOperationExecutionListener;)Ljava/lang/Object; (12 bytes) @ 0x000001202e20c73c [0x000001202e20c6c0+0x000000000000007c]
J 11020 c1 org.gradle.internal.operations.DefaultBuildOperationRunner.execute(Lorg/gradle/internal/operations/BuildOperationDescriptor$Builder;Lorg/gradle/internal/operations/BuildOperationState;Lorg/gradle/internal/operations/DefaultBuildOperationRunner$BuildOperationExecution;)Ljava/lang/Object; (147 bytes) @ 0x000001202ef59aa4 [0x000001202ef58f00+0x0000000000000ba4]
J 6697 c1 org.gradle.internal.operations.DefaultBuildOperationRunner.execute(Lorg/gradle/internal/operations/BuildOperation;Lorg/gradle/internal/operations/BuildOperationWorker;Lorg/gradle/internal/operations/BuildOperationState;)V (23 bytes) @ 0x000001202e93e394 [0x000001202e93e0e0+0x00000000000002b4]
J 8322 c1 org.gradle.internal.operations.DefaultBuildOperationRunner.run(Lorg/gradle/internal/operations/RunnableBuildOperation;)V (13 bytes) @ 0x000001202ebca45c [0x000001202ebca080+0x00000000000003dc]
j  org.gradle.configuration.project.LifecycleProjectEvaluator.evaluate(Lorg/gradle/api/internal/project/ProjectInternal;Lorg/gradle/api/internal/project/ProjectStateInternal;)V+42
j  org.gradle.api.internal.project.DefaultProject.evaluateUnchecked()Lorg/gradle/api/internal/project/ProjectInternal;+20
j  org.gradle.api.internal.project.ProjectLifecycleController.lambda$ensureSelfConfigured$2()V+4
j  org.gradle.api.internal.project.ProjectLifecycleController$$Lambda+0x00000120456e3430.run()V+4
j  org.gradle.internal.model.StateTransitionController.lambda$doTransition$14(Ljava/lang/Runnable;)Lorg/gradle/internal/build/ExecutionResult;+1
j  org.gradle.internal.model.StateTransitionController$$Lambda+0x0000012045415a38.get()Ljava/lang/Object;+4
j  org.gradle.internal.model.StateTransitionController.doTransition(Lorg/gradle/internal/model/StateTransitionController$State;Lorg/gradle/internal/model/StateTransitionController$State;Ljava/util/function/Supplier;)Lorg/gradle/internal/build/ExecutionResult;+24
j  org.gradle.internal.model.StateTransitionController.doTransition(Lorg/gradle/internal/model/StateTransitionController$State;Lorg/gradle/internal/model/StateTransitionController$State;Ljava/lang/Runnable;)V+9
j  org.gradle.internal.model.StateTransitionController.lambda$maybeTransitionIfNotCurrentlyTransitioning$10(Lorg/gradle/internal/model/StateTransitionController$State;Lorg/gradle/internal/model/StateTransitionController$State;Ljava/lang/Runnable;)V+16
j  org.gradle.internal.model.StateTransitionController$$Lambda+0x00000120456e3658.run()V+16
j  org.gradle.internal.work.DefaultSynchronizer.withLock(Ljava/lang/Runnable;)V+6
j  org.gradle.internal.model.StateTransitionController.maybeTransitionIfNotCurrentlyTransitioning(Lorg/gradle/internal/model/StateTransitionController$State;Lorg/gradle/internal/model/StateTransitionController$State;Ljava/lang/Runnable;)V+13
j  org.gradle.api.internal.project.ProjectLifecycleController.ensureSelfConfigured()V+16
j  org.gradle.api.internal.project.DefaultProjectStateRegistry$ProjectStateImpl.ensureConfigured()V+19
j  org.gradle.execution.TaskPathProjectEvaluator.configure(Lorg/gradle/api/internal/project/ProjectInternal;)V+6
j  org.gradle.execution.TaskPathProjectEvaluator.configureHierarchy(Lorg/gradle/api/internal/project/ProjectInternal;)V+2
j  org.gradle.configuration.DefaultProjectsPreparer.prepareProjects(Lorg/gradle/api/internal/GradleInternal;)V+52
j  org.gradle.configuration.BuildTreePreparingProjectsPreparer.prepareProjects(Lorg/gradle/api/internal/GradleInternal;)V+114
j  org.gradle.configuration.BuildOperationFiringProjectsPreparer$ConfigureBuild.run(Lorg/gradle/internal/operations/BuildOperationContext;)V+11
J 8323 c1 org.gradle.internal.operations.DefaultBuildOperationRunner$1.execute(Lorg/gradle/internal/operations/BuildOperation;Lorg/gradle/internal/operations/BuildOperationContext;)V (10 bytes) @ 0x000001202ebcabc4 [0x000001202ebca960+0x0000000000000264]
J 7540 c1 org.gradle.internal.operations.DefaultBuildOperationRunner$2.execute(Lorg/gradle/internal/operations/BuildOperationDescriptor;Lorg/gradle/internal/operations/BuildOperationState;Lorg/gradle/internal/operations/BuildOperationState;Lorg/gradle/internal/operations/DefaultBuildOperationRunner$ReadableBuildOperationContext;Lorg/gradle/internal/operations/DefaultBuildOperationRunner$BuildOperationExecutionListener;)Lorg/gradle/internal/operations/BuildOperation; (110 bytes) @ 0x000001202e5f5444 [0x000001202e5f5240+0x0000000000000204]
J 7519 c1 org.gradle.internal.operations.DefaultBuildOperationRunner$2.execute(Lorg/gradle/internal/operations/BuildOperationDescriptor;Lorg/gradle/internal/operations/BuildOperationState;Lorg/gradle/internal/operations/BuildOperationState;Lorg/gradle/internal/operations/DefaultBuildOperationRunner$ReadableBuildOperationContext;Lorg/gradle/internal/operations/DefaultBuildOperationRunner$BuildOperationExecutionListener;)Ljava/lang/Object; (12 bytes) @ 0x000001202e20c73c [0x000001202e20c6c0+0x000000000000007c]
J 11020 c1 org.gradle.internal.operations.DefaultBuildOperationRunner.execute(Lorg/gradle/internal/operations/BuildOperationDescriptor$Builder;Lorg/gradle/internal/operations/BuildOperationState;Lorg/gradle/internal/operations/DefaultBuildOperationRunner$BuildOperationExecution;)Ljava/lang/Object; (147 bytes) @ 0x000001202ef59aa4 [0x000001202ef58f00+0x0000000000000ba4]
J 6697 c1 org.gradle.internal.operations.DefaultBuildOperationRunner.execute(Lorg/gradle/internal/operations/BuildOperation;Lorg/gradle/internal/operations/BuildOperationWorker;Lorg/gradle/internal/operations/BuildOperationState;)V (23 bytes) @ 0x000001202e93e394 [0x000001202e93e0e0+0x00000000000002b4]
J 8322 c1 org.gradle.internal.operations.DefaultBuildOperationRunner.run(Lorg/gradle/internal/operations/RunnableBuildOperation;)V (13 bytes) @ 0x000001202ebca45c [0x000001202ebca080+0x00000000000003dc]
j  org.gradle.configuration.BuildOperationFiringProjectsPreparer.prepareProjects(Lorg/gradle/api/internal/GradleInternal;)V+13
j  org.gradle.initialization.VintageBuildModelController.lambda$prepareProjects$2()V+8
j  org.gradle.initialization.VintageBuildModelController$$Lambda+0x00000120456b8ad8.run()V+4
j  org.gradle.internal.model.StateTransitionController.lambda$doTransition$14(Ljava/lang/Runnable;)Lorg/gradle/internal/build/ExecutionResult;+1
j  org.gradle.internal.model.StateTransitionController$$Lambda+0x0000012045415a38.get()Ljava/lang/Object;+4
j  org.gradle.internal.model.StateTransitionController.doTransition(Lorg/gradle/internal/model/StateTransitionController$State;Lorg/gradle/internal/model/StateTransitionController$State;Ljava/util/function/Supplier;)Lorg/gradle/internal/build/ExecutionResult;+24
j  org.gradle.internal.model.StateTransitionController.doTransition(Lorg/gradle/internal/model/StateTransitionController$State;Lorg/gradle/internal/model/StateTransitionController$State;Ljava/lang/Runnable;)V+9
j  org.gradle.internal.model.StateTransitionController.lambda$transitionIfNotPreviously$11(Lorg/gradle/internal/model/StateTransitionController$State;Lorg/gradle/internal/model/StateTransitionController$State;Ljava/lang/Runnable;)V+16
j  org.gradle.internal.model.StateTransitionController$$Lambda+0x0000012045415810.run()V+16
j  org.gradle.internal.work.DefaultSynchronizer.withLock(Ljava/lang/Runnable;)V+6
j  org.gradle.internal.model.StateTransitionController.transitionIfNotPreviously(Lorg/gradle/internal/model/StateTransitionController$State;Lorg/gradle/internal/model/StateTransitionController$State;Ljava/lang/Runnable;)V+13
j  org.gradle.initialization.VintageBuildModelController.prepareProjects()V+16
j  org.gradle.initialization.VintageBuildModelController.getConfiguredModel()Lorg/gradle/api/internal/GradleInternal;+5
j  org.gradle.internal.build.DefaultBuildLifecycleController.lambda$withProjectsConfigured$1(Ljava/util/function/Function;)Ljava/lang/Object;+5
j  org.gradle.internal.build.DefaultBuildLifecycleController$$Lambda+0x0000012045415198.get()Ljava/lang/Object;+8
j  org.gradle.internal.model.StateTransitionController.lambda$notInState$3(Lorg/gradle/internal/model/StateTransitionController$State;Ljava/util/function/Supplier;)Ljava/lang/Object;+11
j  org.gradle.internal.model.StateTransitionController$$Lambda+0x00000120454153c0.create()Ljava/lang/Object;+12
j  org.gradle.internal.work.DefaultSynchronizer.withLock(Lorg/gradle/internal/Factory;)Ljava/lang/Object;+6
j  org.gradle.internal.model.StateTransitionController.notInState(Lorg/gradle/internal/model/StateTransitionController$State;Ljava/util/function/Supplier;)Ljava/lang/Object;+12
j  org.gradle.internal.build.DefaultBuildLifecycleController.withProjectsConfigured(Ljava/util/function/Function;)Ljava/lang/Object;+14
j  org.gradle.internal.build.DefaultBuildToolingModelController.locateBuilderForTarget(Ljava/lang/String;Z)Lorg/gradle/tooling/provider/model/internal/ToolingModelScope;+38
j  org.gradle.internal.buildtree.DefaultBuildTreeModelCreator$DefaultBuildTreeModelController.lambda$locateBuilderForTarget$0(Ljava/lang/String;ZLorg/gradle/internal/build/BuildToolingModelController;)Lorg/gradle/tooling/provider/model/internal/ToolingModelScope;+3
j  org.gradle.internal.buildtree.DefaultBuildTreeModelCreator$DefaultBuildTreeModelController$$Lambda+0x00000120453d6e00.apply(Ljava/lang/Object;)Ljava/lang/Object;+12
j  org.gradle.internal.build.DefaultBuildLifecycleController.withToolingModels(Ljava/util/function/Function;)Ljava/lang/Object;+15
j  org.gradle.internal.build.AbstractBuildState.withToolingModels(Ljava/util/function/Function;)Ljava/lang/Object;+5
j  org.gradle.internal.buildtree.DefaultBuildTreeModelCreator$DefaultBuildTreeModelController.locateBuilderForTarget(Lorg/gradle/internal/build/BuildState;Ljava/lang/String;Z)Lorg/gradle/tooling/provider/model/internal/ToolingModelScope;+8
j  org.gradle.internal.buildtree.DefaultBuildTreeModelCreator$DefaultBuildTreeModelController.locateBuilderForDefaultTarget(Ljava/lang/String;Z)Lorg/gradle/tooling/provider/model/internal/ToolingModelScope;+10
j  org.gradle.tooling.internal.provider.runner.BuildModelActionRunner$ModelCreateAction.fromBuildModel(Lorg/gradle/internal/buildtree/BuildTreeModelController;)Ljava/lang/Object;+11
j  org.gradle.internal.buildtree.DefaultBuildTreeModelCreator.fromBuildModel(Lorg/gradle/internal/buildtree/BuildTreeModelAction;)Ljava/lang/Object;+10
j  org.gradle.internal.buildtree.DefaultBuildTreeLifecycleController.lambda$fromBuildModel$2(Lorg/gradle/internal/buildtree/BuildTreeModelAction;Z)Lorg/gradle/internal/build/ExecutionResult;+57
j  org.gradle.internal.buildtree.DefaultBuildTreeLifecycleController$$Lambda+0x00000120453d5ee0.get()Ljava/lang/Object;+12
j  org.gradle.internal.buildtree.DefaultBuildTreeLifecycleController.lambda$runBuild$4(Ljava/util/function/Supplier;)Ljava/lang/Object;+1
j  org.gradle.internal.buildtree.DefaultBuildTreeLifecycleController$$Lambda+0x00000120453d6108.get()Ljava/lang/Object;+8
j  org.gradle.internal.model.StateTransitionController.lambda$transition$6(Ljava/util/function/Supplier;)Lorg/gradle/internal/build/ExecutionResult;+1
j  org.gradle.internal.model.StateTransitionController$$Lambda+0x00000120453d6558.get()Ljava/lang/Object;+4
j  org.gradle.internal.model.StateTransitionController.doTransition(Lorg/gradle/internal/model/StateTransitionController$State;Lorg/gradle/internal/model/StateTransitionController$State;Ljava/util/function/Supplier;)Lorg/gradle/internal/build/ExecutionResult;+24
j  org.gradle.internal.model.StateTransitionController.lambda$transition$7(Lorg/gradle/internal/model/StateTransitionController$State;Lorg/gradle/internal/model/StateTransitionController$State;Ljava/util/function/Supplier;)Ljava/lang/Object;+9
j  org.gradle.internal.model.StateTransitionController$$Lambda+0x00000120453d6330.create()Ljava/lang/Object;+16
j  org.gradle.internal.work.DefaultSynchronizer.withLock(Lorg/gradle/internal/Factory;)Ljava/lang/Object;+6
j  org.gradle.internal.model.StateTransitionController.transition(Lorg/gradle/internal/model/StateTransitionController$State;Lorg/gradle/internal/model/StateTransitionController$State;Ljava/util/function/Supplier;)Ljava/lang/Object;+13
j  org.gradle.internal.buildtree.DefaultBuildTreeLifecycleController.runBuild(Ljava/util/function/Supplier;)Ljava/lang/Object;+17
j  org.gradle.internal.buildtree.DefaultBuildTreeLifecycleController.fromBuildModel(ZLorg/gradle/internal/buildtree/BuildTreeModelAction;)Ljava/lang/Object;+9
j  org.gradle.tooling.internal.provider.runner.BuildModelActionRunner.run(Lorg/gradle/internal/invocation/BuildAction;Lorg/gradle/internal/buildtree/BuildTreeLifecycleController;)Lorg/gradle/internal/buildtree/BuildActionRunner$Result;+40
j  org.gradle.launcher.exec.ChainingBuildActionRunner.run(Lorg/gradle/internal/invocation/BuildAction;Lorg/gradle/internal/buildtree/BuildTreeLifecycleController;)Lorg/gradle/internal/buildtree/BuildActionRunner$Result;+34
j  org.gradle.internal.buildtree.ProblemReportingBuildActionRunner.run(Lorg/gradle/internal/invocation/BuildAction;Lorg/gradle/internal/buildtree/BuildTreeLifecycleController;)Lorg/gradle/internal/buildtree/BuildActionRunner$Result;+12
j  org.gradle.launcher.exec.BuildOutcomeReportingBuildActionRunner.run(Lorg/gradle/internal/invocation/BuildAction;Lorg/gradle/internal/buildtree/BuildTreeLifecycleController;)Lorg/gradle/internal/buildtree/BuildActionRunner$Result;+69
j  org.gradle.tooling.internal.provider.FileSystemWatchingBuildActionRunner.run(Lorg/gradle/internal/invocation/BuildAction;Lorg/gradle/internal/buildtree/BuildTreeLifecycleController;)Lorg/gradle/internal/buildtree/BuildActionRunner$Result;+317
j  org.gradle.launcher.exec.BuildCompletionNotifyingBuildActionRunner.run(Lorg/gradle/internal/invocation/BuildAction;Lorg/gradle/internal/buildtree/BuildTreeLifecycleController;)Lorg/gradle/internal/buildtree/BuildActionRunner$Result;+6
j  org.gradle.launcher.exec.RootBuildLifecycleBuildActionExecutor.lambda$execute$0(Lorg/gradle/internal/invocation/BuildAction;Lorg/gradle/internal/buildtree/BuildTreeLifecycleController;)Lorg/gradle/internal/buildtree/BuildActionRunner$Result;+6
j  org.gradle.launcher.exec.RootBuildLifecycleBuildActionExecutor$$Lambda+0x00000120453be400.apply(Ljava/lang/Object;)Ljava/lang/Object;+12
j  org.gradle.composite.internal.DefaultRootBuildState.run(Ljava/util/function/Function;)Ljava/lang/Object;+87
j  org.gradle.launcher.exec.RootBuildLifecycleBuildActionExecutor.execute(Lorg/gradle/internal/invocation/BuildAction;Lorg/gradle/internal/buildtree/BuildTreeContext;)Lorg/gradle/internal/buildtree/BuildActionRunner$Result;+75
j  org.gradle.internal.buildtree.InitDeprecationLoggingActionExecutor.execute(Lorg/gradle/internal/invocation/BuildAction;Lorg/gradle/internal/buildtree/BuildTreeContext;)Lorg/gradle/internal/buildtree/BuildActionRunner$Result;+83
j  org.gradle.internal.buildtree.InitProblems.execute(Lorg/gradle/internal/invocation/BuildAction;Lorg/gradle/internal/buildtree/BuildTreeContext;)Lorg/gradle/internal/buildtree/BuildActionRunner$Result;+13
j  org.gradle.internal.buildtree.DefaultBuildTreeContext.execute(Lorg/gradle/internal/invocation/BuildAction;)Lorg/gradle/internal/buildtree/BuildActionRunner$Result;+64
j  org.gradle.launcher.exec.BuildTreeLifecycleBuildActionExecutor.lambda$execute$0(Lorg/gradle/internal/invocation/BuildAction;Lorg/gradle/internal/buildtree/BuildTreeContext;)Lorg/gradle/internal/buildtree/BuildActionRunner$Result;+2
j  org.gradle.launcher.exec.BuildTreeLifecycleBuildActionExecutor$$Lambda+0x00000120452b94f0.apply(Ljava/lang/Object;)Ljava/lang/Object;+8
j  org.gradle.internal.buildtree.BuildTreeState.run(Ljava/util/function/Function;)Ljava/lang/Object;+47
j  org.gradle.launcher.exec.BuildTreeLifecycleBuildActionExecutor.execute(Lorg/gradle/internal/invocation/BuildAction;Lorg/gradle/internal/session/BuildSessionContext;)Lorg/gradle/internal/buildtree/BuildActionRunner$Result;+74
j  org.gradle.launcher.exec.RunAsBuildOperationBuildActionExecutor$2.call(Lorg/gradle/internal/operations/BuildOperationContext;)Lorg/gradle/internal/buildtree/BuildActionRunner$Result;+25
j  org.gradle.launcher.exec.RunAsBuildOperationBuildActionExecutor$2.call(Lorg/gradle/internal/operations/BuildOperationContext;)Ljava/lang/Object;+2
J 9333 c1 org.gradle.internal.operations.DefaultBuildOperationRunner$CallableBuildOperationWorker.execute(Lorg/gradle/internal/operations/BuildOperation;Lorg/gradle/internal/operations/BuildOperationContext;)V (10 bytes) @ 0x000001202ed8a13c [0x000001202ed89ee0+0x000000000000025c]
J 7540 c1 org.gradle.internal.operations.DefaultBuildOperationRunner$2.execute(Lorg/gradle/internal/operations/BuildOperationDescriptor;Lorg/gradle/internal/operations/BuildOperationState;Lorg/gradle/internal/operations/BuildOperationState;Lorg/gradle/internal/operations/DefaultBuildOperationRunner$ReadableBuildOperationContext;Lorg/gradle/internal/operations/DefaultBuildOperationRunner$BuildOperationExecutionListener;)Lorg/gradle/internal/operations/BuildOperation; (110 bytes) @ 0x000001202e5f5444 [0x000001202e5f5240+0x0000000000000204]
J 7519 c1 org.gradle.internal.operations.DefaultBuildOperationRunner$2.execute(Lorg/gradle/internal/operations/BuildOperationDescriptor;Lorg/gradle/internal/operations/BuildOperationState;Lorg/gradle/internal/operations/BuildOperationState;Lorg/gradle/internal/operations/DefaultBuildOperationRunner$ReadableBuildOperationContext;Lorg/gradle/internal/operations/DefaultBuildOperationRunner$BuildOperationExecutionListener;)Ljava/lang/Object; (12 bytes) @ 0x000001202e20c73c [0x000001202e20c6c0+0x000000000000007c]
J 6680 c1 org.gradle.internal.operations.DefaultBuildOperationRunner.execute(Lorg/gradle/internal/operations/BuildOperationDescriptor$Builder;Lorg/gradle/internal/operations/BuildOperationState;Lorg/gradle/internal/operations/DefaultBuildOperationRunner$BuildOperationExecution;)Ljava/lang/Object; (147 bytes) @ 0x000001202e936954 [0x000001202e935e00+0x0000000000000b54]
J 6697 c1 org.gradle.internal.operations.DefaultBuildOperationRunner.execute(Lorg/gradle/internal/operations/BuildOperation;Lorg/gradle/internal/operations/BuildOperationWorker;Lorg/gradle/internal/operations/BuildOperationState;)V (23 bytes) @ 0x000001202e93e394 [0x000001202e93e0e0+0x00000000000002b4]
J 9364 c1 org.gradle.internal.operations.DefaultBuildOperationRunner.call(Lorg/gradle/internal/operations/CallableBuildOperation;)Ljava/lang/Object; (24 bytes) @ 0x000001202ed9dee4 [0x000001202ed9da20+0x00000000000004c4]
j  org.gradle.launcher.exec.RunAsBuildOperationBuildActionExecutor.execute(Lorg/gradle/internal/invocation/BuildAction;Lorg/gradle/internal/session/BuildSessionContext;)Lorg/gradle/internal/buildtree/BuildActionRunner$Result;+23
j  org.gradle.launcher.exec.RunAsWorkerThreadBuildActionExecutor.lambda$execute$0(Lorg/gradle/internal/invocation/BuildAction;Lorg/gradle/internal/session/BuildSessionContext;)Lorg/gradle/internal/buildtree/BuildActionRunner$Result;+6
j  org.gradle.launcher.exec.RunAsWorkerThreadBuildActionExecutor$$Lambda+0x000001204528c5a0.create()Ljava/lang/Object;+12
j  org.gradle.internal.work.DefaultWorkerLeaseService.withLocks(Ljava/util/Collection;Lorg/gradle/internal/Factory;)Ljava/lang/Object;+28
j  org.gradle.internal.work.DefaultWorkerLeaseService.runAsWorkerThread(Lorg/gradle/internal/Factory;)Ljava/lang/Object;+33
j  org.gradle.launcher.exec.RunAsWorkerThreadBuildActionExecutor.execute(Lorg/gradle/internal/invocation/BuildAction;Lorg/gradle/internal/session/BuildSessionContext;)Lorg/gradle/internal/buildtree/BuildActionRunner$Result;+12
j  org.gradle.tooling.internal.provider.continuous.ContinuousBuildActionExecutor.execute(Lorg/gradle/internal/invocation/BuildAction;Lorg/gradle/internal/session/BuildSessionContext;)Lorg/gradle/internal/buildtree/BuildActionRunner$Result;+58
j  org.gradle.tooling.internal.provider.SubscribableBuildActionExecutor.execute(Lorg/gradle/internal/invocation/BuildAction;Lorg/gradle/internal/session/BuildSessionContext;)Lorg/gradle/internal/buildtree/BuildActionRunner$Result;+30
j  org.gradle.internal.session.DefaultBuildSessionContext.execute(Lorg/gradle/internal/invocation/BuildAction;)Lorg/gradle/internal/buildtree/BuildActionRunner$Result;+64
j  org.gradle.internal.buildprocess.execution.BuildSessionLifecycleBuildActionExecutor$ActionImpl.apply(Lorg/gradle/internal/session/BuildSessionContext;)Lorg/gradle/launcher/exec/BuildActionResult;+6
j  org.gradle.internal.buildprocess.execution.BuildSessionLifecycleBuildActionExecutor$ActionImpl.apply(Ljava/lang/Object;)Ljava/lang/Object;+5
j  org.gradle.internal.session.BuildSessionState.run(Ljava/util/function/Function;)Ljava/lang/Object;+5
j  org.gradle.internal.buildprocess.execution.BuildSessionLifecycleBuildActionExecutor.execute(Lorg/gradle/internal/invocation/BuildAction;Lorg/gradle/launcher/exec/BuildActionParameters;Lorg/gradle/initialization/BuildRequestContext;)Lorg/gradle/launcher/exec/BuildActionResult;+95
j  org.gradle.internal.buildprocess.execution.BuildSessionLifecycleBuildActionExecutor.execute(Lorg/gradle/internal/invocation/BuildAction;Ljava/lang/Object;Ljava/lang/Object;)Lorg/gradle/launcher/exec/BuildActionResult;+10
j  org.gradle.internal.buildprocess.execution.StartParamsValidatingActionExecutor.execute(Lorg/gradle/internal/invocation/BuildAction;Lorg/gradle/launcher/exec/BuildActionParameters;Lorg/gradle/initialization/BuildRequestContext;)Lorg/gradle/launcher/exec/BuildActionResult;+203
j  org.gradle.internal.buildprocess.execution.StartParamsValidatingActionExecutor.execute(Lorg/gradle/internal/invocation/BuildAction;Ljava/lang/Object;Ljava/lang/Object;)Lorg/gradle/launcher/exec/BuildActionResult;+10
j  org.gradle.internal.buildprocess.execution.SessionFailureReportingActionExecutor.execute(Lorg/gradle/internal/invocation/BuildAction;Lorg/gradle/launcher/exec/BuildActionParameters;Lorg/gradle/initialization/BuildRequestContext;)Lorg/gradle/launcher/exec/BuildActionResult;+7
j  org.gradle.internal.buildprocess.execution.SessionFailureReportingActionExecutor.execute(Lorg/gradle/internal/invocation/BuildAction;Ljava/lang/Object;Ljava/lang/Object;)Lorg/gradle/launcher/exec/BuildActionResult;+10
j  org.gradle.internal.buildprocess.execution.SetupLoggingActionExecutor.execute(Lorg/gradle/internal/invocation/BuildAction;Lorg/gradle/launcher/exec/BuildActionParameters;Lorg/gradle/initialization/BuildRequestContext;)Lorg/gradle/launcher/exec/BuildActionResult;+50
j  org.gradle.internal.buildprocess.execution.SetupLoggingActionExecutor.execute(Lorg/gradle/internal/invocation/BuildAction;Ljava/lang/Object;Ljava/lang/Object;)Lorg/gradle/launcher/exec/BuildActionResult;+10
j  org.gradle.launcher.daemon.server.exec.ExecuteBuild.doBuild(Lorg/gradle/launcher/daemon/server/api/DaemonCommandExecution;Lorg/gradle/launcher/daemon/protocol/Build;)V+147
j  org.gradle.launcher.daemon.server.exec.BuildCommandOnly.execute(Lorg/gradle/launcher/daemon/server/api/DaemonCommandExecution;)V+49
j  org.gradle.launcher.daemon.server.api.DaemonCommandExecution.proceed()Z+23
j  org.gradle.launcher.daemon.server.exec.WatchForDisconnection.execute(Lorg/gradle/launcher/daemon/server/api/DaemonCommandExecution;)V+19
j  org.gradle.launcher.daemon.server.api.DaemonCommandExecution.proceed()Z+23
j  org.gradle.launcher.daemon.server.exec.ResetDeprecationLogger.execute(Lorg/gradle/launcher/daemon/server/api/DaemonCommandExecution;)V+7
j  org.gradle.launcher.daemon.server.api.DaemonCommandExecution.proceed()Z+23
j  org.gradle.launcher.daemon.server.exec.RequestStopIfSingleUsedDaemon.execute(Lorg/gradle/launcher/daemon/server/api/DaemonCommandExecution;)V+33
j  org.gradle.launcher.daemon.server.api.DaemonCommandExecution.proceed()Z+23
j  org.gradle.launcher.daemon.server.exec.ForwardClientInput.lambda$execute$0(Lorg/gradle/launcher/daemon/server/api/DaemonCommandExecution;Lorg/gradle/internal/daemon/clientinput/StdinHandler;)Ljava/lang/Object;+11
j  org.gradle.launcher.daemon.server.exec.ForwardClientInput$$Lambda+0x000001204518f208.apply(Ljava/lang/Object;)Ljava/lang/Object;+8
j  org.gradle.internal.daemon.clientinput.ClientInputForwarder.forwardInput(Ljava/util/function/Function;)Ljava/lang/Object;+46
j  org.gradle.launcher.daemon.server.exec.ForwardClientInput.execute(Lorg/gradle/launcher/daemon/server/api/DaemonCommandExecution;)V+10
j  org.gradle.launcher.daemon.server.api.DaemonCommandExecution.proceed()Z+23
j  org.gradle.launcher.daemon.server.exec.LogAndCheckHealth.execute(Lorg/gradle/launcher/daemon/server/api/DaemonCommandExecution;)V+51
j  org.gradle.launcher.daemon.server.api.DaemonCommandExecution.proceed()Z+23
j  org.gradle.launcher.daemon.server.exec.LogToClient.doBuild(Lorg/gradle/launcher/daemon/server/api/DaemonCommandExecution;Lorg/gradle/launcher/daemon/protocol/Build;)V+87
j  org.gradle.launcher.daemon.server.exec.BuildCommandOnly.execute(Lorg/gradle/launcher/daemon/server/api/DaemonCommandExecution;)V+49
j  org.gradle.launcher.daemon.server.api.DaemonCommandExecution.proceed()Z+23
j  org.gradle.launcher.daemon.server.exec.EstablishBuildEnvironment.doBuild(Lorg/gradle/launcher/daemon/server/api/DaemonCommandExecution;Lorg/gradle/launcher/daemon/protocol/Build;)V+356
j  org.gradle.launcher.daemon.server.exec.BuildCommandOnly.execute(Lorg/gradle/launcher/daemon/server/api/DaemonCommandExecution;)V+49
j  org.gradle.launcher.daemon.server.api.DaemonCommandExecution.proceed()Z+23
j  org.gradle.launcher.daemon.server.exec.StartBuildOrRespondWithBusy$1.run()V+44
j  org.gradle.launcher.daemon.server.DaemonStateCoordinator.lambda$runCommand$0(Ljava/lang/Runnable;)V+1
j  org.gradle.launcher.daemon.server.DaemonStateCoordinator$$Lambda+0x000001204518bb90.run()V+8
J 5389 c1 org.gradle.internal.concurrent.ExecutorPolicy$CatchAndRecordFailures.onExecute(Ljava/lang/Runnable;)V (29 bytes) @ 0x000001202e6fe884 [0x000001202e6fe760+0x0000000000000124]
J 8584 c1 org.gradle.internal.concurrent.AbstractManagedExecutor$1.run()V (57 bytes) @ 0x000001202ec5206c [0x000001202ec51ea0+0x00000000000001cc]
j  java.util.concurrent.ThreadPoolExecutor.runWorker(Ljava/util/concurrent/ThreadPoolExecutor$Worker;)V+92 java.base@21.0.12.1
j  java.util.concurrent.ThreadPoolExecutor$Worker.run()V+5 java.base@21.0.12.1
j  java.lang.Thread.runWith(Ljava/lang/Object;Ljava/lang/Runnable;)V+5 java.base@21.0.12.1
j  java.lang.Thread.run()V+19 java.base@21.0.12.1
v  ~StubRoutines::call_stub 0x0000012035b3100d

Compiled method (n/a) 743975  807     n 0       java.lang.ClassLoader::defineClass1 (native)
 total in heap  [0x0000012036122e10,0x00000120361233a8] = 1432
 relocation     [0x0000012036122f70,0x0000012036122fa8] = 56
 main code      [0x0000012036122fc0,0x00000120361233a1] = 993
 stub code      [0x00000120361233a1,0x00000120361233a8] = 7

[Constant Pool (empty)]

[MachCode]
[Entry Point]
  # {method} {0x0000012044434c38} 'defineClass1' '(Ljava/lang/ClassLoader;Ljava/lang/String;[BIILjava/security/ProtectionDomain;Ljava/lang/String;)Ljava/lang/Class;' in 'java/lang/ClassLoader'
  # parm0:    rdx:rdx   = 'java/lang/ClassLoader'
  # parm1:    r8:r8     = 'java/lang/String'
  # parm2:    r9:r9     = '[B'
  # parm3:    rdi       = int
  # parm4:    rsi       = int
  # parm5:    rcx:rcx   = 'java/security/ProtectionDomain'
  # parm6:    [sp+0xa0]   = 'java/lang/String'  (sp of caller)
  0x0000012036122fc0: 448b 5208 | 49bb 0000 | 0044 2001 | 0000 4d03 | d349 3bc2 | 0f84 0600 

  0x0000012036122fd8: ;   {runtime_call ic_miss_stub}
  0x0000012036122fd8: 0000 e9a1 | b7a5 ff90 
[Verified Entry Point]
  0x0000012036122fe0: 8984 2400 | 80ff ff55 | 488b ec48 | 81ec 9000 | 0000 6690 | 4181 7f20 | 1100 0000 

  0x0000012036122ffc: ;   {runtime_call StubRoutines (final stubs)}
  0x0000012036122ffc: 7405 e89d | 34a4 ff48 | 837d 1000 | 488d 4510 | 480f 4445 | 1048 8944 | 2440 4889 | 4c24 7048 
  0x000001203612301c: 83f9 0048 | 8d44 2470 | 480f 4444 | 2470 4889 | 4424 3848 | 8974 2430 | 4889 7c24 | 284c 894c 
  0x000001203612303c: 2458 4983 | f900 488d | 4424 5848 | 0f44 4424 | 5848 8944 | 2420 4c89 | 4424 5049 | 83f8 004c 
  0x000001203612305c: 8d4c 2450 | 4c0f 444c | 2450 4889 | 5424 4848 | 83fa 004c | 8d44 2448 | 4c0f 4444 

  0x0000012036123078: ;   {oop(a 'java/lang/Class'{0x00000000800e3250} = 'java/lang/ClassLoader')}
  0x0000012036123078: 2448 49be | 5032 0e80 | 0000 0000 | 4c89 7424 | 784c 8d74 | 2478 498b | d6c5 f877 

  0x0000012036123094: ;   {internal_word}
  0x0000012036123094: 49ba 9130 | 1236 2001 | 0000 4d89 | 97a8 0300 | 0049 89a7 | a003 0000 

  0x00000120361230ac: ;   {external_word}
  0x00000120361230ac: 49ba 066d | d895 ff7f | 0000 4180 | 3a00 0f84 | 4e00 0000 | 5241 5041 

  0x00000120361230c4: ;   {metadata({method} {0x0000012044434c38} 'defineClass1' '(Ljava/lang/ClassLoader;Ljava/lang/String;[BIILjava/security/ProtectionDomain;Ljava/lang/String;)Ljava/lang/Class;' in 'java/lang/ClassLoader')}
  0x00000120361230c4: 5148 ba30 | 4c43 4420 | 0100 0049 | 8bcf 4883 | ec20 40f6 | c40f 0f84 | 1900 0000 | 4883 ec08 
  0x00000120361230e4: ;   {runtime_call}
  0x00000120361230e4: 48b8 e0ea | 8195 ff7f | 0000 ffd0 | 4883 c408 | e90c 0000 

  0x00000120361230f8: ;   {runtime_call}
  0x00000120361230f8: 0048 b8e0 | ea81 95ff | 7f00 00ff | d048 83c4 | 2041 5941 | 585a 498d | 8fc0 0300 | 0041 c787 
  0x0000012036123118: 4c04 0000 | 0400 0000 

  0x0000012036123120: ;   {runtime_call}
  0x0000012036123120: 48b8 ac16 | b301 f87f | 0000 ffd0 | c5f8 7741 | c787 4c04 | 0000 0500 | 0000 f083 | 4424 c000 
  0x0000012036123140: 493b af50 | 0400 000f | 870e 0000 | 0041 83bf | 4804 0000 | 000f 842b | 0000 00c5 | f877 4889 
  0x0000012036123160: 45f8 498b | cf4c 8be4 | 4883 ec20 | 4883 e4f0 

  0x0000012036123170: ;   {runtime_call}
  0x0000012036123170: 48b8 0058 | 4d95 ff7f | 0000 ffd0 | 498b e44d | 33e4 488b | 45f8 41c7 | 874c 0400 | 0008 0000 
  0x0000012036123190: 0041 83bf | c804 0000 | 020f 84d5 

  0x000001203612319c: ;   {external_word}
  0x000001203612319c: 0100 0049 | ba06 6dd8 | 95ff 7f00 | 0041 803a | 000f 844c | 0000 0048 

  0x00000120361231b4: ;   {metadata({method} {0x0000012044434c38} 'defineClass1' '(Ljava/lang/ClassLoader;Ljava/lang/String;[BIILjava/security/ProtectionDomain;Ljava/lang/String;)Ljava/lang/Class;' in 'java/lang/ClassLoader')}
  0x00000120361231b4: 8945 f848 | ba30 4c43 | 4420 0100 | 0049 8bcf | 4883 ec20 | 40f6 c40f | 0f84 1900 | 0000 4883 
  0x00000120361231d4: ;   {runtime_call}
  0x00000120361231d4: ec08 48b8 | e0ea 8195 | ff7f 0000 | ffd0 4883 | c408 e90c 

  0x00000120361231e8: ;   {runtime_call}
  0x00000120361231e8: 0000 0048 | b8e0 ea81 | 95ff 7f00 | 00ff d048 | 83c4 2048 | 8b45 f849 | c787 a003 | 0000 0000 
  0x0000012036123208: 0000 49c7 | 87a8 0300 | 0000 0000 | 00c5 f877 | 4885 c00f | 8430 0100 | 00a8 030f | 8508 0000 
  0x0000012036123228: 0048 8b00 | e920 0100 | 00a8 010f | 8509 0000 | 0048 8b40 | fee9 0f01 | 0000 488b | 40ff 4180 
  0x0000012036123248: 7f40 000f | 8400 0100 | 0048 83f8 | 000f 84f6 | 0000 0049 | 8b4f 2848 | 83f9 000f | 8414 0000 
  0x0000012036123268: 0048 83e9 | 0849 894f | 2849 034f | 3848 8901 | e9d4 0000 | 0048 83ec | 7048 8904 | 2448 894c 
  0x0000012036123288: 2408 4889 | 5424 104c | 8944 2418 | 4c89 4c24 | 204c 8954 | 2428 4c89 | 5c24 30c5 | fb11 4424 
  0x00000120361232a8: 40c5 fb11 | 4c24 48c5 | fb11 5424 | 50c5 fb11 | 5c24 58c5 | fb11 6424 | 60c5 fb11 | 6c24 6849 
  0x00000120361232c8: 8bd7 488b | c848 83ec | 2040 f6c4 | 0f0f 8419 | 0000 0048 

  0x00000120361232dc: ;   {runtime_call}
  0x00000120361232dc: 83ec 0848 | b820 a440 | 95ff 7f00 | 00ff d048 | 83c4 08e9 | 0c00 0000 

  0x00000120361232f4: ;   {runtime_call}
  0x00000120361232f4: 48b8 20a4 | 4095 ff7f | 0000 ffd0 | 4883 c420 | c5fb 106c | 2468 c5fb | 1064 2460 | c5fb 105c 
  0x0000012036123314: 2458 c5fb | 1054 2450 | c5fb 104c | 2448 c5fb | 1044 2440 | 4c8b 5c24 | 304c 8b54 | 2428 4c8b 
  0x0000012036123334: 4c24 204c | 8b44 2418 | 488b 5424 | 1048 8b4c | 2408 488b | 0424 4883 | c470 c5f8 | 7749 8b8f 
  0x0000012036123354: 3004 0000 | c781 0001 | 0000 0000 | 0000 c949 | 837f 0800 | 0f85 0100 

  0x000001203612336c: ;   {runtime_call StubRoutines (initial stubs)}
  0x000001203612336c: 0000 c3e9 | 8cdb a0ff | c5f8 7748 | 8945 f84c | 8be4 4883 | ec20 4883 

  0x0000012036123384: ;   {runtime_call}
  0x0000012036123384: e4f0 48b8 | 3022 8295 | ff7f 0000 | ffd0 498b | e44d 33e4 | 488b 45f8 | e9fe fdff | fff4 f4f4 
  0x00000120361233a4: f4f4 f4f4 
[/MachCode]


Compiled method (c2) 744126 13117       4       java.net.URLClassLoader$1::run (5 bytes)
 total in heap  [0x000001203678fd90,0x000001203679e758] = 59848
 relocation     [0x000001203678fef0,0x00000120367906c0] = 2000
 main code      [0x00000120367906c0,0x0000012036799aa0] = 37856
 stub code      [0x0000012036799aa0,0x0000012036799ce0] = 576
 oops           [0x0000012036799ce0,0x0000012036799d58] = 120
 metadata       [0x0000012036799d58,0x000001203679a2b0] = 1368
 scopes data    [0x000001203679a2b0,0x000001203679ce68] = 11192
 scopes pcs     [0x000001203679ce68,0x000001203679ddb8] = 3920
 dependencies   [0x000001203679ddb8,0x000001203679de58] = 160
 handler table  [0x000001203679de58,0x000001203679e5d8] = 1920
 nul chk table  [0x000001203679e5d8,0x000001203679e758] = 384

[Constant Pool (empty)]

[MachCode]
[Entry Point]
  # {method} {0x000001205f09ce98} 'run' '()Ljava/lang/Object;' in 'java/net/URLClassLoader$1'
  #           [sp+0x120]  (sp of caller)
  0x00000120367906c0: 448b 5208 | 49bb 0000 | 0044 2001 | 0000 4d03 | d349 3bc2 

  0x00000120367906d4: ;   {runtime_call ic_miss_stub}
  0x00000120367906d4: 0f85 a6e0 | 3eff 6690 | 0f1f 4000 
[Verified Entry Point]
  0x00000120367906e0: 8984 2400 | 80ff ff55 | 4881 ec10 | 0100 0090 | 4181 7f20 | 1100 0000 | 0f85 9393 | 0000 4889 
  0x0000012036790700: 5424 508b | 5a0c 440f | be53 1045 | 85d2 0f85 | 8c57 0000 | 8b4b 148b | 790c 4c8b | eb85 ff0f 
  0x0000012036790720: 866f 0300 | 0044 8d4f | ff44 3bcf | 0f83 5652 | 0000 8d57 | fd48 8bf1 | 8079 102e | 0f84 3122 
  0x0000012036790740: 0000 83fa | 010f 8e25 | 0300 00bd | 0100 0000 | 448b d744 | 2bd5 4183 | c2fd 4533 | db3b d545 
  0x0000012036790760: 0f4c d341 | 81fa a00f | 0000 41bb | a00f 0000 | 450f 47d3 | 4403 d5eb | 0a0f 1f80 | 0000 0000 
  0x0000012036790780: 418b e848 | 63c5 440f | be44 0110 | 4183 f82e | 7462 440f | be5c 0111 | 4183 fb2e | 744f 440f 
  0x00000120367907a0: be44 0112 | 4183 f82e | 7447 440f | be5c 0113 | 4183 fb2e | 7434 448d | 4504 453b | c27c c14d 
  0x00000120367907c0: 8b97 5804 | 0000 83c5 

  0x00000120367907c8: ; ImmutableOopMap {rcx=NarrowOop rbx=NarrowOop rsi=Oop r13=Oop [80]=Oop }
                      ;*if_icmpne {reexecute=1 rethrow=0 return_oop=0}
                      ; - (reexecute) java.lang.StringLatin1::replace@28
                      ; - java.lang.String::replace@18
                      ; - java.net.URLClassLoader$1::run@8
                      ; - java.net.URLClassLoader$1::run@1
                      ;   {poll}
  0x00000120367907c8: 0341 8502 | 443b c20f | 8da1 0200 | 0041 8be8 | e973 ffff | ff45 8bce | c4e1 f97e | c6e9 a800 
  0x00000120367907e8: 0000 83c5 | 02ff c5eb | 0383 c502 | 3bef 0f8d | 9802 0000 | 81ff 0000 | 1000 0f87 | b23f 0000 
  0x0000012036790808: 4d8b 97b8 | 0100 004c | 63df 4983 | c317 4983 | e3f8 4d8b | c24d 03c3 | 4d3b 87c8 | 0100 000f 
  0x0000012036790828: 838d 3f00 | 004d 8987 | b801 0000 | 410f 0d88 | c000 0000 | 49c7 0201 | 0000 0041 | 0f0d 8800 
  0x0000012036790848: ;   {metadata({type array byte})}
  0x0000012036790848: 0100 0041 | c742 0818 | 2300 0041 | 897a 0c41 | 0f0d 8840 | 0100 0041 | 0f0d 8880 | 0100 0085 
  0x0000012036790868: ed0f 8e8a | 0000 0044 | 8d5d ff44 | 3bdf 0f83 | 4856 0000 | 85ff 0f86 | 4056 0000 | 41bb e803 
  0x0000012036790888: 0000 4533 | c0c4 c1f9 | 6eca 448b | d545 2bd0 | 33c0 413b | e844 0f4c | d041 81fa | e803 0000 
  0x00000120367908a8: 450f 47d3 | 4503 d045 | 8bf1 c4e1 | f96e c666 | 0f1f 8400 | 0000 0000 | 4963 f044 | 0fbe 4c31 
  0x00000120367908c8: 10c4 e1f9 | 7ec8 4488 | 4c30 1041 | ffc0 453b | c27c e54d | 8b97 5804 

  0x00000120367908e0: ; ImmutableOopMap {rcx=NarrowOop rbx=NarrowOop rax=Oop r13=Oop xmm0=Oop xmm1=Oop [80]=Oop }
                      ;*goto {reexecute=1 rethrow=0 return_oop=0}
                      ; - (reexecute) java.lang.StringLatin1::replace@76
                      ; - java.lang.String::replace@18
                      ; - java.net.URLClassLoader$1::run@8
                      ; - java.net.URLClassLoader$1::run@1
                      ;   {poll}
  0x00000120367908e0: 0000 4185 | 0244 3bc5 | 0f8c effe | ffff 458b | cec4 e1f9 | 7ec6 4c8b | d03b ef0f | 8d25 0100 
  0x0000012036790900: 003b ef0f | 83f3 5000 | 0044 3bcf | 0f83 ea50 | 0000 448d | 5d01 4c63 | cd46 0fbe | 4409 1041 
  0x0000012036790920: 83f8 2e0f | 84af 1e00 | 0047 8844 | 0a10 448d | 4501 453b | c37d 0541 | 8be8 ebda | 443b c20f 
  0x0000012036790940: 8dbb 0000 | 00ff c5e9 | 8b00 0000 | 41bb 2f00 | 0000 6666 | 0f1f 8400 | 0000 0000 | 6666 6690 
  0x0000012036790960: 4588 5c1a | 1044 0fbe | 5c19 1141 | 83fb 2e74 | 4045 885c | 1a11 440f | be44 1912 | 4183 f82e 
  0x0000012036790980: 743f 4588 | 441a 1244 | 0fbe 5c19 | 1341 83fb | 2e74 2645 | 885c 1a13 | 83c5 0441 | 3be9 7d29 
  0x00000120367909a0: 4863 dd44 | 0fbe 5c19 | 1041 83fb | 2e75 b1eb | 9b41 bb2f | 0000 00eb | b841 bb2f | 0000 00eb 
  0x00000120367909c0: d241 b82f | 0000 00eb | b94d 8b87 

  0x00000120367909cc: ; ImmutableOopMap {r10=Oop rcx=NarrowOop rsi=Oop r13=Oop [80]=Oop }
                      ;*goto {reexecute=1 rethrow=0 return_oop=0}
                      ; - (reexecute) java.lang.StringLatin1::replace@113
                      ; - java.lang.String::replace@18
                      ; - java.net.URLClassLoader$1::run@8
                      ; - java.net.URLClassLoader$1::run@1
  0x00000120367909cc: 5804 0000 

  0x00000120367909d0: ;   {poll}
  0x00000120367909d0: 4185 003b | ea7d 2c44 | 8bcf 442b | cd41 83c1 | fd45 33c0 | 3bd5 450f | 4cc8 4181 | f9a0 0f00 
  0x00000120367909f0: 0041 bba0 | 0f00 0045 | 0f47 cb44 | 03cd eba0 | 418b e83b | ef7d 1f90 | 4c63 dd46 | 0fbe 4419 
  0x0000012036790a10: 1041 83f8 | 2e0f 844d | 1f00 0047 | 8844 1a10 | ffc5 3bef | 7ce2 4d8b | 87b8 0100 | 004d 8bd8 
  0x0000012036790a30: 4983 c318 | 4d3b 9fc8 | 0100 000f | 83de 3d00 | 004d 899f | b801 0000 | 410f 0d8b | c000 0000 
  0x0000012036790a50: 49c7 0001 

  0x0000012036790a54: ;   {metadata('java/lang/String')}
  0x0000012036790a54: 0000 0041 | c740 0878 | e800 0045 | 8960 0c4d | 8960 104d | 8bda 4589 | 5814 eb2a | 41b8 0100 
  0x0000012036790a74: 0000 443b | c77d 1990 | 460f be5c | 0110 4183 | fb2e 0f84 | 9a44 0000 | 41ff c044 | 3bc7 7ce8 
  0x0000012036790a94: 4c8b d14d | 8bc5 418b | 5a0c 85db | 0f86 3d1d | 0000 450f | be48 10c4 | e232 f7cb | 4863 f141 
  0x0000012036790ab4: 83f9 010f | 8447 5500 | 0085 c90f | 8ca7 5400 | 0048 8d46 | 068b e885 | ed0f 8cb9 | 5400 004c 
  0x0000012036790ad4: 8bd8 49c1 | fb20 418b | fbc4 6241 | f7dd 4585 | db0f 8c3d | 5500 0041 | 81fb 0000 | 1000 0f87 
  0x0000012036790af4: b84e 0000 | 4963 fb41 | 81fb 0000 | 1000 0f87 | b43b 0000 | 498b afb8 | 0100 0048 | 83c7 1748 
  0x0000012036790b14: 83e7 f848 | 8bd5 4803 | d749 3b97 | c801 0000 | 0f83 923b | 0000 4989 | 97b8 0100 | 000f 0d8a 
  0x0000012036790b34: c000 0000 | 48c7 4500 | 0100 0000 | 0f0d 8a00 

  0x0000012036790b44: ;   {metadata({type array byte})}
  0x0000012036790b44: 0100 00c7 | 4508 1823 | 0000 4489 | 5d0c 0f0d | 8a40 0100 | 000f 0d8a | 8001 0000 | 8d51 0644 
  0x0000012036790b64: 3bda 0f82 | 4c4e 0000 | 4863 f985 | c90f 8fcb | 1b00 00c6 | 443d 102e | c644 3d11 | 63c6 443d 
  0x0000012036790b84: 126c c644 | 3d13 61c6 | 443d 1473 | c644 3d15 | 7345 85c9 | 0f85 0a54 | 0000 443b | db0f 8235 
  0x0000012036790ba4: 4e00 0085 | db76 2949 | 83c2 1048 | 8bd5 4883 | c210 4c63 | c349 8bca | c5f8 7749 | bac0 44b6 
  0x0000012036790bc4: 3520 0100 | 0041 ffd2 

  0x0000012036790bcc: ;   {other}
  0x0000012036790bcc: 0f1f 8400 | 0000 0000 | 498b 87b8 | 0100 004c | 8bd0 4983 | c218 4d3b | 97c8 0100 | 000f 833e 
  0x0000012036790bec: 3b00 004d | 8997 b801 | 0000 410f | 0d8a c000 | 0000 48c7 | 0001 0000 

  0x0000012036790c04: ;   {metadata('java/lang/String')}
  0x0000012036790c04: 00c7 4008 | 78e8 0000 | 4489 600c | 4489 6010 | 4c8b d544 | 8950 144c | 8b54 2450 | 458b 5a10 
  0x0000012036790c24: ; implicit exception: dispatches to 0x00000120367984d0
  0x0000012036790c24: 458b 5354 | 4585 d20f | 843a 4d00 | 0049 8bd2 | 4c8b c045 | 33c9 6690 

  0x0000012036790c3c: ;   {optimized virtual_call}
  0x0000012036790c3c: c5f8 77e8 

  0x0000012036790c40: ; ImmutableOopMap {[80]=Oop }
                      ;*invokevirtual getResource {reexecute=0 rethrow=0 return_oop=1}
                      ; - java.net.URLClassLoader$1::run@26
                      ; - java.net.URLClassLoader$1::run@1
  0x0000012036790c40: fc44 c0ff 

  0x0000012036790c44: ;   {other}
  0x0000012036790c44: 0f1f 8400 | b40e 0003 | 4c8b e848 | 85c0 7507 | 33c0 e9ce | 1a00 004c | 8b54 2450 | 458b 5a10 
  0x0000012036790c64: 4489 9c24 | 9800 0000 | 458b 520c | 4489 9424 | 9c00 0000 | 4585 db0f | 84a3 4d00 | 00c5 f877 
  0x0000012036790c84: 49ba d030 | 7b95 ff7f | 0000 41ff 

  0x0000012036790c90: ;   {other}
  0x0000012036790c90: d20f 1f84 | 0000 0000 | 0048 8944 | 2438 448b | 9424 9c00 | 0000 458b | 5a14 458b | 4b0c 410f 
  0x0000012036790cb0: be5a 10c4 | 4262 f7c1 | 418d 78ff | 85db 0f85 | ef55 0000 | 458d 51ff | 443b d744 | 0f4f d749 
  0x0000012036790cd0: 8bfb 8b8c | 2498 0000 | 0048 8bd1 | 8b9c 249c | 0000 0048 | 8bf3 4585 | d20f 8cd8 | 2b00 0033 
  0x0000012036790cf0: c948 898c | 2490 0000 | 000f 1f80 | 0000 0000 | 453b d10f | 8331 4100 | 0043 807c | 1310 2e74 
  0x0000012036790d10: 1a49 8b87 | 5804 0000 | 41ff ca49 

  0x0000012036790d1c: ; ImmutableOopMap {r11=NarrowOop rcx=Oop rdi=Oop rdx=Oop rsi=Oop r13=Oop [80]=Oop [152]=NarrowOop [156]=NarrowOop }
                      ;*goto {reexecute=1 rethrow=0 return_oop=0}
                      ; - (reexecute) java.lang.StringLatin1::lastIndexOf@35
                      ; - java.lang.String::lastIndexOf@13
                      ; - java.lang.String::lastIndexOf@8
                      ; - java.net.URLClassLoader::defineClass@7
                      ; - java.net.URLClassLoader$1::run@43
                      ; - java.net.URLClassLoader$1::run@1
                      ;   {poll}
  0x0000012036790d1c: 8bcd 8500 | 4585 d27d | db41 baff | ffff ff41 

  0x0000012036790d2c: ;   {metadata('jdk/internal/loader/URLClassPath$JarLoader$2')}
  0x0000012036790d2c: 8b4d 0881 | f930 2421 | 000f 855e | 1d00 0048 | 8974 2428 | 4889 5424 | 2049 8bcd | 8b59 208b 
  0x0000012036790d4c: 531c 8954 | 2458 4183 | faff 0f84 | be1d 0000 | 4585 d20f | 8cab 5500 | 0045 3bd0 | 0f8f a256 
  0x0000012036790d6c: 0000 453b | d00f 84d3 | 1a00 0045 | 85d2 0f84 | 572b 0000 | 498b 9fb8 | 0100 004c | 8bc3 4983 
  0x0000012036790d8c: c018 4d3b | 87c8 0100 | 000f 8363 | 3b00 004d | 8987 b801 | 0000 410f | 0d88 c000 | 0000 48c7 
  0x0000012036790dac: 0301 0000 

  0x0000012036790db0: ;   {metadata('java/lang/String')}
  0x0000012036790db0: 00c7 4308 | 78e8 0000 | 4489 630c | 4c89 6310 | 498d 5310 | 453b d10f | 85ca 0000 | 004d 63d1 
  0x0000012036790dd0: 4181 f900 | 0010 000f | 87f4 3e00 | 0048 8954 | 2460 4889 | 5c24 4848 | 8bef 4489 | 5c24 404c 
  0x0000012036790df0: 896c 2430 | 498b bfb8 | 0100 004c | 8954 2468 | 4983 c217 | 4983 e2f8 | 4c8b df4d | 03da 4d3b 
  0x0000012036790e10: 9fc8 0100 | 000f 83d2 | 3e00 004d | 899f b801 | 0000 410f | 0d8b c000 | 0000 48c7 | 0701 0000 
  0x0000012036790e30: 0041 0f0d | 8b00 0100 

  0x0000012036790e38: ;   {metadata({type array byte})}
  0x0000012036790e38: 00c7 4708 | 1823 0000 | 4489 4f0c | 410f 0d8b | 4001 0000 | 410f 0d8b | 8001 0000 | 488b d748 
  0x0000012036790e58: 83c2 104c | 8b44 2468 | 4983 c007 | 49c1 e803 | 488b 4c24 | 60c5 f877 | 49ba 604b | b635 2001 
  0x0000012036790e78: 0000 41ff 

  0x0000012036790e7c: ;   {other}
  0x0000012036790e7c: d20f 1f84 | 0000 0000 | 004c 8b6c | 2430 488b | 5c24 484c | 8bdf e9e0 | 0000 0041 | 81fa 0000 
  0x0000012036790e9c: 1000 0f87 | cf56 0000 | 4963 ca45 | 3bca 418b | e941 0f4f | ea44 3bcd | 0f82 2a57 | 0000 443b 
  0x0000012036790ebc: d50f 8221 | 5700 0048 | 83c1 174c | 8bc1 4983 | e0f8 4181 | fa00 0010 | 000f 87da | 3b00 004d 
  0x0000012036790edc: 8b9f b801 | 0000 4d8b | cb4d 03c8 | 4d3b 8fc8 | 0100 000f | 83c0 3b00 | 004d 898f | b801 0000 
  0x0000012036790efc: 410f 0d89 | c000 0000 | 49c7 0301 | 0000 0041 | 0f0d 8900 

  0x0000012036790f10: ;   {metadata({type array byte})}
  0x0000012036790f10: 0100 0041 | c743 0818 | 2300 0045 | 8953 0c41 | 0f0d 8940 | 0100 0041 | 0f0d 8980 | 0100 004d 
  0x0000012036790f30: 8bcb 4983 | c110 48c1 | e903 85ed | 0f84 3956 | 0000 413b | ea0f 8c2c | 2e00 0049 | 8bfb 4983 
  0x0000012036790f50: c0f0 49c1 | e803 488b | ca49 8bd1 | c5f8 7749 | ba60 4bb6 | 3520 0100 | 0041 ffd2 

  0x0000012036790f6c: ;   {other}
  0x0000012036790f6c: 0f1f 8400 | 0000 0000 | 4c8b df41 | 807f 4000 | 0f85 622a | 0000 4d8b | d344 8953 | 144c 8bd3 
  0x0000012036790f8c: 4d33 da49 | c1eb 144d | 85db 741a | 49c1 ea09 | 48b9 0000 | 353e 2001 | 0000 4903 | ca80 3902 
  0x0000012036790fac: 0f85 652a | 0000 4488 | 6310 4889 | 9c24 a000 | 0000 458b 

  0x0000012036790fc0: ;   {metadata('jdk/internal/loader/URLClassPath$JarLoader$2')}
  0x0000012036790fc0: 5508 4181 | fa30 2421 | 000f 859b | 3600 004d 

  0x0000012036790fd0: ;   {oop(a 'java/lang/Class'{0x000000008004ba98} = 'jdk/internal/access/SharedSecrets')}
  0x0000012036790fd0: 8bd5 49bb | 98ba 0480 | 0000 0000 | 458b 8bd4 | 0000 0045 | 8b59 0845 | 8b42 2041 

  0x0000012036790fec: ;   {metadata('java/util/jar/JavaUtilJarAccessImpl')}
  0x0000012036790fec: 8b68 1841 | 81fb a05b | 3100 0f85 | 004d 0000 

  0x0000012036790ffc: ; implicit exception: dispatches to 0x000001203679864c
  0x0000012036790ffc: 448b 4508 | 4489 8424 | a800 0000 | 4c8b cd48 | 8d9c 24e0 | 0000 0049 | 8b01 a802 | 0f85 2300 
  0x000001203679101c: 0000 4883 | c801 4889 | 03f0 490f | b119 0f84 | 3700 0000 | 482b c448 | 2507 f0ff | ff48 8903 
  0x000001203679103c: e924 0000 | 004c 8bd8 | 4833 c0f0 | 4d0f b17b | 3e48 c703 | 0300 0000 | 7411 4c3b | f875 1549 
  0x000001203679105c: ff83 8600 | 0000 4833 | c075 0949 | ff87 5005 | 0000 33c0 | 0f85 d24c | 0000 443b | 6530 750e 
  0x000001203679107c: 440f b645 | 1245 85c0 | 0f85 ff18 | 0000 443b | 6530 0f85 | ee29 0000 | 488d 8424 | e000 0000 
  0x000001203679109c: 4883 3800 | 0f84 7900 | 0000 4d8b | 1941 f6c3 | 020f 8462 | 0000 0049 | 83bb 8600 | 0000 0074 
  0x00000120367910bc: 0949 ff8b | 8600 0000 | eb4b 498b | 8396 0000 | 0049 0b83 | 8e00 0000 | 750a 49c7 | 433e 0000 
  0x00000120367910dc: 0000 eb3d | 4983 bb9e | 0000 0000 | 7422 4833 

  0x00000120367910ec: ;   {no_reloc}
  0x00000120367910ec: c049 c743 | 3e00 0000 | 00f0 8304 | 2400 4983 | bb9e 0000 | 0000 750d | f04d 0fb1 | 7b3e 7505 
  0x000001203679110c: 83c8 01eb | 0ca8 00eb | 084c 8b18 | f04d 0fb1 | 1975 0a49 | ff8f 5005 | 0000 4533 | db0f 85d2 
  0x000001203679112c: 4c00 0045 | 8b42 2041 | 8b68 1844 

  0x0000012036791138: ;   {metadata('java/util/jar/JarFile')}
  0x0000012036791138: 8b5d 0841 | 81fb 0814 | 1900 0f85 | fe4c 0000 | 4c89 5424 | 304c 896c | 2440 488b | d566 6690 
  0x0000012036791158: ;   {optimized virtual_call}
  0x0000012036791158: c5f8 77e8 

  0x000001203679115c: ; ImmutableOopMap {[32]=Oop [40]=Oop [48]=Oop [64]=Oop [80]=Oop [88]=NarrowOop [152]=NarrowOop [156]=NarrowOop [160]=Oop }
                      ;*invokevirtual getManifestFromReference {reexecute=0 rethrow=0 return_oop=1}
                      ; - java.util.jar.JarFile::getManifest@1
                      ; - jdk.internal.loader.URLClassPath$JarLoader$2::getManifest@22
                      ; - java.net.URLClassLoader::defineClass@34
                      ; - java.net.URLClassLoader$1::run@43
                      ; - java.net.URLClassLoader$1::run@1
  0x000001203679115c: c0c7 fcff 

  0x0000012036791160: ;   {other}
  0x0000012036791160: 0f1f 8400 | d013 0005 | 4c8b 6c24 | 4048 8bd8 | 448b 9424 | 9800 0000 | 458b 5238 | 4585 d20f 
  0x0000012036791180: 840f 4900 | 0048 8b8c | 24a0 0000 | 008b 410c | 85c0 0f84 | cd15 0000 | 458b 5a28 | 4585 db0f 
  0x00000120367911a0: 84d5 1700 | 0041 8b6b | 0c85 ed0f | 86bf 5100 | 0044 8bd0 | 41c1 ea10 | 4433 d0ff | cd41 8bc2 
  0x00000120367911c0: 25ff ffff | 7f23 e84c | 63d5 478b | 5493 1045 | 85d2 0f84 | 2407 0000 | 458b 5a0c | 4d8b c244 
  0x00000120367911e0: 3bd8 0f84 | 6f01 0000 | 4585 db0f | 8c38 1900 | 0049 bb00 | 0035 3e20 | 0100 0045 | 8b50 1845 
  0x0000012036791200: 85d2 0f84 | fe06 0000 | 4d8b ca45 | 8b51 0c49 | 8b97 5804 

  0x0000012036791214: ; ImmutableOopMap {r9=Oop rcx=Oop rbx=Oop r13=Oop [32]=Oop [40]=Oop [80]=Oop [88]=NarrowOop [152]=NarrowOop [156]=NarrowOop }
                      ;*if_icmpne {reexecute=1 rethrow=0 return_oop=0}
                      ; - (reexecute) java.util.concurrent.ConcurrentHashMap::get@127
                      ; - java.lang.ClassLoader::getDefinedPackage@13
                      ; - java.net.URLClassLoader::getAndVerifyPackage@2
                      ; - java.net.URLClassLoader::defineClass@46
                      ; - java.net.URLClassLoader$1::run@43
                      ; - java.net.URLClassLoader$1::run@1
                      ;   {poll}
  0x0000012036791214: 0000 8502 | 443b d074 | 1245 8b41 | 1845 85c0 | 0f84 dc06 | 0000 4d8b | c8eb dc41 | 8b69 104c 
  0x0000012036791234: 8bd5 4c3b | d10f 84ff | 0000 0085 | ed0f 84f1 | 6100 004c | 894c 2478 | 8944 245c | 4889 5c24 
  0x0000012036791254: 7048 894c | 2468 4c89 | 5c24 6048 | ff74 2428 | 488f 4424 | 4848 ff74 | 2420 488f | 4424 4048 
  0x0000012036791274: 8944 24f8 | 8b84 249c | 0000 0089 | 4424 2c48 | 8b44 24f8 | 4889 4424 | f88b 8424 | 9800 0000 
  0x0000012036791294: 8944 2428 | 488b 4424 | f848 ffb4 | 2490 0000 | 0048 8f44 | 2420 4c89 | 6c24 304c | 8bc5 488b 
  0x00000120367912b4: d166 6690 

  0x00000120367912b8: ;   {optimized virtual_call}
  0x00000120367912b8: c5f8 77e8 

  0x00000120367912bc: ; ImmutableOopMap {[40]=NarrowOop [44]=NarrowOop [48]=Oop [64]=Oop [72]=Oop [80]=Oop [88]=NarrowOop [104]=Oop [112]=Oop [120]=Oop }
                      ;*invokevirtual equals {reexecute=0 rethrow=0 return_oop=0}
                      ; - java.util.concurrent.ConcurrentHashMap::get@149
                      ; - java.lang.ClassLoader::getDefinedPackage@13
                      ; - java.net.URLClassLoader::getAndVerifyPackage@2
                      ; - java.net.URLClassLoader::defineClass@46
                      ; - java.net.URLClassLoader$1::run@43
                      ; - java.net.URLClassLoader$1::run@1
  0x00000120367912bc: 8047 e1ff 

  0x00000120367912c0: ;   {other}
  0x00000120367912c0: 0f1f 8400 | 3015 0007 | 4d8b 9758 

  0x00000120367912cc: ; ImmutableOopMap {[40]=NarrowOop [44]=NarrowOop [48]=Oop [64]=Oop [72]=Oop [80]=Oop [88]=NarrowOop [104]=Oop [112]=Oop [120]=Oop }
                      ;*ifeq {reexecute=1 rethrow=0 return_oop=0}
                      ; - (reexecute) java.util.concurrent.ConcurrentHashMap::get@152
                      ; - java.lang.ClassLoader::getDefinedPackage@13
                      ; - java.net.URLClassLoader::getAndVerifyPackage@2
                      ; - java.net.URLClassLoader::defineClass@46
                      ; - java.net.URLClassLoader$1::run@43
                      ; - java.net.URLClassLoader$1::run@1
                      ;   {poll}
  0x00000120367912cc: 0400 0041 | 8502 85c0 | 0f84 7334 | 0000 4c8b | 6c24 3048 | ff74 2420 | 488f 8424 | 9000 0000 
  0x00000120367912ec: 4889 4424 | f88b 4424 | 2889 8424 | 9800 0000 | 488b 4424 | f848 8944 | 24f8 8b44 | 242c 8984 
  0x000001203679130c: 249c 0000 | 0048 8b44 | 24f8 48ff | 7424 4048 | 8f44 2420 | 48ff 7424 | 4848 8f44 | 2428 4c8b 
  0x000001203679132c: 5c24 6048 | 8b4c 2468 | 488b 5c24 | 704c 8b4c | 2478 418b | 6914 85ed | 0f84 bc05 | 0000 440f 
  0x000001203679134c: b649 118b | 410c e985 | 0000 0041 | 8b6a 104c | 8bdd 4c3b | d974 5b85 | ed0f 841d | 5f00 004c 
  0x000001203679136c: 8944 2468 | 4489 5424 | 6089 4424 | 5c48 895c | 2448 4889 | 4c24 404c | 896c 2430 | 4c8b c548 
  0x000001203679138c: 8bd1 488b | e966 6690 

  0x0000012036791394: ;   {optimized virtual_call}
  0x0000012036791394: c5f8 77e8 

  0x0000012036791398: ; ImmutableOopMap {rbp=Oop [32]=Oop [40]=Oop [48]=Oop [64]=Oop [72]=Oop [80]=Oop [88]=NarrowOop [96]=NarrowOop [104]=Oop [152]=NarrowOop [156]=NarrowOop }
                      ;*invokevirtual equals {reexecute=0 rethrow=0 return_oop=0}
                      ; - java.util.concurrent.ConcurrentHashMap::get@73
                      ; - java.lang.ClassLoader::getDefinedPackage@13
                      ; - java.net.URLClassLoader::getAndVerifyPackage@2
                      ; - java.net.URLClassLoader::defineClass@46
                      ; - java.net.URLClassLoader$1::run@43
                      ; - java.net.URLClassLoader$1::run@1
  0x0000012036791398: a446 e1ff 

  0x000001203679139c: ;   {other}
  0x000001203679139c: 0f1f 8400 | 0c16 0009 | 85c0 0f84 | 205f 0000 | 4c8b 6c24 | 3048 8bcd | 488b 5c24 | 4844 8b54 
  0x00000120367913bc: 2460 418b | 6a14 85ed | 0f84 9e29 | 0000 8b41 | 0c44 0fb6 | 4911 49bb | 0000 353e | 2001 0000 
  0x00000120367913dc: 448b 4508 

  0x00000120367913e0: ;   {metadata('java/lang/Package')}
  0x00000120367913e0: 4181 f8e8 | bd01 000f | 850b 7000 | 0044 8b41 | 1445 8b50 | 0c48 8bfd | 8b7f 1045 | 85d2 0f86 
  0x0000012036791400: c44b 0000 | 8b94 2498 | 0000 0044 | 8b52 3845 | 85d2 0f84 | 0c4b 0000 | 85c0 0f84 | 3c14 0000 
  0x0000012036791420: 458b 4a28 | 4585 c90f | 84a4 0300 | 0041 8b69 | 0c85 ed0f | 86aa 5700 | 0044 8bc0 | 41c1 e810 
  0x0000012036791440: 4433 c0ff | cd41 81e0 | ffff ff7f | 4123 e84c | 63d5 478b | 5491 1045 | 85d2 0f84 | 7103 0000 
  0x0000012036791460: 458b 4a0c | 498b f245 | 3bc8 0f84 | 6901 0000 | 4585 c90f | 8c27 0200 | 0044 8b56 | 1845 85d2 
  0x0000012036791480: 0f84 4b03 | 0000 498b | c244 8b48 | 0c4d 8bb7 

  0x0000012036791490: ; ImmutableOopMap {rcx=Oop rbx=Oop rdi=NarrowOop rax=Oop r13=Oop [32]=Oop [40]=Oop [80]=Oop [88]=NarrowOop [152]=NarrowOop [156]=NarrowOop }
                      ;*if_icmpne {reexecute=1 rethrow=0 return_oop=0}
                      ; - (reexecute) java.util.concurrent.ConcurrentHashMap::get@127
                      ; - java.lang.ClassLoader::definePackage@47
                      ; - java.lang.ClassLoader::getDefinedPackage@32
                      ; - java.net.URLClassLoader::getAndVerifyPackage@2
                      ; - java.net.URLClassLoader::defineClass@46
                      ; - java.net.URLClassLoader$1::run@43
                      ; - java.net.URLClassLoader$1::run@1
  0x0000012036791490: 5804 0000 

  0x0000012036791494: ;   {poll}
  0x0000012036791494: 4185 0645 | 3bc8 7412 | 448b 5018 | 4585 d20f | 8428 0300 | 0049 8bc2 | ebdb 8b68 | 104c 8bd5 
  0x00000120367914b4: 4c3b d10f | 840c 0100 | 0085 ed0f | 849c 6000 | 0048 8984 | 2480 0000 | 0044 8944 | 2478 897c 
  0x00000120367914d4: 245c 4889 | 5c24 7048 | 894c 2468 | 4c89 5c24 | 6048 ff74 | 2428 488f | 4424 4848 | ff74 2420 
  0x00000120367914f4: 488f 4424 | 4048 8944 | 24f8 8b84 | 249c 0000 | 0089 4424 | 2c48 8b44 | 24f8 4889 | 4424 f88b 
  0x0000012036791514: 8424 9800 | 0000 8944 | 2428 488b | 4424 f848 | ffb4 2490 | 0000 0048 | 8f44 2420 | 4c89 6c24 
  0x0000012036791534: 304c 8bc5 | 488b d190 

  0x000001203679153c: ;   {optimized virtual_call}
  0x000001203679153c: c5f8 77e8 

  0x0000012036791540: ; ImmutableOopMap {[40]=NarrowOop [44]=NarrowOop [48]=Oop [64]=Oop [72]=Oop [80]=Oop [88]=NarrowOop [92]=NarrowOop [104]=Oop [112]=Oop [128]=Oop }
                      ;*invokevirtual equals {reexecute=0 rethrow=0 return_oop=0}
                      ; - java.util.concurrent.ConcurrentHashMap::get@149
                      ; - java.lang.ClassLoader::definePackage@47
                      ; - java.lang.ClassLoader::getDefinedPackage@32
                      ; - java.net.URLClassLoader::getAndVerifyPackage@2
                      ; - java.net.URLClassLoader::defineClass@46
                      ; - java.net.URLClassLoader$1::run@43
                      ; - java.net.URLClassLoader$1::run@1
  0x0000012036791540: fc44 e1ff 

  0x0000012036791544: ;   {other}
  0x0000012036791544: 0f1f 8400 | b417 000b | 4d8b 9758 

  0x0000012036791550: ; ImmutableOopMap {[40]=NarrowOop [44]=NarrowOop [48]=Oop [64]=Oop [72]=Oop [80]=Oop [88]=NarrowOop [92]=NarrowOop [104]=Oop [112]=Oop [128]=Oop }
                      ;*ifeq {reexecute=1 rethrow=0 return_oop=0}
                      ; - (reexecute) java.util.concurrent.ConcurrentHashMap::get@152
                      ; - java.lang.ClassLoader::definePackage@47
                      ; - java.lang.ClassLoader::getDefinedPackage@32
                      ; - java.net.URLClassLoader::getAndVerifyPackage@2
                      ; - java.net.URLClassLoader::defineClass@46
                      ; - java.net.URLClassLoader$1::run@43
                      ; - java.net.URLClassLoader$1::run@1
                      ;   {poll}
  0x0000012036791550: 0400 0041 | 8502 85c0 | 0f84 5134 | 0000 4c8b | 6c24 3048 | ff74 2420 | 488f 8424 | 9000 0000 
  0x0000012036791570: 4889 4424 | f88b 4424 | 2889 8424 | 9800 0000 | 488b 4424 | f848 8944 | 24f8 8b44 | 242c 8984 
  0x0000012036791590: 249c 0000 | 0048 8b44 | 24f8 48ff | 7424 4048 | 8f44 2420 | 48ff 7424 | 4848 8f44 | 2428 4c8b 
  0x00000120367915b0: 5c24 6048 | 8b4c 2468 | 488b 5c24 | 708b 7c24 | 5c48 8b84 | 2480 0000 | 008b 6814 | 85ed 0f85 
  0x00000120367915d0: 8b00 0000 | e9f8 0100 | 0041 8b6a | 104c 8bcd | 4c3b c974 | 6e85 ed0f | 8417 5d00 | 0048 8974 
  0x00000120367915f0: 2470 4489 | 5424 6c44 | 8944 2468 | 897c 245c | 4889 5c24 | 6048 894c | 2448 4c89 | 5c24 404c 
  0x0000012036791610: 896c 2430 | 4c8b c548 | 8bd1 488b | e966 6690 

  0x0000012036791620: ;   {optimized virtual_call}
  0x0000012036791620: c5f8 77e8 

  0x0000012036791624: ; ImmutableOopMap {rbp=Oop [32]=Oop [40]=Oop [48]=Oop [72]=Oop [80]=Oop [88]=NarrowOop [92]=NarrowOop [96]=Oop [108]=NarrowOop [112]=Oop [152]=NarrowOop [156]=NarrowOop }
                      ;*invokevirtual equals {reexecute=0 rethrow=0 return_oop=0}
                      ; - java.util.concurrent.ConcurrentHashMap::get@73
                      ; - java.lang.ClassLoader::definePackage@47
                      ; - java.lang.ClassLoader::getDefinedPackage@32
                      ; - java.net.URLClassLoader::getAndVerifyPackage@2
                      ; - java.net.URLClassLoader::defineClass@46
                      ; - java.net.URLClassLoader$1::run@43
                      ; - java.net.URLClassLoader$1::run@1
  0x0000012036791624: 1844 e1ff 

  0x0000012036791628: ;   {other}
  0x0000012036791628: 0f1f 8400 | 9818 000d | 85c0 0f84 | 185d 0000 | 4c8b 6c24 | 304c 8b5c | 2440 488b | cd48 8b5c 
  0x0000012036791648: 2460 8b7c | 245c 448b | 5424 6c41 | 8b6a 1485 | ed0f 8472 | 0100 0044 

  0x0000012036791660: ;   {metadata('java/lang/NamedPackage')}
  0x0000012036791660: 8b4d 0849 | bae8 c001 | 4420 0100 | 0049 b800 | 0000 4420 | 0100 004d | 03c1 4d8b | 4038 4d3b 
  0x0000012036791680: c20f 85ed | 4f00 0048 | 8bc5 448b 

  0x000001203679168c: ;   {metadata('java/lang/Package')}
  0x000001203679168c: 4008 4181 | f8e8 bd01 | 000f 8536 | 0100 00e9 | e501 0000 | 418b 5208 

  0x00000120367916a4: ;   {metadata('java/util/concurrent/ConcurrentHashMap$ReservationNode')}
  0x00000120367916a4: 81fa d06a | 1700 0f84 | 2101 0000 

  0x00000120367916b0: ;   {metadata('java/util/concurrent/ConcurrentHashMap$ForwardingNode')}
  0x00000120367916b0: 81fa e804 | 1800 0f85 | 4c68 0000 | 897c 245c | 4889 5c24 | 7048 894c | 2468 4c89 | 5c24 6048 
  0x00000120367916d0: ff74 2428 | 488f 4424 | 4848 ff74 | 2420 488f | 4424 4048 | 8944 24f8 | 8b84 2498 | 0000 0089 
  0x00000120367916f0: 4424 2848 | 8b44 24f8 | 48ff b424 | 9000 0000 | 488f 4424 | 204c 896c | 2430 488b | d64c 8bc9 
  0x0000012036791710: ;   {optimized virtual_call}
  0x0000012036791710: c5f8 77e8 

  0x0000012036791714: ; ImmutableOopMap {[40]=NarrowOop [48]=Oop [64]=Oop [72]=Oop [80]=Oop [88]=NarrowOop [92]=NarrowOop [104]=Oop [112]=Oop [156]=NarrowOop }
                      ;*invokevirtual find {reexecute=0 rethrow=0 return_oop=1}
                      ; - java.util.concurrent.ConcurrentHashMap::get@93
                      ; - java.lang.ClassLoader::definePackage@47
                      ; - java.lang.ClassLoader::getDefinedPackage@32
                      ; - java.net.URLClassLoader::getAndVerifyPackage@2
                      ; - java.net.URLClassLoader::defineClass@46
                      ; - java.net.URLClassLoader$1::run@43
                      ; - java.net.URLClassLoader$1::run@1
  0x0000012036791714: 68d3 3eff 

  0x0000012036791718: ;   {other}
  0x0000012036791718: 0f1f 8400 | 8819 000e | 4885 c074 | 5e8b 6814 | 85ed 0f84 | ac55 0000 | 4c8b 6c24 | 3048 ff74 
  0x0000012036791738: 2420 488f | 8424 9000 | 0000 4889 | 4424 f88b | 4424 2889 | 8424 9800 | 0000 488b | 4424 f848 
  0x0000012036791758: ff74 2440 | 488f 4424 | 2048 ff74 | 2448 488f | 4424 284c | 8b5c 2460 | 488b 4c24 | 6848 8b5c 
  0x0000012036791778: 2470 8b7c | 245c e9dc | feff ff4c | 8b6c 2430 | 48ff 7424 | 2048 8f84 | 2490 0000 | 0048 8944 
  0x0000012036791798: 24f8 8b44 | 2428 8984 | 2498 0000 | 0048 8b44 | 24f8 48ff | 7424 4048 | 8f44 2420 | 48ff 7424 
  0x00000120367917b8: 4848 8f44 | 2428 4c8b | 5c24 6048 | 8b4c 2468 | 488b 5c24 | 708b 7c24 | 5c44 8b94 | 2498 0000 
  0x00000120367917d8: 0041 8b6a | 384d 8b8f | b801 0000 | 4d8b d149 | 83c2 184d | 3b97 c801 | 0000 0f83 | 7036 0000 
  0x00000120367917f8: 4d89 97b8 | 0100 0041 | 0f0d 8ac0 | 0000 0049 | c701 0100 

  0x000001203679180c: ;   {metadata('java/lang/ClassLoader$$Lambda+0x0000012045066288')}
  0x000001203679180c: 0000 41c7 | 4108 8862 | 0601 4589 | 610c 4d89 | 6110 448b | 8424 9800 | 0000 4589 | 410c 4189 
  0x000001203679182c: 7910 85ed | 0f84 5a54 | 0000 4889 | 5c24 6048 | 894c 2448 | 4c89 5c24 | 404c 896c | 2430 488b 
  0x000001203679184c: d54c 8bc1 

  0x0000012036791850: ;   {optimized virtual_call}
  0x0000012036791850: c5f8 77e8 

  0x0000012036791854: ; ImmutableOopMap {[32]=Oop [40]=Oop [48]=Oop [72]=Oop [80]=Oop [88]=NarrowOop [96]=Oop [152]=NarrowOop [156]=NarrowOop }
                      ;*invokevirtual compute {reexecute=0 rethrow=0 return_oop=1}
                      ; - java.lang.ClassLoader::definePackage@78
                      ; - java.lang.ClassLoader::getDefinedPackage@32
                      ; - java.net.URLClassLoader::getAndVerifyPackage@2
                      ; - java.net.URLClassLoader::defineClass@46
                      ; - java.net.URLClassLoader$1::run@43
                      ; - java.net.URLClassLoader$1::run@1
  0x0000012036791854: 28d2 3eff 

  0x0000012036791858: ;   {other}
  0x0000012036791858: 0f1f 8400 | c81a 000f 

  0x0000012036791860: ; implicit exception: dispatches to 0x0000012036798b74
  0x0000012036791860: 448b 5808 

  0x0000012036791864: ;   {metadata('java/lang/Package')}
  0x0000012036791864: 4181 fbe8 | bd01 000f | 85bb 6b00 | 004c 8b6c | 2430 4c8b | 5c24 4048 | 8b4c 2448 | 488b 5c24 
  0x0000012036791884: 6044 8b40 | 1045 8b50 | 1c45 85d2 | 0f85 1d52 | 0000 448b | 5014 418b | 6a24 85ed | 0f85 7a53 
  0x00000120367918a4: 0000 4885 | db0f 84b3 | 0000 0048 | 8944 2468 | 4889 5c24 | 6048 894c | 2448 4c89 | 5c24 404c 
  0x00000120367918c4: 896c 2430 | 488b 5424 | 204c 8bc1 | 4c8b cb48 | 8be9 6690 

  0x00000120367918d8: ;   {optimized virtual_call}
  0x00000120367918d8: c5f8 77e8 

  0x00000120367918dc: ; ImmutableOopMap {rbp=Oop [32]=Oop [40]=Oop [48]=Oop [72]=Oop [80]=Oop [88]=NarrowOop [96]=Oop [104]=Oop [152]=NarrowOop [156]=NarrowOop }
                      ;*invokevirtual isSealed {reexecute=0 rethrow=0 return_oop=0}
                      ; - java.net.URLClassLoader::getAndVerifyPackage@68
                      ; - java.net.URLClassLoader::defineClass@46
                      ; - java.net.URLClassLoader$1::run@43
                      ; - java.net.URLClassLoader$1::run@1
  0x00000120367918dc: 60cf f9ff 

  0x00000120367918e0: ;   {other}
  0x00000120367918e0: 0f1f 8400 | 501b 0010 | 85c0 0f85 | 6453 0000 | 4c8b 6c24 | 304c 8b5c | 2440 eb66 | 49bb 0000 
  0x0000012036791900: 353e 2001 | 0000 448b 

  0x0000012036791908: ;   {metadata('java/lang/IllegalArgumentException')}
  0x0000012036791908: 5424 5848 | bdc0 9a06 | 4420 0100 | 0048 85db | 0f84 c81f | 0000 4c89 | 5424 6848 | 895c 2460 
  0x0000012036791928: 4889 4c24 | 484c 895c | 2440 4c89 | 6c24 3048 | 8b54 2420 | 4c8b c14c | 8bcb 498b | fa66 6690 
  0x0000012036791948: ;   {optimized virtual_call}
  0x0000012036791948: c5f8 77e8 

  0x000001203679194c: ; ImmutableOopMap {[32]=Oop [40]=Oop [48]=Oop [72]=Oop [80]=Oop [88]=NarrowOop [96]=Oop [104]=Oop [152]=NarrowOop [156]=NarrowOop }
                      ;*invokevirtual definePackage {reexecute=0 rethrow=0 return_oop=1}
                      ; - java.net.URLClassLoader::defineClass@64
                      ; - java.net.URLClassLoader$1::run@43
                      ; - java.net.URLClassLoader$1::run@1
  0x000001203679194c: 500d 98f7 

  0x0000012036791950: ;   {other}
  0x0000012036791950: 0f1f 8400 | c01b 0011 | 4c8b 6c24 | 304c 8b5c | 2440 488d | 9c24 e000 | 0000 498b | 4500 a802 
  0x0000012036791970: 0f85 2400 | 0000 4883 | c801 4889 | 03f0 490f | b15d 000f | 8437 0000 | 0048 2bc4 | 4825 07f0 
  0x0000012036791990: ffff 4889 | 03e9 2400 | 0000 4c8b | d048 33c0 | f04d 0fb1 | 7a3e 48c7 | 0303 0000 | 0074 114c 
  0x00000120367919b0: 3bf8 7515 | 49ff 8286 | 0000 0048 | 33c0 7509 | 49ff 8750 | 0500 0033 | c00f 854d | 4100 0045 
  0x00000120367919d0: 8b55 0845 | 3b65 0c0f | 859d 0700 

  0x00000120367919dc: ;   {metadata('jdk/internal/loader/URLClassPath$JarLoader$2')}
  0x00000120367919dc: 0041 81fa | 3024 2100 | 0f85 2614 | 0000 4d8b | cd41 8b49 | 208b 5918 | 458b 411c 

  0x00000120367919f8: ; implicit exception: dispatches to 0x000001203679886c
  0x00000120367919f8: 8b6b 0844 | 8944 245c | 4c89 4c24 | 6044 8954 | 2448 4c89 | 5c24 404c | 896c 2430 | 4c8b d34c 
  0x0000012036791a18: 8954 2468 | 895c 244c | 4c8b 5c24 | 6848 8d9c | 24e8 0000 | 0049 8b03 | a802 0f85 | 2300 0000 
  0x0000012036791a38: 4883 c801 | 4889 03f0 | 490f b11b | 0f84 3700 | 0000 482b | c448 2507 | f0ff ff48 | 8903 e924 
  0x0000012036791a58: 0000 004c | 8bd0 4833 | c0f0 4d0f | b17a 3e48 | c703 0300 | 0000 7411 | 4c3b f875 | 1549 ff82 
  0x0000012036791a78: 8600 0000 | 4833 c075 | 0949 ff87 | 5005 0000 | 33c0 0f85 | 3447 0000 | 448b 5424 | 5c45 85d2 
  0x0000012036791a98: 0f84 b752 | 0000 498b | ca44 8b5c | 244c 453b | 6330 750e | 450f b64b | 1245 85c9 | 0f85 9e0f 
  0x0000012036791ab8: 0000 453b | 6330 0f85 | 9d23 0000 | 458b 4318 

  0x0000012036791ac8: ; implicit exception: dispatches to 0x000001203679889c
  0x0000012036791ac8: 418b 4818 | 894c 245c | 458b 400c | 4489 4424 | 7041 0fb6 

  0x0000012036791adc: ;   {no_reloc}
  0x0000012036791adc: 6b10 4489 | 5c24 4c85 | ed0f 85b9 | 5200 0045 | 8b5b 1841 | 8b6b 1885 | ed0f 84d9 | 5200 0045 
  0x0000012036791afc: 8b5a 3c44 | 8b44 244c | 418b 581c | 413b db0f | 843d 0100 | 000f be4b | 1041 3bdb | 0f84 3001 
  0x0000012036791b1c: 0000 4585 | db0f 84ee | 0000 0041 | 0fbe 6b10 | 3bcd 0f85 | cf58 0000 | 458b 5314 | 448b 4b14 
  0x0000012036791b3c: 458b 420c | 418b 490c | 413b c80f | 85c8 0000 | 004d 8bc2 | 498d 7210 | 4d8b d149 | 8d79 1085 
  0x0000012036791b5c: c90f 849d | 0000 008b | c183 e01f | 83e1 e00f | 844b 0000 | 0048 8d3c | 0f48 8d34 | 0e48 f7d9 
  0x0000012036791b7c: c5fe 6f0c | 0fc5 fe6f | 040e c5f5 | efc8 c4e2 | 7d17 c90f | 8572 0000 | 0048 83c1 | 2075 e185 
  0x0000012036791b9c: c00f 845d | 0000 00c5 | fe6f 4c07 | e0c5 fe6f | 4406 e0c5 | f5ef c8c4 | e27d 17c9 | 754d eb44 
  0x0000012036791bbc: 8bc8 83e1 | fc74 1948 | 8d3c 0f48 | 8d34 0e48 | f7d9 8b1c | 0f3b 1c0e | 7531 4883 

  0x0000012036791bd8: ;   {no_reloc}
  0x0000012036791bd8: c104 75f2 | a802 7412 | 0fb7 1f0f | b70e 3bd9 | 751d 488d | 7f02 488d | 7602 a801 | 740a 0fb6 
  0x0000012036791bf8: 1f0f b60e | 3bd9 7507 | b801 0000 | 00eb 0233 | c0c5 f5ef | c9c5 fdef | c085 c075 | 3944 8b44 
  0x0000012036791c18: 245c 4585 | c00f 8409 | 5600 004d | 8bc3 448b | 5c24 5c49 | 8bd3 4533 | c966 6690 

  0x0000012036791c34: ;   {optimized virtual_call}
  0x0000012036791c34: c5f8 77e8 

  0x0000012036791c38: ; ImmutableOopMap {[32]=Oop [40]=Oop [48]=Oop [76]=NarrowOop [80]=Oop [88]=NarrowOop [92]=NarrowOop [96]=Oop [104]=Oop [112]=NarrowOop [152]=NarrowOop [156]=NarrowOop }
                      ;*invokevirtual getEntryPos {reexecute=0 rethrow=0 return_oop=0}
                      ; - java.util.zip.ZipFile::getInputStream@63
                      ; - java.util.jar.JarFile::getInputStream@21
                      ; - jdk.internal.loader.URLClassPath$JarLoader$2::getInputStream@11
                      ; - jdk.internal.loader.Resource::cachedInputStream@9
                      ; - jdk.internal.loader.Resource::getByteBuffer@1
                      ; - java.net.URLClassLoader::defineClass@132
                      ; - java.net.URLClassLoader$1::run@43
                      ; - java.net.URLClassLoader$1::run@1
  0x0000012036791c38: 44ce 3eff 

  0x0000012036791c3c: ;   {other}
  0x0000012036791c3c: 0f1f 8400 | ac1e 0012 | 448b 4424 | 4c44 8bd0 | eb09 448b | 4424 4c45 | 8b50 0c41 | 83fa ff0f 
  0x0000012036791c5c: 84a3 5100 | 0044 8954 | 2474 4489 | 4424 4c49 | 8b87 b801 | 0000 4c8b | d049 83c2 | 384d 3b97 
  0x0000012036791c7c: c801 0000 | 0f83 ef2d | 0000 4d89 | 97b8 0100 | 0041 0f0d | 8ac0 0000 | 0048 c700 | 0100 0000 
  0x0000012036791c9c: ;   {metadata('java/util/zip/ZipFile$ZipFileInputStream')}
  0x0000012036791c9c: c740 08a0 | 9931 0044 | 8960 0c4c | 8960 104c | 8960 184c | 8960 204c | 8960 284c | 8960 3044 
  0x0000012036791cbc: 8b5c 245c 

  0x0000012036791cc0: ; implicit exception: dispatches to 0x0000012036798938
  0x0000012036791cc0: 418b 5b38 | 448b 5424 | 4c44 8950 | 3048 8944 | 2478 8b7c | 2474 83c7 | 144c 8b54 | 2468 4c8b 
  0x0000012036791ce0: d84d 33d3 | 49c1 ea14 | 4d85 d274 | 1a49 c1eb | 0948 b900 | 0035 3e20 | 0100 0049 | 03cb 8039 
  0x0000012036791d00: 020f 8510 | 2000 0044 | 8b43 0c41 | 3bf8 0f83 | 3843 0000 | 4863 4c24 | 7444 0fb6 | 540b 2444 
  0x0000012036791d20: 8994 2480 | 0000 0044 | 8b54 2474 | 4183 c22d | 453b d00f | 838b 4300 | 000f b654 | 0b25 0fb6 
  0x0000012036791d40: 7c0b 3d0f | b644 0b3c | 0fb6 740b | 3b44 0fb6 | 6c0b 260f | b66c 0b3a | 440f b654 | 0b27 440f 
  0x0000012036791d60: b64c 0b28 | 440f b644 | 0b2b 440f | b674 0b29 | 440f b65c | 0b2a c1e2 | 080b 9424 | 8000 0000 
  0x0000012036791d80: 41c1 e608 | 450b ce41 | c1e0 0845 | 0bd8 41c1 | e208 450b | ea41 c1e3 

  0x0000012036791d98: ;   {no_reloc}
  0x0000012036791d98: 1045 0bcb | 41c1 e510 | 410b d545 | 8bd9 4c8b | 5424 784d | 895a 2844 | 8bc2 4d89 | 4220 c1e6 
  0x0000012036791db8: 080b eec1 | e708 0bc7 | c1e0 100b | e844 8bcd | 4d89 4a10 | 41ba ffff | ffff 4d3b | c20f 8481 
  0x0000012036791dd8: 5000 004d | 3bda 0f84 | c850 0000 | 4d3b ca0f | 840f 5100 | 0044 8b54 | 244c 458b | 5218 458b 
  0x0000012036791df8: 5a18 4d8b | 5310 4d03 | d144 8b5c | 2474 4183 | c30a 49f7 | da4c 8b44 | 2478 4d89 | 5010 448b 
  0x0000012036791e18: 4424 5c45 | 8b48 3845 | 8b41 0c45 | 3bd8 0f83 | f842 0000 | 450f b65c | 091a 8b5c | 2474 83c3 
  0x0000012036791e38: 1b41 3bd8 | 0f83 4243 | 0000 450f | b654 091b | 41c1 e208 | 450b d341 | 83fa 080f | 854d 0e00 
  0x0000012036791e58: 0045 0fb6 | 5409 2b45 | 0fb6 4409 | 2845 0fb6 | 5c09 2a41 | 0fb6 4c09 | 2941 c1e2 | 0845 0bda 
  0x0000012036791e78: c1e1 0844 | 0bc1 41c1 | e310 450b | c341 8be8 | 4883 c502 | 4881 fd00 | 0001 000f | 8f24 1a00 
  0x0000012036791e98: ;   {no_reloc}
  0x0000012036791e98: 0049 8b87 | b801 0000 | 4c8b d049 | 83c2 304d | 3b97 c801 | 0000 0f83 | e12b 0000 | 4d89 97b8 
  0x0000012036791eb8: 0100 0041 | 0f0d 8ac0 | 0000 0048 | c700 0100 

  0x0000012036791ec8: ;   {metadata('java/util/zip/ZipFile$ZipFileInflaterInputStream')}
  0x0000012036791ec8: 0000 c740 | 08c0 a431 | 0044 8960 | 0c4c 8960 | 104c 8960 | 184c 8960 | 204c 8960 | 2848 8984 
  0x0000012036791ee8: 2480 0000 | 0044 8b54 | 244c 458b | 5218 8bf5 | 498b fa48 | 8bd0 4c8b | 4424 684c | 8b4c 2478 
  0x0000012036791f08: 4d8b d049 | 8bea 6690 

  0x0000012036791f10: ;   {optimized virtual_call}
  0x0000012036791f10: c5f8 77e8 

  0x0000012036791f14: ; ImmutableOopMap {rbp=Oop [32]=Oop [40]=Oop [48]=Oop [76]=NarrowOop [80]=Oop [88]=NarrowOop [96]=Oop [104]=Oop [112]=NarrowOop [128]=Oop [152]=NarrowOop [156]=NarrowOop }
                      ;*invokespecial <init> {reexecute=0 rethrow=0 return_oop=0}
                      ; - java.util.zip.ZipFile::getInputStream@216
                      ; - java.util.jar.JarFile::getInputStream@21
                      ; - jdk.internal.loader.URLClassPath$JarLoader$2::getInputStream@11
                      ; - jdk.internal.loader.Resource::cachedInputStream@9
                      ; - jdk.internal.loader.Resource::getByteBuffer@1
                      ; - java.net.URLClassLoader::defineClass@132
                      ; - java.net.URLClassLoader$1::run@43
                      ; - java.net.URLClassLoader$1::run@1
  0x0000012036791f14: 689c b1ff 

  0x0000012036791f18: ;   {other}
  0x0000012036791f18: 0f1f 8400 | 8821 0013 | 448b 5c24 | 7041 8b6b | 0844 895c | 245c 4d8b | d34c 8954 | 2470 4c8b 
  0x0000012036791f38: 5c24 7048 | 8d9c 24f8 | 0000 0049 | 8b03 a802 | 0f85 2300 | 0000 4883 | c801 4889 | 03f0 490f 
  0x0000012036791f58: b11b 0f84 | 3700 0000 | 482b c448 | 2507 f0ff | ff48 8903 | e924 0000 | 004c 8bd0 | 4833 c0f0 
  0x0000012036791f78: 4d0f b17a | 3e48 c703 | 0300 0000 | 7411 4c3b | f875 1549 | ff82 8600 | 0000 4833 | c075 0949 
  0x0000012036791f98: ff87 5005 | 0000 33c0 | 0f85 be42 

  0x0000012036791fa4: ;   {metadata('java/util/Collections$SetFromMap')}
  0x0000012036791fa4: 0000 81fd | 8024 1d00 | 0f85 6142 | 0000 4c8b | 5424 704c | 8954 2470 | 498b d24c | 8b84 2480 
  0x0000012036791fc4: 0000 004c | 8b54 2468 | 498b ea90 

  0x0000012036791fd0: ;   {optimized virtual_call}
  0x0000012036791fd0: c5f8 77e8 

  0x0000012036791fd4: ; ImmutableOopMap {rbp=Oop [32]=Oop [40]=Oop [48]=Oop [80]=Oop [88]=NarrowOop [96]=Oop [104]=Oop [112]=Oop [128]=Oop [152]=NarrowOop [156]=NarrowOop }
                      ;*invokeinterface add {reexecute=0 rethrow=0 return_oop=0}
                      ; - java.util.zip.ZipFile::getInputStream@231
                      ; - java.util.jar.JarFile::getInputStream@21
                      ; - jdk.internal.loader.URLClassPath$JarLoader$2::getInputStream@11
                      ; - jdk.internal.loader.Resource::cachedInputStream@9
                      ; - jdk.internal.loader.Resource::getByteBuffer@1
                      ; - java.net.URLClassLoader::defineClass@132
                      ; - java.net.URLClassLoader$1::run@43
                      ; - java.net.URLClassLoader$1::run@1
  0x0000012036791fd4: e84f b1ff 

  0x0000012036791fd8: ;   {other}
  0x0000012036791fd8: 0f1f 8400 | 4822 0014 | 4c8b 5c24 | 7048 8d84 | 24f8 0000 | 0048 8338 | 000f 8479 | 0000 004d 
  0x0000012036791ff8: 8b13 41f6 | c202 0f84 | 6200 0000 | 4983 ba86 | 0000 0000 | 7409 49ff | 8a86 0000 | 00eb 4b49 
  0x0000012036792018: 8b82 9600 | 0000 490b | 828e 0000 | 0075 0a49 | c742 3e00 | 0000 00eb | 3d49 83ba | 9e00 0000 
  0x0000012036792038: 0074 2248 | 33c0 49c7 | 423e 0000 | 0000 f083 | 0424 0049 | 83ba 9e00 | 0000 0075 | 0df0 4d0f 
  0x0000012036792058: b17a 3e75 | 0583 c801 | eb0c a800 | eb08 4c8b | 10f0 4d0f | b113 750a | 49ff 8f50 | 0500 0045 
  0x0000012036792078: 33d2 0f85 | 0542 0000 | 4c8b 5c24 | 6848 8d84 | 24e8 0000 | 0048 8338 | 000f 8479 | 0000 004d 
  0x0000012036792098: 8b13 41f6 | c202 0f84 | 6200 0000 | 4983 ba86 | 0000 0000 | 7409 49ff | 8a86 0000 | 00eb 4b49 
  0x00000120367920b8: 8b82 9600 | 0000 490b | 828e 0000 | 0075 0a49 | c742 3e00 | 0000 00eb | 3d49 83ba 

  0x00000120367920d4: ;   {no_reloc}
  0x00000120367920d4: 9e00 0000 | 0074 2248 | 33c0 49c7 | 423e 0000 | 0000 f083 | 0424 0049 | 83ba 9e00 | 0000 0075 
  0x00000120367920f4: 0df0 4d0f | b17a 3e75 | 0583 c801 | eb0c a800 | eb08 4c8b | 10f0 4d0f | b113 750a | 49ff 8f50 
  0x0000012036792114: 0500 0045 | 33d2 0f85 | c540 0000 | 4c8b 8c24 | 8000 0000 | 4180 7f40 | 000f 855b | 1b00 004c 
  0x0000012036792134: 8b6c 2430 | 4d8b d54d | 8bc1 4589 | 450c 4d8b | d94d 33da | 49c1 eb14 | 4d85 db74 | 1f4d 85c9 
  0x0000012036792154: 741a 49c1 | ea09 48b9 | 0000 353e | 2001 0000 | 4903 ca80 | 3902 0f85 | 561b 0000 | 4c8b 5c24 
  0x0000012036792174: 4044 8b54 | 2448 418b | 6d0c 488d | 8424 e000 | 0000 4883 | 3800 0f84 | 7b00 0000 | 4d8b 4500 
  0x0000012036792194: 41f6 c002 | 0f84 6200 | 0000 4983 | b886 0000 | 0000 7409 | 49ff 8886 | 0000 00eb | 4b49 8b80 
  0x00000120367921b4: 9600 0000 | 490b 808e | 0000 0075 | 0a49 c740 | 3e00 0000 | 00eb 3e49 | 83b8 9e00 | 0000 0074 
  0x00000120367921d4: ;   {no_reloc}
  0x00000120367921d4: 2248 33c0 | 49c7 403e | 0000 0000 | f083 0424 | 0049 83b8 | 9e00 0000 | 0075 0df0 | 4d0f b178 
  0x00000120367921f4: 3e75 0583 | c801 eb0d | a800 eb09 | 4c8b 00f0 | 4d0f b145 | 0075 0a49 | ff8f 5005 | 0000 4533 
  0x0000012036792214: c00f 8582 | 3900 0044 

  0x000001203679221c: ;   {metadata('sun/nio/ByteBuffered')}
  0x000001203679221c: 8b4d 0848 | b878 3336 | 4420 0100 | 0048 be00 | 0000 4420 | 0100 0049 | 03f1 4c8b | 4620 4c3b 
  0x000001203679223c: c00f 84fd | 3700 004c | 895c 2440 | 4c89 6c24 | 3048 33ff | 4c8b 9ea0 | 0000 0049 | 8bd3 48c1 
  0x000001203679225c: e230 0f89 | 2100 0000 | f348 0fb8 | d248 8b5e | 2848 3b04 | d374 1549 | 0fba e310 | 730b 49c1 
  0x000001203679227c: ;   {runtime_call StubRoutines (compiler stubs)}
  0x000001203679227c: cb0f e814 | 7b41 ffeb | 0348 ffc7 | 4885 ff0f | 84af 3700 

  0x0000012036792290: ;   {metadata('jdk/internal/loader/URLClassPath$JarLoader$2')}
  0x0000012036792290: 0041 81fa | 3024 2100 | 0f85 5208 | 0000 4d8b | d54c 8954 | 2448 498b | d266 6690 

  0x00000120367922ac: ;   {optimized virtual_call}
  0x00000120367922ac: c5f8 77e8 

  0x00000120367922b0: ; ImmutableOopMap {[32]=Oop [40]=Oop [48]=Oop [72]=Oop [80]=Oop [88]=NarrowOop [152]=NarrowOop [156]=NarrowOop }
                      ;*invokespecial getBytes {reexecute=0 rethrow=0 return_oop=1}
                      ; - jdk.internal.loader.URLClassPath$JarLoader$2::getBytes@1
                      ; - java.net.URLClassLoader::defineClass@179
                      ; - java.net.URLClassLoader$1::run@43
                      ; - java.net.URLClassLoader$1::run@1
  0x00000120367922b0: 0cf4 fcff 

  0x00000120367922b4: ;   {other}
  0x00000120367922b4: 0f1f 8400 | 2425 0015 | 488b d844 | 8b40 0c45 | 85c0 0f86 | a841 0000 | 418d 68ff | 413b e80f 
  0x00000120367922d4: 83fb 3700 | 0048 8bd0 | 4883 c210 | 33c9 c5f8 | 7749 bae0 | 12b3 3520 | 0100 0041 

  0x00000120367922f0: ;   {other}
  0x00000120367922f0: ffd2 0f1f | 8400 0000 | 0000 4c8b | 4424 4845 | 8b58 1c4d | 8b53 1844 | 8bd8 4d3b | da0f 85a5 
  0x0000012036792310: 4100 0048 | 895c 2470 | 488b 5c24 | 3044 8b53 

  0x0000012036792320: ;   {metadata('jdk/internal/loader/URLClassPath$JarLoader$2')}
  0x0000012036792320: 0841 81fa | 3024 2100 | 0f85 9307 | 0000 4c8b | d341 8b6a | 1c44 8b55 

  0x0000012036792338: ;   {metadata('java/util/jar/JarFile$JarFileEntry')}
  0x0000012036792338: 0841 81fa | d032 3100 | 0f85 363b | 0000 4c8b | c541 8b68 | 6444 0fb6 | 5d12 443b | 6530 7509 
  0x0000012036792358: 4585 db0f | 85b5 0600 | 0045 8b58 | 5c45 85db | 0f85 5521 | 0000 458b | 5064 418b | 6a30 85ed 
  0x0000012036792378: 0f85 b320 | 0000 4d8b | 8fb8 0100 | 004d 8bd1 | 4983 c228 | 4d3b 97c8 | 0100 000f | 83b8 2400 
  0x0000012036792398: 004d 8997 | b801 0000 | 410f 0d8a | c000 0000 | 49c7 0101 

  0x00000120367923ac: ;   {metadata('java/security/CodeSource')}
  0x00000120367923ac: 0000 0041 | c741 0828 | 5c00 0045 | 8961 0c4d | 8961 104d | 8961 184d | 8961 2044 | 8b54 2458 
  0x00000120367923cc: 4589 510c | 4585 d20f | 84cb 3f00 | 0049 8be9 | 4889 5c24 | 3049 8bd2 

  0x00000120367923e4: ;   {static_call}
  0x00000120367923e4: c5f8 77e8 

  0x00000120367923e8: ; ImmutableOopMap {rbp=Oop [32]=Oop [40]=Oop [48]=Oop [80]=Oop [112]=Oop [144]=Oop [152]=NarrowOop [156]=NarrowOop }
                      ;*invokestatic urlNoFragString {reexecute=0 rethrow=0 return_oop=1}
                      ; - java.security.CodeSource::<init>@30
                      ; - java.net.URLClassLoader::defineClass@198
                      ; - java.net.URLClassLoader$1::run@43
                      ; - java.net.URLClassLoader$1::run@1
  0x00000120367923e8: d4db b2ff 

  0x00000120367923ec: ;   {other}
  0x00000120367923ec: 0f1f 8400 | 5c26 0016 | 488b d841 | 807f 4000 | 0f85 5b15 | 0000 488b | fd4c 8bdb | 4489 5f20 
  0x000001203679240c: 4c8b d34c | 8bdf 4d33 | d349 c1ea | 144d 85d2 | 741f 4885 | db74 1a49 | c1eb 0948 | b900 0035 
  0x000001203679242c: 3e20 0100 | 0049 03cb | 8039 020f | 8556 1500 | 004c 8b84 | 2490 0000 | 004d 85c0 | 0f85 ef16 
  0x000001203679244c: 0000 c5f8 | 7749 bad0 | 307b 95ff | 7f00 0041 

  0x000001203679245c: ;   {other}
  0x000001203679245c: ffd2 0f1f | 8400 0000 | 0000 4c8b | c04c 2b44 

  0x000001203679246c: ;   {oop(a 'jdk/internal/perf/PerfCounter'{0x000000008069ccc0})}
  0x000001203679246c: 2438 49bb | c0cc 6980 | 0000 0000 | 488d 9c24 | e000 0000 | 498b 03a8 | 020f 8523 | 0000 0048 
  0x000001203679248c: 83c8 0148 | 8903 f049 | 0fb1 1b0f | 8437 0000 | 0048 2bc4 | 4825 07f0 | ffff 4889 | 03e9 2400 
  0x00000120367924ac: 0000 4c8b | d048 33c0 | f04d 0fb1 | 7a3e 48c7 | 0303 0000 | 0074 114c | 3bf8 7515 | 49ff 8286 
  0x00000120367924cc: 0000 0048 | 33c0 7509 | 49ff 8750 | 0500 0033 | c00f 8531 

  0x00000120367924e0: ;   {oop(a 'jdk/internal/perf/PerfCounter'{0x000000008069ccc0})}
  0x00000120367924e0: 3700 0049 | bac0 cc69 | 8000 0000 | 0045 8b4a | 1041 8b69 | 2485 ed0f | 85db 3e00 | 0041 8b69 
  0x0000012036792500: 1c85 ed0f | 8c44 3700 | 0085 ed0f | 844b 3500 | 004d 8b51 | 104d 0102 

  0x0000012036792518: ;   {oop(a 'jdk/internal/perf/PerfCounter'{0x000000008069ccc0})}
  0x0000012036792518: 49bb c0cc | 6980 0000 | 0000 488d | 8424 e000 | 0000 4883 | 3800 0f84 | 7900 0000 | 4d8b 1341 
  0x0000012036792538: f6c2 020f | 8462 0000 | 0049 83ba | 8600 0000 | 0074 0949 | ff8a 8600 | 0000 eb4b | 498b 8296 
  0x0000012036792558: 0000 0049 | 0b82 8e00 | 0000 750a | 49c7 423e | 0000 0000 | eb3d 4983 | ba9e 0000 | 0000 7422 
  0x0000012036792578: 4833 c049 | c742 3e00 | 0000 00f0 | 8304 2400 | 4983 ba9e | 0000 0000 | 750d f04d | 0fb1 7a3e 
  0x0000012036792598: 7505 83c8 | 01eb 0ca8 | 00eb 084c | 8b10 f04d | 0fb1 1375 | 0a49 ff8f | 5005 0000 | 4533 d20f 
  0x00000120367925b8: 85cb 3600 | 004c 8b4c | 2470 458b | 510c 498b | 8fb8 0100 | 004c 8bd9 | 4983 c310 | 4d3b 9fc8 
  0x00000120367925d8: 0100 000f | 839a 2200 | 004d 899f | b801 0000 | 410f 0d8b | c000 0000 | 48c7 0101 

  0x00000120367925f4: ;   {metadata('java/security/SecureClassLoader$CodeSourceKey')}
  0x00000120367925f4: 0000 00c7 | 4108 b8b4 | 1100 4489 | 610c 4c8b | c744 8941 | 0c49 8bbf | b801 0000 | 8b9c 2498 
  0x0000012036792614: 0000 008b | 6b50 4c8b | df49 83c3 | 104d 3b9f | c801 0000 | 0f83 8922 | 0000 4d89 | 9fb8 0100 
  0x0000012036792634: 0041 0f0d | 8bc0 0000 | 0048 c707 | 0100 0000 

  0x0000012036792644: ;   {metadata('java/security/SecureClassLoader$1')}
  0x0000012036792644: c747 0850 | ba11 0044 | 8967 0c89 | 5f0c 448b 

  0x0000012036792654: ;   {metadata('java/util/concurrent/ConcurrentHashMap')}
  0x0000012036792654: 4508 4181 | f880 2706 | 000f 8557 | 3600 0044 | 8954 243c | 4c89 4c24 | 4089 5c24 | 3848 8bd5 
  0x0000012036792674: 4c8b c14c | 8bcf 6690 

  0x000001203679267c: ;   {optimized virtual_call}
  0x000001203679267c: c5f8 77e8 

  0x0000012036792680: ; ImmutableOopMap {[32]=Oop [40]=Oop [48]=Oop [56]=NarrowOop [64]=Oop [80]=Oop [156]=NarrowOop }
                      ;*invokeinterface computeIfAbsent {reexecute=0 rethrow=0 return_oop=1}
                      ; - java.security.SecureClassLoader::getProtectionDomain@28
                      ; - java.security.SecureClassLoader::defineClass@9
                      ; - java.net.URLClassLoader::defineClass@220
                      ; - java.net.URLClassLoader$1::run@43
                      ; - java.net.URLClassLoader$1::run@1
  0x0000012036792680: 7c55 06f8 

  0x0000012036792684: ;   {other}
  0x0000012036792684: 0f1f 8400 | f428 0017 

  0x000001203679268c: ; implicit exception: dispatches to 0x00000120367985c4
  0x000001203679268c: 448b 5008 

  0x0000012036792690: ;   {metadata('java/security/ProtectionDomain')}
  0x0000012036792690: 4181 fae8 | 5800 000f | 85c3 5d00 | 004c 8bc8 | 488b 5424 | 204c 8b44 | 2428 6690 

  0x00000120367926ac: ;   {optimized virtual_call}
  0x00000120367926ac: c5f8 77e8 

  0x00000120367926b0: ; ImmutableOopMap {[32]=Oop [40]=Oop [48]=Oop [64]=Oop [80]=Oop }
                      ;*invokevirtual preDefineClass {reexecute=0 rethrow=0 return_oop=1}
                      ; - java.lang.ClassLoader::defineClass@4
                      ; - java.security.SecureClassLoader::defineClass@12
                      ; - java.net.URLClassLoader::defineClass@220
                      ; - java.net.URLClassLoader$1::run@43
                      ; - java.net.URLClassLoader$1::run@1
  0x00000120367926b0: 2cc5 fdff 

  0x00000120367926b4: ;   {other}
  0x00000120367926b4: 0f1f 8400 | 2429 0018 | 488b e848 | 8b54 2420 | 4c8b c090 

  0x00000120367926c8: ;   {optimized virtual_call}
  0x00000120367926c8: c5f8 77e8 

  0x00000120367926cc: ; ImmutableOopMap {rbp=Oop [32]=Oop [40]=Oop [48]=Oop [64]=Oop [80]=Oop }
                      ;*invokevirtual defineClassSourceLocation {reexecute=0 rethrow=0 return_oop=1}
                      ; - java.lang.ClassLoader::defineClass@12
                      ; - java.security.SecureClassLoader::defineClass@12
                      ; - java.net.URLClassLoader::defineClass@220
                      ; - java.net.URLClassLoader$1::run@43
                      ; - java.net.URLClassLoader$1::run@1
  0x00000120367926cc: b042 95f7 

  0x00000120367926d0: ;   {other}
  0x00000120367926d0: 0f1f 8400 | 4029 0019 | 488b 5424 | 204c 8b44 | 2428 4c8b | 4c24 4033 | ff8b 7424 | 3c48 8bcd 
  0x00000120367926f0: 4889 0424 

  0x00000120367926f4: ;   {static_call}
  0x00000120367926f4: c5f8 77e8 

  0x00000120367926f8: ; ImmutableOopMap {rbp=Oop [32]=Oop [48]=Oop [80]=Oop }
                      ;*invokestatic defineClass1 {reexecute=0 rethrow=0 return_oop=1}
                      ; - java.lang.ClassLoader::defineClass@27
                      ; - java.security.SecureClassLoader::defineClass@12
                      ; - java.net.URLClassLoader::defineClass@220
                      ; - java.net.URLClassLoader$1::run@43
                      ; - java.net.URLClassLoader$1::run@1
  0x00000120367926f8: e408 99ff 

  0x00000120367926fc: ;   {other}
  0x00000120367926fc: 0f1f 8400 | 6c29 001a | 4889 4424 | 2848 8b54 | 2420 4c8b | c04c 8bcd 

  0x0000012036792714: ;   {optimized virtual_call}
  0x0000012036792714: c5f8 77e8 

  0x0000012036792718: ; ImmutableOopMap {[40]=Oop [48]=Oop [80]=Oop }
                      ;*invokevirtual postDefineClass {reexecute=0 rethrow=0 return_oop=0}
                      ; - java.lang.ClassLoader::defineClass@37
                      ; - java.security.SecureClassLoader::defineClass@12
                      ; - java.net.URLClassLoader::defineClass@220
                      ; - java.net.URLClassLoader$1::run@43
                      ; - java.net.URLClassLoader$1::run@1
  0x0000012036792718: 84b8 22f8 

  0x000001203679271c: ;   {other}
  0x000001203679271c: 0f1f 8400 | 8c29 001b | 488b 4424 | 28c5 f877 | 4881 c410 | 0100 005d 

  0x0000012036792734: ;   {poll_return}
  0x0000012036792734: 493b a750 | 0400 000f | 873a 7300 | 00c3 c644 | 3d15 73c6 | 443d 1473 | c644 3d13 | 61c6 443d 
  0x0000012036792754: 126c c644 | 3d11 63c6 | 443d 102e | e930 e4ff | ff44 0fb6 | 5911 4585 | db0f 85f0 | 1e00 0044 
  0x0000012036792774: 8b59 1449 | 8bea 498b | d380 7910 | 000f 85bc | 2200 0044 | 8954 245c | 4889 5c24 | 4848 ffb4 
  0x0000012036792794: 24a0 0000 | 0048 8f44 | 2440 4c89 | 6c24 3090 

  0x00000120367927a4: ;   {static_call}
  0x00000120367927a4: c5f8 77e8 

  0x00000120367927a8: ; ImmutableOopMap {rbp=Oop [32]=Oop [40]=Oop [48]=Oop [64]=Oop [72]=Oop [80]=Oop [88]=NarrowOop [92]=NarrowOop [152]=NarrowOop [156]=NarrowOop [160]=Oop }
                      ;*invokestatic hashCode {reexecute=0 rethrow=0 return_oop=0}
                      ; - java.lang.String::hashCode@27
                      ; - java.util.concurrent.ConcurrentHashMap::get@1
                      ; - java.lang.ClassLoader::getDefinedPackage@13
                      ; - java.net.URLClassLoader::getAndVerifyPackage@2
                      ; - java.net.URLClassLoader::defineClass@46
                      ; - java.net.URLClassLoader$1::run@43
                      ; - java.net.URLClassLoader$1::run@1
  0x00000120367927a8: 9491 96ff 

  0x00000120367927ac: ;   {other}
  0x00000120367927ac: 0f1f 8400 | 1c2a 001c | 85c0 0f84 | 6822 0000 | 488b 4c24 | 4089 410c | 4c8b 6c24 | 3048 8b5c 
  0x00000120367927cc: 2448 448b | 5424 5ce9 | c0e9 ffff | 41b8 2f00 | 0000 e946 | e1ff ff49 | 8b87 b801 | 0000 4c8b 
  0x00000120367927ec: d049 83c2 | 184d 3b97 | c801 0000 | 0f83 3027 | 0000 4d89 | 97b8 0100 | 0041 0f0d | 8ac0 0000 
  0x000001203679280c: 0048 c700 | 0100 0000 

  0x0000012036792814: ;   {metadata('java/lang/String')}
  0x0000012036792814: c740 0878 | e800 0044 | 8960 0c44 

  0x0000012036792820: ;   {oop([B{0x0000000080676398})}
  0x0000012036792820: 8960 10c7 | 4014 9863 

  0x0000012036792828: ;   {oop(".class"{0x0000000080676380})}
  0x0000012036792828: 6780 49ba | 8063 6780 | 0000 0000 | 458b 420c | 4489 400c | 450f b652 | 1144 8850 | 11e9 d1e3 
  0x0000012036792848: ffff 48ff | 7424 2848 | 8f84 24a0 | 0000 00e9 | 62e7 ffff | 4585 c90f | 8519 1e00 | 0049 8bd0 
  0x0000012036792868: 498b ea80 | 7910 000f | 85df 2300 | 0044 8954 | 2478 897c | 245c 4889 | 5c24 7048 | 894c 2468 
  0x0000012036792888: 4c89 5c24 | 6048 ff74 | 2428 488f | 4424 4848 | ff74 2420 | 488f 4424 | 4048 8944 | 24f8 8b84 
  0x00000120367928a8: 249c 0000 | 0089 4424 | 2c48 8b44 | 24f8 4889 | 4424 f88b | 8424 9800 | 0000 8944 | 2428 488b 
  0x00000120367928c8: 4424 f848 | ffb4 2490 | 0000 0048 | 8f44 2420 | 4c89 6c24 | 3066 6690 

  0x00000120367928e0: ;   {static_call}
  0x00000120367928e0: c5f8 77e8 

  0x00000120367928e4: ; ImmutableOopMap {rbp=Oop [40]=NarrowOop [44]=NarrowOop [48]=Oop [64]=Oop [72]=Oop [80]=Oop [88]=NarrowOop [92]=NarrowOop [104]=Oop [112]=Oop [120]=NarrowOop }
                      ;*invokestatic hashCode {reexecute=0 rethrow=0 return_oop=0}
                      ; - java.lang.String::hashCode@27
                      ; - java.util.concurrent.ConcurrentHashMap::get@1
                      ; - java.lang.ClassLoader::definePackage@47
                      ; - java.lang.ClassLoader::getDefinedPackage@32
                      ; - java.net.URLClassLoader::getAndVerifyPackage@2
                      ; - java.net.URLClassLoader::defineClass@46
                      ; - java.net.URLClassLoader$1::run@43
                      ; - java.net.URLClassLoader$1::run@1
  0x00000120367928e4: 98c7 3eff 

  0x00000120367928e8: ;   {other}
  0x00000120367928e8: 0f1f 8400 | 582b 001d | 85c0 0f84 | e922 0000 | 488b 4c24 | 6889 410c | 4c8b 6c24 | 3048 ff74 
  0x0000012036792908: 2420 488f | 8424 9000 | 0000 4889 | 4424 f88b | 4424 2889 | 8424 9800 | 0000 488b | 4424 f848 
  0x0000012036792928: 8944 24f8 | 8b44 242c | 8984 249c | 0000 0048 | 8b44 24f8 | 48ff 7424 | 4048 8f44 | 2420 48ff 
  0x0000012036792948: 7424 4848 | 8f44 2428 | 4c8b 5c24 | 6048 8b5c | 2470 8b7c | 245c 448b | 5424 78e9 | b8ea ffff 
  0x0000012036792968: 41b8 2f00 | 0000 e9a8 | e0ff ff33 | ede9 7ade | ffff 49bb | 0000 353e | 2001 0000 | e97d efff 
  0x0000012036792988: ff4c 894c | 2468 4c89 | 5424 6048 | ff74 2428 | 488f 4424 | 3048 ff74 | 2420 488f | 4424 2848 
  0x00000120367929a8: ffb4 2490 | 0000 0048 | 8f44 2420 | 4c89 6c24 | 4049 8bd1 | 41b8 0100 | 0000 6690 

  0x00000120367929c4: ;   {optimized virtual_call}
  0x00000120367929c4: c5f8 77e8 

  0x00000120367929c8: ; ImmutableOopMap {rbp=NarrowOop [40]=Oop [48]=Oop [64]=Oop [80]=Oop [88]=NarrowOop [96]=Oop [104]=Oop [152]=NarrowOop [156]=NarrowOop [160]=Oop }
                      ;*invokevirtual getManifestName {reexecute=0 rethrow=0 return_oop=1}
                      ; - java.util.zip.ZipFile$1::getManifestName@2
                      ; - java.util.jar.JarFile::maybeInstantiateVerifier@20
                      ; - java.util.jar.JarFile::ensureInitialization@1
                      ; - java.util.jar.JavaUtilJarAccessImpl::ensureInitialization@1
                      ; - jdk.internal.loader.URLClassPath$JarLoader$2::getManifest@10
                      ; - java.net.URLClassLoader::defineClass@34
                      ; - java.net.URLClassLoader$1::run@43
                      ; - java.net.URLClassLoader$1::run@1
  0x00000120367929c8: 3429 88f7 

  0x00000120367929cc: ;   {other}
  0x00000120367929cc: 0f1f 8400 | 3c2c 001e | 4885 c00f | 85ef 1b00 | 0044 8865 | 124c 8b6c | 2440 48ff | 7424 2048 
  0x00000120367929ec: 8f84 2490 | 0000 0048 | ff74 2428 | 488f 4424 | 2048 ff74 | 2430 488f | 4424 284c | 8b54 2460 
  0x0000012036792a0c: 4c8b 4c24 | 68e9 74e6 | ffff 4c89 | 4424 484c | 8bd5 4c89 | 5424 6049 | 8bd2 41b8 | 0100 0000 
  0x0000012036792a2c: ;   {optimized virtual_call}
  0x0000012036792a2c: c5f8 77e8 

  0x0000012036792a30: ; ImmutableOopMap {rbp=NarrowOop [32]=Oop [40]=Oop [48]=Oop [72]=Oop [80]=Oop [88]=NarrowOop [96]=Oop [112]=Oop [152]=NarrowOop [156]=NarrowOop }
                      ;*invokevirtual getManifestName {reexecute=0 rethrow=0 return_oop=1}
                      ; - java.util.zip.ZipFile$1::getManifestName@2
                      ; - java.util.jar.JarFile::maybeInstantiateVerifier@20
                      ; - java.util.jar.JarFile$JarFileEntry::getCodeSigners@4
                      ; - jdk.internal.loader.URLClassPath$JarLoader$2::getCodeSigners@4
                      ; - java.net.URLClassLoader::defineClass@185
                      ; - java.net.URLClassLoader$1::run@43
                      ; - java.net.URLClassLoader$1::run@1
  0x0000012036792a30: 4cc0 3eff 

  0x0000012036792a34: ;   {other}
  0x0000012036792a34: 0f1f 8400 | a42c 001f | 4885 c00f | 85e8 1b00 | 0044 8865 | 1248 8b5c | 2430 4c8b | 4424 48e9 
  0x0000012036792a54: 09f9 ffff | 4889 4c24 | 7048 8b54 | 2468 41b8 | 0100 0000 

  0x0000012036792a68: ;   {optimized virtual_call}
  0x0000012036792a68: c5f8 77e8 

  0x0000012036792a6c: ; ImmutableOopMap {[32]=Oop [40]=Oop [48]=Oop [76]=NarrowOop [80]=Oop [88]=NarrowOop [92]=NarrowOop [96]=Oop [104]=Oop [112]=Oop [152]=NarrowOop [156]=NarrowOop }
                      ;*invokevirtual getManifestName {reexecute=0 rethrow=0 return_oop=1}
                      ; - java.util.zip.ZipFile$1::getManifestName@2
                      ; - java.util.jar.JarFile::maybeInstantiateVerifier@20
                      ; - java.util.jar.JarFile::getInputStream@9
                      ; - jdk.internal.loader.URLClassPath$JarLoader$2::getInputStream@11
                      ; - jdk.internal.loader.Resource::cachedInputStream@9
                      ; - jdk.internal.loader.Resource::getByteBuffer@1
                      ; - java.net.URLClassLoader::defineClass@132
                      ; - java.net.URLClassLoader$1::run@43
                      ; - java.net.URLClassLoader$1::run@1
  0x0000012036792a6c: 10c0 3eff 

  0x0000012036792a70: ;   {other}
  0x0000012036792a70: 0f1f 8400 | e02c 0020 | 4885 c00f | 8504 1c00 | 0044 8b5c | 244c 4588 | 6312 448b | 5424 5c48 
  0x0000012036792a90: 8b4c 2470 | e921 f0ff 

  0x0000012036792a98: ;   {metadata('jdk/internal/loader/URLClassPath$FileLoader$1')}
  0x0000012036792a98: ff81 f958 | 734e 010f | 8507 4b00 | 0048 8974 | 2428 4889 | 5424 2049 | 8bcd 8b59 | 1c8b 5b0c 
  0x0000012036792ab8: 895c 2458 | e991 e2ff 

  0x0000012036792ac0: ;   {metadata('jdk/internal/loader/URLClassPath$FileLoader$1')}
  0x0000012036792ac0: ff41 81fa | 5873 4e01 | 0f84 b0f8 | ffff bac6 | ffff ff4c | 8b54 2438 | 4c89 5424 | 2866 6690 
  0x0000012036792ae0: ;   {runtime_call UncommonTrapBlob}
  0x0000012036792ae0: c5f8 77e8 

  0x0000012036792ae4: ; ImmutableOopMap {[48]=Oop [80]=Oop [88]=NarrowOop [112]=Oop [152]=NarrowOop [156]=NarrowOop }
                      ;*invokevirtual getCodeSigners {reexecute=0 rethrow=0 return_oop=0}
                      ; - java.net.URLClassLoader::defineClass@185
                      ; - java.net.URLClassLoader$1::run@43
                      ; - java.net.URLClassLoader$1::run@1
  0x0000012036792ae4: 9818 3fff 

  0x0000012036792ae8: ;   {other}
  0x0000012036792ae8: 0f1f 8400 | 582d 0021 | 498b d566 | 6690 c5f8 | 7748 b858 | 734e 4520 

  0x0000012036792b00: ;   {virtual_call}
  0x0000012036792b00: 0100 00e8 

  0x0000012036792b04: ; ImmutableOopMap {[32]=Oop [40]=Oop [48]=Oop [80]=Oop [88]=NarrowOop [152]=NarrowOop [156]=NarrowOop }
                      ;*invokevirtual getBytes {reexecute=0 rethrow=0 return_oop=1}
                      ; - java.net.URLClassLoader::defineClass@179
                      ; - java.net.URLClassLoader$1::run@43
                      ; - java.net.URLClassLoader$1::run@1
  0x0000012036792b04: 98eb fcff 

  0x0000012036792b08: ;   {other}
  0x0000012036792b08: 0f1f 8400 | 782d 0022 | 4889 4424 | 70e9 fef7 | ffff 49bb | 0000 353e | 2001 0000 | e939 eeff 
  0x0000012036792b28: ff45 8b5a 

  0x0000012036792b2c: ;   {metadata('java/util/concurrent/ConcurrentHashMap$ReservationNode')}
  0x0000012036792b2c: 0841 81fb | d06a 1700 | 0f84 5d01 

  0x0000012036792b38: ;   {metadata('java/util/concurrent/ConcurrentHashMap$ForwardingNode')}
  0x0000012036792b38: 0000 4181 | fbe8 0418 | 000f 85b5 | 4f00 0048 | 895c 2468 | 4889 4c24 | 6048 ff74 | 2428 488f 
  0x0000012036792b58: 4424 4848 | ff74 2420 | 488f 4424 | 4048 8944 | 24f8 8b84 | 249c 0000 | 0089 4424 | 2c48 8b44 
  0x0000012036792b78: 24f8 4889 | 4424 f88b | 8424 9800 | 0000 8944 | 2428 488b | 4424 f848 | ffb4 2490 | 0000 0048 
  0x0000012036792b98: 8f44 2420 | 4c89 6c24 | 3049 8bd0 | 448b c04c | 8bc9 6690 

  0x0000012036792bac: ;   {optimized virtual_call}
  0x0000012036792bac: c5f8 77e8 

  0x0000012036792bb0: ; ImmutableOopMap {[40]=NarrowOop [44]=NarrowOop [48]=Oop [64]=Oop [72]=Oop [80]=Oop [88]=NarrowOop [96]=Oop [104]=Oop }
                      ;*invokevirtual find {reexecute=0 rethrow=0 return_oop=1}
                      ; - java.util.concurrent.ConcurrentHashMap::get@93
                      ; - java.lang.ClassLoader::getDefinedPackage@13
                      ; - java.net.URLClassLoader::getAndVerifyPackage@2
                      ; - java.net.URLClassLoader::defineClass@46
                      ; - java.net.URLClassLoader$1::run@43
                      ; - java.net.URLClassLoader$1::run@1
  0x0000012036792bb0: ccbe 3eff 

  0x0000012036792bb4: ;   {other}
  0x0000012036792bb4: 0f1f 8400 | 242e 0023 | 4885 c074 | 7c8b 6814 | 85ed 0f84 | 4839 0000 | 488b 4c24 | 608b 410c 
  0x0000012036792bd4: 440f b649 | 1149 bb00 | 0035 3e20 | 0100 004c | 8b6c 2430 | 48ff 7424 | 2048 8f84 | 2490 0000 
  0x0000012036792bf4: 0048 8944 | 24f8 8b44 | 2428 8984 | 2498 0000 | 0048 8b44 | 24f8 4889 | 4424 f88b | 4424 2c89 
  0x0000012036792c14: 8424 9c00 | 0000 488b | 4424 f848 | ff74 2440 | 488f 4424 | 2048 ff74 | 2448 488f | 4424 2848 
  0x0000012036792c34: 8b5c 2468 | e99f e7ff | ff4c 8b6c | 2430 48ff | 7424 2048 | 8f84 2490 | 0000 0048 | 8944 24f8 
  0x0000012036792c54: 8b44 2428 | 8984 2498 | 0000 0048 | 8b44 24f8 | 4889 4424 | f88b 4424 | 2c89 8424 | 9c00 0000 
  0x0000012036792c74: 488b 4424 | f848 ff74 | 2440 488f | 4424 2048 | ff74 2448 | 488f 4424 | 2848 8b4c | 2460 488b 
  0x0000012036792c94: 5c24 6849 | bb00 0035 | 3e20 0100 | 00e9 60ec | ffff 4585 | d20f 852d | 4900 0044 

  0x0000012036792cb0: ;   {no_reloc}
  0x0000012036792cb0: 8b54 2470 

  0x0000012036792cb4: ; implicit exception: dispatches to 0x0000012036798c24
  0x0000012036792cb4: 418b 6a08 | 4489 5424 | 5c4c 8954 | 2470 4c8b | 5c24 7048 | 8d9c 24f8 | 0000 0049 | 8b03 a802 
  0x0000012036792cd4: 0f85 2300 | 0000 4883 | c801 4889 | 03f0 490f | b11b 0f84 | 3700 0000 | 482b c448 | 2507 f0ff 
  0x0000012036792cf4: ff48 8903 | e924 0000 | 004c 8bd0 | 4833 c0f0 | 4d0f b17a | 3e48 c703 | 0300 0000 | 7411 4c3b 
  0x0000012036792d14: f875 1549 | ff82 8600 | 0000 4833 | c075 0949 | ff87 5005 | 0000 33c0 | 0f85 3a49 

  0x0000012036792d30: ;   {metadata('java/util/Collections$SetFromMap')}
  0x0000012036792d30: 0000 81fd | 8024 1d00 | 0f85 ea48 | 0000 4c8b | 5424 7049 | 8bea 498b | d24c 8b44 | 2478 6690 
  0x0000012036792d50: ;   {optimized virtual_call}
  0x0000012036792d50: c5f8 77e8 

  0x0000012036792d54: ; ImmutableOopMap {rbp=Oop [32]=Oop [40]=Oop [48]=Oop [80]=Oop [88]=NarrowOop [96]=Oop [104]=Oop [120]=Oop [152]=NarrowOop [156]=NarrowOop }
                      ;*invokeinterface add {reexecute=0 rethrow=0 return_oop=0}
                      ; - java.util.zip.ZipFile::getInputStream@137
                      ; - java.util.jar.JarFile::getInputStream@21
                      ; - jdk.internal.loader.URLClassPath$JarLoader$2::getInputStream@11
                      ; - jdk.internal.loader.Resource::cachedInputStream@9
                      ; - jdk.internal.loader.Resource::getByteBuffer@1
                      ; - java.net.URLClassLoader::defineClass@132
                      ; - java.net.URLClassLoader$1::run@43
                      ; - java.net.URLClassLoader$1::run@1
  0x0000012036792d54: 28bd 3eff 

  0x0000012036792d58: ;   {other}
  0x0000012036792d58: 0f1f 8400 | c82f 0024 | 4c8b dd48 | 8d84 24f8 | 0000 0048 | 8338 000f | 8479 0000 | 004d 8b13 
  0x0000012036792d78: 41f6 c202 | 0f84 6200 | 0000 4983 | ba86 0000 | 0000 7409 | 49ff 8a86 | 0000 00eb | 4b49 8b82 
  0x0000012036792d98: 9600 0000 | 490b 828e | 0000 0075 | 0a49 c742 | 3e00 0000 | 00eb 3d49 | 83ba 9e00 | 0000 0074 
  0x0000012036792db8: 2248 33c0 | 49c7 423e | 0000 0000 | f083 0424 | 0049 83ba | 9e00 0000 | 0075 0df0 | 4d0f b17a 
  0x0000012036792dd8: 3e75 0583 | c801 eb0c | a800 eb08 | 4c8b 10f0 | 4d0f b113 | 750a 49ff | 8f50 0500 | 0045 33d2 
  0x0000012036792df8: 0f85 8f48 | 0000 4c8b | 5424 784c | 8994 2480 | 0000 00e9 | 70f2 ffff 

  0x0000012036792e10: ;   {metadata('jdk/internal/loader/URLClassPath$FileLoader$1')}
  0x0000012036792e10: 4181 fa58 | 734e 010f | 857f 4900 | 004d 8bc5 | c4c1 f96e | c049 8b87 | b801 0000 | 4c8b c049 
  0x0000012036792e30: 83c0 204d | 3b87 c801 | 0000 0f83 | 0c41 0000 | 4d89 87b8 | 0100 0041 | 0f0d 88c0 | 0000 0048 
  0x0000012036792e50: c700 0100 

  0x0000012036792e54: ;   {metadata('java/io/FileInputStream')}
  0x0000012036792e54: 0000 c740 | 0840 1a01 | 0044 8960 | 0c4c 8960 | 104c 8960 | 184c 8bf0 | c4c1 f97e | c041 8b70 
  0x0000012036792e74: 1849 8b87 | b801 0000 | 4c8b c049 | 83c0 104d | 3b87 c801 | 0000 0f83 | 6441 0000 | 4d89 87b8 
  0x0000012036792e94: 0100 0041 | 0f0d 88c0 | 0000 0048 | c700 0100 

  0x0000012036792ea4: ;   {metadata('java/lang/Object')}
  0x0000012036792ea4: 0000 c740 | 0890 0e00 | 0044 8960 | 0c4d 8bc6 | 4c8b c845 | 894e 1c4c | 8bc8 4d33 | c849 c1e9 
  0x0000012036792ec4: 144d 85c9 | 741a 49c1 | e809 48b9 | 0000 353e | 2001 0000 | 4903 c880 | 3902 0f85 | 6024 0000 
  0x0000012036792ee4: ; implicit exception: dispatches to 0x0000012036798d78
  0x0000012036792ee4: 448b 4610 

  0x0000012036792ee8: ; implicit exception: dispatches to 0x0000012036798dc8
  0x0000012036792ee8: 410f be48 | 108b 6e14 | 85ed 0f85 | 7c16 0000 | 85c9 0f85 | 5450 0000 | 418b 6814 

  0x0000012036792f04: ; implicit exception: dispatches to 0x0000012036798d20
  0x0000012036792f04: 8b7d 0cc4 | 6272 f7cf | 443b cf44 | 0f4f cf45 | 85c9 0f8e | d000 0000 | 413b f90f | 827d 4b00 
  0x0000012036792f24: 0048 8bcd | 488d 7d10 | 418b d133 | c048 8bdf | 83fa 100f | 8c79 0000 | 0083 fa20 | 0f8c 3600 
  0x0000012036792f44: 0000 c5f9 | 6ed0 c4e2 | 7d78 d2c5 | e5ef db8b | ca83 e1e0 | 83e2 1fc5 | fe6f 0bc5 | f574 cac4 
  0x0000012036792f64: e27d 17d9 | 0f83 6900 | 0000 4883 | c320 83e9 | 2075 e4e9 | 0d00 0000 | c5f9 6ed0 | c5e1 efdb 
  0x0000012036792f84: c4e2 6900 | d383 fa10 | 0f8c 2400 | 0000 8bca | 83e1 f083 | e20f c5fa | 6f0b c5f1 | 74ca c4e2 
  0x0000012036792fa4: ;   {no_reloc}
  0x0000012036792fa4: 7917 d90f | 832a 0000 | 0048 83c3 | 1083 e910 | 75e4 85d2 | 0f84 1200 | 0000 0fb6 | 0b3b c174 
  0x0000012036792fc4: 1c48 83c3 | 0183 ea01 | 7402 ebee | bbff ffff | ffeb 0dc5 | fdd7 c90f | bcc1 4803 | d848 2bdf 
  0x0000012036792fe4: 85db 0f8d | 3050 0000 | 4180 7f40 | 000f 85ac 

  0x0000012036792ff4: ;   {oop(a 'java/io/File$PathStatus'{0x00000000800d3f88})}
  0x0000012036792ff4: 2800 00c7 | 4614 883f | 0d80 4c8b 

  0x0000012036793000: ;   {oop(a 'java/io/File$PathStatus'{0x00000000800d3f88})}
  0x0000012036793000: ce48 b988 | 3f0d 8000 | 0000 0049 | 33c9 48c1 | e914 4885 | c974 1a49 | c1e9 0948 | b900 0035 
  0x0000012036793020: 3e20 0100 | 0049 03c9 | 8039 020f | 85a5 2800 | 004d 8b8f | b801 0000 | 498b c948 | 83c1 2849 
  0x0000012036793040: 8bf8 493b | 8fc8 0100 | 000f 83b0 | 4000 0049 | 898f b801 | 0000 0f0d | 89c0 0000 | 0049 c701 
  0x0000012036793060: 0100 0000 

  0x0000012036793064: ;   {metadata('java/io/FileDescriptor')}
  0x0000012036793064: 41c7 4108 | e824 0100 | 4d89 6118 | 4d89 6120 | 41c7 410c | ffff ffff | 49c7 4110 | ffff ffff 
  0x0000012036793084: 4180 7f40 | 000f 8584 | 1f00 0049 | 8bd9 4189 | 5e10 498b | c949 8bde | 4833 cb48 | c1e9 1448 
  0x00000120367930a4: 85c9 741a | 48c1 eb09 | 48b9 0000 | 353e 2001 | 0000 4803 | cb80 3902 | 0f85 1523 | 0000 488d 
  0x00000120367930c4: 9c24 e800 | 0000 498b | 01a8 020f | 8523 0000 | 0048 83c8 | 0148 8903 | f049 0fb1 | 190f 8437 
  0x00000120367930e4: 0000 0048 | 2bc4 4825 | 07f0 ffff | 4889 03e9 | 2400 0000 | 488b c848 | 33c0 f04c | 0fb1 793e 
  0x0000012036793104: 48c7 0303 | 0000 0074 | 114c 3bf8 | 7515 48ff | 8186 0000 | 0048 33c0 | 7509 49ff | 8750 0500 
  0x0000012036793124: 0033 c00f | 859f 4600 | 0041 8b69 | 1c85 ed0f | 8507 4a00 | 0041 807f | 4000 0f85 | 311f 0000 
  0x0000012036793144: 498b d149 | 8bde 4189 | 591c 498b | ce48 33ca | 48c1 e914 | 4885 c974 | 1a48 c1ea 

  0x0000012036793160: ;   {no_reloc}
  0x0000012036793160: 0948 b900 | 0035 3e20 | 0100 0048 | 03ca 8039 | 020f 8509 | 2300 0048 | 8d84 24e8 | 0000 0048 
  0x0000012036793180: 8338 000f | 8478 0000 | 0049 8b09 | f6c1 020f | 8462 0000 | 0048 83b9 | 8600 0000 | 0074 0948 
  0x00000120367931a0: ff89 8600 | 0000 eb4b | 488b 8196 | 0000 0048 | 0b81 8e00 | 0000 750a | 48c7 413e | 0000 0000 
  0x00000120367931c0: eb3d 4883 | b99e 0000 | 0000 7422 | 4833 c048 | c741 3e00 | 0000 00f0 | 8304 2400 | 4883 b99e 
  0x00000120367931e0: 0000 0000 | 750d f04c | 0fb1 793e | 7505 83c8 | 01eb 0ca8 | 00eb 0848 | 8b08 f049 | 0fb1 0975 
  0x0000012036793200: 0949 ff8f | 5005 0000 | 33c9 0f85 | dc46 0000 | 4180 7f40 | 000f 8527 | 1e00 0045 | 8946 144c 
  0x0000012036793220: 8bcf 498b | d64c 33ca | 49c1 e914 

  0x000001203679322c: ;   {oop(a 'java/lang/Class'{0x00000000806bb6b0} = 'jdk/internal/misc/VM')}
  0x000001203679322c: 48bb b0b6 | 6b80 0000 | 0000 4d85 | c974 1a48 | c1ea 0948 | b900 0035 | 3e20 0100 | 0048 03ca 
  0x000001203679324c: 8039 020f | 85d4 2200 | 008b ab94 | 0000 0083 | fd04 0f8c | 3849 0000 | 4d8b 8f80 | 0300 0049 
  0x000001203679326c: 8b29 448b 

  0x0000012036793270: ;   {metadata('jdk/internal/misc/CarrierThread')}
  0x0000012036793270: 4d08 4181 | f940 bf12 | 000f 843c | 4400 004c | 8974 2468 | c5fb 1144 | 2460 4489 | 5424 484c 
  0x0000012036793290: 895c 2440 | 4c89 6c24 | 3049 8bd6 | 4c8b c790 

  0x00000120367932a0: ;   {optimized virtual_call}
  0x00000120367932a0: c5f8 77e8 

  0x00000120367932a4: ; ImmutableOopMap {[32]=Oop [40]=Oop [48]=Oop [80]=Oop [88]=NarrowOop [96]=Oop [104]=Oop [152]=NarrowOop [156]=NarrowOop }
                      ;*invokevirtual open0 {reexecute=0 rethrow=0 return_oop=0}
                      ; - java.io.FileInputStream::open@6
                      ; - java.io.FileInputStream::<init>@96
                      ; - jdk.internal.loader.URLClassPath$FileLoader$1::getInputStream@8
                      ; - jdk.internal.loader.Resource::cachedInputStream@9
                      ; - jdk.internal.loader.Resource::getByteBuffer@1
                      ; - java.net.URLClassLoader::defineClass@132
                      ; - java.net.URLClassLoader$1::run@43
                      ; - java.net.URLClassLoader$1::run@1
  0x00000120367932a4: 9895 caff 

  0x00000120367932a8: ;   {other}
  0x00000120367932a8: 0f1f 8400 | 1835 0025 | 4c8b 4424 | 6845 8b48 | 1049 8b49 | 1048 83f9 | ff0f 84b8 | 4b00 0049 
  0x00000120367932c8: 8b9f b801 | 0000 458b | 510c 4c8b | db49 83c3 | 3849 8bf9 | 4d3b 9fc8 | 0100 000f | 830d 3f00 
  0x00000120367932e8: 004d 899f | b801 0000 | 410f 0d8b | c000 0000 | 48c7 0301 

  0x00000120367932fc: ;   {metadata('java/io/FileCleanable')}
  0x00000120367932fc: 0000 00c7 | 4308 288c | 1b00 4489 | 630c 4c89 | 6310 4c89 | 6318 4c89 | 6320 4c89 | 6328 4c89 
  0x000001203679331c: 6330 4489 | 4c24 4c48 | 894c 2470 | 4489 5424 | 5c48 897c | 2478 4889 | 9c24 8000 

  0x0000012036793338: ;   {oop(a 'java/lang/Class'{0x00000000800c2778} = 'jdk/internal/ref/CleanerImpl')}
  0x0000012036793338: 0000 48bb | 7827 0c80 | 0000 0000 | 8b6b 7044 

  0x0000012036793348: ;   {metadata('java/lang/ref/Cleaner$1')}
  0x0000012036793348: 8b55 0841 | 81fa c049 | 2500 0f85 | 0d46 0000 

  0x0000012036793358: ;   {oop(a 'java/lang/ref/Cleaner'{0x0000000080425258})}
  0x0000012036793358: 48be 5852 | 4280 0000 | 0000 448b | 5e0c 418b | 7b10 4c8b | 9424 8000 | 0000 448b | 4424 4c45 
  0x0000012036793378: 8942 0c4c | 8b54 2478 | 4c8b 9c24 | 8000 0000 | 4d33 d34c | 8b84 2480 | 0000 004d | 8bc8 4489 
  0x0000012036793398: 8c24 8800 | 0000 49c1 | ea14 4d85 | d274 1a49 | c1eb 0948 | b900 0035 | 3e20 0100 | 0049 03cb 
  0x00000120367933b8: 8039 020f | 8584 2200 | 0085 ff75 

  0x00000120367933c4: ;   {oop(a 'java/lang/ref/ReferenceQueue$Null'{0x00000000800d41e0})}
  0x00000120367933c4: 0c48 bfe0 | 410d 8000 | 0000 00eb | 0041 807f | 4000 0f85 | 3e1d 0000 | 4c8b 9424 | 8000 0000 
  0x00000120367933e4: 4d8b da4c | 8bd7 4c8b | 8424 8000 | 0000 4589 | 5010 4c8b | d74d 33d3 | 49c1 ea14 | 4d85 d274 
  0x0000012036793404: 1a49 c1eb | 0948 b900 | 0035 3e20 | 0100 0049 | 03cb 8039 | 020f 85d5 | 2100 00f0 | 8344 24c0 
  0x0000012036793424: 0041 807f | 4000 0f85 | af1c 0000 | 4180 7f40 | 000f 8569 | 1c00 004c | 8b94 2480 | 0000 0044 
  0x0000012036793444: 8b9c 2488 | 0000 0045 | 895a 2045 | 895a 1c8b | 6b70 448b 

  0x0000012036793458: ;   {metadata('java/lang/ref/Cleaner$1')}
  0x0000012036793458: 5d08 4181 | fbc0 4925 | 000f 8541 | 4500 0044 | 8b5e 0c41 | 8b6b 0c41 | 807f 4000 | 0f85 f01c 
  0x0000012036793478: 0000 4c8b | 9424 8000 | 0000 4189 | 6a24 4c8b | d54c 8b9c | 2480 0000 | 004d 33d3 | 49c1 ea14 
  0x0000012036793498: 4d85 d20f | 84b4 1c00 | 0085 ed0f | 848f 4200 | 0049 c1eb | 0948 b900 | 0035 3e20 | 0100 0049 
  0x00000120367934b8: 03cb 8039 | 020f 85d3 | 2100 004c | 8b84 2480 | 0000 004c | 8984 2480 | 0000 004c | 8bd5 4c89 
  0x00000120367934d8: 9424 a000 | 0000 4c8b | 9c24 a000 | 0000 488d | 9c24 e800 | 0000 498b | 03a8 020f | 8523 0000 
  0x00000120367934f8: 0048 83c8 | 0148 8903 | f049 0fb1 | 1b0f 8437 | 0000 0048 | 2bc4 4825 | 07f0 ffff | 4889 03e9 
  0x0000012036793518: 2400 0000 | 4c8b d048 | 33c0 f04d | 0fb1 7a3e | 48c7 0303 | 0000 0074 | 114c 3bf8 | 7515 49ff 
  0x0000012036793538: 8286 0000 | 0048 33c0 | 7509 49ff | 8750 0500 | 0033 c00f | 859b 4400 | 0041 807f | 4000 0f85 
  0x0000012036793558: ;   {no_reloc}
  0x0000012036793558: 8c1c 0000 | 4c8b 9424 | 8000 0000 | 418b 5a24 | 4189 5a1c | 4c8b db4d | 33da 49c1 | eb14 4d85 
  0x0000012036793578: db0f 841e | 1c00 0085 | db0f 841e | 1c00 0049 | c1ea 0948 | b900 0035 | 3e20 0100 | 0049 03ca 
  0x0000012036793598: 8039 020f | 8553 2100 | 0041 807f | 4000 0f85 | c41c 0000 | 8b7b 204c | 8b94 2480 | 0000 0041 
  0x00000120367935b8: 897a 204c | 8bdf 4d33 | da49 c1eb | 144d 85db | 0f84 551c | 0000 85ff | 0f84 551c | 0000 49c1 
  0x00000120367935d8: ea09 48b9 | 0000 353e | 2001 0000 | 4903 ca80 | 3902 0f85 | 6221 0000 | 4180 7f40 | 000f 85b0 
  0x00000120367935f8: 1c00 0044 | 8b94 2488 | 0000 0044 | 8957 1c4c | 8bd7 4c8b | 9c24 8000 | 0000 4d33 | da49 c1eb 
  0x0000012036793618: 144d 85db | 741a 49c1 | ea09 48b9 | 0000 353e | 2001 0000 | 4903 ca80 | 3902 0f85 | 7821 0000 
  0x0000012036793638: 4c8b 9424 | 8000 0000 | 418b 5a24 | 85db 0f84 | c040 0000 | 4180 7f40 | 000f 8587 | 1c00 0044 
  0x0000012036793658: ;   {no_reloc}
  0x0000012036793658: 8b9c 2488 | 0000 0044 | 895b 204c | 8b94 2480 | 0000 004c | 8bdb 4d33 | d349 c1ea | 144d 85d2 
  0x0000012036793678: 741a 49c1 | eb09 48b9 | 0000 353e | 2001 0000 | 4903 cb80 | 3902 0f85 | 6d21 0000 | 4c8b 9c24 
  0x0000012036793698: a000 0000 | 488d 8424 | e800 0000 | 4883 3800 | 0f84 7900 | 0000 4d8b | 1341 f6c2 | 020f 8462 
  0x00000120367936b8: 0000 0049 | 83ba 8600 | 0000 0074 | 0949 ff8a | 8600 0000 | eb4b 498b | 8296 0000 | 0049 0b82 
  0x00000120367936d8: 8e00 0000 | 750a 49c7 | 423e 0000 | 0000 eb3d | 4983 ba9e | 0000 0000 | 7422 4833 | c049 c742 
  0x00000120367936f8: 3e00 0000 | 00f0 8304 | 2400 4983 | ba9e 0000 | 0000 750d | f04d 0fb1 | 7a3e 7505 | 83c8 01eb 
  0x0000012036793718: 0ca8 00eb | 084c 8b10 | f04d 0fb1 | 1375 0a49 | ff8f 5005 | 0000 4533 | d20f 8512 | 4300 004c 
  0x0000012036793738: 8b84 2480 | 0000 004c | 8b54 2470 | 4d89 5028 | 448b 5424 | 5c45 8950 | 3048 8b7c 

  0x0000012036793754: ;   {no_reloc}
  0x0000012036793754: 2478 488d | 9c24 e800 | 0000 488b | 07a8 020f | 8523 0000 | 0048 83c8 | 0148 8903 | f048 0fb1 
  0x0000012036793774: 1f0f 8437 | 0000 0048 | 2bc4 4825 | 07f0 ffff | 4889 03e9 | 2400 0000 | 4c8b d048 | 33c0 f04d 
  0x0000012036793794: 0fb1 7a3e | 48c7 0303 | 0000 0074 | 114c 3bf8 | 7515 49ff | 8286 0000 | 0048 33c0 | 7509 49ff 
  0x00000120367937b4: 8750 0500 | 0033 c00f | 854c 4200 | 0044 8b4c | 244c 418b | 6924 85ed | 0f85 fe46 | 0000 4180 
  0x00000120367937d4: 7f40 000f | 8534 1b00 | 0044 8b9c | 2488 0000 | 0045 8959 | 244d 8bd0 | 4c8b df4d | 33d3 49c1 
  0x00000120367937f4: ea14 4d85 | d274 1a49 | c1eb 0948 | b900 0035 | 3e20 0100 | 0049 03cb | 8039 020f | 853d 2000 
  0x0000012036793814: 0048 8d84 | 24e8 0000 | 0048 8338 | 000f 8479 | 0000 004c | 8b17 41f6 | c202 0f84 | 6200 0000 
  0x0000012036793834: 4983 ba86 | 0000 0000 | 7409 49ff | 8a86 0000 | 00eb 4b49 | 8b82 9600 | 0000 490b | 828e 0000 
  0x0000012036793854: ;   {no_reloc}
  0x0000012036793854: 0075 0a49 | c742 3e00 | 0000 00eb | 3d49 83ba | 9e00 0000 | 0074 2248 | 33c0 49c7 | 423e 0000 
  0x0000012036793874: 0000 f083 | 0424 0049 | 83ba 9e00 | 0000 0075 | 0df0 4d0f | b17a 3e75 | 0583 c801 | eb0c a800 
  0x0000012036793894: eb08 4c8b | 10f0 4c0f | b117 750a | 49ff 8f50 | 0500 0045 | 33d2 0f85 | c741 0000 | 4c8b 5424 
  0x00000120367938b4: 684d 8bca | e96b e8ff | ffbd 0020 | 0000 e9d2 | e5ff ff45 | 33d2 4c89 | 9424 9000 | 0000 e94e 
  0x00000120367938d4: ;   {oop(""{0x00000000800c2458})}
  0x00000120367938d4: d4ff ff48 | bb58 240c | 8000 0000 | 00e9 d0d6 | ffff 4c89 | 5424 6848 | 894c 2448 | 4c89 5c24 
  0x00000120367938f4: 404c 896c | 2430 488b | 5424 204c | 8bc1 4c8b | 8c24 9000 | 0000 488b | bc24 9000 | 0000 488b 
  0x0000012036793914: b424 9000 | 0000 488b | 8c24 9000 | 0000 4c8b | 9424 9000 | 0000 4c89 | 1424 4c8b | 9424 9000 
  0x0000012036793934: 0000 4c89 | 5424 084c | 8b94 2490 | 0000 004c | 8954 2410 

  0x0000012036793948: ;   {optimized virtual_call}
  0x0000012036793948: c5f8 77e8 

  0x000001203679394c: ; ImmutableOopMap {[32]=Oop [40]=Oop [48]=Oop [72]=Oop [80]=Oop [88]=NarrowOop [104]=Oop [152]=NarrowOop [156]=NarrowOop }
                      ;*invokevirtual definePackage {reexecute=0 rethrow=0 return_oop=1}
                      ; - java.net.URLClassLoader::defineClass@81
                      ; - java.net.URLClassLoader$1::run@43
                      ; - java.net.URLClassLoader$1::run@1
  0x000001203679394c: 70de 97f7 

  0x0000012036793950: ;   {other}
  0x0000012036793950: 0f1f 8400 | c03b 0026 | e9fb dfff | ff48 8bfd | 448b 5720 | 4585 d20f | 8498 eaff | ff4d 8b5f 
  0x0000012036793970: 2849 8bca | 4d85 db0f | 8473 2900 | 004d 8b57 | 384b 894c | 1af8 4983 | c3f8 4d89 | 5f28 e972 
  0x0000012036793990: eaff ff4d | 8b57 584d | 8b5f 48f0 | 8344 24c0 | 0080 3900 | 0f84 93ea | ffff 4488 | 214d 85db 
  0x00000120367939b0: 7520 498b | d7c5 f877 | 49ba 00a4 | 4095 ff7f | 0000 41ff 

  0x00000120367939c4: ;   {other}
  0x00000120367939c4: d20f 1f84 | 0000 0000 | 00e9 6bea | ffff 4b89 | 4c1a f849 | 83c3 f84d | 895f 48e9 | 59ea ffff 
  0x00000120367939e4: 448b 4314 | 4585 c00f | 8491 d5ff | ff4d 8b57 | 2849 8bc8 | 4d85 d20f | 842f 2c00 | 004d 8b47 
  0x0000012036793a04: 384b 894c | 10f8 4983 | c2f8 4d89 | 5728 e96b | d5ff ff4d | 8b57 584d | 8b5f 48f0 | 8344 24c0 
  0x0000012036793a24: 0080 3900 | 0f84 84d5 | ffff 4488 | 214d 85db | 753a 4889 | 5c24 4048 | 8bb4 2490 | 0000 0049 
  0x0000012036793a44: 8bd7 c5f8 | 7749 ba00 | a440 95ff | 7f00 0041 

  0x0000012036793a54: ;   {other}
  0x0000012036793a54: ffd2 0f1f | 8400 0000 | 0000 4889 | b424 9000 | 0000 488b | 5c24 40e9 | 42d5 ffff | 4b89 4c1a 
  0x0000012036793a74: f849 83c3 | f84d 895f | 48e9 30d5 | ffff 440f | b65d 1145 | 85db 0f85 | 04d6 ffff | 4c89 4c24 
  0x0000012036793a94: 684c 8954 | 2460 48ff | 7424 2848 | 8f44 2448 | 48ff 7424 | 2048 8f44 | 2430 48ff | b424 9000 
  0x0000012036793ab4: 0000 488f | 4424 204c | 896c 2440 

  0x0000012036793ac0: ;   {static_call}
  0x0000012036793ac0: c5f8 77e8 

  0x0000012036793ac4: ; ImmutableOopMap {rbp=NarrowOop [48]=Oop [64]=Oop [72]=Oop [80]=Oop [88]=NarrowOop [96]=Oop [104]=Oop [152]=NarrowOop [156]=NarrowOop [160]=Oop }
                      ;*invokestatic beginInit {reexecute=0 rethrow=0 return_oop=1}
                      ; - java.util.jar.JarFile::ensureInitialization@31
                      ; - java.util.jar.JavaUtilJarAccessImpl::ensureInitialization@1
                      ; - jdk.internal.loader.URLClassPath$JarLoader$2::getManifest@10
                      ; - java.net.URLClassLoader::defineClass@34
                      ; - java.net.URLClassLoader$1::run@43
                      ; - java.net.URLClassLoader$1::run@1
  0x0000012036793ac4: b8b5 3eff 

  0x0000012036793ac8: ;   {other}
  0x0000012036793ac8: 0f1f 8400 | 383d 0027 | 4889 4424 | 7048 8b54 | 2468 6690 

  0x0000012036793adc: ;   {optimized virtual_call}
  0x0000012036793adc: c5f8 77e8 

  0x0000012036793ae0: ; ImmutableOopMap {rbp=NarrowOop [48]=Oop [64]=Oop [72]=Oop [80]=Oop [88]=NarrowOop [96]=Oop [104]=Oop [112]=Oop [152]=NarrowOop [156]=NarrowOop [160]=Oop }
                      ;*invokevirtual initializeVerifier {reexecute=0 rethrow=0 return_oop=0}
                      ; - java.util.jar.JarFile::ensureInitialization@36
                      ; - java.util.jar.JavaUtilJarAccessImpl::ensureInitialization@1
                      ; - jdk.internal.loader.URLClassPath$JarLoader$2::getManifest@10
                      ; - java.net.URLClassLoader::defineClass@34
                      ; - java.net.URLClassLoader$1::run@43
                      ; - java.net.URLClassLoader$1::run@1
  0x0000012036793ae0: 9caf 3eff 

  0x0000012036793ae4: ;   {other}
  0x0000012036793ae4: 0f1f 8400 | 543d 0028 | c645 1101 | 488b 5424 | 7066 6690 

  0x0000012036793af8: ;   {static_call}
  0x0000012036793af8: c5f8 77e8 

  0x0000012036793afc: ; ImmutableOopMap {[48]=Oop [64]=Oop [72]=Oop [80]=Oop [88]=NarrowOop [96]=Oop [104]=Oop [152]=NarrowOop [156]=NarrowOop [160]=Oop }
                      ;*invokestatic endInit {reexecute=0 rethrow=0 return_oop=0}
                      ; - java.util.jar.JarFile::ensureInitialization@45
                      ; - java.util.jar.JavaUtilJarAccessImpl::ensureInitialization@1
                      ; - jdk.internal.loader.URLClassPath$JarLoader$2::getManifest@10
                      ; - java.net.URLClassLoader::defineClass@34
                      ; - java.net.URLClassLoader$1::run@43
                      ; - java.net.URLClassLoader$1::run@1
  0x0000012036793afc: 80b5 3eff 

  0x0000012036793b00: ;   {other}
  0x0000012036793b00: 0f1f 8400 | 703d 0029 | 4c8b 6c24 | 4048 ff74 | 2420 488f | 8424 9000 | 0000 48ff | 7424 3048 
  0x0000012036793b20: 8f44 2420 | 48ff 7424 | 4848 8f44 | 2428 4c8b | 5424 604c | 8b4c 2468 | e957 d5ff | ff41 8b48 
  0x0000012036793b40: 0c4c 63c9 | 49c1 e102 | 81f9 0000 | 0400 0f87 | 3038 0000 | 498b 9fb8 | 0100 004d | 8d51 1749 
  0x0000012036793b60: 83e2 f84c | 8bdb 4d03 | da4d 3b9f | c801 0000 | 0f83 0e38 | 0000 4d89 | 9fb8 0100 | 0041 0f0d 
  0x0000012036793b80: 8bc0 0000 | 0048 c703 | 0100 0000 | 410f 0d8b | 0001 0000 

  0x0000012036793b94: ;   {metadata('java/security/CodeSigner'[])}
  0x0000012036793b94: c743 08d0 | 774e 0189 | 4b0c 410f | 0d8b 4001 | 0000 410f | 0d8b 8001 | 0000 48ff | b424 9000 
  0x0000012036793bb4: 0000 488f | 4424 4848 | 897c 2458 | 498b e948 | 8b4c 2448 | 4883 c110 | 488b d348 | 83c2 104c 
  0x0000012036793bd4: 8d55 0749 | c1ea 034d | 8bc2 c5f8 | 7749 ba60 | 4bb6 3520 | 0100 0041 

  0x0000012036793bec: ;   {other}
  0x0000012036793bec: ffd2 0f1f | 8400 0000 | 0000 4180 | 7f40 000f | 85eb 2200 | 0048 8b7c | 2458 4c8b | db44 895f 
  0x0000012036793c0c: 104c 8bd7 | 4c8b db4d | 33da 49c1 | eb14 4d85 | db0f 842b | e8ff ff49 | c1ea 094c | 8b44 2440 
  0x0000012036793c2c: 4d03 c241 | 8038 020f | 8415 e8ff | ff4d 8b57 | 584d 8b5f | 48f0 8344 | 24c0 0041 | 8038 000f 
  0x0000012036793c4c: 84fd e7ff | ff45 8820 | 4d85 db75 | 2349 8bc8 | 498b d7c5 | f877 49ba | 00a4 4095 | ff7f 0000 
  0x0000012036793c6c: ;   {other}
  0x0000012036793c6c: 41ff d20f | 1f84 0000 | 0000 00e9 | d2e7 ffff | 4f89 441a | f849 83c3 | f84d 895f | 48e9 c0e7 
  0x0000012036793c8c: ffff 4c8b | 6c24 3045 | 8b55 0c45 | 85d2 0f84 | 98e4 ffff | 4d8b 5f28 | 498b ca4d | 85db 0f84 
  0x0000012036793cac: 7f30 0000 | 4d8b 5738 | 4b89 4c1a | f849 83c3 | f84d 895f | 28e9 72e4 | ffff 4d8b | 5748 4d8b 
  0x0000012036793ccc: 5f58 f083 | 4424 c000 | 8039 000f | 8493 e4ff | ff44 8821 | 4d85 d275 | 2049 8bd7 | c5f8 7749 
  0x0000012036793cec: ba00 a440 | 95ff 7f00 | 0041 ffd2 

  0x0000012036793cf8: ;   {other}
  0x0000012036793cf8: 0f1f 8400 | 0000 0000 | e96b e4ff | ff4b 894c | 13f8 4983 | c2f8 4d89 | 5748 e959 | e4ff ff4d 
  0x0000012036793d18: 8b57 484d | 8b5f 58f0 | 8344 24c0 | 0080 3900 | 0f84 d9df | ffff 4488 | 214d 85d2 | 7520 498b 
  0x0000012036793d38: d7c5 f877 | 49ba 00a4 | 4095 ff7f | 0000 41ff 

  0x0000012036793d48: ;   {other}
  0x0000012036793d48: d20f 1f84 | 0000 0000 | 00e9 b1df | ffff 4b89 | 4c13 f849 | 83c2 f84d | 8957 48e9 | 9fdf ffff 
  0x0000012036793d68: 49bb 0000 | 353e 2001 | 0000 e98f | dbff ffc4 | c1f9 6ec1 | 4889 5c24 | 4848 ff74 | 2428 488f 
  0x0000012036793d88: 4424 3048 | ff74 2420 | 488f 4424 | 284c 8bb4 | 2490 0000 | 004c 63c5 | 4d8d 5010 | 4d8b ca49 
  0x0000012036793da8: 83e1 f849 | 8bfb 4903 | f949 8beb | 49c1 ea03 | 492b ca48 | 33c0 4883 | f908 7f10 | 48ff c978 
  0x0000012036793dc8: 4f48 8904 | cf48 ffc9 | 7df7 eb44 | c5f5 efc9 | e90d 0000 | 00c5 fe7f | 0fc5 fe7f | 4f20 4883 
  0x0000012036793de8: c740 4883 | e908 7ded | 4883 c104 | 7c0c c5fe | 7f0f 4883 | c720 4883 | e904 4883 | c104 7e10 
  0x0000012036793e08: 48ff c9c5 | f9d6 0f48 | 83c7 0848 | ffc9 7df3 | 488b cac4 | e1f9 7ec2 | c5f8 7749 | bac0 44b6 
  0x0000012036793e28: 3520 0100 | 0041 ffd2 

  0x0000012036793e30: ;   {other}
  0x0000012036793e30: 0f1f 8400 | 0000 0000 | 4c89 b424 | 9000 0000 | 48ff 7424 | 2848 8f44 | 2420 48ff | 7424 3048 
  0x0000012036793e50: 8f44 2428 | 488b 5c24 | 484c 8bdd | e916 d1ff | ff45 0fb6 | 4311 4585 | c00f 84a5 | 0e00 0044 
  0x0000012036793e70: 895c 245c | 488b e948 | 8b54 2468 | 4c8b c190 

  0x0000012036793e80: ;   {optimized virtual_call}
  0x0000012036793e80: c5f8 77e8 

  0x0000012036793e84: ; ImmutableOopMap {rbp=Oop [32]=Oop [40]=Oop [48]=Oop [80]=Oop [88]=NarrowOop [92]=NarrowOop [96]=Oop [104]=Oop [152]=NarrowOop [156]=NarrowOop }
                      ;*invokevirtual verifiableEntry {reexecute=0 rethrow=0 return_oop=1}
                      ; - java.util.jar.JarFile::getInputStream@56
                      ; - jdk.internal.loader.URLClassPath$JarLoader$2::getInputStream@11
                      ; - jdk.internal.loader.Resource::cachedInputStream@9
                      ; - jdk.internal.loader.Resource::getByteBuffer@1
                      ; - java.net.URLClassLoader::defineClass@132
                      ; - java.net.URLClassLoader$1::run@43
                      ; - java.net.URLClassLoader$1::run@1
  0x0000012036793e84: f8ab 3eff 

  0x0000012036793e88: ;   {other}
  0x0000012036793e88: 0f1f 8400 | f840 002a | 4c8b d848 | 85c0 0f84 | b90e 0000 | 498b 87b8 | 0100 004c | 8bd0 4983 
  0x0000012036793ea8: c220 4d3b | 97c8 0100 | 000f 83c5 | 3500 004d | 8997 b801 | 0000 410f | 0d8a c000 | 0000 48c7 
  0x0000012036793ec8: 0001 0000 

  0x0000012036793ecc: ;   {metadata('java/util/jar/JarVerifier$VerifierStream')}
  0x0000012036793ecc: 00c7 4008 | 0804 c901 | 4489 600c | 4c89 6010 | 4c89 6018 | 4c89 5c24 | 704c 8bd0 | 4c89 5424 
  0x0000012036793eec: 7848 8b54 | 2468 6690 

  0x0000012036793ef4: ;   {optimized virtual_call}
  0x0000012036793ef4: c5f8 77e8 

  0x0000012036793ef8: ; ImmutableOopMap {rbp=Oop [32]=Oop [40]=Oop [48]=Oop [80]=Oop [88]=NarrowOop [92]=NarrowOop [96]=Oop [104]=Oop [112]=Oop [120]=Oop [152]=NarrowOop [156]=NarrowOop }
                      ;*invokevirtual getManifestFromReference {reexecute=0 rethrow=0 return_oop=1}
                      ; - java.util.jar.JarFile::getInputStream@71
                      ; - jdk.internal.loader.URLClassPath$JarLoader$2::getInputStream@11
                      ; - jdk.internal.loader.Resource::cachedInputStream@9
                      ; - jdk.internal.loader.Resource::getByteBuffer@1
                      ; - java.net.URLClassLoader::defineClass@132
                      ; - java.net.URLClassLoader$1::run@43
                      ; - java.net.URLClassLoader$1::run@1
  0x0000012036793ef8: 84ab 3eff 

  0x0000012036793efc: ;   {other}
  0x0000012036793efc: 0f1f 8400 | 6c41 002b | 4889 8424 | 8000 0000 | 488b 5424 | 684c 8bc5 

  0x0000012036793f14: ;   {optimized virtual_call}
  0x0000012036793f14: c5f8 77e8 

  0x0000012036793f18: ; ImmutableOopMap {[32]=Oop [40]=Oop [48]=Oop [80]=Oop [88]=NarrowOop [92]=NarrowOop [96]=Oop [104]=Oop [112]=Oop [120]=Oop [128]=Oop [152]=NarrowOop [156]=NarrowOop }
                      ;*invokespecial getInputStream {reexecute=0 rethrow=0 return_oop=1}
                      ; - java.util.jar.JarFile::getInputStream@77
                      ; - jdk.internal.loader.URLClassPath$JarLoader$2::getInputStream@11
                      ; - jdk.internal.loader.Resource::cachedInputStream@9
                      ; - jdk.internal.loader.Resource::getByteBuffer@1
                      ; - java.net.URLClassLoader::defineClass@132
                      ; - java.net.URLClassLoader$1::run@43
                      ; - java.net.URLClassLoader$1::run@1
  0x0000012036793f18: 64ab 3eff 

  0x0000012036793f1c: ;   {other}
  0x0000012036793f1c: 0f1f 8400 | 8c41 002c | 448b 4c24 | 5c45 8b41 | 3048 8bc8 | 4885 c00f | 8453 4300 | 0041 807f 
  0x0000012036793f3c: 4000 0f85 | 4728 0000 | 4c8b 5c24 | 784c 8bd0 | 4489 8424 | c000 0000 | 4d8b cb4c | 895c 2478 
  0x0000012036793f5c: 4d8b c245 | 8943 0c44 | 8b9c 24c0 | 0000 0049 | 8beb 4d33 | d149 c1ea | 144d 85d2 | 741a 49c1 
  0x0000012036793f7c: e909 48b9 | 0000 353e | 2001 0000 | 4903 c980 | 3902 0f85 | 8429 0000 | 4180 7f40 | 000f 85b4 
  0x0000012036793f9c: 2700 004c | 8b54 2478 | 448b 8424 | c000 0000 | 4589 4218 | 4c8b d54c | 8b5c 2478 | 4d33 d349 
  0x0000012036793fbc: c1ea 144d | 85d2 741f | 4585 c074 | 1a49 c1eb | 0948 b900 | 0035 3e20 | 0100 0049 | 03cb 8039 
  0x0000012036793fdc: 020f 850d | 2b00 004d | 8b97 b801 | 0000 4d8b | da49 83c3 | 304d 3b9f | c801 0000 | 0f83 a334 
  0x0000012036793ffc: 0000 4d89 | 9fb8 0100 | 0041 0f0d | 8bc0 0000 | 0049 c702 | 0100 0000 

  0x0000012036794014: ;   {metadata('sun/security/util/ManifestEntryVerifier')}
  0x0000012036794014: 41c7 4208 | d04d 0401 | 4589 620c | 4d89 6210 | 4d89 6218 | 4d89 6220 | 4d89 6228 | 448b 8424 
  0x0000012036794034: c000 0000 

  0x0000012036794038: ; implicit exception: dispatches to 0x0000012036798ea8
  0x0000012036794038: 458b 4030 | 4489 4424 | 4c41 c642 | 0c01 4c89 | 9424 8800 | 0000 498b | 87b8 0100 | 004c 8bd0 
  0x0000012036794058: 4983 c230 | 498b e84d | 3b97 c801 | 0000 0f83 | d634 0000 | 4d89 97b8 | 0100 0041 | 0f0d 8ac0 
  0x0000012036794078: 0000 0048 | c700 0100 

  0x0000012036794080: ;   {metadata('java/util/HashMap')}
  0x0000012036794080: 0000 c740 | 0868 a908 | 0044 8960 | 0c4c 8960 | 104c 8960 | 284c 8b94 | 2480 0000 | 0049 8bfa 
  0x00000120367940a0: 4c8b 9424 | 8800 0000 | 498b da49 | ba00 0000 | 0010 0000 | 004c 8950 | 1848 c740 | 2000 0040 
  0x00000120367940c0: 3f4c 8bd0 | 4c8b 9c24 | 8800 0000 | 4589 5310 | 4c8b d04d | 33d3 49c1 | ea14 4d85 | d274 1a49 
  0x00000120367940e0: c1eb 0948 | b900 0035 | 3e20 0100 | 0049 03cb | 8039 020f | 8569 2900 | 004d 8b97 | b801 0000 
  0x0000012036794100: 4d8b da49 | 83c3 184d | 3b9f c801 | 0000 0f83 | b033 0000 | 4d89 9fb8 | 0100 0041 | 0f0d 8bc0 
  0x0000012036794120: 0000 0049 | c702 0100 

  0x0000012036794128: ;   {metadata('java/util/ArrayList')}
  0x0000012036794128: 0000 41c7 | 4208 d089 | 0b00 4589 | 620c 4589 

  0x0000012036794138: ;   {oop(a 'java/lang/Object'[0] {0x00000000800fd570})}
  0x0000012036794138: 6210 41c7 | 4214 70d5 | 0f80 498b | f241 807f | 4000 0f85 | 1727 0000 | 4c8b d64c | 8b9c 2488 
  0x0000012036794158: 0000 0045 | 8953 144d | 8bd3 4c8b | de4d 33da | 49c1 eb14 | 4d85 db74 | 1a49 c1ea | 0948 b900 
  0x0000012036794178: 0035 3e20 | 0100 0049 | 03ca 8039 | 020f 8586 | 2800 004d | 8b97 b801 | 0000 4d8b | da49 83c3 
  0x0000012036794198: 184d 3b9f | c801 0000 | 0f83 5c33 | 0000 4d89 | 9fb8 0100 | 0041 0f0d | 8bc0 0000 | 0049 c702 
  0x00000120367941b8: 0100 0000 

  0x00000120367941bc: ;   {metadata('java/util/ArrayList')}
  0x00000120367941bc: 41c7 4208 | d089 0b00 | 4589 620c | 4589 6210 

  0x00000120367941cc: ;   {oop(a 'java/lang/Object'[0] {0x00000000800fd570})}
  0x00000120367941cc: 41c7 4214 | 70d5 0f80 | 498b f241 | 807f 4000 | 0f85 c026 | 0000 4c8b | d64c 8b9c | 2488 0000 
  0x00000120367941ec: 0045 8953 | 184d 8bd3 | 4c8b de4d | 33da 49c1 | eb14 4d85 | db74 1a49 | c1ea 0948 | b900 0035 
  0x000001203679420c: 3e20 0100 | 0049 03ca | 8039 020f | 85a3 2700 | 0041 807f | 4000 0f85 | b526 0000 | 4c8b 9424 
  0x000001203679422c: 8800 0000 | 448b 4424 | 4c45 8942 | 204c 8bd5 | 4c8b 9c24 | 8800 0000 | 4d33 d349 | c1ea 144d 
  0x000001203679424c: 85d2 741f | 4585 c074 | 1a49 c1eb | 0948 b900 | 0035 3e20 | 0100 0049 | 03cb 8039 | 020f 85d2 
  0x000001203679426c: 2800 0041 | 807f 4000 | 0f85 7425 | 0000 4c8b | 9424 8800 | 0000 4189 | 7a24 4c8b | 9424 8000 
  0x000001203679428c: 0000 4c8b | 9c24 8800 | 0000 4d33 | d349 c1ea | 144d 85d2 | 7427 4c8b | 9424 8000 | 0000 4d85 
  0x00000120367942ac: d274 1a49 | c1eb 0948 | b900 0035 | 3e20 0100 | 0049 03cb | 8039 020f | 85c9 2800 

  0x00000120367942c8: ;   {no_reloc}
  0x00000120367942c8: 0041 807f | 4000 0f85 | 5525 0000 | 4c8b 4424 | 7841 8958 | 1c4c 8b8c | 2488 0000 | 004d 8bd1 
  0x00000120367942e8: 4d8b d84d | 33d3 49c1 | ea14 4d85 | d20f 84eb | 2400 0049 | c1eb 0948 | b900 0035 | 3e20 0100 
  0x0000012036794308: 0049 03cb | 8039 020f | 8554 2600 | 004d 8bd9 | 458b 5018 | 4585 d20f | 8473 3d00 | 0049 8be8 
  0x0000012036794328: 498b d24c | 8b44 2470 | 4d8b cb90 

  0x0000012036794334: ;   {optimized virtual_call}
  0x0000012036794334: c5f8 77e8 

  0x0000012036794338: ; ImmutableOopMap {rbp=Oop [32]=Oop [40]=Oop [48]=Oop [80]=Oop [88]=NarrowOop [92]=NarrowOop [96]=Oop [104]=Oop [112]=Oop [152]=NarrowOop [156]=NarrowOop }
                      ;*invokevirtual beginEntry {reexecute=0 rethrow=0 return_oop=0}
                      ; - java.util.jar.JarVerifier$VerifierStream::<init>@47
                      ; - java.util.jar.JarFile::getInputStream@84
                      ; - jdk.internal.loader.URLClassPath$JarLoader$2::getInputStream@11
                      ; - jdk.internal.loader.Resource::cachedInputStream@9
                      ; - jdk.internal.loader.Resource::getByteBuffer@1
                      ; - java.net.URLClassLoader::defineClass@132
                      ; - java.net.URLClassLoader$1::run@43
                      ; - java.net.URLClassLoader$1::run@1
  0x0000012036794338: 44a7 3eff 

  0x000001203679433c: ;   {other}
  0x000001203679433c: 0f1f 8400 | ac45 002d | 4c8b 5424 | 704d 8b52 | 204c 8bcd | 4d89 5110 | 4d85 d20f | 84a0 0a00 
  0x000001203679435c: 004c 8b5c | 2468 488d | 8424 e800 | 0000 4883 | 3800 0f84 | 7900 0000 | 4d8b 1341 | f6c2 020f 
  0x000001203679437c: 8462 0000 | 0049 83ba | 8600 0000 | 0074 0949 | ff8a 8600 | 0000 eb4b | 498b 8296 | 0000 0049 
  0x000001203679439c: 0b82 8e00 | 0000 750a | 49c7 423e | 0000 0000 | eb3d 4983 | ba9e 0000 | 0000 7422 | 4833 c049 
  0x00000120367943bc: c742 3e00 | 0000 00f0 | 8304 2400 | 4983 ba9e | 0000 0000 | 750d f04d | 0fb1 7a3e | 7505 83c8 
  0x00000120367943dc: 01eb 0ca8 | 00eb 084c | 8b10 f04d | 0fb1 1375 | 0a49 ff8f | 5005 0000 | 4533 d20f | 842b ddff 
  0x00000120367943fc: ff49 8bd9 | 4d8b d349 | 8bca 488d | 9424 e800 | 0000 4d8b | c7c5 f877 | 49ba 40d9 | 8195 ff7f 
  0x000001203679441c: 0000 41ff 

  0x0000012036794420: ;   {other}
  0x0000012036794420: d20f 1f84 | 0000 0000 | 004c 8bcb | e9f7 dcff | ff4c 8944 | 2448 4889 | 5c24 3049 | 8bd0 6690 
  0x0000012036794440: ;   {optimized virtual_call}
  0x0000012036794440: c5f8 77e8 

  0x0000012036794444: ; ImmutableOopMap {rbp=NarrowOop [32]=Oop [40]=Oop [48]=Oop [72]=Oop [80]=Oop [88]=NarrowOop [112]=Oop [152]=NarrowOop [156]=NarrowOop }
                      ;*invokevirtual realEntry {reexecute=0 rethrow=0 return_oop=1}
                      ; - java.util.jar.JarFile$JarFileEntry::getCodeSigners@46
                      ; - jdk.internal.loader.URLClassPath$JarLoader$2::getCodeSigners@4
                      ; - java.net.URLClassLoader::defineClass@185
                      ; - java.net.URLClassLoader$1::run@43
                      ; - java.net.URLClassLoader$1::run@1
  0x0000012036794444: 38a6 3eff 

  0x0000012036794448: ;   {other}
  0x0000012036794448: 0f1f 8400 | b846 002e | 488b d54c | 8bc0 6690 

  0x0000012036794458: ;   {optimized virtual_call}
  0x0000012036794458: c5f8 77e8 

  0x000001203679445c: ; ImmutableOopMap {[32]=Oop [40]=Oop [48]=Oop [72]=Oop [80]=Oop [88]=NarrowOop [112]=Oop [152]=NarrowOop [156]=NarrowOop }
                      ;*invokevirtual getCodeSigners {reexecute=0 rethrow=0 return_oop=1}
                      ; - java.util.jar.JarFile$JarFileEntry::getCodeSigners@49
                      ; - jdk.internal.loader.URLClassPath$JarLoader$2::getCodeSigners@4
                      ; - java.net.URLClassLoader::defineClass@185
                      ; - java.net.URLClassLoader$1::run@43
                      ; - java.net.URLClassLoader$1::run@1
  0x000001203679445c: 20a6 3eff 

  0x0000012036794460: ;   {other}
  0x0000012036794460: 0f1f 8400 | d046 002f | 488b d841 | 807f 4000 | 0f85 a522 | 0000 488b | 7c24 484c | 8bcb 4d8b 
  0x0000012036794480: d944 895f | 5c4c 8bd7 | 4d8b c14d | 33c2 49c1 | e814 4d85 | c00f 8419 | 2200 004d | 85c9 0f84 
  0x00000120367944a0: 6d22 0000 | 49c1 ea09 | 48b9 0000 | 353e 2001 | 0000 4903 | ca80 3902 | 0f85 0122 | 0000 488b 
  0x00000120367944c0: 5c24 3045 | 8b4b 0c49 | 8beb 4963 | f148 c1e6 | 0241 81f9 | 0000 0400 | 0f87 e22e | 0000 498b 
  0x00000120367944e0: bfb8 0100 | 004c 8d56 | 1749 83e2 | f84c 8bc7 | 4d03 c24d | 3b87 c801 | 0000 0f83 | c02e 0000 
  0x0000012036794500: 4d89 87b8 | 0100 0041 | 0f0d 88c0 | 0000 0048 | c707 0100 | 0000 410f | 0d88 0001 

  0x000001203679451c: ;   {metadata('java/security/CodeSigner'[])}
  0x000001203679451c: 0000 c747 | 08d0 774e | 0144 894f | 0c41 0f0d | 8840 0100 | 0041 0f0d | 8880 0100 | 0049 8d4b 
  0x000001203679453c: 1048 8bd7 | 4883 c210 | 4883 c607 | 48c1 ee03 | 4c8b c6c5 | f877 49ba | 604b b635 | 2001 0000 
  0x000001203679455c: ;   {other}
  0x000001203679455c: 41ff d20f | 1f84 0000 | 0000 0048 | 89bc 2490 | 0000 00e9 | 0ade ffff 

  0x0000012036794574: ;   {oop(a 'java/io/File$PathStatus'{0x00000000806b6870})}
  0x0000012036794574: 81fd 7068 | 6b80 0f85 | b1ea ffff | ba45 ffff | ff48 ff74 | 2450 488f | 4424 204c | 896c 2430 
  0x0000012036794594: 4889 4424 | f88b 4424 | 5889 4424 | 4848 8b44 | 24f8 c5fb | 1144 2458 | c5fb 1144 | 2460 4c89 
  0x00000120367945b4: 7424 7044 | 8944 244c 

  0x00000120367945bc: ;   {runtime_call UncommonTrapBlob}
  0x00000120367945bc: c5f8 77e8 

  0x00000120367945c0: ; ImmutableOopMap {rbp=NarrowOop [32]=Oop [48]=Oop [72]=NarrowOop [76]=NarrowOop [88]=Oop [96]=Oop [112]=Oop [152]=NarrowOop [156]=NarrowOop }
                      ;*if_acmpne {reexecute=1 rethrow=0 return_oop=0}
                      ; - (reexecute) java.io.File::isInvalid@38
                      ; - java.io.FileInputStream::<init>@54
                      ; - jdk.internal.loader.URLClassPath$FileLoader$1::getInputStream@8
                      ; - jdk.internal.loader.Resource::cachedInputStream@9
                      ; - jdk.internal.loader.Resource::getByteBuffer@1
                      ; - java.net.URLClassLoader::defineClass@132
                      ; - java.net.URLClassLoader$1::run@43
                      ; - java.net.URLClassLoader$1::run@1
  0x00000120367945c0: bcfd 3eff 

  0x00000120367945c4: ;   {other}
  0x00000120367945c4: 0f1f 8400 | 3448 0030 | 448b 9c24 | a800 0000 

  0x00000120367945d4: ;   {metadata('java/util/jar/JarFile')}
  0x00000120367945d4: 4181 fb08 | 1419 000f | 85ff 3a00 | 0048 8b54 | 2468 6690 

  0x00000120367945e8: ;   {optimized virtual_call}
  0x00000120367945e8: c5f8 77e8 

  0x00000120367945ec: ; ImmutableOopMap {rbp=NarrowOop [40]=Oop [48]=Oop [64]=Oop [80]=Oop [88]=NarrowOop [96]=Oop [104]=Oop [152]=NarrowOop [156]=NarrowOop [160]=Oop }
                      ;*invokevirtual getManifestFromReference {reexecute=0 rethrow=0 return_oop=1}
                      ; - java.util.jar.JarFile::getManifest@1
                      ; - java.util.jar.JarFile::maybeInstantiateVerifier@31
                      ; - java.util.jar.JarFile::ensureInitialization@1
                      ; - java.util.jar.JavaUtilJarAccessImpl::ensureInitialization@1
                      ; - jdk.internal.loader.URLClassPath$JarLoader$2::getManifest@10
                      ; - java.net.URLClassLoader::defineClass@34
                      ; - java.net.URLClassLoader$1::run@43
                      ; - java.net.URLClassLoader$1::run@1
  0x00000120367945ec: 90a4 3eff 

  0x00000120367945f0: ;   {other}
  0x00000120367945f0: 0f1f 8400 | 6048 0031 | 4c8b 6c24 | 4048 ff74 | 2420 488f | 8424 9000 | 0000 48ff | 7424 2848 
  0x0000012036794610: 8f44 2420 | 48ff 7424 | 3048 8f44 | 2428 4c8b | 5424 604c | 8b4c 2468 | e95d caff | ff44 8b55 
  0x0000012036794630: ;   {metadata('java/util/jar/JarFile')}
  0x0000012036794630: 0841 81fa | 0814 1900 | 0f85 ea3a | 0000 488b | 5424 6090 

  0x0000012036794644: ;   {optimized virtual_call}
  0x0000012036794644: c5f8 77e8 

  0x0000012036794648: ; ImmutableOopMap {[32]=Oop [40]=Oop [48]=Oop [72]=Oop [80]=Oop [88]=NarrowOop [112]=Oop [152]=NarrowOop [156]=NarrowOop }
                      ;*invokevirtual getManifestFromReference {reexecute=0 rethrow=0 return_oop=1}
                      ; - java.util.jar.JarFile::getManifest@1
                      ; - java.util.jar.JarFile::maybeInstantiateVerifier@31
                      ; - java.util.jar.JarFile$JarFileEntry::getCodeSigners@4
                      ; - jdk.internal.loader.URLClassPath$JarLoader$2::getCodeSigners@4
                      ; - java.net.URLClassLoader::defineClass@185
                      ; - java.net.URLClassLoader$1::run@43
                      ; - java.net.URLClassLoader$1::run@1
  0x0000012036794648: 34a4 3eff 

  0x000001203679464c: ;   {other}
  0x000001203679464c: 0f1f 8400 | bc48 0032 | 488b 5c24 | 304c 8b44 | 2448 e9fe | dcff ff33 | c0e9 2ecb 

  0x0000012036794668: ;   {metadata('jdk/internal/loader/URLClassPath$FileLoader$1')}
  0x0000012036794668: ffff 4181 | fa58 734e | 010f 85e5 | 3a00 0033 | dbe9 f2ca | ffff 33c0 | e99b cdff 

  0x0000012036794684: ;   {metadata('java/util/jar/JarFile')}
  0x0000012036794684: ff81 fd08 | 1419 000f | 857b 3c00 | 0048 8b54 | 2468 6690 

  0x0000012036794698: ;   {optimized virtual_call}
  0x0000012036794698: c5f8 77e8 

  0x000001203679469c: ; ImmutableOopMap {[32]=Oop [40]=Oop [48]=Oop [76]=NarrowOop [80]=Oop [88]=NarrowOop [92]=NarrowOop [96]=Oop [104]=Oop [112]=Oop [152]=NarrowOop [156]=NarrowOop }
                      ;*invokevirtual getManifestFromReference {reexecute=0 rethrow=0 return_oop=1}
                      ; - java.util.jar.JarFile::getManifest@1
                      ; - java.util.jar.JarFile::maybeInstantiateVerifier@31
                      ; - java.util.jar.JarFile::getInputStream@9
                      ; - jdk.internal.loader.URLClassPath$JarLoader$2::getInputStream@11
                      ; - jdk.internal.loader.Resource::cachedInputStream@9
                      ; - jdk.internal.loader.Resource::getByteBuffer@1
                      ; - java.net.URLClassLoader::defineClass@132
                      ; - java.net.URLClassLoader$1::run@43
                      ; - java.net.URLClassLoader$1::run@1
  0x000001203679469c: e0a3 3eff 

  0x00000120367946a0: ;   {other}
  0x00000120367946a0: 0f1f 8400 | 1049 0033 | 448b 5c24 | 4c44 8b54 | 245c 488b | 4c24 70e9 | fed3 ffff | 4489 5c24 
  0x00000120367946c0: 3c48 8974 | 2440 894c | 2438 4489 | 4c24 3489 | 5c24 304c | 8944 2428 | 4c89 5424 

  0x00000120367946dc: ;   {metadata({type array byte})}
  0x00000120367946dc: 2048 ba18 | 2300 4420 | 0100 0044 | 8b44 243c | 4889 4424 | 4866 6690 

  0x00000120367946f4: ;   {runtime_call _new_array_Java}
  0x00000120367946f4: c5f8 77e8 

  0x00000120367946f8: ; ImmutableOopMap {[32]=Oop [40]=Oop [80]=Oop }
                      ;*invokevirtual allocateUninitializedArray0 {reexecute=0 rethrow=0 return_oop=1}
                      ; - jdk.internal.misc.Unsafe::allocateUninitializedArray@51
                      ; - java.lang.StringConcatHelper::newArray@33
                      ; - java.lang.StringConcatHelper::simpleConcat@61
                      ; - java.lang.String::concat@11
                      ; - java.net.URLClassLoader$1::run@13
                      ; - java.net.URLClassLoader$1::run@1
  0x00000120367946f8: 84fb 4aff 

  0x00000120367946fc: ;   {other}
  0x00000120367946fc: 0f1f 8400 | 6c49 0034 | 4c8b 4424 | 288b 5c24 | 3044 8b4c | 2434 8b4c | 2438 488b | 7424 4044 
  0x000001203679471c: 8b5c 243c | 488b e84c | 8b54 2420 | e933 c4ff 

  0x000001203679472c: ;   {metadata('java/lang/String')}
  0x000001203679472c: ff48 ba78 | e800 4420 | 0100 0090 

  0x0000012036794738: ;   {runtime_call _new_instance_Java}
  0x0000012036794738: c5f8 77e8 

  0x000001203679473c: ; ImmutableOopMap {rbp=Oop [80]=Oop }
                      ;*new {reexecute=0 rethrow=0 return_oop=1}
                      ; - java.lang.StringConcatHelper::newString@6
                      ; - java.lang.StringConcatHelper::simpleConcat@90
                      ; - java.lang.String::concat@11
                      ; - java.net.URLClassLoader$1::run@13
                      ; - java.net.URLClassLoader$1::run@1
  0x000001203679473c: 40fe 4aff 

  0x0000012036794740: ;   {other}
  0x0000012036794740: 0f1f 8400 | b049 0035 | e9c7 c4ff | ff4c 8b6c | 2430 48ff | 7424 2048 | 8f84 2490 | 0000 0048 
  0x0000012036794760: 8944 24f8 | 8b44 2428 | 8984 2498 | 0000 0048 | 8b44 24f8 | 4889 4424 | f88b 4424 | 2c89 8424 
  0x0000012036794780: 9c00 0000 | 488b 4424 | f848 ff74 | 2440 488f | 4424 2048 | ff74 2448 | 488f 4424 | 284c 8b5c 
  0x00000120367947a0: 2460 488b | 4c24 6848 | 8b5c 2470 | 8b44 245c | 4c8b 4424 | 78e9 41ca | ffff 4889 | 7424 4889 
  0x00000120367947c0: 5424 4044 | 894c 2434 | 4c89 6c24 | 3889 7c24 | 3089 4c24 | 2c89 5c24 

  0x00000120367947d8: ;   {metadata({type array byte})}
  0x00000120367947d8: 2848 ba18 | 2300 4420 | 0100 0044 | 8bc7 6690 

  0x00000120367947e8: ;   {runtime_call _new_array_Java}
  0x00000120367947e8: c5f8 77e8 

  0x00000120367947ec: ; ImmutableOopMap {[40]=NarrowOop [44]=NarrowOop [56]=Oop [72]=Oop [80]=Oop }
                      ;*invokevirtual allocateUninitializedArray0 {reexecute=0 rethrow=0 return_oop=1}
                      ; - jdk.internal.misc.Unsafe::allocateUninitializedArray@51
                      ; - java.lang.StringConcatHelper::newArray@33
                      ; - java.lang.StringLatin1::replace@49
                      ; - java.lang.String::replace@18
                      ; - java.net.URLClassLoader$1::run@8
                      ; - java.net.URLClassLoader$1::run@1
  0x00000120367947ec: 90fa 4aff 

  0x00000120367947f0: ;   {other}
  0x00000120367947f0: 0f1f 8400 | 604a 0036 | 8b5c 2428 | 8b4c 242c | 8b7c 2430 | 4c8b 6c24 | 3844 8b4c | 2434 8b54 
  0x0000012036794810: 2440 488b | 7424 484c | 8bd0 e948 

  0x000001203679481c: ;   {metadata('java/lang/String')}
  0x000001203679481c: c0ff ff48 | ba78 e800 | 4420 0100 | 0049 8bed | 4c89 5424 | 3066 6690 

  0x0000012036794834: ;   {runtime_call _new_instance_Java}
  0x0000012036794834: c5f8 77e8 

  0x0000012036794838: ; ImmutableOopMap {rbp=Oop [48]=Oop [80]=Oop }
                      ;*new {reexecute=0 rethrow=0 return_oop=1}
                      ; - java.lang.StringLatin1::replace@116
                      ; - java.lang.String::replace@18
                      ; - java.net.URLClassLoader$1::run@8
                      ; - java.net.URLClassLoader$1::run@1
  0x0000012036794838: 44fd 4aff 

  0x000001203679483c: ;   {other}
  0x000001203679483c: 0f1f 8400 | ac4a 0037 | 4c8b c04c | 8b54 2430 | e916 c2ff | ff48 8beb 

  0x0000012036794854: ;   {metadata('java/security/CodeSource')}
  0x0000012036794854: 48ba 285c | 0044 2001 | 0000 6690 

  0x0000012036794860: ;   {runtime_call _new_instance_Java}
  0x0000012036794860: c5f8 77e8 

  0x0000012036794864: ; ImmutableOopMap {rbp=Oop [32]=Oop [40]=Oop [80]=Oop [88]=NarrowOop [112]=Oop [144]=Oop [152]=NarrowOop [156]=NarrowOop }
                      ;*new {reexecute=0 rethrow=0 return_oop=1}
                      ; - java.net.URLClassLoader::defineClass@190
                      ; - java.net.URLClassLoader$1::run@43
                      ; - java.net.URLClassLoader$1::run@1
  0x0000012036794864: 18fd 4aff 

  0x0000012036794868: ;   {other}
  0x0000012036794868: 0f1f 8400 | d84a 0038 | 488b dd4c | 8bc8 e94c | dbff ff44 | 8954 2440 | 4889 7c24 

  0x0000012036794884: ;   {metadata('java/security/SecureClassLoader$CodeSourceKey')}
  0x0000012036794884: 3848 bab8 | b411 4420 | 0100 0090 

  0x0000012036794890: ;   {runtime_call _new_instance_Java}
  0x0000012036794890: c5f8 77e8 

  0x0000012036794894: ; ImmutableOopMap {[32]=Oop [40]=Oop [48]=Oop [56]=Oop [80]=Oop [112]=Oop [152]=NarrowOop [156]=NarrowOop }
                      ;*new {reexecute=0 rethrow=0 return_oop=1}
                      ; - java.security.SecureClassLoader::getProtectionDomain@6
                      ; - java.security.SecureClassLoader::defineClass@9
                      ; - java.net.URLClassLoader::defineClass@220
                      ; - java.net.URLClassLoader$1::run@43
                      ; - java.net.URLClassLoader$1::run@1
  0x0000012036794894: e8fc 4aff 

  0x0000012036794898: ;   {other}
  0x0000012036794898: 0f1f 8400 | 084b 0039 | 4c8b 4c24 | 7048 8b7c | 2438 448b | 5424 4048 | 8bc8 e94b | ddff ff48 
  0x00000120367948b8: 894c 2448 | 4489 5424 | 3c4c 894c 

  0x00000120367948c4: ;   {metadata('java/security/SecureClassLoader$1')}
  0x00000120367948c4: 2440 48ba | 50ba 1144 | 2001 0000 

  0x00000120367948d0: ;   {runtime_call _new_instance_Java}
  0x00000120367948d0: c5f8 77e8 

  0x00000120367948d4: ; ImmutableOopMap {rbp=NarrowOop [32]=Oop [40]=Oop [48]=Oop [64]=Oop [72]=Oop [80]=Oop [152]=NarrowOop [156]=NarrowOop }
                      ;*new {reexecute=0 rethrow=0 return_oop=1}
                      ; - java.security.SecureClassLoader::getProtectionDomain@20
                      ; - java.security.SecureClassLoader::defineClass@9
                      ; - java.net.URLClassLoader::defineClass@220
                      ; - java.net.URLClassLoader$1::run@43
                      ; - java.net.URLClassLoader$1::run@1
  0x00000120367948d4: a8fc 4aff 

  0x00000120367948d8: ;   {other}
  0x00000120367948d8: 0f1f 8400 | 484b 003a | 8b9c 2498 | 0000 004c | 8b4c 2440 | 448b 5424 | 3c48 8b4c | 2448 488b 
  0x00000120367948f8: f8e9 51dd | ffff 4889 | 4424 f88b | 4424 5889 | 4424 4448 | 8b44 24f8 | 48ff 7424 | 2848 8f44 
  0x0000012036794918: 2460 48ff | 7424 2048 | 8f44 2458 | 4889 7c24 | 4844 8954 | 2440 4489 | 4c24 3444 | 895c 2430 
  0x0000012036794938: 488b ac24 | 9000 0000 | 4c89 6c24 

  0x0000012036794944: ;   {metadata('java/lang/String')}
  0x0000012036794944: 2848 ba78 | e800 4420 | 0100 0090 

  0x0000012036794950: ;   {runtime_call _new_instance_Java}
  0x0000012036794950: c5f8 77e8 

  0x0000012036794954: ; ImmutableOopMap {[40]=Oop [48]=NarrowOop [68]=NarrowOop [72]=Oop [80]=Oop [88]=Oop [96]=Oop [152]=NarrowOop [156]=NarrowOop }
                      ;*new {reexecute=0 rethrow=0 return_oop=1}
                      ; - java.lang.StringLatin1::newString@7
                      ; - java.lang.String::substring@41
                      ; - java.net.URLClassLoader::defineClass@28
                      ; - java.net.URLClassLoader$1::run@43
                      ; - java.net.URLClassLoader$1::run@1
  0x0000012036794954: 28fc 4aff 

  0x0000012036794958: ;   {other}
  0x0000012036794958: 0f1f 8400 | c84b 003b | 4c8b 6c24 | 2848 89ac | 2490 0000 | 0044 8b5c | 2430 448b | 4c24 3444 
  0x0000012036794978: 8b54 2440 | 488b 7c24 | 4848 ff74 | 2458 488f | 4424 2048 | ff74 2460 | 488f 4424 | 2848 8944 
  0x0000012036794998: 24f8 8b44 | 2444 8944 | 2458 488b | 4424 f848 | 8bd8 e911 | c4ff ff4c | 8b6c 2430 | 48ff 7424 
  0x00000120367949b8: 2048 8f84 | 2490 0000 | 0048 8944 | 24f8 8b44 | 2428 8984 | 2498 0000 | 0048 8b44 | 24f8 4889 
  0x00000120367949d8: 4424 f88b | 4424 2c89 | 8424 9c00 | 0000 488b | 4424 f848 | ff74 2440 | 488f 4424 | 2048 ff74 
  0x00000120367949f8: 2448 488f | 4424 284c | 8b5c 2460 | 488b 4c24 | 6848 8b5c | 2470 8b7c | 245c 448b | 4424 7848 
  0x0000012036794a18: 8bb4 2480 | 0000 00e9 | 55ca ffff | 488b 4c24 | 40c6 4111 | 0133 c04c | 8b6c 2430 | 488b 5c24 
  0x0000012036794a38: 4844 8b54 | 245c e955 | c7ff ff44 | 8954 245c | 4889 5c24 | 4848 ffb4 | 24a0 0000 

  0x0000012036794a54: ;   {no_reloc}
  0x0000012036794a54: 0048 8f44 | 2440 4c89 | 6c24 3090 

  0x0000012036794a60: ;   {static_call}
  0x0000012036794a60: c5f8 77e8 

  0x0000012036794a64: ; ImmutableOopMap {rbp=Oop [32]=Oop [40]=Oop [48]=Oop [64]=Oop [72]=Oop [80]=Oop [88]=NarrowOop [92]=NarrowOop [152]=NarrowOop [156]=NarrowOop [160]=Oop }
                      ;*invokestatic hashCode {reexecute=0 rethrow=0 return_oop=0}
                      ; - java.lang.String::hashCode@37
                      ; - java.util.concurrent.ConcurrentHashMap::get@1
                      ; - java.lang.ClassLoader::getDefinedPackage@13
                      ; - java.net.URLClassLoader::getAndVerifyPackage@2
                      ; - java.net.URLClassLoader::defineClass@46
                      ; - java.net.URLClassLoader$1::run@43
                      ; - java.net.URLClassLoader$1::run@1
  0x0000012036794a64: 18a6 3eff 

  0x0000012036794a68: ;   {other}
  0x0000012036794a68: 0f1f 8400 | d84c 003c | e93f ddff 

  0x0000012036794a74: ;   {metadata('java/util/zip/ZipFile$ZipFileInputStream')}
  0x0000012036794a74: ff48 baa0 | 9931 4420 | 0100 0090 

  0x0000012036794a80: ;   {runtime_call _new_instance_Java}
  0x0000012036794a80: c5f8 77e8 

  0x0000012036794a84: ; ImmutableOopMap {[32]=Oop [40]=Oop [48]=Oop [76]=NarrowOop [80]=Oop [88]=NarrowOop [92]=NarrowOop [96]=Oop [104]=Oop [112]=NarrowOop [152]=NarrowOop [156]=NarrowOop }
                      ;*new {reexecute=0 rethrow=0 return_oop=1}
                      ; - java.util.zip.ZipFile::getInputStream@77
                      ; - java.util.jar.JarFile::getInputStream@21
                      ; - jdk.internal.loader.URLClassPath$JarLoader$2::getInputStream@11
                      ; - jdk.internal.loader.Resource::cachedInputStream@9
                      ; - jdk.internal.loader.Resource::getByteBuffer@1
                      ; - java.net.URLClassLoader::defineClass@132
                      ; - java.net.URLClassLoader$1::run@43
                      ; - java.net.URLClassLoader$1::run@1
  0x0000012036794a84: f8fa 4aff 

  0x0000012036794a88: ;   {other}
  0x0000012036794a88: 0f1f 8400 | f84c 003d | e926 d2ff 

  0x0000012036794a94: ;   {metadata('java/util/zip/ZipFile$ZipFileInflaterInputStream')}
  0x0000012036794a94: ff48 bac0 | a431 4420 | 0100 0090 

  0x0000012036794aa0: ;   {runtime_call _new_instance_Java}
  0x0000012036794aa0: c5f8 77e8 

  0x0000012036794aa4: ; ImmutableOopMap {[32]=Oop [40]=Oop [48]=Oop [76]=NarrowOop [80]=Oop [88]=NarrowOop [96]=Oop [104]=Oop [112]=NarrowOop [120]=Oop [152]=NarrowOop [156]=NarrowOop }
                      ;*new {reexecute=0 rethrow=0 return_oop=1}
                      ; - java.util.zip.ZipFile::getInputStream@203
                      ; - java.util.jar.JarFile::getInputStream@21
                      ; - jdk.internal.loader.URLClassPath$JarLoader$2::getInputStream@11
                      ; - jdk.internal.loader.Resource::cachedInputStream@9
                      ; - jdk.internal.loader.Resource::getByteBuffer@1
                      ; - java.net.URLClassLoader::defineClass@132
                      ; - java.net.URLClassLoader$1::run@43
                      ; - java.net.URLClassLoader$1::run@1
  0x0000012036794aa4: d8fa 4aff 

  0x0000012036794aa8: ;   {other}
  0x0000012036794aa8: 0f1f 8400 | 184d 003e | e930 d4ff | ff4c 8984 | 2488 0000 | 0048 898c | 2480 0000 | 0048 8954 
  0x0000012036794ac8: 2478 4889 | 5c24 7048 | 8944 24f8 | 8b44 2458 | 8944 244c | 488b 4424 | f848 ff74 | 2428 488f 
  0x0000012036794ae8: 4424 6848 | ff74 2420 | 488f 4424 | 6044 8954 | 2448 4889 | 4424 f88b | 8424 9c00 | 0000 8944 
  0x0000012036794b08: 2444 488b | 4424 f848 | 8944 24f8 | 8b84 2498 | 0000 0089 | 4424 4048 | 8b44 24f8 | 48ff b424 
  0x0000012036794b28: 9000 0000 | 488f 4424 | 304c 896c 

  0x0000012036794b34: ;   {metadata({type array byte})}
  0x0000012036794b34: 2428 48ba | 1823 0044 | 2001 0000 | 4889 7c24 | 5845 8bc2 

  0x0000012036794b48: ;   {runtime_call _new_array_nozero_Java}
  0x0000012036794b48: c5f8 77e8 

  0x0000012036794b4c: ; ImmutableOopMap {[40]=Oop [64]=NarrowOop [68]=NarrowOop [76]=NarrowOop [80]=Oop [88]=Oop [120]=Derived_oop_[88] [96]=Oop [104]=Oop [112]=Oop }
                      ;*newarray {reexecute=0 rethrow=0 return_oop=1}
                      ; - java.util.Arrays::copyOfRangeByte@10
                      ; - java.util.Arrays::copyOfRange@13
                      ; - java.lang.StringLatin1::newString@16
                      ; - java.lang.String::substring@41
                      ; - java.net.URLClassLoader::defineClass@28
                      ; - java.net.URLClassLoader$1::run@43
                      ; - java.net.URLClassLoader$1::run@1
  0x0000012036794b4c: b0f3 4aff 

  0x0000012036794b50: ;   {other}
  0x0000012036794b50: 0f1f 8400 | c04d 003f | 4c8b 6c24 | 2848 ff74 | 2430 488f | 8424 9000 | 0000 4889 | 4424 f88b 
  0x0000012036794b70: 4424 4089 | 8424 9800 | 0000 488b | 4424 f848 | 8944 24f8 | 8b44 2444 | 8984 249c | 0000 0048 
  0x0000012036794b90: 8b44 24f8 | 448b 5424 | 4848 ff74 | 2460 488f | 4424 2048 | ff74 2468 | 488f 4424 | 2848 8944 
  0x0000012036794bb0: 24f8 8b44 | 244c 8944 | 2458 488b | 4424 f848 | 8b5c 2470 | 488b 5424 | 7848 8b8c | 2480 0000 
  0x0000012036794bd0: 004c 8b84 | 2488 0000 | 004c 8bd8 | e94e c3ff | ff48 8b4c | 2468 c641 | 1101 33c0 | 4c8b 6c24 
  0x0000012036794bf0: 3048 ff74 | 2420 488f | 8424 9000 | 0000 4889 | 4424 f88b | 4424 2889 | 8424 9800 | 0000 488b 
  0x0000012036794c10: 4424 f848 | 8944 24f8 | 8b44 242c | 8984 249c | 0000 0048 | 8b44 24f8 | 48ff 7424 | 4048 8f44 
  0x0000012036794c30: 2420 48ff | 7424 4848 | 8f44 2428 | 4c8b 5c24 | 6048 8b5c | 2470 8b7c | 245c 448b 

  0x0000012036794c4c: ;   {no_reloc}
  0x0000012036794c4c: 5424 78e9 | ccc7 ffff | 4489 5424 | 7889 7c24 | 5c48 895c | 2470 4889 | 4c24 684c | 895c 2460 
  0x0000012036794c6c: 48ff 7424 | 2848 8f44 | 2448 48ff | 7424 2048 | 8f44 2440 | 4889 4424 | f88b 8424 | 9c00 0000 
  0x0000012036794c8c: 8944 242c | 488b 4424 | f848 8944 | 24f8 8b84 | 2498 0000 | 0089 4424 | 2848 8b44 | 24f8 48ff 
  0x0000012036794cac: b424 9000 | 0000 488f | 4424 204c | 896c 2430 

  0x0000012036794cbc: ;   {static_call}
  0x0000012036794cbc: c5f8 77e8 

  0x0000012036794cc0: ; ImmutableOopMap {rbp=Oop [40]=NarrowOop [44]=NarrowOop [48]=Oop [64]=Oop [72]=Oop [80]=Oop [88]=NarrowOop [92]=NarrowOop [104]=Oop [112]=Oop [120]=NarrowOop }
                      ;*invokestatic hashCode {reexecute=0 rethrow=0 return_oop=0}
                      ; - java.lang.String::hashCode@37
                      ; - java.util.concurrent.ConcurrentHashMap::get@1
                      ; - java.lang.ClassLoader::definePackage@47
                      ; - java.lang.ClassLoader::getDefinedPackage@32
                      ; - java.net.URLClassLoader::getAndVerifyPackage@2
                      ; - java.net.URLClassLoader::defineClass@46
                      ; - java.net.URLClassLoader$1::run@43
                      ; - java.net.URLClassLoader$1::run@1
  0x0000012036794cc0: bca3 3eff 

  0x0000012036794cc4: ;   {other}
  0x0000012036794cc4: 0f1f 8400 | 344f 0040 | e91f dcff | ff4c 896c | 2430 4489 | 5c24 4048 | 8bef 4889 | 5c24 4848 
  0x0000012036794ce4: 8954 2460 | 4c89 5424 

  0x0000012036794cec: ;   {metadata({type array byte})}
  0x0000012036794cec: 6848 ba18 | 2300 4420 | 0100 0045 | 8bc1 6690 

  0x0000012036794cfc: ;   {runtime_call _new_array_nozero_Java}
  0x0000012036794cfc: c5f8 77e8 

  0x0000012036794d00: ; ImmutableOopMap {rbp=Oop [96]=Derived_oop_rbp [32]=Oop [40]=Oop [48]=Oop [64]=NarrowOop [72]=Oop [80]=Oop [88]=NarrowOop [152]=NarrowOop [156]=NarrowOop }
                      ;*invokevirtual clone {reexecute=1 rethrow=0 return_oop=1}
                      ; - (reexecute) java.util.Arrays::copyOfRange@18
                      ; - java.lang.StringLatin1::newString@16
                      ; - java.lang.String::substring@41
                      ; - java.net.URLClassLoader::defineClass@28
                      ; - java.net.URLClassLoader$1::run@43
                      ; - java.net.URLClassLoader$1::run@1
  0x0000012036794d00: fcf1 4aff 

  0x0000012036794d04: ;   {other}
  0x0000012036794d04: 0f1f 8400 | 744f 0041 | 488b f8e9 | 40c1 ffff | 4889 4c24 | 7041 8beb | 488b 5424 | 6866 6690 
  0x0000012036794d24: ;   {optimized virtual_call}
  0x0000012036794d24: c5f8 77e8 

  0x0000012036794d28: ; ImmutableOopMap {rbp=NarrowOop [32]=Oop [40]=Oop [48]=Oop [80]=Oop [88]=NarrowOop [96]=Oop [104]=Oop [112]=Oop [152]=NarrowOop [156]=NarrowOop }
                      ;*invokevirtual initializeVerifier {reexecute=0 rethrow=0 return_oop=0}
                      ; - java.util.jar.JarFile::getInputStream@33
                      ; - jdk.internal.loader.URLClassPath$JarLoader$2::getInputStream@11
                      ; - jdk.internal.loader.Resource::cachedInputStream@9
                      ; - jdk.internal.loader.Resource::getByteBuffer@1
                      ; - java.net.URLClassLoader::defineClass@132
                      ; - java.net.URLClassLoader$1::run@43
                      ; - java.net.URLClassLoader$1::run@1
  0x0000012036794d28: 549d 3eff 

  0x0000012036794d2c: ;   {other}
  0x0000012036794d2c: 0f1f 8400 | 9c4f 0042 | 448b dd41 | c643 1101 | 453b 6330 | 0f84 0702 | 0000 4489 | 5c24 5c48 
  0x0000012036794d4c: 8b4c 2470 | e91f f1ff | ff4c 8b5c | 2468 488d | 8424 e800 | 0000 4883 | 3800 0f84 | 7900 0000 
  0x0000012036794d6c: 4d8b 1341 | f6c2 020f | 8462 0000 | 0049 83ba | 8600 0000 | 0074 0949 | ff8a 8600 | 0000 eb4b 
  0x0000012036794d8c: 498b 8296 | 0000 0049 | 0b82 8e00 | 0000 750a | 49c7 423e | 0000 0000 | eb3d 4983 | ba9e 0000 
  0x0000012036794dac: 0000 7422 | 4833 c049 | c742 3e00 | 0000 00f0 | 8304 2400 | 4983 ba9e | 0000 0000 | 750d f04d 
  0x0000012036794dcc: 0fb1 7a3e | 7505 83c8 | 01eb 0ca8 | 00eb 084c | 8b10 f04d | 0fb1 1375 | 0a49 ff8f | 5005 0000 
  0x0000012036794dec: 4533 d20f | 854f 3500 | 0045 33c9 | e92b d3ff | ff41 8b69 | 1c45 8b51 | 1845 85d2 | 0f84 6435 
  0x0000012036794e0c: 0000 4c89 | 4c24 7049 | 8bd2 4c8b | cd41 b8ff | ffff ff90 

  0x0000012036794e20: ;   {optimized virtual_call}
  0x0000012036794e20: c5f8 77e8 

  0x0000012036794e24: ; ImmutableOopMap {[32]=Oop [40]=Oop [48]=Oop [80]=Oop [88]=NarrowOop [96]=Oop [104]=Oop [112]=Oop [152]=NarrowOop [156]=NarrowOop }
                      ;*invokevirtual update {reexecute=0 rethrow=0 return_oop=0}
                      ; - java.util.jar.JarVerifier$VerifierStream::<init>@76
                      ; - java.util.jar.JarFile::getInputStream@84
                      ; - jdk.internal.loader.URLClassPath$JarLoader$2::getInputStream@11
                      ; - jdk.internal.loader.Resource::cachedInputStream@9
                      ; - jdk.internal.loader.Resource::getByteBuffer@1
                      ; - java.net.URLClassLoader::defineClass@132
                      ; - java.net.URLClassLoader$1::run@43
                      ; - java.net.URLClassLoader$1::run@1
  0x0000012036794e24: 589c 3eff 

  0x0000012036794e28: ;   {other}
  0x0000012036794e28: 0f1f 8400 | 9850 0043 | 4c8b 4c24 | 70e9 23f5 | ffff bae4 | ffff ff4c | 896c 2428 | 4c8b 4424 
  0x0000012036794e48: 384c 8944 | 2430 4489 | 5c24 4044 | 8954 2444 

  0x0000012036794e58: ;   {runtime_call UncommonTrapBlob}
  0x0000012036794e58: c5f8 77e8 

  0x0000012036794e5c: ; ImmutableOopMap {[40]=Oop [64]=NarrowOop [80]=Oop [152]=NarrowOop [156]=NarrowOop }
                      ;*baload {reexecute=0 rethrow=0 return_oop=0}
                      ; - java.lang.StringLatin1::lastIndexOf@24
                      ; - java.lang.String::lastIndexOf@13
                      ; - java.lang.String::lastIndexOf@8
                      ; - java.net.URLClassLoader::defineClass@7
                      ; - java.net.URLClassLoader$1::run@43
                      ; - java.net.URLClassLoader$1::run@1
  0x0000012036794e5c: 20f5 3eff 

  0x0000012036794e60: ;   {other}
  0x0000012036794e60: 0f1f 8400 | d050 0044 | 897c 245c | 4889 5c24 | 7048 894c | 2468 4c89 | 5c24 6048 | ff74 2428 
  0x0000012036794e80: 488f 4424 | 4848 ff74 | 2420 488f | 4424 4048 | 8944 24f8 | 8b84 2498 | 0000 0089 | 4424 2848 
  0x0000012036794ea0: 8b44 24f8 | 48ff b424 | 9000 0000 | 488f 4424 | 204c 896c 

  0x0000012036794eb4: ;   {metadata('java/lang/ClassLoader$$Lambda+0x0000012045066288')}
  0x0000012036794eb4: 2430 48ba | 8862 0645 | 2001 0000 

  0x0000012036794ec0: ;   {runtime_call _new_instance_Java}
  0x0000012036794ec0: c5f8 77e8 

  0x0000012036794ec4: ; ImmutableOopMap {rbp=NarrowOop [40]=NarrowOop [48]=Oop [64]=Oop [72]=Oop [80]=Oop [88]=NarrowOop [92]=NarrowOop [104]=Oop [112]=Oop [156]=NarrowOop }
                      ;*invokevirtual allocateInstance {reexecute=0 rethrow=0 return_oop=1}
                      ; - java.lang.invoke.DirectMethodHandle::allocateInstance@12
                      ; - java.lang.invoke.DirectMethodHandle$Holder::newInvokeSpecial@1
                      ; - java.lang.invoke.Invokers$Holder::linkToTargetMethod@6
                      ; - java.lang.ClassLoader::definePackage@73
                      ; - java.lang.ClassLoader::getDefinedPackage@32
                      ; - java.net.URLClassLoader::getAndVerifyPackage@2
                      ; - java.net.URLClassLoader::defineClass@46
                      ; - java.net.URLClassLoader$1::run@43
                      ; - java.net.URLClassLoader$1::run@1
  0x0000012036794ec4: b8f6 4aff 

  0x0000012036794ec8: ;   {other}
  0x0000012036794ec8: 0f1f 8400 | 3851 0045 | 4c8b 6c24 | 3048 ff74 | 2420 488f | 8424 9000 | 0000 4889 | 4424 f88b 
  0x0000012036794ee8: 4424 2889 | 8424 9800 | 0000 488b | 4424 f848 | ff74 2440 | 488f 4424 | 2048 ff74 | 2448 488f 
  0x0000012036794f08: 4424 284c | 8b5c 2460 | 488b 4c24 | 6848 8b5c | 2470 8b7c | 245c 4c8b | c8e9 f8c8 | ffff 418b 
  0x0000012036794f28: e8e9 c6b8 

  0x0000012036794f2c: ;   {metadata('java/lang/String')}
  0x0000012036794f2c: ffff 48ba | 78e8 0044 | 2001 0000 

  0x0000012036794f38: ;   {runtime_call _new_instance_Java}
  0x0000012036794f38: c5f8 77e8 

  0x0000012036794f3c: ; ImmutableOopMap {[80]=Oop }
                      ;*new {reexecute=0 rethrow=0 return_oop=1}
                      ; - java.lang.StringConcatHelper::simpleConcat@17
                      ; - java.lang.String::concat@11
                      ; - java.net.URLClassLoader$1::run@13
                      ; - java.net.URLClassLoader$1::run@1
  0x0000012036794f3c: 40f6 4aff 

  0x0000012036794f40: ;   {other}
  0x0000012036794f40: 0f1f 8400 | b051 0046 | e9d6 d8ff | ff48 8b54 | 2468 4c8b | 4424 7090 

  0x0000012036794f58: ;   {optimized virtual_call}
  0x0000012036794f58: c5f8 77e8 

  0x0000012036794f5c: ; ImmutableOopMap {[32]=Oop [40]=Oop [48]=Oop [80]=Oop [88]=NarrowOop [96]=Oop [104]=Oop [152]=NarrowOop [156]=NarrowOop }
                      ;*invokespecial getInputStream {reexecute=0 rethrow=0 return_oop=1}
                      ; - java.util.jar.JarFile::getInputStream@50
                      ; - jdk.internal.loader.URLClassPath$JarLoader$2::getInputStream@11
                      ; - jdk.internal.loader.Resource::cachedInputStream@9
                      ; - jdk.internal.loader.Resource::getByteBuffer@1
                      ; - java.net.URLClassLoader::defineClass@132
                      ; - java.net.URLClassLoader$1::run@43
                      ; - java.net.URLClassLoader$1::run@1
  0x0000012036794f5c: 209b 3eff 

  0x0000012036794f60: ;   {other}
  0x0000012036794f60: 0f1f 8400 | d051 0047 | 488b d84c | 8b5c 2468 | 488d 8424 | e800 0000 | 4883 3800 | 0f84 7900 
  0x0000012036794f80: 0000 4d8b | 1341 f6c2 | 020f 8462 | 0000 0049 | 83ba 8600 | 0000 0074 | 0949 ff8a | 8600 0000 
  0x0000012036794fa0: eb4b 498b | 8296 0000 | 0049 0b82 | 8e00 0000 | 750a 49c7 | 423e 0000 | 0000 eb3d | 4983 ba9e 
  0x0000012036794fc0: 0000 0000 | 7422 4833 | c049 c742 | 3e00 0000 | 00f0 8304 | 2400 4983 | ba9e 0000 | 0000 750d 
  0x0000012036794fe0: f04d 0fb1 | 7a3e 7505 | 83c8 01eb | 0ca8 00eb | 084c 8b10 | f04d 0fb1 | 1375 0a49 | ff8f 5005 
  0x0000012036795000: 0000 4533 | d20f 8589 | 3300 004c | 8bcb e915 | d1ff ff41 | 8b4e 1085 | c90f 8470 | e0ff ff49 
  0x0000012036795020: 8b5f 2848 | 85db 0f84 | c42b 0000 | 498b 5738 | 4889 4c1a | f848 83c3 | f849 895f | 28e9 4de0 
  0x0000012036795040: ffff 458b | 4e14 4585 | c90f 84cc | e1ff ff49 | 8b5f 2849 | 8bc9 4885 | db0f 8481 

  0x000001203679505c: ;   {no_reloc}
  0x000001203679505c: 2c00 004d | 8b4f 3849 | 894c 19f8 | 4883 c3f8 | 4989 5f28 | e9a6 e1ff | ff41 8b49 | 1c85 c90f 
  0x000001203679507c: 84c3 e0ff | ff49 8b5f | 2848 85db | 0f84 da2b | 0000 498b | 5738 4889 | 4c1a f848 | 83c3 f849 
  0x000001203679509c: 895f 28e9 | a0e0 ffff | 4c8b 9424 | 8000 0000 | 458b 5220 | 4585 d20f | 8482 e3ff | ff4d 8b5f 
  0x00000120367950bc: 2849 8bca | 4d85 db0f | 8485 2c00 | 004d 8b57 | 384b 894c | 1af8 4983 | c3f8 4d89 | 5f28 e95c 
  0x00000120367950dc: e3ff ff4c | 8b94 2480 | 0000 0045 | 8b52 1c45 | 85d2 0f84 | 3ce3 ffff | 4d8b 5f28 | 498b ca4d 
  0x00000120367950fc: 85db 0f84 | 8a2c 0000 | 4d8b 5738 | 4b89 4c1a | f849 83c3 | f84d 895f | 28e9 16e3 | ffff 4c8b 
  0x000001203679511c: 9424 8000 | 0000 458b | 5210 4585 | d20f 84ad | e2ff ff4d | 8b5f 2849 | 8bca 4d85 | db0f 842f 
  0x000001203679513c: 2c00 004d | 8b57 384b | 894c 1af8 | 4983 c3f8 | 4d89 5f28 | e987 e2ff | ff85 ed0f | 8576 e3ff 
  0x000001203679515c: ;   {no_reloc}
  0x000001203679515c: ff4c 8b84 | 2480 0000 | 00e9 d625 | 0000 458b | 5a24 4585 | db0f 8403 | e3ff ff4d | 8b57 2849 
  0x000001203679517c: 8bcb 4d85 | d20f 8427 | 2c00 004d | 8b5f 384b | 894c 13f8 | 4983 c2f8 | 4d89 5728 | e9dd e2ff 
  0x000001203679519c: ff85 db0f | 85fc e3ff | ffba f6ff | ffff 4c8b | 5424 504c | 8954 2420 | 448b 9424 | 9800 0000 
  0x00000120367951bc: 4489 5424 | 4044 8b9c | 249c 0000 | 0044 895c | 2444 448b | 5424 5844 | 8954 2448 

  0x00000120367951d8: ;   {runtime_call UncommonTrapBlob}
  0x00000120367951d8: c5f8 77e8 

  0x00000120367951dc: ; ImmutableOopMap {rbp=NarrowOop [32]=Oop [48]=Oop [64]=NarrowOop [68]=NarrowOop [72]=NarrowOop [76]=NarrowOop [96]=Oop [104]=Oop [128]=Oop }
                      ;*getfield next {reexecute=1 rethrow=0 return_oop=0}
                      ; - (reexecute) jdk.internal.ref.PhantomCleanable::insert@20
                      ; - jdk.internal.ref.PhantomCleanable::<init>@37
                      ; - java.io.FileCleanable::<init>@3
                      ; - java.io.FileCleanable::register@42
                      ; - java.io.FileInputStream::<init>@103
                      ; - jdk.internal.loader.URLClassPath$FileLoader$1::getInputStream@8
                      ; - jdk.internal.loader.Resource::cachedInputStream@9
                      ; - jdk.internal.loader.Resource::getByteBuffer@1
                      ; - java.net.URLClassLoader::defineClass@132
                      ; - java.net.URLClassLoader$1::run@43
                      ; - java.net.URLClassLoader$1::run@1
  0x00000120367951dc: a0f1 3eff 

  0x00000120367951e0: ;   {other}
  0x00000120367951e0: 0f1f 8400 | 5054 0048 | 4c8b 9424 | 8000 0000 | 458b 5a1c | 4585 db0f | 845f e3ff | ff4d 8b57 
  0x0000012036795200: 2849 8bcb | 4d85 d20f | 84c1 2b00 | 004d 8b5f | 384b 894c | 13f8 4983 | c2f8 4d89 | 5728 e939 
  0x0000012036795220: e3ff ff85 | ff0f 85c5 | e3ff ffba | f6ff ffff | 4c8b 5424 | 504c 8954 | 2420 448b | 9c24 9800 
  0x0000012036795240: 0000 4489 | 5c24 4044 | 8b94 249c | 0000 0044 | 8954 2444 | 448b 5c24 | 5844 895c | 2448 6690 
  0x0000012036795260: ;   {runtime_call UncommonTrapBlob}
  0x0000012036795260: c5f8 77e8 

  0x0000012036795264: ; ImmutableOopMap {rbp=NarrowOop [32]=Oop [48]=Oop [64]=NarrowOop [68]=NarrowOop [72]=NarrowOop [76]=NarrowOop [96]=Oop [104]=Oop [128]=Oop }
                      ;*putfield prev {reexecute=1 rethrow=0 return_oop=0}
                      ; - (reexecute) jdk.internal.ref.PhantomCleanable::insert@31
                      ; - jdk.internal.ref.PhantomCleanable::<init>@37
                      ; - java.io.FileCleanable::<init>@3
                      ; - java.io.FileCleanable::register@42
                      ; - java.io.FileInputStream::<init>@103
                      ; - jdk.internal.loader.URLClassPath$FileLoader$1::getInputStream@8
                      ; - jdk.internal.loader.Resource::cachedInputStream@9
                      ; - jdk.internal.loader.Resource::getByteBuffer@1
                      ; - java.net.URLClassLoader::defineClass@132
                      ; - java.net.URLClassLoader$1::run@43
                      ; - java.net.URLClassLoader$1::run@1
  0x0000012036795264: 18f1 3eff 

  0x0000012036795268: ;   {other}
  0x0000012036795268: 0f1f 8400 | d854 0049 | 4c8b 9424 | 8000 0000 | 458b 5220 | 4585 d20f | 8427 e3ff | ff4d 8b5f 
  0x0000012036795288: 2849 8bca | 4d85 db0f | 8459 2b00 | 004d 8b57 | 384b 894c | 1af8 4983 | c3f8 4d89 | 5f28 e901 
  0x00000120367952a8: e3ff ff44 | 8b5f 1c45 | 85db 0f84 | 43e3 ffff | 4d8b 5728 | 498b cb4d | 85d2 0f84 | 462b 0000 
  0x00000120367952c8: 4d8b 5f38 | 4b89 4c13 | f849 83c2 | f84d 8957 | 28e9 1de3 | ffff 448b | 5b20 4585 | db0f 846c 
  0x00000120367952e8: e3ff ff4d | 8b57 2849 | 8bcb 4d85 | d20f 8433 | 2b00 004d | 8b5f 384b | 894c 13f8 | 4983 c2f8 
  0x0000012036795308: 4d89 5728 | e946 e3ff | ff45 8b59 | 2445 85db | 0f84 bfe4 | ffff 4d8b | 5728 498b | cb4d 85d2 
  0x0000012036795328: 0f84 202b | 0000 4d8b | 5f38 4b89 | 4c13 f849 | 83c2 f84d | 8957 28e9 | 99e4 ffff | 4d8b 4758 
  0x0000012036795348: 4d8b 4f48 | f083 4424 | c000 8039 | 000f 8489 | dbff ff44 | 8821 4d85 | c975 6289 

  0x0000012036795364: ;   {no_reloc}
  0x0000012036795364: 7424 5c4c | 8974 2460 | c5fb 1144 | 2448 4489 | 5424 344c | 895c 2440 | 488b b424 | 9000 0000 
  0x0000012036795384: 498b d7c5 | f877 49ba | 00a4 4095 | ff7f 0000 

  0x0000012036795394: ;   {other}
  0x0000012036795394: 41ff d20f | 1f84 0000 | 0000 0048 | 89b4 2490 | 0000 004c | 8b5c 2440 | 448b 5424 | 34c5 fb10 
  0x00000120367953b4: 4424 484c | 8b74 2460 | 8b74 245c | e91f dbff | ff4b 894c | 08f8 4983 | c1f8 4d89 | 4f48 e90d 
  0x00000120367953d4: dbff ff4d | 8b4f 5849 | 8b5f 48f0 | 8344 24c0 | 0080 3900 | 0f84 8000 | 0000 4488 | 2148 85db 
  0x00000120367953f4: 740f 4989 | 4c19 f848 | 83c3 f849 | 895f 48eb | 6948 897c | 2468 4489 | 4424 5c4c | 8974 2460 
  0x0000012036795414: c5fb 1144 | 2448 4489 | 5424 344c | 895c 2440 | 488b b424 | 9000 0000 | 498b d7c5 | f877 49ba 
  0x0000012036795434: 00a4 4095 | ff7f 0000 

  0x000001203679543c: ;   {other}
  0x000001203679543c: 41ff d20f | 1f84 0000 | 0000 0048 | 89b4 2490 | 0000 004c | 8b5c 2440 | 448b 5424 | 34c5 fb10 
  0x000001203679545c: 4424 484c | 8b74 2460 | 448b 4424 | 5c48 8b7c | 2468 458b | 4e10 4585 | c90f 8447 | 2f00 00e9 
  0x000001203679547c: 42dc ffff | 498b 5f48 | 498b 5758 | f083 4424 | c000 8039 | 000f 84e0 | dcff ff44 | 8821 4885 
  0x000001203679549c: db75 7848 | 897c 2470 | 4c89 4c24 | 6844 8944 | 245c 4c89 | 7424 60c5 | fb11 4424 | 4844 8954 
  0x00000120367954bc: 2434 4c89 | 5c24 4048 | 8bb4 2490 | 0000 0049 | 8bd7 c5f8 | 7749 ba00 | a440 95ff | 7f00 0041 
  0x00000120367954dc: ;   {other}
  0x00000120367954dc: ffd2 0f1f | 8400 0000 | 0000 4889 | b424 9000 | 0000 4c8b | 5c24 4044 | 8b54 2434 | c5fb 1044 
  0x00000120367954fc: 2448 4c8b | 7424 6044 | 8b44 245c | 4c8b 4c24 | 6848 8b7c | 2470 e960 | dcff ff48 | 894c 1af8 
  0x000001203679551c: 4883 c3f8 | 4989 5f48 | e94e dcff | ff4d 8b4f | 4849 8b57 | 58f0 8344 | 24c0 0080 | 3900 0f84 
  0x000001203679553c: 15dd ffff | 4488 214d | 85c9 0f85 | 9600 0000 | 4889 7c24 | 7044 8944 | 245c 4c89 | 7424 68c5 
  0x000001203679555c: fb11 4424 | 6044 8954 | 2444 4c89 | 5c24 4848 | ff74 2428 | 488f 4424 | 3048 ff74 | 2420 488f 
  0x000001203679557c: 4424 2848 | 8bac 2490 | 0000 0049 | 8bd7 c5f8 | 7749 ba00 | a440 95ff | 7f00 0041 

  0x0000012036795598: ;   {other}
  0x0000012036795598: ffd2 0f1f | 8400 0000 | 0000 4889 | ac24 9000 | 0000 48ff | 7424 2848 | 8f44 2420 | 48ff 7424 
  0x00000120367955b8: 3048 8f44 | 2428 4c8b | 5c24 4844 | 8b54 2444 | c5fb 1044 | 2460 4c8b | 7424 6844 | 8b44 245c 
  0x00000120367955d8: 488b 7c24 | 70e9 73dc | ffff 4a89 | 4c0a f849 | 83c1 f84d | 894f 48e9 | 61dc ffff | 4d8b 5748 
  0x00000120367955f8: 4d8b 5f58 | f083 4424 | c000 8039 | 000f 8414 | deff ff44 | 8821 4d85 | d275 2049 | 8bd7 c5f8 
  0x0000012036795618: 7749 ba00 | a440 95ff | 7f00 0041 

  0x0000012036795624: ;   {other}
  0x0000012036795624: ffd2 0f1f | 8400 0000 | 0000 e9ec | ddff ff4b | 894c 13f8 | 4983 c2f8 | 4d89 5748 | e9da ddff 
  0x0000012036795644: ff4d 8b57 | 484d 8b5f | 58f0 8344 | 24c0 0080 | 3900 0f84 | 65dd ffff | 4488 214d | 85d2 7520 
  0x0000012036795664: 498b d7c5 | f877 49ba | 00a4 4095 | ff7f 0000 

  0x0000012036795674: ;   {other}
  0x0000012036795674: 41ff d20f | 1f84 0000 | 0000 00e9 | 3ddd ffff | 4b89 4c13 | f849 83c2 | f84d 8957 | 48e9 2bdd 
  0x0000012036795694: ffff 4d8b | 5748 4d8b | 5f58 f083 | 4424 c000 | 8039 0074 | 3244 8821 | 4d85 d274 | 0f4b 894c 
  0x00000120367956b4: 13f8 4983 | c2f8 4d89 | 5748 eb1b | 498b d7c5 | f877 49ba | 00a4 4095 | ff7f 0000 

  0x00000120367956d0: ;   {other}
  0x00000120367956d0: 41ff d20f | 1f84 0000 | 0000 004c | 8b84 2480 | 0000 0041 | 8b68 2485 | ed0f 85dc | ddff ffe9 
  0x00000120367956f0: 4c20 0000 | 4d8b 5748 | 4d8b 5f58 | f083 4424 | c000 8039 | 0074 3244 | 8821 4d85 | d274 0f4b 
  0x0000012036795710: 894c 13f8 | 4983 c2f8 | 4d89 5748 | eb1b 498b | d7c5 f877 | 49ba 00a4 | 4095 ff7f | 0000 41ff 
  0x0000012036795730: ;   {other}
  0x0000012036795730: d20f 1f84 | 0000 0000 | 004c 8b94 | 2480 0000 | 0041 8b5a | 2485 db0f | 8554 deff | ffe9 53fa 
  0x0000012036795750: ffff 4d8b | 5748 4d8b | 5f58 f083 | 4424 c000 | 8039 0074 | 3244 8821 | 4d85 d274 | 0f4b 894c 
  0x0000012036795770: 13f8 4983 | c2f8 4d89 | 5748 eb1b | 498b d7c5 | f877 49ba | 00a4 4095 | ff7f 0000 

  0x000001203679578c: ;   {other}
  0x000001203679578c: 41ff d20f | 1f84 0000 | 0000 004c | 8b94 2480 | 0000 0041 | 8b7a 2085 | ff0f 8545 | deff ffe9 
  0x00000120367957ac: 7bfa ffff | 4d8b 5748 | 4d8b 5f58 | f083 4424 | c000 8039 | 000f 8471 | deff ff44 | 8821 4d85 
  0x00000120367957cc: d275 2049 | 8bd7 c5f8 | 7749 ba00 | a440 95ff | 7f00 0041 

  0x00000120367957e0: ;   {other}
  0x00000120367957e0: ffd2 0f1f | 8400 0000 | 0000 e949 | deff ff4b | 894c 13f8 | 4983 c2f8 | 4d89 5748 | e937 deff 
  0x0000012036795800: ff4d 8b57 | 484d 8b5f | 58f0 8344 | 24c0 0080 | 3900 0f84 | 7cde ffff | 4488 214d | 85d2 7520 
  0x0000012036795820: 498b d7c5 | f877 49ba | 00a4 4095 | ff7f 0000 

  0x0000012036795830: ;   {other}
  0x0000012036795830: 41ff d20f | 1f84 0000 | 0000 00e9 | 54de ffff | 4b89 4c13 | f849 83c2 | f84d 8957 | 48e9 42de 
  0x0000012036795850: ffff 4d8b | 5748 4d8b | 5f58 f083 | 4424 c000 | 8039 000f | 84ac dfff | ff44 8821 | 4d85 d275 
  0x0000012036795870: 2049 8bd7 | c5f8 7749 | ba00 a440 | 95ff 7f00 | 0041 ffd2 

  0x0000012036795884: ;   {other}
  0x0000012036795884: 0f1f 8400 | 0000 0000 | e984 dfff | ff4b 894c | 13f8 4983 | c2f8 4d89 | 5748 e972 | dfff ff44 
  0x00000120367958a4: 8b4e 1445 | 85c9 0f84 | 47d7 ffff | 498b 5f28 | 498b c948 | 85db 0f84 | f026 0000 | 4d8b 4f38 
  0x00000120367958c4: 4989 4c19 | f848 83c3 | f849 895f | 28e9 21d7 | ffff 4d8b | 4f48 498b | 5f58 f083 | 4424 c000 
  0x00000120367958e4: 8039 000f | 8444 d7ff | ff44 8821 | 4d85 c975 | 6444 8944 | 245c 4c89 | 7424 60c5 | fb11 4424 
  0x0000012036795904: 4844 8954 | 2434 4c89 | 5c24 4048 | 8bb4 2490 | 0000 0049 | 8bd7 c5f8 | 7749 ba00 | a440 95ff 
  0x0000012036795924: 7f00 0041 

  0x0000012036795928: ;   {other}
  0x0000012036795928: ffd2 0f1f | 8400 0000 | 0000 4889 | b424 9000 | 0000 4c8b | 5c24 4044 | 8b54 2434 | c5fb 1044 
  0x0000012036795948: 2448 4c8b | 7424 6044 | 8b44 245c | e9d8 d6ff | ff4a 894c | 0bf8 4983 | c1f8 4d89 | 4f48 e9c6 
  0x0000012036795968: d6ff ffba | f6ff ffff | 4889 4424 | 2066 6690 

  0x0000012036795978: ;   {runtime_call UncommonTrapBlob}
  0x0000012036795978: c5f8 77e8 

  0x000001203679597c: ; ImmutableOopMap {[32]=Oop [80]=Oop }
                      ;*invokevirtual getResource {reexecute=0 rethrow=0 return_oop=0}
                      ; - java.net.URLClassLoader$1::run@26
                      ; - java.net.URLClassLoader$1::run@1
  0x000001203679597c: 00ea 3eff 

  0x0000012036795980: ;   {other}
  0x0000012036795980: 0f1f 8400 | f05b 004a | ba76 ffff | ff48 8b6c | 2450 894c | 2420 897c | 2428 895c | 242c 6690 
  0x00000120367959a0: ;   {runtime_call UncommonTrapBlob}
  0x00000120367959a0: c5f8 77e8 

  0x00000120367959a4: ; ImmutableOopMap {rbp=Oop [32]=NarrowOop [44]=NarrowOop }
                      ;*if_icmpge {reexecute=1 rethrow=0 return_oop=0}
                      ; - (reexecute) java.lang.StringLatin1::replace@19
                      ; - java.lang.String::replace@18
                      ; - java.net.URLClassLoader$1::run@8
                      ; - java.net.URLClassLoader$1::run@1
  0x00000120367959a4: d8e9 3eff 

  0x00000120367959a8: ;   {other}
  0x00000120367959a8: 0f1f 8400 | 185c 004b | 4963 fbe9 | 43b1 ffff | bacc ffff | ff4c 8944 | 2428 4889 | 7424 3089 
  0x00000120367959c8: 4c24 4090 

  0x00000120367959cc: ;   {runtime_call UncommonTrapBlob}
  0x00000120367959cc: c5f8 77e8 

  0x00000120367959d0: ; ImmutableOopMap {rbp=Oop [40]=Oop [80]=Oop }
                      ;*invokestatic arraycopy {reexecute=0 rethrow=0 return_oop=0}
                      ; - java.lang.String::getBytes@22
                      ; - java.lang.StringConcatHelper::prepend@21
                      ; - java.lang.StringConcatHelper::simpleConcat@71
                      ; - java.lang.String::concat@11
                      ; - java.net.URLClassLoader$1::run@13
                      ; - java.net.URLClassLoader$1::run@1
  0x00000120367959d0: ace9 3eff 

  0x00000120367959d4: ;   {other}
  0x00000120367959d4: 0f1f 8400 | 445c 004c | bacc ffff | ff4c 8954 | 2428 895c | 2438 6690 

  0x00000120367959ec: ;   {runtime_call UncommonTrapBlob}
  0x00000120367959ec: c5f8 77e8 

  0x00000120367959f0: ; ImmutableOopMap {rbp=Oop [40]=Oop [80]=Oop }
                      ;*invokestatic arraycopy {reexecute=0 rethrow=0 return_oop=0}
                      ; - java.lang.String::getBytes@22
                      ; - java.lang.StringConcatHelper::prepend@21
                      ; - java.lang.StringConcatHelper::simpleConcat@81
                      ; - java.lang.String::concat@11
                      ; - java.net.URLClassLoader$1::run@13
                      ; - java.net.URLClassLoader$1::run@1
  0x00000120367959f0: 8ce9 3eff 

  0x00000120367959f4: ;   {other}
  0x00000120367959f4: 0f1f 8400 | 645c 004d | ba76 ffff | ff89 4c24 | 284c 8954 | 2430 897c | 243c 895c | 2440 6690 
  0x0000012036795a14: ;   {runtime_call UncommonTrapBlob}
  0x0000012036795a14: c5f8 77e8 

  0x0000012036795a18: ; ImmutableOopMap {[40]=NarrowOop [48]=Oop [64]=NarrowOop [80]=Oop }
                      ;*if_icmpge {reexecute=1 rethrow=0 return_oop=0}
                      ; - (reexecute) java.lang.StringLatin1::replace@82
                      ; - java.lang.String::replace@18
                      ; - java.net.URLClassLoader$1::run@8
                      ; - java.net.URLClassLoader$1::run@1
  0x0000012036795a18: 64e9 3eff 

  0x0000012036795a1c: ;   {other}
  0x0000012036795a1c: 0f1f 8400 | 8c5c 004e | baf6 ffff | ff48 8944 | 2428 6690 

  0x0000012036795a30: ;   {runtime_call UncommonTrapBlob}
  0x0000012036795a30: c5f8 77e8 

  0x0000012036795a34: ; ImmutableOopMap {[40]=Oop [80]=Oop [156]=NarrowOop }
                      ;*invokevirtual defineClass {reexecute=0 rethrow=0 return_oop=0}
                      ; - java.net.URLClassLoader$1::run@43
                      ; - java.net.URLClassLoader$1::run@1
  0x0000012036795a34: 48e9 3eff 

  0x0000012036795a38: ;   {other}
  0x0000012036795a38: 0f1f 8400 | a85c 004f | ba45 ffff | ff4c 896c | 2430 6690 

  0x0000012036795a4c: ;   {runtime_call UncommonTrapBlob}
  0x0000012036795a4c: c5f8 77e8 

  0x0000012036795a50: ; ImmutableOopMap {rbp=NarrowOop [48]=Oop [80]=Oop [88]=NarrowOop [152]=NarrowOop [156]=NarrowOop }
                      ;*ifeq {reexecute=1 rethrow=0 return_oop=0}
                      ; - (reexecute) jdk.internal.loader.Resource::getByteBuffer@9
                      ; - java.net.URLClassLoader::defineClass@132
                      ; - java.net.URLClassLoader$1::run@43
                      ; - java.net.URLClassLoader$1::run@1
  0x0000012036795a50: 2ce9 3eff 

  0x0000012036795a54: ;   {other}
  0x0000012036795a54: 0f1f 8400 | c45c 0050 | bae4 ffff | ff4c 8b54 | 2450 4c89 | 5424 2048 | ff74 2430 | 488f 4424 
  0x0000012036795a74: 2848 897c | 2440 4c89 | 4424 4844 | 894c 2454 

  0x0000012036795a84: ;   {runtime_call UncommonTrapBlob}
  0x0000012036795a84: c5f8 77e8 

  0x0000012036795a88: ; ImmutableOopMap {[32]=Oop [40]=Oop [64]=Oop [84]=NarrowOop [112]=Oop [152]=NarrowOop [156]=NarrowOop }
                      ;*invokestatic checkIndex {reexecute=0 rethrow=0 return_oop=0}
                      ; - java.nio.Buffer::checkIndex@8
                      ; - java.nio.DirectLongBufferU::get@11
                      ; - jdk.internal.perf.PerfCounter::get@5
                      ; - jdk.internal.perf.PerfCounter::add@1
                      ; - jdk.internal.perf.PerfCounter::addElapsedTimeFrom@6
                      ; - java.net.URLClassLoader::defineClass@207
                      ; - java.net.URLClassLoader$1::run@43
                      ; - java.net.URLClassLoader$1::run@1
  0x0000012036795a88: f4e8 3eff 

  0x0000012036795a8c: ;   {other}
  0x0000012036795a8c: 0f1f 8400 | fc5c 0051 | baf6 ffff | ff48 8b6c | 2450 4c89 | 6c24 284c | 8b54 2438 | 4c89 5424 
  0x0000012036795aac: 3048 8944 | 24f8 8b44 | 2458 8944 | 2440 488b | 4424 f848 | 895c 2450 

  0x0000012036795ac4: ;   {runtime_call UncommonTrapBlob}
  0x0000012036795ac4: c5f8 77e8 

  0x0000012036795ac8: ; ImmutableOopMap {rbp=Oop [40]=Oop [64]=NarrowOop [80]=Oop [152]=NarrowOop [156]=NarrowOop [160]=Oop }
                      ;*invokevirtual get {reexecute=0 rethrow=0 return_oop=0}
                      ; - java.lang.ClassLoader::getDefinedPackage@13
                      ; - java.net.URLClassLoader::getAndVerifyPackage@2
                      ; - java.net.URLClassLoader::defineClass@46
                      ; - java.net.URLClassLoader$1::run@43
                      ; - java.net.URLClassLoader$1::run@1
  0x0000012036795ac8: b4e8 3eff 

  0x0000012036795acc: ;   {other}
  0x0000012036795acc: 0f1f 8400 | 3c5d 0052 | bae4 ffff | ff4c 8b54 | 2450 4c89 | 5424 2048 | ff74 2430 | 488f 4424 
  0x0000012036795aec: 284c 8b54 | 2438 4c89 | 5424 3044 | 8b54 2458 | 4489 5424 | 5048 8944 | 2460 4489 | 4424 6890 
  0x0000012036795b0c: ;   {runtime_call UncommonTrapBlob}
  0x0000012036795b0c: c5f8 77e8 

  0x0000012036795b10: ; ImmutableOopMap {[32]=Oop [40]=Oop [72]=Oop [80]=NarrowOop [96]=Oop [152]=NarrowOop [156]=NarrowOop }
                      ;*invokestatic checkIndex {reexecute=0 rethrow=0 return_oop=0}
                      ; - java.util.zip.CRC32::updateBytesCheck@30
                      ; - java.util.zip.CRC32::updateBytes@3
                      ; - java.util.zip.CRC32::update@31
                      ; - java.util.zip.Checksum::update@5
                      ; - jdk.internal.loader.URLClassPath$JarLoader$2::getBytes@15
                      ; - java.net.URLClassLoader::defineClass@179
                      ; - java.net.URLClassLoader$1::run@43
                      ; - java.net.URLClassLoader$1::run@1
  0x0000012036795b10: 6ce8 3eff 

  0x0000012036795b14: ;   {other}
  0x0000012036795b14: 0f1f 8400 | 845d 0053 | 4c89 5c24 | 6048 ff74 | 2428 488f | 4424 4848 | ff74 2420 | 488f 4424 
  0x0000012036795b34: 4048 ffb4 | 2490 0000 | 0048 8f44 | 2428 4c89 | 6c24 2048 | 8b6c 2450 | 498b d54c | 8d84 24e0 
  0x0000012036795b54: 0000 0090 

  0x0000012036795b58: ;   {runtime_call _complete_monitor_locking_Java}
  0x0000012036795b58: c5f8 77e8 

  0x0000012036795b5c: ; ImmutableOopMap {rbp=Oop [32]=Oop [64]=Oop [72]=Oop [88]=NarrowOop [152]=NarrowOop [156]=NarrowOop }
                      ;*synchronization entry
                      ; - jdk.internal.loader.Resource::cachedInputStream@-1
                      ; - jdk.internal.loader.Resource::getByteBuffer@1
                      ; - java.net.URLClassLoader::defineClass@132
                      ; - java.net.URLClassLoader$1::run@43
                      ; - java.net.URLClassLoader$1::run@1
  0x0000012036795b5c: a003 4bff 

  0x0000012036795b60: ;   {other}
  0x0000012036795b60: 0f1f 8400 | d05d 0054 | 4889 6c24 | 504c 8b6c | 2420 48ff | 7424 2848 | 8f84 2490 | 0000 0048 
  0x0000012036795b80: ff74 2440 | 488f 4424 | 2048 ff74 | 2448 488f | 4424 284c | 8b5c 2460 | e932 beff | ff44 8954 
  0x0000012036795ba0: 2444 4c89 | 5c24 4848 | ff74 2428 | 488f 4424 | 3048 ff74 | 2420 488f | 4424 2848 | 8bb4 2490 
  0x0000012036795bc0: 0000 0049 | 8bcd 488d | 9424 e000 | 0000 4d8b | c7c5 f877 | 49ba 40d9 | 8195 ff7f | 0000 41ff 
  0x0000012036795be0: ;   {other}
  0x0000012036795be0: d20f 1f84 | 0000 0000 | 0048 89b4 | 2490 0000 | 0048 ff74 | 2428 488f | 4424 2048 | ff74 2430 
  0x0000012036795c00: 488f 4424 | 284c 8b5c | 2448 448b | 5424 44e9 | 07c6 ffff | 4c89 4424 | 3848 8bef 

  0x0000012036795c1c: ;   {oop(a 'jdk/internal/perf/PerfCounter'{0x000000008069ccc0})}
  0x0000012036795c1c: 48ba c0cc | 6980 0000 | 0000 4c8d | 8424 e000 | 0000 6690 

  0x0000012036795c30: ;   {runtime_call _complete_monitor_locking_Java}
  0x0000012036795c30: c5f8 77e8 

  0x0000012036795c34: ; ImmutableOopMap {rbp=Oop [32]=Oop [40]=Oop [48]=Oop [80]=Oop [112]=Oop [152]=NarrowOop [156]=NarrowOop }
                      ;*synchronization entry
                      ; - jdk.internal.perf.PerfCounter::add@-1
                      ; - jdk.internal.perf.PerfCounter::addElapsedTimeFrom@6
                      ; - java.net.URLClassLoader::defineClass@207
                      ; - java.net.URLClassLoader$1::run@43
                      ; - java.net.URLClassLoader$1::run@1
  0x0000012036795c34: c802 4bff 

  0x0000012036795c38: ;   {other}
  0x0000012036795c38: 0f1f 8400 | a85e 0055 | 488b fd4c | 8b44 2438 | e996 c8ff | ffba ccff | ffff 4c8b | 5424 504c 
  0x0000012036795c58: 8954 2420 | 48ff 7424 | 3048 8f44 | 2428 4889 | 7c24 404c | 8944 2448 | 4489 4c24 | 5466 6690 
  0x0000012036795c78: ;   {runtime_call UncommonTrapBlob}
  0x0000012036795c78: c5f8 77e8 

  0x0000012036795c7c: ; ImmutableOopMap {[32]=Oop [40]=Oop [64]=Oop [84]=NarrowOop [112]=Oop [152]=NarrowOop [156]=NarrowOop }
                      ;*invokestatic checkIndex {reexecute=0 rethrow=0 return_oop=0}
                      ; - java.nio.Buffer::checkIndex@8
                      ; - java.nio.DirectLongBufferU::get@11
                      ; - jdk.internal.perf.PerfCounter::get@5
                      ; - jdk.internal.perf.PerfCounter::add@1
                      ; - jdk.internal.perf.PerfCounter::addElapsedTimeFrom@6
                      ; - java.net.URLClassLoader::defineClass@207
                      ; - java.net.URLClassLoader$1::run@43
                      ; - java.net.URLClassLoader$1::run@1
  0x0000012036795c7c: 00e7 3eff 

  0x0000012036795c80: ;   {other}
  0x0000012036795c80: 0f1f 8400 | f05e 0056 

  0x0000012036795c88: ;   {oop(a 'jdk/internal/perf/PerfCounter'{0x000000008069ccc0})}
  0x0000012036795c88: 48b9 c0cc | 6980 0000 | 0000 488d | 9424 e000 | 0000 4d8b | c7c5 f877 | 49ba 40d9 | 8195 ff7f 
  0x0000012036795ca8: 0000 41ff 

  0x0000012036795cac: ;   {other}
  0x0000012036795cac: d20f 1f84 | 0000 0000 | 00e9 03c9 | ffff bade | ffff ff4c | 8b5c 2450 | 4c89 5c24 | 2048 ff74 
  0x0000012036795ccc: 2430 488f | 4424 2889 | 5c24 304c | 894c 2438 | 4489 5424 | 4048 894c | 2448 4889 | 7c24 5090 
  0x0000012036795cec: ;   {runtime_call UncommonTrapBlob}
  0x0000012036795cec: c5f8 77e8 

  0x0000012036795cf0: ; ImmutableOopMap {rbp=NarrowOop [32]=Oop [40]=Oop [48]=NarrowOop [56]=Oop [72]=Oop [80]=Oop [156]=NarrowOop }
                      ;*invokeinterface computeIfAbsent {reexecute=0 rethrow=0 return_oop=0}
                      ; - java.security.SecureClassLoader::getProtectionDomain@28
                      ; - java.security.SecureClassLoader::defineClass@9
                      ; - java.net.URLClassLoader::defineClass@220
                      ; - java.net.URLClassLoader$1::run@43
                      ; - java.net.URLClassLoader$1::run@1
  0x0000012036795cf0: 8ce6 3eff 

  0x0000012036795cf4: ;   {other}
  0x0000012036795cf4: 0f1f 8400 | 645f 0057 | bade ffff | ff48 ff74 | 2450 488f | 4424 204c | 896c 2428 | 4c8b 5c24 
  0x0000012036795d14: 384c 895c | 2430 4889 | 4424 f88b | 4424 5889 | 4424 4848 | 8b44 24f8 | 4c89 5424 | 5844 894c 
  0x0000012036795d34: 244c 6690 

  0x0000012036795d38: ;   {runtime_call UncommonTrapBlob}
  0x0000012036795d38: c5f8 77e8 

  0x0000012036795d3c: ; ImmutableOopMap {rbp=NarrowOop [32]=Oop [40]=Oop [72]=NarrowOop [76]=NarrowOop [88]=Oop [152]=NarrowOop [156]=NarrowOop [160]=Oop }
                      ;*invokeinterface ensureInitialization {reexecute=0 rethrow=0 return_oop=0}
                      ; - jdk.internal.loader.URLClassPath$JarLoader$2::getManifest@10
                      ; - java.net.URLClassLoader::defineClass@34
                      ; - java.net.URLClassLoader$1::run@43
                      ; - java.net.URLClassLoader$1::run@1
  0x0000012036795d3c: 40e6 3eff 

  0x0000012036795d40: ;   {other}
  0x0000012036795d40: 0f1f 8400 | b05f 0058 | 4c89 4c24 | 704c 8954 | 2468 4889 | 4424 f88b | 4424 5889 | 4424 6048 
  0x0000012036795d60: 8b44 24f8 | 48ff 7424 | 2848 8f44 | 2458 48ff | 7424 2048 | 8f44 2448 | 48ff b424 | 9000 0000 
  0x0000012036795d80: 488f 4424 | 304c 896c | 2428 48ff | 7424 5048 | 8f44 2420 | 498b d14c | 8d84 24e0 | 0000 0090 
  0x0000012036795da0: ;   {runtime_call _complete_monitor_locking_Java}
  0x0000012036795da0: c5f8 77e8 

  0x0000012036795da4: ; ImmutableOopMap {rbp=NarrowOop [32]=Oop [40]=Oop [72]=Oop [88]=Oop [96]=NarrowOop [104]=Oop [112]=Oop [152]=NarrowOop [156]=NarrowOop [160]=Oop }
                      ;*synchronization entry
                      ; - java.util.jar.JarFile::ensureInitialization@-1
                      ; - java.util.jar.JavaUtilJarAccessImpl::ensureInitialization@1
                      ; - jdk.internal.loader.URLClassPath$JarLoader$2::getManifest@10
                      ; - java.net.URLClassLoader::defineClass@34
                      ; - java.net.URLClassLoader$1::run@43
                      ; - java.net.URLClassLoader$1::run@1
  0x0000012036795da4: 5801 4bff 

  0x0000012036795da8: ;   {other}
  0x0000012036795da8: 0f1f 8400 | 1860 0059 | 48ff 7424 | 2048 8f44 | 2450 4c8b | 6c24 2848 | ff74 2430 | 488f 8424 
  0x0000012036795dc8: 9000 0000 | 48ff 7424 | 4848 8f44 | 2420 48ff | 7424 5848 | 8f44 2428 | 4889 4424 | f88b 4424 
  0x0000012036795de8: 6089 4424 | 5848 8b44 | 24f8 4c8b | 5424 684c | 8b4c 2470 | e975 b2ff | ff4c 8954 | 2440 488b 
  0x0000012036795e08: b424 9000 | 0000 498b | c948 8d94 | 24e0 0000 | 004d 8bc7 | c5f8 7749 | ba40 d981 | 95ff 7f00 
  0x0000012036795e28: 0041 ffd2 

  0x0000012036795e2c: ;   {other}
  0x0000012036795e2c: 0f1f 8400 | 0000 0000 | 4889 b424 | 9000 0000 | 4c8b 5424 | 40e9 e9b2 | ffff bade | ffff ff48 
  0x0000012036795e4c: ff74 2450 | 488f 4424 | 204c 896c | 2428 4c8b | 5c24 384c | 895c 2430 | 4c89 5424 | 4066 6690 
  0x0000012036795e6c: ;   {runtime_call UncommonTrapBlob}
  0x0000012036795e6c: c5f8 77e8 

  0x0000012036795e70: ; ImmutableOopMap {rbp=NarrowOop [32]=Oop [40]=Oop [64]=Oop [88]=NarrowOop [152]=NarrowOop [156]=NarrowOop [160]=Oop }
                      ;*invokevirtual getManifest {reexecute=0 rethrow=0 return_oop=0}
                      ; - jdk.internal.loader.URLClassPath$JarLoader$2::getManifest@22
                      ; - java.net.URLClassLoader::defineClass@34
                      ; - java.net.URLClassLoader$1::run@43
                      ; - java.net.URLClassLoader$1::run@1
  0x0000012036795e70: 0ce5 3eff 

  0x0000012036795e74: ;   {other}
  0x0000012036795e74: 0f1f 8400 | e460 005a | bade ffff | ff48 895c | 2428 4c8b | 5424 384c | 8954 2430 

  0x0000012036795e90: ;   {runtime_call UncommonTrapBlob}
  0x0000012036795e90: c5f8 77e8 

  0x0000012036795e94: ; ImmutableOopMap {rbp=NarrowOop [40]=Oop [80]=Oop [88]=NarrowOop [112]=Oop [152]=NarrowOop [156]=NarrowOop }
                      ;*invokevirtual getCodeSigners {reexecute=0 rethrow=0 return_oop=0}
                      ; - jdk.internal.loader.URLClassPath$JarLoader$2::getCodeSigners@4
                      ; - java.net.URLClassLoader::defineClass@185
                      ; - java.net.URLClassLoader$1::run@43
                      ; - java.net.URLClassLoader$1::run@1
  0x0000012036795e94: e8e4 3eff 

  0x0000012036795e98: ;   {other}
  0x0000012036795e98: 0f1f 8400 | 0861 005b | 33ed 4585 | d240 0f94 | c5ba 45ff | ffff 895c | 2428 6690 

  0x0000012036795eb4: ;   {runtime_call UncommonTrapBlob}
  0x0000012036795eb4: c5f8 77e8 

  0x0000012036795eb8: ; ImmutableOopMap {[40]=NarrowOop [80]=Oop }
                      ;*ifeq {reexecute=1 rethrow=0 return_oop=0}
                      ; - (reexecute) java.lang.String::replace@9
                      ; - java.net.URLClassLoader$1::run@8
                      ; - java.net.URLClassLoader$1::run@1
  0x0000012036795eb8: c4e4 3eff 

  0x0000012036795ebc: ;   {other}
  0x0000012036795ebc: 0f1f 8400 | 2c61 005c | ba76 ffff | ff89 4c24 | 2889 7c24 | 2c4c 8954 | 2430 895c | 243c 6690 
  0x0000012036795edc: ;   {runtime_call UncommonTrapBlob}
  0x0000012036795edc: c5f8 77e8 

  0x0000012036795ee0: ; ImmutableOopMap {[40]=NarrowOop [48]=Oop [60]=NarrowOop [80]=Oop }
                      ;*if_icmpge {reexecute=1 rethrow=0 return_oop=0}
                      ; - (reexecute) java.lang.StringLatin1::replace@61
                      ; - java.lang.String::replace@18
                      ; - java.net.URLClassLoader$1::run@8
                      ; - java.net.URLClassLoader$1::run@1
  0x0000012036795ee0: 9ce4 3eff 

  0x0000012036795ee4: ;   {other}
  0x0000012036795ee4: 0f1f 8400 | 5461 005d | 488b 7c24 | 5844 8b57 | 1045 85d2 | 0f84 08dd | ffff 4d8b | 5f28 498b 
  0x0000012036795f04: ca4d 85db | 0f84 6a21 | 0000 4d8b | 5738 4b89 | 4c1a f849 | 83c3 f84d | 895f 28e9 | e2dc ffff 
  0x0000012036795f24: baf6 ffff | ff48 8b6c | 2450 4c89 | 6c24 284c | 8b54 2438 | 4c89 5424 | 3048 8944 | 24f8 8b44 
  0x0000012036795f44: 2458 8944 | 2440 488b | 4424 f848 | 895c 2450 | 4889 4c24 | 5866 6690 

  0x0000012036795f5c: ;   {runtime_call UncommonTrapBlob}
  0x0000012036795f5c: c5f8 77e8 

  0x0000012036795f60: ; ImmutableOopMap {rbp=Oop [40]=Oop [64]=NarrowOop [80]=Oop [88]=Oop [152]=NarrowOop [156]=NarrowOop }
                      ;*invokevirtual get {reexecute=0 rethrow=0 return_oop=0}
                      ; - java.lang.ClassLoader::definePackage@47
                      ; - java.lang.ClassLoader::getDefinedPackage@32
                      ; - java.net.URLClassLoader::getAndVerifyPackage@2
                      ; - java.net.URLClassLoader::defineClass@46
                      ; - java.net.URLClassLoader$1::run@43
                      ; - java.net.URLClassLoader$1::run@1
  0x0000012036795f60: 1ce4 3eff 

  0x0000012036795f64: ;   {other}
  0x0000012036795f64: 0f1f 8400 | d461 005e | ba45 ffff | ff4c 8944 | 2420 894c | 2428 6690 

  0x0000012036795f7c: ;   {runtime_call UncommonTrapBlob}
  0x0000012036795f7c: c5f8 77e8 

  0x0000012036795f80: ; ImmutableOopMap {[32]=Oop [80]=Oop }
                      ;*iflt {reexecute=1 rethrow=0 return_oop=0}
                      ; - (reexecute) java.lang.StringConcatHelper::checkOverflow@2
                      ; - java.lang.StringConcatHelper::mix@23
                      ; - java.lang.StringConcatHelper::simpleConcat@46
                      ; - java.lang.String::concat@11
                      ; - java.net.URLClassLoader$1::run@13
                      ; - java.net.URLClassLoader$1::run@1
  0x0000012036795f80: fce3 3eff 

  0x0000012036795f84: ;   {other}
  0x0000012036795f84: 0f1f 8400 | f461 005f | ba45 ffff | ff4c 8944 | 2428 6690 

  0x0000012036795f98: ;   {runtime_call UncommonTrapBlob}
  0x0000012036795f98: c5f8 77e8 

  0x0000012036795f9c: ; ImmutableOopMap {[40]=Oop [80]=Oop }
                      ;*iflt {reexecute=1 rethrow=0 return_oop=0}
                      ; - (reexecute) java.lang.StringConcatHelper::checkOverflow@2
                      ; - java.lang.StringConcatHelper::mix@23
                      ; - java.lang.StringConcatHelper::simpleConcat@54
                      ; - java.lang.String::concat@11
                      ; - java.net.URLClassLoader$1::run@13
                      ; - java.net.URLClassLoader$1::run@1
  0x0000012036795f9c: e0e3 3eff 

  0x0000012036795fa0: ;   {other}
  0x0000012036795fa0: 0f1f 8400 | 1062 0060 | ba45 ffff | ff4c 8944 | 2428 4489 | 4c24 3890 

  0x0000012036795fb8: ;   {runtime_call UncommonTrapBlob}
  0x0000012036795fb8: c5f8 77e8 

  0x0000012036795fbc: ; ImmutableOopMap {rbp=Oop [40]=Oop [80]=Oop }
                      ;*if_icmpne {reexecute=1 rethrow=0 return_oop=0}
                      ; - (reexecute) java.lang.String::getBytes@5
                      ; - java.lang.StringConcatHelper::prepend@21
                      ; - java.lang.StringConcatHelper::simpleConcat@81
                      ; - java.lang.String::concat@11
                      ; - java.net.URLClassLoader$1::run@13
                      ; - java.net.URLClassLoader$1::run@1
  0x0000012036795fbc: c0e3 3eff 

  0x0000012036795fc0: ;   {other}
  0x0000012036795fc0: 0f1f 8400 | 3062 0061 | ba45 ffff | ff48 8b6c | 2450 4c89 | 6c24 284c | 8b54 2438 | 4c89 5424 
  0x0000012036795fe0: 3048 894c | 2460 4889 | 5c24 6848 | 894c 2470 | 897c 2478 

  0x0000012036795ff4: ;   {runtime_call UncommonTrapBlob}
  0x0000012036795ff4: c5f8 77e8 

  0x0000012036795ff8: ; ImmutableOopMap {rbp=Oop [40]=Oop [88]=NarrowOop [96]=Oop [104]=Oop [112]=Oop [120]=NarrowOop [152]=NarrowOop [156]=NarrowOop }
                      ;*ifeq {reexecute=1 rethrow=0 return_oop=0}
                      ; - (reexecute) java.lang.ClassLoader::definePackage@4
                      ; - java.lang.ClassLoader::getDefinedPackage@32
                      ; - java.net.URLClassLoader::getAndVerifyPackage@2
                      ; - java.net.URLClassLoader::defineClass@46
                      ; - java.net.URLClassLoader$1::run@43
                      ; - java.net.URLClassLoader$1::run@1
  0x0000012036795ff8: 84e3 3eff 

  0x0000012036795ffc: ;   {other}
  0x0000012036795ffc: 0f1f 8400 | 6c62 0062 | ba45 ffff | ff4c 8944 | 2420 4889 | 7424 2844 | 894c 2430 

  0x0000012036796018: ;   {runtime_call UncommonTrapBlob}
  0x0000012036796018: c5f8 77e8 

  0x000001203679601c: ; ImmutableOopMap {[32]=Oop [80]=Oop }
                      ;*if_icmpne {reexecute=1 rethrow=0 return_oop=0}
                      ; - (reexecute) java.lang.StringConcatHelper::mix@13
                      ; - java.lang.StringConcatHelper::simpleConcat@46
                      ; - java.lang.String::concat@11
                      ; - java.net.URLClassLoader$1::run@13
                      ; - java.net.URLClassLoader$1::run@1
  0x000001203679601c: 60e3 3eff 

  0x0000012036796020: ;   {other}
  0x0000012036796020: 0f1f 8400 | 9062 0063 | ba45 ffff | ff4c 8944 | 2420 4889 | 4424 2844 | 895c 2430 

  0x000001203679603c: ;   {runtime_call UncommonTrapBlob}
  0x000001203679603c: c5f8 77e8 

  0x0000012036796040: ; ImmutableOopMap {[32]=Oop [80]=Oop }
                      ;*ifge {reexecute=1 rethrow=0 return_oop=0}
                      ; - (reexecute) java.lang.StringConcatHelper::newArray@13
                      ; - java.lang.StringConcatHelper::simpleConcat@61
                      ; - java.lang.String::concat@11
                      ; - java.net.URLClassLoader$1::run@13
                      ; - java.net.URLClassLoader$1::run@1
  0x0000012036796040: 3ce3 3eff 

  0x0000012036796044: ;   {other}
  0x0000012036796044: 0f1f 8400 | b462 0064 | bae4 ffff | ff48 8b6c | 2450 4c8b | 5424 304c | 8954 2428 | 4c8b 5424 
  0x0000012036796064: 384c 8954 | 2430 448b | 9424 9800 | 0000 4489 | 5424 3844 | 8b94 249c | 0000 0044 | 8954 243c 
  0x0000012036796084: 448b 5c24 | 5844 895c | 2440 448b | 5424 4c44 | 8954 2444 | 899c 2494 | 0000 0089 | 9c24 a400 
  0x00000120367960a4: 0000 89bc | 24a8 0000 | 0089 bc24 | b000 0000 

  0x00000120367960b4: ;   {runtime_call UncommonTrapBlob}
  0x00000120367960b4: c5f8 77e8 

  0x00000120367960b8: ; ImmutableOopMap {rbp=Oop [40]=Oop [56]=NarrowOop [60]=NarrowOop [64]=NarrowOop [68]=NarrowOop [92]=NarrowOop [96]=Oop [112]=NarrowOop [120]=Oop [148]=NarrowOop [164]=NarrowOop }
                      ;*baload {reexecute=0 rethrow=0 return_oop=0}
                      ; - java.util.zip.ZipUtils::SH@2
                      ; - java.util.zip.ZipUtils::LG@2
                      ; - java.util.zip.ZipUtils::CENSIZ@5
                      ; - java.util.zip.ZipFile$ZipFileInputStream::<init>@12
                      ; - java.util.zip.ZipFile::getInputStream@88
                      ; - java.util.jar.JarFile::getInputStream@21
                      ; - jdk.internal.loader.URLClassPath$JarLoader$2::getInputStream@11
                      ; - jdk.internal.loader.Resource::cachedInputStream@9
                      ; - jdk.internal.loader.Resource::getByteBuffer@1
                      ; - java.net.URLClassLoader::defineClass@132
                      ; - java.net.URLClassLoader$1::run@43
                      ; - java.net.URLClassLoader$1::run@1
  0x00000120367960b8: c4e2 3eff 

  0x00000120367960bc: ;   {other}
  0x00000120367960bc: 0f1f 8400 | 2c63 0065 | 8b6c 2474 | 83c5 15ba | e4ff ffff | 4c8b 5424 | 504c 8954 | 2420 448b 
  0x00000120367960dc: 9c24 9800 | 0000 4489 | 5c24 4044 | 8b94 249c | 0000 0044 | 8954 2444 | 448b 5c24 | 5844 895c 
  0x00000120367960fc: 2448 899c | 24a8 0000 | 0089 bc24 | ac00 0000 | 899c 24b0 | 0000 0090 

  0x0000012036796114: ;   {runtime_call UncommonTrapBlob}
  0x0000012036796114: c5f8 77e8 

  0x0000012036796118: ; ImmutableOopMap {[32]=Oop [48]=Oop [64]=NarrowOop [68]=NarrowOop [72]=NarrowOop [76]=NarrowOop [92]=NarrowOop [96]=Oop [112]=NarrowOop [120]=Oop [168]=NarrowOop [176]=NarrowOop }
                      ;*baload {reexecute=0 rethrow=0 return_oop=0}
                      ; - java.util.zip.ZipUtils::SH@11
                      ; - java.util.zip.ZipUtils::LG@2
                      ; - java.util.zip.ZipUtils::CENSIZ@5
                      ; - java.util.zip.ZipFile$ZipFileInputStream::<init>@12
                      ; - java.util.zip.ZipFile::getInputStream@88
                      ; - java.util.jar.JarFile::getInputStream@21
                      ; - jdk.internal.loader.URLClassPath$JarLoader$2::getInputStream@11
                      ; - jdk.internal.loader.Resource::cachedInputStream@9
                      ; - jdk.internal.loader.Resource::getByteBuffer@1
                      ; - java.net.URLClassLoader::defineClass@132
                      ; - java.net.URLClassLoader$1::run@43
                      ; - java.net.URLClassLoader$1::run@1
  0x0000012036796118: 64e2 3eff 

  0x000001203679611c: ;   {other}
  0x000001203679611c: 0f1f 8400 | 8c63 0066 | bae4 ffff | ff48 8b6c | 2450 4c8b | 5424 304c | 8954 2428 | 4c8b 5424 
  0x000001203679613c: 384c 8954 | 2430 448b | 4424 5844 | 8944 2440 | 448b 5424 | 4c45 8bc2 | 4489 4424 | 4844 8b54 
  0x000001203679615c: 2474 4489 | 5424 5844 | 898c 2488 | 0000 0044 | 899c 248c | 0000 0090 

  0x0000012036796174: ;   {runtime_call UncommonTrapBlob}
  0x0000012036796174: c5f8 77e8 

  0x0000012036796178: ; ImmutableOopMap {rbp=Oop [40]=Oop [64]=NarrowOop [72]=NarrowOop [76]=NarrowOop [92]=NarrowOop [96]=Oop [112]=NarrowOop [120]=Oop [136]=NarrowOop [152]=NarrowOop [156]=NarrowOop }
                      ;*baload {reexecute=0 rethrow=0 return_oop=0}
                      ; - java.util.zip.ZipUtils::SH@2
                      ; - java.util.zip.ZipUtils::CENHOW@5
                      ; - java.util.zip.ZipFile::getInputStream@98
                      ; - java.util.jar.JarFile::getInputStream@21
                      ; - jdk.internal.loader.URLClassPath$JarLoader$2::getInputStream@11
                      ; - jdk.internal.loader.Resource::cachedInputStream@9
                      ; - jdk.internal.loader.Resource::getByteBuffer@1
                      ; - java.net.URLClassLoader::defineClass@132
                      ; - java.net.URLClassLoader$1::run@43
                      ; - java.net.URLClassLoader$1::run@1
  0x0000012036796178: 04e2 3eff 

  0x000001203679617c: ;   {other}
  0x000001203679617c: 0f1f 8400 | ec63 0067 | 8b6c 2474 | 83c5 0bba | e4ff ffff | 4c8b 5424 | 504c 8954 | 2420 448b 
  0x000001203679619c: 5424 5844 | 8954 2448 | 4489 9c24 | 8800 0000 | 4489 8c24 | 8c00 0000 

  0x00000120367961b4: ;   {runtime_call UncommonTrapBlob}
  0x00000120367961b4: c5f8 77e8 

  0x00000120367961b8: ; ImmutableOopMap {[32]=Oop [48]=Oop [72]=NarrowOop [76]=NarrowOop [92]=NarrowOop [96]=Oop [112]=NarrowOop [120]=Oop [140]=NarrowOop [152]=NarrowOop [156]=NarrowOop }
                      ;*baload {reexecute=0 rethrow=0 return_oop=0}
                      ; - java.util.zip.ZipUtils::SH@11
                      ; - java.util.zip.ZipUtils::CENHOW@5
                      ; - java.util.zip.ZipFile::getInputStream@98
                      ; - java.util.jar.JarFile::getInputStream@21
                      ; - jdk.internal.loader.URLClassPath$JarLoader$2::getInputStream@11
                      ; - jdk.internal.loader.Resource::cachedInputStream@9
                      ; - jdk.internal.loader.Resource::getByteBuffer@1
                      ; - java.net.URLClassLoader::defineClass@132
                      ; - java.net.URLClassLoader$1::run@43
                      ; - java.net.URLClassLoader$1::run@1
  0x00000120367961b8: c4e1 3eff 

  0x00000120367961bc: ;   {other}
  0x00000120367961bc: 0f1f 8400 | 2c64 0068 | 498b d34c | 8d84 24e8 | 0000 0090 

  0x00000120367961d0: ;   {runtime_call _complete_monitor_locking_Java}
  0x00000120367961d0: c5f8 77e8 

  0x00000120367961d4: ; ImmutableOopMap {[32]=Oop [40]=Oop [48]=Oop [76]=NarrowOop [80]=Oop [88]=NarrowOop [92]=NarrowOop [96]=Oop [104]=Oop [152]=NarrowOop [156]=NarrowOop }
                      ;*synchronization entry
                      ; - java.util.jar.JarFile::getInputStream@-1
                      ; - jdk.internal.loader.URLClassPath$JarLoader$2::getInputStream@11
                      ; - jdk.internal.loader.Resource::cachedInputStream@9
                      ; - jdk.internal.loader.Resource::getByteBuffer@1
                      ; - java.net.URLClassLoader::defineClass@132
                      ; - java.net.URLClassLoader$1::run@43
                      ; - java.net.URLClassLoader$1::run@1
  0x00000120367961d4: 28fd 4aff 

  0x00000120367961d8: ;   {other}
  0x00000120367961d8: 0f1f 8400 | 4864 0069 | e9ab b8ff | ff4d 8bd3 | 498b ca48 | 8d94 24e8 | 0000 004d | 8bc7 c5f8 
  0x00000120367961f8: 7749 ba40 | d981 95ff | 7f00 0041 

  0x0000012036796204: ;   {other}
  0x0000012036796204: ffd2 0f1f | 8400 0000 | 0000 e90d | bfff ffba | deff ffff | 488b 6c24 | 504c 8b54 | 2430 4c89 
  0x0000012036796224: 5424 284c | 8b54 2438 | 4c89 5424 | 3044 8b5c | 2458 4489 | 5c24 4044 | 8b54 244c | 4489 5424 
  0x0000012036796244: 484c 8b94 | 2480 0000 | 004c 8954 | 2478 6690 

  0x0000012036796254: ;   {runtime_call UncommonTrapBlob}
  0x0000012036796254: c5f8 77e8 

  0x0000012036796258: ; ImmutableOopMap {rbp=Oop [40]=Oop [64]=NarrowOop [72]=NarrowOop [76]=NarrowOop [92]=NarrowOop [96]=Oop [120]=Oop [152]=NarrowOop [156]=NarrowOop }
                      ;*invokeinterface add {reexecute=0 rethrow=0 return_oop=0}
                      ; - java.util.zip.ZipFile::getInputStream@231
                      ; - java.util.jar.JarFile::getInputStream@21
                      ; - jdk.internal.loader.URLClassPath$JarLoader$2::getInputStream@11
                      ; - jdk.internal.loader.Resource::cachedInputStream@9
                      ; - jdk.internal.loader.Resource::getByteBuffer@1
                      ; - java.net.URLClassLoader::defineClass@132
                      ; - java.net.URLClassLoader$1::run@43
                      ; - java.net.URLClassLoader$1::run@1
  0x0000012036796258: 24e1 3eff 

  0x000001203679625c: ;   {other}
  0x000001203679625c: 0f1f 8400 | cc64 006a | 498b d34c | 8d84 24f8 | 0000 0090 

  0x0000012036796270: ;   {runtime_call _complete_monitor_locking_Java}
  0x0000012036796270: c5f8 77e8 

  0x0000012036796274: ; ImmutableOopMap {[32]=Oop [40]=Oop [48]=Oop [76]=NarrowOop [80]=Oop [88]=NarrowOop [92]=NarrowOop [96]=Oop [104]=Oop [112]=Oop [128]=Oop [152]=NarrowOop [156]=NarrowOop }
                      ;*monitorenter {reexecute=0 rethrow=0 return_oop=0}
                      ; - java.util.zip.ZipFile::getInputStream@226
                      ; - java.util.jar.JarFile::getInputStream@21
                      ; - jdk.internal.loader.URLClassPath$JarLoader$2::getInputStream@11
                      ; - jdk.internal.loader.Resource::cachedInputStream@9
                      ; - jdk.internal.loader.Resource::getByteBuffer@1
                      ; - java.net.URLClassLoader::defineClass@132
                      ; - java.net.URLClassLoader$1::run@43
                      ; - java.net.URLClassLoader$1::run@1
  0x0000012036796274: 88fc 4aff 

  0x0000012036796278: ;   {other}
  0x0000012036796278: 0f1f 8400 | e864 006b | e921 bdff | ff4d 8bd3 | 498b ca48 | 8d94 24f8 | 0000 004d | 8bc7 c5f8 
  0x0000012036796298: 7749 ba40 | d981 95ff | 7f00 0041 

  0x00000120367962a4: ;   {other}
  0x00000120367962a4: ffd2 0f1f | 8400 0000 | 0000 e9cd | bdff ff33 | ed85 db40 | 0f94 c5ba | 45ff ffff | 4c89 6c24 
  0x00000120367962c4: 3048 8944 | 24f8 8b84 | 249c 0000 | 0089 4424 | 4448 8b44 | 24f8 897c | 244c 6690 

  0x00000120367962e0: ;   {runtime_call UncommonTrapBlob}
  0x00000120367962e0: c5f8 77e8 

  0x00000120367962e4: ; ImmutableOopMap {[48]=Oop [68]=NarrowOop [80]=Oop [152]=NarrowOop }
                      ;*ifeq {reexecute=1 rethrow=0 return_oop=0}
                      ; - (reexecute) java.lang.String::lastIndexOf@4
                      ; - java.lang.String::lastIndexOf@8
                      ; - java.net.URLClassLoader::defineClass@7
                      ; - java.net.URLClassLoader$1::run@43
                      ; - java.net.URLClassLoader$1::run@1
  0x00000120367962e4: 98e0 3eff 

  0x00000120367962e8: ;   {other}
  0x00000120367962e8: 0f1f 8400 | 5865 006c | 498b d7c5 | f877 49ba | 20a4 4095 | ff7f 0000 

  0x0000012036796300: ;   {other}
  0x0000012036796300: 41ff d20f | 1f84 0000 | 0000 00e9 | f5c0 ffff | ba45 ffff | ff48 8b6c | 2450 4c89 | 6c24 2848 
  0x0000012036796320: ff74 2438 | 488f 4424 | 3044 8954 | 243c 4489 | 5424 4048 | 8944 24f8 | 8b84 249c | 0000 0089 
  0x0000012036796340: 4424 4848 | 8b44 24f8 | 4889 4424 | f88b 4424 | 5889 4424 | 4c48 8b44 | 24f8 4489 | 4424 5890 
  0x0000012036796360: ;   {runtime_call UncommonTrapBlob}
  0x0000012036796360: c5f8 77e8 

  0x0000012036796364: ; ImmutableOopMap {rbp=Oop [40]=Oop [72]=NarrowOop [76]=NarrowOop [152]=NarrowOop }
                      ;*if_icmpgt {reexecute=1 rethrow=0 return_oop=0}
                      ; - (reexecute) jdk.internal.util.Preconditions::checkFromToIndex@6
                      ; - java.lang.String::checkBoundsBeginEnd@6
                      ; - java.lang.String::substring@8
                      ; - java.net.URLClassLoader::defineClass@28
                      ; - java.net.URLClassLoader$1::run@43
                      ; - java.net.URLClassLoader$1::run@1
  0x0000012036796364: 18e0 3eff 

  0x0000012036796368: ;   {other}
  0x0000012036796368: 0f1f 8400 | d865 006d | ba45 ffff | ff48 ff74 | 2450 488f | 4424 204c | 896c 2430 | 4889 4c24 
  0x0000012036796388: 6848 895c | 2470 4889 | 4c24 7890 

  0x0000012036796394: ;   {runtime_call UncommonTrapBlob}
  0x0000012036796394: c5f8 77e8 

  0x0000012036796398: ; ImmutableOopMap {[32]=Oop [48]=Oop [88]=NarrowOop [104]=Oop [112]=Oop [120]=Oop [152]=NarrowOop [156]=NarrowOop }
                      ;*ifle {reexecute=1 rethrow=0 return_oop=0}
                      ; - (reexecute) java.util.concurrent.ConcurrentHashMap::get@23
                      ; - java.lang.ClassLoader::getDefinedPackage@13
                      ; - java.net.URLClassLoader::getAndVerifyPackage@2
                      ; - java.net.URLClassLoader::defineClass@46
                      ; - java.net.URLClassLoader$1::run@43
                      ; - java.net.URLClassLoader$1::run@1
  0x0000012036796398: e4df 3eff 

  0x000001203679639c: ;   {other}
  0x000001203679639c: 0f1f 8400 | 0c66 006e | ba45 ffff | ff48 8b6c | 2450 4889 | 5c24 204c | 8b5c 2438 | 4c89 5c24 
  0x00000120367963bc: 284c 894c | 2448 4489 | 5424 5490 

  0x00000120367963c8: ;   {runtime_call UncommonTrapBlob}
  0x00000120367963c8: c5f8 77e8 

  0x00000120367963cc: ; ImmutableOopMap {rbp=Oop [32]=Oop [72]=Oop [84]=NarrowOop [112]=Oop [144]=Oop [152]=NarrowOop [156]=NarrowOop }
                      ;*ifnull {reexecute=1 rethrow=0 return_oop=0}
                      ; - (reexecute) java.security.CodeSource::<init>@25
                      ; - java.net.URLClassLoader::defineClass@198
                      ; - java.net.URLClassLoader$1::run@43
                      ; - java.net.URLClassLoader$1::run@1
  0x00000120367963cc: b0df 3eff 

  0x00000120367963d0: ;   {other}
  0x00000120367963d0: 0f1f 8400 | 4066 006f | ba45 ffff | ff4c 8b54 | 2450 4c89 | 5424 2048 | ff74 2430 | 488f 4424 
  0x00000120367963f0: 2848 897c | 2440 4c89 | 4424 4844 | 894c 2454 

  0x0000012036796400: ;   {runtime_call UncommonTrapBlob}
  0x0000012036796400: c5f8 77e8 

  0x0000012036796404: ; ImmutableOopMap {rbp=NarrowOop [32]=Oop [40]=Oop [64]=Oop [84]=NarrowOop [112]=Oop [152]=NarrowOop [156]=NarrowOop }
                      ;*ifnull {reexecute=1 rethrow=0 return_oop=0}
                      ; - (reexecute) java.nio.Buffer::session@4
                      ; - java.nio.DirectLongBufferU::get@4
                      ; - jdk.internal.perf.PerfCounter::get@5
                      ; - jdk.internal.perf.PerfCounter::add@1
                      ; - jdk.internal.perf.PerfCounter::addElapsedTimeFrom@6
                      ; - java.net.URLClassLoader::defineClass@207
                      ; - java.net.URLClassLoader$1::run@43
                      ; - java.net.URLClassLoader$1::run@1
  0x0000012036796404: 78df 3eff 

  0x0000012036796408: ;   {other}
  0x0000012036796408: 0f1f 8400 | 7866 0070 | ba45 ffff | ff48 8b6c | 2450 4c89 | 6c24 2848 | ff74 2438 | 488f 4424 
  0x0000012036796428: 3044 8954 | 243c 4489 | 5424 4048 | 8944 24f8 | 8b84 249c | 0000 0089 | 4424 4848 | 8b44 24f8 
  0x0000012036796448: 4889 4424 | f88b 4424 | 5889 4424 | 4c48 8b44 | 24f8 4489 | 4424 5844 | 8944 245c 

  0x0000012036796464: ;   {runtime_call UncommonTrapBlob}
  0x0000012036796464: c5f8 77e8 

  0x0000012036796468: ; ImmutableOopMap {rbp=Oop [40]=Oop [72]=NarrowOop [76]=NarrowOop [152]=NarrowOop }
                      ;*if_icmple {reexecute=1 rethrow=0 return_oop=0}
                      ; - (reexecute) jdk.internal.util.Preconditions::checkFromToIndex@11
                      ; - java.lang.String::checkBoundsBeginEnd@6
                      ; - java.lang.String::substring@8
                      ; - java.net.URLClassLoader::defineClass@28
                      ; - java.net.URLClassLoader$1::run@43
                      ; - java.net.URLClassLoader$1::run@1
  0x0000012036796468: 14df 3eff 

  0x000001203679646c: ;   {other}
  0x000001203679646c: 0f1f 8400 | dc66 0071 | ba45 ffff | ff48 8b6c | 2450 4c8b | 5424 304c | 8954 2420 | 4c8b 5424 
  0x000001203679648c: 384c 8954 | 2428 448b | 5424 5844 | 8954 2440 | 4889 4424 | 5844 8944 | 2460 6690 

  0x00000120367964a8: ;   {runtime_call UncommonTrapBlob}
  0x00000120367964a8: c5f8 77e8 

  0x00000120367964ac: ; ImmutableOopMap {rbp=Oop [32]=Oop [64]=NarrowOop [72]=Oop [88]=Oop [152]=NarrowOop [156]=NarrowOop }
                      ;*ifgt {reexecute=1 rethrow=0 return_oop=0}
                      ; - (reexecute) java.util.zip.CRC32::updateBytesCheck@1
                      ; - java.util.zip.CRC32::updateBytes@3
                      ; - java.util.zip.CRC32::update@31
                      ; - java.util.zip.Checksum::update@5
                      ; - jdk.internal.loader.URLClassPath$JarLoader$2::getBytes@15
                      ; - java.net.URLClassLoader::defineClass@179
                      ; - java.net.URLClassLoader$1::run@43
                      ; - java.net.URLClassLoader$1::run@1
  0x00000120367964ac: d0de 3eff 

  0x00000120367964b0: ;   {other}
  0x00000120367964b0: 0f1f 8400 | 2067 0072 | 4d3b dabd | ffff ffff | 7c08 400f | 95c5 400f | b6ed ba45 | ffff ff4c 
  0x00000120367964d0: 8b54 2450 | 4c89 5424 | 2048 ff74 | 2430 488f | 4424 284c | 8b54 2438 | 4c89 5424 | 3044 8b54 
  0x00000120367964f0: 2458 4489 | 5424 484c | 8944 2450 | 4889 5c24 | 5866 6690 

  0x0000012036796504: ;   {runtime_call UncommonTrapBlob}
  0x0000012036796504: c5f8 77e8 

  0x0000012036796508: ; ImmutableOopMap {[32]=Oop [40]=Oop [72]=NarrowOop [80]=Oop [88]=Oop [152]=NarrowOop [156]=NarrowOop }
                      ;*ifeq {reexecute=1 rethrow=0 return_oop=0}
                      ; - (reexecute) jdk.internal.loader.URLClassPath$JarLoader$2::getBytes@30
                      ; - java.net.URLClassLoader::defineClass@179
                      ; - java.net.URLClassLoader$1::run@43
                      ; - java.net.URLClassLoader$1::run@1
  0x0000012036796508: 74de 3eff 

  0x000001203679650c: ;   {other}
  0x000001203679650c: 0f1f 8400 | 7c67 0073 | 4c8b 6c24 | 3048 ff74 | 2420 488f | 8424 9000 | 0000 4889 | 4424 f88b 
  0x000001203679652c: 4424 2889 | 8424 9800 | 0000 488b | 4424 f848 | 8944 24f8 | 8b44 242c | 8984 249c | 0000 0048 
  0x000001203679654c: 8b44 24f8 | 48ff 7424 | 4048 8f44 | 2420 48ff | 7424 4848 | 8f44 2428 | 488b 4c24 | 6048 8b5c 
  0x000001203679656c: 2468 e924 | c7ff ff49 | 63ca e92c | a9ff ff48 | 83c1 fe49 | 8bf9 4833 | c048 83f9 | 087f 1048 
  0x000001203679658c: ffc9 784f | 4889 04cf | 48ff c97d | f7eb 44c5 | fdef c0e9 | 0d00 0000 | c5fe 7f07 | c5fe 7f47 
  0x00000120367965ac: 2048 83c7 | 4048 83e9 | 087d ed48 | 83c1 047c | 0cc5 fe7f | 0748 83c7 | 2048 83e9 | 0448 83c1 
  0x00000120367965cc: 047e 1048 | ffc9 c5f9 | d607 4883 | c708 48ff | c97d f3e9 | 93a9 ffff | bacc ffff | ff48 8b6c 
  0x00000120367965ec: 2450 4c89 | 6c24 284c | 8b44 2438 | 4c89 4424 | 3044 895c | 2438 4489 | 5424 4048 

  0x0000012036796608: ;   {no_reloc}
  0x0000012036796608: 8944 24f8 | 8b44 2458 | 8944 244c | 488b 4424 | f848 895c | 2458 6690 

  0x0000012036796620: ;   {runtime_call UncommonTrapBlob}
  0x0000012036796620: c5f8 77e8 

  0x0000012036796624: ; ImmutableOopMap {rbp=Oop [40]=Oop [56]=NarrowOop [76]=NarrowOop [88]=Oop [152]=NarrowOop [156]=NarrowOop }
                      ;*newarray {reexecute=1 rethrow=0 return_oop=0}
                      ; - (reexecute) java.util.Arrays::copyOfRangeByte@10
                      ; - java.util.Arrays::copyOfRange@13
                      ; - java.lang.StringLatin1::newString@16
                      ; - java.lang.String::substring@41
                      ; - java.net.URLClassLoader::defineClass@28
                      ; - java.net.URLClassLoader$1::run@43
                      ; - java.net.URLClassLoader$1::run@1
  0x0000012036796624: 58dd 3eff 

  0x0000012036796628: ;   {other}
  0x0000012036796628: 0f1f 8400 | 9868 0074 | 4c89 5c24 | 4848 895c | 2440 488b | b424 9000 | 0000 498b | d7c5 f877 
  0x0000012036796648: 49ba 20a4 | 4095 ff7f | 0000 41ff 

  0x0000012036796654: ;   {other}
  0x0000012036796654: d20f 1f84 | 0000 0000 | 0048 89b4 | 2490 0000 | 0048 8b5c | 2440 4c8b | 5c24 48e9 | 0ea9 ffff 
  0x0000012036796674: bade ffff | ff48 ff74 | 2450 488f | 4424 204c | 896c 2430 | 4889 4424 | f88b 4424 | 5889 4424 
  0x0000012036796694: 4848 8b44 | 24f8 4889 | 4c24 5048 | 895c 2458 

  0x00000120367966a4: ;   {runtime_call UncommonTrapBlob}
  0x00000120367966a4: c5f8 77e8 

  0x00000120367966a8: ; ImmutableOopMap {rbp=NarrowOop [32]=Oop [48]=Oop [72]=NarrowOop [80]=Oop [88]=Oop [152]=NarrowOop [156]=NarrowOop }
                      ;*checkcast {reexecute=0 rethrow=0 return_oop=0}
                      ; - java.lang.ClassLoader::definePackage@50
                      ; - java.lang.ClassLoader::getDefinedPackage@32
                      ; - java.net.URLClassLoader::getAndVerifyPackage@2
                      ; - java.net.URLClassLoader::defineClass@46
                      ; - java.net.URLClassLoader$1::run@43
                      ; - java.net.URLClassLoader$1::run@1
  0x00000120367966a8: d4dc 3eff 

  0x00000120367966ac: ;   {other}
  0x00000120367966ac: 0f1f 8400 | 1c69 0075 | 4d85 c90f | 8501 deff | ffeb 524d | 8b57 584d | 8b5f 48f0 | 8344 24c0 
  0x00000120367966cc: 0080 3900 | 7432 4488 | 214d 85db | 740f 4b89 | 4c1a f849 | 83c3 f84d | 895f 48eb | 1b49 8bd7 
  0x00000120367966ec: c5f8 7749 | ba00 a440 | 95ff 7f00 | 0041 ffd2 

  0x00000120367966fc: ;   {other}
  0x00000120367966fc: 0f1f 8400 | 0000 0000 | 448b 5f5c | 4585 db0f | 85ad ddff | ff48 8b5c | 2430 e963 | bcff ff48 
  0x000001203679671c: 8b7c 2448 | 448b 575c | 4585 d20f | 844e ddff | ff4d 8b5f | 2849 8bca | 4d85 db0f | 844f 1a00 
  0x000001203679673c: 004d 8b57 | 384b 894c | 1af8 4983 | c3f8 4d89 | 5f28 e928 | ddff ff4c | 8b54 2478 | 458b 5a18 
  0x000001203679675c: 4585 db0f | 843a d8ff | ff4d 8b57 | 2849 8bcb | 4d85 d20f | 8457 1a00 | 004d 8b5f | 384b 894c 
  0x000001203679677c: 13f8 4983 | c2f8 4d89 | 5728 e914 | d8ff ff4c | 8b5c 2478 | 458b 530c | 4585 d274 | 3841 8be8 
  0x000001203679679c: 488b f049 | 8bdb 4d8b | 5f28 498b | ca4d 85db | 0f84 fa19 | 0000 4d8b | 5738 4b89 | 4c1a f849 
  0x00000120367967bc: 83c3 f84d | 895f 2844 | 8b4c 245c | 4c8b db48 | 8bce 448b | c544 894c | 245c 4c8b | d144 8984 
  0x00000120367967dc: 24c0 0000 | 00e9 6ed7 | ffff 4d8b | d9e9 2adb | ffff 4c8b | 9424 8800 | 0000 458b 

  0x00000120367967f8: ;   {no_reloc}
  0x00000120367967f8: 5224 4585 | d20f 8477 | daff ff4d | 8b5f 2849 | 8bca 4d85 | db0f 84d9 | 1900 004d | 8b57 384b 
  0x0000012036796818: 894c 1af8 | 4983 c3f8 | 4d89 5f28 | e951 daff | ff4c 8b44 | 2478 458b | 581c 4585 | db0f 849e 
  0x0000012036796838: daff ff49 | 8bf8 4d8b | 5728 498b | cb4d 85d2 | 0f84 1e1a | 0000 4d8b | 5f38 4b89 | 4c13 f849 
  0x0000012036796858: 83c2 f84d | 8957 284c | 8bc7 e972 | daff ff4c | 8b94 2488 | 0000 0045 | 8b5a 1445 | 85db 0f84 
  0x0000012036796878: d4d8 ffff | 4d8b 5728 | 498b cb4d | 85d2 0f84 | 8019 0000 | 4d8b 5f38 | 4b89 4c13 | f849 83c2 
  0x0000012036796898: f84d 8957 | 28e9 aed8 | ffff 4c8b | 9424 8800 | 0000 458b | 5a18 4585 | db0f 842b | d9ff ff4d 
  0x00000120367968b8: 8b57 2849 | 8bcb 4d85 | d20f 8465 | 1900 004d | 8b5f 384b | 894c 13f8 | 4983 c2f8 | 4d89 5728 
  0x00000120367968d8: e905 d9ff | ff4c 8b94 | 2488 0000 | 0045 8b5a | 2045 85db | 0f84 36d9 | ffff 4d8b | 5728 498b 
  0x00000120367968f8: ;   {no_reloc}
  0x00000120367968f8: cb4d 85d2 | 0f84 4a19 | 0000 4d8b | 5f38 4b89 | 4c13 f849 | 83c2 f84d | 8957 28e9 | 10d9 ffff 
  0x0000012036796918: 4d8b 5758 | 4d8b 5f48 | f083 4424 | c000 8039 | 000f 8465 | d6ff ff44 | 8821 4d85 | db75 2049 
  0x0000012036796938: 8bd7 c5f8 | 7749 ba00 | a440 95ff | 7f00 0041 

  0x0000012036796948: ;   {other}
  0x0000012036796948: ffd2 0f1f | 8400 0000 | 0000 e93d | d6ff ff4b | 894c 1af8 | 4983 c3f8 | 4d89 5f48 | e92b d6ff 
  0x0000012036796968: ff49 8bd8 | 4d8b 5748 | 4d8b 5f58 | f083 4424 | c000 8039 | 0074 3244 | 8821 4d85 | d274 0f4b 
  0x0000012036796988: 894c 13f8 | 4983 c2f8 | 4d89 5748 | eb1b 498b | d7c5 f877 | 49ba 00a4 | 4095 ff7f | 0000 41ff 
  0x00000120367969a8: ;   {other}
  0x00000120367969a8: d20f 1f84 | 0000 0000 | 004c 8bc3 | 458b 501c | 4d8b cae9 | 55d9 ffff | 4d8b 5758 | 4d8b 5f48 
  0x00000120367969c8: f083 4424 | c000 8039 | 000f 8446 | d8ff ff44 | 8821 4d85 | db75 2049 | 8bd7 c5f8 | 7749 ba00 
  0x00000120367969e8: a440 95ff | 7f00 0041 

  0x00000120367969f0: ;   {other}
  0x00000120367969f0: ffd2 0f1f | 8400 0000 | 0000 e91e | d8ff ff4b | 894c 1af8 | 4983 c3f8 | 4d89 5f48 | e90c d8ff 
  0x0000012036796a10: ff4d 8b57 | 584d 8b5f | 48f0 8344 | 24c0 0080 | 3900 0f84 | 63d7 ffff | 4488 214d | 85db 7520 
  0x0000012036796a30: 498b d7c5 | f877 49ba | 00a4 4095 | ff7f 0000 

  0x0000012036796a40: ;   {other}
  0x0000012036796a40: 41ff d20f | 1f84 0000 | 0000 00e9 | 3bd7 ffff | 4b89 4c1a | f849 83c3 | f84d 895f | 48e9 29d7 
  0x0000012036796a60: ffff 4d8b | 5758 4d8b | 5f48 f083 | 4424 c000 | 8039 000f | 8480 d6ff | ff44 8821 | 4d85 db75 
  0x0000012036796a80: 2049 8bd7 | c5f8 7749 | ba00 a440 | 95ff 7f00 | 0041 ffd2 

  0x0000012036796a94: ;   {other}
  0x0000012036796a94: 0f1f 8400 | 0000 0000 | e958 d6ff | ff4b 894c | 1af8 4983 | c3f8 4d89 | 5f48 e946 | d6ff ff33 
  0x0000012036796ab4: ed45 85d2 | 400f 95c5 | ba45 ffff | ff48 ff74 | 2450 488f | 4424 204c | 896c 2430 | 4889 4c24 
  0x0000012036796ad4: 6848 895c | 2470 4889 | 4424 7890 

  0x0000012036796ae0: ;   {runtime_call UncommonTrapBlob}
  0x0000012036796ae0: c5f8 77e8 

  0x0000012036796ae4: ; ImmutableOopMap {[32]=Oop [48]=Oop [88]=NarrowOop [104]=Oop [112]=Oop [120]=Oop [152]=NarrowOop [156]=NarrowOop }
                      ;*ifne {reexecute=1 rethrow=0 return_oop=0}
                      ; - (reexecute) java.lang.Package::isSealed@7
                      ; - java.net.URLClassLoader::getAndVerifyPackage@14
                      ; - java.net.URLClassLoader::defineClass@46
                      ; - java.net.URLClassLoader$1::run@43
                      ; - java.net.URLClassLoader$1::run@1
  0x0000012036796ae4: 98d8 3eff 

  0x0000012036796ae8: ;   {other}
  0x0000012036796ae8: 0f1f 8400 | 586d 0076 | 4d8b 5758 | 4d8b 5f48 | f083 4424 | c000 8039 | 000f 84dc | d4ff ff44 
  0x0000012036796b08: 8821 4d85 | db75 2049 | 8bd7 c5f8 | 7749 ba00 | a440 95ff | 7f00 0041 

  0x0000012036796b20: ;   {other}
  0x0000012036796b20: ffd2 0f1f | 8400 0000 | 0000 e9b4 | d4ff ff4b | 894c 1af8 | 4983 c3f8 | 4d89 5f48 | e9a2 d4ff 
  0x0000012036796b40: ff4d 8b57 | 484d 8b5f | 58f0 8344 | 24c0 0080 | 3900 0f84 | 17d7 ffff | 4488 214d | 85d2 7520 
  0x0000012036796b60: 498b d7c5 | f877 49ba | 00a4 4095 | ff7f 0000 

  0x0000012036796b70: ;   {other}
  0x0000012036796b70: 41ff d20f | 1f84 0000 | 0000 00e9 | efd6 ffff | 4b89 4c13 | f849 83c2 | f84d 8957 | 48e9 ddd6 
  0x0000012036796b90: ffff 4d8b | 5748 4d8b | 5f58 f083 | 4424 c000 | 8039 000f | 8420 d7ff | ff44 8821 | 4d85 d275 
  0x0000012036796bb0: 2049 8bd7 | c5f8 7749 | ba00 a440 | 95ff 7f00 | 0041 ffd2 

  0x0000012036796bc4: ;   {other}
  0x0000012036796bc4: 0f1f 8400 | 0000 0000 | e9f8 d6ff | ff4b 894c | 13f8 4983 | c2f8 4d89 | 5748 e9e6 | d6ff ffba 
  0x0000012036796be4: 45ff ffff | 48ff 7424 | 5048 8f44 | 2420 4c89 | 6c24 3048 | 894c 2468 | 4889 5c24 | 7048 894c 
  0x0000012036796c04: 2478 89bc | 2480 0000 | 0066 6690 

  0x0000012036796c10: ;   {runtime_call UncommonTrapBlob}
  0x0000012036796c10: c5f8 77e8 

  0x0000012036796c14: ; ImmutableOopMap {[32]=Oop [48]=Oop [88]=NarrowOop [104]=Oop [112]=Oop [120]=Oop [128]=NarrowOop [152]=NarrowOop [156]=NarrowOop }
                      ;*ifle {reexecute=1 rethrow=0 return_oop=0}
                      ; - (reexecute) java.util.concurrent.ConcurrentHashMap::get@23
                      ; - java.lang.ClassLoader::definePackage@47
                      ; - java.lang.ClassLoader::getDefinedPackage@32
                      ; - java.net.URLClassLoader::getAndVerifyPackage@2
                      ; - java.net.URLClassLoader::defineClass@46
                      ; - java.net.URLClassLoader$1::run@43
                      ; - java.net.URLClassLoader$1::run@1
  0x0000012036796c14: 68d7 3eff 

  0x0000012036796c18: ;   {other}
  0x0000012036796c18: 0f1f 8400 | 886e 0077 | ba45 ffff | ff48 ff74 | 2450 488f | 4424 204c | 896c 2430 | 4889 4c24 
  0x0000012036796c38: 6848 895c | 2470 4889 | 4424 7890 

  0x0000012036796c44: ;   {runtime_call UncommonTrapBlob}
  0x0000012036796c44: c5f8 77e8 

  0x0000012036796c48: ; ImmutableOopMap {rbp=NarrowOop [32]=Oop [48]=Oop [88]=NarrowOop [104]=Oop [112]=Oop [120]=Oop [152]=NarrowOop [156]=NarrowOop }
                      ;*ifnull {reexecute=1 rethrow=0 return_oop=0}
                      ; - (reexecute) java.lang.Package::isSealed@17
                      ; - java.net.URLClassLoader::getAndVerifyPackage@14
                      ; - java.net.URLClassLoader::defineClass@46
                      ; - java.net.URLClassLoader$1::run@43
                      ; - java.net.URLClassLoader$1::run@1
  0x0000012036796c48: 34d7 3eff 

  0x0000012036796c4c: ;   {other}
  0x0000012036796c4c: 0f1f 8400 | bc6e 0078 | ba45 ffff | ff48 8b6c | 2450 48ff | 7424 3048 | 8f44 2420 | 4c8b 5424 
  0x0000012036796c6c: 384c 8954 | 2430 448b | 5c24 5844 | 895c 2440 | 8944 2444 

  0x0000012036796c80: ;   {runtime_call UncommonTrapBlob}
  0x0000012036796c80: c5f8 77e8 

  0x0000012036796c84: ; ImmutableOopMap {rbp=Oop [32]=Oop [64]=NarrowOop [72]=Oop [96]=Oop [152]=NarrowOop [156]=NarrowOop }
                      ;*ifeq {reexecute=1 rethrow=0 return_oop=0}
                      ; - (reexecute) java.net.URLClassLoader::getAndVerifyPackage@71
                      ; - java.net.URLClassLoader::defineClass@46
                      ; - java.net.URLClassLoader$1::run@43
                      ; - java.net.URLClassLoader$1::run@1
  0x0000012036796c84: f8d6 3eff 

  0x0000012036796c88: ;   {other}
  0x0000012036796c88: 0f1f 8400 | f86e 0079 | baf6 ffff | ff48 8b6c | 2450 4c89 | 6c24 284c | 8b54 2438 | 4c89 5424 
  0x0000012036796ca8: 3048 8944 | 24f8 8b44 | 2458 8944 | 2440 488b | 4424 f848 | 895c 2450 | 4889 4c24 | 584c 894c 
  0x0000012036796cc8: 2460 6690 

  0x0000012036796ccc: ;   {runtime_call UncommonTrapBlob}
  0x0000012036796ccc: c5f8 77e8 

  0x0000012036796cd0: ; ImmutableOopMap {rbp=Oop [40]=Oop [64]=NarrowOop [80]=Oop [88]=Oop [96]=Oop [152]=NarrowOop [156]=NarrowOop }
                      ;*invokevirtual compute {reexecute=0 rethrow=0 return_oop=0}
                      ; - java.lang.ClassLoader::definePackage@78
                      ; - java.lang.ClassLoader::getDefinedPackage@32
                      ; - java.net.URLClassLoader::getAndVerifyPackage@2
                      ; - java.net.URLClassLoader::defineClass@46
                      ; - java.net.URLClassLoader$1::run@43
                      ; - java.net.URLClassLoader$1::run@1
  0x0000012036796cd0: acd6 3eff 

  0x0000012036796cd4: ;   {other}
  0x0000012036796cd4: 0f1f 8400 | 446f 007a | 4c8b 6c24 | 3048 ff74 | 2420 488f | 8424 9000 | 0000 4889 | 4424 f88b 
  0x0000012036796cf4: 4424 2889 | 8424 9800 | 0000 488b | 4424 f848 | ff74 2440 | 488f 4424 | 2048 ff74 | 2448 488f 
  0x0000012036796d14: 4424 284c | 8b5c 2460 | 488b 4c24 | 6848 8b5c | 2470 8b7c | 245c e9a2 | aaff ff49 | 8bf9 498b 
  0x0000012036796d34: d7c5 f877 | 49ba 20a4 | 4095 ff7f | 0000 41ff 

  0x0000012036796d44: ;   {other}
  0x0000012036796d44: d20f 1f84 | 0000 0000 | 004c 8bcf | e9e3 b3ff | ffba 45ff | ffff 488b | 6c24 504c | 8b5c 2430 
  0x0000012036796d64: 4c89 5c24 | 284c 8b5c | 2438 4c89 | 5c24 3044 | 8b44 2458 | 4489 4424 | 404c 8b5c | 2460 4c89 
  0x0000012036796d84: 5c24 5844 | 8954 2468 | 4489 5424 | 6c66 6690 

  0x0000012036796d94: ;   {runtime_call UncommonTrapBlob}
  0x0000012036796d94: c5f8 77e8 

  0x0000012036796d98: ; ImmutableOopMap {rbp=Oop [40]=Oop [64]=NarrowOop [76]=NarrowOop [88]=Oop [96]=Oop [104]=NarrowOop [108]=NarrowOop [152]=NarrowOop [156]=NarrowOop }
                      ;*ifnonnull {reexecute=1 rethrow=0 return_oop=0}
                      ; - (reexecute) java.util.Objects::requireNonNull@1
                      ; - java.util.jar.JarFile::getInputStream@4
                      ; - jdk.internal.loader.URLClassPath$JarLoader$2::getInputStream@11
                      ; - jdk.internal.loader.Resource::cachedInputStream@9
                      ; - jdk.internal.loader.Resource::getByteBuffer@1
                      ; - java.net.URLClassLoader::defineClass@132
                      ; - java.net.URLClassLoader$1::run@43
                      ; - java.net.URLClassLoader$1::run@1
  0x0000012036796d98: e4d5 3eff 

  0x0000012036796d9c: ;   {other}
  0x0000012036796d9c: 0f1f 8400 | 0c70 007b | ba45 ffff | ff4c 8b5c | 2450 4c89 | 5c24 2044 | 8b5c 2458 | 4489 5c24 
  0x0000012036796dbc: 4844 8954 | 2478 6690 

  0x0000012036796dc4: ;   {runtime_call UncommonTrapBlob}
  0x0000012036796dc4: c5f8 77e8 

  0x0000012036796dc8: ; ImmutableOopMap {[32]=Oop [48]=Oop [72]=NarrowOop [76]=NarrowOop [92]=NarrowOop [96]=Oop [112]=NarrowOop [120]=NarrowOop [152]=NarrowOop [156]=NarrowOop }
                      ;*ifeq {reexecute=1 rethrow=0 return_oop=0}
                      ; - (reexecute) java.util.zip.ZipFile::ensureOpen@4
                      ; - java.util.zip.ZipFile::getInputStream@31
                      ; - java.util.jar.JarFile::getInputStream@21
                      ; - jdk.internal.loader.URLClassPath$JarLoader$2::getInputStream@11
                      ; - jdk.internal.loader.Resource::cachedInputStream@9
                      ; - jdk.internal.loader.Resource::getByteBuffer@1
                      ; - java.net.URLClassLoader::defineClass@132
                      ; - java.net.URLClassLoader$1::run@43
                      ; - java.net.URLClassLoader$1::run@1
  0x0000012036796dc8: b4d5 3eff 

  0x0000012036796dcc: ;   {other}
  0x0000012036796dcc: 0f1f 8400 | 3c70 007c | ba45 ffff | ff4c 8b5c | 2450 4c89 | 5c24 2044 | 8b5c 2458 | 4489 5c24 
  0x0000012036796dec: 4844 8954 | 2478 6690 

  0x0000012036796df4: ;   {runtime_call UncommonTrapBlob}
  0x0000012036796df4: c5f8 77e8 

  0x0000012036796df8: ; ImmutableOopMap {rbp=NarrowOop [32]=Oop [48]=Oop [72]=NarrowOop [76]=NarrowOop [92]=NarrowOop [96]=Oop [112]=NarrowOop [120]=NarrowOop [152]=NarrowOop [156]=NarrowOop }
                      ;*ifnonnull {reexecute=1 rethrow=0 return_oop=0}
                      ; - (reexecute) java.util.zip.ZipFile::ensureOpen@25
                      ; - java.util.zip.ZipFile::getInputStream@31
                      ; - java.util.jar.JarFile::getInputStream@21
                      ; - jdk.internal.loader.URLClassPath$JarLoader$2::getInputStream@11
                      ; - jdk.internal.loader.Resource::cachedInputStream@9
                      ; - jdk.internal.loader.Resource::getByteBuffer@1
                      ; - java.net.URLClassLoader::defineClass@132
                      ; - java.net.URLClassLoader$1::run@43
                      ; - java.net.URLClassLoader$1::run@1
  0x0000012036796df8: 84d5 3eff 

  0x0000012036796dfc: ;   {other}
  0x0000012036796dfc: 0f1f 8400 | 6c70 007d | ba45 ffff | ff48 8b6c | 2450 4c8b | 5c24 304c | 895c 2428 | 4c8b 5c24 
  0x0000012036796e1c: 384c 895c | 2430 448b | 4c24 5844 | 894c 2440 | 4c8b 5c24 | 604c 895c | 2450 4c89 | 5c24 5844 
  0x0000012036796e3c: 8944 2460 | 4489 5424 | 6444 8944 | 2468 6690 

  0x0000012036796e4c: ;   {runtime_call UncommonTrapBlob}
  0x0000012036796e4c: c5f8 77e8 

  0x0000012036796e50: ; ImmutableOopMap {rbp=Oop [40]=Oop [64]=NarrowOop [80]=Oop [88]=Oop [96]=NarrowOop [104]=NarrowOop [152]=NarrowOop [156]=NarrowOop }
                      ;*if_icmpne {reexecute=1 rethrow=0 return_oop=0}
                      ; - (reexecute) java.util.zip.ZipFile::getInputStream@69
                      ; - java.util.jar.JarFile::getInputStream@21
                      ; - jdk.internal.loader.URLClassPath$JarLoader$2::getInputStream@11
                      ; - jdk.internal.loader.Resource::cachedInputStream@9
                      ; - jdk.internal.loader.Resource::getByteBuffer@1
                      ; - java.net.URLClassLoader::defineClass@132
                      ; - java.net.URLClassLoader$1::run@43
                      ; - java.net.URLClassLoader$1::run@1
  0x0000012036796e50: 2cd5 3eff 

  0x0000012036796e54: ;   {other}
  0x0000012036796e54: 0f1f 8400 | c470 007e | 4d3b c2bd | ffff ffff | 7c08 400f | 95c5 400f | b6ed ba45 | ffff ff4c 
  0x0000012036796e74: 8b54 2450 | 4c89 5424 | 2044 8b9c | 2498 0000 | 0044 895c | 2440 448b | 5424 5844 | 8954 2448 
  0x0000012036796e94: 899c 2498 | 0000 0090 

  0x0000012036796e9c: ;   {runtime_call UncommonTrapBlob}
  0x0000012036796e9c: c5f8 77e8 

  0x0000012036796ea0: ; ImmutableOopMap {[32]=Oop [48]=Oop [64]=NarrowOop [72]=NarrowOop [76]=NarrowOop [92]=NarrowOop [96]=Oop [112]=NarrowOop [120]=Oop [152]=NarrowOop [156]=NarrowOop }
                      ;*ifeq {reexecute=1 rethrow=0 return_oop=0}
                      ; - (reexecute) java.util.zip.ZipFile$ZipFileInputStream::<init>@44
                      ; - java.util.zip.ZipFile::getInputStream@88
                      ; - java.util.jar.JarFile::getInputStream@21
                      ; - jdk.internal.loader.URLClassPath$JarLoader$2::getInputStream@11
                      ; - jdk.internal.loader.Resource::cachedInputStream@9
                      ; - jdk.internal.loader.Resource::getByteBuffer@1
                      ; - java.net.URLClassLoader::defineClass@132
                      ; - java.net.URLClassLoader$1::run@43
                      ; - java.net.URLClassLoader$1::run@1
  0x0000012036796ea0: dcd4 3eff 

  0x0000012036796ea4: ;   {other}
  0x0000012036796ea4: 0f1f 8400 | 1471 007f | 4d3b dabd | ffff ffff | 7c08 400f | 95c5 400f | b6ed ba45 | ffff ff4c 
  0x0000012036796ec4: 8b54 2450 | 4c89 5424 | 2044 8b94 | 2498 0000 | 0044 8954 | 2440 448b | 5424 5844 | 8954 2448 
  0x0000012036796ee4: 899c 2498 | 0000 0090 

  0x0000012036796eec: ;   {runtime_call UncommonTrapBlob}
  0x0000012036796eec: c5f8 77e8 

  0x0000012036796ef0: ; ImmutableOopMap {[32]=Oop [48]=Oop [64]=NarrowOop [72]=NarrowOop [76]=NarrowOop [92]=NarrowOop [96]=Oop [112]=NarrowOop [120]=Oop [152]=NarrowOop [156]=NarrowOop }
                      ;*ifeq {reexecute=1 rethrow=0 return_oop=0}
                      ; - (reexecute) java.util.zip.ZipFile$ZipFileInputStream::<init>@55
                      ; - java.util.zip.ZipFile::getInputStream@88
                      ; - java.util.jar.JarFile::getInputStream@21
                      ; - jdk.internal.loader.URLClassPath$JarLoader$2::getInputStream@11
                      ; - jdk.internal.loader.Resource::cachedInputStream@9
                      ; - jdk.internal.loader.Resource::getByteBuffer@1
                      ; - java.net.URLClassLoader::defineClass@132
                      ; - java.net.URLClassLoader$1::run@43
                      ; - java.net.URLClassLoader$1::run@1
  0x0000012036796ef0: 8cd4 3eff 

  0x0000012036796ef4: ;   {other}
  0x0000012036796ef4: 0f1f 8400 | 6471 0080 | 4d3b cabd | ffff ffff | 7c08 400f | 95c5 400f | b6ed ba45 | ffff ff4c 
  0x0000012036796f14: 8b54 2450 | 4c89 5424 | 2044 8b9c | 2498 0000 | 0044 895c | 2440 448b | 5424 5844 | 8954 2448 
  0x0000012036796f34: 899c 2498 | 0000 0090 

  0x0000012036796f3c: ;   {runtime_call UncommonTrapBlob}
  0x0000012036796f3c: c5f8 77e8 

  0x0000012036796f40: ; ImmutableOopMap {[32]=Oop [48]=Oop [64]=NarrowOop [72]=NarrowOop [76]=NarrowOop [92]=NarrowOop [96]=Oop [112]=NarrowOop [120]=Oop [152]=NarrowOop [156]=NarrowOop }
                      ;*ifne {reexecute=1 rethrow=0 return_oop=0}
                      ; - (reexecute) java.util.zip.ZipFile$ZipFileInputStream::<init>@66
                      ; - java.util.zip.ZipFile::getInputStream@88
                      ; - java.util.jar.JarFile::getInputStream@21
                      ; - jdk.internal.loader.URLClassPath$JarLoader$2::getInputStream@11
                      ; - jdk.internal.loader.Resource::cachedInputStream@9
                      ; - jdk.internal.loader.Resource::getByteBuffer@1
                      ; - java.net.URLClassLoader::defineClass@132
                      ; - java.net.URLClassLoader$1::run@43
                      ; - java.net.URLClassLoader$1::run@1
  0x0000012036796f40: 3cd4 3eff 

  0x0000012036796f44: ;   {other}
  0x0000012036796f44: 0f1f 8400 | b471 0081 | c5fb 1144 | 2468 4489 | 5424 4c4c | 895c 2460 | 4889 4424 | f88b 4424 
  0x0000012036796f64: 5889 4424 | 4848 8b44 | 24f8 48ff | 7424 2848 | 8f44 2440 | 48ff 7424 | 2048 8f44 | 2428 488b 
  0x0000012036796f84: ac24 9000 | 0000 4c89 

  0x0000012036796f8c: ;   {metadata('java/io/FileInputStream')}
  0x0000012036796f8c: 6c24 3048 | ba40 1a01 | 4420 0100 | 0066 6690 

  0x0000012036796f9c: ;   {runtime_call _new_instance_Java}
  0x0000012036796f9c: c5f8 77e8 

  0x0000012036796fa0: ; ImmutableOopMap {[40]=Oop [48]=Oop [64]=Oop [72]=NarrowOop [80]=Oop [104]=Oop [152]=NarrowOop [156]=NarrowOop }
                      ;*new {reexecute=0 rethrow=0 return_oop=1}
                      ; - jdk.internal.loader.URLClassPath$FileLoader$1::getInputStream@0
                      ; - jdk.internal.loader.Resource::cachedInputStream@9
                      ; - jdk.internal.loader.Resource::getByteBuffer@1
                      ; - java.net.URLClassLoader::defineClass@132
                      ; - java.net.URLClassLoader$1::run@43
                      ; - java.net.URLClassLoader$1::run@1
  0x0000012036796fa0: dcd5 4aff 

  0x0000012036796fa4: ;   {other}
  0x0000012036796fa4: 0f1f 8400 | 1472 0082 | 4c8b 6c24 | 3048 89ac | 2490 0000 | 0048 ff74 | 2428 488f | 4424 2048 
  0x0000012036796fc4: ff74 2440 | 488f 4424 | 2848 8944 | 24f8 8b44 | 2448 8944 | 2458 488b | 4424 f84c | 8b5c 2460 
  0x0000012036796fe4: 448b 5424 | 4cc5 fb10 | 4424 68e9 | 75be ffff | 8974 245c | 4c89 7424 | 70c5 fb11 | 4424 6844 
  0x0000012036797004: 8954 244c | 4c89 5c24 | 6048 8944 | 24f8 8b44 | 2458 8944 | 2448 488b | 4424 f848 | ff74 2428 
  0x0000012036797024: 488f 4424 | 4048 ff74 | 2420 488f | 4424 2848 | 8944 24f8 | 8b84 249c | 0000 0089 | 4424 2448 
  0x0000012036797044: 8b44 24f8 | 4889 4424 | f88b 8424 | 9800 0000 | 8944 2420 | 488b 4424 | f848 8bac | 2490 0000 
  0x0000012036797064: 004c 896c 

  0x0000012036797068: ;   {metadata('java/lang/Object')}
  0x0000012036797068: 2430 48ba | 900e 0044 | 2001 0000 

  0x0000012036797074: ;   {runtime_call _new_instance_Java}
  0x0000012036797074: c5f8 77e8 

  0x0000012036797078: ; ImmutableOopMap {[32]=NarrowOop [36]=NarrowOop [40]=Oop [48]=Oop [64]=Oop [72]=NarrowOop [80]=Oop [92]=NarrowOop [104]=Oop [112]=Oop }
                      ;*new {reexecute=0 rethrow=0 return_oop=1}
                      ; - java.io.FileInputStream::<init>@5
                      ; - jdk.internal.loader.URLClassPath$FileLoader$1::getInputStream@8
                      ; - jdk.internal.loader.Resource::cachedInputStream@9
                      ; - jdk.internal.loader.Resource::getByteBuffer@1
                      ; - java.net.URLClassLoader::defineClass@132
                      ; - java.net.URLClassLoader$1::run@43
                      ; - java.net.URLClassLoader$1::run@1
  0x0000012036797078: 04d5 4aff 

  0x000001203679707c: ;   {other}
  0x000001203679707c: 0f1f 8400 | ec72 0083 | 4c8b 6c24 | 3048 89ac | 2490 0000 | 0048 8944 | 24f8 8b44 | 2420 8984 
  0x000001203679709c: 2498 0000 | 0048 8b44 | 24f8 4889 | 4424 f88b | 4424 2489 | 8424 9c00 | 0000 488b | 4424 f848 
  0x00000120367970bc: ff74 2428 | 488f 4424 | 2048 ff74 | 2440 488f | 4424 2848 | 8944 24f8 | 8b44 2448 | 8944 2458 
  0x00000120367970dc: 488b 4424 | f84c 8b5c | 2460 448b | 5424 4cc5 | fb10 4424 | 684c 8b74 | 2470 8b74 | 245c e9b2 
  0x00000120367970fc: bdff ff48 | 897c 2478 | 4489 4424 | 5c4c 8974 | 2470 c5fb | 1144 2468 | 4489 5424 | 4c4c 895c 
  0x000001203679711c: 2460 48ff | 7424 2848 | 8f44 2440 | 48ff 7424 | 2048 8f44 | 2428 4889 | 4424 f88b | 8424 9c00 
  0x000001203679713c: 0000 8944 | 2424 488b | 4424 f848 | 8944 24f8 | 8b84 2498 | 0000 0089 | 4424 2048 | 8b44 24f8 
  0x000001203679715c: 488b ac24 | 9000 0000 | 4c89 6c24 

  0x0000012036797168: ;   {metadata('java/io/FileDescriptor')}
  0x0000012036797168: 3048 bae8 | 2401 4420 | 0100 0090 

  0x0000012036797174: ;   {runtime_call _new_instance_Java}
  0x0000012036797174: c5f8 77e8 

  0x0000012036797178: ; ImmutableOopMap {[32]=NarrowOop [36]=NarrowOop [40]=Oop [48]=Oop [64]=Oop [80]=Oop [88]=NarrowOop [92]=NarrowOop [104]=Oop [112]=Oop [120]=Oop }
                      ;*new {reexecute=0 rethrow=0 return_oop=1}
                      ; - java.io.FileInputStream::<init>@71
                      ; - jdk.internal.loader.URLClassPath$FileLoader$1::getInputStream@8
                      ; - jdk.internal.loader.Resource::cachedInputStream@9
                      ; - jdk.internal.loader.Resource::getByteBuffer@1
                      ; - java.net.URLClassLoader::defineClass@132
                      ; - java.net.URLClassLoader$1::run@43
                      ; - java.net.URLClassLoader$1::run@1
  0x0000012036797178: 04d4 4aff 

  0x000001203679717c: ;   {other}
  0x000001203679717c: 0f1f 8400 | ec73 0084 | 4c8b 6c24 | 3048 89ac | 2490 0000 | 0048 8944 | 24f8 8b44 | 2420 8984 
  0x000001203679719c: 2498 0000 | 0048 8b44 | 24f8 4889 | 4424 f88b | 4424 2489 | 8424 9c00 | 0000 488b | 4424 f848 
  0x00000120367971bc: ff74 2428 | 488f 4424 | 2048 ff74 | 2440 488f | 4424 284c | 8b5c 2460 | 448b 5424 | 4cc5 fb10 
  0x00000120367971dc: 4424 684c | 8b74 2470 | 448b 4424 | 5c4c 8bc8 | 488b 7c24 | 78e9 7ebe | ffff 4889 | 7c24 7844 
  0x00000120367971fc: 8954 245c | 4889 4c24 | 7044 894c 

  0x0000012036797208: ;   {metadata('java/io/FileCleanable')}
  0x0000012036797208: 244c 48ba | 288c 1b44 | 2001 0000 

  0x0000012036797214: ;   {runtime_call _new_instance_Java}
  0x0000012036797214: c5f8 77e8 

  0x0000012036797218: ; ImmutableOopMap {[32]=Oop [40]=Oop [48]=Oop [76]=NarrowOop [80]=Oop [88]=NarrowOop [96]=Oop [104]=Oop [120]=Oop [152]=NarrowOop [156]=NarrowOop }
                      ;*new {reexecute=0 rethrow=0 return_oop=1}
                      ; - java.io.FileCleanable::register@32
                      ; - java.io.FileInputStream::<init>@103
                      ; - jdk.internal.loader.URLClassPath$FileLoader$1::getInputStream@8
                      ; - jdk.internal.loader.Resource::cachedInputStream@9
                      ; - jdk.internal.loader.Resource::getByteBuffer@1
                      ; - java.net.URLClassLoader::defineClass@132
                      ; - java.net.URLClassLoader$1::run@43
                      ; - java.net.URLClassLoader$1::run@1
  0x0000012036797218: 64d3 4aff 

  0x000001203679721c: ;   {other}
  0x000001203679721c: 0f1f 8400 | 8c74 0085 | 488b d8e9 | 06c1 ffff | baf6 ffff | ff48 8b6c | 2450 4c8b | 5424 304c 
  0x000001203679723c: 8954 2428 | 4c8b 5424 | 384c 8954 | 2430 448b | 5424 5844 | 8954 2440 | 4c8b 5424 | 604c 8954 
  0x000001203679725c: 2458 448b | 5424 4c44 | 8954 2444 | 448b 5424 | 7044 8954 | 2468 4489 | 5c24 7090 

  0x0000012036797278: ;   {runtime_call UncommonTrapBlob}
  0x0000012036797278: c5f8 77e8 

  0x000001203679727c: ; ImmutableOopMap {rbp=Oop [40]=Oop [64]=NarrowOop [68]=NarrowOop [88]=Oop [96]=Oop [104]=NarrowOop [112]=NarrowOop [152]=NarrowOop [156]=NarrowOop }
                      ;*invokevirtual getEntryPos {reexecute=0 rethrow=0 return_oop=0}
                      ; - java.util.zip.ZipFile::getInputStream@63
                      ; - java.util.jar.JarFile::getInputStream@21
                      ; - jdk.internal.loader.URLClassPath$JarLoader$2::getInputStream@11
                      ; - jdk.internal.loader.Resource::cachedInputStream@9
                      ; - jdk.internal.loader.Resource::getByteBuffer@1
                      ; - java.net.URLClassLoader::defineClass@132
                      ; - java.net.URLClassLoader$1::run@43
                      ; - java.net.URLClassLoader$1::run@1
  0x000001203679727c: 00d1 3eff 

  0x0000012036797280: ;   {other}
  0x0000012036797280: 0f1f 8400 | f074 0086 | ba45 ffff | ff48 ff74 | 2450 488f | 4424 204c | 896c 2430 | 4889 4c24 
  0x00000120367972a0: 6848 895c | 2470 4889 | 4c24 7844 | 8994 2488 | 0000 0089 | 8424 8c00 | 0000 6690 

  0x00000120367972bc: ;   {runtime_call UncommonTrapBlob}
  0x00000120367972bc: c5f8 77e8 

  0x00000120367972c0: ; ImmutableOopMap {rbp=NarrowOop [32]=Oop [48]=Oop [88]=NarrowOop [104]=Oop [112]=Oop [120]=Oop [136]=NarrowOop [152]=NarrowOop [156]=NarrowOop }
                      ;*ifnull {reexecute=1 rethrow=0 return_oop=0}
                      ; - (reexecute) java.util.concurrent.ConcurrentHashMap::get@67
                      ; - java.lang.ClassLoader::getDefinedPackage@13
                      ; - java.net.URLClassLoader::getAndVerifyPackage@2
                      ; - java.net.URLClassLoader::defineClass@46
                      ; - java.net.URLClassLoader$1::run@43
                      ; - java.net.URLClassLoader$1::run@1
  0x00000120367972c0: bcd0 3eff 

  0x00000120367972c4: ;   {other}
  0x00000120367972c4: 0f1f 8400 | 3475 0087 | ba45 ffff | ff48 8b6c | 2450 48ff | 7424 3048 | 8f44 2420 | 4c8b 5424 
  0x00000120367972e4: 384c 8954 | 2430 8984 | 2488 0000 | 0066 6690 

  0x00000120367972f4: ;   {runtime_call UncommonTrapBlob}
  0x00000120367972f4: c5f8 77e8 

  0x00000120367972f8: ; ImmutableOopMap {rbp=Oop [32]=Oop [64]=Oop [72]=Oop [88]=NarrowOop [96]=NarrowOop [152]=NarrowOop [156]=NarrowOop }
                      ;*ifeq {reexecute=1 rethrow=0 return_oop=0}
                      ; - (reexecute) java.util.concurrent.ConcurrentHashMap::get@76
                      ; - java.lang.ClassLoader::getDefinedPackage@13
                      ; - java.net.URLClassLoader::getAndVerifyPackage@2
                      ; - java.net.URLClassLoader::defineClass@46
                      ; - java.net.URLClassLoader$1::run@43
                      ; - java.net.URLClassLoader$1::run@1
  0x00000120367972f8: 84d0 3eff 

  0x00000120367972fc: ;   {other}
  0x00000120367972fc: 0f1f 8400 | 6c75 0088 | ba45 ffff | ff48 ff74 | 2450 488f | 4424 204c | 896c 2430 | 4889 4c24 
  0x000001203679731c: 6848 895c | 2470 4889 | 4c24 7889 | bc24 8000 | 0000 4489 | 9424 8400 | 0000 4489 | 8424 9000 
  0x000001203679733c: 0000 6690 

  0x0000012036797340: ;   {runtime_call UncommonTrapBlob}
  0x0000012036797340: c5f8 77e8 

  0x0000012036797344: ; ImmutableOopMap {rbp=NarrowOop [32]=Oop [48]=Oop [88]=NarrowOop [104]=Oop [112]=Oop [120]=Oop [128]=NarrowOop [132]=NarrowOop [152]=NarrowOop [156]=NarrowOop }
                      ;*ifnull {reexecute=1 rethrow=0 return_oop=0}
                      ; - (reexecute) java.util.concurrent.ConcurrentHashMap::get@67
                      ; - java.lang.ClassLoader::definePackage@47
                      ; - java.lang.ClassLoader::getDefinedPackage@32
                      ; - java.net.URLClassLoader::getAndVerifyPackage@2
                      ; - java.net.URLClassLoader::defineClass@46
                      ; - java.net.URLClassLoader$1::run@43
                      ; - java.net.URLClassLoader$1::run@1
  0x0000012036797344: 38d0 3eff 

  0x0000012036797348: ;   {other}
  0x0000012036797348: 0f1f 8400 | b875 0089 | ba45 ffff | ff48 8b6c | 2450 48ff | 7424 3048 | 8f44 2420 | 4c8b 5424 
  0x0000012036797368: 384c 8954 | 2430 8944 | 247c 6690 

  0x0000012036797374: ;   {runtime_call UncommonTrapBlob}
  0x0000012036797374: c5f8 77e8 

  0x0000012036797378: ; ImmutableOopMap {rbp=Oop [32]=Oop [72]=Oop [88]=NarrowOop [92]=NarrowOop [96]=Oop [108]=NarrowOop [152]=NarrowOop [156]=NarrowOop }
                      ;*ifeq {reexecute=1 rethrow=0 return_oop=0}
                      ; - (reexecute) java.util.concurrent.ConcurrentHashMap::get@76
                      ; - java.lang.ClassLoader::definePackage@47
                      ; - java.lang.ClassLoader::getDefinedPackage@32
                      ; - java.net.URLClassLoader::getAndVerifyPackage@2
                      ; - java.net.URLClassLoader::defineClass@46
                      ; - java.net.URLClassLoader$1::run@43
                      ; - java.net.URLClassLoader$1::run@1
  0x0000012036797378: 04d0 3eff 

  0x000001203679737c: ;   {other}
  0x000001203679737c: 0f1f 8400 | ec75 008a | 498b e948 | 897c 2458 | 48ff b424 | 9000 0000 | 488f 4424 

  0x0000012036797398: ;   {metadata('java/security/CodeSigner'[])}
  0x0000012036797398: 4848 bad0 | 774e 4520 | 0100 0044 | 8bc1 6690 

  0x00000120367973a8: ;   {runtime_call _new_array_Java}
  0x00000120367973a8: c5f8 77e8 

  0x00000120367973ac: ; ImmutableOopMap {[32]=Oop [40]=Oop [48]=Oop [72]=Oop [80]=Oop [88]=Oop [112]=Oop [144]=Oop [152]=NarrowOop [156]=NarrowOop }
                      ;*invokevirtual clone {reexecute=1 rethrow=0 return_oop=1}
                      ; - (reexecute) java.security.CodeSource::<init>@42
                      ; - java.net.URLClassLoader::defineClass@198
                      ; - java.net.URLClassLoader$1::run@43
                      ; - java.net.URLClassLoader$1::run@1
  0x00000120367973ac: d0ce 4aff 

  0x00000120367973b0: ;   {other}
  0x00000120367973b0: 0f1f 8400 | 2076 008b | 488b d8e9 | 03c8 ffff | 4889 7424 | 6044 895c | 2448 4889 

  0x00000120367973cc: ;   {metadata('java/security/CodeSigner'[])}
  0x00000120367973cc: 5c24 3048 | bad0 774e | 4520 0100 | 0045 8bc1 

  0x00000120367973dc: ;   {runtime_call _new_array_Java}
  0x00000120367973dc: c5f8 77e8 

  0x00000120367973e0: ; ImmutableOopMap {rbp=Oop [32]=Oop [40]=Oop [48]=Oop [72]=NarrowOop [80]=Oop [88]=NarrowOop [112]=Oop [152]=NarrowOop [156]=NarrowOop }
                      ;*invokevirtual clone {reexecute=1 rethrow=0 return_oop=1}
                      ; - (reexecute) java.util.jar.JarFile$JarFileEntry::getCodeSigners@70
                      ; - jdk.internal.loader.URLClassPath$JarLoader$2::getCodeSigners@4
                      ; - java.net.URLClassLoader::defineClass@185
                      ; - java.net.URLClassLoader$1::run@43
                      ; - java.net.URLClassLoader$1::run@1
  0x00000120367973e0: 9cce 4aff 

  0x00000120367973e4: ;   {other}
  0x00000120367973e4: 0f1f 8400 | 5476 008c | 488b 5c24 | 3044 8b5c | 2448 488b | 7424 6048 | 8bf8 e936 | d1ff ffba 
  0x0000012036797404: 45ff ffff | 4c8b 5c24 | 504c 895c | 2420 448b | 4424 5844 | 8944 2448 | 4489 5424 | 7889 8c24 
  0x0000012036797424: 8000 0000 

  0x0000012036797428: ;   {runtime_call UncommonTrapBlob}
  0x0000012036797428: c5f8 77e8 

  0x000001203679742c: ; ImmutableOopMap {[32]=Oop [48]=Oop [72]=NarrowOop [76]=NarrowOop [92]=NarrowOop [96]=Oop [112]=NarrowOop [120]=NarrowOop [152]=NarrowOop [156]=NarrowOop }
                      ;*if_icmpne {reexecute=1 rethrow=0 return_oop=0}
                      ; - (reexecute) java.lang.String::equals@33
                      ; - java.util.Objects::equals@11
                      ; - java.util.zip.ZipFile::getInputStream@42
                      ; - java.util.jar.JarFile::getInputStream@21
                      ; - jdk.internal.loader.URLClassPath$JarLoader$2::getInputStream@11
                      ; - jdk.internal.loader.Resource::cachedInputStream@9
                      ; - jdk.internal.loader.Resource::getByteBuffer@1
                      ; - java.net.URLClassLoader::defineClass@132
                      ; - java.net.URLClassLoader$1::run@43
                      ; - java.net.URLClassLoader$1::run@1
  0x000001203679742c: 50cf 3eff 

  0x0000012036797430: ;   {other}
  0x0000012036797430: 0f1f 8400 | a076 008d | ba45 ffff | ff48 ff74 | 2450 488f | 4424 204c | 896c 2430 | 4889 4c24 
  0x0000012036797450: 6848 895c | 2470 4889 | 4c24 784c | 898c 2488 | 0000 0089 | 8424 9000 | 0000 6690 

  0x000001203679746c: ;   {runtime_call UncommonTrapBlob}
  0x000001203679746c: c5f8 77e8 

  0x0000012036797470: ; ImmutableOopMap {rbp=NarrowOop [32]=Oop [48]=Oop [88]=NarrowOop [104]=Oop [112]=Oop [120]=Oop [136]=Oop [152]=NarrowOop [156]=NarrowOop }
                      ;*ifnull {reexecute=1 rethrow=0 return_oop=0}
                      ; - (reexecute) java.util.concurrent.ConcurrentHashMap::get@143
                      ; - java.lang.ClassLoader::getDefinedPackage@13
                      ; - java.net.URLClassLoader::getAndVerifyPackage@2
                      ; - java.net.URLClassLoader::defineClass@46
                      ; - java.net.URLClassLoader$1::run@43
                      ; - java.net.URLClassLoader$1::run@1
  0x0000012036797470: 0ccf 3eff 

  0x0000012036797474: ;   {other}
  0x0000012036797474: 0f1f 8400 | e476 008e | 4c89 5c24 

  0x0000012036797480: ;   {metadata('java/util/jar/JarVerifier$VerifierStream')}
  0x0000012036797480: 7048 ba08 | 04c9 4520 | 0100 0090 

  0x000001203679748c: ;   {runtime_call _new_instance_Java}
  0x000001203679748c: c5f8 77e8 

  0x0000012036797490: ; ImmutableOopMap {rbp=Oop [32]=Oop [40]=Oop [48]=Oop [80]=Oop [88]=NarrowOop [92]=NarrowOop [96]=Oop [104]=Oop [112]=Oop [152]=NarrowOop [156]=NarrowOop }
                      ;*new {reexecute=0 rethrow=0 return_oop=1}
                      ; - java.util.jar.JarFile::getInputStream@66
                      ; - jdk.internal.loader.URLClassPath$JarLoader$2::getInputStream@11
                      ; - jdk.internal.loader.Resource::cachedInputStream@9
                      ; - jdk.internal.loader.Resource::getByteBuffer@1
                      ; - java.net.URLClassLoader::defineClass@132
                      ; - java.net.URLClassLoader$1::run@43
                      ; - java.net.URLClassLoader$1::run@1
  0x0000012036797490: ecd0 4aff 

  0x0000012036797494: ;   {other}
  0x0000012036797494: 0f1f 8400 | 0477 008f | e944 caff 

  0x00000120367974a0: ;   {metadata('sun/security/util/ManifestEntryVerifier')}
  0x00000120367974a0: ff48 bad0 | 4d04 4520 | 0100 0090 

  0x00000120367974ac: ;   {runtime_call _new_instance_Java}
  0x00000120367974ac: c5f8 77e8 

  0x00000120367974b0: ; ImmutableOopMap {rbp=Oop [32]=Oop [40]=Oop [48]=Oop [80]=Oop [88]=NarrowOop [92]=NarrowOop [96]=Oop [104]=Oop [112]=Oop [120]=Oop [128]=Oop [152]=NarrowOop [156]=NarrowOop [192]=NarrowOop }
                      ;*new {reexecute=0 rethrow=0 return_oop=1}
                      ; - java.util.jar.JarVerifier$VerifierStream::<init>@22
                      ; - java.util.jar.JarFile::getInputStream@84
                      ; - jdk.internal.loader.URLClassPath$JarLoader$2::getInputStream@11
                      ; - jdk.internal.loader.Resource::cachedInputStream@9
                      ; - jdk.internal.loader.Resource::getByteBuffer@1
                      ; - java.net.URLClassLoader::defineClass@132
                      ; - java.net.URLClassLoader$1::run@43
                      ; - java.net.URLClassLoader$1::run@1
  0x00000120367974b0: ccd0 4aff 

  0x00000120367974b4: ;   {other}
  0x00000120367974b4: 0f1f 8400 | 2477 0090 | 4c8b d0e9 | 6ccb ffff | 899c 24dc | 0000 0089 | bc24 d800 

  0x00000120367974d0: ;   {metadata('java/util/ArrayList')}
  0x00000120367974d0: 0000 48ba | d089 0b44 | 2001 0000 

  0x00000120367974dc: ;   {runtime_call _new_instance_Java}
  0x00000120367974dc: c5f8 77e8 

  0x00000120367974e0: ; ImmutableOopMap {rbp=Oop [32]=Oop [40]=Oop [48]=Oop [76]=NarrowOop [80]=Oop [88]=NarrowOop [92]=NarrowOop [96]=Oop [104]=Oop [112]=Oop [120]=Oop [128]=Oop [136]=Oop [152]=NarrowOop [156]=NarrowOop [216]=NarrowOop [220]=NarrowOop }
                      ;*new {reexecute=0 rethrow=0 return_oop=1}
                      ; - sun.security.util.ManifestEntryVerifier::<init>@33
                      ; - java.util.jar.JarVerifier$VerifierStream::<init>@32
                      ; - java.util.jar.JarFile::getInputStream@84
                      ; - jdk.internal.loader.URLClassPath$JarLoader$2::getInputStream@11
                      ; - jdk.internal.loader.Resource::cachedInputStream@9
                      ; - jdk.internal.loader.Resource::getByteBuffer@1
                      ; - java.net.URLClassLoader::defineClass@132
                      ; - java.net.URLClassLoader$1::run@43
                      ; - java.net.URLClassLoader$1::run@1
  0x00000120367974e0: 9cd0 4aff 

  0x00000120367974e4: ;   {other}
  0x00000120367974e4: 0f1f 8400 | 5477 0091 | 4c8b d08b | bc24 d800 | 0000 8b9c | 24dc 0000 | 00e9 38cc | ffff 899c 
  0x0000012036797504: 24dc 0000 | 0089 bc24 | d800 0000 

  0x0000012036797510: ;   {metadata('java/util/ArrayList')}
  0x0000012036797510: 48ba d089 | 0b44 2001 | 0000 6690 

  0x000001203679751c: ;   {runtime_call _new_instance_Java}
  0x000001203679751c: c5f8 77e8 

  0x0000012036797520: ; ImmutableOopMap {rbp=Oop [32]=Oop [40]=Oop [48]=Oop [76]=NarrowOop [80]=Oop [88]=NarrowOop [92]=NarrowOop [96]=Oop [104]=Oop [112]=Oop [120]=Oop [128]=Oop [136]=Oop [152]=NarrowOop [156]=NarrowOop [216]=NarrowOop [220]=NarrowOop }
                      ;*new {reexecute=0 rethrow=0 return_oop=1}
                      ; - sun.security.util.ManifestEntryVerifier::<init>@44
                      ; - java.util.jar.JarVerifier$VerifierStream::<init>@32
                      ; - java.util.jar.JarFile::getInputStream@84
                      ; - jdk.internal.loader.URLClassPath$JarLoader$2::getInputStream@11
                      ; - jdk.internal.loader.Resource::cachedInputStream@9
                      ; - jdk.internal.loader.Resource::getByteBuffer@1
                      ; - java.net.URLClassLoader::defineClass@132
                      ; - java.net.URLClassLoader$1::run@43
                      ; - java.net.URLClassLoader$1::run@1
  0x0000012036797520: 5cd0 4aff 

  0x0000012036797524: ;   {other}
  0x0000012036797524: 0f1f 8400 | 9477 0092 | 4c8b d08b | bc24 d800 | 0000 8b9c | 24dc 0000 | 00e9 8acc 

  0x0000012036797540: ;   {metadata('java/util/HashMap')}
  0x0000012036797540: ffff 48ba | 68a9 0844 | 2001 0000 

  0x000001203679754c: ;   {runtime_call _new_instance_Java}
  0x000001203679754c: c5f8 77e8 

  0x0000012036797550: ; ImmutableOopMap {rbp=Oop [32]=Oop [40]=Oop [48]=Oop [76]=NarrowOop [80]=Oop [88]=NarrowOop [92]=NarrowOop [96]=Oop [104]=Oop [112]=Oop [120]=Oop [128]=Oop [136]=Oop [152]=NarrowOop [156]=NarrowOop }
                      ;*new {reexecute=0 rethrow=0 return_oop=1}
                      ; - sun.security.util.ManifestEntryVerifier::<init>@20
                      ; - java.util.jar.JarVerifier$VerifierStream::<init>@32
                      ; - java.util.jar.JarFile::getInputStream@84
                      ; - jdk.internal.loader.URLClassPath$JarLoader$2::getInputStream@11
                      ; - jdk.internal.loader.Resource::cachedInputStream@9
                      ; - jdk.internal.loader.Resource::getByteBuffer@1
                      ; - java.net.URLClassLoader::defineClass@132
                      ; - java.net.URLClassLoader$1::run@43
                      ; - java.net.URLClassLoader$1::run@1
  0x0000012036797550: 2cd0 4aff 

  0x0000012036797554: ;   {other}
  0x0000012036797554: 0f1f 8400 | c477 0093 | e934 cbff | ffba 45ff | ffff 48ff | 7424 5048 | 8f44 2420 | 4c89 6c24 
  0x0000012036797574: 3048 894c | 2468 4889 | 5c24 7048 | 894c 2478 | 89bc 2480 | 0000 0048 | 8984 2490 | 0000 0044 
  0x0000012036797594: 8984 2484 | 0000 0090 

  0x000001203679759c: ;   {runtime_call UncommonTrapBlob}
  0x000001203679759c: c5f8 77e8 

  0x00000120367975a0: ; ImmutableOopMap {rbp=NarrowOop [32]=Oop [48]=Oop [88]=NarrowOop [104]=Oop [112]=Oop [120]=Oop [128]=NarrowOop [144]=Oop [152]=NarrowOop [156]=NarrowOop }
                      ;*ifnull {reexecute=1 rethrow=0 return_oop=0}
                      ; - (reexecute) java.util.concurrent.ConcurrentHashMap::get@143
                      ; - java.lang.ClassLoader::definePackage@47
                      ; - java.lang.ClassLoader::getDefinedPackage@32
                      ; - java.net.URLClassLoader::getAndVerifyPackage@2
                      ; - java.net.URLClassLoader::defineClass@46
                      ; - java.net.URLClassLoader$1::run@43
                      ; - java.net.URLClassLoader$1::run@1
  0x00000120367975a0: dccd 3eff 

  0x00000120367975a4: ;   {other}
  0x00000120367975a4: 0f1f 8400 | 1478 0094 | bac6 ffff | ff4c 896c | 2428 4c8b | 5c24 384c | 895c 2430 | 4489 5424 
  0x00000120367975c4: 384c 896c | 2440 6690 

  0x00000120367975cc: ;   {runtime_call UncommonTrapBlob}
  0x00000120367975cc: c5f8 77e8 

  0x00000120367975d0: ; ImmutableOopMap {[40]=Oop [64]=Oop [80]=Oop [152]=NarrowOop [156]=NarrowOop }
                      ;*invokevirtual getCodeSourceURL {reexecute=0 rethrow=0 return_oop=0}
                      ; - java.net.URLClassLoader::defineClass@13
                      ; - java.net.URLClassLoader$1::run@43
                      ; - java.net.URLClassLoader$1::run@1
  0x00000120367975d0: accd 3eff 

  0x00000120367975d4: ;   {other}
  0x00000120367975d4: 0f1f 8400 | 4478 0095 | bac6 0000 | 0048 8b6c | 2450 4c8b | 5424 304c | 8954 2428 | 4c8b 5424 
  0x00000120367975f4: 384c 8954 | 2430 448b | 5c24 5844 | 895c 2440 | 4c8b 5424 | 604c 8954 | 2458 448b | 5424 4c44 
  0x0000012036797614: 8954 2448 

  0x0000012036797618: ;   {runtime_call UncommonTrapBlob}
  0x0000012036797618: c5f8 77e8 

  0x000001203679761c: ; ImmutableOopMap {rbp=Oop [40]=Oop [64]=NarrowOop [72]=NarrowOop [76]=NarrowOop [88]=Oop [96]=Oop [152]=NarrowOop [156]=NarrowOop }
                      ;*new {reexecute=0 rethrow=0 return_oop=0}
                      ; - java.util.zip.ZipFile::getInputStream@257
                      ; - java.util.jar.JarFile::getInputStream@21
                      ; - jdk.internal.loader.URLClassPath$JarLoader$2::getInputStream@11
                      ; - jdk.internal.loader.Resource::cachedInputStream@9
                      ; - jdk.internal.loader.Resource::getByteBuffer@1
                      ; - java.net.URLClassLoader::defineClass@132
                      ; - java.net.URLClassLoader$1::run@43
                      ; - java.net.URLClassLoader$1::run@1
  0x000001203679761c: 60cd 3eff 

  0x0000012036797620: ;   {other}
  0x0000012036797620: 0f1f 8400 | 9078 0096 | bade ffff | ff48 8b6c | 2450 4c8b | 5424 304c | 8954 2428 | 4c8b 5424 
  0x0000012036797640: 384c 8954 | 2430 448b | 5424 5844 | 8954 2440 | 448b 5424 | 4c44 8954 | 2444 6690 

  0x000001203679765c: ;   {runtime_call UncommonTrapBlob}
  0x000001203679765c: c5f8 77e8 

  0x0000012036797660: ; ImmutableOopMap {rbp=Oop [40]=Oop [64]=NarrowOop [68]=NarrowOop [92]=NarrowOop [96]=Oop [120]=Oop [152]=NarrowOop [156]=NarrowOop }
                      ;*invokeinterface add {reexecute=0 rethrow=0 return_oop=0}
                      ; - java.util.zip.ZipFile::getInputStream@137
                      ; - java.util.jar.JarFile::getInputStream@21
                      ; - jdk.internal.loader.URLClassPath$JarLoader$2::getInputStream@11
                      ; - jdk.internal.loader.Resource::cachedInputStream@9
                      ; - jdk.internal.loader.Resource::getByteBuffer@1
                      ; - java.net.URLClassLoader::defineClass@132
                      ; - java.net.URLClassLoader$1::run@43
                      ; - java.net.URLClassLoader$1::run@1
  0x0000012036797660: 1ccd 3eff 

  0x0000012036797664: ;   {other}
  0x0000012036797664: 0f1f 8400 | d478 0097 | 498b d34c | 8d84 24f8 | 0000 0090 

  0x0000012036797678: ;   {runtime_call _complete_monitor_locking_Java}
  0x0000012036797678: c5f8 77e8 

  0x000001203679767c: ; ImmutableOopMap {[32]=Oop [40]=Oop [48]=Oop [76]=NarrowOop [80]=Oop [88]=NarrowOop [92]=NarrowOop [96]=Oop [104]=Oop [112]=Oop [120]=Oop [152]=NarrowOop [156]=NarrowOop }
                      ;*monitorenter {reexecute=0 rethrow=0 return_oop=0}
                      ; - java.util.zip.ZipFile::getInputStream@133
                      ; - java.util.jar.JarFile::getInputStream@21
                      ; - jdk.internal.loader.URLClassPath$JarLoader$2::getInputStream@11
                      ; - jdk.internal.loader.Resource::cachedInputStream@9
                      ; - jdk.internal.loader.Resource::getByteBuffer@1
                      ; - java.net.URLClassLoader::defineClass@132
                      ; - java.net.URLClassLoader$1::run@43
                      ; - java.net.URLClassLoader$1::run@1
  0x000001203679767c: 80e8 4aff 

  0x0000012036797680: ;   {other}
  0x0000012036797680: 0f1f 8400 | f078 0098 | e9a5 b6ff | ff4d 8bd3 | 498b ca48 | 8d94 24f8 | 0000 004d | 8bc7 c5f8 
  0x00000120367976a0: 7749 ba40 | d981 95ff | 7f00 0041 

  0x00000120367976ac: ;   {other}
  0x00000120367976ac: ffd2 0f1f | 8400 0000 | 0000 e943 | b7ff ffba | 45ff ffff | 48ff 7424 | 5048 8f44 | 2420 4c89 
  0x00000120367976cc: 6c24 3048 | 8944 24f8 | 8b44 2458 | 8944 2448 | 488b 4424 | f8c5 fb11 | 4424 58c5 | fb11 4424 
  0x00000120367976ec: 604c 8974 | 2470 4c89 | 7424 7844 | 8944 244c 

  0x00000120367976fc: ;   {runtime_call UncommonTrapBlob}
  0x00000120367976fc: c5f8 77e8 

  0x0000012036797700: ; ImmutableOopMap {rbp=Oop [32]=Oop [48]=Oop [72]=NarrowOop [76]=NarrowOop [88]=Oop [96]=Oop [112]=Oop [120]=Oop [152]=NarrowOop [156]=NarrowOop }
                      ;*ifeq {reexecute=1 rethrow=0 return_oop=0}
                      ; - (reexecute) jdk.internal.misc.Blocker::begin@14
                      ; - java.io.FileInputStream::open@0
                      ; - java.io.FileInputStream::<init>@96
                      ; - jdk.internal.loader.URLClassPath$FileLoader$1::getInputStream@8
                      ; - jdk.internal.loader.Resource::cachedInputStream@9
                      ; - jdk.internal.loader.Resource::getByteBuffer@1
                      ; - java.net.URLClassLoader::defineClass@132
                      ; - java.net.URLClassLoader$1::run@43
                      ; - java.net.URLClassLoader$1::run@1
  0x0000012036797700: 7ccc 3eff 

  0x0000012036797704: ;   {other}
  0x0000012036797704: 0f1f 8400 | 7479 0099 | baf6 ffff | ff4c 8b54 | 2450 4c89 | 5424 2044 | 8b54 2458 | 4489 5424 
  0x0000012036797724: 4866 6690 

  0x0000012036797728: ;   {runtime_call UncommonTrapBlob}
  0x0000012036797728: c5f8 77e8 

  0x000001203679772c: ; ImmutableOopMap {rbp=NarrowOop [32]=Oop [48]=Oop [72]=NarrowOop [76]=NarrowOop [96]=Oop [104]=Oop [128]=Oop [152]=NarrowOop [156]=NarrowOop }
                      ;*putfield next {reexecute=1 rethrow=0 return_oop=0}
                      ; - (reexecute) jdk.internal.ref.PhantomCleanable::insert@39
                      ; - jdk.internal.ref.PhantomCleanable::<init>@37
                      ; - java.io.FileCleanable::<init>@3
                      ; - java.io.FileCleanable::register@42
                      ; - java.io.FileInputStream::<init>@103
                      ; - jdk.internal.loader.URLClassPath$FileLoader$1::getInputStream@8
                      ; - jdk.internal.loader.Resource::cachedInputStream@9
                      ; - jdk.internal.loader.Resource::getByteBuffer@1
                      ; - java.net.URLClassLoader::defineClass@132
                      ; - java.net.URLClassLoader$1::run@43
                      ; - java.net.URLClassLoader$1::run@1
  0x000001203679772c: 50cc 3eff 

  0x0000012036797730: ;   {other}
  0x0000012036797730: 0f1f 8400 | a079 009a | 4c8b 8424 | 8000 0000 | baf6 ffff | ff48 8b6c | 2450 4c8b | 5424 304c 
  0x0000012036797750: 8954 2428 | 4c8b 5424 | 384c 8954 | 2430 448b | 5c24 5844 | 895c 2440 | 4889 4424 | f88b 4424 
  0x0000012036797770: 5c89 4424 | 4848 8b44 | 24f8 48ff | 7424 7048 | 8f44 2458 | 4c89 4424 | 7066 6690 

  0x000001203679778c: ;   {runtime_call UncommonTrapBlob}
  0x000001203679778c: c5f8 77e8 

  0x0000012036797790: ; ImmutableOopMap {rbp=Oop [40]=Oop [64]=NarrowOop [76]=NarrowOop [96]=Oop [104]=Oop [112]=Oop [152]=NarrowOop [156]=NarrowOop }
                      ;*monitorenter {reexecute=0 rethrow=0 return_oop=0}
                      ; - jdk.internal.ref.PhantomCleanable::insert@6
                      ; - jdk.internal.ref.PhantomCleanable::<init>@37
                      ; - java.io.FileCleanable::<init>@3
                      ; - java.io.FileCleanable::register@42
                      ; - java.io.FileInputStream::<init>@103
                      ; - jdk.internal.loader.URLClassPath$FileLoader$1::getInputStream@8
                      ; - jdk.internal.loader.Resource::cachedInputStream@9
                      ; - jdk.internal.loader.Resource::getByteBuffer@1
                      ; - java.net.URLClassLoader::defineClass@132
                      ; - java.net.URLClassLoader$1::run@43
                      ; - java.net.URLClassLoader$1::run@1
  0x0000012036797790: eccb 3eff 

  0x0000012036797794: ;   {other}
  0x0000012036797794: 0f1f 8400 | 047a 009b | bac6 ffff | ff48 8b6c | 2450 4c89 | 6c24 284c | 8b54 2438 | 4c89 5424 
  0x00000120367977b4: 304c 896c | 2438 6690 

  0x00000120367977bc: ;   {runtime_call UncommonTrapBlob}
  0x00000120367977bc: c5f8 77e8 

  0x00000120367977c0: ; ImmutableOopMap {rbp=Oop [40]=Oop [56]=Oop [88]=NarrowOop [152]=NarrowOop [156]=NarrowOop }
                      ;*invokevirtual getInputStream {reexecute=0 rethrow=0 return_oop=0}
                      ; - jdk.internal.loader.Resource::cachedInputStream@9
                      ; - jdk.internal.loader.Resource::getByteBuffer@1
                      ; - java.net.URLClassLoader::defineClass@132
                      ; - java.net.URLClassLoader$1::run@43
                      ; - java.net.URLClassLoader$1::run@1
  0x00000120367977c0: bccb 3eff 

  0x00000120367977c4: ;   {other}
  0x00000120367977c4: 0f1f 8400 | 347a 009c | 4889 bc24 | 8800 0000 | 4c89 8c24 | 8000 0000 | 4489 4424 | 784c 8974 
  0x00000120367977e4: 2470 c5fb | 1144 2468 | 4489 5424 | 5c4c 895c | 2460 48ff | 7424 2848 | 8f44 2448 | 48ff 7424 
  0x0000012036797804: 2048 8f44 | 2440 4889 | 4424 f88b | 8424 9c00 | 0000 8944 | 2434 488b | 4424 f848 | 8944 24f8 
  0x0000012036797824: 8b84 2498 | 0000 0089 | 4424 3048 | 8b44 24f8 | 48ff b424 | 9000 0000 | 488f 4424 | 284c 896c 
  0x0000012036797844: 2420 488b | 6c24 5049 | 8bd1 4c8d | 8424 e800 | 0000 6690 

  0x0000012036797858: ;   {runtime_call _complete_monitor_locking_Java}
  0x0000012036797858: c5f8 77e8 

  0x000001203679785c: ; ImmutableOopMap {rbp=Oop [32]=Oop [48]=NarrowOop [52]=NarrowOop [64]=Oop [72]=Oop [88]=NarrowOop [104]=Oop [112]=Oop [120]=NarrowOop [128]=Oop [136]=Oop }
                      ;*synchronization entry
                      ; - java.io.FileDescriptor::attach@-1
                      ; - java.io.FileInputStream::<init>@86
                      ; - jdk.internal.loader.URLClassPath$FileLoader$1::getInputStream@8
                      ; - jdk.internal.loader.Resource::cachedInputStream@9
                      ; - jdk.internal.loader.Resource::getByteBuffer@1
                      ; - java.net.URLClassLoader::defineClass@132
                      ; - java.net.URLClassLoader$1::run@43
                      ; - java.net.URLClassLoader$1::run@1
  0x000001203679785c: a0e6 4aff 

  0x0000012036797860: ;   {other}
  0x0000012036797860: 0f1f 8400 | d07a 009d | 4889 6c24 | 504c 8b6c | 2420 48ff | 7424 2848 | 8f84 2490 | 0000 0048 
  0x0000012036797880: 8944 24f8 | 8b44 2430 | 8984 2498 | 0000 0048 | 8b44 24f8 | 4889 4424 | f88b 4424 | 3489 8424 
  0x00000120367978a0: 9c00 0000 | 488b 4424 | f848 ff74 | 2440 488f | 4424 2048 | ff74 2448 | 488f 4424 | 284c 8b5c 
  0x00000120367978c0: 2460 448b | 5424 5cc5 | fb10 4424 | 684c 8b74 | 2470 448b | 4424 784c | 8b8c 2480 | 0000 0048 
  0x00000120367978e0: 8bbc 2488 | 0000 00e9 | 41b8 ffff | 4889 7c24 | 6844 8944 | 245c 4c89 | 7424 60c5 | fb11 4424 
  0x0000012036797900: 4844 8954 | 2434 4c89 | 5c24 4048 | 8bb4 2490 | 0000 0049 | 8bc9 488d | 9424 e800 | 0000 4d8b 
  0x0000012036797920: c7c5 f877 | 49ba 40d9 | 8195 ff7f | 0000 41ff 

  0x0000012036797930: ;   {other}
  0x0000012036797930: d20f 1f84 | 0000 0000 | 0048 89b4 | 2490 0000 | 004c 8b5c | 2440 448b | 5424 34c5 | fb10 4424 
  0x0000012036797950: 484c 8b74 | 2460 448b | 4424 5c48 | 8b7c 2468 | e9ab b8ff | ffba deff | ffff 4c8b | 5424 504c 
  0x0000012036797970: 8954 2420 | 448b 9424 | 9800 0000 | 4489 5424 | 4044 8b9c | 249c 0000 | 0044 895c | 2444 448b 
  0x0000012036797990: 5424 5844 | 8954 2448 

  0x0000012036797998: ;   {runtime_call UncommonTrapBlob}
  0x0000012036797998: c5f8 77e8 

  0x000001203679799c: ; ImmutableOopMap {rbp=NarrowOop [32]=Oop [48]=Oop [64]=NarrowOop [68]=NarrowOop [72]=NarrowOop [76]=NarrowOop [96]=Oop [104]=Oop [128]=Oop }
                      ;*invokeinterface apply {reexecute=0 rethrow=0 return_oop=0}
                      ; - jdk.internal.ref.CleanerImpl::getCleanerImpl@4
                      ; - jdk.internal.ref.PhantomCleanable::<init>@6
                      ; - java.io.FileCleanable::<init>@3
                      ; - java.io.FileCleanable::register@42
                      ; - java.io.FileInputStream::<init>@103
                      ; - jdk.internal.loader.URLClassPath$FileLoader$1::getInputStream@8
                      ; - jdk.internal.loader.Resource::cachedInputStream@9
                      ; - jdk.internal.loader.Resource::getByteBuffer@1
                      ; - java.net.URLClassLoader::defineClass@132
                      ; - java.net.URLClassLoader$1::run@43
                      ; - java.net.URLClassLoader$1::run@1
  0x000001203679799c: e0c9 3eff 

  0x00000120367979a0: ;   {other}
  0x00000120367979a0: 0f1f 8400 | 107c 009e | bade ffff | ff4c 8b54 | 2450 4c89 | 5424 2044 | 8b9c 2498 | 0000 0044 
  0x00000120367979c0: 895c 2440 | 448b 9424 | 9c00 0000 | 4489 5424 | 4444 8b5c | 2458 4489 | 5c24 4890 

  0x00000120367979dc: ;   {runtime_call UncommonTrapBlob}
  0x00000120367979dc: c5f8 77e8 

  0x00000120367979e0: ; ImmutableOopMap {rbp=NarrowOop [32]=Oop [48]=Oop [64]=NarrowOop [68]=NarrowOop [72]=NarrowOop [76]=NarrowOop [96]=Oop [104]=Oop [128]=Oop }
                      ;*invokeinterface apply {reexecute=0 rethrow=0 return_oop=0}
                      ; - jdk.internal.ref.CleanerImpl::getCleanerImpl@4
                      ; - jdk.internal.ref.PhantomCleanable::<init>@27
                      ; - java.io.FileCleanable::<init>@3
                      ; - java.io.FileCleanable::register@42
                      ; - java.io.FileInputStream::<init>@103
                      ; - jdk.internal.loader.URLClassPath$FileLoader$1::getInputStream@8
                      ; - jdk.internal.loader.Resource::cachedInputStream@9
                      ; - jdk.internal.loader.Resource::getByteBuffer@1
                      ; - java.net.URLClassLoader::defineClass@132
                      ; - java.net.URLClassLoader$1::run@43
                      ; - java.net.URLClassLoader$1::run@1
  0x00000120367979e0: 9cc9 3eff 

  0x00000120367979e4: ;   {other}
  0x00000120367979e4: 0f1f 8400 | 547c 009f | 498b d34c | 8d84 24e8 | 0000 0090 

  0x00000120367979f8: ;   {runtime_call _complete_monitor_locking_Java}
  0x00000120367979f8: c5f8 77e8 

  0x00000120367979fc: ; ImmutableOopMap {rbp=NarrowOop [32]=Oop [40]=Oop [48]=Oop [76]=NarrowOop [80]=Oop [88]=NarrowOop [96]=Oop [104]=Oop [120]=Oop [128]=Oop [136]=NarrowOop [152]=NarrowOop [156]=NarrowOop [160]=Oop }
                      ;*monitorenter {reexecute=0 rethrow=0 return_oop=0}
                      ; - jdk.internal.ref.PhantomCleanable::insert@6
                      ; - jdk.internal.ref.PhantomCleanable::<init>@37
                      ; - java.io.FileCleanable::<init>@3
                      ; - java.io.FileCleanable::register@42
                      ; - java.io.FileInputStream::<init>@103
                      ; - jdk.internal.loader.URLClassPath$FileLoader$1::getInputStream@8
                      ; - jdk.internal.loader.Resource::cachedInputStream@9
                      ; - jdk.internal.loader.Resource::getByteBuffer@1
                      ; - java.net.URLClassLoader::defineClass@132
                      ; - java.net.URLClassLoader$1::run@43
                      ; - java.net.URLClassLoader$1::run@1
  0x00000120367979fc: 00e5 4aff 

  0x0000012036797a00: ;   {other}
  0x0000012036797a00: 0f1f 8400 | 707c 00a0 | e944 bbff | ff48 ff74 | 2478 488f | 4424 7048 | 8bac 2480 | 0000 0048 
  0x0000012036797a20: 8b54 2478 | 4c8d 8424 | e800 0000 

  0x0000012036797a2c: ;   {runtime_call _complete_monitor_locking_Java}
  0x0000012036797a2c: c5f8 77e8 

  0x0000012036797a30: ; ImmutableOopMap {rbp=Oop [32]=Oop [40]=Oop [48]=Oop [76]=NarrowOop [80]=Oop [88]=NarrowOop [96]=Oop [104]=Oop [112]=Oop [136]=NarrowOop [152]=NarrowOop [156]=NarrowOop }
                      ;*synchronization entry
                      ; - java.io.FileDescriptor::registerCleanup@-1
                      ; - java.io.FileCleanable::register@45
                      ; - java.io.FileInputStream::<init>@103
                      ; - jdk.internal.loader.URLClassPath$FileLoader$1::getInputStream@8
                      ; - jdk.internal.loader.Resource::cachedInputStream@9
                      ; - jdk.internal.loader.Resource::getByteBuffer@1
                      ; - java.net.URLClassLoader::defineClass@132
                      ; - java.net.URLClassLoader$1::run@43
                      ; - java.net.URLClassLoader$1::run@1
  0x0000012036797a30: cce4 4aff 

  0x0000012036797a34: ;   {other}
  0x0000012036797a34: 0f1f 8400 | a47c 00a1 | 4c8b c548 | 8b7c 2470 | e978 bdff | ff4d 8bd3 | 498b ca48 | 8d94 24e8 
  0x0000012036797a54: 0000 004d | 8bc7 c5f8 | 7749 ba40 | d981 95ff | 7f00 0041 

  0x0000012036797a68: ;   {other}
  0x0000012036797a68: ffd2 0f1f | 8400 0000 | 0000 e9c0 | bcff ff48 | 8bcf 488d | 9424 e800 | 0000 4d8b | c7c5 f877 
  0x0000012036797a88: 49ba 40d9 | 8195 ff7f | 0000 41ff 

  0x0000012036797a94: ;   {other}
  0x0000012036797a94: d20f 1f84 | 0000 0000 | 00e9 0ebe | ffff bace | ffff ff48 | ff74 2450 | 488f 4424 | 204c 896c 
  0x0000012036797ab4: 2430 4889 | 4424 f88b | 4424 5889 | 4424 4848 | 8b44 24f8 | c5fb 1144 | 2458 c5fb | 1144 2460 
  0x0000012036797ad4: 4c89 7424 | 7044 8944 | 244c 8974 | 247c 4489 | 8c24 8000 | 0000 6690 

  0x0000012036797aec: ;   {runtime_call UncommonTrapBlob}
  0x0000012036797aec: c5f8 77e8 

  0x0000012036797af0: ; ImmutableOopMap {rbp=NarrowOop [32]=Oop [48]=Oop [72]=NarrowOop [76]=NarrowOop [88]=Oop [96]=Oop [112]=Oop [124]=NarrowOop [152]=NarrowOop [156]=NarrowOop }
                      ;*invokestatic indexOfChar {reexecute=0 rethrow=0 return_oop=0}
                      ; - java.lang.StringLatin1::indexOf@33
                      ; - java.lang.String::indexOf@17
                      ; - java.lang.String::indexOf@3
                      ; - java.io.WinNTFileSystem::isInvalid@5
                      ; - java.io.File::isInvalid@13
                      ; - java.io.FileInputStream::<init>@54
                      ; - jdk.internal.loader.URLClassPath$FileLoader$1::getInputStream@8
                      ; - jdk.internal.loader.Resource::cachedInputStream@9
                      ; - jdk.internal.loader.Resource::getByteBuffer@1
                      ; - java.net.URLClassLoader::defineClass@132
                      ; - java.net.URLClassLoader$1::run@43
                      ; - java.net.URLClassLoader$1::run@1
  0x0000012036797af0: 8cc8 3eff 

  0x0000012036797af4: ;   {other}
  0x0000012036797af4: 0f1f 8400 | 647d 00a2 | bac6 ffff | ff48 8b6c | 2450 4c89 | 6c24 284c | 8b5c 2438 | 4c89 5c24 
  0x0000012036797b14: 3048 894c | 2460 4889 | 5c24 6848 | 894c 2470 | 4489 5424 | 7889 4424 | 7c66 6690 

  0x0000012036797b30: ;   {runtime_call UncommonTrapBlob}
  0x0000012036797b30: c5f8 77e8 

  0x0000012036797b34: ; ImmutableOopMap {rbp=Oop [40]=Oop [88]=NarrowOop [96]=Oop [104]=Oop [112]=Oop [120]=NarrowOop [152]=NarrowOop [156]=NarrowOop }
                      ;*invokevirtual find {reexecute=0 rethrow=0 return_oop=0}
                      ; - java.util.concurrent.ConcurrentHashMap::get@93
                      ; - java.lang.ClassLoader::getDefinedPackage@13
                      ; - java.net.URLClassLoader::getAndVerifyPackage@2
                      ; - java.net.URLClassLoader::defineClass@46
                      ; - java.net.URLClassLoader$1::run@43
                      ; - java.net.URLClassLoader$1::run@1
  0x0000012036797b34: 48c8 3eff 

  0x0000012036797b38: ;   {other}
  0x0000012036797b38: 0f1f 8400 | a87d 00a3 | ba45 ffff | ff48 ff74 | 2450 488f | 4424 204c | 896c 2430 | 4889 4424 
  0x0000012036797b58: f88b 4424 | 5889 4424 | 4848 8b44 | 24f8 c5fb | 1144 2458 | c5fb 1144 | 2460 4c89 | 7424 7044 
  0x0000012036797b78: 8944 244c | 4c89 b424 | 8000 0000 | 4c89 8c24 | 8800 0000 

  0x0000012036797b8c: ;   {runtime_call UncommonTrapBlob}
  0x0000012036797b8c: c5f8 77e8 

  0x0000012036797b90: ; ImmutableOopMap {rbp=NarrowOop [32]=Oop [48]=Oop [72]=NarrowOop [76]=NarrowOop [88]=Oop [96]=Oop [112]=Oop [128]=Oop [136]=Oop [152]=NarrowOop [156]=NarrowOop }
                      ;*ifnonnull {reexecute=1 rethrow=0 return_oop=0}
                      ; - (reexecute) java.io.FileDescriptor::attach@4
                      ; - java.io.FileInputStream::<init>@86
                      ; - jdk.internal.loader.URLClassPath$FileLoader$1::getInputStream@8
                      ; - jdk.internal.loader.Resource::cachedInputStream@9
                      ; - jdk.internal.loader.Resource::getByteBuffer@1
                      ; - java.net.URLClassLoader::defineClass@132
                      ; - java.net.URLClassLoader$1::run@43
                      ; - java.net.URLClassLoader$1::run@1
  0x0000012036797b90: ecc7 3eff 

  0x0000012036797b94: ;   {other}
  0x0000012036797b94: 0f1f 8400 | 047e 00a4 | ba45 ffff | ff48 ff74 | 2450 488f | 4424 204c | 896c 2430 | 4889 4424 
  0x0000012036797bb4: f88b 4424 | 5889 4424 | 4848 8b44 | 24f8 c5fb | 1144 2458 | c5fb 1144 | 2460 4c89 | 7424 704c 
  0x0000012036797bd4: 8974 2478 | 4489 4424 | 4c66 6690 

  0x0000012036797be0: ;   {runtime_call UncommonTrapBlob}
  0x0000012036797be0: c5f8 77e8 

  0x0000012036797be4: ; ImmutableOopMap {[32]=Oop [48]=Oop [72]=NarrowOop [76]=NarrowOop [88]=Oop [96]=Oop [112]=Oop [120]=Oop [152]=NarrowOop [156]=NarrowOop }
                      ;*if_icmplt {reexecute=1 rethrow=0 return_oop=0}
                      ; - (reexecute) jdk.internal.misc.VM::isBooted@4
                      ; - jdk.internal.misc.Blocker::begin@0
                      ; - java.io.FileInputStream::open@0
                      ; - java.io.FileInputStream::<init>@96
                      ; - jdk.internal.loader.URLClassPath$FileLoader$1::getInputStream@8
                      ; - jdk.internal.loader.Resource::cachedInputStream@9
                      ; - jdk.internal.loader.Resource::getByteBuffer@1
                      ; - java.net.URLClassLoader::defineClass@132
                      ; - java.net.URLClassLoader$1::run@43
                      ; - java.net.URLClassLoader$1::run@1
  0x0000012036797be4: 98c7 3eff 

  0x0000012036797be8: ;   {other}
  0x0000012036797be8: 0f1f 8400 | 587e 00a5 | 4889 7c24 | 704c 894c | 2468 4489 | 4424 5c4c | 8974 2460 | c5fb 1144 
  0x0000012036797c08: 2448 4489 | 5424 344c | 895c 2440 | 488b b424 | 9000 0000 | 498b d7c5 | f877 49ba | 20a4 4095 
  0x0000012036797c28: ff7f 0000 

  0x0000012036797c2c: ;   {other}
  0x0000012036797c2c: 41ff d20f | 1f84 0000 | 0000 0048 | 89b4 2490 | 0000 004c | 8b5c 2440 | 448b 5424 | 34c5 fb10 
  0x0000012036797c4c: 4424 484c | 8b74 2460 | 448b 4424 | 5c4c 8b4c | 2468 488b | 7c24 70e9 | 27b4 ffff | 4889 7c24 
  0x0000012036797c6c: 704c 894c | 2468 4489 | 4424 5c4c | 8974 2460 | c5fb 1144 | 2448 4489 | 5424 344c | 895c 2440 
  0x0000012036797c8c: 488b b424 | 9000 0000 | 498b d7c5 | f877 49ba | 20a4 4095 | ff7f 0000 

  0x0000012036797ca4: ;   {other}
  0x0000012036797ca4: 41ff d20f | 1f84 0000 | 0000 0048 | 89b4 2490 | 0000 004c | 8b5c 2440 | 448b 5424 | 34c5 fb10 
  0x0000012036797cc4: 4424 484c | 8b74 2460 | 448b 4424 | 5c4c 8b4c | 2468 488b | 7c24 70e9 | 64b4 ffff | 4889 7c24 
  0x0000012036797ce4: 6844 8944 | 245c 4c89 | 7424 60c5 | fb11 4424 | 4844 8954 | 2434 4c89 | 5c24 4048 | 8bb4 2490 
  0x0000012036797d04: 0000 0049 | 8bd7 c5f8 | 7749 ba20 | a440 95ff | 7f00 0041 

  0x0000012036797d18: ;   {other}
  0x0000012036797d18: ffd2 0f1f | 8400 0000 | 0000 4889 | b424 9000 | 0000 4c8b | 5c24 4044 | 8b54 2434 | c5fb 1044 
  0x0000012036797d38: 2448 4c8b | 7424 6044 | 8b44 245c | 488b 7c24 | 68e9 cdb4 | ffff 498b | d7c5 f877 | 49ba 20a4 
  0x0000012036797d58: 4095 ff7f | 0000 41ff 

  0x0000012036797d60: ;   {other}
  0x0000012036797d60: d20f 1f84 | 0000 0000 | 00e9 cdb6 | ffff 498b | d7c5 f877 | 49ba 20a4 | 4095 ff7f | 0000 41ff 
  0x0000012036797d80: ;   {other}
  0x0000012036797d80: d20f 1f84 | 0000 0000 | 00e9 4eb6 | ffff 498b | d7c5 f877 | 49ba 20a4 | 4095 ff7f | 0000 41ff 
  0x0000012036797da0: ;   {other}
  0x0000012036797da0: d20f 1f84 | 0000 0000 | 00e9 82b6 | ffff 498b | d7c5 f877 | 49ba 20a4 | 4095 ff7f | 0000 41ff 
  0x0000012036797dc0: ;   {other}
  0x0000012036797dc0: d20f 1f84 | 0000 0000 | 00e9 acb6 | ffff 498b | d7c5 f877 | 49ba 20a4 | 4095 ff7f | 0000 41ff 
  0x0000012036797de0: ;   {other}
  0x0000012036797de0: d20f 1f84 | 0000 0000 | 00e9 6eb7 | ffff 498b | d7c5 f877 | 49ba 20a4 | 4095 ff7f | 0000 41ff 
  0x0000012036797e00: ;   {other}
  0x0000012036797e00: d20f 1f84 | 0000 0000 | 00e9 9eb7 | ffff 498b | d7c5 f877 | 49ba 20a4 | 4095 ff7f | 0000 41ff 
  0x0000012036797e20: ;   {other}
  0x0000012036797e20: d20f 1f84 | 0000 0000 | 00e9 cdb7 | ffff 498b | d7c5 f877 | 49ba 20a4 | 4095 ff7f | 0000 41ff 
  0x0000012036797e40: ;   {other}
  0x0000012036797e40: d20f 1f84 | 0000 0000 | 00e9 09b8 | ffff 488b | f749 8bd8 | 498b d7c5 | f877 49ba | 20a4 4095 
  0x0000012036797e60: ff7f 0000 

  0x0000012036797e64: ;   {other}
  0x0000012036797e64: 41ff d20f | 1f84 0000 | 0000 0044 | 8b4c 244c | 4c8b c348 | 8bfe e95e | b9ff ff49 | c7c2 ffff 
  0x0000012036797e84: ffff 493b | cabd ffff | ffff 7c08 | 400f 95c5 | 400f b6ed | ba45 ffff | ff4c 8b54 | 2450 4c89 
  0x0000012036797ea4: 5424 2044 | 8b54 2458 | 4489 5424 | 484c 8b54 | 2460 4c89 | 5424 5844 | 894c 2470 

  0x0000012036797ec0: ;   {runtime_call UncommonTrapBlob}
  0x0000012036797ec0: c5f8 77e8 

  0x0000012036797ec4: ; ImmutableOopMap {[32]=Oop [48]=Oop [72]=NarrowOop [88]=Oop [96]=Oop [104]=Oop [112]=NarrowOop [152]=NarrowOop [156]=NarrowOop }
                      ;*ifne {reexecute=1 rethrow=0 return_oop=0}
                      ; - (reexecute) java.io.FileDescriptor::valid@8
                      ; - java.io.FileCleanable::register@5
                      ; - java.io.FileInputStream::<init>@103
                      ; - jdk.internal.loader.URLClassPath$FileLoader$1::getInputStream@8
                      ; - jdk.internal.loader.Resource::cachedInputStream@9
                      ; - jdk.internal.loader.Resource::getByteBuffer@1
                      ; - java.net.URLClassLoader::defineClass@132
                      ; - java.net.URLClassLoader$1::run@43
                      ; - java.net.URLClassLoader$1::run@1
  0x0000012036797ec4: b8c4 3eff 

  0x0000012036797ec8: ;   {other}
  0x0000012036797ec8: 0f1f 8400 | 3881 00a6 | ba45 ffff | ff4c 8b54 | 2450 4c89 | 5424 2044 | 8b54 2458 | 4489 5424 
  0x0000012036797ee8: 484c 8b54 | 2460 4c89 | 5424 584c | 8944 2470 

  0x0000012036797ef8: ;   {runtime_call UncommonTrapBlob}
  0x0000012036797ef8: c5f8 77e8 

  0x0000012036797efc: ; ImmutableOopMap {rbp=NarrowOop [32]=Oop [48]=Oop [72]=NarrowOop [76]=NarrowOop [88]=Oop [96]=Oop [104]=Oop [112]=Oop [152]=NarrowOop [156]=NarrowOop }
                      ;*ifnull {reexecute=1 rethrow=0 return_oop=0}
                      ; - (reexecute) java.io.FileDescriptor::registerCleanup@11
                      ; - java.io.FileCleanable::register@45
                      ; - java.io.FileInputStream::<init>@103
                      ; - jdk.internal.loader.URLClassPath$FileLoader$1::getInputStream@8
                      ; - jdk.internal.loader.Resource::cachedInputStream@9
                      ; - jdk.internal.loader.Resource::getByteBuffer@1
                      ; - java.net.URLClassLoader::defineClass@132
                      ; - java.net.URLClassLoader$1::run@43
                      ; - java.net.URLClassLoader$1::run@1
  0x0000012036797efc: 80c4 3eff 

  0x0000012036797f00: ;   {other}
  0x0000012036797f00: 0f1f 8400 | 7081 00a7 | bac6 ffff | ff48 8b6c | 2450 4c89 | 6c24 284c | 8b5c 2438 | 4c89 5c24 
  0x0000012036797f20: 3048 894c | 2460 4889 | 5c24 6848 | 894c 2470 | 897c 2478 | 4489 5424 | 7c44 8984 | 2480 0000 
  0x0000012036797f40: 0066 6690 

  0x0000012036797f44: ;   {runtime_call UncommonTrapBlob}
  0x0000012036797f44: c5f8 77e8 

  0x0000012036797f48: ; ImmutableOopMap {rbp=Oop [40]=Oop [88]=NarrowOop [96]=Oop [104]=Oop [112]=Oop [120]=NarrowOop [124]=NarrowOop [152]=NarrowOop [156]=NarrowOop }
                      ;*invokevirtual find {reexecute=0 rethrow=0 return_oop=0}
                      ; - java.util.concurrent.ConcurrentHashMap::get@93
                      ; - java.lang.ClassLoader::definePackage@47
                      ; - java.lang.ClassLoader::getDefinedPackage@32
                      ; - java.net.URLClassLoader::getAndVerifyPackage@2
                      ; - java.net.URLClassLoader::defineClass@46
                      ; - java.net.URLClassLoader$1::run@43
                      ; - java.net.URLClassLoader$1::run@1
  0x0000012036797f48: 34c4 3eff 

  0x0000012036797f4c: ;   {other}
  0x0000012036797f4c: 0f1f 8400 | bc81 00a8 | 33ed 85c9 | 400f 94c5 | ba45 ffff | ff48 ff74 | 2450 488f | 4424 204c 
  0x0000012036797f6c: 896c 2430 | 4889 4424 | f88b 4424 | 5889 4424 | 4848 8b44 | 24f8 c5fb | 1144 2458 | c5fb 1144 
  0x0000012036797f8c: 2460 4c89 | 7424 7089 | 7424 7c44 | 8984 2480 | 0000 0090 

  0x0000012036797fa0: ;   {runtime_call UncommonTrapBlob}
  0x0000012036797fa0: c5f8 77e8 

  0x0000012036797fa4: ; ImmutableOopMap {[32]=Oop [48]=Oop [72]=NarrowOop [88]=Oop [96]=Oop [112]=Oop [124]=NarrowOop [128]=NarrowOop [152]=NarrowOop [156]=NarrowOop }
                      ;*ifeq {reexecute=1 rethrow=0 return_oop=0}
                      ; - (reexecute) java.lang.String::indexOf@4
                      ; - java.lang.String::indexOf@3
                      ; - java.io.WinNTFileSystem::isInvalid@5
                      ; - java.io.File::isInvalid@13
                      ; - java.io.FileInputStream::<init>@54
                      ; - jdk.internal.loader.URLClassPath$FileLoader$1::getInputStream@8
                      ; - jdk.internal.loader.Resource::cachedInputStream@9
                      ; - jdk.internal.loader.Resource::getByteBuffer@1
                      ; - java.net.URLClassLoader::defineClass@132
                      ; - java.net.URLClassLoader$1::run@43
                      ; - java.net.URLClassLoader$1::run@1
  0x0000012036797fa4: d8c3 3eff 

  0x0000012036797fa8: ;   {other}
  0x0000012036797fa8: 0f1f 8400 | 1882 00a9 | 4489 4424 | 6889 7424 | 5c4c 8974 | 2460 c5fb | 1144 2448 | 4489 5424 
  0x0000012036797fc8: 344c 895c | 2440 488b | b424 9000 | 0000 498b | d7c5 f877 | 49ba 20a4 | 4095 ff7f | 0000 41ff 
  0x0000012036797fe8: ;   {other}
  0x0000012036797fe8: d20f 1f84 | 0000 0000 | 0048 89b4 | 2490 0000 | 004c 8b5c | 2440 448b | 5424 34c5 | fb10 4424 
  0x0000012036798008: 484c 8b74 | 2460 8b74 | 245c 448b | 4424 68e9 | dbaf ffff | ba45 ffff | ff48 8b6c | 2450 4c89 
  0x0000012036798028: 6c24 2848 | ff74 2438 | 488f 4424 | 3048 8944 | 24f8 8b44 | 2458 8944 | 2440 488b | 4424 f8c5 
  0x0000012036798048: fb11 4424 | 50c5 fb11 | 4424 584c | 8974 2468 | 4489 4424 | 4489 7424 | 7089 5c24 | 7466 6690 
  0x0000012036798068: ;   {runtime_call UncommonTrapBlob}
  0x0000012036798068: c5f8 77e8 

  0x000001203679806c: ; ImmutableOopMap {rbp=Oop [40]=Oop [64]=NarrowOop [68]=NarrowOop [80]=Oop [88]=Oop [104]=Oop [112]=NarrowOop [152]=NarrowOop [156]=NarrowOop }
                      ;*iflt {reexecute=1 rethrow=0 return_oop=0}
                      ; - (reexecute) java.io.WinNTFileSystem::isInvalid@8
                      ; - java.io.File::isInvalid@13
                      ; - java.io.FileInputStream::<init>@54
                      ; - jdk.internal.loader.URLClassPath$FileLoader$1::getInputStream@8
                      ; - jdk.internal.loader.Resource::cachedInputStream@9
                      ; - jdk.internal.loader.Resource::getByteBuffer@1
                      ; - java.net.URLClassLoader::defineClass@132
                      ; - java.net.URLClassLoader$1::run@43
                      ; - java.net.URLClassLoader$1::run@1
  0x000001203679806c: 10c3 3eff 

  0x0000012036798070: ;   {other}
  0x0000012036798070: 0f1f 8400 | e082 00aa | 498b d7c5 | f877 49ba | 20a4 4095 | ff7f 0000 

  0x0000012036798088: ;   {other}
  0x0000012036798088: 41ff d20f | 1f84 0000 | 0000 00e9 | 6ebb ffff | baf6 ffff | ff48 8b6c | 2450 4c8b | 5424 304c 
  0x00000120367980a8: 8954 2428 | 4c8b 5424 | 384c 8954 | 2430 448b | 5424 5844 | 8954 2440 | 448b 5424 | 5c44 8954 
  0x00000120367980c8: 2444 4c89 | 5c24 5890 

  0x00000120367980d0: ;   {runtime_call UncommonTrapBlob}
  0x00000120367980d0: c5f8 77e8 

  0x00000120367980d4: ; ImmutableOopMap {rbp=Oop [40]=Oop [64]=NarrowOop [68]=NarrowOop [88]=Oop [96]=Oop [112]=Oop [152]=NarrowOop [156]=NarrowOop }
                      ;*invokevirtual beginEntry {reexecute=0 rethrow=0 return_oop=0}
                      ; - java.util.jar.JarVerifier$VerifierStream::<init>@47
                      ; - java.util.jar.JarFile::getInputStream@84
                      ; - jdk.internal.loader.URLClassPath$JarLoader$2::getInputStream@11
                      ; - jdk.internal.loader.Resource::cachedInputStream@9
                      ; - jdk.internal.loader.Resource::getByteBuffer@1
                      ; - java.net.URLClassLoader::defineClass@132
                      ; - java.net.URLClassLoader$1::run@43
                      ; - java.net.URLClassLoader$1::run@1
  0x00000120367980d4: a8c2 3eff 

  0x00000120367980d8: ;   {other}
  0x00000120367980d8: 0f1f 8400 | 4883 00ab | ba66 ffff | ff4c 8b54 | 2450 4c89 | 5424 204c | 8b54 2440 | 4c89 5424 
  0x00000120367980f8: 284c 8b54 | 2438 4c89 | 5424 304c | 8b54 2460 | 4c89 5424 | 4044 8b5c | 2458 4489 | 5c24 4890 
  0x0000012036798118: ;   {runtime_call UncommonTrapBlob}
  0x0000012036798118: c5f8 77e8 

  0x000001203679811c: ; ImmutableOopMap {rbp=NarrowOop [32]=Oop [40]=Oop [64]=Oop [72]=NarrowOop [152]=NarrowOop [156]=NarrowOop [160]=Oop }
                      ;*invokevirtual getManifest {reexecute=0 rethrow=0 return_oop=0}
                      ; - java.util.jar.JarFile::maybeInstantiateVerifier@31
                      ; - java.util.jar.JarFile::ensureInitialization@1
                      ; - java.util.jar.JavaUtilJarAccessImpl::ensureInitialization@1
                      ; - jdk.internal.loader.URLClassPath$JarLoader$2::getManifest@10
                      ; - java.net.URLClassLoader::defineClass@34
                      ; - java.net.URLClassLoader$1::run@43
                      ; - java.net.URLClassLoader$1::run@1
  0x000001203679811c: 60c2 3eff 

  0x0000012036798120: ;   {other}
  0x0000012036798120: 0f1f 8400 | 9083 00ac | bade ffff | ff4c 8b54 | 2450 4c89 | 5424 2048 | ff74 2430 | 488f 4424 
  0x0000012036798140: 284c 8b54 | 2438 4c89 | 5424 3090 

  0x000001203679814c: ;   {runtime_call UncommonTrapBlob}
  0x000001203679814c: c5f8 77e8 

  0x0000012036798150: ; ImmutableOopMap {rbp=NarrowOop [32]=Oop [40]=Oop [72]=Oop [88]=NarrowOop [112]=Oop [152]=NarrowOop [156]=NarrowOop }
                      ;*invokevirtual getManifest {reexecute=0 rethrow=0 return_oop=0}
                      ; - java.util.jar.JarFile::maybeInstantiateVerifier@31
                      ; - java.util.jar.JarFile$JarFileEntry::getCodeSigners@4
                      ; - jdk.internal.loader.URLClassPath$JarLoader$2::getCodeSigners@4
                      ; - java.net.URLClassLoader::defineClass@185
                      ; - java.net.URLClassLoader$1::run@43
                      ; - java.net.URLClassLoader$1::run@1
  0x0000012036798150: 2cc2 3eff 

  0x0000012036798154: ;   {other}
  0x0000012036798154: 0f1f 8400 | c483 00ad | bac6 ffff | ff48 8b6c | 2450 4c89 | 6c24 284c | 8b54 2438 | 4c89 5424 
  0x0000012036798174: 304c 896c | 2438 6690 

  0x000001203679817c: ;   {runtime_call UncommonTrapBlob}
  0x000001203679817c: c5f8 77e8 

  0x0000012036798180: ; ImmutableOopMap {rbp=Oop [40]=Oop [56]=Oop [88]=NarrowOop [152]=NarrowOop [156]=NarrowOop [160]=Oop }
                      ;*invokevirtual getManifest {reexecute=0 rethrow=0 return_oop=0}
                      ; - java.net.URLClassLoader::defineClass@34
                      ; - java.net.URLClassLoader$1::run@43
                      ; - java.net.URLClassLoader$1::run@1
  0x0000012036798180: fcc1 3eff 

  0x0000012036798184: ;   {other}
  0x0000012036798184: 0f1f 8400 | f483 00ae | 498b d7c5 | f877 49ba | 20a4 4095 | ff7f 0000 

  0x000001203679819c: ;   {other}
  0x000001203679819c: 41ff d20f | 1f84 0000 | 0000 00e9 | cfc2 ffff | 498b d7c5 | f877 49ba | 20a4 4095 | ff7f 0000 
  0x00000120367981bc: ;   {other}
  0x00000120367981bc: 41ff d20f | 1f84 0000 | 0000 00e9 | f7e5 ffff | 498b d7c5 | f877 49ba | 20a4 4095 | ff7f 0000 
  0x00000120367981dc: ;   {other}
  0x00000120367981dc: 41ff d20f | 1f84 0000 | 0000 00e9 | b3bd ffff | 498b d7c5 | f877 49ba | 20a4 4095 | ff7f 0000 
  0x00000120367981fc: ;   {other}
  0x00000120367981fc: 41ff d20f | 1f84 0000 | 0000 00e9 | 6ec0 ffff | 498b d7c5 | f877 49ba | 20a4 4095 | ff7f 0000 
  0x000001203679821c: ;   {other}
  0x000001203679821c: 41ff d20f | 1f84 0000 | 0000 00e9 | 24bf ffff | 498b d7c5 | f877 49ba | 20a4 4095 | ff7f 0000 
  0x000001203679823c: ;   {other}
  0x000001203679823c: 41ff d20f | 1f84 0000 | 0000 00e9 | 96bf ffff | 498b d7c5 | f877 49ba | 20a4 4095 | ff7f 0000 
  0x000001203679825c: ;   {other}
  0x000001203679825c: 41ff d20f | 1f84 0000 | 0000 00e9 | bcbf ffff | 498b d7c5 | f877 49ba | 20a4 4095 | ff7f 0000 
  0x000001203679827c: ;   {other}
  0x000001203679827c: 41ff d20f | 1f84 0000 | 0000 00e9 | d3e5 ffff | ba45 ffff | ff48 8b6c | 2450 4c8b | 5424 304c 
  0x000001203679829c: 8954 2428 | 4c8b 5424 | 384c 8954 | 2430 448b | 9424 9800 | 0000 4489 | 5424 3844 | 8b9c 249c 
  0x00000120367982bc: 0000 0044 | 895c 243c | 448b 5424 | 5844 8954 | 2440 4c8b | 5424 604c | 8954 2450 | 4c89 5424 
  0x00000120367982dc: 584c 8b54 | 2478 4489 | 4c24 444c | 8954 2468 | 4489 8424 | 8800 0000 | 4889 8424 | 9800 0000 
  0x00000120367982fc: ;   {runtime_call UncommonTrapBlob}
  0x00000120367982fc: c5f8 77e8 

  0x0000012036798300: ; ImmutableOopMap {rbp=Oop [40]=Oop [56]=NarrowOop [60]=NarrowOop [64]=NarrowOop [68]=NarrowOop [80]=Oop [88]=Oop [104]=Oop [112]=Oop [120]=Oop [128]=Oop [136]=NarrowOop [152]=Oop }
                      ;*ifnonnull {reexecute=1 rethrow=0 return_oop=0}
                      ; - (reexecute) java.util.Objects::requireNonNull@1
                      ; - java.util.jar.JarVerifier$VerifierStream::<init>@6
                      ; - java.util.jar.JarFile::getInputStream@84
                      ; - jdk.internal.loader.URLClassPath$JarLoader$2::getInputStream@11
                      ; - jdk.internal.loader.Resource::cachedInputStream@9
                      ; - jdk.internal.loader.Resource::getByteBuffer@1
                      ; - java.net.URLClassLoader::defineClass@132
                      ; - java.net.URLClassLoader$1::run@43
                      ; - java.net.URLClassLoader$1::run@1
  0x0000012036798300: 7cc0 3eff 

  0x0000012036798304: ;   {other}
  0x0000012036798304: 0f1f 8400 | 7485 00af | ba66 ffff | ff48 8b6c | 2450 4c8b | 5424 304c | 8954 2428 | 4c8b 5424 
  0x0000012036798324: 384c 8954 | 2430 448b | 5424 5844 | 8954 2440 

  0x0000012036798334: ;   {runtime_call UncommonTrapBlob}
  0x0000012036798334: c5f8 77e8 

  0x0000012036798338: ; ImmutableOopMap {rbp=Oop [40]=Oop [64]=NarrowOop [76]=NarrowOop [92]=NarrowOop [96]=Oop [152]=NarrowOop [156]=NarrowOop }
                      ;*invokevirtual getManifest {reexecute=0 rethrow=0 return_oop=0}
                      ; - java.util.jar.JarFile::maybeInstantiateVerifier@31
                      ; - java.util.jar.JarFile::getInputStream@9
                      ; - jdk.internal.loader.URLClassPath$JarLoader$2::getInputStream@11
                      ; - jdk.internal.loader.Resource::cachedInputStream@9
                      ; - jdk.internal.loader.Resource::getByteBuffer@1
                      ; - java.net.URLClassLoader::defineClass@132
                      ; - java.net.URLClassLoader$1::run@43
                      ; - java.net.URLClassLoader$1::run@1
  0x0000012036798338: 44c0 3eff 

  0x000001203679833c: ;   {other}
  0x000001203679833c: 0f1f 8400 | ac85 00b0 | 4d8b d349 | 8bca 488d | 9424 e800 | 0000 4d8b | c7c5 f877 | 49ba 40d9 
  0x000001203679835c: 8195 ff7f | 0000 41ff 

  0x0000012036798364: ;   {other}
  0x0000012036798364: d20f 1f84 | 0000 0000 | 00e9 83ca | ffff baf6 | ffff ff4c | 8b54 2450 | 4c89 5424 | 2066 6690 
  0x0000012036798384: ;   {runtime_call UncommonTrapBlob}
  0x0000012036798384: c5f8 77e8 

  0x0000012036798388: ; ImmutableOopMap {rbp=NarrowOop [32]=Oop [48]=Oop [88]=NarrowOop [92]=NarrowOop [96]=Oop [152]=NarrowOop [156]=NarrowOop }
                      ;*invokevirtual update {reexecute=0 rethrow=0 return_oop=0}
                      ; - java.util.jar.JarVerifier$VerifierStream::<init>@76
                      ; - java.util.jar.JarFile::getInputStream@84
                      ; - jdk.internal.loader.URLClassPath$JarLoader$2::getInputStream@11
                      ; - jdk.internal.loader.Resource::cachedInputStream@9
                      ; - jdk.internal.loader.Resource::getByteBuffer@1
                      ; - java.net.URLClassLoader::defineClass@132
                      ; - java.net.URLClassLoader$1::run@43
                      ; - java.net.URLClassLoader$1::run@1
  0x0000012036798388: f4bf 3eff 

  0x000001203679838c: ;   {other}
  0x000001203679838c: 0f1f 8400 | fc85 00b1 | 4d8b d349 | 8bca 488d | 9424 e800 | 0000 4d8b | c7c5 f877 | 49ba 40d9 
  0x00000120367983ac: 8195 ff7f | 0000 41ff 

  0x00000120367983b4: ;   {other}
  0x00000120367983b4: d20f 1f84 | 0000 0000 | 00e9 49cc | ffff baf6 | ffff ff48 | 8b6c 2450 | 4c89 6c24 | 284c 8b54 
  0x00000120367983d4: 2438 4c89 | 5424 30c5 | fb11 4424 | 484c 8974 | 2450 6690 

  0x00000120367983e8: ;   {runtime_call UncommonTrapBlob}
  0x00000120367983e8: c5f8 77e8 

  0x00000120367983ec: ; ImmutableOopMap {rbp=Oop [40]=Oop [72]=Oop [80]=Oop [88]=NarrowOop [152]=NarrowOop [156]=NarrowOop }
                      ;*invokevirtual attach {reexecute=0 rethrow=0 return_oop=0}
                      ; - java.io.FileInputStream::<init>@86
                      ; - jdk.internal.loader.URLClassPath$FileLoader$1::getInputStream@8
                      ; - jdk.internal.loader.Resource::cachedInputStream@9
                      ; - jdk.internal.loader.Resource::getByteBuffer@1
                      ; - java.net.URLClassLoader::defineClass@132
                      ; - java.net.URLClassLoader$1::run@43
                      ; - java.net.URLClassLoader$1::run@1
  0x00000120367983ec: 90bf 3eff 

  0x00000120367983f0: ;   {other}
  0x00000120367983f0: 0f1f 8400 | 6086 00b2 | bade ffff | ff48 ff74 | 2450 488f | 4424 204c | 896c 2430 | 4889 4c24 
  0x0000012036798410: 6848 895c | 2470 4889 | 4c24 7890 

  0x000001203679841c: ;   {runtime_call UncommonTrapBlob}
  0x000001203679841c: c5f8 77e8 

  0x0000012036798420: ; ImmutableOopMap {rbp=NarrowOop [32]=Oop [48]=Oop [88]=NarrowOop [104]=Oop [112]=Oop [120]=Oop [152]=NarrowOop [156]=NarrowOop }
                      ;*checkcast {reexecute=0 rethrow=0 return_oop=0}
                      ; - java.lang.ClassLoader::getDefinedPackage@16
                      ; - java.net.URLClassLoader::getAndVerifyPackage@2
                      ; - java.net.URLClassLoader::defineClass@46
                      ; - java.net.URLClassLoader$1::run@43
                      ; - java.net.URLClassLoader$1::run@1
  0x0000012036798420: 5cbf 3eff 

  0x0000012036798424: ;   {other}
  0x0000012036798424: 0f1f 8400 | 9486 00b3 | bade ffff | ff48 8b6c | 2450 48ff | 7424 3048 | 8f44 2420 | 4c8b 5424 
  0x0000012036798444: 384c 8954 | 2430 4889 | 4424 7090 

  0x0000012036798450: ;   {runtime_call UncommonTrapBlob}
  0x0000012036798450: c5f8 77e8 

  0x0000012036798454: ; ImmutableOopMap {rbp=Oop [32]=Oop [72]=Oop [88]=NarrowOop [96]=Oop [112]=Oop [152]=NarrowOop [156]=NarrowOop }
                      ;*checkcast {reexecute=0 rethrow=0 return_oop=0}
                      ; - java.lang.ClassLoader::definePackage@81
                      ; - java.lang.ClassLoader::getDefinedPackage@32
                      ; - java.net.URLClassLoader::getAndVerifyPackage@2
                      ; - java.net.URLClassLoader::defineClass@46
                      ; - java.net.URLClassLoader$1::run@43
                      ; - java.net.URLClassLoader$1::run@1
  0x0000012036798454: 28bf 3eff 

  0x0000012036798458: ;   {other}
  0x0000012036798458: 0f1f 8400 | c886 00b4 | bade ffff | ff4c 8b54 | 2430 4c89 | 5424 2044 | 8b5c 2438 | 4489 5c24 
  0x0000012036798478: 2848 ff74 | 2440 488f | 4424 3048 | 8944 2440 

  0x0000012036798488: ;   {runtime_call UncommonTrapBlob}
  0x0000012036798488: c5f8 77e8 

  0x000001203679848c: ; ImmutableOopMap {[32]=Oop [40]=NarrowOop [48]=Oop [64]=Oop [80]=Oop [156]=NarrowOop }
                      ;*checkcast {reexecute=0 rethrow=0 return_oop=0}
                      ; - java.security.SecureClassLoader::getProtectionDomain@33
                      ; - java.security.SecureClassLoader::defineClass@9
                      ; - java.net.URLClassLoader::defineClass@220
                      ; - java.net.URLClassLoader$1::run@43
                      ; - java.net.URLClassLoader$1::run@1
  0x000001203679848c: f0be 3eff 

  0x0000012036798490: ;   {other}
  0x0000012036798490: 0f1f 8400 | 0087 00b5 | baf6 ffff | ff48 8b6c | 2450 6690 

  0x00000120367984a4: ;   {runtime_call UncommonTrapBlob}
  0x00000120367984a4: c5f8 77e8 

  0x00000120367984a8: ; ImmutableOopMap {rbp=Oop }
                      ;*invokevirtual replace {reexecute=0 rethrow=0 return_oop=0}
                      ; - java.net.URLClassLoader$1::run@8
                      ; - java.net.URLClassLoader$1::run@1
  0x00000120367984a8: d4be 3eff 

  0x00000120367984ac: ;   {other}
  0x00000120367984ac: 0f1f 8400 | 1c87 00b6 | baf6 ffff | ff48 8b6c | 2450 6690 

  0x00000120367984c0: ;   {runtime_call UncommonTrapBlob}
  0x00000120367984c0: c5f8 77e8 

  0x00000120367984c4: ; ImmutableOopMap {rbp=Oop }
                      ;*arraylength {reexecute=0 rethrow=0 return_oop=0}
                      ; - java.lang.StringLatin1::replace@8
                      ; - java.lang.String::replace@18
                      ; - java.net.URLClassLoader$1::run@8
                      ; - java.net.URLClassLoader$1::run@1
  0x00000120367984c4: b8be 3eff 

  0x00000120367984c8: ;   {other}
  0x00000120367984c8: 0f1f 8400 | 3887 00b7 | baf6 ffff | ff48 8944 | 2420 6690 

  0x00000120367984dc: ;   {runtime_call UncommonTrapBlob}
  0x00000120367984dc: c5f8 77e8 

  0x00000120367984e0: ; ImmutableOopMap {[32]=Oop [80]=Oop }
                      ;*getfield ucp {reexecute=1 rethrow=0 return_oop=0}
                      ; - (reexecute) java.net.URLClassLoader$1::run@21
                      ; - java.net.URLClassLoader$1::run@1
  0x00000120367984e0: 9cbe 3eff 

  0x00000120367984e4: ;   {other}
  0x00000120367984e4: 0f1f 8400 | 5487 00b8 | baf6 ffff | ff4c 896c | 2428 4889 | 4424 3090 

  0x00000120367984fc: ;   {runtime_call UncommonTrapBlob}
  0x00000120367984fc: c5f8 77e8 

  0x0000012036798500: ; ImmutableOopMap {[40]=Oop [80]=Oop [152]=NarrowOop }
                      ;*invokevirtual lastIndexOf {reexecute=0 rethrow=0 return_oop=0}
                      ; - java.net.URLClassLoader::defineClass@7
                      ; - java.net.URLClassLoader$1::run@43
                      ; - java.net.URLClassLoader$1::run@1
  0x0000012036798500: 7cbe 3eff 

  0x0000012036798504: ;   {other}
  0x0000012036798504: 0f1f 8400 | 7487 00b9 | baf6 ffff | ff4c 896c | 2428 4889 | 4424 3090 

  0x000001203679851c: ;   {runtime_call UncommonTrapBlob}
  0x000001203679851c: c5f8 77e8 

  0x0000012036798520: ; ImmutableOopMap {[40]=Oop [80]=Oop [152]=NarrowOop [156]=NarrowOop }
                      ;*arraylength {reexecute=0 rethrow=0 return_oop=0}
                      ; - java.lang.String::length@4
                      ; - java.lang.String::lastIndexOf@3
                      ; - java.net.URLClassLoader::defineClass@7
                      ; - java.net.URLClassLoader$1::run@43
                      ; - java.net.URLClassLoader$1::run@1
  0x0000012036798520: 5cbe 3eff 

  0x0000012036798524: ;   {other}
  0x0000012036798524: 0f1f 8400 | 9487 00ba | baf4 ffff | ff4c 896c | 2428 4c8b | 5424 384c | 8954 2430 

  0x0000012036798540: ;   {runtime_call UncommonTrapBlob}
  0x0000012036798540: c5f8 77e8 

  0x0000012036798544: ; ImmutableOopMap {[40]=Oop [80]=Oop [88]=NarrowOop [152]=NarrowOop [156]=NarrowOop }
                      ;*instanceof {reexecute=0 rethrow=0 return_oop=0}
                      ; - jdk.internal.loader.Resource::getByteBuffer@6
                      ; - java.net.URLClassLoader::defineClass@132
                      ; - java.net.URLClassLoader$1::run@43
                      ; - java.net.URLClassLoader$1::run@1
  0x0000012036798544: 38be 3eff 

  0x0000012036798548: ;   {other}
  0x0000012036798548: 0f1f 8400 | b887 00bb | baf6 ffff | ff4c 8b54 | 2430 4c89 | 5424 2048 | 897c 2438 

  0x0000012036798564: ;   {runtime_call UncommonTrapBlob}
  0x0000012036798564: c5f8 77e8 

  0x0000012036798568: ; ImmutableOopMap {[32]=Oop [56]=Oop [80]=Oop [112]=Oop [152]=NarrowOop [156]=NarrowOop }
                      ;*invokevirtual get {reexecute=0 rethrow=0 return_oop=0}
                      ; - jdk.internal.perf.PerfCounter::get@5
                      ; - jdk.internal.perf.PerfCounter::add@1
                      ; - jdk.internal.perf.PerfCounter::addElapsedTimeFrom@6
                      ; - java.net.URLClassLoader::defineClass@207
                      ; - java.net.URLClassLoader$1::run@43
                      ; - java.net.URLClassLoader$1::run@1
  0x0000012036798568: 14be 3eff 

  0x000001203679856c: ;   {other}
  0x000001203679856c: 0f1f 8400 | dc87 00bc | baf6 ffff | ff4c 8b54 | 2430 4c89 | 5424 2048 | 897c 2428 

  0x0000012036798588: ;   {runtime_call UncommonTrapBlob}
  0x0000012036798588: c5f8 77e8 

  0x000001203679858c: ; ImmutableOopMap {[32]=Oop [40]=Oop [80]=Oop [152]=NarrowOop [156]=NarrowOop }
                      ;*arraylength {reexecute=0 rethrow=0 return_oop=0}
                      ; - java.net.URLClassLoader::defineClass@217
                      ; - java.net.URLClassLoader$1::run@43
                      ; - java.net.URLClassLoader$1::run@1
  0x000001203679858c: f0bd 3eff 

  0x0000012036798590: ;   {other}
  0x0000012036798590: 0f1f 8400 | 0088 00bd | baf6 ffff | ff4c 8b54 | 2430 4c89 | 5424 2048 | 894c 2428 | 4889 7c24 
  0x00000120367985b0: 3066 6690 

  0x00000120367985b4: ;   {runtime_call UncommonTrapBlob}
  0x00000120367985b4: c5f8 77e8 

  0x00000120367985b8: ; ImmutableOopMap {[32]=Oop [40]=Oop [48]=Oop [80]=Oop }
                      ;*invokeinterface computeIfAbsent {reexecute=0 rethrow=0 return_oop=0}
                      ; - java.security.SecureClassLoader::getProtectionDomain@28
                      ; - java.security.SecureClassLoader::defineClass@9
                      ; - java.net.URLClassLoader::defineClass@220
                      ; - java.net.URLClassLoader$1::run@43
                      ; - java.net.URLClassLoader$1::run@1
  0x00000120367985b8: c4bd 3eff 

  0x00000120367985bc: ;   {other}
  0x00000120367985bc: 0f1f 8400 | 2c88 00be | baf4 ffff | ff4c 8b54 | 2430 4c89 | 5424 2044 | 8b5c 2438 | 4489 5c24 
  0x00000120367985dc: 2866 6690 

  0x00000120367985e0: ;   {runtime_call UncommonTrapBlob}
  0x00000120367985e0: c5f8 77e8 

  0x00000120367985e4: ; ImmutableOopMap {[32]=Oop [40]=NarrowOop [64]=Oop [80]=Oop [156]=NarrowOop }
                      ;*checkcast {reexecute=0 rethrow=0 return_oop=0}
                      ; - java.security.SecureClassLoader::getProtectionDomain@33
                      ; - java.security.SecureClassLoader::defineClass@9
                      ; - java.net.URLClassLoader::defineClass@220
                      ; - java.net.URLClassLoader$1::run@43
                      ; - java.net.URLClassLoader$1::run@1
  0x00000120367985e4: 98bd 3eff 

  0x00000120367985e8: ;   {other}
  0x00000120367985e8: 0f1f 8400 | 5888 00bf | baf6 ffff | ff4c 896c | 2420 4c8b | 5c24 384c | 895c 2428 | 4489 5424 
  0x0000012036798608: 3048 894c | 2440 6690 

  0x0000012036798610: ;   {runtime_call UncommonTrapBlob}
  0x0000012036798610: c5f8 77e8 

  0x0000012036798614: ; ImmutableOopMap {[32]=Oop [64]=Oop [80]=Oop [152]=NarrowOop [156]=NarrowOop }
                      ;*getfield csu {reexecute=1 rethrow=0 return_oop=0}
                      ; - (reexecute) jdk.internal.loader.URLClassPath$JarLoader$2::getCodeSourceURL@4
                      ; - java.net.URLClassLoader::defineClass@13
                      ; - java.net.URLClassLoader$1::run@43
                      ; - java.net.URLClassLoader$1::run@1
  0x0000012036798614: 68bd 3eff 

  0x0000012036798618: ;   {other}
  0x0000012036798618: 0f1f 8400 | 8888 00c0 | baf6 ffff | ff4c 896c | 2420 4c8b | 5c24 384c | 895c 2428 | 4c89 5424 
  0x0000012036798638: 3866 6690 

  0x000001203679863c: ;   {runtime_call UncommonTrapBlob}
  0x000001203679863c: c5f8 77e8 

  0x0000012036798640: ; ImmutableOopMap {[32]=Oop [56]=Oop [80]=Oop [88]=NarrowOop [152]=NarrowOop [156]=NarrowOop [160]=Oop }
                      ;*getfield jar {reexecute=1 rethrow=0 return_oop=0}
                      ; - (reexecute) jdk.internal.loader.URLClassPath$JarLoader$2::getManifest@7
                      ; - java.net.URLClassLoader::defineClass@34
                      ; - java.net.URLClassLoader$1::run@43
                      ; - java.net.URLClassLoader$1::run@1
  0x0000012036798640: 3cbd 3eff 

  0x0000012036798644: ;   {other}
  0x0000012036798644: 0f1f 8400 | b488 00c1 | baf6 ffff | ff4c 896c | 2420 4c8b | 5c24 384c | 895c 2428 | 4c89 5424 
  0x0000012036798664: 3866 6690 

  0x0000012036798668: ;   {runtime_call UncommonTrapBlob}
  0x0000012036798668: c5f8 77e8 

  0x000001203679866c: ; ImmutableOopMap {[32]=Oop [56]=Oop [80]=Oop [88]=NarrowOop [152]=NarrowOop [156]=NarrowOop [160]=Oop }
                      ;*invokevirtual ensureInitialization {reexecute=0 rethrow=0 return_oop=0}
                      ; - java.util.jar.JavaUtilJarAccessImpl::ensureInitialization@1
                      ; - jdk.internal.loader.URLClassPath$JarLoader$2::getManifest@10
                      ; - java.net.URLClassLoader::defineClass@34
                      ; - java.net.URLClassLoader$1::run@43
                      ; - java.net.URLClassLoader$1::run@1
  0x000001203679866c: 10bd 3eff 

  0x0000012036798670: ;   {other}
  0x0000012036798670: 0f1f 8400 | e088 00c2 | baf6 ffff | ff4c 896c | 2420 4c8b | 5c24 384c | 895c 2428 | 4c89 5424 
  0x0000012036798690: 3866 6690 

  0x0000012036798694: ;   {runtime_call UncommonTrapBlob}
  0x0000012036798694: c5f8 77e8 

  0x0000012036798698: ; ImmutableOopMap {[32]=Oop [56]=Oop [80]=Oop [88]=NarrowOop [152]=NarrowOop [156]=NarrowOop [160]=Oop }
                      ;*getfield jar {reexecute=1 rethrow=0 return_oop=0}
                      ; - (reexecute) jdk.internal.loader.URLClassPath$JarLoader$2::getManifest@19
                      ; - java.net.URLClassLoader::defineClass@34
                      ; - java.net.URLClassLoader$1::run@43
                      ; - java.net.URLClassLoader$1::run@1
  0x0000012036798698: e4bc 3eff 

  0x000001203679869c: ;   {other}
  0x000001203679869c: 0f1f 8400 | 0c89 00c3 | baf6 ffff | ff4c 896c | 2420 4c8b | 5c24 384c | 895c 2428 | 4c89 5424 
  0x00000120367986bc: 3866 6690 

  0x00000120367986c0: ;   {runtime_call UncommonTrapBlob}
  0x00000120367986c0: c5f8 77e8 

  0x00000120367986c4: ; ImmutableOopMap {[32]=Oop [56]=Oop [80]=Oop [88]=NarrowOop [152]=NarrowOop [156]=NarrowOop [160]=Oop }
                      ;*invokevirtual getManifest {reexecute=0 rethrow=0 return_oop=0}
                      ; - jdk.internal.loader.URLClassPath$JarLoader$2::getManifest@22
                      ; - java.net.URLClassLoader::defineClass@34
                      ; - java.net.URLClassLoader$1::run@43
                      ; - java.net.URLClassLoader$1::run@1
  0x00000120367986c4: b8bc 3eff 

  0x00000120367986c8: ;   {other}
  0x00000120367986c8: 0f1f 8400 | 3889 00c4 | baf6 ffff | ff4c 8b54 | 2430 4c89 | 5424 204c | 8b54 2438 | 4c89 5424 
  0x00000120367986e8: 2866 6690 

  0x00000120367986ec: ;   {runtime_call UncommonTrapBlob}
  0x00000120367986ec: c5f8 77e8 

  0x00000120367986f0: ; ImmutableOopMap {[32]=Oop [72]=Oop [80]=Oop [88]=NarrowOop [152]=NarrowOop [156]=NarrowOop }
                      ;*arraylength {reexecute=0 rethrow=0 return_oop=0}
                      ; - java.util.zip.Checksum::update@4
                      ; - jdk.internal.loader.URLClassPath$JarLoader$2::getBytes@15
                      ; - java.net.URLClassLoader::defineClass@179
                      ; - java.net.URLClassLoader$1::run@43
                      ; - java.net.URLClassLoader$1::run@1
  0x00000120367986f0: 8cbc 3eff 

  0x00000120367986f4: ;   {other}
  0x00000120367986f4: 0f1f 8400 | 6489 00c5 | baf6 ffff | ff4c 8b54 | 2430 4c89 | 5424 204c | 8b54 2438 | 4c89 5424 
  0x0000012036798714: 2866 6690 

  0x0000012036798718: ;   {runtime_call UncommonTrapBlob}
  0x0000012036798718: c5f8 77e8 

  0x000001203679871c: ; ImmutableOopMap {[32]=Oop [72]=Oop [80]=Oop [88]=NarrowOop [152]=NarrowOop [156]=NarrowOop }
                      ;*invokevirtual getCrc {reexecute=0 rethrow=0 return_oop=0}
                      ; - jdk.internal.loader.URLClassPath$JarLoader$2::getBytes@26
                      ; - java.net.URLClassLoader::defineClass@179
                      ; - java.net.URLClassLoader$1::run@43
                      ; - java.net.URLClassLoader$1::run@1
  0x000001203679871c: 60bc 3eff 

  0x0000012036798720: ;   {other}
  0x0000012036798720: 0f1f 8400 | 9089 00c6 | baf6 ffff | ff48 895c | 2420 4c8b | 5424 384c | 8954 2428 

  0x000001203679873c: ;   {runtime_call UncommonTrapBlob}
  0x000001203679873c: c5f8 77e8 

  0x0000012036798740: ; ImmutableOopMap {[32]=Oop [80]=Oop [88]=NarrowOop [112]=Oop [152]=NarrowOop [156]=NarrowOop }
                      ;*invokevirtual getCodeSigners {reexecute=0 rethrow=0 return_oop=0}
                      ; - jdk.internal.loader.URLClassPath$JarLoader$2::getCodeSigners@4
                      ; - java.net.URLClassLoader::defineClass@185
                      ; - java.net.URLClassLoader$1::run@43
                      ; - java.net.URLClassLoader$1::run@1
  0x0000012036798740: 3cbc 3eff 

  0x0000012036798744: ;   {other}
  0x0000012036798744: 0f1f 8400 | b489 00c7 | baf6 ffff | ff48 895c | 2420 4c8b | 5424 384c | 8954 2428 | 4c89 4424 
  0x0000012036798764: 4866 6690 

  0x0000012036798768: ;   {runtime_call UncommonTrapBlob}
  0x0000012036798768: c5f8 77e8 

  0x000001203679876c: ; ImmutableOopMap {[32]=Oop [72]=Oop [80]=Oop [88]=NarrowOop [112]=Oop [152]=NarrowOop [156]=NarrowOop }
                      ;*invokevirtual maybeInstantiateVerifier {reexecute=0 rethrow=0 return_oop=0}
                      ; - java.util.jar.JarFile$JarFileEntry::getCodeSigners@4
                      ; - jdk.internal.loader.URLClassPath$JarLoader$2::getCodeSigners@4
                      ; - java.net.URLClassLoader::defineClass@185
                      ; - java.net.URLClassLoader$1::run@43
                      ; - java.net.URLClassLoader$1::run@1
  0x000001203679876c: 10bc 3eff 

  0x0000012036798770: ;   {other}
  0x0000012036798770: 0f1f 8400 | e089 00c8 | baf6 ffff | ff48 895c | 2420 4c8b | 5424 384c | 8954 2428 | 4c89 4424 
  0x0000012036798790: 4866 6690 

  0x0000012036798794: ;   {runtime_call UncommonTrapBlob}
  0x0000012036798794: c5f8 77e8 

  0x0000012036798798: ; ImmutableOopMap {[32]=Oop [72]=Oop [80]=Oop [88]=NarrowOop [112]=Oop [152]=NarrowOop [156]=NarrowOop }
                      ;*getfield jv {reexecute=1 rethrow=0 return_oop=0}
                      ; - (reexecute) java.util.jar.JarFile$JarFileEntry::getCodeSigners@31
                      ; - jdk.internal.loader.URLClassPath$JarLoader$2::getCodeSigners@4
                      ; - java.net.URLClassLoader::defineClass@185
                      ; - java.net.URLClassLoader$1::run@43
                      ; - java.net.URLClassLoader$1::run@1
  0x0000012036798798: e4bb 3eff 

  0x000001203679879c: ;   {other}
  0x000001203679879c: 0f1f 8400 | 0c8a 00c9 | baf6 ffff | ff48 8b6c | 2450 4c89 | 6c24 284c | 8b54 2438 | 4c89 5424 
  0x00000120367987bc: 3048 894c | 2448 4889 | 5c24 5090 

  0x00000120367987c8: ;   {runtime_call UncommonTrapBlob}
  0x00000120367987c8: c5f8 77e8 

  0x00000120367987cc: ; ImmutableOopMap {rbp=Oop [40]=Oop [72]=Oop [80]=Oop [88]=NarrowOop [152]=NarrowOop [156]=NarrowOop }
                      ;*arraylength {reexecute=0 rethrow=0 return_oop=0}
                      ; - java.lang.String::isEmpty@4
                      ; - java.lang.ClassLoader::definePackage@1
                      ; - java.lang.ClassLoader::getDefinedPackage@32
                      ; - java.net.URLClassLoader::getAndVerifyPackage@2
                      ; - java.net.URLClassLoader::defineClass@46
                      ; - java.net.URLClassLoader$1::run@43
                      ; - java.net.URLClassLoader$1::run@1
  0x00000120367987cc: b0bb 3eff 

  0x00000120367987d0: ;   {other}
  0x00000120367987d0: 0f1f 8400 | 408a 00ca | baf6 ffff | ff48 8b6c | 2450 4c89 | 6c24 284c | 8b54 2438 | 4c89 5424 
  0x00000120367987f0: 3048 894c | 2448 4889 | 5c24 5090 

  0x00000120367987fc: ;   {runtime_call UncommonTrapBlob}
  0x00000120367987fc: c5f8 77e8 

  0x0000012036798800: ; ImmutableOopMap {rbp=Oop [40]=Oop [72]=Oop [80]=Oop [88]=NarrowOop [152]=NarrowOop [156]=NarrowOop }
                      ;*invokevirtual isNamed {reexecute=0 rethrow=0 return_oop=0}
                      ; - java.lang.Package::isSealed@4
                      ; - java.net.URLClassLoader::getAndVerifyPackage@14
                      ; - java.net.URLClassLoader::defineClass@46
                      ; - java.net.URLClassLoader$1::run@43
                      ; - java.net.URLClassLoader$1::run@1
  0x0000012036798800: 7cbb 3eff 

  0x0000012036798804: ;   {other}
  0x0000012036798804: 0f1f 8400 | 748a 00cb | baf6 ffff | ff48 8b6c | 2450 4c89 | 6c24 284c | 8b54 2438 | 4c89 5424 
  0x0000012036798824: 3048 894c | 2448 4889 | 5c24 5090 

  0x0000012036798830: ;   {runtime_call UncommonTrapBlob}
  0x0000012036798830: c5f8 77e8 

  0x0000012036798834: ; ImmutableOopMap {rbp=Oop [40]=Oop [72]=Oop [80]=Oop [88]=NarrowOop [152]=NarrowOop [156]=NarrowOop }
                      ;*getfield sealBase {reexecute=1 rethrow=0 return_oop=0}
                      ; - (reexecute) java.lang.Package::isSealed@14
                      ; - java.net.URLClassLoader::getAndVerifyPackage@14
                      ; - java.net.URLClassLoader::defineClass@46
                      ; - java.net.URLClassLoader$1::run@43
                      ; - java.net.URLClassLoader$1::run@1
  0x0000012036798834: 48bb 3eff 

  0x0000012036798838: ;   {other}
  0x0000012036798838: 0f1f 8400 | a88a 00cc | baf6 ffff | ff4c 896c | 2428 4c8b | 5424 384c | 8954 2430 | 4c89 4c24 
  0x0000012036798858: 4866 6690 

  0x000001203679885c: ;   {runtime_call UncommonTrapBlob}
  0x000001203679885c: c5f8 77e8 

  0x0000012036798860: ; ImmutableOopMap {[40]=Oop [72]=Oop [80]=Oop [88]=NarrowOop [152]=NarrowOop [156]=NarrowOop }
                      ;*getfield jar {reexecute=1 rethrow=0 return_oop=0}
                      ; - (reexecute) jdk.internal.loader.URLClassPath$JarLoader$2::getInputStream@4
                      ; - jdk.internal.loader.Resource::cachedInputStream@9
                      ; - jdk.internal.loader.Resource::getByteBuffer@1
                      ; - java.net.URLClassLoader::defineClass@132
                      ; - java.net.URLClassLoader$1::run@43
                      ; - java.net.URLClassLoader$1::run@1
  0x0000012036798860: 1cbb 3eff 

  0x0000012036798864: ;   {other}
  0x0000012036798864: 0f1f 8400 | d48a 00cd | baf6 ffff | ff4c 896c | 2428 4c8b | 5424 384c | 8954 2430 | 4c89 4c24 
  0x0000012036798884: 4844 8944 | 2444 6690 

  0x000001203679888c: ;   {runtime_call UncommonTrapBlob}
  0x000001203679888c: c5f8 77e8 

  0x0000012036798890: ; ImmutableOopMap {[40]=Oop [68]=NarrowOop [72]=Oop [80]=Oop [88]=NarrowOop [152]=NarrowOop [156]=NarrowOop }
                      ;*invokevirtual getInputStream {reexecute=0 rethrow=0 return_oop=0}
                      ; - jdk.internal.loader.URLClassPath$JarLoader$2::getInputStream@11
                      ; - jdk.internal.loader.Resource::cachedInputStream@9
                      ; - jdk.internal.loader.Resource::getByteBuffer@1
                      ; - java.net.URLClassLoader::defineClass@132
                      ; - java.net.URLClassLoader$1::run@43
                      ; - java.net.URLClassLoader$1::run@1
  0x0000012036798890: ecba 3eff 

  0x0000012036798894: ;   {other}
  0x0000012036798894: 0f1f 8400 | 048b 00ce | baf6 ffff | ff48 8b6c | 2450 4c8b | 4424 304c | 8944 2428 | 4c8b 4424 
  0x00000120367988b4: 384c 8944 | 2430 448b | 4c24 5844 | 894c 2440 | 4c8b 4424 | 604c 8944 | 2450 4c89 | 4424 5844 
  0x00000120367988d4: 895c 2460 | 4489 5424 | 6466 6690 

  0x00000120367988e0: ;   {runtime_call UncommonTrapBlob}
  0x00000120367988e0: c5f8 77e8 

  0x00000120367988e4: ; ImmutableOopMap {rbp=Oop [40]=Oop [64]=NarrowOop [80]=Oop [88]=Oop [96]=NarrowOop [100]=NarrowOop [152]=NarrowOop [156]=NarrowOop }
                      ;*getfield zsrc {reexecute=1 rethrow=0 return_oop=0}
                      ; - (reexecute) java.util.zip.ZipFile::getInputStream@11
                      ; - java.util.jar.JarFile::getInputStream@21
                      ; - jdk.internal.loader.URLClassPath$JarLoader$2::getInputStream@11
                      ; - jdk.internal.loader.Resource::cachedInputStream@9
                      ; - jdk.internal.loader.Resource::getByteBuffer@1
                      ; - java.net.URLClassLoader::defineClass@132
                      ; - java.net.URLClassLoader$1::run@43
                      ; - java.net.URLClassLoader$1::run@1
  0x00000120367988e4: 98ba 3eff 

  0x00000120367988e8: ;   {other}
  0x00000120367988e8: 0f1f 8400 | 588b 00cf | baf6 ffff | ff48 8b6c | 2450 4c8b | 5c24 304c | 895c 2428 | 4c8b 5c24 
  0x0000012036798908: 384c 895c | 2430 448b | 4424 5844 | 8944 2440 | 448b 5c24 | 4c44 895c | 2444 4489 | 5424 5890 
  0x0000012036798928: ;   {runtime_call UncommonTrapBlob}
  0x0000012036798928: c5f8 77e8 

  0x000001203679892c: ; ImmutableOopMap {rbp=Oop [40]=Oop [64]=NarrowOop [68]=NarrowOop [88]=NarrowOop [92]=NarrowOop [96]=Oop [112]=NarrowOop [152]=NarrowOop [156]=NarrowOop }
                      ;*getfield zsrc {reexecute=1 rethrow=0 return_oop=0}
                      ; - (reexecute) java.util.zip.ZipFile::ensureOpen@22
                      ; - java.util.zip.ZipFile::getInputStream@31
                      ; - java.util.jar.JarFile::getInputStream@21
                      ; - jdk.internal.loader.URLClassPath$JarLoader$2::getInputStream@11
                      ; - jdk.internal.loader.Resource::cachedInputStream@9
                      ; - jdk.internal.loader.Resource::getByteBuffer@1
                      ; - java.net.URLClassLoader::defineClass@132
                      ; - java.net.URLClassLoader$1::run@43
                      ; - java.net.URLClassLoader$1::run@1
  0x000001203679892c: 50ba 3eff 

  0x0000012036798930: ;   {other}
  0x0000012036798930: 0f1f 8400 | a08b 00d0 | baf6 ffff | ff48 8b6c | 2450 4c8b | 5424 304c | 8954 2428 | 4c8b 5424 
  0x0000012036798950: 384c 8954 | 2430 448b | 5c24 5844 | 895c 2440 | 4c8b 5424 | 604c 8954 | 2458 448b | 5424 4c44 
  0x0000012036798970: 8954 2444 | 448b 5424 | 7444 8954 | 2468 448b | 5c24 7044 | 895c 246c | 4889 8424 | 8000 0000 
  0x0000012036798990: ;   {runtime_call UncommonTrapBlob}
  0x0000012036798990: c5f8 77e8 

  0x0000012036798994: ; ImmutableOopMap {rbp=Oop [40]=Oop [64]=NarrowOop [68]=NarrowOop [88]=Oop [96]=Oop [108]=NarrowOop [128]=Oop [152]=NarrowOop [156]=NarrowOop }
                      ;*getfield cen {reexecute=1 rethrow=0 return_oop=0}
                      ; - (reexecute) java.util.zip.ZipFile::getInputStream@84
                      ; - java.util.jar.JarFile::getInputStream@21
                      ; - jdk.internal.loader.URLClassPath$JarLoader$2::getInputStream@11
                      ; - jdk.internal.loader.Resource::cachedInputStream@9
                      ; - jdk.internal.loader.Resource::getByteBuffer@1
                      ; - java.net.URLClassLoader::defineClass@132
                      ; - java.net.URLClassLoader$1::run@43
                      ; - java.net.URLClassLoader$1::run@1
  0x0000012036798994: e8b9 3eff 

  0x0000012036798998: ;   {other}
  0x0000012036798998: 0f1f 8400 | 088c 00d1 | baf6 ffff | ff48 8b6c | 2450 4c8b | 5424 304c | 8954 2428 | 4c8b 5424 
  0x00000120367989b8: 384c 8954 | 2430 448b | 5424 5844 | 8954 2440 | 448b 5c24 | 4c44 895c | 2444 448b | 5c24 7444 
  0x00000120367989d8: 895c 2458 | 89bc 2480 | 0000 0090 

  0x00000120367989e4: ;   {runtime_call UncommonTrapBlob}
  0x00000120367989e4: c5f8 77e8 

  0x00000120367989e8: ; ImmutableOopMap {rbp=Oop [40]=Oop [64]=NarrowOop [68]=NarrowOop [92]=NarrowOop [96]=Oop [112]=NarrowOop [120]=Oop [152]=NarrowOop [156]=NarrowOop }
                      ;*baload {reexecute=0 rethrow=0 return_oop=0}
                      ; - java.util.zip.ZipUtils::SH@2
                      ; - java.util.zip.ZipUtils::LG@2
                      ; - java.util.zip.ZipUtils::CENSIZ@5
                      ; - java.util.zip.ZipFile$ZipFileInputStream::<init>@12
                      ; - java.util.zip.ZipFile::getInputStream@88
                      ; - java.util.jar.JarFile::getInputStream@21
                      ; - jdk.internal.loader.URLClassPath$JarLoader$2::getInputStream@11
                      ; - jdk.internal.loader.Resource::cachedInputStream@9
                      ; - jdk.internal.loader.Resource::getByteBuffer@1
                      ; - java.net.URLClassLoader::defineClass@132
                      ; - java.net.URLClassLoader$1::run@43
                      ; - java.net.URLClassLoader$1::run@1
  0x00000120367989e8: 94b9 3eff 

  0x00000120367989ec: ;   {other}
  0x00000120367989ec: 0f1f 8400 | 5c8c 00d2 | baf6 ffff | ff48 8b6c | 2450 4c8b | 5424 304c | 8954 2428 | 4c8b 5424 
  0x0000012036798a0c: 384c 8954 | 2430 448b | 5424 5844 | 8954 2440 | 448b 5424 | 4c44 8954 | 2444 448b | 5424 7444 
  0x0000012036798a2c: 8954 2458 

  0x0000012036798a30: ;   {runtime_call UncommonTrapBlob}
  0x0000012036798a30: c5f8 77e8 

  0x0000012036798a34: ; ImmutableOopMap {rbp=Oop [40]=Oop [64]=NarrowOop [68]=NarrowOop [92]=NarrowOop [96]=Oop [112]=NarrowOop [120]=Oop [152]=NarrowOop [156]=NarrowOop }
                      ;*getfield zsrc {reexecute=1 rethrow=0 return_oop=0}
                      ; - (reexecute) java.util.zip.ZipFile$ZipFileInputStream::<init>@84
                      ; - java.util.zip.ZipFile::getInputStream@88
                      ; - java.util.jar.JarFile::getInputStream@21
                      ; - jdk.internal.loader.URLClassPath$JarLoader$2::getInputStream@11
                      ; - jdk.internal.loader.Resource::cachedInputStream@9
                      ; - jdk.internal.loader.Resource::getByteBuffer@1
                      ; - java.net.URLClassLoader::defineClass@132
                      ; - java.net.URLClassLoader$1::run@43
                      ; - java.net.URLClassLoader$1::run@1
  0x0000012036798a34: 48b9 3eff 

  0x0000012036798a38: ;   {other}
  0x0000012036798a38: 0f1f 8400 | a88c 00d3 | baf6 ffff | ff48 8b6c | 2450 4c8b | 5424 304c | 8954 2428 | 4c8b 5424 
  0x0000012036798a58: 384c 8954 | 2430 448b | 5c24 5844 | 895c 2440 | 448b 5c24 | 4c44 895c | 2444 448b | 5c24 7444 
  0x0000012036798a78: 895c 2458 

  0x0000012036798a7c: ;   {runtime_call UncommonTrapBlob}
  0x0000012036798a7c: c5f8 77e8 

  0x0000012036798a80: ; ImmutableOopMap {rbp=Oop [40]=Oop [64]=NarrowOop [68]=NarrowOop [92]=NarrowOop [96]=Oop [112]=NarrowOop [120]=Oop [152]=NarrowOop [156]=NarrowOop }
                      ;*getfield locpos {reexecute=1 rethrow=0 return_oop=0}
                      ; - (reexecute) java.util.zip.ZipFile$ZipFileInputStream::<init>@87
                      ; - java.util.zip.ZipFile::getInputStream@88
                      ; - java.util.jar.JarFile::getInputStream@21
                      ; - jdk.internal.loader.URLClassPath$JarLoader$2::getInputStream@11
                      ; - jdk.internal.loader.Resource::cachedInputStream@9
                      ; - jdk.internal.loader.Resource::getByteBuffer@1
                      ; - java.net.URLClassLoader::defineClass@132
                      ; - java.net.URLClassLoader$1::run@43
                      ; - java.net.URLClassLoader$1::run@1
  0x0000012036798a80: fcb8 3eff 

  0x0000012036798a84: ;   {other}
  0x0000012036798a84: 0f1f 8400 | f48c 00d4 | baf6 ffff | ff48 8b6c | 2450 4c8b | 5424 304c | 8954 2428 | 4c8b 5424 
  0x0000012036798aa4: 384c 8954 | 2430 448b | 5424 5844 | 8954 2440 | 448b 4424 | 4c44 8944 | 2444 448b | 4424 7444 
  0x0000012036798ac4: 8944 2458 | 4489 9c24 | 8000 0000 

  0x0000012036798ad0: ;   {runtime_call UncommonTrapBlob}
  0x0000012036798ad0: c5f8 77e8 

  0x0000012036798ad4: ; ImmutableOopMap {rbp=Oop [40]=Oop [64]=NarrowOop [68]=NarrowOop [92]=NarrowOop [96]=Oop [112]=NarrowOop [120]=Oop [152]=NarrowOop [156]=NarrowOop }
                      ;*baload {reexecute=0 rethrow=0 return_oop=0}
                      ; - java.util.zip.ZipUtils::SH@2
                      ; - java.util.zip.ZipUtils::CENHOW@5
                      ; - java.util.zip.ZipFile::getInputStream@98
                      ; - java.util.jar.JarFile::getInputStream@21
                      ; - jdk.internal.loader.URLClassPath$JarLoader$2::getInputStream@11
                      ; - jdk.internal.loader.Resource::cachedInputStream@9
                      ; - jdk.internal.loader.Resource::getByteBuffer@1
                      ; - java.net.URLClassLoader::defineClass@132
                      ; - java.net.URLClassLoader$1::run@43
                      ; - java.net.URLClassLoader$1::run@1
  0x0000012036798ad4: a8b8 3eff 

  0x0000012036798ad8: ;   {other}
  0x0000012036798ad8: 0f1f 8400 | 488d 00d5 | baf6 ffff | ff48 8b6c | 2450 4c8b | 5424 304c | 8954 2428 | 4c8b 5424 
  0x0000012036798af8: 384c 8954 | 2430 448b | 5c24 5844 | 895c 2440 | 4c8b 5424 | 604c 8954 | 2458 448b | 5424 4c44 
  0x0000012036798b18: 8954 2448 

  0x0000012036798b1c: ;   {runtime_call UncommonTrapBlob}
  0x0000012036798b1c: c5f8 77e8 

  0x0000012036798b20: ; ImmutableOopMap {rbp=Oop [40]=Oop [64]=NarrowOop [72]=NarrowOop [76]=NarrowOop [88]=Oop [96]=Oop [128]=Oop [152]=NarrowOop [156]=NarrowOop }
                      ;*monitorenter {reexecute=0 rethrow=0 return_oop=0}
                      ; - java.util.zip.ZipFile::getInputStream@226
                      ; - java.util.jar.JarFile::getInputStream@21
                      ; - jdk.internal.loader.URLClassPath$JarLoader$2::getInputStream@11
                      ; - jdk.internal.loader.Resource::cachedInputStream@9
                      ; - jdk.internal.loader.Resource::getByteBuffer@1
                      ; - java.net.URLClassLoader::defineClass@132
                      ; - java.net.URLClassLoader$1::run@43
                      ; - java.net.URLClassLoader$1::run@1
  0x0000012036798b20: 5cb8 3eff 

  0x0000012036798b24: ;   {other}
  0x0000012036798b24: 0f1f 8400 | 948d 00d6 | ba45 ffff | ff48 8b6c | 2450 4c89 | 6c24 204c | 8b5c 2438 | 4c89 5c24 
  0x0000012036798b44: 2848 8944 | 24f8 8b44 | 2458 8944 | 2440 488b | 4424 f84c | 8954 2450 | 4489 4c24 | 5866 6690 
  0x0000012036798b64: ;   {runtime_call UncommonTrapBlob}
  0x0000012036798b64: c5f8 77e8 

  0x0000012036798b68: ; ImmutableOopMap {rbp=Oop [32]=Oop [64]=NarrowOop [80]=Oop [88]=NarrowOop [152]=NarrowOop [156]=NarrowOop [160]=Oop }
                      ;*ifnonnull {reexecute=1 rethrow=0 return_oop=0}
                      ; - (reexecute) jdk.internal.access.SharedSecrets::javaUtilJarAccess@5
                      ; - jdk.internal.loader.URLClassPath$JarLoader$2::getManifest@0
                      ; - java.net.URLClassLoader::defineClass@34
                      ; - java.net.URLClassLoader$1::run@43
                      ; - java.net.URLClassLoader$1::run@1
  0x0000012036798b68: 14b8 3eff 

  0x0000012036798b6c: ;   {other}
  0x0000012036798b6c: 0f1f 8400 | dc8d 00d7 | baf4 ffff | ff48 8b6c | 2450 48ff | 7424 3048 | 8f44 2420 | 4c8b 5424 
  0x0000012036798b8c: 384c 8954 | 2430 6690 

  0x0000012036798b94: ;   {runtime_call UncommonTrapBlob}
  0x0000012036798b94: c5f8 77e8 

  0x0000012036798b98: ; ImmutableOopMap {rbp=Oop [32]=Oop [72]=Oop [88]=NarrowOop [96]=Oop [152]=NarrowOop [156]=NarrowOop }
                      ;*checkcast {reexecute=0 rethrow=0 return_oop=0}
                      ; - java.lang.ClassLoader::definePackage@81
                      ; - java.lang.ClassLoader::getDefinedPackage@32
                      ; - java.net.URLClassLoader::getAndVerifyPackage@2
                      ; - java.net.URLClassLoader::defineClass@46
                      ; - java.net.URLClassLoader$1::run@43
                      ; - java.net.URLClassLoader$1::run@1
  0x0000012036798b98: e4b7 3eff 

  0x0000012036798b9c: ;   {other}
  0x0000012036798b9c: 0f1f 8400 | 0c8e 00d8 | ba45 ffff | ff48 8b6c | 2450 4c8b | 5c24 304c | 895c 2428 | 4c8b 5c24 
  0x0000012036798bbc: 384c 895c | 2430 448b | 5c24 5844 | 895c 2440 | 448b 4424 | 4c45 8bd8 | 4489 5c24 | 4844 8954 
  0x0000012036798bdc: 2458 895c | 247c 6690 

  0x0000012036798be4: ;   {runtime_call UncommonTrapBlob}
  0x0000012036798be4: c5f8 77e8 

  0x0000012036798be8: ; ImmutableOopMap {rbp=Oop [40]=Oop [64]=NarrowOop [72]=NarrowOop [76]=NarrowOop [88]=NarrowOop [92]=NarrowOop [96]=Oop [112]=NarrowOop [124]=NarrowOop [152]=NarrowOop [156]=NarrowOop }
                      ;*ifnull {reexecute=1 rethrow=0 return_oop=0}
                      ; - (reexecute) java.util.Objects::equals@6
                      ; - java.util.zip.ZipFile::getInputStream@42
                      ; - java.util.jar.JarFile::getInputStream@21
                      ; - jdk.internal.loader.URLClassPath$JarLoader$2::getInputStream@11
                      ; - jdk.internal.loader.Resource::cachedInputStream@9
                      ; - jdk.internal.loader.Resource::getByteBuffer@1
                      ; - java.net.URLClassLoader::defineClass@132
                      ; - java.net.URLClassLoader$1::run@43
                      ; - java.net.URLClassLoader$1::run@1
  0x0000012036798be8: 94b7 3eff 

  0x0000012036798bec: ;   {other}
  0x0000012036798bec: 0f1f 8400 | 5c8e 00d9 | baf6 ffff | ff4c 896c | 2420 4c8b | 5c24 384c | 895c 2428 | 4489 5424 
  0x0000012036798c0c: 3048 894c | 2440 6690 

  0x0000012036798c14: ;   {runtime_call UncommonTrapBlob}
  0x0000012036798c14: c5f8 77e8 

  0x0000012036798c18: ; ImmutableOopMap {[32]=Oop [64]=Oop [80]=Oop [152]=NarrowOop [156]=NarrowOop }
                      ;*invokevirtual getBaseURL {reexecute=0 rethrow=0 return_oop=0}
                      ; - jdk.internal.loader.URLClassPath$FileLoader$1::getCodeSourceURL@4
                      ; - java.net.URLClassLoader::defineClass@13
                      ; - java.net.URLClassLoader$1::run@43
                      ; - java.net.URLClassLoader$1::run@1
  0x0000012036798c18: 64b7 3eff 

  0x0000012036798c1c: ;   {other}
  0x0000012036798c1c: 0f1f 8400 | 8c8e 00da | baf6 ffff | ff48 8b6c | 2450 4c8b | 5424 304c | 8954 2428 | 4c8b 5424 
  0x0000012036798c3c: 384c 8954 | 2430 448b | 5c24 5844 | 895c 2440 | 4c8b 5424 | 604c 8954 | 2458 448b | 5c24 4c44 
  0x0000012036798c5c: 895c 2448 

  0x0000012036798c60: ;   {runtime_call UncommonTrapBlob}
  0x0000012036798c60: c5f8 77e8 

  0x0000012036798c64: ; ImmutableOopMap {rbp=Oop [40]=Oop [64]=NarrowOop [72]=NarrowOop [76]=NarrowOop [88]=Oop [96]=Oop [120]=Oop [152]=NarrowOop [156]=NarrowOop }
                      ;*monitorenter {reexecute=0 rethrow=0 return_oop=0}
                      ; - java.util.zip.ZipFile::getInputStream@133
                      ; - java.util.jar.JarFile::getInputStream@21
                      ; - jdk.internal.loader.URLClassPath$JarLoader$2::getInputStream@11
                      ; - jdk.internal.loader.Resource::cachedInputStream@9
                      ; - jdk.internal.loader.Resource::getByteBuffer@1
                      ; - java.net.URLClassLoader::defineClass@132
                      ; - java.net.URLClassLoader$1::run@43
                      ; - java.net.URLClassLoader$1::run@1
  0x0000012036798c64: 18b7 3eff 

  0x0000012036798c68: ;   {other}
  0x0000012036798c68: 0f1f 8400 | d88e 00db | baf6 ffff | ff4c 8b54 | 2430 4c89 | 5424 284c | 8b54 2438 | 4c89 5424 
  0x0000012036798c88: 3066 6690 

  0x0000012036798c8c: ;   {runtime_call UncommonTrapBlob}
  0x0000012036798c8c: c5f8 77e8 

  0x0000012036798c90: ; ImmutableOopMap {[40]=Oop [80]=Oop [88]=NarrowOop [96]=Oop [152]=NarrowOop [156]=NarrowOop }
                      ;*invokeinterface apply {reexecute=0 rethrow=0 return_oop=0}
                      ; - jdk.internal.ref.CleanerImpl::getCleanerImpl@4
                      ; - jdk.internal.ref.PhantomCleanable::<init>@6
                      ; - java.io.FileCleanable::<init>@3
                      ; - java.io.FileCleanable::register@42
                      ; - java.io.FileInputStream::<init>@103
                      ; - jdk.internal.loader.URLClassPath$FileLoader$1::getInputStream@8
                      ; - jdk.internal.loader.Resource::cachedInputStream@9
                      ; - jdk.internal.loader.Resource::getByteBuffer@1
                      ; - java.net.URLClassLoader::defineClass@132
                      ; - java.net.URLClassLoader$1::run@43
                      ; - java.net.URLClassLoader$1::run@1
  0x0000012036798c90: ecb6 3eff 

  0x0000012036798c94: ;   {other}
  0x0000012036798c94: 0f1f 8400 | 048f 00dc | ba5e ffff | ff4c 8b54 | 2430 4c89 | 5424 284c | 8b54 2438 | 4c89 5424 
  0x0000012036798cb4: 3066 6690 

  0x0000012036798cb8: ;   {runtime_call UncommonTrapBlob}
  0x0000012036798cb8: c5f8 77e8 

  0x0000012036798cbc: ; ImmutableOopMap {[40]=Oop [80]=Oop [88]=NarrowOop [96]=Oop [152]=NarrowOop [156]=NarrowOop }
                      ;*getfield queue {reexecute=1 rethrow=0 return_oop=0}
                      ; - (reexecute) jdk.internal.ref.PhantomCleanable::<init>@9
                      ; - java.io.FileCleanable::<init>@3
                      ; - java.io.FileCleanable::register@42
                      ; - java.io.FileInputStream::<init>@103
                      ; - jdk.internal.loader.URLClassPath$FileLoader$1::getInputStream@8
                      ; - jdk.internal.loader.Resource::cachedInputStream@9
                      ; - jdk.internal.loader.Resource::getByteBuffer@1
                      ; - java.net.URLClassLoader::defineClass@132
                      ; - java.net.URLClassLoader$1::run@43
                      ; - java.net.URLClassLoader$1::run@1
  0x0000012036798cbc: c0b6 3eff 

  0x0000012036798cc0: ;   {other}
  0x0000012036798cc0: 0f1f 8400 | 308f 00dd | baf6 ffff | ff4c 8b54 | 2430 4c89 | 5424 284c | 8b54 2438 | 4c89 5424 
  0x0000012036798ce0: 3066 6690 

  0x0000012036798ce4: ;   {runtime_call UncommonTrapBlob}
  0x0000012036798ce4: c5f8 77e8 

  0x0000012036798ce8: ; ImmutableOopMap {[40]=Oop [80]=Oop [88]=NarrowOop [96]=Oop [152]=NarrowOop [156]=NarrowOop }
                      ;*invokeinterface apply {reexecute=0 rethrow=0 return_oop=0}
                      ; - jdk.internal.ref.CleanerImpl::getCleanerImpl@4
                      ; - jdk.internal.ref.PhantomCleanable::<init>@27
                      ; - java.io.FileCleanable::<init>@3
                      ; - java.io.FileCleanable::register@42
                      ; - java.io.FileInputStream::<init>@103
                      ; - jdk.internal.loader.URLClassPath$FileLoader$1::getInputStream@8
                      ; - jdk.internal.loader.Resource::cachedInputStream@9
                      ; - jdk.internal.loader.Resource::getByteBuffer@1
                      ; - java.net.URLClassLoader::defineClass@132
                      ; - java.net.URLClassLoader$1::run@43
                      ; - java.net.URLClassLoader$1::run@1
  0x0000012036798ce8: 94b6 3eff 

  0x0000012036798cec: ;   {other}
  0x0000012036798cec: 0f1f 8400 | 5c8f 00de | ba5e ffff | ff4c 8b54 | 2430 4c89 | 5424 284c | 8b54 2438 | 4c89 5424 
  0x0000012036798d0c: 3066 6690 

  0x0000012036798d10: ;   {runtime_call UncommonTrapBlob}
  0x0000012036798d10: c5f8 77e8 

  0x0000012036798d14: ; ImmutableOopMap {[40]=Oop [80]=Oop [88]=NarrowOop [96]=Oop [152]=NarrowOop [156]=NarrowOop }
                      ;*getfield phantomCleanableList {reexecute=1 rethrow=0 return_oop=0}
                      ; - (reexecute) jdk.internal.ref.PhantomCleanable::<init>@30
                      ; - java.io.FileCleanable::<init>@3
                      ; - java.io.FileCleanable::register@42
                      ; - java.io.FileInputStream::<init>@103
                      ; - jdk.internal.loader.URLClassPath$FileLoader$1::getInputStream@8
                      ; - jdk.internal.loader.Resource::cachedInputStream@9
                      ; - jdk.internal.loader.Resource::getByteBuffer@1
                      ; - java.net.URLClassLoader::defineClass@132
                      ; - java.net.URLClassLoader$1::run@43
                      ; - java.net.URLClassLoader$1::run@1
  0x0000012036798d14: 68b6 3eff 

  0x0000012036798d18: ;   {other}
  0x0000012036798d18: 0f1f 8400 | 888f 00df | baf6 ffff | ff48 8b6c | 2450 4c89 | 6c24 284c | 8b54 2438 | 4c89 5424 
  0x0000012036798d38: 3048 8944 | 24f8 8b44 | 2458 8944 | 2440 488b | 4424 f8c5 | fb11 4424 | 50c5 fb11 | 4424 584c 
  0x0000012036798d58: 8974 2468 | 4489 4424 | 4489 7424 | 7466 6690 

  0x0000012036798d68: ;   {runtime_call UncommonTrapBlob}
  0x0000012036798d68: c5f8 77e8 

  0x0000012036798d6c: ; ImmutableOopMap {rbp=Oop [40]=Oop [64]=NarrowOop [68]=NarrowOop [80]=Oop [88]=Oop [104]=Oop [116]=NarrowOop [152]=NarrowOop [156]=NarrowOop }
                      ;*arraylength {reexecute=0 rethrow=0 return_oop=0}
                      ; - java.lang.String::length@4
                      ; - java.lang.String::indexOf@14
                      ; - java.lang.String::indexOf@3
                      ; - java.io.WinNTFileSystem::isInvalid@5
                      ; - java.io.File::isInvalid@13
                      ; - java.io.FileInputStream::<init>@54
                      ; - jdk.internal.loader.URLClassPath$FileLoader$1::getInputStream@8
                      ; - jdk.internal.loader.Resource::cachedInputStream@9
                      ; - jdk.internal.loader.Resource::getByteBuffer@1
                      ; - java.net.URLClassLoader::defineClass@132
                      ; - java.net.URLClassLoader$1::run@43
                      ; - java.net.URLClassLoader$1::run@1
  0x0000012036798d6c: 10b6 3eff 

  0x0000012036798d70: ;   {other}
  0x0000012036798d70: 0f1f 8400 | e08f 00e0 | ba45 ffff | ff48 8b6c | 2450 4c89 | 6c24 284c | 8b54 2438 | 4c89 5424 
  0x0000012036798d90: 3048 8944 | 24f8 8b44 | 2458 8944 | 2440 488b | 4424 f8c5 | fb11 4424 | 50c5 fb11 | 4424 584c 
  0x0000012036798db0: 8974 2468 | 8974 2470 

  0x0000012036798db8: ;   {runtime_call UncommonTrapBlob}
  0x0000012036798db8: c5f8 77e8 

  0x0000012036798dbc: ; ImmutableOopMap {rbp=Oop [40]=Oop [64]=NarrowOop [80]=Oop [88]=Oop [104]=Oop [112]=NarrowOop [152]=NarrowOop [156]=NarrowOop }
                      ;*ifnull {reexecute=1 rethrow=0 return_oop=0}
                      ; - (reexecute) java.io.FileInputStream::<init>@16
                      ; - jdk.internal.loader.URLClassPath$FileLoader$1::getInputStream@8
                      ; - jdk.internal.loader.Resource::cachedInputStream@9
                      ; - jdk.internal.loader.Resource::getByteBuffer@1
                      ; - java.net.URLClassLoader::defineClass@132
                      ; - java.net.URLClassLoader$1::run@43
                      ; - java.net.URLClassLoader$1::run@1
  0x0000012036798dbc: c0b5 3eff 

  0x0000012036798dc0: ;   {other}
  0x0000012036798dc0: 0f1f 8400 | 3090 00e1 | ba45 ffff | ff48 8b6c | 2450 4c89 | 6c24 284c | 8b54 2438 | 4c89 5424 
  0x0000012036798de0: 3048 8944 | 24f8 8b44 | 2458 8944 | 2440 488b | 4424 f8c5 | fb11 4424 | 50c5 fb11 | 4424 584c 
  0x0000012036798e00: 8974 2460 | 4489 4424 | 6866 6690 

  0x0000012036798e0c: ;   {runtime_call UncommonTrapBlob}
  0x0000012036798e0c: c5f8 77e8 

  0x0000012036798e10: ; ImmutableOopMap {rbp=Oop [40]=Oop [64]=NarrowOop [80]=Oop [88]=Oop [96]=Oop [104]=NarrowOop [152]=NarrowOop [156]=NarrowOop }
                      ;*ifnonnull {reexecute=1 rethrow=0 return_oop=0}
                      ; - (reexecute) java.io.FileInputStream::<init>@42
                      ; - jdk.internal.loader.URLClassPath$FileLoader$1::getInputStream@8
                      ; - jdk.internal.loader.Resource::cachedInputStream@9
                      ; - jdk.internal.loader.Resource::getByteBuffer@1
                      ; - java.net.URLClassLoader::defineClass@132
                      ; - java.net.URLClassLoader$1::run@43
                      ; - java.net.URLClassLoader$1::run@1
  0x0000012036798e10: 6cb5 3eff 

  0x0000012036798e14: ;   {other}
  0x0000012036798e14: 0f1f 8400 | 8490 00e2 | ba45 ffff | ff48 8b6c | 2450 4c8b | 5424 304c | 8954 2428 | 4c8b 5424 
  0x0000012036798e34: 384c 8954 | 2430 448b | 5424 5844 | 8954 2440 | 4c8b 5424 | 604c 8954 | 2450 4c89 | 5424 584c 
  0x0000012036798e54: 8944 2460 | 4489 4c24 | 6866 6690 

  0x0000012036798e60: ;   {runtime_call UncommonTrapBlob}
  0x0000012036798e60: c5f8 77e8 

  0x0000012036798e64: ; ImmutableOopMap {rbp=Oop [40]=Oop [64]=NarrowOop [80]=Oop [88]=Oop [96]=Oop [104]=NarrowOop [152]=NarrowOop [156]=NarrowOop }
                      ;*ifnull {reexecute=1 rethrow=0 return_oop=0}
                      ; - (reexecute) java.io.FileCleanable::register@1
                      ; - java.io.FileInputStream::<init>@103
                      ; - jdk.internal.loader.URLClassPath$FileLoader$1::getInputStream@8
                      ; - jdk.internal.loader.Resource::cachedInputStream@9
                      ; - jdk.internal.loader.Resource::getByteBuffer@1
                      ; - java.net.URLClassLoader::defineClass@132
                      ; - java.net.URLClassLoader$1::run@43
                      ; - java.net.URLClassLoader$1::run@1
  0x0000012036798e64: 18b5 3eff 

  0x0000012036798e68: ;   {other}
  0x0000012036798e68: 0f1f 8400 | d890 00e3 | ba97 ffff | ff48 8b6c | 2450 48ff | 7424 3048 | 8f44 2428 | 4c8b 5424 
  0x0000012036798e88: 384c 8954 | 2430 448b | 5424 4044 | 8954 2438 

  0x0000012036798e98: ;   {runtime_call UncommonTrapBlob}
  0x0000012036798e98: c5f8 77e8 

  0x0000012036798e9c: ; ImmutableOopMap {rbp=Oop [40]=Oop [56]=NarrowOop [72]=Oop [88]=NarrowOop [152]=NarrowOop [156]=NarrowOop }
                      ;*invokevirtual clone {reexecute=1 rethrow=0 return_oop=0}
                      ; - (reexecute) java.util.Arrays::copyOfRange@18
                      ; - java.lang.StringLatin1::newString@16
                      ; - java.lang.String::substring@41
                      ; - java.net.URLClassLoader::defineClass@28
                      ; - java.net.URLClassLoader$1::run@43
                      ; - java.net.URLClassLoader$1::run@1
  0x0000012036798e9c: e0b4 3eff 

  0x0000012036798ea0: ;   {other}
  0x0000012036798ea0: 0f1f 8400 | 1091 00e4 | baf6 ffff | ff4c 8b54 | 2430 4c89 | 5424 284c | 8b54 2438 | 4c89 5424 
  0x0000012036798ec0: 3066 6690 

  0x0000012036798ec4: ;   {runtime_call UncommonTrapBlob}
  0x0000012036798ec4: c5f8 77e8 

  0x0000012036798ec8: ; ImmutableOopMap {[40]=Oop [80]=Oop [88]=NarrowOop [92]=NarrowOop [96]=Oop [152]=NarrowOop [156]=NarrowOop }
                      ;*getfield manifestName {reexecute=1 rethrow=0 return_oop=0}
                      ; - (reexecute) java.util.jar.JarVerifier$VerifierStream::<init>@29
                      ; - java.util.jar.JarFile::getInputStream@84
                      ; - jdk.internal.loader.URLClassPath$JarLoader$2::getInputStream@11
                      ; - jdk.internal.loader.Resource::cachedInputStream@9
                      ; - jdk.internal.loader.Resource::getByteBuffer@1
                      ; - java.net.URLClassLoader::defineClass@132
                      ; - java.net.URLClassLoader$1::run@43
                      ; - java.net.URLClassLoader$1::run@1
  0x0000012036798ec8: b4b4 3eff 

  0x0000012036798ecc: ;   {other}
  0x0000012036798ecc: 0f1f 8400 | 3c91 00e5 | ba97 ffff | ff48 8b6c | 2450 4c8b | 5424 304c | 8954 2420 | 4c8b 5424 
  0x0000012036798eec: 384c 8954 | 2428 4c8b | 5424 584c | 8954 2450 

  0x0000012036798efc: ;   {runtime_call UncommonTrapBlob}
  0x0000012036798efc: c5f8 77e8 

  0x0000012036798f00: ; ImmutableOopMap {rbp=Oop [32]=Oop [80]=Oop [88]=Oop [112]=Oop [144]=Oop [152]=NarrowOop [156]=NarrowOop }
                      ;*invokevirtual clone {reexecute=1 rethrow=0 return_oop=0}
                      ; - (reexecute) java.security.CodeSource::<init>@42
                      ; - java.net.URLClassLoader::defineClass@198
                      ; - java.net.URLClassLoader$1::run@43
                      ; - java.net.URLClassLoader$1::run@1
  0x0000012036798f00: 7cb4 3eff 

  0x0000012036798f04: ;   {other}
  0x0000012036798f04: 0f1f 8400 | 7491 00e6 | ba97 ffff | ff4c 8b54 | 2430 4c89 | 5424 204c | 8b54 2438 | 4c89 5424 
  0x0000012036798f24: 2866 6690 

  0x0000012036798f28: ;   {runtime_call UncommonTrapBlob}
  0x0000012036798f28: c5f8 77e8 

  0x0000012036798f2c: ; ImmutableOopMap {[32]=Oop [72]=NarrowOop [80]=Oop [88]=NarrowOop [112]=Oop [152]=NarrowOop [156]=NarrowOop }
                      ;*invokevirtual clone {reexecute=1 rethrow=0 return_oop=0}
                      ; - (reexecute) java.util.jar.JarFile$JarFileEntry::getCodeSigners@70
                      ; - jdk.internal.loader.URLClassPath$JarLoader$2::getCodeSigners@4
                      ; - java.net.URLClassLoader::defineClass@185
                      ; - java.net.URLClassLoader$1::run@43
                      ; - java.net.URLClassLoader$1::run@1
  0x0000012036798f2c: 50b4 3eff 

  0x0000012036798f30: ;   {other}
  0x0000012036798f30: 0f1f 8400 | a091 00e7 | 488b d8e9 | 9503 0000 | 488b d8e9 | 8d03 0000 | 488b d8e9 | a808 0000 
  0x0000012036798f50: 488b d8e9 | 0008 0000 | 488b d8e9 | f807 0000 | 488b d8e9 | f007 0000 | 488b d8e9 | e807 0000 
  0x0000012036798f70: 488b d8e9 | e007 0000 | 488b d8e9 | 7808 0000 | 488b d8e9 | 7008 0000 | 488b d8e9 | 6808 0000 
  0x0000012036798f90: 488b d8e9 | 6008 0000 | 488b d8e9 | 3503 0000 | 498b cb48 | 8d94 24e8 | 0000 004d | 8bc7 c5f8 
  0x0000012036798fb0: 7749 ba40 | d981 95ff | 7f00 0041 

  0x0000012036798fbc: ;   {other}
  0x0000012036798fbc: ffd2 0f1f | 8400 0000 | 0000 e92d | 0800 0048 | 8bd8 448b | 5808 49b8 | 0000 0044 | 2001 0000 
  0x0000012036798fdc: 4d03 c348 | ff74 2430 | 488f 4424 | 20e9 0b09 | 0000 488b | d8e9 6207 | 0000 4c8b | d0e9 5501 
  0x0000012036798ffc: 0000 4c8b | d0e9 b208 | 0000 488b | d8e9 4a07 | 0000 488b | d8e9 4207 | 0000 4c8b | d0e9 9a08 
  0x000001203679901c: 0000 488b | d8e9 3207 | 0000 488b | d8e9 2a07 | 0000 4c8b | d0e9 8208 | 0000 4889 | 4424 7848 
  0x000001203679903c: 8b6c 2430 | 4c8b 5424 | 484c 8954 | 2420 4c8b | 5424 384c | 8954 2428 | 488b 5424 | 7066 6690 
  0x000001203679905c: ;   {static_call}
  0x000001203679905c: c5f8 77e8 

  0x0000012036799060: ; ImmutableOopMap {rbp=Oop [32]=Oop [64]=Oop [80]=Oop [88]=NarrowOop [96]=Oop [104]=Oop [120]=Oop [160]=Oop }
                      ;*invokestatic endInit {reexecute=0 rethrow=0 return_oop=0}
                      ; - java.util.jar.JarFile::ensureInitialization@53
                      ; - java.util.jar.JavaUtilJarAccessImpl::ensureInitialization@1
                      ; - jdk.internal.loader.URLClassPath$JarLoader$2::getManifest@10
                      ; - java.net.URLClassLoader::defineClass@34
                      ; - java.net.URLClassLoader$1::run@43
                      ; - java.net.URLClassLoader$1::run@1
  0x0000012036799060: 1c60 3eff 

  0x0000012036799064: ;   {other}
  0x0000012036799064: 0f1f 8400 | d492 00e8 | 4c8b 5424 | 7849 8bda | e95c 0200 | 0048 8bd8 | e954 0200 | 0048 8bd8 
  0x0000012036799084: e903 0900 | 0048 8bd8 | e9fb 0800 | 0048 8bd8 | e9f3 0800 | 004c 8bd0 | e93a 0800 | 004c 8bd0 
  0x00000120367990a4: e932 0800 | 0048 8bd8 | 448b 5008 | 49b8 0000 | 0044 2001 | 0000 4d03 | c248 896c | 2420 e932 
  0x00000120367990c4: 0800 004c | 8bd0 eb03 | 4c8b d049 | 8bda 458b | 5208 49b8 | 0000 0044 | 2001 0000 | 4d03 c248 
  0x00000120367990e4: ff74 2428 | 488f 4424 | 20e9 0708 | 0000 488b | d8e9 5e06 | 0000 48ff | 7424 3048 | 8f44 2420 
  0x0000012036799104: e9f0 0700 | 004c 8bd0 | eb03 4c8b | d049 8bda | e973 0800 | 0048 8bd8 | 448b 5008 | 49bb 0000 
  0x0000012036799124: 0044 2001 | 0000 4d03 | dae9 ea03 | 0000 488b | d844 8b58 | 0849 b800 | 0000 4420 | 0100 004d 
  0x0000012036799144: 03c3 e97b | 0200 004c | 8bd0 eb03 | 4c8b d049 | 8bda e931 | 0800 0048 | 8bd8 e9f5 

  0x0000012036799160: ;   {no_reloc}
  0x0000012036799160: 0500 0048 | 8bd8 e9ed | 0500 0048 | 8bd8 e9e5 | 0500 0048 | 8bd8 e9b8 | 0300 0048 | 8bd8 e9b0 
  0x0000012036799180: 0300 0048 | 8bd8 e9cd | 0500 004c | 8bd0 e925 | 0700 0048 | 8bd8 448b | 5808 49b8 | 0000 0044 
  0x00000120367991a0: 2001 0000 | 4d03 c34d | 8b50 504c | 3bd5 0f85 | 46ff ffff | 4533 c9e9 | c103 0000 | 4c8b d0e9 
  0x00000120367991c0: f406 0000 | 4889 4424 | 4048 8b6c | 2420 4c8b | 5424 284c | 8954 2420 | 4c8b 5424 | 384c 8954 
  0x00000120367991e0: 2428 48c7 | c2ff ffff | ff66 6690 

  0x00000120367991ec: ;   {static_call}
  0x00000120367991ec: c5f8 77e8 

  0x00000120367991f0: ; ImmutableOopMap {rbp=Oop [32]=Oop [48]=Oop [64]=Oop [80]=Oop [88]=NarrowOop [96]=Oop [104]=Oop }
                      ;*invokestatic end {reexecute=0 rethrow=0 return_oop=0}
                      ; - java.io.FileInputStream::open@19
                      ; - java.io.FileInputStream::<init>@96
                      ; - jdk.internal.loader.URLClassPath$FileLoader$1::getInputStream@8
                      ; - jdk.internal.loader.Resource::cachedInputStream@9
                      ; - jdk.internal.loader.Resource::getByteBuffer@1
                      ; - java.net.URLClassLoader::defineClass@132
                      ; - java.net.URLClassLoader$1::run@43
                      ; - java.net.URLClassLoader$1::run@1
  0x00000120367991f0: 8c5e 3eff 

  0x00000120367991f4: ;   {other}
  0x00000120367991f4: 0f1f 8400 | 6494 00e9 | 488b 5c24 | 40e9 f205 | 0000 488b | d84c 8bdd | 488d 8424 | f800 0000 
  0x0000012036799214: 4883 3800 | 0f84 7900 | 0000 4d8b | 1341 f6c2 | 020f 8462 | 0000 0049 | 83ba 8600 | 0000 0074 
  0x0000012036799234: 0949 ff8a | 8600 0000 | eb4b 498b | 8296 0000 | 0049 0b82 | 8e00 0000 | 750a 49c7 | 423e 0000 
  0x0000012036799254: 0000 eb3d | 4983 ba9e | 0000 0000 | 7422 4833 | c049 c742 | 3e00 0000 | 00f0 8304 | 2400 4983 
  0x0000012036799274: ba9e 0000 | 0000 750d | f04d 0fb1 | 7a3e 7505 | 83c8 01eb | 0ca8 00eb | 084c 8b10 | f04d 0fb1 
  0x0000012036799294: 1375 0a49 | ff8f 5005 | 0000 4533 | d20f 84b1 | 0400 0049 | 8bcb 488d | 9424 f800 | 0000 4d8b 
  0x00000120367992b4: c7c5 f877 | 49ba 40d9 | 8195 ff7f | 0000 41ff 

  0x00000120367992c4: ;   {other}
  0x00000120367992c4: d20f 1f84 | 0000 0000 | 00e9 8604 | 0000 488b | d84c 8b5c | 2468 488d | 8424 e000 | 0000 4883 
  0x00000120367992e4: 3800 0f84 | 7900 0000 | 4d8b 1341 | f6c2 020f | 8462 0000 | 0049 83ba | 8600 0000 | 0074 0949 
  0x0000012036799304: ff8a 8600 | 0000 eb4b | 498b 8296 | 0000 0049 | 0b82 8e00 | 0000 750a | 49c7 423e | 0000 0000 
  0x0000012036799324: eb3d 4983 | ba9e 0000 | 0000 7422 | 4833 c049 | c742 3e00 | 0000 00f0 | 8304 2400 | 4983 ba9e 
  0x0000012036799344: 0000 0000 | 750d f04d | 0fb1 7a3e | 7505 83c8 | 01eb 0ca8 | 00eb 084c | 8b10 f04d | 0fb1 1375 
  0x0000012036799364: 0a49 ff8f | 5005 0000 | 4533 d20f | 84c0 0300 | 0048 8b4c | 2468 488d | 9424 e000 | 0000 4d8b 
  0x0000012036799384: c7c5 f877 | 49ba 40d9 | 8195 ff7f | 0000 41ff 

  0x0000012036799394: ;   {other}
  0x0000012036799394: d20f 1f84 | 0000 0000 | 00e9 9303 | 0000 4c8b | d0e9 6503 | 0000 488b | d8e9 a603 | 0000 488b 
  0x00000120367993b4: d844 8b50 | 0849 b800 | 0000 4420 | 0100 004d | 03c2 4d8b 

  0x00000120367993c8: ;   {metadata('java/io/IOException')}
  0x00000120367993c8: 5048 49bb | 5853 0445 | 2001 0000 | 4d3b d30f | 85f8 feff | ff4c 8bd3 | 498b 87b8 | 0100 004c 
  0x00000120367993e8: 8bd8 4983 | c328 4d3b | 9fc8 0100 | 000f 83bd | 0500 004d | 899f b801 | 0000 410f | 0d8b c000 
  0x0000012036799408: 0000 48c7 | 0001 0000 

  0x0000012036799410: ;   {metadata('java/lang/RuntimeException')}
  0x0000012036799410: 00c7 4008 | a8b7 0500 | 4489 600c | 4c89 6010 | 4c89 6018 | 4c89 6020 | 488b e84c | 8b5c 2428 
  0x0000012036799430: 4c89 5c24 | 204c 8b5c | 2430 4c89 | 5c24 284c | 8b5c 2438 | 4c89 5c24 | 3048 8bd5 | 4d8b c290 
  0x0000012036799450: ;   {optimized virtual_call}
  0x0000012036799450: c5f8 77e8 

  0x0000012036799454: ; ImmutableOopMap {rbp=Oop [32]=Oop [40]=Oop [64]=Oop [80]=Oop [88]=NarrowOop [96]=Oop [104]=Oop [160]=Oop }
                      ;*invokespecial <init> {reexecute=0 rethrow=0 return_oop=0}
                      ; - java.util.jar.JarFile::ensureInitialization@13
                      ; - java.util.jar.JavaUtilJarAccessImpl::ensureInitialization@1
                      ; - jdk.internal.loader.URLClassPath$JarLoader$2::getManifest@10
                      ; - java.net.URLClassLoader::defineClass@34
                      ; - java.net.URLClassLoader$1::run@43
                      ; - java.net.URLClassLoader$1::run@1
  0x0000012036799454: 2856 3eff 

  0x0000012036799458: ;   {other}
  0x0000012036799458: 0f1f 8400 | c896 00ea | 4c8b 5c24 | 6848 8d84 | 24e0 0000 | 0048 8338 | 000f 8479 | 0000 004d 
  0x0000012036799478: 8b13 41f6 | c202 0f84 | 6200 0000 | 4983 ba86 | 0000 0000 | 7409 49ff | 8a86 0000 | 00eb 4b49 
  0x0000012036799498: 8b82 9600 | 0000 490b | 828e 0000 | 0075 0a49 | c742 3e00 | 0000 00eb | 3d49 83ba | 9e00 0000 
  0x00000120367994b8: 0074 2248 | 33c0 49c7 | 423e 0000 | 0000 f083 | 0424 0049 | 83ba 9e00 | 0000 0075 | 0df0 4d0f 
  0x00000120367994d8: b17a 3e75 | 0583 c801 | eb0c a800 | eb08 4c8b | 10f0 4d0f | b113 750a | 49ff 8f50 | 0500 0045 
  0x00000120367994f8: 33d2 0f85 | 5005 0000 | 488b d5e9 | 8704 0000 | 488b d844 | 8b50 0849 | bb00 0000 | 4420 0100 
  0x0000012036799518: 004d 03da | 4d8b 5348 

  0x0000012036799520: ;   {metadata('java/io/IOException')}
  0x0000012036799520: 49bb 5853 | 0445 2001 | 0000 4d3b | d30f 84f1 | 0400 0044 | 8b53 0849 | b800 0000 | 4420 0100 
  0x0000012036799540: 004d 03c2 | 48ff 7424 | 3048 8f44 | 2420 e9a6 | 0300 004c | 8bd0 e95d | 0300 0048 | 8bd8 448b 
  0x0000012036799560: 5008 49b8 | 0000 0044 | 2001 0000 | 4d03 c24d | 8b50 504c | 3bd5 753c | 4c8b 4c24 | 6048 8b54 
  0x0000012036799580: 2420 4c8b | 4424 4848 | 8b7c 2468 

  0x000001203679958c: ;   {optimized virtual_call}
  0x000001203679958c: c5f8 77e8 

  0x0000012036799590: ; ImmutableOopMap {[32]=Oop [40]=Oop [48]=Oop [72]=Oop [80]=Oop [88]=NarrowOop [152]=NarrowOop [156]=NarrowOop }
                      ;*invokevirtual getAndVerifyPackage {reexecute=0 rethrow=0 return_oop=1}
                      ; - java.net.URLClassLoader::defineClass@97
                      ; - java.net.URLClassLoader$1::run@43
                      ; - java.net.URLClassLoader$1::run@1
  0x0000012036799590: ec54 3eff 

  0x0000012036799594: ;   {other}
  0x0000012036799594: 0f1f 8400 | 0498 00eb | 4885 c00f | 8468 0400 | 004c 8b6c | 2430 4c8b | 5c24 40e9 | ae83 ffff 
  0x00000120367995b4: 48ff 7424 | 3048 8f44 | 2420 e936 | 0300 004c | 8bd0 e9ed | 0200 004c | 8bd0 e9e5 | 0200 0048 
  0x00000120367995d4: 8bd8 e97d | 0100 004c | 8bd0 e9d5 | 0200 004c | 8bd0 e9cd | 0200 004c | 8bd0 e9c5 | 0200 004c 
  0x00000120367995f4: 8bd0 e9bd | 0200 0048 | 8bd8 4c8b | 5c24 7048 | 8d84 24f8 | 0000 0048 | 8338 000f | 8479 0000 
  0x0000012036799614: 004d 8b13 | 41f6 c202 | 0f84 6200 | 0000 4983 | ba86 0000 | 0000 7409 | 49ff 8a86 | 0000 00eb 
  0x0000012036799634: 4b49 8b82 | 9600 0000 | 490b 828e | 0000 0075 | 0a49 c742 | 3e00 0000 | 00eb 3d49 | 83ba 9e00 
  0x0000012036799654: 0000 0074 | 2248 33c0 | 49c7 423e | 0000 0000 | f083 0424 | 0049 83ba | 9e00 0000 | 0075 0df0 
  0x0000012036799674: 4d0f b17a | 3e75 0583 | c801 eb0c | a800 eb08 | 4c8b 10f0 | 4d0f b113 | 750a 49ff 

  0x0000012036799690: ;   {no_reloc}
  0x0000012036799690: 8f50 0500 | 0045 33d2 | 0f84 ba00 | 0000 498b | cb48 8d94 | 24f8 0000 | 004d 8bc7 | c5f8 7749 
  0x00000120367996b0: ba40 d981 | 95ff 7f00 | 0041 ffd2 

  0x00000120367996bc: ;   {other}
  0x00000120367996bc: 0f1f 8400 | 0000 0000 | e98f 0000 | 004c 8bd0 | e90a 0200 | 004c 8bd0 | e902 0200 | 004c 8bd0 
  0x00000120367996dc: e9fa 0100 | 004c 8bd0 | e9f2 0100 | 0048 8bd8 | 448b 5008 | 49b8 0000 | 0044 2001 | 0000 4d03 
  0x00000120367996fc: c248 ff74 | 2430 488f | 4424 20e9 | ed01 0000 | 4c8b d049 | 8bda 458b | 5208 49b8 | 0000 0044 
  0x000001203679971c: 2001 0000 | 4d03 c248 | ff74 2430 | 488f 4424 | 20e9 c701 | 0000 488b | d844 8b53 | 0849 b800 
  0x000001203679973c: 0000 4420 | 0100 004d | 03c2 48ff | 7424 4048 | 8f44 2420 | e9a4 0100 | 0048 8bd8 | 4c8b 5c24 
  0x000001203679975c: 6848 8d84 | 24e8 0000 | 0048 8338 | 000f 8479 | 0000 004d | 8b13 41f6 | c202 0f84 | 6200 0000 
  0x000001203679977c: 4983 ba86 | 0000 0000 | 7409 49ff | 8a86 0000 | 00eb 4b49 | 8b82 9600 | 0000 490b | 828e 0000 
  0x000001203679979c: 0075 0a49 | c742 3e00 | 0000 00eb | 3d49 83ba | 9e00 0000 | 0074 2248 | 33c0 49c7 

  0x00000120367997b8: ;   {no_reloc}
  0x00000120367997b8: 423e 0000 | 0000 f083 | 0424 0049 | 83ba 9e00 | 0000 0075 | 0df0 4d0f | b17a 3e75 | 0583 c801 
  0x00000120367997d8: eb0c a800 | eb08 4c8b | 10f0 4d0f | b113 750a | 49ff 8f50 | 0500 0045 | 33d2 0f85 | a8f7 ffff 
  0x00000120367997f8: 48ff 7424 | 3048 8f44 | 2420 488d | 8424 e000 | 0000 4c8b | 5c24 3048 | 8338 000f | 8479 0000 
  0x0000012036799818: 004d 8b13 | 41f6 c202 | 0f84 6200 | 0000 4983 | ba86 0000 | 0000 7409 | 49ff 8a86 | 0000 00eb 
  0x0000012036799838: 4b49 8b82 | 9600 0000 | 490b 828e | 0000 0075 | 0a49 c742 | 3e00 0000 | 00eb 3d49 | 83ba 9e00 
  0x0000012036799858: 0000 0074 | 2248 33c0 | 49c7 423e | 0000 0000 | f083 0424 | 0049 83ba | 9e00 0000 | 0075 0df0 
  0x0000012036799878: 4d0f b17a | 3e75 0583 | c801 eb0c | a800 eb08 | 4c8b 10f0 | 4d0f b113 | 750a 49ff | 8f50 0500 
  0x0000012036799898: 0045 33d2 | 0f85 3e01 | 0000 448b | 5308 49b8 | 0000 0044 | 2001 0000 | 4d03 c2eb | 444c 8bd0 
  0x00000120367998b8: ;   {no_reloc}
  0x00000120367998b8: 498b da45 | 8b5a 0849 | b800 0000 | 4420 0100 | 004d 03c3 | 48ff 7424 | 3048 8f44 | 2420 eb21 
  0x00000120367998d8: 4c8b d049 | 8bda 458b | 5208 49b8 | 0000 0044 | 2001 0000 | 4d03 c248 | ff74 2430 | 488f 4424 
  0x00000120367998f8: 204d 8b50 

  0x00000120367998fc: ;   {metadata('java/io/IOException')}
  0x00000120367998fc: 4849 bb58 | 5304 4520 | 0100 004d | 3bd3 0f84 | 8f00 0000 | 4d8b 5050 

  0x0000012036799914: ;   {metadata('java/lang/ClassFormatError')}
  0x0000012036799914: 49bb 105a | 3e45 2001 | 0000 4d3b | d375 6948 | 8beb 488b | 5424 2066 | 6690 c5f8 | 7748 b8ff 
  0x0000012036799934: ffff ffff 

  0x0000012036799938: ;   {virtual_call}
  0x0000012036799938: ffff ffe8 

  0x000001203679993c: ; ImmutableOopMap {rbp=Oop [32]=Oop }
                      ;*invokevirtual getDataError {reexecute=0 rethrow=0 return_oop=1}
                      ; - java.net.URLClassLoader$1::run@63
                      ; - java.net.URLClassLoader$1::run@1
  0x000001203679993c: 4054 3eff 

  0x0000012036799940: ;   {other}
  0x0000012036799940: 0f1f 8400 | b09b 00ec | 4885 c074 | 3748 8b54 | 2420 c5f8 | 7748 b8ff | ffff ffff 

  0x000001203679995c: ;   {virtual_call}
  0x000001203679995c: ffff ffe8 

  0x0000012036799960: ; ImmutableOopMap {rbp=Oop }
                      ;*invokevirtual getDataError {reexecute=0 rethrow=0 return_oop=1}
                      ; - java.net.URLClassLoader$1::run@71
                      ; - java.net.URLClassLoader$1::run@1
  0x0000012036799960: 1c54 3eff 

  0x0000012036799964: ;   {other}
  0x0000012036799964: 0f1f 8400 | d49b 00ed | 488b d54c | 8bc0 6690 

  0x0000012036799974: ;   {optimized virtual_call}
  0x0000012036799974: c5f8 77e8 

  0x0000012036799978: ; ImmutableOopMap {rbp=Oop }
                      ;*invokevirtual addSuppressed {reexecute=0 rethrow=0 return_oop=0}
                      ; - java.net.URLClassLoader$1::run@74
                      ; - java.net.URLClassLoader$1::run@1
  0x0000012036799978: 0451 3eff 

  0x000001203679997c: ;   {other}
  0x000001203679997c: 0f1f 8400 | ec9b 00ee | 488b d5eb | 0648 8bd8 | 488b d3c5 | f877 4881 | c410 0100 

  0x0000012036799998: ;   {runtime_call _rethrow_Java}
  0x0000012036799998: 005d e9e1 | b14a ff48 | 8beb ba2f | 0000 0090 

  0x00000120367999a8: ;   {runtime_call UncommonTrapBlob}
  0x00000120367999a8: c5f8 77e8 

  0x00000120367999ac: ; ImmutableOopMap {rbp=Oop [80]=Oop }
                      ;*new {reexecute=0 rethrow=0 return_oop=0}
                      ; - java.net.URLClassLoader$1::run@48
                      ; - java.net.URLClassLoader$1::run@1
  0x00000120367999ac: d0a9 3eff 

  0x00000120367999b0: ;   {other}
  0x00000120367999b0: 0f1f 8400 | 209c 00ef 

  0x00000120367999b8: ;   {metadata('java/lang/RuntimeException')}
  0x00000120367999b8: 498b ea48 | baa8 b705 | 4420 0100 | 0066 6690 

  0x00000120367999c8: ;   {runtime_call _new_instance_Java}
  0x00000120367999c8: c5f8 77e8 

  0x00000120367999cc: ; ImmutableOopMap {rbp=Oop [40]=Oop [48]=Oop [64]=Oop [80]=Oop [88]=NarrowOop [96]=Oop [104]=Oop [160]=Oop }
                      ;*new {reexecute=0 rethrow=0 return_oop=1}
                      ; - java.util.jar.JarFile::ensureInitialization@8
                      ; - java.util.jar.JavaUtilJarAccessImpl::ensureInitialization@1
                      ; - jdk.internal.loader.URLClassPath$JarLoader$2::getManifest@10
                      ; - java.net.URLClassLoader::defineClass@34
                      ; - java.net.URLClassLoader$1::run@43
                      ; - java.net.URLClassLoader$1::run@1
  0x00000120367999cc: b0ab 4aff 

  0x00000120367999d0: ;   {other}
  0x00000120367999d0: 0f1f 8400 | 409c 00f0 | 4c8b d5e9 | 48fa ffff | 488b 4c24 | 3048 8d94 | 24e0 0000 | 004d 8bc7 
  0x00000120367999f0: c5f8 7749 | ba40 d981 | 95ff 7f00 | 0041 ffd2 

  0x0000012036799a00: ;   {other}
  0x0000012036799a00: 0f1f 8400 | 0000 0000 | e995 feff | ffba fd00 | 0000 6690 

  0x0000012036799a14: ;   {runtime_call UncommonTrapBlob}
  0x0000012036799a14: c5f8 77e8 

  0x0000012036799a18: ; ImmutableOopMap {[48]=Oop [72]=Oop [80]=Oop }
                      ;*new {reexecute=0 rethrow=0 return_oop=0}
                      ; - java.net.URLClassLoader::defineClass@103
                      ; - java.net.URLClassLoader$1::run@43
                      ; - java.net.URLClassLoader$1::run@1
  0x0000012036799a18: 64a9 3eff 

  0x0000012036799a1c: ;   {other}
  0x0000012036799a1c: 0f1f 8400 | 8c9c 00f1 | 488b ebba | 2a00 0000 | 48ff 7424 | 3048 8f44 | 2428 4c8b | 5424 384c 
  0x0000012036799a3c: 8954 2430 

  0x0000012036799a40: ;   {runtime_call UncommonTrapBlob}
  0x0000012036799a40: c5f8 77e8 

  0x0000012036799a44: ; ImmutableOopMap {rbp=Oop [40]=Oop [80]=Oop [88]=NarrowOop [112]=Oop [152]=NarrowOop [156]=NarrowOop }
                      ;*new {reexecute=0 rethrow=0 return_oop=0}
                      ; - java.util.jar.JarFile$JarFileEntry::getCodeSigners@11
                      ; - jdk.internal.loader.URLClassPath$JarLoader$2::getCodeSigners@4
                      ; - java.net.URLClassLoader::defineClass@185
                      ; - java.net.URLClassLoader$1::run@43
                      ; - java.net.URLClassLoader$1::run@1
  0x0000012036799a44: 38a9 3eff 

  0x0000012036799a48: ;   {other}
  0x0000012036799a48: 0f1f 8400 | b89c 00f2 | 498b cb48 | 8d94 24e0 | 0000 004d | 8bc7 c5f8 | 7749 ba40 | d981 95ff 
  0x0000012036799a68: 7f00 0041 

  0x0000012036799a6c: ;   {other}
  0x0000012036799a6c: ffd2 0f1f | 8400 0000 | 0000 e985 

  0x0000012036799a78: ;   {internal_word}
  0x0000012036799a78: faff ff49 | ba34 2779 | 3620 0100 | 004d 8997 | 6804 0000 

  0x0000012036799a8c: ;   {runtime_call SafepointBlob}
  0x0000012036799a8c: e9ef b93e 

  0x0000012036799a90: ;   {runtime_call StubRoutines (final stubs)}
  0x0000012036799a90: ffe8 0aca | 3cff e963 | 6cff fff4 | f4f4 f4f4 
[Stub Code]
  0x0000012036799aa0: ;   {no_reloc}
  0x0000012036799aa0: 48bb 0000 | 0000 0000 

  0x0000012036799aa8: ;   {runtime_call nmethod}
  0x0000012036799aa8: 0000 e9fb 

  0x0000012036799aac: ;   {static_stub}
  0x0000012036799aac: ffff ff48 | bb00 0000 | 0000 0000 

  0x0000012036799ab8: ;   {runtime_call nmethod}
  0x0000012036799ab8: 00e9 fbff 

  0x0000012036799abc: ;   {static_stub}
  0x0000012036799abc: ffff 48bb | 0000 0000 | 0000 0000 

  0x0000012036799ac8: ;   {runtime_call nmethod}
  0x0000012036799ac8: e9fb ffff 

  0x0000012036799acc: ;   {static_stub}
  0x0000012036799acc: ff48 bb00 | 0000 0000 

  0x0000012036799ad4: ;   {runtime_call nmethod}
  0x0000012036799ad4: 0000 00e9 | fbff ffff 

  0x0000012036799adc: ;   {static_stub}
  0x0000012036799adc: 48bb 0000 | 0000 0000 

  0x0000012036799ae4: ;   {runtime_call nmethod}
  0x0000012036799ae4: 0000 e9fb 

  0x0000012036799ae8: ;   {static_stub}
  0x0000012036799ae8: ffff ff48 | bb00 0000 | 0000 0000 

  0x0000012036799af4: ;   {runtime_call nmethod}
  0x0000012036799af4: 00e9 fbff 

  0x0000012036799af8: ;   {static_stub}
  0x0000012036799af8: ffff 48bb | 0000 0000 | 0000 0000 

  0x0000012036799b04: ;   {runtime_call nmethod}
  0x0000012036799b04: e9fb ffff 

  0x0000012036799b08: ;   {static_stub}
  0x0000012036799b08: ff48 bb00 | 0000 0000 

  0x0000012036799b10: ;   {runtime_call nmethod}
  0x0000012036799b10: 0000 00e9 | fbff ffff 

  0x0000012036799b18: ;   {static_stub}
  0x0000012036799b18: 48bb 0000 | 0000 0000 

  0x0000012036799b20: ;   {runtime_call nmethod}
  0x0000012036799b20: 0000 e9fb 

  0x0000012036799b24: ;   {static_stub}
  0x0000012036799b24: ffff ff48 | bb00 0000 | 0000 0000 

  0x0000012036799b30: ;   {runtime_call nmethod}
  0x0000012036799b30: 00e9 fbff 

  0x0000012036799b34: ;   {static_stub}
  0x0000012036799b34: ffff 48bb | 0000 0000 | 0000 0000 

  0x0000012036799b40: ;   {runtime_call nmethod}
  0x0000012036799b40: e9fb ffff 

  0x0000012036799b44: ;   {static_stub}
  0x0000012036799b44: ff48 bb00 | 0000 0000 

  0x0000012036799b4c: ;   {runtime_call nmethod}
  0x0000012036799b4c: 0000 00e9 | fbff ffff 

  0x0000012036799b54: ;   {static_stub}
  0x0000012036799b54: 48bb 0000 | 0000 0000 

  0x0000012036799b5c: ;   {runtime_call nmethod}
  0x0000012036799b5c: 0000 e9fb 

  0x0000012036799b60: ;   {static_stub}
  0x0000012036799b60: ffff ff48 | bb00 0000 | 0000 0000 

  0x0000012036799b6c: ;   {runtime_call nmethod}
  0x0000012036799b6c: 00e9 fbff 

  0x0000012036799b70: ;   {static_stub}
  0x0000012036799b70: ffff 48bb | 0000 0000 | 0000 0000 

  0x0000012036799b7c: ;   {runtime_call nmethod}
  0x0000012036799b7c: e9fb ffff 

  0x0000012036799b80: ;   {static_stub}
  0x0000012036799b80: ff48 bb00 | 0000 0000 

  0x0000012036799b88: ;   {runtime_call nmethod}
  0x0000012036799b88: 0000 00e9 | fbff ffff 

  0x0000012036799b90: ;   {static_stub}
  0x0000012036799b90: 48bb 0000 | 0000 0000 

  0x0000012036799b98: ;   {runtime_call nmethod}
  0x0000012036799b98: 0000 e9fb 

  0x0000012036799b9c: ;   {static_stub}
  0x0000012036799b9c: ffff ff48 | bb00 0000 | 0000 0000 

  0x0000012036799ba8: ;   {runtime_call nmethod}
  0x0000012036799ba8: 00e9 fbff 

  0x0000012036799bac: ;   {static_stub}
  0x0000012036799bac: ffff 48bb | 0000 0000 | 0000 0000 

  0x0000012036799bb8: ;   {runtime_call nmethod}
  0x0000012036799bb8: e9fb ffff 

  0x0000012036799bbc: ;   {static_stub}
  0x0000012036799bbc: ff48 bb00 | 0000 0000 

  0x0000012036799bc4: ;   {runtime_call nmethod}
  0x0000012036799bc4: 0000 00e9 | fbff ffff 

  0x0000012036799bcc: ;   {static_stub}
  0x0000012036799bcc: 48bb 0000 | 0000 0000 

  0x0000012036799bd4: ;   {runtime_call nmethod}
  0x0000012036799bd4: 0000 e9fb 

  0x0000012036799bd8: ;   {static_stub}
  0x0000012036799bd8: ffff ff48 | bb00 0000 | 0000 0000 

  0x0000012036799be4: ;   {runtime_call nmethod}
  0x0000012036799be4: 00e9 fbff 

  0x0000012036799be8: ;   {static_stub}
  0x0000012036799be8: ffff 48bb | 0000 0000 | 0000 0000 

  0x0000012036799bf4: ;   {runtime_call nmethod}
  0x0000012036799bf4: e9fb ffff 

  0x0000012036799bf8: ;   {static_stub}
  0x0000012036799bf8: ff48 bb00 | 0000 0000 

  0x0000012036799c00: ;   {runtime_call nmethod}
  0x0000012036799c00: 0000 00e9 | fbff ffff 

  0x0000012036799c08: ;   {static_stub}
  0x0000012036799c08: 48bb 0000 | 0000 0000 

  0x0000012036799c10: ;   {runtime_call nmethod}
  0x0000012036799c10: 0000 e9fb 

  0x0000012036799c14: ;   {static_stub}
  0x0000012036799c14: ffff ff48 | bb00 0000 | 0000 0000 

  0x0000012036799c20: ;   {runtime_call nmethod}
  0x0000012036799c20: 00e9 fbff 

  0x0000012036799c24: ;   {static_stub}
  0x0000012036799c24: ffff 48bb | 0000 0000 | 0000 0000 

  0x0000012036799c30: ;   {runtime_call nmethod}
  0x0000012036799c30: e9fb ffff 

  0x0000012036799c34: ;   {static_stub}
  0x0000012036799c34: ff48 bb00 | 0000 0000 

  0x0000012036799c3c: ;   {runtime_call nmethod}
  0x0000012036799c3c: 0000 00e9 | fbff ffff 

  0x0000012036799c44: ;   {static_stub}
  0x0000012036799c44: 48bb 0000 | 0000 0000 

  0x0000012036799c4c: ;   {runtime_call nmethod}
  0x0000012036799c4c: 0000 e9fb 

  0x0000012036799c50: ;   {static_stub}
  0x0000012036799c50: ffff ff48 | bb00 0000 | 0000 0000 

  0x0000012036799c5c: ;   {runtime_call nmethod}
  0x0000012036799c5c: 00e9 fbff 

  0x0000012036799c60: ;   {static_stub}
  0x0000012036799c60: ffff 48bb | 0000 0000 | 0000 0000 

  0x0000012036799c6c: ;   {runtime_call nmethod}
  0x0000012036799c6c: e9fb ffff 

  0x0000012036799c70: ;   {static_stub}
  0x0000012036799c70: ff48 bb00 | 0000 0000 

  0x0000012036799c78: ;   {runtime_call nmethod}
  0x0000012036799c78: 0000 00e9 | fbff ffff 

  0x0000012036799c80: ;   {static_stub}
  0x0000012036799c80: 48bb 0000 | 0000 0000 

  0x0000012036799c88: ;   {runtime_call nmethod}
  0x0000012036799c88: 0000 e9fb 

  0x0000012036799c8c: ;   {static_stub}
  0x0000012036799c8c: ffff ff48 | bb00 0000 | 0000 0000 

  0x0000012036799c98: ;   {runtime_call nmethod}
  0x0000012036799c98: 00e9 fbff 

  0x0000012036799c9c: ;   {static_stub}
  0x0000012036799c9c: ffff 48bb | 0000 0000 | 0000 0000 

  0x0000012036799ca8: ;   {runtime_call nmethod}
  0x0000012036799ca8: e9fb ffff 

  0x0000012036799cac: ;   {static_stub}
  0x0000012036799cac: ff48 bb00 | 0000 0000 

  0x0000012036799cb4: ;   {runtime_call nmethod}
  0x0000012036799cb4: 0000 00e9 | fbff ffff 

  0x0000012036799cbc: ;   {static_stub}
  0x0000012036799cbc: 48bb 0000 | 0000 0000 

  0x0000012036799cc4: ;   {runtime_call nmethod}
  0x0000012036799cc4: 0000 e9fb 

  0x0000012036799cc8: ;   {runtime_call ExceptionBlob}
  0x0000012036799cc8: ffff ffe9 | b0ab 4aff 
[Deopt Handler Code]
  0x0000012036799cd0: e800 0000 | 0048 832c 

  0x0000012036799cd8: ;   {runtime_call DeoptimizationBlob}
  0x0000012036799cd8: 2405 e941 | aa3e fff4 
[/MachCode]


Compiled method (c2) 746229 4999   !   4       java.net.URLClassLoader::findClass (47 bytes)
 total in heap  [0x0000012036362010,0x00000120363626c0] = 1712
 relocation     [0x0000012036362170,0x00000120363621e0] = 112
 main code      [0x00000120363621e0,0x0000012036362460] = 640
 stub code      [0x0000012036362460,0x00000120363624a8] = 72
 oops           [0x00000120363624a8,0x00000120363624b0] = 8
 metadata       [0x00000120363624b0,0x0000012036362510] = 96
 scopes data    [0x0000012036362510,0x00000120363625a0] = 144
 scopes pcs     [0x00000120363625a0,0x0000012036362640] = 160
 dependencies   [0x0000012036362640,0x0000012036362648] = 8
 handler table  [0x0000012036362648,0x00000120363626c0] = 120

[Constant Pool (empty)]

[MachCode]
[Entry Point]
  # {method} {0x000001205f05c240} 'findClass' '(Ljava/lang/String;)Ljava/lang/Class;' in 'java/net/URLClassLoader'
  # this:     rdx:rdx   = 'java/net/URLClassLoader'
  # parm0:    r8:r8     = 'java/lang/String'
  #           [sp+0x30]  (sp of caller)
  0x00000120363621e0: 448b 5208 | 49bb 0000 | 0044 2001 | 0000 4d03 | d349 3bc2 

  0x00000120363621f4: ;   {runtime_call ic_miss_stub}
  0x00000120363621f4: 0f85 86c5 | 81ff 6690 | 0f1f 4000 
[Verified Entry Point]
  0x0000012036362200: 8984 2400 | 80ff ff55 | 4883 ec20 | 4181 7f20 | 1100 0000 | 0f85 3c02 | 0000 4c89 | 0424 488b 
  0x0000012036362220: ea49 8b87 | b801 0000 | 4c8b d049 | 83c2 184d | 3b97 c801 | 0000 0f83 | 0101 0000 | 4d89 97b8 
  0x0000012036362240: 0100 0041 | 0f0d 8ac0 | 0000 0048 | c700 0100 

  0x0000012036362250: ;   {metadata('java/net/URLClassLoader$1')}
  0x0000012036362250: 0000 c740 | 0838 8c04 | 0144 8960 | 144c 8bdd | 4c8b 1424 | 4d8b c244 | 8940 0c44 | 8958 1048 
  0x0000012036362270: 8944 2408 | 448b 5d58 | 4585 db74 | 5049 8beb 

  0x0000012036362280: ;   {static_call}
  0x0000012036362280: 488b d5e8 

  0x0000012036362284: ; ImmutableOopMap {rbp=Oop [0]=Oop [8]=Oop }
                      ;*invokestatic ensureMaterializedForStackWalk {reexecute=0 rethrow=0 return_oop=0}
                      ; - java.security.AccessController::executePrivileged@5
                      ; - java.security.AccessController::doPrivileged@13
                      ; - java.net.URLClassLoader::findClass@13
  0x0000012036362284: 5844 dbff 

  0x0000012036362288: ;   {other}
  0x0000012036362288: 0f1f 8400 | 7802 0000 | 488b 5424 

  0x0000012036362294: ;   {optimized virtual_call}
  0x0000012036362294: 0866 90e8 

  0x0000012036362298: ; ImmutableOopMap {rbp=Oop [0]=Oop }
                      ;*invokeinterface run {reexecute=0 rethrow=0 return_oop=1}
                      ; - java.security.AccessController::executePrivileged@29
                      ; - java.security.AccessController::doPrivileged@13
                      ; - java.net.URLClassLoader::findClass@13
  0x0000012036362298: 44e4 4200 

  0x000001203636229c: ;   {other}
  0x000001203636229c: 0f1f 8400 | 8c02 0001 | 4885 c074 | 2844 8b58 

  0x00000120363622ac: ;   {metadata('java/lang/Class')}
  0x00000120363622ac: 0841 81fb | 506b 0000 | 0f85 bc00 | 0000 4883 

  0x00000120363622bc: ;   {poll_return}
  0x00000120363622bc: c420 5d49 | 3ba7 5004 | 0000 0f87 | 7401 0000 | c333 edeb | bf49 8b87 | b801 0000 | 4c8b d049 
  0x00000120363622dc: 83c2 284d | 3b97 c801 | 0000 7371 | 4d89 97b8 | 0100 0041 | 0f0d 8ac0 | 0000 0048 | c700 0100 
  0x00000120363622fc: ;   {metadata('java/lang/ClassNotFoundException')}
  0x00000120363622fc: 0000 c740 | 0888 9306 | 0044 8960 | 0c4c 8960 | 104c 8960 | 184c 8960 | 2048 8be8 | 488b d54c 
  0x000001203636231c: 8b04 2445 

  0x0000012036362320: ;   {optimized virtual_call}
  0x0000012036362320: 33c9 90e8 

  0x0000012036362324: ; ImmutableOopMap {rbp=Oop }
                      ;*invokespecial <init> {reexecute=0 rethrow=0 return_oop=0}
                      ; - java.lang.ClassNotFoundException::<init>@3
                      ; - java.net.URLClassLoader::findClass@41
  0x0000012036362324: d887 1300 

  0x0000012036362328: ;   {other}
  0x0000012036362328: 0f1f 8400 | 1803 0002 | 488b d548 | 83c4 205d 

  0x0000012036362338: ;   {runtime_call _rethrow_Java}
  0x0000012036362338: e943 288e 

  0x000001203636233c: ;   {metadata('java/net/URLClassLoader$1')}
  0x000001203636233c: ff48 ba38 | 8c04 4520 

  0x0000012036362344: ;   {runtime_call _new_instance_Java}
  0x0000012036362344: 0100 00e8 

  0x0000012036362348: ; ImmutableOopMap {rbp=Oop [0]=Oop }
                      ;*new {reexecute=0 rethrow=0 return_oop=1}
                      ; - java.net.URLClassLoader::findClass@0
  0x0000012036362348: 3422 8eff 

  0x000001203636234c: ;   {other}
  0x000001203636234c: 0f1f 8400 | 3c03 0003 | e904 ffff 

  0x0000012036362358: ;   {metadata('java/lang/ClassNotFoundException')}
  0x0000012036362358: ff48 ba88 | 9306 4420 | 0100 0048 

  0x0000012036362364: ;   {runtime_call _new_instance_Java}
  0x0000012036362364: 8b2c 24e8 

  0x0000012036362368: ; ImmutableOopMap {rbp=Oop [0]=Oop }
                      ;*new {reexecute=0 rethrow=0 return_oop=1}
                      ; - java.net.URLClassLoader::findClass@36
  0x0000012036362368: 1422 8eff 

  0x000001203636236c: ;   {other}
  0x000001203636236c: 0f1f 8400 | 5c03 0004 | eb9f bade | ffff ff48 | 8b2c 2448 

  0x0000012036362380: ;   {runtime_call UncommonTrapBlob}
  0x0000012036362380: 8904 24e8 

  0x0000012036362384: ; ImmutableOopMap {rbp=Oop [0]=Oop }
                      ;*checkcast {reexecute=0 rethrow=0 return_oop=0}
                      ; - java.net.URLClassLoader::findClass@16
  0x0000012036362384: f81f 82ff 

  0x0000012036362388: ;   {other}
  0x0000012036362388: 0f1f 8400 | 7803 0005 | eb78 448b 

  0x0000012036362394: ;   {metadata('java/security/PrivilegedActionException')}
  0x0000012036362394: 5808 4181 | fb48 6316 | 0175 6b48 | 8be8 e984 | 0000 00eb | 6144 8b40 | 0849 bb00 | 0000 4420 
  0x00000120363623b4: 0100 004d | 03d8 eb11 | 448b 5008 | 49bb 0000 | 0044 2001 | 0000 4d03 | da4d 8b53 

  0x00000120363623d0: ;   {metadata('java/lang/RuntimeException')}
  0x00000120363623d0: 4849 b8a8 | b705 4420 | 0100 004d | 3bd0 7508 | 488b d0e9 | 4bff ffff | 4d8b 5b40 

  0x00000120363623ec: ;   {metadata('java/lang/Exception')}
  0x00000120363623ec: 49b8 20c0 | 0044 2001 | 0000 4d3b 

  0x00000120363623f8: ;   {metadata('java/security/PrivilegedActionException')}
  0x00000120363623f8: d874 1749 | bb48 6316 | 4520 0100 | 004d 3bd3 | 741e 488b | d0e9 21ff | ffff 488b | e8ba 9100 
  0x0000012036362418: ;   {runtime_call UncommonTrapBlob}
  0x0000012036362418: 0000 90e8 

  0x000001203636241c: ; ImmutableOopMap {rbp=Oop [0]=Oop }
                      ;*new {reexecute=0 rethrow=0 return_oop=0}
                      ; - java.security.AccessController::wrapException@0
                      ; - java.security.AccessController::doPrivileged@22
                      ; - java.net.URLClassLoader::findClass@13
  0x000001203636241c: 601f 82ff 

  0x0000012036362420: ;   {other}
  0x0000012036362420: 0f1f 8400 | 1004 0006 | 488b e8ba | adff ffff 

  0x0000012036362430: ;   {runtime_call UncommonTrapBlob}
  0x0000012036362430: 6666 90e8 

  0x0000012036362434: ; ImmutableOopMap {rbp=Oop }
                      ;*invokevirtual getException {reexecute=0 rethrow=0 return_oop=0}
                      ; - java.net.URLClassLoader::findClass@25
  0x0000012036362434: 481f 82ff 

  0x0000012036362438: ;   {other}
  0x0000012036362438: 0f1f 8400 | 2804 0007 

  0x0000012036362440: ;   {internal_word}
  0x0000012036362440: 49ba bf22 | 3636 2001 | 0000 4d89 | 9768 0400 

  0x0000012036362450: ;   {runtime_call SafepointBlob}
  0x0000012036362450: 00e9 2a30 

  0x0000012036362454: ;   {runtime_call StubRoutines (final stubs)}
  0x0000012036362454: 82ff e845 | 4080 ffe9 | bafd ffff 
[Stub Code]
  0x0000012036362460: ;   {no_reloc}
  0x0000012036362460: 48bb 90ce | 095f 2001 

  0x0000012036362468: ;   {runtime_call I2C/C2I adapters}
  0x0000012036362468: 0000 e9f4 

  0x000001203636246c: ;   {static_stub}
  0x000001203636246c: 0f82 ff48 | bb00 0000 | 0000 0000 

  0x0000012036362478: ;   {runtime_call nmethod}
  0x0000012036362478: 00e9 fbff 

  0x000001203636247c: ;   {static_stub}
  0x000001203636247c: ffff 48bb | 0000 0000 | 0000 0000 

  0x0000012036362488: ;   {runtime_call nmethod}
  0x0000012036362488: e9fb ffff 

  0x000001203636248c: ;   {runtime_call ExceptionBlob}
  0x000001203636248c: ffe9 ee23 | 8eff e800 | 0000 0048 | 832c 2405 

  0x000001203636249c: ;   {runtime_call DeoptimizationBlob}
  0x000001203636249c: e97f 2282 | fff4 f4f4 | f4f4 f4f4 
[/MachCode]


---------------  P R O C E S S  ---------------

Threads class SMR info:
_java_thread_list=0x000001206470dd90, length=139, elements={
0x000001202abff7f0, 0x0000012043391680, 0x0000012043392ba0, 0x0000012043398060,
0x0000012043398ac0, 0x00000120433996d0, 0x000001204339a2e0, 0x00000120433a4e60,
0x00000120438120b0, 0x0000012043ae1320, 0x0000012043a52e40, 0x0000012063dcd380,
0x0000012064652740, 0x00000120641deb30, 0x0000012064a04290, 0x0000012064a27ce0,
0x0000012064a29090, 0x0000012064a29720, 0x0000012064a26fc0, 0x00000120439fd840,
0x00000120439fc490, 0x00000120439fcb20, 0x000001206541eb90, 0x00000120654164e0,
0x0000012065414aa0, 0x0000012065415e50, 0x00000120654136f0, 0x0000012065413060,
0x0000012065417f20, 0x00000120654157c0, 0x00000120654185b0, 0x0000012065416b70,
0x0000012065415130, 0x0000012065418c40, 0x0000012065417200, 0x0000012065417890,
0x00000120654192d0, 0x000001206541a680, 0x0000012065419960, 0x0000012065419ff0,
0x000001206541cac0, 0x000001206541b080, 0x000001206541b710, 0x000001206541de70,
0x000001206541bda0, 0x00000120654205d0, 0x000001206541f220, 0x000001206541f8b0,
0x000001206541ff40, 0x000001206541d150, 0x0000012065420c60, 0x00000120654212f0,
0x0000012065421980, 0x0000012065422010, 0x00000120654226a0, 0x00000120439fb0e0,
0x00000120439fb770, 0x00000120439febf0, 0x00000120439fe560, 0x00000120439fd1b0,
0x0000012043a019e0, 0x0000012064a28a00, 0x0000012064a27650, 0x0000012064a2a440,
0x0000012064a28370, 0x0000012065413d80, 0x0000012066824e20, 0x0000012066824100,
0x00000120668254b0, 0x00000120668261d0, 0x0000012066823a70, 0x0000012066824790,
0x0000012066825b40, 0x0000012066822d50, 0x0000012065414410, 0x0000012065663ef0,
0x0000012065662b40, 0x0000012065663860, 0x0000012065664c10, 0x0000012065664580,
0x00000120656652a0, 0x00000120656631d0, 0x0000012065665930, 0x00000120656624b0,
0x0000012065667370, 0x0000012065668090, 0x0000012065669440, 0x0000012065667a00,
0x0000012065668720, 0x0000012065668db0, 0x0000012065665fc0, 0x0000012065666650,
0x0000012065669ad0, 0x0000012065666ce0, 0x000001206656b430, 0x000001206656ada0,
0x0000012066567fb0, 0x000001206656bac0, 0x000001206656a710, 0x0000012066568640,
0x000001206656c150, 0x000001206656a080, 0x0000012066568cd0, 0x00000120665699f0,
0x0000012066569360, 0x000001206656e220, 0x000001206656f5d0, 0x000001206656db90,
0x000001206656c7e0, 0x000001206656ce70, 0x000001206656e8b0, 0x000001206656ef40,
0x000001206656d500, 0x0000012066d85430, 0x0000012066d867e0, 0x0000012066d8b010,
0x0000012066d8b6a0, 0x0000012067f29b70, 0x0000012067f287c0, 0x0000012067f26d80,
0x0000012067f28e50, 0x0000012067f27aa0, 0x0000012067f27410, 0x0000012067f266f0,
0x0000012067f294e0, 0x0000012067f2a200, 0x0000012067f2a890, 0x0000012067f2af20,
0x0000012067f2b5b0, 0x0000012067f28130, 0x0000012067f2cff0, 0x0000012067f2d680,
0x0000012067f2bc40, 0x0000012067f2c2d0, 0x0000012067f2dd10, 0x0000012067f2c960,
0x0000012066d84da0, 0x0000012066d84710, 0x0000012068aa6d60
}

Java Threads: ( => current thread )
  0x000001202abff7f0 JavaThread "main"                              [_thread_blocked, id=19912, stack(0x0000000a2e300000,0x0000000a2e400000) (1024K)]
  0x0000012043391680 JavaThread "Reference Handler"          daemon [_thread_blocked, id=33416, stack(0x0000000a2eb00000,0x0000000a2ec00000) (1024K)]
  0x0000012043392ba0 JavaThread "Finalizer"                  daemon [_thread_blocked, id=22304, stack(0x0000000a2ec00000,0x0000000a2ed00000) (1024K)]
  0x0000012043398060 JavaThread "Signal Dispatcher"          daemon [_thread_blocked, id=32996, stack(0x0000000a2ed00000,0x0000000a2ee00000) (1024K)]
  0x0000012043398ac0 JavaThread "Attach Listener"            daemon [_thread_blocked, id=24736, stack(0x0000000a2ee00000,0x0000000a2ef00000) (1024K)]
  0x00000120433996d0 JavaThread "Service Thread"             daemon [_thread_blocked, id=21600, stack(0x0000000a2ef00000,0x0000000a2f000000) (1024K)]
  0x000001204339a2e0 JavaThread "Monitor Deflation Thread"   daemon [_thread_blocked, id=32988, stack(0x0000000a2f000000,0x0000000a2f100000) (1024K)]
  0x00000120433a4e60 JavaThread "C2 CompilerThread0"         daemon [_thread_blocked, id=32844, stack(0x0000000a2f100000,0x0000000a2f200000) (1024K)]
  0x00000120438120b0 JavaThread "C1 CompilerThread0"         daemon [_thread_blocked, id=32540, stack(0x0000000a2f200000,0x0000000a2f300000) (1024K)]
  0x0000012043ae1320 JavaThread "Common-Cleaner"             daemon [_thread_blocked, id=10676, stack(0x0000000a2f300000,0x0000000a2f400000) (1024K)]
  0x0000012043a52e40 JavaThread "Notification Thread"        daemon [_thread_blocked, id=32820, stack(0x0000000a2f400000,0x0000000a2f500000) (1024K)]
  0x0000012063dcd380 JavaThread "Daemon health stats"               [_thread_blocked, id=6620, stack(0x0000000a2fd00000,0x0000000a2fe00000) (1024K)]
  0x0000012064652740 JavaThread "Incoming local TCP Connector on port 52775"        [_thread_in_native, id=33264, stack(0x0000000a2fe00000,0x0000000a2ff00000) (1024K)]
  0x00000120641deb30 JavaThread "Daemon periodic checks"            [_thread_blocked, id=9040, stack(0x0000000a2ff00000,0x0000000a30000000) (1024K)]
  0x0000012064a04290 JavaThread "Daemon"                            [_thread_blocked, id=28080, stack(0x0000000a30000000,0x0000000a30100000) (1024K)]
=>0x0000012064a27ce0 JavaThread "Daemon worker"                     [_thread_in_vm, id=18872, stack(0x0000000a30300000,0x0000000a30400000) (1024K)]
  0x0000012064a29090 JavaThread "Cache worker for journal cache (D:\gradle_cache\caches\journal-1)"        [_thread_blocked, id=30300, stack(0x0000000a30700000,0x0000000a30800000) (1024K)]
  0x0000012064a29720 JavaThread "File lock request listener"        [_thread_in_native, id=31456, stack(0x0000000a30800000,0x0000000a30900000) (1024K)]
  0x0000012064a26fc0 JavaThread "Cache worker for file hash cache (D:\gradle_cache\caches\8.12\fileHashes)"        [_thread_blocked, id=21524, stack(0x0000000a30a00000,0x0000000a30b00000) (1024K)]
  0x00000120439fd840 JavaThread "File watcher server"        daemon [_thread_in_native, id=32960, stack(0x0000000a30f00000,0x0000000a31000000) (1024K)]
  0x00000120439fc490 JavaThread "File watcher consumer"      daemon [_thread_blocked, id=33136, stack(0x0000000a31000000,0x0000000a31100000) (1024K)]
  0x00000120439fcb20 JavaThread "Cache worker for file content cache (D:\gradle_cache\caches\8.12\fileContent)"        [_thread_blocked, id=12016, stack(0x0000000a2e200000,0x0000000a2e300000) (1024K)]
  0x000001206541eb90 JavaThread "Memory manager"                    [_thread_blocked, id=32548, stack(0x0000000a33500000,0x0000000a33600000) (1024K)]
  0x00000120654164e0 JavaThread "Handler for socket connection from /127.0.0.1:52775 to /127.0.0.1:52861"        [_thread_in_native, id=14632, stack(0x0000000a30100000,0x0000000a30200000) (1024K)]
  0x0000012065414aa0 JavaThread "Cancel handler"                    [_thread_blocked, id=28760, stack(0x0000000a30200000,0x0000000a30300000) (1024K)]
  0x0000012065415e50 JavaThread "Asynchronous log dispatcher for DefaultDaemonConnection: socket connection from /127.0.0.1:52775 to /127.0.0.1:52861"        [_thread_blocked, id=32236, stack(0x0000000a30400000,0x0000000a30500000) (1024K)]
  0x00000120654136f0 JavaThread "Stdin handler"                     [_thread_blocked, id=24512, stack(0x0000000a30500000,0x0000000a30600000) (1024K)]
  0x0000012065413060 JavaThread "Daemon client event forwarder"        [_thread_blocked, id=25248, stack(0x0000000a30600000,0x0000000a30700000) (1024K)]
  0x0000012065417f20 JavaThread "Cache worker for file hash cache (D:\pranjal\electricity_billing\mobile\android\.gradle\8.12\fileHashes)"        [_thread_blocked, id=17804, stack(0x0000000a30d00000,0x0000000a30e00000) (1024K)]
  0x00000120654157c0 JavaThread "Cache worker for Build Output Cleanup Cache (D:\pranjal\electricity_billing\mobile\android\.gradle\buildOutputCleanup)"        [_thread_blocked, id=28032, stack(0x0000000a30e00000,0x0000000a30f00000) (1024K)]
  0x00000120654185b0 JavaThread "Cache worker for checksums cache (D:\pranjal\electricity_billing\mobile\android\.gradle\8.12\checksums)"        [_thread_blocked, id=21968, stack(0x0000000a31100000,0x0000000a31200000) (1024K)]
  0x0000012065416b70 JavaThread "Cache worker for cache directory md-rule (D:\gradle_cache\caches\8.12\md-rule)"        [_thread_blocked, id=424, stack(0x0000000a31200000,0x0000000a31300000) (1024K)]
  0x0000012065415130 JavaThread "Cache worker for cache directory md-supplier (D:\gradle_cache\caches\8.12\md-supplier)"        [_thread_blocked, id=8700, stack(0x0000000a31300000,0x0000000a31400000) (1024K)]
  0x0000012065418c40 JavaThread "Cache worker for Build Output Cleanup Cache (C:\src\flutter\packages\flutter_tools\gradle\.gradle\buildOutputCleanup)"        [_thread_blocked, id=17772, stack(0x0000000a31400000,0x0000000a31500000) (1024K)]
  0x0000012065417200 JavaThread "Unconstrained build operations"        [_thread_blocked, id=32204, stack(0x0000000a31700000,0x0000000a31800000) (1024K)]
  0x0000012065417890 JavaThread "Unconstrained build operations Thread 2"        [_thread_blocked, id=16032, stack(0x0000000a31800000,0x0000000a31900000) (1024K)]
  0x00000120654192d0 JavaThread "Unconstrained build operations Thread 3"        [_thread_blocked, id=11996, stack(0x0000000a31900000,0x0000000a31a00000) (1024K)]
  0x000001206541a680 JavaThread "Unconstrained build operations Thread 4"        [_thread_blocked, id=32756, stack(0x0000000a31a00000,0x0000000a31b00000) (1024K)]
  0x0000012065419960 JavaThread "Unconstrained build operations Thread 5"        [_thread_blocked, id=28508, stack(0x0000000a31b00000,0x0000000a31c00000) (1024K)]
  0x0000012065419ff0 JavaThread "Unconstrained build operations Thread 6"        [_thread_blocked, id=15556, stack(0x0000000a31c00000,0x0000000a31d00000) (1024K)]
  0x000001206541cac0 JavaThread "Unconstrained build operations Thread 7"        [_thread_blocked, id=33336, stack(0x0000000a31d00000,0x0000000a31e00000) (1024K)]
  0x000001206541b080 JavaThread "Unconstrained build operations Thread 8"        [_thread_blocked, id=16636, stack(0x0000000a31e00000,0x0000000a31f00000) (1024K)]
  0x000001206541b710 JavaThread "Unconstrained build operations Thread 9"        [_thread_blocked, id=8640, stack(0x0000000a31f00000,0x0000000a32000000) (1024K)]
  0x000001206541de70 JavaThread "Unconstrained build operations Thread 10"        [_thread_blocked, id=29936, stack(0x0000000a32000000,0x0000000a32100000) (1024K)]
  0x000001206541bda0 JavaThread "Unconstrained build operations Thread 11"        [_thread_blocked, id=30016, stack(0x0000000a32100000,0x0000000a32200000) (1024K)]
  0x00000120654205d0 JavaThread "Unconstrained build operations Thread 12"        [_thread_blocked, id=12092, stack(0x0000000a32200000,0x0000000a32300000) (1024K)]
  0x000001206541f220 JavaThread "Unconstrained build operations Thread 13"        [_thread_blocked, id=15788, stack(0x0000000a32300000,0x0000000a32400000) (1024K)]
  0x000001206541f8b0 JavaThread "Unconstrained build operations Thread 14"        [_thread_blocked, id=27432, stack(0x0000000a32400000,0x0000000a32500000) (1024K)]
  0x000001206541ff40 JavaThread "Unconstrained build operations Thread 15"        [_thread_blocked, id=20684, stack(0x0000000a32500000,0x0000000a32600000) (1024K)]
  0x000001206541d150 JavaThread "Unconstrained build operations Thread 16"        [_thread_blocked, id=22320, stack(0x0000000a32600000,0x0000000a32700000) (1024K)]
  0x0000012065420c60 JavaThread "Unconstrained build operations Thread 17"        [_thread_blocked, id=11772, stack(0x0000000a32700000,0x0000000a32800000) (1024K)]
  0x00000120654212f0 JavaThread "Unconstrained build operations Thread 18"        [_thread_blocked, id=28364, stack(0x0000000a32800000,0x0000000a32900000) (1024K)]
  0x0000012065421980 JavaThread "Unconstrained build operations Thread 19"        [_thread_blocked, id=29496, stack(0x0000000a32900000,0x0000000a32a00000) (1024K)]
  0x0000012065422010 JavaThread "Unconstrained build operations Thread 20"        [_thread_blocked, id=27816, stack(0x0000000a32a00000,0x0000000a32b00000) (1024K)]
  0x00000120654226a0 JavaThread "Unconstrained build operations Thread 21"        [_thread_blocked, id=31524, stack(0x0000000a32b00000,0x0000000a32c00000) (1024K)]
  0x00000120439fb0e0 JavaThread "Unconstrained build operations Thread 22"        [_thread_blocked, id=30096, stack(0x0000000a32c00000,0x0000000a32d00000) (1024K)]
  0x00000120439fb770 JavaThread "build event listener"              [_thread_blocked, id=26548, stack(0x0000000a31500000,0x0000000a31600000) (1024K)]
  0x00000120439febf0 JavaThread "Execution worker"                  [_thread_blocked, id=24796, stack(0x0000000a30900000,0x0000000a30a00000) (1024K)]
  0x00000120439fe560 JavaThread "Execution worker Thread 2"         [_thread_blocked, id=5180, stack(0x0000000a31600000,0x0000000a31700000) (1024K)]
  0x00000120439fd1b0 JavaThread "Execution worker Thread 3"         [_thread_blocked, id=22816, stack(0x0000000a32d00000,0x0000000a32e00000) (1024K)]
  0x0000012043a019e0 JavaThread "Execution worker Thread 4"         [_thread_blocked, id=32456, stack(0x0000000a32e00000,0x0000000a32f00000) (1024K)]
  0x0000012064a28a00 JavaThread "Execution worker Thread 5"         [_thread_blocked, id=23220, stack(0x0000000a32f00000,0x0000000a33000000) (1024K)]
  0x0000012064a27650 JavaThread "Execution worker Thread 6"         [_thread_blocked, id=20700, stack(0x0000000a33000000,0x0000000a33100000) (1024K)]
  0x0000012064a2a440 JavaThread "Execution worker Thread 7"         [_thread_blocked, id=23436, stack(0x0000000a33100000,0x0000000a33200000) (1024K)]
  0x0000012064a28370 JavaThread "Execution worker Thread 8"         [_thread_blocked, id=2036, stack(0x0000000a33200000,0x0000000a33300000) (1024K)]
  0x0000012065413d80 JavaThread "Execution worker Thread 9"         [_thread_blocked, id=30528, stack(0x0000000a33300000,0x0000000a33400000) (1024K)]
  0x0000012066824e20 JavaThread "Execution worker Thread 10"        [_thread_blocked, id=27256, stack(0x0000000a33400000,0x0000000a33500000) (1024K)]
  0x0000012066824100 JavaThread "Execution worker Thread 11"        [_thread_blocked, id=20812, stack(0x0000000a33600000,0x0000000a33700000) (1024K)]
  0x00000120668254b0 JavaThread "Cache worker for execution history cache (C:\src\flutter\packages\flutter_tools\gradle\.gradle\8.12\executionHistory)"        [_thread_blocked, id=10032, stack(0x0000000a33700000,0x0000000a33800000) (1024K)]
  0x00000120668261d0 JavaThread "Unconstrained build operations Thread 23"        [_thread_blocked, id=20616, stack(0x0000000a33900000,0x0000000a33a00000) (1024K)]
  0x0000012066823a70 JavaThread "Unconstrained build operations Thread 24"        [_thread_blocked, id=24312, stack(0x0000000a33a00000,0x0000000a33b00000) (1024K)]
  0x0000012066824790 JavaThread "Unconstrained build operations Thread 25"        [_thread_blocked, id=29144, stack(0x0000000a33b00000,0x0000000a33c00000) (1024K)]
  0x0000012066825b40 JavaThread "Unconstrained build operations Thread 26"        [_thread_blocked, id=31704, stack(0x0000000a33c00000,0x0000000a33d00000) (1024K)]
  0x0000012066822d50 JavaThread "Unconstrained build operations Thread 27"        [_thread_blocked, id=22248, stack(0x0000000a33d00000,0x0000000a33e00000) (1024K)]
  0x0000012065414410 JavaThread "Unconstrained build operations Thread 28"        [_thread_blocked, id=32476, stack(0x0000000a33e00000,0x0000000a33f00000) (1024K)]
  0x0000012065663ef0 JavaThread "Unconstrained build operations Thread 29"        [_thread_blocked, id=1716, stack(0x0000000a33f00000,0x0000000a34000000) (1024K)]
  0x0000012065662b40 JavaThread "Unconstrained build operations Thread 30"        [_thread_blocked, id=11536, stack(0x0000000a34000000,0x0000000a34100000) (1024K)]
  0x0000012065663860 JavaThread "Unconstrained build operations Thread 31"        [_thread_blocked, id=10880, stack(0x0000000a34100000,0x0000000a34200000) (1024K)]
  0x0000012065664c10 JavaThread "Unconstrained build operations Thread 32"        [_thread_blocked, id=6448, stack(0x0000000a34200000,0x0000000a34300000) (1024K)]
  0x0000012065664580 JavaThread "Unconstrained build operations Thread 33"        [_thread_blocked, id=20900, stack(0x0000000a34300000,0x0000000a34400000) (1024K)]
  0x00000120656652a0 JavaThread "Unconstrained build operations Thread 34"        [_thread_blocked, id=23772, stack(0x0000000a34400000,0x0000000a34500000) (1024K)]
  0x00000120656631d0 JavaThread "Unconstrained build operations Thread 35"        [_thread_blocked, id=32364, stack(0x0000000a34500000,0x0000000a34600000) (1024K)]
  0x0000012065665930 JavaThread "Unconstrained build operations Thread 36"        [_thread_blocked, id=11456, stack(0x0000000a34600000,0x0000000a34700000) (1024K)]
  0x00000120656624b0 JavaThread "Unconstrained build operations Thread 37"        [_thread_blocked, id=26000, stack(0x0000000a34700000,0x0000000a34800000) (1024K)]
  0x0000012065667370 JavaThread "Unconstrained build operations Thread 38"        [_thread_blocked, id=19652, stack(0x0000000a34800000,0x0000000a34900000) (1024K)]
  0x0000012065668090 JavaThread "Unconstrained build operations Thread 39"        [_thread_blocked, id=3336, stack(0x0000000a34900000,0x0000000a34a00000) (1024K)]
  0x0000012065669440 JavaThread "Unconstrained build operations Thread 40"        [_thread_blocked, id=32292, stack(0x0000000a34a00000,0x0000000a34b00000) (1024K)]
  0x0000012065667a00 JavaThread "Unconstrained build operations Thread 41"        [_thread_blocked, id=12100, stack(0x0000000a34b00000,0x0000000a34c00000) (1024K)]
  0x0000012065668720 JavaThread "Unconstrained build operations Thread 42"        [_thread_blocked, id=28968, stack(0x0000000a34c00000,0x0000000a34d00000) (1024K)]
  0x0000012065668db0 JavaThread "Unconstrained build operations Thread 43"        [_thread_blocked, id=33180, stack(0x0000000a34d00000,0x0000000a34e00000) (1024K)]
  0x0000012065665fc0 JavaThread "Unconstrained build operations Thread 44"        [_thread_blocked, id=29868, stack(0x0000000a34e00000,0x0000000a34f00000) (1024K)]
  0x0000012065666650 JavaThread "Unconstrained build operations Thread 45"        [_thread_blocked, id=31480, stack(0x0000000a34f00000,0x0000000a35000000) (1024K)]
  0x0000012065669ad0 JavaThread "Unconstrained build operations Thread 46"        [_thread_blocked, id=33432, stack(0x0000000a35000000,0x0000000a35100000) (1024K)]
  0x0000012065666ce0 JavaThread "Unconstrained build operations Thread 47"        [_thread_blocked, id=26756, stack(0x0000000a35100000,0x0000000a35200000) (1024K)]
  0x000001206656b430 JavaThread "Unconstrained build operations Thread 48"        [_thread_blocked, id=23592, stack(0x0000000a35200000,0x0000000a35300000) (1024K)]
  0x000001206656ada0 JavaThread "Unconstrained build operations Thread 49"        [_thread_blocked, id=9252, stack(0x0000000a35300000,0x0000000a35400000) (1024K)]
  0x0000012066567fb0 JavaThread "Unconstrained build operations Thread 50"        [_thread_blocked, id=24036, stack(0x0000000a35400000,0x0000000a35500000) (1024K)]
  0x000001206656bac0 JavaThread "Unconstrained build operations Thread 51"        [_thread_blocked, id=28516, stack(0x0000000a35500000,0x0000000a35600000) (1024K)]
  0x000001206656a710 JavaThread "Unconstrained build operations Thread 52"        [_thread_blocked, id=14844, stack(0x0000000a35600000,0x0000000a35700000) (1024K)]
  0x0000012066568640 JavaThread "Unconstrained build operations Thread 53"        [_thread_blocked, id=33036, stack(0x0000000a35700000,0x0000000a35800000) (1024K)]
  0x000001206656c150 JavaThread "Unconstrained build operations Thread 54"        [_thread_blocked, id=5404, stack(0x0000000a35800000,0x0000000a35900000) (1024K)]
  0x000001206656a080 JavaThread "Unconstrained build operations Thread 55"        [_thread_blocked, id=31780, stack(0x0000000a35900000,0x0000000a35a00000) (1024K)]
  0x0000012066568cd0 JavaThread "Unconstrained build operations Thread 56"        [_thread_blocked, id=28620, stack(0x0000000a35a00000,0x0000000a35b00000) (1024K)]
  0x00000120665699f0 JavaThread "Unconstrained build operations Thread 57"        [_thread_blocked, id=2548, stack(0x0000000a35b00000,0x0000000a35c00000) (1024K)]
  0x0000012066569360 JavaThread "Unconstrained build operations Thread 58"        [_thread_blocked, id=31740, stack(0x0000000a35c00000,0x0000000a35d00000) (1024K)]
  0x000001206656e220 JavaThread "Unconstrained build operations Thread 59"        [_thread_blocked, id=34560, stack(0x0000000a35d00000,0x0000000a35e00000) (1024K)]
  0x000001206656f5d0 JavaThread "Unconstrained build operations Thread 60"        [_thread_blocked, id=29484, stack(0x0000000a35e00000,0x0000000a35f00000) (1024K)]
  0x000001206656db90 JavaThread "Unconstrained build operations Thread 61"        [_thread_blocked, id=33864, stack(0x0000000a35f00000,0x0000000a36000000) (1024K)]
  0x000001206656c7e0 JavaThread "Unconstrained build operations Thread 62"        [_thread_blocked, id=33364, stack(0x0000000a36000000,0x0000000a36100000) (1024K)]
  0x000001206656ce70 JavaThread "Unconstrained build operations Thread 63"        [_thread_blocked, id=33884, stack(0x0000000a36100000,0x0000000a36200000) (1024K)]
  0x000001206656e8b0 JavaThread "Unconstrained build operations Thread 64"        [_thread_blocked, id=29468, stack(0x0000000a36200000,0x0000000a36300000) (1024K)]
  0x000001206656ef40 JavaThread "Unconstrained build operations Thread 65"        [_thread_blocked, id=30068, stack(0x0000000a36300000,0x0000000a36400000) (1024K)]
  0x000001206656d500 JavaThread "Unconstrained build operations Thread 66"        [_thread_blocked, id=29560, stack(0x0000000a36400000,0x0000000a36500000) (1024K)]
  0x0000012066d85430 JavaThread "Unconstrained build operations Thread 67"        [_thread_blocked, id=22420, stack(0x0000000a36500000,0x0000000a36600000) (1024K)]
  0x0000012066d867e0 JavaThread "Unconstrained build operations Thread 68"        [_thread_blocked, id=5888, stack(0x0000000a36600000,0x0000000a36700000) (1024K)]
  0x0000012066d8b010 JavaThread "Unconstrained build operations Thread 69"        [_thread_blocked, id=22212, stack(0x0000000a36700000,0x0000000a36800000) (1024K)]
  0x0000012066d8b6a0 JavaThread "Unconstrained build operations Thread 70"        [_thread_blocked, id=31284, stack(0x0000000a36800000,0x0000000a36900000) (1024K)]
  0x0000012067f29b70 JavaThread "Unconstrained build operations Thread 71"        [_thread_blocked, id=31384, stack(0x0000000a36900000,0x0000000a36a00000) (1024K)]
  0x0000012067f287c0 JavaThread "Unconstrained build operations Thread 72"        [_thread_blocked, id=21688, stack(0x0000000a36a00000,0x0000000a36b00000) (1024K)]
  0x0000012067f26d80 JavaThread "Unconstrained build operations Thread 73"        [_thread_blocked, id=28272, stack(0x0000000a36b00000,0x0000000a36c00000) (1024K)]
  0x0000012067f28e50 JavaThread "Unconstrained build operations Thread 74"        [_thread_blocked, id=11532, stack(0x0000000a36c00000,0x0000000a36d00000) (1024K)]
  0x0000012067f27aa0 JavaThread "Unconstrained build operations Thread 75"        [_thread_blocked, id=29464, stack(0x0000000a36d00000,0x0000000a36e00000) (1024K)]
  0x0000012067f27410 JavaThread "Unconstrained build operations Thread 76"        [_thread_blocked, id=27164, stack(0x0000000a36e00000,0x0000000a36f00000) (1024K)]
  0x0000012067f266f0 JavaThread "Unconstrained build operations Thread 77"        [_thread_blocked, id=28956, stack(0x0000000a36f00000,0x0000000a37000000) (1024K)]
  0x0000012067f294e0 JavaThread "Unconstrained build operations Thread 78"        [_thread_blocked, id=14376, stack(0x0000000a37000000,0x0000000a37100000) (1024K)]
  0x0000012067f2a200 JavaThread "Unconstrained build operations Thread 79"        [_thread_blocked, id=29764, stack(0x0000000a37100000,0x0000000a37200000) (1024K)]
  0x0000012067f2a890 JavaThread "Unconstrained build operations Thread 80"        [_thread_blocked, id=32044, stack(0x0000000a37200000,0x0000000a37300000) (1024K)]
  0x0000012067f2af20 JavaThread "Unconstrained build operations Thread 81"        [_thread_blocked, id=32048, stack(0x0000000a37300000,0x0000000a37400000) (1024K)]
  0x0000012067f2b5b0 JavaThread "Unconstrained build operations Thread 82"        [_thread_blocked, id=32052, stack(0x0000000a37400000,0x0000000a37500000) (1024K)]
  0x0000012067f28130 JavaThread "Unconstrained build operations Thread 83"        [_thread_blocked, id=32056, stack(0x0000000a37500000,0x0000000a37600000) (1024K)]
  0x0000012067f2cff0 JavaThread "Unconstrained build operations Thread 84"        [_thread_blocked, id=32020, stack(0x0000000a37600000,0x0000000a37700000) (1024K)]
  0x0000012067f2d680 JavaThread "Unconstrained build operations Thread 85"        [_thread_blocked, id=32096, stack(0x0000000a37700000,0x0000000a37800000) (1024K)]
  0x0000012067f2bc40 JavaThread "Unconstrained build operations Thread 86"        [_thread_blocked, id=32596, stack(0x0000000a37800000,0x0000000a37900000) (1024K)]
  0x0000012067f2c2d0 JavaThread "Unconstrained build operations Thread 87"        [_thread_blocked, id=32612, stack(0x0000000a37900000,0x0000000a37a00000) (1024K)]
  0x0000012067f2dd10 JavaThread "Unconstrained build operations Thread 88"        [_thread_blocked, id=32684, stack(0x0000000a37a00000,0x0000000a37b00000) (1024K)]
  0x0000012067f2c960 JavaThread "Unconstrained build operations Thread 89"        [_thread_blocked, id=32616, stack(0x0000000a37b00000,0x0000000a37c00000) (1024K)]
  0x0000012066d84da0 JavaThread "Unconstrained build operations Thread 90"        [_thread_blocked, id=32624, stack(0x0000000a37c00000,0x0000000a37d00000) (1024K)]
  0x0000012066d84710 JavaThread "build event listener"              [_thread_blocked, id=28380, stack(0x0000000a2e100000,0x0000000a2e200000) (1024K)]
  0x0000012068aa6d60 JavaThread "File lock release action executor Thread 4"        [_thread_blocked, id=29312, stack(0x0000000a33800000,0x0000000a33900000) (1024K)]
Total: 139

Other Threads:
  0x0000012043376220 VMThread "VM Thread"                           [id=14420, stack(0x0000000a2ea00000,0x0000000a2eb00000) (1024K)]
  0x00000120433675f0 WatcherThread "VM Periodic Task Thread"        [id=33628, stack(0x0000000a2e900000,0x0000000a2ea00000) (1024K)]
  0x000001202ac59c40 WorkerThread "GC Thread#0"                     [id=11704, stack(0x0000000a2e400000,0x0000000a2e500000) (1024K)]
  0x0000012063275a30 WorkerThread "GC Thread#1"                     [id=3428, stack(0x0000000a2f500000,0x0000000a2f600000) (1024K)]
  0x0000012043bc9d40 WorkerThread "GC Thread#2"                     [id=33768, stack(0x0000000a2f600000,0x0000000a2f700000) (1024K)]
  0x0000012063b94ac0 WorkerThread "GC Thread#3"                     [id=33632, stack(0x0000000a2f700000,0x0000000a2f800000) (1024K)]
  0x0000012063b94e70 WorkerThread "GC Thread#4"                     [id=17356, stack(0x0000000a2f800000,0x0000000a2f900000) (1024K)]
  0x0000012064760ee0 WorkerThread "GC Thread#5"                     [id=26176, stack(0x0000000a2f900000,0x0000000a2fa00000) (1024K)]
  0x000001206496bf40 WorkerThread "GC Thread#6"                     [id=11832, stack(0x0000000a2fa00000,0x0000000a2fb00000) (1024K)]
  0x000001206496c2f0 WorkerThread "GC Thread#7"                     [id=32992, stack(0x0000000a2fb00000,0x0000000a2fc00000) (1024K)]
  0x0000012063b12c70 WorkerThread "GC Thread#8"                     [id=32836, stack(0x0000000a2fc00000,0x0000000a2fd00000) (1024K)]
  0x000001206499cf80 WorkerThread "GC Thread#9"                     [id=34444, stack(0x0000000a30b00000,0x0000000a30c00000) (1024K)]
  0x000001202ac6b9c0 ConcurrentGCThread "G1 Main Marker"            [id=16372, stack(0x0000000a2e500000,0x0000000a2e600000) (1024K)]
  0x000001202ac6c3e0 WorkerThread "G1 Conc#0"                       [id=2508, stack(0x0000000a2e600000,0x0000000a2e700000) (1024K)]
  0x0000012063cb0e60 WorkerThread "G1 Conc#1"                       [id=33844, stack(0x0000000a2e000000,0x0000000a2e100000) (1024K)]
  0x0000012063caffa0 WorkerThread "G1 Conc#2"                       [id=34044, stack(0x0000000a30c00000,0x0000000a30d00000) (1024K)]
  0x000001204323b0f0 ConcurrentGCThread "G1 Refine#0"               [id=27344, stack(0x0000000a2e700000,0x0000000a2e800000) (1024K)]
  0x000001204323c930 ConcurrentGCThread "G1 Service"                [id=23264, stack(0x0000000a2e800000,0x0000000a2e900000) (1024K)]
Total: 18

Threads with active compile tasks:
Total: 0

VM state: not at safepoint (normal execution)

VM Mutex/Monitor currently owned by a thread:  ([mutex/lock_event])
[0x00007fff95d9d530] Metaspace_lock - owner thread: 0x0000012064a27ce0

Heap address: 0x0000000080000000, size: 2048 MB, Compressed Oops mode: 32-bit

CDS archive(s) mapped at: [0x0000012044000000-0x0000012044ba0000-0x0000012044ba0000), size 12189696, SharedBaseAddress: 0x0000012044000000, ArchiveRelocationMode: 1.
Compressed class space mapped at: 0x0000012045000000-0x000001205f000000, reserved size: 436207616
Narrow klass base: 0x0000012044000000, Narrow klass shift: 0, Narrow klass range: 0x100000000

GC Precious Log:
 CardTable entry size: 512
 Card Set container configuration: InlinePtr #cards 5 size 8 Array Of Cards #cards 12 size 40 Howl #buckets 4 coarsen threshold 1843 Howl Bitmap #cards 512 size 80 coarsen threshold 460 Card regions per heap region 1 cards per card region 2048
 CPUs: 12 total, 12 available
 Memory: 7832M
 Large Page Support: Disabled
 NUMA Support: Disabled
 Compressed Oops: Enabled (32-bit)
 Heap Region Size: 1M
 Heap Min Capacity: 8M
 Heap Initial Capacity: 124M
 Heap Max Capacity: 2G
 Pre-touch: Disabled
 Parallel Workers: 10
 Concurrent Workers: 3
 Concurrent Refinement Workers: 10
 Periodic GC: Disabled

Heap:
 garbage-first heap   total 162816K, used 120777K [0x0000000080000000, 0x0000000100000000)
  region size 1024K, 26 young (26624K), 6 survivors (6144K)
 Metaspace       used 92587K, committed 94848K, reserved 557056K
  class space    used 13103K, committed 14272K, reserved 425984K

Heap Regions: E=young(eden), S=young(survivor), O=old, HS=humongous(starts), HC=humongous(continues), CS=collection set, F=free, TAMS=top-at-mark-start, PB=parsable bottom
|   0|0x0000000080000000, 0x0000000080100000, 0x0000000080100000|100%| O|  |TAMS 0x0000000080000000| PB 0x0000000080000000| Untracked 
|   1|0x0000000080100000, 0x0000000080200000, 0x0000000080200000|100%|HS|  |TAMS 0x0000000080100000| PB 0x0000000080100000| Complete 
|   2|0x0000000080200000, 0x0000000080300000, 0x0000000080300000|100%|HC|  |TAMS 0x0000000080200000| PB 0x0000000080200000| Complete 
|   3|0x0000000080300000, 0x0000000080400000, 0x0000000080400000|100%|HC|  |TAMS 0x0000000080300000| PB 0x0000000080300000| Complete 
|   4|0x0000000080400000, 0x0000000080500000, 0x0000000080500000|100%| O|  |TAMS 0x0000000080400000| PB 0x0000000080400000| Untracked 
|   5|0x0000000080500000, 0x0000000080600000, 0x0000000080600000|100%| O|  |TAMS 0x0000000080500000| PB 0x0000000080500000| Untracked 
|   6|0x0000000080600000, 0x0000000080700000, 0x0000000080700000|100%| O|  |TAMS 0x0000000080600000| PB 0x0000000080600000| Untracked 
|   7|0x0000000080700000, 0x0000000080800000, 0x0000000080800000|100%|HS|  |TAMS 0x0000000080700000| PB 0x0000000080700000| Complete 
|   8|0x0000000080800000, 0x0000000080900000, 0x0000000080900000|100%| O|  |TAMS 0x0000000080800000| PB 0x0000000080800000| Untracked 
|   9|0x0000000080900000, 0x0000000080a00000, 0x0000000080a00000|100%| O|  |TAMS 0x0000000080900000| PB 0x0000000080900000| Untracked 
|  10|0x0000000080a00000, 0x0000000080b00000, 0x0000000080b00000|100%| O|  |TAMS 0x0000000080a00000| PB 0x0000000080a00000| Untracked 
|  11|0x0000000080b00000, 0x0000000080c00000, 0x0000000080c00000|100%| O|  |TAMS 0x0000000080b00000| PB 0x0000000080b00000| Untracked 
|  12|0x0000000080c00000, 0x0000000080d00000, 0x0000000080d00000|100%| O|  |TAMS 0x0000000080c00000| PB 0x0000000080c00000| Untracked 
|  13|0x0000000080d00000, 0x0000000080e00000, 0x0000000080e00000|100%| O|  |TAMS 0x0000000080d00000| PB 0x0000000080d00000| Untracked 
|  14|0x0000000080e00000, 0x0000000080f00000, 0x0000000080f00000|100%| O|  |TAMS 0x0000000080e00000| PB 0x0000000080e00000| Untracked 
|  15|0x0000000080f00000, 0x0000000081000000, 0x0000000081000000|100%| O|  |TAMS 0x0000000080f00000| PB 0x0000000080f00000| Untracked 
|  16|0x0000000081000000, 0x0000000081100000, 0x0000000081100000|100%| O|  |TAMS 0x0000000081000000| PB 0x0000000081000000| Untracked 
|  17|0x0000000081100000, 0x0000000081200000, 0x0000000081200000|100%| O|  |TAMS 0x0000000081100000| PB 0x0000000081100000| Untracked 
|  18|0x0000000081200000, 0x0000000081300000, 0x0000000081300000|100%| O|  |TAMS 0x0000000081200000| PB 0x0000000081200000| Untracked 
|  19|0x0000000081300000, 0x0000000081400000, 0x0000000081400000|100%| O|  |TAMS 0x0000000081300000| PB 0x0000000081300000| Untracked 
|  20|0x0000000081400000, 0x0000000081500000, 0x0000000081500000|100%| O|  |TAMS 0x0000000081400000| PB 0x0000000081400000| Untracked 
|  21|0x0000000081500000, 0x0000000081600000, 0x0000000081600000|100%| O|  |TAMS 0x0000000081500000| PB 0x0000000081500000| Untracked 
|  22|0x0000000081600000, 0x0000000081700000, 0x0000000081700000|100%| O|  |TAMS 0x0000000081600000| PB 0x0000000081600000| Untracked 
|  23|0x0000000081700000, 0x0000000081800000, 0x0000000081800000|100%| O|  |TAMS 0x0000000081700000| PB 0x0000000081700000| Untracked 
|  24|0x0000000081800000, 0x0000000081900000, 0x0000000081900000|100%| O|  |TAMS 0x0000000081800000| PB 0x0000000081800000| Untracked 
|  25|0x0000000081900000, 0x0000000081a00000, 0x0000000081a00000|100%| O|  |TAMS 0x0000000081900000| PB 0x0000000081900000| Untracked 
|  26|0x0000000081a00000, 0x0000000081b00000, 0x0000000081b00000|100%| O|  |TAMS 0x0000000081a00000| PB 0x0000000081a00000| Untracked 
|  27|0x0000000081b00000, 0x0000000081c00000, 0x0000000081c00000|100%| O|  |TAMS 0x0000000081b00000| PB 0x0000000081b00000| Untracked 
|  28|0x0000000081c00000, 0x0000000081d00000, 0x0000000081d00000|100%| O|  |TAMS 0x0000000081c00000| PB 0x0000000081c00000| Untracked 
|  29|0x0000000081d00000, 0x0000000081e00000, 0x0000000081e00000|100%|HS|  |TAMS 0x0000000081d00000| PB 0x0000000081d00000| Complete 
|  30|0x0000000081e00000, 0x0000000081f00000, 0x0000000081f00000|100%|HC|  |TAMS 0x0000000081e00000| PB 0x0000000081e00000| Complete 
|  31|0x0000000081f00000, 0x0000000082000000, 0x0000000082000000|100%|HS|  |TAMS 0x0000000081f00000| PB 0x0000000081f00000| Complete 
|  32|0x0000000082000000, 0x0000000082100000, 0x0000000082100000|100%|HC|  |TAMS 0x0000000082000000| PB 0x0000000082000000| Complete 
|  33|0x0000000082100000, 0x0000000082200000, 0x0000000082200000|100%| O|  |TAMS 0x0000000082100000| PB 0x0000000082100000| Untracked 
|  34|0x0000000082200000, 0x0000000082300000, 0x0000000082300000|100%| O|  |TAMS 0x0000000082200000| PB 0x0000000082200000| Untracked 
|  35|0x0000000082300000, 0x0000000082400000, 0x0000000082400000|100%| O|Cm|TAMS 0x0000000082300000| PB 0x0000000082300000| Complete 
|  36|0x0000000082400000, 0x0000000082500000, 0x0000000082500000|100%| O|Cm|TAMS 0x0000000082400000| PB 0x0000000082400000| Complete 
|  37|0x0000000082500000, 0x0000000082600000, 0x0000000082600000|100%| O|  |TAMS 0x0000000082500000| PB 0x0000000082500000| Untracked 
|  38|0x0000000082600000, 0x0000000082700000, 0x0000000082700000|100%| O|  |TAMS 0x0000000082600000| PB 0x0000000082600000| Untracked 
|  39|0x0000000082700000, 0x0000000082800000, 0x0000000082800000|100%| O|  |TAMS 0x0000000082700000| PB 0x0000000082700000| Untracked 
|  40|0x0000000082800000, 0x0000000082900000, 0x0000000082900000|100%| O|  |TAMS 0x0000000082800000| PB 0x0000000082800000| Untracked 
|  41|0x0000000082900000, 0x0000000082a00000, 0x0000000082a00000|100%| O|  |TAMS 0x0000000082900000| PB 0x0000000082900000| Untracked 
|  42|0x0000000082a00000, 0x0000000082b00000, 0x0000000082b00000|100%| O|  |TAMS 0x0000000082a00000| PB 0x0000000082a00000| Untracked 
|  43|0x0000000082b00000, 0x0000000082c00000, 0x0000000082c00000|100%| O|  |TAMS 0x0000000082b00000| PB 0x0000000082b00000| Untracked 
|  44|0x0000000082c00000, 0x0000000082d00000, 0x0000000082d00000|100%| O|  |TAMS 0x0000000082c00000| PB 0x0000000082c00000| Untracked 
|  45|0x0000000082d00000, 0x0000000082e00000, 0x0000000082e00000|100%| O|  |TAMS 0x0000000082d00000| PB 0x0000000082d00000| Untracked 
|  46|0x0000000082e00000, 0x0000000082f00000, 0x0000000082f00000|100%| O|  |TAMS 0x0000000082e00000| PB 0x0000000082e00000| Untracked 
|  47|0x0000000082f00000, 0x0000000082ff26c8, 0x0000000083000000| 94%| O|  |TAMS 0x0000000082f00000| PB 0x0000000082f00000| Untracked 
|  48|0x0000000083000000, 0x0000000083100000, 0x0000000083100000|100%|HS|  |TAMS 0x0000000083000000| PB 0x0000000083000000| Complete 
|  49|0x0000000083100000, 0x0000000083200000, 0x0000000083200000|100%| O|  |TAMS 0x0000000083100000| PB 0x0000000083100000| Untracked 
|  50|0x0000000083200000, 0x0000000083300000, 0x0000000083300000|100%| O|  |TAMS 0x0000000083200000| PB 0x0000000083200000| Untracked 
|  51|0x0000000083300000, 0x0000000083300000, 0x0000000083400000|  0%| F|  |TAMS 0x0000000083300000| PB 0x0000000083300000| Untracked 
|  52|0x0000000083400000, 0x0000000083500000, 0x0000000083500000|100%| O|  |TAMS 0x0000000083400000| PB 0x0000000083400000| Untracked 
|  53|0x0000000083500000, 0x0000000083600000, 0x0000000083600000|100%| O|  |TAMS 0x0000000083500000| PB 0x0000000083500000| Untracked 
|  54|0x0000000083600000, 0x0000000083700000, 0x0000000083700000|100%| O|  |TAMS 0x0000000083600000| PB 0x0000000083600000| Untracked 
|  55|0x0000000083700000, 0x0000000083800000, 0x0000000083800000|100%|HS|  |TAMS 0x0000000083700000| PB 0x0000000083700000| Complete 
|  56|0x0000000083800000, 0x0000000083900000, 0x0000000083900000|100%| O|  |TAMS 0x0000000083800000| PB 0x0000000083800000| Untracked 
|  57|0x0000000083900000, 0x0000000083a00000, 0x0000000083a00000|100%| O|  |TAMS 0x0000000083900000| PB 0x0000000083900000| Untracked 
|  58|0x0000000083a00000, 0x0000000083b00000, 0x0000000083b00000|100%| O|  |TAMS 0x0000000083a00000| PB 0x0000000083a00000| Untracked 
|  59|0x0000000083b00000, 0x0000000083c00000, 0x0000000083c00000|100%|HS|  |TAMS 0x0000000083b00000| PB 0x0000000083b00000| Complete 
|  60|0x0000000083c00000, 0x0000000083d00000, 0x0000000083d00000|100%|HC|  |TAMS 0x0000000083c00000| PB 0x0000000083c00000| Complete 
|  61|0x0000000083d00000, 0x0000000083e00000, 0x0000000083e00000|100%|HS|  |TAMS 0x0000000083d00000| PB 0x0000000083d00000| Complete 
|  62|0x0000000083e00000, 0x0000000083f00000, 0x0000000083f00000|100%| O|  |TAMS 0x0000000083e00000| PB 0x0000000083e00000| Untracked 
|  63|0x0000000083f00000, 0x0000000084000000, 0x0000000084000000|100%| O|  |TAMS 0x0000000083f00000| PB 0x0000000083f00000| Untracked 
|  64|0x0000000084000000, 0x0000000084100000, 0x0000000084100000|100%| O|  |TAMS 0x0000000084000000| PB 0x0000000084000000| Untracked 
|  65|0x0000000084100000, 0x0000000084200000, 0x0000000084200000|100%|HS|  |TAMS 0x0000000084100000| PB 0x0000000084100000| Complete 
|  66|0x0000000084200000, 0x0000000084300000, 0x0000000084300000|100%|HS|  |TAMS 0x0000000084200000| PB 0x0000000084200000| Complete 
|  67|0x0000000084300000, 0x0000000084400000, 0x0000000084400000|100%|HS|  |TAMS 0x0000000084300000| PB 0x0000000084300000| Complete 
|  68|0x0000000084400000, 0x0000000084500000, 0x0000000084500000|100%|HC|  |TAMS 0x0000000084400000| PB 0x0000000084400000| Complete 
|  69|0x0000000084500000, 0x0000000084600000, 0x0000000084600000|100%|HS|  |TAMS 0x0000000084500000| PB 0x0000000084500000| Complete 
|  70|0x0000000084600000, 0x0000000084700000, 0x0000000084700000|100%| O|  |TAMS 0x0000000084600000| PB 0x0000000084600000| Untracked 
|  71|0x0000000084700000, 0x0000000084800000, 0x0000000084800000|100%| O|  |TAMS 0x0000000084700000| PB 0x0000000084700000| Untracked 
|  72|0x0000000084800000, 0x0000000084900000, 0x0000000084900000|100%|HS|  |TAMS 0x0000000084800000| PB 0x0000000084800000| Complete 
|  73|0x0000000084900000, 0x0000000084a00000, 0x0000000084a00000|100%| O|  |TAMS 0x0000000084900000| PB 0x0000000084900000| Untracked 
|  74|0x0000000084a00000, 0x0000000084b00000, 0x0000000084b00000|100%| O|  |TAMS 0x0000000084a00000| PB 0x0000000084a00000| Untracked 
|  75|0x0000000084b00000, 0x0000000084c00000, 0x0000000084c00000|100%| O|  |TAMS 0x0000000084b00000| PB 0x0000000084b00000| Untracked 
|  76|0x0000000084c00000, 0x0000000084d00000, 0x0000000084d00000|100%| O|  |TAMS 0x0000000084c00000| PB 0x0000000084c00000| Untracked 
|  77|0x0000000084d00000, 0x0000000084e00000, 0x0000000084e00000|100%| O|  |TAMS 0x0000000084d00000| PB 0x0000000084d00000| Untracked 
|  78|0x0000000084e00000, 0x0000000084f00000, 0x0000000084f00000|100%| O|  |TAMS 0x0000000084e00000| PB 0x0000000084e00000| Untracked 
|  79|0x0000000084f00000, 0x0000000085000000, 0x0000000085000000|100%| O|  |TAMS 0x0000000084f00000| PB 0x0000000084f00000| Untracked 
|  80|0x0000000085000000, 0x0000000085100000, 0x0000000085100000|100%| O|  |TAMS 0x0000000085000000| PB 0x0000000085000000| Untracked 
|  81|0x0000000085100000, 0x0000000085100000, 0x0000000085200000|  0%| F|  |TAMS 0x0000000085100000| PB 0x0000000085100000| Untracked 
|  82|0x0000000085200000, 0x0000000085200000, 0x0000000085300000|  0%| F|  |TAMS 0x0000000085200000| PB 0x0000000085200000| Untracked 
|  83|0x0000000085300000, 0x0000000085300000, 0x0000000085400000|  0%| F|  |TAMS 0x0000000085300000| PB 0x0000000085300000| Untracked 
|  84|0x0000000085400000, 0x0000000085400000, 0x0000000085500000|  0%| F|  |TAMS 0x0000000085400000| PB 0x0000000085400000| Untracked 
|  85|0x0000000085500000, 0x0000000085500000, 0x0000000085600000|  0%| F|  |TAMS 0x0000000085500000| PB 0x0000000085500000| Untracked 
|  86|0x0000000085600000, 0x0000000085600000, 0x0000000085700000|  0%| F|  |TAMS 0x0000000085600000| PB 0x0000000085600000| Untracked 
|  87|0x0000000085700000, 0x0000000085700000, 0x0000000085800000|  0%| F|  |TAMS 0x0000000085700000| PB 0x0000000085700000| Untracked 
|  88|0x0000000085800000, 0x0000000085800000, 0x0000000085900000|  0%| F|  |TAMS 0x0000000085800000| PB 0x0000000085800000| Untracked 
|  89|0x0000000085900000, 0x0000000085900000, 0x0000000085a00000|  0%| F|  |TAMS 0x0000000085900000| PB 0x0000000085900000| Untracked 
|  90|0x0000000085a00000, 0x0000000085a00000, 0x0000000085b00000|  0%| F|  |TAMS 0x0000000085a00000| PB 0x0000000085a00000| Untracked 
|  91|0x0000000085b00000, 0x0000000085b00000, 0x0000000085c00000|  0%| F|  |TAMS 0x0000000085b00000| PB 0x0000000085b00000| Untracked 
|  92|0x0000000085c00000, 0x0000000085c00000, 0x0000000085d00000|  0%| F|  |TAMS 0x0000000085c00000| PB 0x0000000085c00000| Untracked 
|  93|0x0000000085d00000, 0x0000000085d00000, 0x0000000085e00000|  0%| F|  |TAMS 0x0000000085d00000| PB 0x0000000085d00000| Untracked 
|  94|0x0000000085e00000, 0x0000000085e00000, 0x0000000085f00000|  0%| F|  |TAMS 0x0000000085e00000| PB 0x0000000085e00000| Untracked 
|  95|0x0000000085f00000, 0x0000000085f00000, 0x0000000086000000|  0%| F|  |TAMS 0x0000000085f00000| PB 0x0000000085f00000| Untracked 
|  96|0x0000000086000000, 0x0000000086000000, 0x0000000086100000|  0%| F|  |TAMS 0x0000000086000000| PB 0x0000000086000000| Untracked 
|  97|0x0000000086100000, 0x0000000086100000, 0x0000000086200000|  0%| F|  |TAMS 0x0000000086100000| PB 0x0000000086100000| Untracked 
|  98|0x0000000086200000, 0x0000000086200000, 0x0000000086300000|  0%| F|  |TAMS 0x0000000086200000| PB 0x0000000086200000| Untracked 
|  99|0x0000000086300000, 0x0000000086400000, 0x0000000086400000|100%| S|CS|TAMS 0x0000000086300000| PB 0x0000000086300000| Complete 
| 100|0x0000000086400000, 0x0000000086500000, 0x0000000086500000|100%| S|CS|TAMS 0x0000000086400000| PB 0x0000000086400000| Complete 
| 101|0x0000000086500000, 0x0000000086600000, 0x0000000086600000|100%| S|CS|TAMS 0x0000000086500000| PB 0x0000000086500000| Complete 
| 102|0x0000000086600000, 0x0000000086700000, 0x0000000086700000|100%| S|CS|TAMS 0x0000000086600000| PB 0x0000000086600000| Complete 
| 103|0x0000000086700000, 0x0000000086800000, 0x0000000086800000|100%| S|CS|TAMS 0x0000000086700000| PB 0x0000000086700000| Complete 
| 104|0x0000000086800000, 0x0000000086900000, 0x0000000086900000|100%| S|CS|TAMS 0x0000000086800000| PB 0x0000000086800000| Complete 
| 105|0x0000000086900000, 0x0000000086900000, 0x0000000086a00000|  0%| F|  |TAMS 0x0000000086900000| PB 0x0000000086900000| Untracked 
| 106|0x0000000086a00000, 0x0000000086a00000, 0x0000000086b00000|  0%| F|  |TAMS 0x0000000086a00000| PB 0x0000000086a00000| Untracked 
| 107|0x0000000086b00000, 0x0000000086b00000, 0x0000000086c00000|  0%| F|  |TAMS 0x0000000086b00000| PB 0x0000000086b00000| Untracked 
| 108|0x0000000086c00000, 0x0000000086c00000, 0x0000000086d00000|  0%| F|  |TAMS 0x0000000086c00000| PB 0x0000000086c00000| Untracked 
| 109|0x0000000086d00000, 0x0000000086d00000, 0x0000000086e00000|  0%| F|  |TAMS 0x0000000086d00000| PB 0x0000000086d00000| Untracked 
| 110|0x0000000086e00000, 0x0000000086e00000, 0x0000000086f00000|  0%| F|  |TAMS 0x0000000086e00000| PB 0x0000000086e00000| Untracked 
| 111|0x0000000086f00000, 0x0000000086f00000, 0x0000000087000000|  0%| F|  |TAMS 0x0000000086f00000| PB 0x0000000086f00000| Untracked 
| 112|0x0000000087000000, 0x0000000087000000, 0x0000000087100000|  0%| F|  |TAMS 0x0000000087000000| PB 0x0000000087000000| Untracked 
| 113|0x0000000087100000, 0x0000000087100000, 0x0000000087200000|  0%| F|  |TAMS 0x0000000087100000| PB 0x0000000087100000| Untracked 
| 114|0x0000000087200000, 0x0000000087200000, 0x0000000087300000|  0%| F|  |TAMS 0x0000000087200000| PB 0x0000000087200000| Untracked 
| 115|0x0000000087300000, 0x0000000087300000, 0x0000000087400000|  0%| F|  |TAMS 0x0000000087300000| PB 0x0000000087300000| Untracked 
| 116|0x0000000087400000, 0x0000000087400000, 0x0000000087500000|  0%| F|  |TAMS 0x0000000087400000| PB 0x0000000087400000| Untracked 
| 117|0x0000000087500000, 0x0000000087500000, 0x0000000087600000|  0%| F|  |TAMS 0x0000000087500000| PB 0x0000000087500000| Untracked 
| 118|0x0000000087600000, 0x0000000087600000, 0x0000000087700000|  0%| F|  |TAMS 0x0000000087600000| PB 0x0000000087600000| Untracked 
| 119|0x0000000087700000, 0x0000000087700000, 0x0000000087800000|  0%| F|  |TAMS 0x0000000087700000| PB 0x0000000087700000| Untracked 
| 120|0x0000000087800000, 0x0000000087800000, 0x0000000087900000|  0%| F|  |TAMS 0x0000000087800000| PB 0x0000000087800000| Untracked 
| 121|0x0000000087900000, 0x0000000087900000, 0x0000000087a00000|  0%| F|  |TAMS 0x0000000087900000| PB 0x0000000087900000| Untracked 
| 122|0x0000000087a00000, 0x0000000087a00000, 0x0000000087b00000|  0%| F|  |TAMS 0x0000000087a00000| PB 0x0000000087a00000| Untracked 
| 123|0x0000000087b00000, 0x0000000087b00000, 0x0000000087c00000|  0%| F|  |TAMS 0x0000000087b00000| PB 0x0000000087b00000| Untracked 
| 124|0x0000000087c00000, 0x0000000087c00000, 0x0000000087d00000|  0%| F|  |TAMS 0x0000000087c00000| PB 0x0000000087c00000| Untracked 
| 125|0x0000000087d00000, 0x0000000087d00000, 0x0000000087e00000|  0%| F|  |TAMS 0x0000000087d00000| PB 0x0000000087d00000| Untracked 
| 126|0x0000000087e00000, 0x0000000087e8e1d8, 0x0000000087f00000| 55%| E|  |TAMS 0x0000000087e00000| PB 0x0000000087e00000| Complete 
| 127|0x0000000087f00000, 0x0000000088000000, 0x0000000088000000|100%| E|CS|TAMS 0x0000000087f00000| PB 0x0000000087f00000| Complete 
| 128|0x0000000088000000, 0x0000000088100000, 0x0000000088100000|100%| E|CS|TAMS 0x0000000088000000| PB 0x0000000088000000| Complete 
| 129|0x0000000088100000, 0x0000000088200000, 0x0000000088200000|100%| E|CS|TAMS 0x0000000088100000| PB 0x0000000088100000| Complete 
| 130|0x0000000088200000, 0x0000000088300000, 0x0000000088300000|100%| E|CS|TAMS 0x0000000088200000| PB 0x0000000088200000| Complete 
| 131|0x0000000088300000, 0x0000000088400000, 0x0000000088400000|100%| E|CS|TAMS 0x0000000088300000| PB 0x0000000088300000| Complete 
| 132|0x0000000088400000, 0x0000000088500000, 0x0000000088500000|100%| E|CS|TAMS 0x0000000088400000| PB 0x0000000088400000| Complete 
| 133|0x0000000088500000, 0x0000000088600000, 0x0000000088600000|100%| E|CS|TAMS 0x0000000088500000| PB 0x0000000088500000| Complete 
| 134|0x0000000088600000, 0x0000000088700000, 0x0000000088700000|100%| E|CS|TAMS 0x0000000088600000| PB 0x0000000088600000| Complete 
| 135|0x0000000088700000, 0x0000000088800000, 0x0000000088800000|100%| E|CS|TAMS 0x0000000088700000| PB 0x0000000088700000| Complete 
| 136|0x0000000088800000, 0x0000000088900000, 0x0000000088900000|100%| E|CS|TAMS 0x0000000088800000| PB 0x0000000088800000| Complete 
| 137|0x0000000088900000, 0x0000000088a00000, 0x0000000088a00000|100%| E|CS|TAMS 0x0000000088900000| PB 0x0000000088900000| Complete 
| 138|0x0000000088a00000, 0x0000000088b00000, 0x0000000088b00000|100%| E|CS|TAMS 0x0000000088a00000| PB 0x0000000088a00000| Complete 
| 139|0x0000000088b00000, 0x0000000088c00000, 0x0000000088c00000|100%| E|CS|TAMS 0x0000000088b00000| PB 0x0000000088b00000| Complete 
| 140|0x0000000088c00000, 0x0000000088d00000, 0x0000000088d00000|100%| E|CS|TAMS 0x0000000088c00000| PB 0x0000000088c00000| Complete 
| 141|0x0000000088d00000, 0x0000000088e00000, 0x0000000088e00000|100%| E|CS|TAMS 0x0000000088d00000| PB 0x0000000088d00000| Complete 
| 142|0x0000000088e00000, 0x0000000088f00000, 0x0000000088f00000|100%| E|CS|TAMS 0x0000000088e00000| PB 0x0000000088e00000| Complete 
| 143|0x0000000088f00000, 0x0000000089000000, 0x0000000089000000|100%| E|CS|TAMS 0x0000000088f00000| PB 0x0000000088f00000| Complete 
| 144|0x0000000089000000, 0x0000000089100000, 0x0000000089100000|100%| E|CS|TAMS 0x0000000089000000| PB 0x0000000089000000| Complete 
|2034|0x00000000ff200000, 0x00000000ff300000, 0x00000000ff300000|100%| O|Cm|TAMS 0x00000000ff200000| PB 0x00000000ff200000| Complete 
|2035|0x00000000ff300000, 0x00000000ff400000, 0x00000000ff400000|100%| E|CS|TAMS 0x00000000ff300000| PB 0x00000000ff300000| Complete 
|2036|0x00000000ff400000, 0x00000000ff500000, 0x00000000ff500000|100%| O|  |TAMS 0x00000000ff400000| PB 0x00000000ff400000| Untracked 
|2037|0x00000000ff500000, 0x00000000ff600000, 0x00000000ff600000|100%| O|  |TAMS 0x00000000ff500000| PB 0x00000000ff500000| Untracked 
|2038|0x00000000ff600000, 0x00000000ff700000, 0x00000000ff700000|100%| O|  |TAMS 0x00000000ff600000| PB 0x00000000ff600000| Untracked 
|2039|0x00000000ff700000, 0x00000000ff800000, 0x00000000ff800000|100%| O|  |TAMS 0x00000000ff700000| PB 0x00000000ff700000| Untracked 
|2040|0x00000000ff800000, 0x00000000ff900000, 0x00000000ff900000|100%| O|Cm|TAMS 0x00000000ff800000| PB 0x00000000ff800000| Complete 
|2041|0x00000000ff900000, 0x00000000ffa00000, 0x00000000ffa00000|100%| O|  |TAMS 0x00000000ff900000| PB 0x00000000ff900000| Untracked 
|2042|0x00000000ffa00000, 0x00000000ffb00000, 0x00000000ffb00000|100%| O|  |TAMS 0x00000000ffa00000| PB 0x00000000ffa00000| Untracked 
|2043|0x00000000ffb00000, 0x00000000ffc00000, 0x00000000ffc00000|100%| O|  |TAMS 0x00000000ffb00000| PB 0x00000000ffb00000| Untracked 
|2044|0x00000000ffc00000, 0x00000000ffd00000, 0x00000000ffd00000|100%| O|  |TAMS 0x00000000ffc00000| PB 0x00000000ffc00000| Untracked 
|2045|0x00000000ffd00000, 0x00000000ffe00000, 0x00000000ffe00000|100%| O|  |TAMS 0x00000000ffd00000| PB 0x00000000ffd00000| Untracked 
|2046|0x00000000ffe00000, 0x00000000fff00000, 0x00000000fff00000|100%| O|  |TAMS 0x00000000ffe00000| PB 0x00000000ffe00000| Untracked 
|2047|0x00000000fff00000, 0x0000000100000000, 0x0000000100000000|100%| O|  |TAMS 0x00000000fff00000| PB 0x00000000fff00000| Untracked 

Card table byte_map: [0x000001203e750000,0x000001203eb50000] _byte_map_base: 0x000001203e350000

Marking Bits: (CMBitMap*) 0x000001202ac5a260
 Bits: [0x000001203eb50000, 0x0000012040b50000)

Polling page: 0x0000012028a90000

Metaspace:

Usage:
  Non-class:     77.62 MB used.
      Class:     12.80 MB used.
       Both:     90.42 MB used.

Virtual space:
  Non-class space:      128.00 MB reserved,      78.69 MB ( 61%) committed,  2 nodes.
      Class space:      416.00 MB reserved,      13.94 MB (  3%) committed,  1 nodes.
             Both:      544.00 MB reserved,      92.62 MB ( 17%) committed. 

Chunk freelists:
   Non-Class:  1.30 MB
       Class:  1.98 MB
        Both:  3.28 MB

MaxMetaspaceSize: 512.00 MB
CompressedClassSpaceSize: 416.00 MB
Initial GC threshold: 21.00 MB
Current GC threshold: 150.94 MB
CDS: on
 - commit_granule_bytes: 65536.
 - commit_granule_words: 8192.
 - virtual_space_node_default_size: 8388608.
 - enlarge_chunks_in_place: 1.
 - use_allocation_guard: 0.


Internal statistics:

num_allocs_failed_limit: 9.
num_arena_births: 4110.
num_arena_deaths: 2.
num_vsnodes_births: 3.
num_vsnodes_deaths: 0.
num_space_committed: 1482.
num_space_uncommitted: 0.
num_chunks_returned_to_freelist: 12.
num_chunks_taken_from_freelist: 8560.
num_chunk_merges: 9.
num_chunk_splits: 5533.
num_chunks_enlarged: 3416.
num_inconsistent_stats: 0.

CodeHeap 'non-profiled nmethods': size=128192Kb used=7361Kb max_used=7361Kb free=120830Kb
 bounds [0x00000120360d0000, 0x0000012036810000, 0x000001203de00000]
CodeHeap 'profiled nmethods': size=128192Kb used=21735Kb max_used=21735Kb free=106456Kb
 bounds [0x000001202de00000, 0x000001202f340000, 0x0000012035b30000]
CodeHeap 'non-nmethods': size=5760Kb used=1969Kb max_used=2013Kb free=3790Kb
 bounds [0x0000012035b30000, 0x0000012035da0000, 0x00000120360d0000]
CodeCache: size=262144Kb, used=31065Kb, max_used=31109Kb, free=231076Kb
 total_blobs=12377, nmethods=11543, adapters=738, full_count=0
Compilation: enabled, stopped_count=0, restarted_count=0

Compilation events (20 events):
Event: 740.856 Thread 0x00000120438120b0 nmethod 13709 0x000001202f333610 code [0x000001202f3338a0, 0x000001202f3345c8]
Event: 740.856 Thread 0x00000120438120b0 13710       3       org.gradle.internal.fingerprint.classpath.impl.ClasspathFingerprintingStrategy$ClasspathFingerprintingVisitor::lambda$hashContent$0 (15 bytes)
Event: 740.857 Thread 0x00000120438120b0 nmethod 13710 0x000001202f334a10 code [0x000001202f334c80, 0x000001202f335918]
Event: 740.857 Thread 0x00000120438120b0 13711       3       org.gradle.api.internal.changedetection.state.MetaInfAwareClasspathResourceHasher::isManifestFile (7 bytes)
Event: 740.857 Thread 0x00000120438120b0 nmethod 13711 0x000001202f335d10 code [0x000001202f335ec0, 0x000001202f335ff0]
Event: 740.867 Thread 0x00000120438120b0 13714       3       org.gradle.api.internal.changedetection.state.PropertiesFileAwareClasspathResourceHasher::filter (11 bytes)
Event: 740.869 Thread 0x00000120438120b0 nmethod 13714 0x000001202f336090 code [0x000001202f336300, 0x000001202f336e08]
Event: 740.869 Thread 0x00000120438120b0 13715       3       org.gradle.api.internal.changedetection.state.PropertiesFileAwareClasspathResourceHasher::matchesAnyFilters (26 bytes)
Event: 740.870 Thread 0x00000120438120b0 nmethod 13715 0x000001202f337210 code [0x000001202f337480, 0x000001202f337eb8]
Event: 740.870 Thread 0x00000120438120b0 13716       3       org.gradle.api.internal.changedetection.state.PropertiesFileAwareClasspathResourceHasher$$Lambda/0x0000012045552f70::<init> (10 bytes)
Event: 740.870 Thread 0x00000120438120b0 nmethod 13716 0x000001202f338210 code [0x000001202f3383c0, 0x000001202f338578]
Event: 740.870 Thread 0x00000120438120b0 13717       3       org.gradle.api.internal.changedetection.state.RuntimeClasspathResourceHasher::hash (10 bytes)
Event: 740.870 Thread 0x00000120438120b0 nmethod 13717 0x000001202f338610 code [0x000001202f3387c0, 0x000001202f338948]
Event: 740.912 Thread 0x00000120438120b0 13719       3       sun.nio.fs.WindowsPath::normalize (5 bytes)
Event: 740.912 Thread 0x00000120438120b0 nmethod 13719 0x000001202f338a90 code [0x000001202f338c40, 0x000001202f338e00]
Event: 741.252 Thread 0x00000120433a4e60 nmethod 13713 0x00000120367e9510 code [0x00000120367e9da0, 0x00000120367f0d00]
Event: 741.253 Thread 0x00000120433a4e60 13718   !   4       org.gradle.internal.snapshot.FileSystemLeafSnapshot::accept (36 bytes)
Event: 741.262 Thread 0x00000120433a4e60 nmethod 13718 0x00000120367fba10 code [0x00000120367fbc20, 0x00000120367fc2d0]
Event: 742.718 Thread 0x00000120433a4e60 13720       4       jdk.internal.jimage.ImageLocation::verify (218 bytes)
Event: 742.811 Thread 0x00000120433a4e60 nmethod 13720 0x00000120367fc790 code [0x00000120367fcb00, 0x00000120367feb70]

GC Heap History (20 events):
Event: 596.328 GC heap before
{Heap before GC invocations=28 (full 0):
 garbage-first heap   total 116736K, used 105417K [0x0000000080000000, 0x0000000100000000)
  region size 1024K, 39 young (39936K), 4 survivors (4096K)
 Metaspace       used 73790K, committed 75904K, reserved 491520K
  class space    used 10775K, committed 11840K, reserved 425984K
}
Event: 596.344 GC heap after
{Heap after GC invocations=29 (full 0):
 garbage-first heap   total 116736K, used 69829K [0x0000000080000000, 0x0000000100000000)
  region size 1024K, 4 young (4096K), 4 survivors (4096K)
 Metaspace       used 73790K, committed 75904K, reserved 491520K
  class space    used 10775K, committed 11840K, reserved 425984K
}
Event: 604.359 GC heap before
{Heap before GC invocations=29 (full 0):
 garbage-first heap   total 116736K, used 106693K [0x0000000080000000, 0x0000000100000000)
  region size 1024K, 41 young (41984K), 4 survivors (4096K)
 Metaspace       used 73839K, committed 75968K, reserved 491520K
  class space    used 10782K, committed 11840K, reserved 425984K
}
Event: 604.368 GC heap after
{Heap after GC invocations=30 (full 0):
 garbage-first heap   total 116736K, used 70567K [0x0000000080000000, 0x0000000100000000)
  region size 1024K, 4 young (4096K), 4 survivors (4096K)
 Metaspace       used 73839K, committed 75968K, reserved 491520K
  class space    used 10782K, committed 11840K, reserved 425984K
}
Event: 611.571 GC heap before
{Heap before GC invocations=30 (full 0):
 garbage-first heap   total 116736K, used 92071K [0x0000000080000000, 0x0000000100000000)
  region size 1024K, 26 young (26624K), 4 survivors (4096K)
 Metaspace       used 74913K, committed 77056K, reserved 491520K
  class space    used 10916K, committed 11968K, reserved 425984K
}
Event: 611.640 GC heap after
{Heap after GC invocations=31 (full 0):
 garbage-first heap   total 116736K, used 71687K [0x0000000080000000, 0x0000000100000000)
  region size 1024K, 4 young (4096K), 4 survivors (4096K)
 Metaspace       used 74913K, committed 77056K, reserved 491520K
  class space    used 10916K, committed 11968K, reserved 425984K
}
Event: 668.703 GC heap before
{Heap before GC invocations=32 (full 0):
 garbage-first heap   total 122880K, used 117767K [0x0000000080000000, 0x0000000100000000)
  region size 1024K, 41 young (41984K), 4 survivors (4096K)
 Metaspace       used 75455K, committed 77504K, reserved 557056K
  class space    used 11007K, committed 12032K, reserved 425984K
}
Event: 668.830 GC heap after
{Heap after GC invocations=33 (full 0):
 garbage-first heap   total 129024K, used 85823K [0x0000000080000000, 0x0000000100000000)
  region size 1024K, 6 young (6144K), 6 survivors (6144K)
 Metaspace       used 75455K, committed 77504K, reserved 557056K
  class space    used 11007K, committed 12032K, reserved 425984K
}
Event: 685.317 GC heap before
{Heap before GC invocations=33 (full 0):
 garbage-first heap   total 129024K, used 120639K [0x0000000080000000, 0x0000000100000000)
  region size 1024K, 39 young (39936K), 6 survivors (6144K)
 Metaspace       used 77925K, committed 80000K, reserved 557056K
  class space    used 11311K, committed 12352K, reserved 425984K
}
Event: 685.354 GC heap after
{Heap after GC invocations=34 (full 0):
 garbage-first heap   total 134144K, used 88123K [0x0000000080000000, 0x0000000100000000)
  region size 1024K, 3 young (3072K), 3 survivors (3072K)
 Metaspace       used 77925K, committed 80000K, reserved 557056K
  class space    used 11311K, committed 12352K, reserved 425984K
}
Event: 692.425 GC heap before
{Heap before GC invocations=34 (full 0):
 garbage-first heap   total 134144K, used 122939K [0x0000000080000000, 0x0000000100000000)
  region size 1024K, 37 young (37888K), 3 survivors (3072K)
 Metaspace       used 81549K, committed 83648K, reserved 557056K
  class space    used 11637K, committed 12672K, reserved 425984K
}
Event: 692.445 GC heap after
{Heap after GC invocations=35 (full 0):
 garbage-first heap   total 134144K, used 88479K [0x0000000080000000, 0x0000000100000000)
  region size 1024K, 4 young (4096K), 4 survivors (4096K)
 Metaspace       used 81549K, committed 83648K, reserved 557056K
  class space    used 11637K, committed 12672K, reserved 425984K
}
Event: 700.496 GC heap before
{Heap before GC invocations=36 (full 0):
 garbage-first heap   total 150528K, used 129439K [0x0000000080000000, 0x0000000100000000)
  region size 1024K, 38 young (38912K), 4 survivors (4096K)
 Metaspace       used 84009K, committed 86144K, reserved 557056K
  class space    used 11968K, committed 13056K, reserved 425984K
}
Event: 700.506 GC heap after
{Heap after GC invocations=37 (full 0):
 garbage-first heap   total 150528K, used 93893K [0x0000000080000000, 0x0000000100000000)
  region size 1024K, 5 young (5120K), 5 survivors (5120K)
 Metaspace       used 84009K, committed 86144K, reserved 557056K
  class space    used 11968K, committed 13056K, reserved 425984K
}
Event: 707.720 GC heap before
{Heap before GC invocations=37 (full 0):
 garbage-first heap   total 150528K, used 135877K [0x0000000080000000, 0x0000000100000000)
  region size 1024K, 46 young (47104K), 5 survivors (5120K)
 Metaspace       used 87101K, committed 89280K, reserved 557056K
  class space    used 12342K, committed 13440K, reserved 425984K
}
Event: 707.763 GC heap after
{Heap after GC invocations=38 (full 0):
 garbage-first heap   total 150528K, used 95021K [0x0000000080000000, 0x0000000100000000)
  region size 1024K, 3 young (3072K), 3 survivors (3072K)
 Metaspace       used 87101K, committed 89280K, reserved 557056K
  class space    used 12342K, committed 13440K, reserved 425984K
}
Event: 720.120 GC heap before
{Heap before GC invocations=38 (full 0):
 garbage-first heap   total 150528K, used 137005K [0x0000000080000000, 0x0000000100000000)
  region size 1024K, 44 young (45056K), 3 survivors (3072K)
 Metaspace       used 90520K, committed 92672K, reserved 557056K
  class space    used 12810K, committed 13888K, reserved 425984K
}
Event: 720.323 GC heap after
{Heap after GC invocations=39 (full 0):
 garbage-first heap   total 150528K, used 96602K [0x0000000080000000, 0x0000000100000000)
  region size 1024K, 4 young (4096K), 4 survivors (4096K)
 Metaspace       used 90520K, committed 92672K, reserved 557056K
  class space    used 12810K, committed 13888K, reserved 425984K
}
Event: 739.395 GC heap before
{Heap before GC invocations=40 (full 0):
 garbage-first heap   total 162816K, used 138586K [0x0000000080000000, 0x0000000100000000)
  region size 1024K, 45 young (46080K), 4 survivors (4096K)
 Metaspace       used 92341K, committed 94592K, reserved 557056K
  class space    used 13071K, committed 14208K, reserved 425984K
}
Event: 739.416 GC heap after
{Heap after GC invocations=41 (full 0):
 garbage-first heap   total 162816K, used 101321K [0x0000000080000000, 0x0000000100000000)
  region size 1024K, 6 young (6144K), 6 survivors (6144K)
 Metaspace       used 92341K, committed 94592K, reserved 557056K
  class space    used 13071K, committed 14208K, reserved 425984K
}

Dll operation events (20 events):
Event: 0.130 Attempting to load shared library C:\Users\user5\.vscode\extensions\redhat.java-1.56.0-win32-x64\jre\21.0.12.1-win32-x86_64\bin\zip.dll
Event: 0.130 Loaded shared library C:\Users\user5\.vscode\extensions\redhat.java-1.56.0-win32-x64\jre\21.0.12.1-win32-x86_64\bin\zip.dll
Event: 0.380 Attempting to load shared library C:\Users\user5\.vscode\extensions\redhat.java-1.56.0-win32-x64\jre\21.0.12.1-win32-x86_64\bin\jimage.dll
Event: 0.380 Loaded shared library C:\Users\user5\.vscode\extensions\redhat.java-1.56.0-win32-x64\jre\21.0.12.1-win32-x86_64\bin\jimage.dll
Event: 0.589 Attempting to load shared library C:\Users\user5\.vscode\extensions\redhat.java-1.56.0-win32-x64\jre\21.0.12.1-win32-x86_64\bin\verify.dll
Event: 0.589 Loaded shared library C:\Users\user5\.vscode\extensions\redhat.java-1.56.0-win32-x64\jre\21.0.12.1-win32-x86_64\bin\verify.dll
Event: 0.743 Attempting to load shared library D:\gradle_cache\native\1def1411415f61bf3af743bc5b6707747c0891f09f0c88961ee8f79bc544acac\windows-amd64\native-platform.dll
Event: 0.744 Loaded shared library D:\gradle_cache\native\1def1411415f61bf3af743bc5b6707747c0891f09f0c88961ee8f79bc544acac\windows-amd64\native-platform.dll
Event: 0.750 Attempting to load shared library D:\gradle_cache\native\0.2.5\x86_64-windows-gnu\gradle-fileevents.dll
Event: 0.750 Loaded shared library D:\gradle_cache\native\0.2.5\x86_64-windows-gnu\gradle-fileevents.dll
Event: 1.648 Attempting to load shared library C:\Users\user5\.vscode\extensions\redhat.java-1.56.0-win32-x64\jre\21.0.12.1-win32-x86_64\bin\management.dll
Event: 1.648 Loaded shared library C:\Users\user5\.vscode\extensions\redhat.java-1.56.0-win32-x64\jre\21.0.12.1-win32-x86_64\bin\management.dll
Event: 1.652 Attempting to load shared library C:\Users\user5\.vscode\extensions\redhat.java-1.56.0-win32-x64\jre\21.0.12.1-win32-x86_64\bin\management_ext.dll
Event: 1.652 Loaded shared library C:\Users\user5\.vscode\extensions\redhat.java-1.56.0-win32-x64\jre\21.0.12.1-win32-x86_64\bin\management_ext.dll
Event: 1.904 Attempting to load shared library C:\Users\user5\.vscode\extensions\redhat.java-1.56.0-win32-x64\jre\21.0.12.1-win32-x86_64\bin\extnet.dll
Event: 1.905 Loaded shared library C:\Users\user5\.vscode\extensions\redhat.java-1.56.0-win32-x64\jre\21.0.12.1-win32-x86_64\bin\extnet.dll
Event: 2.086 Attempting to load shared library C:\Users\user5\.vscode\extensions\redhat.java-1.56.0-win32-x64\jre\21.0.12.1-win32-x86_64\bin\sunmscapi.dll
Event: 2.090 Loaded shared library C:\Users\user5\.vscode\extensions\redhat.java-1.56.0-win32-x64\jre\21.0.12.1-win32-x86_64\bin\sunmscapi.dll
Event: 15.050 Attempting to load shared library D:\temp\native-platform16848355813962408223dir\gradle-fileevents.dll
Event: 15.642 Loaded shared library D:\temp\native-platform16848355813962408223dir\gradle-fileevents.dll

Deoptimization events (20 events):
Event: 737.820 Thread 0x0000012064a27ce0 DEOPT PACKING pc=0x0000012036605d14 sp=0x0000000a303f5ff0
Event: 737.820 Thread 0x0000012064a27ce0 DEOPT UNPACKING pc=0x0000012035b84422 sp=0x0000000a303f5fa0 mode 2
Event: 737.832 Thread 0x0000012064a27ce0 Uncommon trap: trap_request=0xffffffde fr.pc=0x0000012036605d14 relative=0x0000000000000074
Event: 737.832 Thread 0x0000012064a27ce0 Uncommon trap: reason=class_check action=maybe_recompile pc=0x0000012036605d14 method=java.lang.invoke.Invokers$Holder.linkToTargetMethod(Ljava/lang/Object;Ljava/lang/Object;Ljava/lang/Object;Ljava/lang/Object;)Ljava/lang/Object; @ 1 c2
Event: 737.832 Thread 0x0000012064a27ce0 DEOPT PACKING pc=0x0000012036605d14 sp=0x0000000a303f5ff0
Event: 737.832 Thread 0x0000012064a27ce0 DEOPT UNPACKING pc=0x0000012035b84422 sp=0x0000000a303f5fa0 mode 2
Event: 737.846 Thread 0x0000012064a27ce0 DEOPT PACKING pc=0x000001202e50afb9 sp=0x0000000a303f5e10
Event: 737.846 Thread 0x0000012064a27ce0 DEOPT UNPACKING pc=0x0000012035b84bc2 sp=0x0000000a303f5310 mode 0
Event: 737.857 Thread 0x0000012064a27ce0 DEOPT PACKING pc=0x000001202e593686 sp=0x0000000a303f5f40
Event: 737.857 Thread 0x0000012064a27ce0 DEOPT UNPACKING pc=0x0000012035b84bc2 sp=0x0000000a303f5428 mode 0
Event: 738.372 Thread 0x0000012064a27ce0 Uncommon trap: trap_request=0xffffff45 fr.pc=0x00000120367dc97c relative=0x000000000000005c
Event: 738.372 Thread 0x0000012064a27ce0 Uncommon trap: reason=unstable_if action=reinterpret pc=0x00000120367dc97c method=kotlin.reflect.jvm.internal.impl.protobuf.CodedOutputStream.computeRawVarint32Size(I)I @ 14 c2
Event: 738.372 Thread 0x0000012064a27ce0 DEOPT PACKING pc=0x00000120367dc97c sp=0x0000000a303f59e0
Event: 738.372 Thread 0x0000012064a27ce0 DEOPT UNPACKING pc=0x0000012035b84422 sp=0x0000000a303f5978 mode 2
Event: 740.844 Thread 0x0000012064a27ce0 DEOPT PACKING pc=0x000001202ecbc0b6 sp=0x0000000a303f6df0
Event: 740.844 Thread 0x0000012064a27ce0 DEOPT UNPACKING pc=0x0000012035b84bc2 sp=0x0000000a303f6328 mode 0
Event: 741.097 Thread 0x0000012064a27ce0 Uncommon trap: trap_request=0xffffff45 fr.pc=0x00000120365d78b0 relative=0x0000000000001850
Event: 741.097 Thread 0x0000012064a27ce0 Uncommon trap: reason=unstable_if action=reinterpret pc=0x00000120365d78b0 method=java.lang.String.split(CIZ)[Ljava/lang/String; @ 184 c2
Event: 741.097 Thread 0x0000012064a27ce0 DEOPT PACKING pc=0x00000120365d78b0 sp=0x0000000a303f6a90
Event: 741.097 Thread 0x0000012064a27ce0 DEOPT UNPACKING pc=0x0000012035b84422 sp=0x0000000a303f6a60 mode 2

Classes loaded (20 events):
Event: 701.456 Loading class java/lang/foreign/MemoryLayout done
Event: 701.456 Loading class java/lang/foreign/ValueLayout done
Event: 704.554 Loading class java/security/KeyStore
Event: 704.573 Loading class java/security/KeyStore done
Event: 706.129 Loading class javax/xml/stream/XMLStreamException
Event: 706.129 Loading class javax/xml/stream/XMLStreamException done
Event: 725.064 Loading class java/util/regex/Pattern$Caret
Event: 725.065 Loading class java/util/regex/Pattern$Caret done
Event: 725.065 Loading class java/util/regex/Pattern$Behind
Event: 725.066 Loading class java/util/regex/Pattern$Behind done
Event: 725.066 Loading class java/util/regex/Pattern$Pos
Event: 725.066 Loading class java/util/regex/Pattern$Pos done
Event: 725.642 Loading class sun/reflect/generics/tree/BooleanSignature
Event: 725.642 Loading class sun/reflect/generics/tree/BooleanSignature done
Event: 725.866 Loading class org/xml/sax/Locator
Event: 725.866 Loading class org/xml/sax/Locator done
Event: 725.866 Loading class org/xml/sax/SAXParseException
Event: 725.874 Loading class org/xml/sax/SAXParseException done
Event: 725.893 Loading class org/xml/sax/Attributes
Event: 725.901 Loading class org/xml/sax/Attributes done

Classes unloaded (1 events):
Event: 323.059 Thread 0x0000012043376220 Unloading class 0x00000120457b8400 'java/lang/invoke/LambdaForm$DMH+0x00000120457b8400'

Classes redefined (0 events):
No events

Internal exceptions (20 events):
Event: 725.581 Thread 0x0000012064a27ce0 Exception <a 'java/lang/ClassNotFoundException'{0x0000000088010840}: org/gradle/api/internal/project/AbstractPluginAwareCustomizer> (0x0000000088010840) 
thrown [s\src\hotspot\share\classfile\systemDictionary.cpp, line 313]
Event: 725.603 Thread 0x0000012064a27ce0 Exception <a 'java/lang/ClassNotFoundException'{0x000000008802dab0}: org/gradle/api/internal/project/DefaultProjectCustomizer> (0x000000008802dab0) 
thrown [s\src\hotspot\share\classfile\systemDictionary.cpp, line 313]
Event: 725.752 Thread 0x0000012064a27ce0 Exception <a 'java/lang/ClassNotFoundException'{0x00000000880f4380}: org/gradle/api/internal/project/DefaultProject_DecoratedCustomizer> (0x00000000880f4380) 
thrown [s\src\hotspot\share\classfile\systemDictionary.cpp, line 313]
Event: 725.977 Thread 0x0000012064a27ce0 Exception <a 'java/lang/ClassNotFoundException'{0x0000000087fa8a68}: org/gradle/api/internal/plugins/NaggingBasePluginConventionBeanInfo> (0x0000000087fa8a68) 
thrown [s\src\hotspot\share\classfile\systemDictionary.cpp, line 313]
Event: 725.994 Thread 0x0000012064a27ce0 Exception <a 'java/lang/ClassNotFoundException'{0x0000000087fc1f50}: org/gradle/api/plugins/BasePluginConventionBeanInfo> (0x0000000087fc1f50) 
thrown [s\src\hotspot\share\classfile\systemDictionary.cpp, line 313]
Event: 726.011 Thread 0x0000012064a27ce0 Exception <a 'java/lang/ClassNotFoundException'{0x0000000087fdb408}: org/gradle/api/plugins/BasePluginConventionCustomizer> (0x0000000087fdb408) 
thrown [s\src\hotspot\share\classfile\systemDictionary.cpp, line 313]
Event: 726.032 Thread 0x0000012064a27ce0 Exception <a 'java/lang/ClassNotFoundException'{0x0000000087e00570}: org/gradle/api/internal/plugins/NaggingBasePluginConventionCustomizer> (0x0000000087e00570) 
thrown [s\src\hotspot\share\classfile\systemDictionary.cpp, line 313]
Event: 726.077 Thread 0x0000012064a27ce0 Exception <a 'java/lang/ClassNotFoundException'{0x0000000087e4c868}: org/gradle/api/plugins/internal/NaggingJavaPluginConventionBeanInfo> (0x0000000087e4c868) 
thrown [s\src\hotspot\share\classfile\systemDictionary.cpp, line 313]
Event: 726.079 Thread 0x0000012064a27ce0 Exception <a 'java/lang/ClassNotFoundException'{0x0000000087e65d58}: org/gradle/api/plugins/JavaPluginConventionBeanInfo> (0x0000000087e65d58) 
thrown [s\src\hotspot\share\classfile\systemDictionary.cpp, line 313]
Event: 726.080 Thread 0x0000012064a27ce0 Exception <a 'java/lang/ClassNotFoundException'{0x0000000087e7f208}: org/gradle/api/plugins/JavaPluginConventionCustomizer> (0x0000000087e7f208) 
thrown [s\src\hotspot\share\classfile\systemDictionary.cpp, line 313]
Event: 726.087 Thread 0x0000012064a27ce0 Exception <a 'java/lang/ClassNotFoundException'{0x0000000087eadcf8}: org/gradle/api/plugins/internal/NaggingJavaPluginConventionCustomizer> (0x0000000087eadcf8) 
thrown [s\src\hotspot\share\classfile\systemDictionary.cpp, line 313]
Event: 726.162 Thread 0x0000012064a27ce0 Exception <a 'java/lang/ClassNotFoundException'{0x0000000087d2af08}: org/gradle/plugin/software/internal/SoftwareFeaturesDynamicObject_DecoratedBeanInfo> (0x0000000087d2af08) 
thrown [s\src\hotspot\share\classfile\systemDictionary.cpp, line 313]
Event: 726.171 Thread 0x0000012064a27ce0 Exception <a 'java/lang/ClassNotFoundException'{0x0000000087d42638}: org/gradle/plugin/software/internal/SoftwareFeaturesDynamicObjectBeanInfo> (0x0000000087d42638) 
thrown [s\src\hotspot\share\classfile\systemDictionary.cpp, line 313]
Event: 726.179 Thread 0x0000012064a27ce0 Exception <a 'java/lang/ClassNotFoundException'{0x0000000087d59818}: org/gradle/internal/metaobject/AbstractDynamicObjectBeanInfo> (0x0000000087d59818) 
thrown [s\src\hotspot\share\classfile\systemDictionary.cpp, line 313]
Event: 726.193 Thread 0x0000012064a27ce0 Exception <a 'java/lang/ClassNotFoundException'{0x0000000087d70a50}: org/gradle/internal/metaobject/AbstractDynamicObjectCustomizer> (0x0000000087d70a50) 
thrown [s\src\hotspot\share\classfile\systemDictionary.cpp, line 313]
Event: 726.195 Thread 0x0000012064a27ce0 Exception <a 'java/lang/ClassNotFoundException'{0x0000000087d94bb0}: org/gradle/plugin/software/internal/SoftwareFeaturesDynamicObjectCustomizer> (0x0000000087d94bb0) 
thrown [s\src\hotspot\share\classfile\systemDictionary.cpp, line 313]
Event: 726.201 Thread 0x0000012064a27ce0 Exception <a 'java/lang/ClassNotFoundException'{0x0000000087db3a18}: org/gradle/plugin/software/internal/SoftwareFeaturesDynamicObject_DecoratedCustomizer> (0x0000000087db3a18) 
thrown [s\src\hotspot\share\classfile\systemDictionary.cpp, line 313]
Event: 726.837 Thread 0x0000012064a27ce0 Exception <a 'java/lang/NoSuchMethodError'{0x0000000087df5c28}: 'java.lang.Object java.lang.invoke.DirectMethodHandle$Holder.newInvokeSpecial(java.lang.Object, java.lang.Object, java.lang.Object, java.lang.Object, java.lang.Object, java.lang.Object, java.lang.Object, java.lang.Object, java.lang.Object, java.lang.Object, java.lang.Object, java.lang.Object, java.lang.Object, java.lang.Object, java.lang.Object, java.lang.Object, java.lang.Object, java.lang.Object)'> (0x0000000087df5c28) 
thrown [s\src\hotspot
Event: 726.854 Thread 0x0000012064a27ce0 Exception <a 'java/lang/NoSuchMethodError'{0x0000000087dfcf40}: 'java.lang.Object java.lang.invoke.DirectMethodHandle$Holder.invokeSpecial(java.lang.Object, java.lang.Object, java.lang.Object, java.lang.Object, java.lang.Object, java.lang.Object, java.lang.Object, java.lang.Object, java.lang.Object, java.lang.Object, java.lang.Object, java.lang.Object, java.lang.Object, java.lang.Object, java.lang.Object, java.lang.Object, java.lang.Object, java.lang.Object, java.lang.Object)'> (0x0000000087dfcf40) 
thrown
Event: 726.855 Thread 0x0000012064a27ce0 Exception <a 'java/lang/NoSuchMethodError'{0x0000000087c076e8}: 'java.lang.Object java.lang.invoke.DelegatingMethodHandle$Holder.reinvoke_L(java.lang.Object, java.lang.Object, java.lang.Object, java.lang.Object, java.lang.Object, java.lang.Object, java.lang.Object, java.lang.Object, java.lang.Object, java.lang.Object, java.lang.Object, java.lang.Object, java.lang.Object, java.lang.Object, java.lang.Object, java.lang.Object, java.lang.Object, java.lang.Object)'> (0x0000000087c076e8) 
thrown [s\src\hotspot\s

ZGC Phase Switch (0 events):
No events

VM Operations (20 events):
Event: 728.781 Executing safepoint VM operation: Cleanup
Event: 728.781 Executing safepoint VM operation: Cleanup done
Event: 731.804 Executing safepoint VM operation: Cleanup
Event: 731.805 Executing safepoint VM operation: Cleanup done
Event: 733.811 Executing safepoint VM operation: Cleanup
Event: 733.828 Executing safepoint VM operation: Cleanup done
Event: 734.829 Executing safepoint VM operation: Cleanup
Event: 734.845 Executing safepoint VM operation: Cleanup done
Event: 735.854 Executing safepoint VM operation: Cleanup
Event: 735.870 Executing safepoint VM operation: Cleanup done
Event: 736.883 Executing safepoint VM operation: Cleanup
Event: 736.883 Executing safepoint VM operation: Cleanup done
Event: 737.891 Executing safepoint VM operation: Cleanup
Event: 737.922 Executing safepoint VM operation: Cleanup done
Event: 738.936 Executing safepoint VM operation: Cleanup
Event: 738.936 Executing safepoint VM operation: Cleanup done
Event: 739.395 Executing safepoint VM operation: G1CollectForAllocation (G1 Evacuation Pause)
Event: 739.416 Executing safepoint VM operation: G1CollectForAllocation (G1 Evacuation Pause) done
Event: 741.438 Executing safepoint VM operation: Cleanup
Event: 741.438 Executing safepoint VM operation: Cleanup done

Memory protections (0 events):
No events

Nmethod flushes (20 events):
Event: 720.624 Thread 0x0000012043376220 flushing  nmethod 0x000001203649e390
Event: 720.624 Thread 0x0000012043376220 flushing  nmethod 0x000001202df53a10
Event: 720.624 Thread 0x0000012043376220 flushing  nmethod 0x000001202e003090
Event: 720.624 Thread 0x0000012043376220 flushing  nmethod 0x000001202e003890
Event: 720.624 Thread 0x0000012043376220 flushing  nmethod 0x000001202e00ee90
Event: 720.624 Thread 0x0000012043376220 flushing  nmethod 0x000001202e43ad10
Event: 720.624 Thread 0x0000012043376220 flushing  nmethod 0x000001202e867410
Event: 720.624 Thread 0x0000012043376220 flushing  nmethod 0x000001202e8d1210
Event: 720.624 Thread 0x0000012043376220 flushing  nmethod 0x00000120361ebd10
Event: 720.624 Thread 0x0000012043376220 flushing  nmethod 0x00000120364b1590
Event: 720.624 Thread 0x0000012043376220 flushing  nmethod 0x000001202e1e5710
Event: 720.624 Thread 0x0000012043376220 flushing  nmethod 0x000001202e4c9790
Event: 720.624 Thread 0x0000012043376220 flushing  nmethod 0x000001202e4dd610
Event: 720.624 Thread 0x0000012043376220 flushing  nmethod 0x000001202e7b9490
Event: 720.624 Thread 0x0000012043376220 flushing  nmethod 0x000001202e984890
Event: 720.624 Thread 0x0000012043376220 flushing  nmethod 0x000001202e987a90
Event: 720.624 Thread 0x0000012043376220 flushing  nmethod 0x000001202e988a10
Event: 720.624 Thread 0x0000012043376220 flushing  nmethod 0x000001202ef7b410
Event: 720.624 Thread 0x0000012043376220 flushing  nmethod 0x000001202f0d7a90
Event: 720.624 Thread 0x0000012043376220 flushing  nmethod 0x000001202f0d9090

Events (20 events):
Event: 591.119 Thread 0x0000012064a27ce0 Thread added: 0x0000012067f266f0
Event: 591.182 Thread 0x0000012064a27ce0 Thread added: 0x0000012067f294e0
Event: 591.186 Thread 0x0000012064a27ce0 Thread added: 0x0000012067f2a200
Event: 593.279 Thread 0x0000012064a27ce0 Thread added: 0x0000012067f2a890
Event: 593.279 Thread 0x0000012064a27ce0 Thread added: 0x0000012067f2af20
Event: 593.280 Thread 0x0000012064a27ce0 Thread added: 0x0000012067f2b5b0
Event: 593.303 Thread 0x0000012064a27ce0 Thread added: 0x0000012067f28130
Event: 593.304 Thread 0x0000012064a27ce0 Thread added: 0x0000012067f2cff0
Event: 593.319 Thread 0x0000012064a27ce0 Thread added: 0x0000012067f2d680
Event: 593.320 Thread 0x0000012064a27ce0 Thread added: 0x0000012067f2bc40
Event: 593.320 Thread 0x0000012064a27ce0 Thread added: 0x0000012067f2c2d0
Event: 593.344 Thread 0x0000012064a27ce0 Thread added: 0x0000012067f2dd10
Event: 593.345 Thread 0x0000012064a27ce0 Thread added: 0x0000012067f2c960
Event: 593.345 Thread 0x0000012064a27ce0 Thread added: 0x0000012066d84da0
Event: 626.746 Thread 0x0000012064a29720 Thread added: 0x00000120673dae20
Event: 639.583 Thread 0x00000120439fffa0 Thread exited: 0x00000120439fffa0
Event: 686.957 Thread 0x00000120668233e0 Thread exited: 0x00000120668233e0
Event: 713.877 Thread 0x0000012064a27ce0 Thread added: 0x0000012066d84710
Event: 721.289 Thread 0x00000120673dae20 Thread exited: 0x00000120673dae20
Event: 731.438 Thread 0x0000012064a29720 Thread added: 0x0000012068aa6d60


Dynamic libraries:
0x00007ff7a95b0000 - 0x00007ff7a95be000 	C:\Users\user5\.vscode\extensions\redhat.java-1.56.0-win32-x64\jre\21.0.12.1-win32-x86_64\bin\java.exe
0x00007ff8236e0000 - 0x00007ff823947000 	C:\WINDOWS\SYSTEM32\ntdll.dll
0x00007ff822840000 - 0x00007ff82290b000 	C:\WINDOWS\System32\KERNEL32.DLL
0x00007ff820b10000 - 0x00007ff820f12000 	C:\WINDOWS\System32\KERNELBASE.dll
0x00007ff8212a0000 - 0x00007ff8213ec000 	C:\WINDOWS\System32\ucrtbase.dll
0x00007ff813580000 - 0x00007ff81359e000 	C:\Users\user5\.vscode\extensions\redhat.java-1.56.0-win32-x64\jre\21.0.12.1-win32-x86_64\bin\VCRUNTIME140.dll
0x00007ff810520000 - 0x00007ff810538000 	C:\Users\user5\.vscode\extensions\redhat.java-1.56.0-win32-x64\jre\21.0.12.1-win32-x86_64\bin\jli.dll
0x00007ff822450000 - 0x00007ff82261f000 	C:\WINDOWS\System32\USER32.dll
0x00007ff800850000 - 0x00007ff800ae0000 	C:\WINDOWS\WinSxS\amd64_microsoft.windows.common-controls_6595b64144ccf1df_6.0.26100.9278_none_3e0d1ba8e3303201\COMCTL32.dll
0x00007ff820f20000 - 0x00007ff820f47000 	C:\WINDOWS\System32\win32u.dll
0x00007ff822910000 - 0x00007ff8229b9000 	C:\WINDOWS\System32\msvcrt.dll
0x00007ff822760000 - 0x00007ff82278b000 	C:\WINDOWS\System32\GDI32.dll
0x00007ff820f50000 - 0x00007ff821079000 	C:\WINDOWS\System32\gdi32full.dll
0x00007ff820a60000 - 0x00007ff820b03000 	C:\WINDOWS\System32\msvcp_win.dll
0x00007ff821400000 - 0x00007ff821431000 	C:\WINDOWS\System32\IMM32.DLL
0x00007ff818840000 - 0x00007ff81884c000 	C:\Users\user5\.vscode\extensions\redhat.java-1.56.0-win32-x64\jre\21.0.12.1-win32-x86_64\bin\vcruntime140_1.dll
0x00007fffefad0000 - 0x00007fffefb5d000 	C:\Users\user5\.vscode\extensions\redhat.java-1.56.0-win32-x64\jre\21.0.12.1-win32-x86_64\bin\msvcp140.dll
0x00007fff950e0000 - 0x00007fff95e82000 	C:\Users\user5\.vscode\extensions\redhat.java-1.56.0-win32-x64\jre\21.0.12.1-win32-x86_64\bin\server\jvm.dll
0x00007ff822680000 - 0x00007ff82273c000 	C:\WINDOWS\System32\ADVAPI32.dll
0x00007ff8234d0000 - 0x00007ff823579000 	C:\WINDOWS\System32\sechost.dll
0x00007ff823580000 - 0x00007ff823698000 	C:\WINDOWS\System32\RPCRT4.dll
0x00007ff8227b0000 - 0x00007ff822830000 	C:\WINDOWS\System32\WS2_32.dll
0x00007ff81ffb0000 - 0x00007ff82000e000 	C:\WINDOWS\SYSTEM32\POWRPROF.dll
0x00007ff8142c0000 - 0x00007ff8142cb000 	C:\WINDOWS\SYSTEM32\VERSION.dll
0x00007ff80c220000 - 0x00007ff80c256000 	C:\WINDOWS\SYSTEM32\WINMM.dll
0x00007ff81ff70000 - 0x00007ff81ff85000 	C:\WINDOWS\SYSTEM32\UMPDC.dll
0x00007ff81f5b0000 - 0x00007ff81f5cb000 	C:\WINDOWS\SYSTEM32\kernel.appcore.dll
0x00007ff816440000 - 0x00007ff81644a000 	C:\Users\user5\.vscode\extensions\redhat.java-1.56.0-win32-x64\jre\21.0.12.1-win32-x86_64\bin\jimage.dll
0x00007ff81de40000 - 0x00007ff81e08c000 	C:\WINDOWS\SYSTEM32\DBGHELP.DLL
0x00007ff8215c0000 - 0x00007ff821945000 	C:\WINDOWS\System32\combase.dll
0x00007ff821950000 - 0x00007ff821a29000 	C:\WINDOWS\System32\OLEAUT32.dll
0x00007ffff9420000 - 0x00007ffff945b000 	C:\WINDOWS\SYSTEM32\dbgcore.DLL
0x00007ff8208e0000 - 0x00007ff82098c000 	C:\WINDOWS\System32\bcryptPrimitives.dll
0x00007ff804240000 - 0x00007ff80424f000 	C:\Users\user5\.vscode\extensions\redhat.java-1.56.0-win32-x64\jre\21.0.12.1-win32-x86_64\bin\instrument.dll
0x00007ff801b30000 - 0x00007ff801b50000 	C:\Users\user5\.vscode\extensions\redhat.java-1.56.0-win32-x64\jre\21.0.12.1-win32-x86_64\bin\java.dll
0x00007ff822d30000 - 0x00007ff8234c8000 	C:\WINDOWS\System32\SHELL32.dll
0x00007ff81e340000 - 0x00007ff81ebee000 	C:\WINDOWS\SYSTEM32\windows.storage.dll
0x00007ff822b30000 - 0x00007ff822c2b000 	C:\WINDOWS\System32\SHCORE.dll
0x00007ff822ac0000 - 0x00007ff822b26000 	C:\WINDOWS\System32\shlwapi.dll
0x00007ff820800000 - 0x00007ff820829000 	C:\WINDOWS\SYSTEM32\profapi.dll
0x00007ffffca20000 - 0x00007ffffca38000 	C:\Users\user5\.vscode\extensions\redhat.java-1.56.0-win32-x64\jre\21.0.12.1-win32-x86_64\bin\zip.dll
0x00007ff8047d0000 - 0x00007ff8047e0000 	C:\Users\user5\.vscode\extensions\redhat.java-1.56.0-win32-x64\jre\21.0.12.1-win32-x86_64\bin\net.dll
0x00007ff816de0000 - 0x00007ff816f0a000 	C:\WINDOWS\SYSTEM32\WINHTTP.dll
0x00007ff81fbe0000 - 0x00007ff81fc4c000 	C:\WINDOWS\system32\mswsock.dll
0x00007ffffc410000 - 0x00007ffffc426000 	C:\Users\user5\.vscode\extensions\redhat.java-1.56.0-win32-x64\jre\21.0.12.1-win32-x86_64\bin\nio.dll
0x00007ff8039a0000 - 0x00007ff8039b0000 	C:\Users\user5\.vscode\extensions\redhat.java-1.56.0-win32-x64\jre\21.0.12.1-win32-x86_64\bin\verify.dll
0x00007ffffbfd0000 - 0x00007ffffbff7000 	D:\gradle_cache\native\1def1411415f61bf3af743bc5b6707747c0891f09f0c88961ee8f79bc544acac\windows-amd64\native-platform.dll
0x000000006bd40000 - 0x000000006bdb3000 	D:\gradle_cache\native\0.2.5\x86_64-windows-gnu\gradle-fileevents.dll
0x00007ff8163f0000 - 0x00007ff8163fa000 	C:\Users\user5\.vscode\extensions\redhat.java-1.56.0-win32-x64\jre\21.0.12.1-win32-x86_64\bin\management.dll
0x00007ff8163e0000 - 0x00007ff8163ec000 	C:\Users\user5\.vscode\extensions\redhat.java-1.56.0-win32-x64\jre\21.0.12.1-win32-x86_64\bin\management_ext.dll
0x00007ff822440000 - 0x00007ff822448000 	C:\WINDOWS\System32\PSAPI.DLL
0x00007ff81fef0000 - 0x00007ff81ff0b000 	C:\WINDOWS\SYSTEM32\CRYPTSP.dll
0x00007ff81f510000 - 0x00007ff81f549000 	C:\WINDOWS\system32\rsaenh.dll
0x00007ff81fc90000 - 0x00007ff81fcc4000 	C:\WINDOWS\SYSTEM32\USERENV.dll
0x00007ff8207d0000 - 0x00007ff8207fa000 	C:\WINDOWS\SYSTEM32\bcrypt.dll
0x00007ff81ff10000 - 0x00007ff81ff1c000 	C:\WINDOWS\SYSTEM32\CRYPTBASE.dll
0x00007ff81efb0000 - 0x00007ff81efe3000 	C:\WINDOWS\SYSTEM32\IPHLPAPI.DLL
0x00007ff822750000 - 0x00007ff82275a000 	C:\WINDOWS\System32\NSI.dll
0x00007ffffce70000 - 0x00007ffffce79000 	C:\Users\user5\.vscode\extensions\redhat.java-1.56.0-win32-x64\jre\21.0.12.1-win32-x86_64\bin\extnet.dll
0x00007ffffa2f0000 - 0x00007ffffa2fe000 	C:\Users\user5\.vscode\extensions\redhat.java-1.56.0-win32-x64\jre\21.0.12.1-win32-x86_64\bin\sunmscapi.dll
0x00007ff821080000 - 0x00007ff8211fe000 	C:\WINDOWS\System32\CRYPT32.dll
0x00007ff8201c0000 - 0x00007ff8201f0000 	C:\WINDOWS\SYSTEM32\ncrypt.dll
0x00007ff820170000 - 0x00007ff8201af000 	C:\WINDOWS\SYSTEM32\NTASN1.dll
0x00007ff813c90000 - 0x00007ff813c98000 	C:\WINDOWS\system32\wshunix.dll
0x000000006b110000 - 0x000000006b183000 	D:\temp\native-platform16848355813962408223dir\gradle-fileevents.dll

JVMTI agents:
D:\gradle_cache\wrapper\dists\gradle-8.12-all\ejduaidbjup3bmmkhw3rie4zb\gradle-8.12\lib\agents\gradle-instrumentation-agent-8.12.jar path:C:\Users\user5\.vscode\extensions\redhat.java-1.56.0-win32-x64\jre\21.0.12.1-win32-x86_64\bin\instrument.dll, loaded, initialized, instrumentlib options:none

dbghelp: loaded successfully - version: 4.0.5 - missing functions: none
symbol engine: initialized successfully - sym options: 0x614 - pdb path: .;C:\Users\user5\.vscode\extensions\redhat.java-1.56.0-win32-x64\jre\21.0.12.1-win32-x86_64\bin;C:\WINDOWS\SYSTEM32;C:\WINDOWS\WinSxS\amd64_microsoft.windows.common-controls_6595b64144ccf1df_6.0.26100.9278_none_3e0d1ba8e3303201;C:\Users\user5\.vscode\extensions\redhat.java-1.56.0-win32-x64\jre\21.0.12.1-win32-x86_64\bin\server;D:\gradle_cache\native\1def1411415f61bf3af743bc5b6707747c0891f09f0c88961ee8f79bc544acac\windows-amd64;D:\gradle_cache\native\0.2.5\x86_64-windows-gnu;D:\temp\native-platform16848355813962408223dir

VM Arguments:
jvm_args: --add-opens=java.base/java.lang=ALL-UNNAMED --add-opens=java.base/java.lang.invoke=ALL-UNNAMED --add-opens=java.base/java.util=ALL-UNNAMED --add-opens=java.prefs/java.util.prefs=ALL-UNNAMED --add-exports=jdk.compiler/com.sun.tools.javac.api=ALL-UNNAMED --add-exports=jdk.compiler/com.sun.tools.javac.util=ALL-UNNAMED --add-opens=java.base/java.util=ALL-UNNAMED --add-opens=java.prefs/java.util.prefs=ALL-UNNAMED --add-opens=java.base/java.nio.charset=ALL-UNNAMED --add-opens=java.base/java.net=ALL-UNNAMED --add-opens=java.base/java.util.concurrent.atomic=ALL-UNNAMED --add-opens=java.xml/javax.xml.namespace=ALL-UNNAMED -XX:MaxMetaspaceSize=512m -XX:ReservedCodeCacheSize=256m -XX:+HeapDumpOnOutOfMemoryError -Xmx2G -Dfile.encoding=UTF-8 -Duser.country=IN -Duser.language=en -Duser.variant -javaagent:D:\gradle_cache\wrapper\dists\gradle-8.12-all\ejduaidbjup3bmmkhw3rie4zb\gradle-8.12\lib\agents\gradle-instrumentation-agent-8.12.jar 
java_command: org.gradle.launcher.daemon.bootstrap.GradleDaemon 8.12
java_class_path (initial): D:\gradle_cache\wrapper\dists\gradle-8.12-all\ejduaidbjup3bmmkhw3rie4zb\gradle-8.12\lib\gradle-daemon-main-8.12.jar
Launcher Type: SUN_STANDARD

[Global flags]
     intx CICompilerCount                          = 4                                         {product} {ergonomic}
   size_t CompressedClassSpaceSize                 = 436207616                                 {product} {ergonomic}
     uint ConcGCThreads                            = 3                                         {product} {ergonomic}
     uint G1ConcRefinementThreads                  = 10                                        {product} {ergonomic}
   size_t G1HeapRegionSize                         = 1048576                                   {product} {ergonomic}
    uintx GCDrainStackTargetSize                   = 64                                        {product} {ergonomic}
     bool HeapDumpOnOutOfMemoryError               = true                                   {manageable} {command line}
   size_t InitialHeapSize                          = 130023424                                 {product} {ergonomic}
   size_t MarkStackSize                            = 4194304                                   {product} {ergonomic}
   size_t MaxHeapSize                              = 2147483648                                {product} {command line}
   size_t MaxMetaspaceSize                         = 536870912                                 {product} {command line}
   size_t MaxNewSize                               = 1287651328                                {product} {ergonomic}
   size_t MinHeapDeltaBytes                        = 1048576                                   {product} {ergonomic}
   size_t MinHeapSize                              = 8388608                                   {product} {ergonomic}
    uintx NonNMethodCodeHeapSize                   = 5839372                                {pd product} {ergonomic}
    uintx NonProfiledCodeHeapSize                  = 131298042                              {pd product} {ergonomic}
    uintx ProfiledCodeHeapSize                     = 131298042                              {pd product} {ergonomic}
    uintx ReservedCodeCacheSize                    = 268435456                              {pd product} {command line}
     bool SegmentedCodeCache                       = true                                      {product} {ergonomic}
   size_t SoftMaxHeapSize                          = 2147483648                             {manageable} {ergonomic}
     bool UseCompressedOops                        = true                           {product lp64_product} {ergonomic}
     bool UseG1GC                                  = true                                      {product} {ergonomic}
     bool UseLargePagesIndividualAllocation        = false                                  {pd product} {ergonomic}

Logging:
Log output configuration:
 #0: stdout all=warning uptime,level,tags foldmultilines=false
 #1: stderr all=off uptime,level,tags foldmultilines=false

Release file:
JAVA_VERSION="21.0.12.1" 
MODULES="java.base java.compiler java.datatransfer java.xml java.prefs java.desktop java.instrument java.logging java.management java.security.sasl java.naming java.rmi java.management.rmi java.net.http java.scripting java.security.jgss java.transaction.xa java.sql java.sql.rowset java.xml.crypto java.se java.smartcardio jdk.accessibility jdk.internal.jvmstat jdk.attach jdk.charsets jdk.internal.opt jdk.zipfs jdk.compiler jdk.crypto.ec jdk.crypto.cryptoki jdk.crypto.mscapi jdk.dynalink jdk.internal.ed jdk.editpad jdk.hotspot.agent jdk.httpserver jdk.internal.le jdk.internal.vm.ci jdk.internal.vm.compiler jdk.internal.vm.compiler.management jdk.jartool jdk.javadoc jdk.jcmd jdk.management jdk.management.agent jdk.jconsole jdk.jdeps jdk.jdwp.agent jdk.jdi jdk.jfr jdk.jshell jdk.jsobject jdk.jstatd jdk.localedata jdk.management.jfr jdk.naming.dns jdk.naming.rmi jdk.net jdk.nio.mapmode jdk.random jdk.sctp jdk.security.auth jdk.security.jgss jdk.unsupported jdk.unsupported.desktop jdk.xml.dom" 

Environment Variables:
PATH=C:\Program Files\Common Files\Oracle\Java\javapath;C:\windows\system32;C:\windows;C:\windows\System32\Wbem;C:\windows\System32\WindowsPowerShell\v1.0\;C:\windows\System32\OpenSSH\;C:\Program Files (x86)\NVIDIA Corporation\PhysX\Common;C:\Program Files\NVIDIA Corporation\NVIDIA NvDLISR;C:\Users\Administrator\AppData\Local\Microsoft\WindowsApps;C:\Program Files\HP\OMEN-Broadcast\Common;C:\WINDOWS\system32;C:\WINDOWS;C:\WINDOWS\System32\Wbem;C:\WINDOWS\System32\WindowsPowerShell\v1.0\;C:\WINDOWS\System32\OpenSSH\;C:\src\flutter\bin;C:\Users\user5\AppData\Local\Android\Sdk\platform-tools;C:\Program Files\MySQL\MySQL Server 8.0\bin;C:\Program Files\Git\cmd;C:\Program Files\Git\mingw64\bin;C:\src\flutter\bin;C:\Program Files\Git\usr\bin;C:\Program Files\nodejs\;C:\Program Files\MySQL\MySQL Shell 8.0\bin\;C:\Users\user5\AppData\Local\Microsoft\WindowsApps;C:\Users\user5\AppData\Local\Programs\Microsoft VS Code\bin;C:\MinGW\bin;C:\Program Files\JetBrains\IntelliJ IDEA Community Edition 2025.1.1.1\bin;C:\Program Files\Git\cmd;;C:\Users\user5\AppData\Local\Programs\Antigravity IDE\bin;C:\Users\user5\AppData\Roaming\npm
USERNAME=User
OS=Windows_NT
PROCESSOR_IDENTIFIER=Intel64 Family 6 Model 154 Stepping 3, GenuineIntel
TMP=D:\temp
TEMP=D:\temp




Periodic native trim disabled

---------------  S Y S T E M  ---------------

OS:
 Windows 11 , 64 bit Build 26100 (10.0.26100.9444)
OS uptime: 0 days 2:05 hours
Hyper-V role detected

CPU: total 12 (initial active 12) (6 cores per cpu, 2 threads per core) family 6 model 154 stepping 3 microcode 0x435, cx8, cmov, fxsr, ht, mmx, 3dnowpref, sse, sse2, sse3, ssse3, sse4.1, sse4.2, popcnt, lzcnt, tsc, tscinvbit, avx, avx2, aes, erms, clmul, bmi1, bmi2, adx, sha, fma, vzeroupper, clflush, clflushopt, clwb, hv, serialize, rdtscp, rdpid, fsrm, f16c, cet_ibt, cet_ss
Processor Information for the first 12 processors :
  Max Mhz: 2000, Current Mhz: 2000, Mhz Limit: 2000

Memory: 4k page, system-wide physical 7832M (727M free)
TotalPageFile size 28212M (AvailPageFile size 1887M)
current process WorkingSet (physical memory assigned to process): 234M, peak: 278M
current process commit charge ("private bytes"): 469M, peak: 475M

vm_info: OpenJDK 64-Bit Server VM (21.0.12.1+1-LTS) for windows-amd64 JRE (21.0.12.1+1-LTS), built on 2026-08-18T00:00:00Z by "admin" with MS VC++ 17.12 (VS2022)

END.
