#
# There is insufficient memory for the Java Runtime Environment to continue.
# Native memory allocation (malloc) failed to allocate 1808768 bytes. Error detail: Chunk::new
# Possible reasons:
#   The system is out of physical RAM or swap space
#   This process is running with CompressedOops enabled, and the Java Heap may be blocking the growth of the native heap
# Possible solutions:
#   Reduce memory load on the system
#   Increase physical memory or swap space
#   Check if swap backing store is full
#   Decrease Java heap size (-Xmx/-Xms)
#   Decrease number of Java threads
#   Decrease Java thread stack sizes (-Xss)
#   Set larger code cache with -XX:ReservedCodeCacheSize=
#   JVM is running with Unscaled Compressed Oops mode in which the Java heap is
#     placed in the first 4GB address space. The Java Heap base address is the
#     maximum limit for the native heap growth. Please use -XX:HeapBaseMinAddress
#     to set the Java Heap base and to place the Java Heap above 4GB virtual address.
# This output file may be truncated or incomplete.
#
#  Out of Memory Error (arena.cpp:168), pid=31268, tid=30764
#
# JRE version: OpenJDK Runtime Environment Temurin-21.0.12.1+1 (21.0.12.1+1) (build 21.0.12.1+1-LTS)
# Java VM: OpenJDK 64-Bit Server VM Temurin-21.0.12.1+1 (21.0.12.1+1-LTS, mixed mode, sharing, tiered, compressed oops, compressed class ptrs, g1 gc, windows-amd64)
# No core dump will be written. Minidumps are not enabled by default on client versions of Windows
#

---------------  S U M M A R Y ------------

Command Line: --add-opens=java.base/java.lang=ALL-UNNAMED --add-opens=java.base/java.lang.invoke=ALL-UNNAMED --add-opens=java.base/java.util=ALL-UNNAMED --add-opens=java.prefs/java.util.prefs=ALL-UNNAMED --add-exports=jdk.compiler/com.sun.tools.javac.api=ALL-UNNAMED --add-exports=jdk.compiler/com.sun.tools.javac.util=ALL-UNNAMED --add-opens=java.base/java.util=ALL-UNNAMED --add-opens=java.prefs/java.util.prefs=ALL-UNNAMED --add-opens=java.base/java.nio.charset=ALL-UNNAMED --add-opens=java.base/java.net=ALL-UNNAMED --add-opens=java.base/java.util.concurrent.atomic=ALL-UNNAMED --add-opens=java.xml/javax.xml.namespace=ALL-UNNAMED -XX:MaxMetaspaceSize=512m -XX:ReservedCodeCacheSize=256m -XX:+HeapDumpOnOutOfMemoryError -Xmx2G -Dfile.encoding=UTF-8 -Duser.country=IN -Duser.language=en -Duser.variant -javaagent:D:\gradle_cache\wrapper\dists\gradle-8.12-all\ejduaidbjup3bmmkhw3rie4zb\gradle-8.12\lib\agents\gradle-instrumentation-agent-8.12.jar org.gradle.launcher.daemon.bootstrap.GradleDaemon 8.12

Host: 12th Gen Intel(R) Core(TM) i5-12450H, 12 cores, 7G,  Windows 11 , 64 bit Build 26100 (10.0.26100.9444)
Time: Sun Sep 13 16:14:25 2026 India Standard Time elapsed time: 430.076008 seconds (0d 0h 7m 10s)

---------------  T H R E A D  ---------------

Current thread (0x0000017c379b47f0):  JavaThread "C2 CompilerThread0" daemon [_thread_in_native, id=30764, stack(0x0000007a37400000,0x0000007a37500000) (1024K)]


Current CompileTask:
C2:430076 11111   !   4       java.net.URLClassLoader::findClass (47 bytes)

Stack: [0x0000007a37400000,0x0000007a37500000]
Native frames: (J=compiled Java code, j=interpreted, Vv=VM code, C=native code)
V  [jvm.dll+0x6d83e9]
V  [jvm.dll+0x8b5736]
V  [jvm.dll+0x8b7cee]
V  [jvm.dll+0x8b83d3]
V  [jvm.dll+0x284596]
V  [jvm.dll+0xc685d]
V  [jvm.dll+0xc6da1]
V  [jvm.dll+0x3bf18b]
V  [jvm.dll+0x1e4149]
V  [jvm.dll+0x24c853]
V  [jvm.dll+0x24bce0]
V  [jvm.dll+0x1cb4ae]
V  [jvm.dll+0x25baad]
V  [jvm.dll+0x25a03a]
V  [jvm.dll+0x3f8aae]
V  [jvm.dll+0x8600cd]
V  [jvm.dll+0x6d6c1d]
C  [ucrtbase.dll+0x2cd30]
C  [KERNEL32.DLL+0x2cd87]
C  [ntdll.dll+0xacaec]


---------------  P R O C E S S  ---------------

Threads class SMR info:
_java_thread_list=0x0000017c5b86f910, length=149, elements={
0x0000017c1edce9d0, 0x0000017c379a1d50, 0x0000017c379a25c0, 0x0000017c379a6dc0,
0x0000017c379a7430, 0x0000017c379af1a0, 0x0000017c379b2650, 0x0000017c379b47f0,
0x0000017c379d07a0, 0x0000017c379b2ce0, 0x0000017c379b1fc0, 0x0000017c379afef0,
0x0000017c379b0580, 0x0000017c379b12a0, 0x0000017c57972090, 0x0000017c579747f0,
0x0000017c57973440, 0x0000017c57972db0, 0x0000017c57974e80, 0x0000017c57971a00,
0x0000017c57975510, 0x0000017c57975ba0, 0x0000017c57972720, 0x0000017c57974160,
0x0000017c57973ad0, 0x0000017c57976f50, 0x0000017c57977c70, 0x0000017c57979020,
0x0000017c57976230, 0x0000017c5a0c9b90, 0x0000017c5a0cb5d0, 0x0000017c5a0c9500,
0x0000017c5a0c8e70, 0x0000017c5a0ca8b0, 0x0000017c5a274f80, 0x0000017c5a275ca0,
0x0000017c5a275610, 0x0000017c5a2776e0, 0x0000017c5a276330, 0x0000017c5a2769c0,
0x0000017c5a277050, 0x0000017c5a274260, 0x0000017c5a2748f0, 0x0000017c58ce7fe0,
0x0000017c58ce7950, 0x0000017c58ce8670, 0x0000017c58ce8d00, 0x0000017c58ce5880,
0x0000017c58ce72c0, 0x0000017c58ce9390, 0x0000017c58ce5f10, 0x0000017c58ce9a20,
0x0000017c58ce65a0, 0x0000017c58cea0b0, 0x0000017c58ce6c30, 0x0000017c58cea740,
0x0000017c58ceadd0, 0x0000017c58ceb460, 0x0000017c58cebaf0, 0x0000017c58cec180,
0x0000017c58cecea0, 0x0000017c58cec810, 0x0000017c5ae97c70, 0x0000017c5ae98300,
0x0000017c5ae9a3d0, 0x0000017c5ae996b0, 0x0000017c5ae98990, 0x0000017c5ae99d40,
0x0000017c5ae9aa60, 0x0000017c5aa69e00, 0x0000017c5aa6a490, 0x0000017c5aa6ab20,
0x0000017c5aa6b1b0, 0x0000017c5aa67d30, 0x0000017c5aa6b840, 0x0000017c5aa6bed0,
0x0000017c5aa68a50, 0x0000017c5aa6f350, 0x0000017c5aa6d280, 0x0000017c5aa6c560,
0x0000017c5aa6d910, 0x0000017c5aa6cbf0, 0x0000017c5aa6e630, 0x0000017c5aa6dfa0,
0x0000017c5aa6ecc0, 0x0000017c57978300, 0x0000017c379b0c10, 0x0000017c5a870c70,
0x0000017c5a86eba0, 0x0000017c5a86e510, 0x0000017c5a86f8c0, 0x0000017c5a86f230,
0x0000017c5a871300, 0x0000017c5a86de80, 0x0000017c5a871990, 0x0000017c5a8733d0,
0x0000017c5a873a60, 0x0000017c5a872020, 0x0000017c5a8705e0, 0x0000017c5a874780,
0x0000017c5a8754a0, 0x0000017c5a872d40, 0x0000017c5a8740f0, 0x0000017c5a874e10,
0x0000017c5a8726b0, 0x0000017c5b8645e0, 0x0000017c5b864c70, 0x0000017c5b8666b0,
0x0000017c5b865990, 0x0000017c5b865300, 0x0000017c5b8673d0, 0x0000017c5b866020,
0x0000017c5b866d40, 0x0000017c5b863f50, 0x0000017c5b868e10, 0x0000017c5b86aee0,
0x0000017c5b867a60, 0x0000017c5b86a850, 0x0000017c5b8680f0, 0x0000017c5b8694a0,
0x0000017c5b86a1c0, 0x0000017c5b869b30, 0x0000017c5b868780, 0x0000017c5b86b570,
0x0000017c5bf57010, 0x0000017c5bf548b0, 0x0000017c5bf555d0, 0x0000017c5bf55c60,
0x0000017c5bf54f40, 0x0000017c5bf562f0, 0x0000017c5bf56980, 0x0000017c5bf53b90,
0x0000017c5bf576a0, 0x0000017c5bf54220, 0x0000017c5bf583c0, 0x0000017c5bf59770,
0x0000017c5bf59e00, 0x0000017c5bf5a490, 0x0000017c5bf5ab20, 0x0000017c5bf5b1b0,
0x0000017c5bf590e0, 0x0000017c5bf58a50, 0x0000017c5bf57d30, 0x0000017c5babefa0,
0x0000017c5babd560, 0x0000017c5bac09e0, 0x0000017c5bac1070, 0x0000017c5babe910,
0x0000017c5babf630
}

Java Threads: ( => current thread )
  0x0000017c1edce9d0 JavaThread "main"                              [_thread_blocked, id=24112, stack(0x0000007a36600000,0x0000007a36700000) (1024K)]
  0x0000017c379a1d50 JavaThread "Reference Handler"          daemon [_thread_blocked, id=30736, stack(0x0000007a36e00000,0x0000007a36f00000) (1024K)]
  0x0000017c379a25c0 JavaThread "Finalizer"                  daemon [_thread_blocked, id=30740, stack(0x0000007a36f00000,0x0000007a37000000) (1024K)]
  0x0000017c379a6dc0 JavaThread "Signal Dispatcher"          daemon [_thread_blocked, id=30744, stack(0x0000007a37000000,0x0000007a37100000) (1024K)]
  0x0000017c379a7430 JavaThread "Attach Listener"            daemon [_thread_blocked, id=30748, stack(0x0000007a37100000,0x0000007a37200000) (1024K)]
  0x0000017c379af1a0 JavaThread "Service Thread"             daemon [_thread_blocked, id=30756, stack(0x0000007a37200000,0x0000007a37300000) (1024K)]
  0x0000017c379b2650 JavaThread "Monitor Deflation Thread"   daemon [_thread_blocked, id=30760, stack(0x0000007a37300000,0x0000007a37400000) (1024K)]
=>0x0000017c379b47f0 JavaThread "C2 CompilerThread0"         daemon [_thread_in_native, id=30764, stack(0x0000007a37400000,0x0000007a37500000) (1024K)]
  0x0000017c379d07a0 JavaThread "C1 CompilerThread0"         daemon [_thread_blocked, id=30768, stack(0x0000007a37500000,0x0000007a37600000) (1024K)]
  0x0000017c379b2ce0 JavaThread "Common-Cleaner"             daemon [_thread_blocked, id=30772, stack(0x0000007a37600000,0x0000007a37700000) (1024K)]
  0x0000017c379b1fc0 JavaThread "Notification Thread"        daemon [_thread_blocked, id=30776, stack(0x0000007a37700000,0x0000007a37800000) (1024K)]
  0x0000017c379afef0 JavaThread "Daemon health stats"               [_thread_blocked, id=22276, stack(0x0000007a37e00000,0x0000007a37f00000) (1024K)]
  0x0000017c379b0580 JavaThread "Incoming local TCP Connector on port 65493"        [_thread_in_native, id=32412, stack(0x0000007a37f00000,0x0000007a38000000) (1024K)]
  0x0000017c379b12a0 JavaThread "Daemon periodic checks"            [_thread_blocked, id=32432, stack(0x0000007a38000000,0x0000007a38100000) (1024K)]
  0x0000017c57972090 JavaThread "Daemon"                            [_thread_blocked, id=34156, stack(0x0000007a38100000,0x0000007a38200000) (1024K)]
  0x0000017c579747f0 JavaThread "Handler for socket connection from /127.0.0.1:65493 to /127.0.0.1:65494"        [_thread_in_native, id=4460, stack(0x0000007a38200000,0x0000007a38300000) (1024K)]
  0x0000017c57973440 JavaThread "Cancel handler"                    [_thread_blocked, id=33896, stack(0x0000007a38300000,0x0000007a38400000) (1024K)]
  0x0000017c57972db0 JavaThread "Daemon worker"                     [_thread_in_vm, id=5020, stack(0x0000007a38400000,0x0000007a38500000) (1024K)]
  0x0000017c57974e80 JavaThread "Asynchronous log dispatcher for DefaultDaemonConnection: socket connection from /127.0.0.1:65493 to /127.0.0.1:65494"        [_thread_blocked, id=29484, stack(0x0000007a38500000,0x0000007a38600000) (1024K)]
  0x0000017c57971a00 JavaThread "Stdin handler"                     [_thread_blocked, id=23512, stack(0x0000007a38600000,0x0000007a38700000) (1024K)]
  0x0000017c57975510 JavaThread "Daemon client event forwarder"        [_thread_blocked, id=22268, stack(0x0000007a38700000,0x0000007a38800000) (1024K)]
  0x0000017c57975ba0 JavaThread "Cache worker for journal cache (D:\gradle_cache\caches\journal-1)"        [_thread_blocked, id=15564, stack(0x0000007a38800000,0x0000007a38900000) (1024K)]
  0x0000017c57972720 JavaThread "File lock request listener"        [_thread_in_native, id=13628, stack(0x0000007a38900000,0x0000007a38a00000) (1024K)]
  0x0000017c57974160 JavaThread "Cache worker for file hash cache (D:\gradle_cache\caches\8.12\fileHashes)"        [_thread_blocked, id=25472, stack(0x0000007a38a00000,0x0000007a38b00000) (1024K)]
  0x0000017c57973ad0 JavaThread "File lock release action executor Thread 2"        [_thread_blocked, id=34560, stack(0x0000007a38c00000,0x0000007a38d00000) (1024K)]
  0x0000017c57976f50 JavaThread "Cache worker for file hash cache (D:\pranjal\electricity_billing\mobile\android\.gradle\8.12\fileHashes)"        [_thread_blocked, id=27204, stack(0x0000007a39100000,0x0000007a39200000) (1024K)]
  0x0000017c57977c70 JavaThread "Cache worker for Build Output Cleanup Cache (D:\pranjal\electricity_billing\mobile\android\.gradle\buildOutputCleanup)"        [_thread_blocked, id=29560, stack(0x0000007a39200000,0x0000007a39300000) (1024K)]
  0x0000017c57979020 JavaThread "File watcher server"        daemon [_thread_in_native, id=5888, stack(0x0000007a39300000,0x0000007a39400000) (1024K)]
  0x0000017c57976230 JavaThread "File watcher consumer"      daemon [_thread_blocked, id=22420, stack(0x0000007a39400000,0x0000007a39500000) (1024K)]
  0x0000017c5a0c9b90 JavaThread "Cache worker for checksums cache (D:\pranjal\electricity_billing\mobile\android\.gradle\8.12\checksums)"        [_thread_blocked, id=17552, stack(0x0000007a36400000,0x0000007a36500000) (1024K)]
  0x0000017c5a0cb5d0 JavaThread "Cache worker for file content cache (D:\gradle_cache\caches\8.12\fileContent)"        [_thread_blocked, id=34384, stack(0x0000007a36500000,0x0000007a36600000) (1024K)]
  0x0000017c5a0c9500 JavaThread "Cache worker for cache directory md-rule (D:\gradle_cache\caches\8.12\md-rule)"        [_thread_blocked, id=28128, stack(0x0000007a39500000,0x0000007a39600000) (1024K)]
  0x0000017c5a0c8e70 JavaThread "Cache worker for cache directory md-supplier (D:\gradle_cache\caches\8.12\md-supplier)"        [_thread_blocked, id=32396, stack(0x0000007a39600000,0x0000007a39700000) (1024K)]
  0x0000017c5a0ca8b0 JavaThread "Cache worker for Build Output Cleanup Cache (C:\src\flutter\packages\flutter_tools\gradle\.gradle\buildOutputCleanup)"        [_thread_blocked, id=4068, stack(0x0000007a39700000,0x0000007a39800000) (1024K)]
  0x0000017c5a274f80 JavaThread "Unconstrained build operations"        [_thread_blocked, id=1744, stack(0x0000007a38b00000,0x0000007a38c00000) (1024K)]
  0x0000017c5a275ca0 JavaThread "Unconstrained build operations Thread 2"        [_thread_blocked, id=24924, stack(0x0000007a39800000,0x0000007a39900000) (1024K)]
  0x0000017c5a275610 JavaThread "Unconstrained build operations Thread 3"        [_thread_blocked, id=23192, stack(0x0000007a39900000,0x0000007a39a00000) (1024K)]
  0x0000017c5a2776e0 JavaThread "Unconstrained build operations Thread 4"        [_thread_blocked, id=11324, stack(0x0000007a39a00000,0x0000007a39b00000) (1024K)]
  0x0000017c5a276330 JavaThread "Unconstrained build operations Thread 5"        [_thread_blocked, id=12668, stack(0x0000007a39b00000,0x0000007a39c00000) (1024K)]
  0x0000017c5a2769c0 JavaThread "Unconstrained build operations Thread 6"        [_thread_blocked, id=4876, stack(0x0000007a39c00000,0x0000007a39d00000) (1024K)]
  0x0000017c5a277050 JavaThread "Unconstrained build operations Thread 7"        [_thread_blocked, id=23444, stack(0x0000007a39d00000,0x0000007a39e00000) (1024K)]
  0x0000017c5a274260 JavaThread "Unconstrained build operations Thread 8"        [_thread_blocked, id=33080, stack(0x0000007a39e00000,0x0000007a39f00000) (1024K)]
  0x0000017c5a2748f0 JavaThread "Unconstrained build operations Thread 9"        [_thread_blocked, id=9788, stack(0x0000007a39f00000,0x0000007a3a000000) (1024K)]
  0x0000017c58ce7fe0 JavaThread "Unconstrained build operations Thread 10"        [_thread_blocked, id=33144, stack(0x0000007a3a000000,0x0000007a3a100000) (1024K)]
  0x0000017c58ce7950 JavaThread "Unconstrained build operations Thread 11"        [_thread_blocked, id=14748, stack(0x0000007a3a100000,0x0000007a3a200000) (1024K)]
  0x0000017c58ce8670 JavaThread "Unconstrained build operations Thread 12"        [_thread_blocked, id=24520, stack(0x0000007a3a200000,0x0000007a3a300000) (1024K)]
  0x0000017c58ce8d00 JavaThread "Unconstrained build operations Thread 13"        [_thread_blocked, id=31232, stack(0x0000007a3a300000,0x0000007a3a400000) (1024K)]
  0x0000017c58ce5880 JavaThread "Unconstrained build operations Thread 14"        [_thread_blocked, id=30140, stack(0x0000007a3a400000,0x0000007a3a500000) (1024K)]
  0x0000017c58ce72c0 JavaThread "Unconstrained build operations Thread 15"        [_thread_blocked, id=25696, stack(0x0000007a3a500000,0x0000007a3a600000) (1024K)]
  0x0000017c58ce9390 JavaThread "Unconstrained build operations Thread 16"        [_thread_blocked, id=22964, stack(0x0000007a3a600000,0x0000007a3a700000) (1024K)]
  0x0000017c58ce5f10 JavaThread "Unconstrained build operations Thread 17"        [_thread_blocked, id=7960, stack(0x0000007a3a700000,0x0000007a3a800000) (1024K)]
  0x0000017c58ce9a20 JavaThread "Unconstrained build operations Thread 18"        [_thread_blocked, id=9632, stack(0x0000007a3a800000,0x0000007a3a900000) (1024K)]
  0x0000017c58ce65a0 JavaThread "Unconstrained build operations Thread 19"        [_thread_blocked, id=28172, stack(0x0000007a3a900000,0x0000007a3aa00000) (1024K)]
  0x0000017c58cea0b0 JavaThread "Unconstrained build operations Thread 20"        [_thread_blocked, id=14444, stack(0x0000007a3aa00000,0x0000007a3ab00000) (1024K)]
  0x0000017c58ce6c30 JavaThread "Unconstrained build operations Thread 21"        [_thread_blocked, id=31304, stack(0x0000007a3ab00000,0x0000007a3ac00000) (1024K)]
  0x0000017c58cea740 JavaThread "Unconstrained build operations Thread 22"        [_thread_blocked, id=34296, stack(0x0000007a3ac00000,0x0000007a3ad00000) (1024K)]
  0x0000017c58ceadd0 JavaThread "Unconstrained build operations Thread 23"        [_thread_blocked, id=29012, stack(0x0000007a3ad00000,0x0000007a3ae00000) (1024K)]
  0x0000017c58ceb460 JavaThread "Unconstrained build operations Thread 24"        [_thread_blocked, id=29896, stack(0x0000007a3ae00000,0x0000007a3af00000) (1024K)]
  0x0000017c58cebaf0 JavaThread "Unconstrained build operations Thread 25"        [_thread_blocked, id=4976, stack(0x0000007a3af00000,0x0000007a3b000000) (1024K)]
  0x0000017c58cec180 JavaThread "Unconstrained build operations Thread 26"        [_thread_blocked, id=31812, stack(0x0000007a3b000000,0x0000007a3b100000) (1024K)]
  0x0000017c58cecea0 JavaThread "Unconstrained build operations Thread 27"        [_thread_blocked, id=24700, stack(0x0000007a3b100000,0x0000007a3b200000) (1024K)]
  0x0000017c58cec810 JavaThread "Unconstrained build operations Thread 28"        [_thread_blocked, id=22212, stack(0x0000007a3b200000,0x0000007a3b300000) (1024K)]
  0x0000017c5ae97c70 JavaThread "Unconstrained build operations Thread 29"        [_thread_blocked, id=29320, stack(0x0000007a3b300000,0x0000007a3b400000) (1024K)]
  0x0000017c5ae98300 JavaThread "Unconstrained build operations Thread 30"        [_thread_blocked, id=11040, stack(0x0000007a3b400000,0x0000007a3b500000) (1024K)]
  0x0000017c5ae9a3d0 JavaThread "Unconstrained build operations Thread 31"        [_thread_blocked, id=25328, stack(0x0000007a3b500000,0x0000007a3b600000) (1024K)]
  0x0000017c5ae996b0 JavaThread "Unconstrained build operations Thread 32"        [_thread_blocked, id=34128, stack(0x0000007a3b600000,0x0000007a3b700000) (1024K)]
  0x0000017c5ae98990 JavaThread "Unconstrained build operations Thread 33"        [_thread_blocked, id=8988, stack(0x0000007a3b700000,0x0000007a3b800000) (1024K)]
  0x0000017c5ae99d40 JavaThread "Memory manager"                    [_thread_blocked, id=24468, stack(0x0000007a3b800000,0x0000007a3b900000) (1024K)]
  0x0000017c5ae9aa60 JavaThread "build event listener"              [_thread_blocked, id=12364, stack(0x0000007a3b900000,0x0000007a3ba00000) (1024K)]
  0x0000017c5aa69e00 JavaThread "Execution worker"                  [_thread_blocked, id=33424, stack(0x0000007a3bb00000,0x0000007a3bc00000) (1024K)]
  0x0000017c5aa6a490 JavaThread "Execution worker Thread 2"         [_thread_blocked, id=20184, stack(0x0000007a3bc00000,0x0000007a3bd00000) (1024K)]
  0x0000017c5aa6ab20 JavaThread "Execution worker Thread 3"         [_thread_blocked, id=28656, stack(0x0000007a3bd00000,0x0000007a3be00000) (1024K)]
  0x0000017c5aa6b1b0 JavaThread "Execution worker Thread 4"         [_thread_blocked, id=26728, stack(0x0000007a3be00000,0x0000007a3bf00000) (1024K)]
  0x0000017c5aa67d30 JavaThread "Execution worker Thread 5"         [_thread_blocked, id=17952, stack(0x0000007a3bf00000,0x0000007a3c000000) (1024K)]
  0x0000017c5aa6b840 JavaThread "Execution worker Thread 6"         [_thread_blocked, id=31748, stack(0x0000007a3c000000,0x0000007a3c100000) (1024K)]
  0x0000017c5aa6bed0 JavaThread "Execution worker Thread 7"         [_thread_blocked, id=33812, stack(0x0000007a3c100000,0x0000007a3c200000) (1024K)]
  0x0000017c5aa68a50 JavaThread "Execution worker Thread 8"         [_thread_blocked, id=22800, stack(0x0000007a3c200000,0x0000007a3c300000) (1024K)]
  0x0000017c5aa6f350 JavaThread "Execution worker Thread 9"         [_thread_blocked, id=27024, stack(0x0000007a3c300000,0x0000007a3c400000) (1024K)]
  0x0000017c5aa6d280 JavaThread "Execution worker Thread 10"        [_thread_blocked, id=19916, stack(0x0000007a3c400000,0x0000007a3c500000) (1024K)]
  0x0000017c5aa6c560 JavaThread "Execution worker Thread 11"        [_thread_blocked, id=22804, stack(0x0000007a3c500000,0x0000007a3c600000) (1024K)]
  0x0000017c5aa6d910 JavaThread "Cache worker for execution history cache (C:\src\flutter\packages\flutter_tools\gradle\.gradle\8.12\executionHistory)"        [_thread_blocked, id=4788, stack(0x0000007a3c600000,0x0000007a3c700000) (1024K)]
  0x0000017c5aa6cbf0 JavaThread "Unconstrained build operations Thread 34"        [_thread_blocked, id=32932, stack(0x0000007a3c700000,0x0000007a3c800000) (1024K)]
  0x0000017c5aa6e630 JavaThread "Unconstrained build operations Thread 35"        [_thread_blocked, id=21904, stack(0x0000007a3c800000,0x0000007a3c900000) (1024K)]
  0x0000017c5aa6dfa0 JavaThread "Unconstrained build operations Thread 36"        [_thread_blocked, id=32928, stack(0x0000007a3c900000,0x0000007a3ca00000) (1024K)]
  0x0000017c5aa6ecc0 JavaThread "Unconstrained build operations Thread 37"        [_thread_blocked, id=33648, stack(0x0000007a3ca00000,0x0000007a3cb00000) (1024K)]
  0x0000017c57978300 JavaThread "Unconstrained build operations Thread 38"        [_thread_blocked, id=32908, stack(0x0000007a3cb00000,0x0000007a3cc00000) (1024K)]
  0x0000017c379b0c10 JavaThread "Unconstrained build operations Thread 39"        [_thread_blocked, id=29296, stack(0x0000007a3cc00000,0x0000007a3cd00000) (1024K)]
  0x0000017c5a870c70 JavaThread "Unconstrained build operations Thread 40"        [_thread_blocked, id=15460, stack(0x0000007a3cd00000,0x0000007a3ce00000) (1024K)]
  0x0000017c5a86eba0 JavaThread "Unconstrained build operations Thread 41"        [_thread_blocked, id=32012, stack(0x0000007a3ce00000,0x0000007a3cf00000) (1024K)]
  0x0000017c5a86e510 JavaThread "Unconstrained build operations Thread 42"        [_thread_blocked, id=31484, stack(0x0000007a3cf00000,0x0000007a3d000000) (1024K)]
  0x0000017c5a86f8c0 JavaThread "Unconstrained build operations Thread 43"        [_thread_blocked, id=17468, stack(0x0000007a3d000000,0x0000007a3d100000) (1024K)]
  0x0000017c5a86f230 JavaThread "Unconstrained build operations Thread 44"        [_thread_blocked, id=34244, stack(0x0000007a3d100000,0x0000007a3d200000) (1024K)]
  0x0000017c5a871300 JavaThread "Unconstrained build operations Thread 45"        [_thread_blocked, id=31348, stack(0x0000007a3d200000,0x0000007a3d300000) (1024K)]
  0x0000017c5a86de80 JavaThread "Unconstrained build operations Thread 46"        [_thread_blocked, id=24548, stack(0x0000007a3d300000,0x0000007a3d400000) (1024K)]
  0x0000017c5a871990 JavaThread "Unconstrained build operations Thread 47"        [_thread_blocked, id=6416, stack(0x0000007a3d400000,0x0000007a3d500000) (1024K)]
  0x0000017c5a8733d0 JavaThread "Unconstrained build operations Thread 48"        [_thread_blocked, id=22904, stack(0x0000007a3d500000,0x0000007a3d600000) (1024K)]
  0x0000017c5a873a60 JavaThread "Unconstrained build operations Thread 49"        [_thread_blocked, id=32208, stack(0x0000007a3d600000,0x0000007a3d700000) (1024K)]
  0x0000017c5a872020 JavaThread "Unconstrained build operations Thread 50"        [_thread_blocked, id=26856, stack(0x0000007a3d700000,0x0000007a3d800000) (1024K)]
  0x0000017c5a8705e0 JavaThread "Unconstrained build operations Thread 51"        [_thread_blocked, id=23508, stack(0x0000007a3d800000,0x0000007a3d900000) (1024K)]
  0x0000017c5a874780 JavaThread "Unconstrained build operations Thread 52"        [_thread_blocked, id=30800, stack(0x0000007a3d900000,0x0000007a3da00000) (1024K)]
  0x0000017c5a8754a0 JavaThread "Unconstrained build operations Thread 53"        [_thread_blocked, id=9260, stack(0x0000007a3da00000,0x0000007a3db00000) (1024K)]
  0x0000017c5a872d40 JavaThread "Unconstrained build operations Thread 54"        [_thread_blocked, id=15640, stack(0x0000007a3db00000,0x0000007a3dc00000) (1024K)]
  0x0000017c5a8740f0 JavaThread "Unconstrained build operations Thread 55"        [_thread_blocked, id=5448, stack(0x0000007a3dc00000,0x0000007a3dd00000) (1024K)]
  0x0000017c5a874e10 JavaThread "Unconstrained build operations Thread 56"        [_thread_blocked, id=31564, stack(0x0000007a3dd00000,0x0000007a3de00000) (1024K)]
  0x0000017c5a8726b0 JavaThread "Unconstrained build operations Thread 57"        [_thread_blocked, id=22944, stack(0x0000007a3de00000,0x0000007a3df00000) (1024K)]
  0x0000017c5b8645e0 JavaThread "Unconstrained build operations Thread 58"        [_thread_blocked, id=2972, stack(0x0000007a3df00000,0x0000007a3e000000) (1024K)]
  0x0000017c5b864c70 JavaThread "Unconstrained build operations Thread 59"        [_thread_blocked, id=24872, stack(0x0000007a3e000000,0x0000007a3e100000) (1024K)]
  0x0000017c5b8666b0 JavaThread "Unconstrained build operations Thread 60"        [_thread_blocked, id=31396, stack(0x0000007a3e100000,0x0000007a3e200000) (1024K)]
  0x0000017c5b865990 JavaThread "Unconstrained build operations Thread 61"        [_thread_blocked, id=28160, stack(0x0000007a3e200000,0x0000007a3e300000) (1024K)]
  0x0000017c5b865300 JavaThread "Unconstrained build operations Thread 62"        [_thread_blocked, id=23208, stack(0x0000007a3e300000,0x0000007a3e400000) (1024K)]
  0x0000017c5b8673d0 JavaThread "Unconstrained build operations Thread 63"        [_thread_blocked, id=24316, stack(0x0000007a3e400000,0x0000007a3e500000) (1024K)]
  0x0000017c5b866020 JavaThread "Unconstrained build operations Thread 64"        [_thread_blocked, id=34248, stack(0x0000007a3e500000,0x0000007a3e600000) (1024K)]
  0x0000017c5b866d40 JavaThread "Unconstrained build operations Thread 65"        [_thread_blocked, id=31568, stack(0x0000007a3e600000,0x0000007a3e700000) (1024K)]
  0x0000017c5b863f50 JavaThread "Unconstrained build operations Thread 66"        [_thread_blocked, id=28892, stack(0x0000007a3e700000,0x0000007a3e800000) (1024K)]
  0x0000017c5b868e10 JavaThread "Unconstrained build operations Thread 67"        [_thread_blocked, id=17664, stack(0x0000007a3e800000,0x0000007a3e900000) (1024K)]
  0x0000017c5b86aee0 JavaThread "Unconstrained build operations Thread 68"        [_thread_blocked, id=21408, stack(0x0000007a3e900000,0x0000007a3ea00000) (1024K)]
  0x0000017c5b867a60 JavaThread "Unconstrained build operations Thread 69"        [_thread_blocked, id=27168, stack(0x0000007a3ed00000,0x0000007a3ee00000) (1024K)]
  0x0000017c5b86a850 JavaThread "Unconstrained build operations Thread 70"        [_thread_blocked, id=29536, stack(0x0000007a3ee00000,0x0000007a3ef00000) (1024K)]
  0x0000017c5b8680f0 JavaThread "Unconstrained build operations Thread 71"        [_thread_blocked, id=28912, stack(0x0000007a3ef00000,0x0000007a3f000000) (1024K)]
  0x0000017c5b8694a0 JavaThread "Unconstrained build operations Thread 72"        [_thread_blocked, id=22948, stack(0x0000007a3f000000,0x0000007a3f100000) (1024K)]
  0x0000017c5b86a1c0 JavaThread "Unconstrained build operations Thread 73"        [_thread_blocked, id=29004, stack(0x0000007a3f100000,0x0000007a3f200000) (1024K)]
  0x0000017c5b869b30 JavaThread "Unconstrained build operations Thread 74"        [_thread_blocked, id=21732, stack(0x0000007a3f200000,0x0000007a3f300000) (1024K)]
  0x0000017c5b868780 JavaThread "Unconstrained build operations Thread 75"        [_thread_blocked, id=22468, stack(0x0000007a3f300000,0x0000007a3f400000) (1024K)]
  0x0000017c5b86b570 JavaThread "Unconstrained build operations Thread 76"        [_thread_blocked, id=25528, stack(0x0000007a3f400000,0x0000007a3f500000) (1024K)]
  0x0000017c5bf57010 JavaThread "Unconstrained build operations Thread 77"        [_thread_blocked, id=20924, stack(0x0000007a3f500000,0x0000007a3f600000) (1024K)]
  0x0000017c5bf548b0 JavaThread "Unconstrained build operations Thread 78"        [_thread_blocked, id=31700, stack(0x0000007a3f600000,0x0000007a3f700000) (1024K)]
  0x0000017c5bf555d0 JavaThread "Unconstrained build operations Thread 79"        [_thread_blocked, id=26572, stack(0x0000007a3f700000,0x0000007a3f800000) (1024K)]
  0x0000017c5bf55c60 JavaThread "Unconstrained build operations Thread 80"        [_thread_blocked, id=31088, stack(0x0000007a3f800000,0x0000007a3f900000) (1024K)]
  0x0000017c5bf54f40 JavaThread "Unconstrained build operations Thread 81"        [_thread_blocked, id=17580, stack(0x0000007a3f900000,0x0000007a3fa00000) (1024K)]
  0x0000017c5bf562f0 JavaThread "Unconstrained build operations Thread 82"        [_thread_blocked, id=31068, stack(0x0000007a3fa00000,0x0000007a3fb00000) (1024K)]
  0x0000017c5bf56980 JavaThread "Unconstrained build operations Thread 83"        [_thread_blocked, id=13968, stack(0x0000007a3fb00000,0x0000007a3fc00000) (1024K)]
  0x0000017c5bf53b90 JavaThread "Unconstrained build operations Thread 84"        [_thread_blocked, id=31324, stack(0x0000007a3fc00000,0x0000007a3fd00000) (1024K)]
  0x0000017c5bf576a0 JavaThread "Unconstrained build operations Thread 85"        [_thread_blocked, id=27584, stack(0x0000007a3fd00000,0x0000007a3fe00000) (1024K)]
  0x0000017c5bf54220 JavaThread "Unconstrained build operations Thread 86"        [_thread_blocked, id=30164, stack(0x0000007a3fe00000,0x0000007a3ff00000) (1024K)]
  0x0000017c5bf583c0 JavaThread "Unconstrained build operations Thread 87"        [_thread_blocked, id=19220, stack(0x0000007a3ff00000,0x0000007a40000000) (1024K)]
  0x0000017c5bf59770 JavaThread "Unconstrained build operations Thread 88"        [_thread_blocked, id=16872, stack(0x0000007a40000000,0x0000007a40100000) (1024K)]
  0x0000017c5bf59e00 JavaThread "Unconstrained build operations Thread 89"        [_thread_blocked, id=29020, stack(0x0000007a40100000,0x0000007a40200000) (1024K)]
  0x0000017c5bf5a490 JavaThread "Unconstrained build operations Thread 90"        [_thread_blocked, id=13576, stack(0x0000007a40200000,0x0000007a40300000) (1024K)]
  0x0000017c5bf5ab20 JavaThread "Unconstrained build operations Thread 91"        [_thread_blocked, id=29632, stack(0x0000007a40300000,0x0000007a40400000) (1024K)]
  0x0000017c5bf5b1b0 JavaThread "Unconstrained build operations Thread 92"        [_thread_blocked, id=31464, stack(0x0000007a40400000,0x0000007a40500000) (1024K)]
  0x0000017c5bf590e0 JavaThread "Unconstrained build operations Thread 93"        [_thread_blocked, id=33892, stack(0x0000007a40500000,0x0000007a40600000) (1024K)]
  0x0000017c5bf58a50 JavaThread "Unconstrained build operations Thread 94"        [_thread_blocked, id=16952, stack(0x0000007a40600000,0x0000007a40700000) (1024K)]
  0x0000017c5bf57d30 JavaThread "Unconstrained build operations Thread 95"        [_thread_blocked, id=9052, stack(0x0000007a40700000,0x0000007a40800000) (1024K)]
  0x0000017c5babefa0 JavaThread "Unconstrained build operations Thread 96"        [_thread_blocked, id=26408, stack(0x0000007a40800000,0x0000007a40900000) (1024K)]
  0x0000017c5babd560 JavaThread "Unconstrained build operations Thread 97"        [_thread_blocked, id=3076, stack(0x0000007a40900000,0x0000007a40a00000) (1024K)]
  0x0000017c5bac09e0 JavaThread "Unconstrained build operations Thread 98"        [_thread_blocked, id=27668, stack(0x0000007a40a00000,0x0000007a40b00000) (1024K)]
  0x0000017c5bac1070 JavaThread "Unconstrained build operations Thread 99"        [_thread_blocked, id=24144, stack(0x0000007a40b00000,0x0000007a40c00000) (1024K)]
  0x0000017c5babe910 JavaThread "Unconstrained build operations Thread 100"        [_thread_blocked, id=28696, stack(0x0000007a40c00000,0x0000007a40d00000) (1024K)]
  0x0000017c5babf630 JavaThread "Unconstrained build operations Thread 101"        [_thread_blocked, id=22256, stack(0x0000007a40d00000,0x0000007a40e00000) (1024K)]
Total: 149

Other Threads:
  0x0000017c3797fab0 VMThread "VM Thread"                           [id=30732, stack(0x0000007a36d00000,0x0000007a36e00000) (1024K)]
  0x0000017c3796eae0 WatcherThread "VM Periodic Task Thread"        [id=30728, stack(0x0000007a36c00000,0x0000007a36d00000) (1024K)]
  0x0000017c1ee29050 WorkerThread "GC Thread#0"                     [id=34060, stack(0x0000007a36700000,0x0000007a36800000) (1024K)]
  0x0000017c575a0980 WorkerThread "GC Thread#1"                     [id=11320, stack(0x0000007a37900000,0x0000007a37a00000) (1024K)]
  0x0000017c574dde70 WorkerThread "GC Thread#2"                     [id=22876, stack(0x0000007a37a00000,0x0000007a37b00000) (1024K)]
  0x0000017c37db5470 WorkerThread "GC Thread#3"                     [id=32284, stack(0x0000007a37b00000,0x0000007a37c00000) (1024K)]
  0x0000017c57930c00 WorkerThread "GC Thread#4"                     [id=6012, stack(0x0000007a37c00000,0x0000007a37d00000) (1024K)]
  0x0000017c585118b0 WorkerThread "GC Thread#5"                     [id=25032, stack(0x0000007a37800000,0x0000007a37900000) (1024K)]
  0x0000017c58511c60 WorkerThread "GC Thread#6"                     [id=29052, stack(0x0000007a37d00000,0x0000007a37e00000) (1024K)]
  0x0000017c37bfe8e0 WorkerThread "GC Thread#7"                     [id=33864, stack(0x0000007a36300000,0x0000007a36400000) (1024K)]
  0x0000017c37bfec90 WorkerThread "GC Thread#8"                     [id=33364, stack(0x0000007a38d00000,0x0000007a38e00000) (1024K)]
  0x0000017c37bff3f0 WorkerThread "GC Thread#9"                     [id=33884, stack(0x0000007a38e00000,0x0000007a38f00000) (1024K)]
  0x0000017c1ee3a260 ConcurrentGCThread "G1 Main Marker"            [id=33880, stack(0x0000007a36800000,0x0000007a36900000) (1024K)]
  0x0000017c1ee3c6a0 WorkerThread "G1 Conc#0"                       [id=30256, stack(0x0000007a36900000,0x0000007a36a00000) (1024K)]
  0x0000017c59464fc0 WorkerThread "G1 Conc#1"                       [id=29468, stack(0x0000007a38f00000,0x0000007a39000000) (1024K)]
  0x0000017c59464100 WorkerThread "G1 Conc#2"                       [id=30068, stack(0x0000007a39000000,0x0000007a39100000) (1024K)]
  0x0000017c3783ead0 ConcurrentGCThread "G1 Refine#0"               [id=4152, stack(0x0000007a36a00000,0x0000007a36b00000) (1024K)]
  0x0000017c3783fa80 ConcurrentGCThread "G1 Service"                [id=30724, stack(0x0000007a36b00000,0x0000007a36c00000) (1024K)]
Total: 18

Threads with active compile tasks:
C2 CompilerThread0  430152 11111   !   4       java.net.URLClassLoader::findClass (47 bytes)
Total: 1

VM state: not at safepoint (normal execution)

VM Mutex/Monitor currently owned by a thread: None

Heap address: 0x0000000080000000, size: 2048 MB, Compressed Oops mode: 32-bit

CDS archive(s) mapped at: [0x0000017c38000000-0x0000017c38ba0000-0x0000017c38ba0000), size 12189696, SharedBaseAddress: 0x0000017c38000000, ArchiveRelocationMode: 1.
Compressed class space mapped at: 0x0000017c39000000-0x0000017c53000000, reserved size: 436207616
Narrow klass base: 0x0000017c38000000, Narrow klass shift: 0, Narrow klass range: 0x100000000

GC Precious Log:
 CardTable entry size: 512
 Card Set container configuration: InlinePtr #cards 5 size 8 Array Of Cards #cards 12 size 40 Howl #buckets 4 coarsen threshold 1843 Howl Bitmap #cards 512 size 80 coarsen threshold 460 Card regions per heap region 1 cards per card region 2048
 CPUs: 12 total, 12 available
 Memory: 7832M
 Large Page Support: Disabled
 NUMA Support: Disabled
 Compressed Oops: Enabled (32-bit)
 Heap Region Size: 1M
 Heap Min Capacity: 8M
 Heap Initial Capacity: 124M
 Heap Max Capacity: 2G
 Pre-touch: Disabled
 Parallel Workers: 10
 Concurrent Workers: 3
 Concurrent Refinement Workers: 10
 Periodic GC: Disabled

Heap:
 garbage-first heap   total 172032K, used 95823K [0x0000000080000000, 0x0000000100000000)
  region size 1024K, 14 young (14336K), 2 survivors (2048K)
 Metaspace       used 77796K, committed 79936K, reserved 557056K
  class space    used 11274K, committed 12352K, reserved 425984K

Heap Regions: E=young(eden), S=young(survivor), O=old, HS=humongous(starts), HC=humongous(continues), CS=collection set, F=free, TAMS=top-at-mark-start, PB=parsable bottom
|   0|0x0000000080000000, 0x0000000080100000, 0x0000000080100000|100%| O|  |TAMS 0x0000000080000000| PB 0x0000000080000000| Untracked 
|   1|0x0000000080100000, 0x0000000080200000, 0x0000000080200000|100%|HS|  |TAMS 0x0000000080100000| PB 0x0000000080100000| Complete 
|   2|0x0000000080200000, 0x0000000080300000, 0x0000000080300000|100%|HC|  |TAMS 0x0000000080200000| PB 0x0000000080200000| Complete 
|   3|0x0000000080300000, 0x0000000080400000, 0x0000000080400000|100%|HC|  |TAMS 0x0000000080300000| PB 0x0000000080300000| Complete 
|   4|0x0000000080400000, 0x0000000080500000, 0x0000000080500000|100%| O|  |TAMS 0x0000000080400000| PB 0x0000000080400000| Untracked 
|   5|0x0000000080500000, 0x0000000080600000, 0x0000000080600000|100%| O|  |TAMS 0x0000000080500000| PB 0x0000000080500000| Untracked 
|   6|0x0000000080600000, 0x0000000080700000, 0x0000000080700000|100%| O|  |TAMS 0x0000000080600000| PB 0x0000000080600000| Untracked 
|   7|0x0000000080700000, 0x0000000080800000, 0x0000000080800000|100%|HS|  |TAMS 0x0000000080700000| PB 0x0000000080700000| Complete 
|   8|0x0000000080800000, 0x0000000080900000, 0x0000000080900000|100%| O|  |TAMS 0x0000000080800000| PB 0x0000000080800000| Untracked 
|   9|0x0000000080900000, 0x0000000080a00000, 0x0000000080a00000|100%| O|  |TAMS 0x0000000080900000| PB 0x0000000080900000| Untracked 
|  10|0x0000000080a00000, 0x0000000080b00000, 0x0000000080b00000|100%| O|  |TAMS 0x0000000080a00000| PB 0x0000000080a00000| Untracked 
|  11|0x0000000080b00000, 0x0000000080c00000, 0x0000000080c00000|100%| O|  |TAMS 0x0000000080b00000| PB 0x0000000080b00000| Untracked 
|  12|0x0000000080c00000, 0x0000000080d00000, 0x0000000080d00000|100%| O|  |TAMS 0x0000000080c00000| PB 0x0000000080c00000| Untracked 
|  13|0x0000000080d00000, 0x0000000080e00000, 0x0000000080e00000|100%| O|  |TAMS 0x0000000080d00000| PB 0x0000000080d00000| Untracked 
|  14|0x0000000080e00000, 0x0000000080f00000, 0x0000000080f00000|100%| O|  |TAMS 0x0000000080e00000| PB 0x0000000080e00000| Untracked 
|  15|0x0000000080f00000, 0x0000000081000000, 0x0000000081000000|100%| O|  |TAMS 0x0000000080f00000| PB 0x0000000080f00000| Untracked 
|  16|0x0000000081000000, 0x0000000081100000, 0x0000000081100000|100%| O|  |TAMS 0x0000000081000000| PB 0x0000000081000000| Untracked 
|  17|0x0000000081100000, 0x0000000081200000, 0x0000000081200000|100%| O|  |TAMS 0x0000000081100000| PB 0x0000000081100000| Untracked 
|  18|0x0000000081200000, 0x0000000081300000, 0x0000000081300000|100%| O|  |TAMS 0x0000000081200000| PB 0x0000000081200000| Untracked 
|  19|0x0000000081300000, 0x0000000081400000, 0x0000000081400000|100%| O|  |TAMS 0x0000000081300000| PB 0x0000000081300000| Untracked 
|  20|0x0000000081400000, 0x0000000081500000, 0x0000000081500000|100%| O|  |TAMS 0x0000000081400000| PB 0x0000000081400000| Untracked 
|  21|0x0000000081500000, 0x0000000081600000, 0x0000000081600000|100%| O|  |TAMS 0x0000000081500000| PB 0x0000000081500000| Untracked 
|  22|0x0000000081600000, 0x0000000081700000, 0x0000000081700000|100%| O|  |TAMS 0x0000000081600000| PB 0x0000000081600000| Untracked 
|  23|0x0000000081700000, 0x0000000081800000, 0x0000000081800000|100%| O|  |TAMS 0x0000000081700000| PB 0x0000000081700000| Untracked 
|  24|0x0000000081800000, 0x0000000081900000, 0x0000000081900000|100%| O|  |TAMS 0x0000000081800000| PB 0x0000000081800000| Untracked 
|  25|0x0000000081900000, 0x0000000081a00000, 0x0000000081a00000|100%| O|  |TAMS 0x0000000081900000| PB 0x0000000081900000| Untracked 
|  26|0x0000000081a00000, 0x0000000081b00000, 0x0000000081b00000|100%| O|  |TAMS 0x0000000081a00000| PB 0x0000000081a00000| Untracked 
|  27|0x0000000081b00000, 0x0000000081c00000, 0x0000000081c00000|100%| O|  |TAMS 0x0000000081b00000| PB 0x0000000081b00000| Untracked 
|  28|0x0000000081c00000, 0x0000000081d00000, 0x0000000081d00000|100%| O|  |TAMS 0x0000000081c00000| PB 0x0000000081c00000| Untracked 
|  29|0x0000000081d00000, 0x0000000081e00000, 0x0000000081e00000|100%| O|  |TAMS 0x0000000081d00000| PB 0x0000000081d00000| Untracked 
|  30|0x0000000081e00000, 0x0000000081f00000, 0x0000000081f00000|100%| O|  |TAMS 0x0000000081e00000| PB 0x0000000081e00000| Untracked 
|  31|0x0000000081f00000, 0x0000000082000000, 0x0000000082000000|100%|HS|  |TAMS 0x0000000081f00000| PB 0x0000000081f00000| Complete 
|  32|0x0000000082000000, 0x0000000082100000, 0x0000000082100000|100%| O|  |TAMS 0x0000000082000000| PB 0x0000000082000000| Untracked 
|  33|0x0000000082100000, 0x0000000082200000, 0x0000000082200000|100%| O|  |TAMS 0x0000000082100000| PB 0x0000000082100000| Untracked 
|  34|0x0000000082200000, 0x0000000082300000, 0x0000000082300000|100%| O|  |TAMS 0x0000000082200000| PB 0x0000000082200000| Untracked 
|  35|0x0000000082300000, 0x0000000082400000, 0x0000000082400000|100%|HS|  |TAMS 0x0000000082300000| PB 0x0000000082300000| Complete 
|  36|0x0000000082400000, 0x0000000082500000, 0x0000000082500000|100%|HC|  |TAMS 0x0000000082400000| PB 0x0000000082400000| Complete 
|  37|0x0000000082500000, 0x0000000082600000, 0x0000000082600000|100%|HS|  |TAMS 0x0000000082500000| PB 0x0000000082500000| Complete 
|  38|0x0000000082600000, 0x0000000082700000, 0x0000000082700000|100%|HC|  |TAMS 0x0000000082600000| PB 0x0000000082600000| Complete 
|  39|0x0000000082700000, 0x0000000082800000, 0x0000000082800000|100%| O|  |TAMS 0x0000000082700000| PB 0x0000000082700000| Untracked 
|  40|0x0000000082800000, 0x0000000082900000, 0x0000000082900000|100%| O|  |TAMS 0x0000000082800000| PB 0x0000000082800000| Untracked 
|  41|0x0000000082900000, 0x0000000082a00000, 0x0000000082a00000|100%| O|  |TAMS 0x0000000082900000| PB 0x0000000082900000| Untracked 
|  42|0x0000000082a00000, 0x0000000082b00000, 0x0000000082b00000|100%| O|  |TAMS 0x0000000082a00000| PB 0x0000000082a00000| Untracked 
|  43|0x0000000082b00000, 0x0000000082c00000, 0x0000000082c00000|100%| O|  |TAMS 0x0000000082b00000| PB 0x0000000082b00000| Untracked 
|  44|0x0000000082c00000, 0x0000000082d00000, 0x0000000082d00000|100%| O|  |TAMS 0x0000000082c00000| PB 0x0000000082c00000| Untracked 
|  45|0x0000000082d00000, 0x0000000082e00000, 0x0000000082e00000|100%| O|  |TAMS 0x0000000082d00000| PB 0x0000000082d00000| Untracked 
|  46|0x0000000082e00000, 0x0000000082f00000, 0x0000000082f00000|100%| O|  |TAMS 0x0000000082e00000| PB 0x0000000082e00000| Untracked 
|  47|0x0000000082f00000, 0x0000000083000000, 0x0000000083000000|100%|HS|  |TAMS 0x0000000082f00000| PB 0x0000000082f00000| Complete 
|  48|0x0000000083000000, 0x0000000083100000, 0x0000000083100000|100%| O|  |TAMS 0x0000000083000000| PB 0x0000000083000000| Untracked 
|  49|0x0000000083100000, 0x0000000083200000, 0x0000000083200000|100%| O|  |TAMS 0x0000000083100000| PB 0x0000000083100000| Untracked 
|  50|0x0000000083200000, 0x0000000083300000, 0x0000000083300000|100%| O|  |TAMS 0x0000000083200000| PB 0x0000000083200000| Untracked 
|  51|0x0000000083300000, 0x0000000083400000, 0x0000000083400000|100%| O|  |TAMS 0x0000000083300000| PB 0x0000000083300000| Untracked 
|  52|0x0000000083400000, 0x0000000083500000, 0x0000000083500000|100%| O|  |TAMS 0x0000000083400000| PB 0x0000000083400000| Untracked 
|  53|0x0000000083500000, 0x0000000083600000, 0x0000000083600000|100%| O|  |TAMS 0x0000000083500000| PB 0x0000000083500000| Untracked 
|  54|0x0000000083600000, 0x0000000083700000, 0x0000000083700000|100%| O|  |TAMS 0x0000000083600000| PB 0x0000000083600000| Untracked 
|  55|0x0000000083700000, 0x0000000083800000, 0x0000000083800000|100%| O|Cm|TAMS 0x0000000083700000| PB 0x0000000083700000| Complete 
|  56|0x0000000083800000, 0x0000000083900000, 0x0000000083900000|100%| O|  |TAMS 0x0000000083800000| PB 0x0000000083800000| Untracked 
|  57|0x0000000083900000, 0x0000000083a00000, 0x0000000083a00000|100%| O|  |TAMS 0x0000000083900000| PB 0x0000000083900000| Untracked 
|  58|0x0000000083a00000, 0x0000000083b00000, 0x0000000083b00000|100%| O|  |TAMS 0x0000000083a00000| PB 0x0000000083a00000| Untracked 
|  59|0x0000000083b00000, 0x0000000083c00000, 0x0000000083c00000|100%| O|  |TAMS 0x0000000083b00000| PB 0x0000000083b00000| Untracked 
|  60|0x0000000083c00000, 0x0000000083d00000, 0x0000000083d00000|100%|HS|  |TAMS 0x0000000083c00000| PB 0x0000000083c00000| Complete 
|  61|0x0000000083d00000, 0x0000000083e00000, 0x0000000083e00000|100%| O|  |TAMS 0x0000000083d00000| PB 0x0000000083d00000| Untracked 
|  62|0x0000000083e00000, 0x0000000083f00000, 0x0000000083f00000|100%| O|Cm|TAMS 0x0000000083e00000| PB 0x0000000083e00000| Complete 
|  63|0x0000000083f00000, 0x0000000084000000, 0x0000000084000000|100%|HS|  |TAMS 0x0000000083f00000| PB 0x0000000083f00000| Complete 
|  64|0x0000000084000000, 0x0000000084100000, 0x0000000084100000|100%|HS|  |TAMS 0x0000000084000000| PB 0x0000000084000000| Complete 
|  65|0x0000000084100000, 0x0000000084200000, 0x0000000084200000|100%|HC|  |TAMS 0x0000000084100000| PB 0x0000000084100000| Complete 
|  66|0x0000000084200000, 0x0000000084300000, 0x0000000084300000|100%| O|  |TAMS 0x0000000084200000| PB 0x0000000084200000| Untracked 
|  67|0x0000000084300000, 0x0000000084400000, 0x0000000084400000|100%|HS|  |TAMS 0x0000000084300000| PB 0x0000000084300000| Complete 
|  68|0x0000000084400000, 0x0000000084500000, 0x0000000084500000|100%|HS|  |TAMS 0x0000000084400000| PB 0x0000000084400000| Complete 
|  69|0x0000000084500000, 0x0000000084600000, 0x0000000084600000|100%|HC|  |TAMS 0x0000000084500000| PB 0x0000000084500000| Complete 
|  70|0x0000000084600000, 0x0000000084700000, 0x0000000084700000|100%| O|  |TAMS 0x0000000084600000| PB 0x0000000084600000| Untracked 
|  71|0x0000000084700000, 0x0000000084800000, 0x0000000084800000|100%|HS|  |TAMS 0x0000000084700000| PB 0x0000000084700000| Complete 
|  72|0x0000000084800000, 0x0000000084900000, 0x0000000084900000|100%| O|  |TAMS 0x0000000084800000| PB 0x0000000084800000| Untracked 
|  73|0x0000000084900000, 0x0000000084a00000, 0x0000000084a00000|100%| O|  |TAMS 0x0000000084900000| PB 0x0000000084900000| Untracked 
|  74|0x0000000084a00000, 0x0000000084b00000, 0x0000000084b00000|100%| O|  |TAMS 0x0000000084a00000| PB 0x0000000084a00000| Untracked 
|  75|0x0000000084b00000, 0x0000000084b60930, 0x0000000084c00000| 37%| O|  |TAMS 0x0000000084b00000| PB 0x0000000084b00000| Untracked 
|  76|0x0000000084c00000, 0x0000000084c00000, 0x0000000084d00000|  0%| F|  |TAMS 0x0000000084c00000| PB 0x0000000084c00000| Untracked 
|  77|0x0000000084d00000, 0x0000000084d00000, 0x0000000084e00000|  0%| F|  |TAMS 0x0000000084d00000| PB 0x0000000084d00000| Untracked 
|  78|0x0000000084e00000, 0x0000000084e00000, 0x0000000084f00000|  0%| F|  |TAMS 0x0000000084e00000| PB 0x0000000084e00000| Untracked 
|  79|0x0000000084f00000, 0x0000000084f00000, 0x0000000085000000|  0%| F|  |TAMS 0x0000000084f00000| PB 0x0000000084f00000| Untracked 
|  80|0x0000000085000000, 0x0000000085100000, 0x0000000085100000|100%| O|  |TAMS 0x0000000085000000| PB 0x0000000085000000| Untracked 
|  81|0x0000000085100000, 0x0000000085200000, 0x0000000085200000|100%| O|  |TAMS 0x0000000085100000| PB 0x0000000085100000| Untracked 
|  82|0x0000000085200000, 0x0000000085300000, 0x0000000085300000|100%| O|  |TAMS 0x0000000085200000| PB 0x0000000085200000| Untracked 
|  83|0x0000000085300000, 0x0000000085400000, 0x0000000085400000|100%| O|  |TAMS 0x0000000085300000| PB 0x0000000085300000| Untracked 
|  84|0x0000000085400000, 0x0000000085400000, 0x0000000085500000|  0%| F|  |TAMS 0x0000000085400000| PB 0x0000000085400000| Untracked 
|  85|0x0000000085500000, 0x0000000085500000, 0x0000000085600000|  0%| F|  |TAMS 0x0000000085500000| PB 0x0000000085500000| Untracked 
|  86|0x0000000085600000, 0x0000000085600000, 0x0000000085700000|  0%| F|  |TAMS 0x0000000085600000| PB 0x0000000085600000| Untracked 
|  87|0x0000000085700000, 0x0000000085700000, 0x0000000085800000|  0%| F|  |TAMS 0x0000000085700000| PB 0x0000000085700000| Untracked 
|  88|0x0000000085800000, 0x0000000085800000, 0x0000000085900000|  0%| F|  |TAMS 0x0000000085800000| PB 0x0000000085800000| Untracked 
|  89|0x0000000085900000, 0x0000000085900000, 0x0000000085a00000|  0%| F|  |TAMS 0x0000000085900000| PB 0x0000000085900000| Untracked 
|  90|0x0000000085a00000, 0x0000000085a00000, 0x0000000085b00000|  0%| F|  |TAMS 0x0000000085a00000| PB 0x0000000085a00000| Untracked 
|  91|0x0000000085b00000, 0x0000000085b00000, 0x0000000085c00000|  0%| F|  |TAMS 0x0000000085b00000| PB 0x0000000085b00000| Untracked 
|  92|0x0000000085c00000, 0x0000000085c00000, 0x0000000085d00000|  0%| F|  |TAMS 0x0000000085c00000| PB 0x0000000085c00000| Untracked 
|  93|0x0000000085d00000, 0x0000000085d00000, 0x0000000085e00000|  0%| F|  |TAMS 0x0000000085d00000| PB 0x0000000085d00000| Untracked 
|  94|0x0000000085e00000, 0x0000000085e00000, 0x0000000085f00000|  0%| F|  |TAMS 0x0000000085e00000| PB 0x0000000085e00000| Untracked 
|  95|0x0000000085f00000, 0x0000000085f00000, 0x0000000086000000|  0%| F|  |TAMS 0x0000000085f00000| PB 0x0000000085f00000| Untracked 
|  96|0x0000000086000000, 0x0000000086000000, 0x0000000086100000|  0%| F|  |TAMS 0x0000000086000000| PB 0x0000000086000000| Untracked 
|  97|0x0000000086100000, 0x0000000086100000, 0x0000000086200000|  0%| F|  |TAMS 0x0000000086100000| PB 0x0000000086100000| Untracked 
|  98|0x0000000086200000, 0x0000000086200000, 0x0000000086300000|  0%| F|  |TAMS 0x0000000086200000| PB 0x0000000086200000| Untracked 
|  99|0x0000000086300000, 0x0000000086300000, 0x0000000086400000|  0%| F|  |TAMS 0x0000000086300000| PB 0x0000000086300000| Untracked 
| 100|0x0000000086400000, 0x0000000086400000, 0x0000000086500000|  0%| F|  |TAMS 0x0000000086400000| PB 0x0000000086400000| Untracked 
| 101|0x0000000086500000, 0x0000000086500000, 0x0000000086600000|  0%| F|  |TAMS 0x0000000086500000| PB 0x0000000086500000| Untracked 
| 102|0x0000000086600000, 0x0000000086600000, 0x0000000086700000|  0%| F|  |TAMS 0x0000000086600000| PB 0x0000000086600000| Untracked 
| 103|0x0000000086700000, 0x0000000086700000, 0x0000000086800000|  0%| F|  |TAMS 0x0000000086700000| PB 0x0000000086700000| Untracked 
| 104|0x0000000086800000, 0x0000000086800000, 0x0000000086900000|  0%| F|  |TAMS 0x0000000086800000| PB 0x0000000086800000| Untracked 
| 105|0x0000000086900000, 0x0000000086900000, 0x0000000086a00000|  0%| F|  |TAMS 0x0000000086900000| PB 0x0000000086900000| Untracked 
| 106|0x0000000086a00000, 0x0000000086a00000, 0x0000000086b00000|  0%| F|  |TAMS 0x0000000086a00000| PB 0x0000000086a00000| Untracked 
| 107|0x0000000086b00000, 0x0000000086b00000, 0x0000000086c00000|  0%| F|  |TAMS 0x0000000086b00000| PB 0x0000000086b00000| Untracked 
| 108|0x0000000086c00000, 0x0000000086c00000, 0x0000000086d00000|  0%| F|  |TAMS 0x0000000086c00000| PB 0x0000000086c00000| Untracked 
| 109|0x0000000086d00000, 0x0000000086d00000, 0x0000000086e00000|  0%| F|  |TAMS 0x0000000086d00000| PB 0x0000000086d00000| Untracked 
| 110|0x0000000086e00000, 0x0000000086e00000, 0x0000000086f00000|  0%| F|  |TAMS 0x0000000086e00000| PB 0x0000000086e00000| Untracked 
| 111|0x0000000086f00000, 0x0000000086f00000, 0x0000000087000000|  0%| F|  |TAMS 0x0000000086f00000| PB 0x0000000086f00000| Untracked 
| 112|0x0000000087000000, 0x0000000087000000, 0x0000000087100000|  0%| F|  |TAMS 0x0000000087000000| PB 0x0000000087000000| Untracked 
| 113|0x0000000087100000, 0x0000000087100000, 0x0000000087200000|  0%| F|  |TAMS 0x0000000087100000| PB 0x0000000087100000| Untracked 
| 114|0x0000000087200000, 0x0000000087200000, 0x0000000087300000|  0%| F|  |TAMS 0x0000000087200000| PB 0x0000000087200000| Untracked 
| 115|0x0000000087300000, 0x0000000087300000, 0x0000000087400000|  0%| F|  |TAMS 0x0000000087300000| PB 0x0000000087300000| Untracked 
| 116|0x0000000087400000, 0x0000000087400000, 0x0000000087500000|  0%| F|  |TAMS 0x0000000087400000| PB 0x0000000087400000| Untracked 
| 117|0x0000000087500000, 0x0000000087500000, 0x0000000087600000|  0%| F|  |TAMS 0x0000000087500000| PB 0x0000000087500000| Untracked 
| 118|0x0000000087600000, 0x0000000087633360, 0x0000000087700000| 20%| S|CS|TAMS 0x0000000087600000| PB 0x0000000087600000| Complete 
| 119|0x0000000087700000, 0x0000000087800000, 0x0000000087800000|100%| S|CS|TAMS 0x0000000087700000| PB 0x0000000087700000| Complete 
| 120|0x0000000087800000, 0x0000000087800000, 0x0000000087900000|  0%| F|  |TAMS 0x0000000087800000| PB 0x0000000087800000| Untracked 
| 121|0x0000000087900000, 0x0000000087900000, 0x0000000087a00000|  0%| F|  |TAMS 0x0000000087900000| PB 0x0000000087900000| Untracked 
| 122|0x0000000087a00000, 0x0000000087a00000, 0x0000000087b00000|  0%| F|  |TAMS 0x0000000087a00000| PB 0x0000000087a00000| Untracked 
| 123|0x0000000087b00000, 0x0000000087b00000, 0x0000000087c00000|  0%| F|  |TAMS 0x0000000087b00000| PB 0x0000000087b00000| Untracked 
| 124|0x0000000087c00000, 0x0000000087c00000, 0x0000000087d00000|  0%| F|  |TAMS 0x0000000087c00000| PB 0x0000000087c00000| Untracked 
| 125|0x0000000087d00000, 0x0000000087d00000, 0x0000000087e00000|  0%| F|  |TAMS 0x0000000087d00000| PB 0x0000000087d00000| Untracked 
| 126|0x0000000087e00000, 0x0000000087e00000, 0x0000000087f00000|  0%| F|  |TAMS 0x0000000087e00000| PB 0x0000000087e00000| Untracked 
| 127|0x0000000087f00000, 0x0000000087f00000, 0x0000000088000000|  0%| F|  |TAMS 0x0000000087f00000| PB 0x0000000087f00000| Untracked 
| 128|0x0000000088000000, 0x0000000088000000, 0x0000000088100000|  0%| F|  |TAMS 0x0000000088000000| PB 0x0000000088000000| Untracked 
| 129|0x0000000088100000, 0x0000000088100000, 0x0000000088200000|  0%| F|  |TAMS 0x0000000088100000| PB 0x0000000088100000| Untracked 
| 130|0x0000000088200000, 0x0000000088200000, 0x0000000088300000|  0%| F|  |TAMS 0x0000000088200000| PB 0x0000000088200000| Untracked 
| 131|0x0000000088300000, 0x0000000088300000, 0x0000000088400000|  0%| F|  |TAMS 0x0000000088300000| PB 0x0000000088300000| Untracked 
| 132|0x0000000088400000, 0x0000000088400000, 0x0000000088500000|  0%| F|  |TAMS 0x0000000088400000| PB 0x0000000088400000| Untracked 
| 133|0x0000000088500000, 0x0000000088500000, 0x0000000088600000|  0%| F|  |TAMS 0x0000000088500000| PB 0x0000000088500000| Untracked 
| 134|0x0000000088600000, 0x0000000088600000, 0x0000000088700000|  0%| F|  |TAMS 0x0000000088600000| PB 0x0000000088600000| Untracked 
| 135|0x0000000088700000, 0x0000000088700000, 0x0000000088800000|  0%| F|  |TAMS 0x0000000088700000| PB 0x0000000088700000| Untracked 
| 136|0x0000000088800000, 0x0000000088800000, 0x0000000088900000|  0%| F|  |TAMS 0x0000000088800000| PB 0x0000000088800000| Untracked 
| 137|0x0000000088900000, 0x0000000088900000, 0x0000000088a00000|  0%| F|  |TAMS 0x0000000088900000| PB 0x0000000088900000| Untracked 
| 138|0x0000000088a00000, 0x0000000088a00000, 0x0000000088b00000|  0%| F|  |TAMS 0x0000000088a00000| PB 0x0000000088a00000| Untracked 
| 139|0x0000000088b00000, 0x0000000088b00000, 0x0000000088c00000|  0%| F|  |TAMS 0x0000000088b00000| PB 0x0000000088b00000| Untracked 
| 140|0x0000000088c00000, 0x0000000088c00000, 0x0000000088d00000|  0%| F|  |TAMS 0x0000000088c00000| PB 0x0000000088c00000| Untracked 
| 141|0x0000000088d00000, 0x0000000088d00000, 0x0000000088e00000|  0%| F|  |TAMS 0x0000000088d00000| PB 0x0000000088d00000| Untracked 
| 142|0x0000000088e00000, 0x0000000088e00000, 0x0000000088f00000|  0%| F|  |TAMS 0x0000000088e00000| PB 0x0000000088e00000| Untracked 
| 143|0x0000000088f00000, 0x0000000088f00000, 0x0000000089000000|  0%| F|  |TAMS 0x0000000088f00000| PB 0x0000000088f00000| Untracked 
| 144|0x0000000089000000, 0x0000000089000000, 0x0000000089100000|  0%| F|  |TAMS 0x0000000089000000| PB 0x0000000089000000| Untracked 
| 145|0x0000000089100000, 0x0000000089100000, 0x0000000089200000|  0%| F|  |TAMS 0x0000000089100000| PB 0x0000000089100000| Untracked 
| 146|0x0000000089200000, 0x0000000089200000, 0x0000000089300000|  0%| F|  |TAMS 0x0000000089200000| PB 0x0000000089200000| Untracked 
| 147|0x0000000089300000, 0x0000000089300000, 0x0000000089400000|  0%| F|  |TAMS 0x0000000089300000| PB 0x0000000089300000| Untracked 
| 148|0x0000000089400000, 0x0000000089400000, 0x0000000089500000|  0%| F|  |TAMS 0x0000000089400000| PB 0x0000000089400000| Untracked 
| 149|0x0000000089500000, 0x0000000089500000, 0x0000000089600000|  0%| F|  |TAMS 0x0000000089500000| PB 0x0000000089500000| Untracked 
| 150|0x0000000089600000, 0x0000000089600000, 0x0000000089700000|  0%| F|  |TAMS 0x0000000089600000| PB 0x0000000089600000| Untracked 
| 151|0x0000000089700000, 0x0000000089700000, 0x0000000089800000|  0%| F|  |TAMS 0x0000000089700000| PB 0x0000000089700000| Untracked 
| 152|0x0000000089800000, 0x0000000089800000, 0x0000000089900000|  0%| F|  |TAMS 0x0000000089800000| PB 0x0000000089800000| Untracked 
| 153|0x0000000089900000, 0x000000008999b770, 0x0000000089a00000| 60%| E|  |TAMS 0x0000000089900000| PB 0x0000000089900000| Complete 
| 154|0x0000000089a00000, 0x0000000089b00000, 0x0000000089b00000|100%| E|CS|TAMS 0x0000000089a00000| PB 0x0000000089a00000| Complete 
| 155|0x0000000089b00000, 0x0000000089c00000, 0x0000000089c00000|100%| E|CS|TAMS 0x0000000089b00000| PB 0x0000000089b00000| Complete 
| 156|0x0000000089c00000, 0x0000000089d00000, 0x0000000089d00000|100%| E|  |TAMS 0x0000000089c00000| PB 0x0000000089c00000| Complete 
| 157|0x0000000089d00000, 0x0000000089e00000, 0x0000000089e00000|100%| E|CS|TAMS 0x0000000089d00000| PB 0x0000000089d00000| Complete 
| 158|0x0000000089e00000, 0x0000000089f00000, 0x0000000089f00000|100%| E|CS|TAMS 0x0000000089e00000| PB 0x0000000089e00000| Complete 
| 159|0x0000000089f00000, 0x000000008a000000, 0x000000008a000000|100%| E|CS|TAMS 0x0000000089f00000| PB 0x0000000089f00000| Complete 
| 160|0x000000008a000000, 0x000000008a100000, 0x000000008a100000|100%| E|CS|TAMS 0x000000008a000000| PB 0x000000008a000000| Complete 
| 161|0x000000008a100000, 0x000000008a200000, 0x000000008a200000|100%| E|CS|TAMS 0x000000008a100000| PB 0x000000008a100000| Complete 
| 162|0x000000008a200000, 0x000000008a300000, 0x000000008a300000|100%| E|CS|TAMS 0x000000008a200000| PB 0x000000008a200000| Complete 
| 163|0x000000008a300000, 0x000000008a400000, 0x000000008a400000|100%| E|CS|TAMS 0x000000008a300000| PB 0x000000008a300000| Complete 
|2044|0x00000000ffc00000, 0x00000000ffd00000, 0x00000000ffd00000|100%| O|Cm|TAMS 0x00000000ffc00000| PB 0x00000000ffc00000| Complete 
|2045|0x00000000ffd00000, 0x00000000ffe00000, 0x00000000ffe00000|100%| O|  |TAMS 0x00000000ffd00000| PB 0x00000000ffd00000| Untracked 
|2046|0x00000000ffe00000, 0x00000000fff00000, 0x00000000fff00000|100%| O|  |TAMS 0x00000000ffe00000| PB 0x00000000ffe00000| Untracked 
|2047|0x00000000fff00000, 0x0000000100000000, 0x0000000100000000|100%| E|CS|TAMS 0x00000000fff00000| PB 0x00000000fff00000| Complete 

Card table byte_map: [0x0000017c32930000,0x0000017c32d30000] _byte_map_base: 0x0000017c32530000

Marking Bits: (CMBitMap*) 0x0000017c1ee29670
 Bits: [0x0000017c32d30000, 0x0000017c34d30000)

Polling page: 0x0000017c1cbf0000

Metaspace:

Usage:
  Non-class:     64.96 MB used.
      Class:     11.01 MB used.
       Both:     75.97 MB used.

Virtual space:
  Non-class space:      128.00 MB reserved,      66.00 MB ( 52%) committed,  2 nodes.
      Class space:      416.00 MB reserved,      12.06 MB (  3%) committed,  1 nodes.
             Both:      544.00 MB reserved,      78.06 MB ( 14%) committed. 

Chunk freelists:
   Non-Class:  13.78 MB
       Class:  3.78 MB
        Both:  17.56 MB

MaxMetaspaceSize: 512.00 MB
CompressedClassSpaceSize: 416.00 MB
Initial GC threshold: 21.00 MB
Current GC threshold: 125.88 MB
CDS: on
 - commit_granule_bytes: 65536.
 - commit_granule_words: 8192.
 - virtual_space_node_default_size: 8388608.
 - enlarge_chunks_in_place: 1.
 - use_allocation_guard: 0.


Internal statistics:

num_allocs_failed_limit: 9.
num_arena_births: 3824.
num_arena_deaths: 2.
num_vsnodes_births: 3.
num_vsnodes_deaths: 0.
num_space_committed: 1249.
num_space_uncommitted: 0.
num_chunks_returned_to_freelist: 12.
num_chunks_taken_from_freelist: 7577.
num_chunk_merges: 6.
num_chunk_splits: 4899.
num_chunks_enlarged: 3000.
num_inconsistent_stats: 0.

CodeHeap 'non-profiled nmethods': size=128192Kb used=5630Kb max_used=5630Kb free=122561Kb
 bounds [0x0000017c2a2a0000, 0x0000017c2a820000, 0x0000017c31fd0000]
CodeHeap 'profiled nmethods': size=128192Kb used=16948Kb max_used=17217Kb free=111243Kb
 bounds [0x0000017c21fd0000, 0x0000017c230c0000, 0x0000017c29d00000]
CodeHeap 'non-nmethods': size=5760Kb used=1943Kb max_used=1975Kb free=3816Kb
 bounds [0x0000017c29d00000, 0x0000017c29f70000, 0x0000017c2a2a0000]
CodeCache: size=262144Kb, used=24521Kb, max_used=24822Kb, free=237620Kb
 total_blobs=10145, nmethods=9336, adapters=713, full_count=0
Compilation: enabled, stopped_count=0, restarted_count=0

Compilation events (20 events):
Event: 427.203 Thread 0x0000017c379b47f0 nmethod 11100 0x0000017c2a817390 code [0x0000017c2a8177c0, 0x0000017c2a819868]
Event: 427.388 Thread 0x0000017c379d07a0 11102       1       org.gradle.api.internal.provider.DefaultValueSourceProviderFactory::access$200 (5 bytes)
Event: 427.388 Thread 0x0000017c379d07a0 nmethod 11102 0x0000017c2a81af10 code [0x0000017c2a81b0a0, 0x0000017c2a81b150]
Event: 427.525 Thread 0x0000017c379d07a0 11103       3       org.gradle.internal.instantiation.generator.AsmBackedClassGenerator$ClassBuilderImpl::access$800 (4 bytes)
Event: 427.525 Thread 0x0000017c379d07a0 nmethod 11103 0x0000017c22381790 code [0x0000017c22381920, 0x0000017c22381a18]
Event: 427.527 Thread 0x0000017c379d07a0 11104       3       java.lang.reflect.Field::getOverrideFieldAccessor (18 bytes)
Event: 427.527 Thread 0x0000017c379d07a0 nmethod 11104 0x0000017c22392b10 code [0x0000017c22392cc0, 0x0000017c22392e48]
Event: 427.964 Thread 0x0000017c379b47f0 11105 % !   4       java.util.concurrent.ConcurrentHashMap::transfer @ 96 (849 bytes)
Event: 428.000 Thread 0x0000017c379b47f0 nmethod 11105% 0x0000017c2a81b210 code [0x0000017c2a81b420, 0x0000017c2a81c800]
Event: 428.001 Thread 0x0000017c379d07a0 11106   !   3       java.util.zip.InflaterInputStream::read (129 bytes)
Event: 428.003 Thread 0x0000017c379d07a0 nmethod 11106 0x0000017c223deb90 code [0x0000017c223dee60, 0x0000017c223dfb90]
Event: 428.472 Thread 0x0000017c379d07a0 11107       3       org.gradle.internal.instantiation.generator.AsmBackedClassGenerator$ClassBuilderImpl::<init> (122 bytes)
Event: 428.473 Thread 0x0000017c379d07a0 nmethod 11107 0x0000017c22a89990 code [0x0000017c22a89ba0, 0x0000017c22a8a320]
Event: 428.473 Thread 0x0000017c379d07a0 11108       3       org.gradle.internal.instantiation.generator.AsmBackedClassGenerator$ClassBuilderImpl::includeNotInheritedAnnotations (123 bytes)
Event: 428.474 Thread 0x0000017c379d07a0 nmethod 11108 0x0000017c22a20910 code [0x0000017c22a20c80, 0x0000017c22a22050]
Event: 428.475 Thread 0x0000017c379d07a0 11109       3       org.gradle.internal.instantiation.generator.AsmBackedClassGenerator$ClassBuilderImpl::generateInitMethod (71 bytes)
Event: 428.476 Thread 0x0000017c379d07a0 nmethod 11109 0x0000017c2265dc90 code [0x0000017c2265dfc0, 0x0000017c2265f368]
Event: 428.695 Thread 0x0000017c379b47f0 11110       4       java.util.jar.JarFile::getVersionedEntry (133 bytes)
Event: 428.748 Thread 0x0000017c379b47f0 nmethod 11110 0x0000017c2a81cf10 code [0x0000017c2a81d200, 0x0000017c2a81ec68]
Event: 429.651 Thread 0x0000017c379b47f0 11111   !   4       java.net.URLClassLoader::findClass (47 bytes)

GC Heap History (20 events):
Event: 193.384 GC heap before
{Heap before GC invocations=21 (full 0):
 garbage-first heap   total 100352K, used 93224K [0x0000000080000000, 0x0000000100000000)
  region size 1024K, 45 young (46080K), 6 survivors (6144K)
 Metaspace       used 70269K, committed 72384K, reserved 491520K
  class space    used 10361K, committed 11392K, reserved 425984K
}
Event: 193.398 GC heap after
{Heap after GC invocations=22 (full 0):
 garbage-first heap   total 103424K, used 56197K [0x0000000080000000, 0x0000000100000000)
  region size 1024K, 6 young (6144K), 6 survivors (6144K)
 Metaspace       used 70269K, committed 72384K, reserved 491520K
  class space    used 10361K, committed 11392K, reserved 425984K
}
Event: 311.283 GC heap before
{Heap before GC invocations=22 (full 0):
 garbage-first heap   total 103424K, used 94085K [0x0000000080000000, 0x0000000100000000)
  region size 1024K, 44 young (45056K), 6 survivors (6144K)
 Metaspace       used 71308K, committed 73408K, reserved 491520K
  class space    used 10525K, committed 11584K, reserved 425984K
}
Event: 311.460 GC heap after
{Heap after GC invocations=23 (full 0):
 garbage-first heap   total 104448K, used 57660K [0x0000000080000000, 0x0000000100000000)
  region size 1024K, 5 young (5120K), 5 survivors (5120K)
 Metaspace       used 71308K, committed 73408K, reserved 491520K
  class space    used 10525K, committed 11584K, reserved 425984K
}
Event: 354.195 GC heap before
{Heap before GC invocations=23 (full 0):
 garbage-first heap   total 104448K, used 95548K [0x0000000080000000, 0x0000000100000000)
  region size 1024K, 43 young (44032K), 5 survivors (5120K)
 Metaspace       used 72319K, committed 74432K, reserved 491520K
  class space    used 10644K, committed 11712K, reserved 425984K
}
Event: 354.696 GC heap after
{Heap after GC invocations=24 (full 0):
 garbage-first heap   total 106496K, used 62231K [0x0000000080000000, 0x0000000100000000)
  region size 1024K, 6 young (6144K), 6 survivors (6144K)
 Metaspace       used 72319K, committed 74432K, reserved 491520K
  class space    used 10644K, committed 11712K, reserved 425984K
}
Event: 369.240 GC heap before
{Heap before GC invocations=25 (full 0):
 garbage-first heap   total 106496K, used 97047K [0x0000000080000000, 0x0000000100000000)
  region size 1024K, 41 young (41984K), 6 survivors (6144K)
 Metaspace       used 72480K, committed 74560K, reserved 491520K
  class space    used 10646K, committed 11712K, reserved 425984K
}
Event: 369.265 GC heap after
{Heap after GC invocations=26 (full 0):
 garbage-first heap   total 107520K, used 64632K [0x0000000080000000, 0x0000000100000000)
  region size 1024K, 4 young (4096K), 4 survivors (4096K)
 Metaspace       used 72480K, committed 74560K, reserved 491520K
  class space    used 10646K, committed 11712K, reserved 425984K
}
Event: 372.382 GC heap before
{Heap before GC invocations=26 (full 0):
 garbage-first heap   total 107520K, used 97400K [0x0000000080000000, 0x0000000100000000)
  region size 1024K, 37 young (37888K), 4 survivors (4096K)
 Metaspace       used 72494K, committed 74560K, reserved 491520K
  class space    used 10646K, committed 11712K, reserved 425984K
}
Event: 372.471 GC heap after
{Heap after GC invocations=27 (full 0):
 garbage-first heap   total 107520K, used 66086K [0x0000000080000000, 0x0000000100000000)
  region size 1024K, 2 young (2048K), 2 survivors (2048K)
 Metaspace       used 72494K, committed 74560K, reserved 491520K
  class space    used 10646K, committed 11712K, reserved 425984K
}
Event: 376.567 GC heap before
{Heap before GC invocations=27 (full 0):
 garbage-first heap   total 107520K, used 98854K [0x0000000080000000, 0x0000000100000000)
  region size 1024K, 35 young (35840K), 2 survivors (2048K)
 Metaspace       used 72502K, committed 74560K, reserved 491520K
  class space    used 10646K, committed 11712K, reserved 425984K
}
Event: 376.637 GC heap after
{Heap after GC invocations=28 (full 0):
 garbage-first heap   total 107520K, used 68222K [0x0000000080000000, 0x0000000100000000)
  region size 1024K, 4 young (4096K), 4 survivors (4096K)
 Metaspace       used 72502K, committed 74560K, reserved 491520K
  class space    used 10646K, committed 11712K, reserved 425984K
}
Event: 409.019 GC heap before
{Heap before GC invocations=29 (full 0):
 garbage-first heap   total 114688K, used 106110K [0x0000000080000000, 0x0000000100000000)
  region size 1024K, 35 young (35840K), 4 survivors (4096K)
 Metaspace       used 73698K, committed 75776K, reserved 491520K
  class space    used 10796K, committed 11840K, reserved 425984K
}
Event: 409.075 GC heap after
{Heap after GC invocations=30 (full 0):
 garbage-first heap   total 116736K, used 79872K [0x0000000080000000, 0x0000000100000000)
  region size 1024K, 5 young (5120K), 5 survivors (5120K)
 Metaspace       used 73698K, committed 75776K, reserved 491520K
  class space    used 10796K, committed 11840K, reserved 425984K
}
Event: 421.036 GC heap before
{Heap before GC invocations=30 (full 0):
 garbage-first heap   total 116736K, used 107520K [0x0000000080000000, 0x0000000100000000)
  region size 1024K, 30 young (30720K), 5 survivors (5120K)
 Metaspace       used 75042K, committed 77120K, reserved 491520K
  class space    used 10992K, committed 12032K, reserved 425984K
}
Event: 421.055 GC heap after
{Heap after GC invocations=31 (full 0):
 garbage-first heap   total 116736K, used 83659K [0x0000000080000000, 0x0000000100000000)
  region size 1024K, 2 young (2048K), 2 survivors (2048K)
 Metaspace       used 75042K, committed 77120K, reserved 491520K
  class space    used 10992K, committed 12032K, reserved 425984K
}
Event: 422.165 GC heap before
{Heap before GC invocations=31 (full 0):
 garbage-first heap   total 116736K, used 85707K [0x0000000080000000, 0x0000000100000000)
  region size 1024K, 5 young (5120K), 2 survivors (2048K)
 Metaspace       used 75183K, committed 77248K, reserved 491520K
  class space    used 11003K, committed 12032K, reserved 425984K
}
Event: 422.197 GC heap after
{Heap after GC invocations=32 (full 0):
 garbage-first heap   total 116736K, used 84209K [0x0000000080000000, 0x0000000100000000)
  region size 1024K, 3 young (3072K), 3 survivors (3072K)
 Metaspace       used 75183K, committed 77248K, reserved 491520K
  class space    used 11003K, committed 12032K, reserved 425984K
}
Event: 426.292 GC heap before
{Heap before GC invocations=33 (full 0):
 garbage-first heap   total 143360K, used 101617K [0x0000000080000000, 0x0000000100000000)
  region size 1024K, 20 young (20480K), 3 survivors (3072K)
 Metaspace       used 76529K, committed 78656K, reserved 557056K
  class space    used 11171K, committed 12224K, reserved 425984K
}
Event: 426.301 GC heap after
{Heap after GC invocations=34 (full 0):
 garbage-first heap   total 172032K, used 85583K [0x0000000080000000, 0x0000000100000000)
  region size 1024K, 2 young (2048K), 2 survivors (2048K)
 Metaspace       used 76529K, committed 78656K, reserved 557056K
  class space    used 11171K, committed 12224K, reserved 425984K
}

Dll operation events (20 events):
Event: 0.167 Attempting to load shared library C:\Users\user5\.vscode\extensions\redhat.java-1.56.0-win32-x64\jre\21.0.12.1-win32-x86_64\bin\zip.dll
Event: 0.167 Loaded shared library C:\Users\user5\.vscode\extensions\redhat.java-1.56.0-win32-x64\jre\21.0.12.1-win32-x86_64\bin\zip.dll
Event: 1.777 Attempting to load shared library C:\Users\user5\.vscode\extensions\redhat.java-1.56.0-win32-x64\jre\21.0.12.1-win32-x86_64\bin\jimage.dll
Event: 1.777 Loaded shared library C:\Users\user5\.vscode\extensions\redhat.java-1.56.0-win32-x64\jre\21.0.12.1-win32-x86_64\bin\jimage.dll
Event: 2.069 Attempting to load shared library C:\Users\user5\.vscode\extensions\redhat.java-1.56.0-win32-x64\jre\21.0.12.1-win32-x86_64\bin\verify.dll
Event: 2.070 Loaded shared library C:\Users\user5\.vscode\extensions\redhat.java-1.56.0-win32-x64\jre\21.0.12.1-win32-x86_64\bin\verify.dll
Event: 2.226 Attempting to load shared library D:\gradle_cache\native\1def1411415f61bf3af743bc5b6707747c0891f09f0c88961ee8f79bc544acac\windows-amd64\native-platform.dll
Event: 2.228 Loaded shared library D:\gradle_cache\native\1def1411415f61bf3af743bc5b6707747c0891f09f0c88961ee8f79bc544acac\windows-amd64\native-platform.dll
Event: 2.237 Attempting to load shared library D:\gradle_cache\native\0.2.5\x86_64-windows-gnu\gradle-fileevents.dll
Event: 2.242 Loaded shared library D:\gradle_cache\native\0.2.5\x86_64-windows-gnu\gradle-fileevents.dll
Event: 6.619 Attempting to load shared library C:\Users\user5\.vscode\extensions\redhat.java-1.56.0-win32-x64\jre\21.0.12.1-win32-x86_64\bin\management.dll
Event: 6.647 Loaded shared library C:\Users\user5\.vscode\extensions\redhat.java-1.56.0-win32-x64\jre\21.0.12.1-win32-x86_64\bin\management.dll
Event: 6.662 Attempting to load shared library C:\Users\user5\.vscode\extensions\redhat.java-1.56.0-win32-x64\jre\21.0.12.1-win32-x86_64\bin\management_ext.dll
Event: 6.726 Loaded shared library C:\Users\user5\.vscode\extensions\redhat.java-1.56.0-win32-x64\jre\21.0.12.1-win32-x86_64\bin\management_ext.dll
Event: 9.427 Attempting to load shared library C:\Users\user5\.vscode\extensions\redhat.java-1.56.0-win32-x64\jre\21.0.12.1-win32-x86_64\bin\extnet.dll
Event: 9.451 Loaded shared library C:\Users\user5\.vscode\extensions\redhat.java-1.56.0-win32-x64\jre\21.0.12.1-win32-x86_64\bin\extnet.dll
Event: 11.740 Attempting to load shared library C:\Users\user5\.vscode\extensions\redhat.java-1.56.0-win32-x64\jre\21.0.12.1-win32-x86_64\bin\sunmscapi.dll
Event: 11.790 Loaded shared library C:\Users\user5\.vscode\extensions\redhat.java-1.56.0-win32-x64\jre\21.0.12.1-win32-x86_64\bin\sunmscapi.dll
Event: 22.213 Attempting to load shared library D:\temp\native-platform17423455099537091167dir\gradle-fileevents.dll
Event: 26.170 Loaded shared library D:\temp\native-platform17423455099537091167dir\gradle-fileevents.dll

Deoptimization events (20 events):
Event: 425.417 Thread 0x0000017c57972db0 DEOPT PACKING pc=0x0000017c2a7797f4 sp=0x0000007a384f4ab0
Event: 425.417 Thread 0x0000017c57972db0 DEOPT UNPACKING pc=0x0000017c29d54422 sp=0x0000007a384f4a48 mode 2
Event: 425.417 Thread 0x0000017c57972db0 Uncommon trap: trap_request=0xffffffd6 fr.pc=0x0000017c2a35a178 relative=0x0000000000000438
Event: 425.417 Thread 0x0000017c57972db0 Uncommon trap: reason=array_check action=maybe_recompile pc=0x0000017c2a35a178 method=java.util.Arrays.fill([Ljava/lang/Object;IILjava/lang/Object;)V @ 20 c2
Event: 425.417 Thread 0x0000017c57972db0 DEOPT PACKING pc=0x0000017c2a35a178 sp=0x0000007a384f4540
Event: 425.417 Thread 0x0000017c57972db0 DEOPT UNPACKING pc=0x0000017c29d54422 sp=0x0000007a384f4508 mode 2
Event: 425.894 Thread 0x0000017c57972db0 Uncommon trap: trap_request=0xffffffc6 fr.pc=0x0000017c2a7797f4 relative=0x0000000000000c34
Event: 425.894 Thread 0x0000017c57972db0 Uncommon trap: reason=bimorphic_or_optimized_type_check action=maybe_recompile pc=0x0000017c2a7797f4 method=java.util.HashMap.removeNode(ILjava/lang/Object;Ljava/lang/Object;ZZ)Ljava/util/HashMap$Node; @ 68 c2
Event: 425.894 Thread 0x0000017c57972db0 DEOPT PACKING pc=0x0000017c2a7797f4 sp=0x0000007a384f4a80
Event: 425.894 Thread 0x0000017c57972db0 DEOPT UNPACKING pc=0x0000017c29d54422 sp=0x0000007a384f4a18 mode 2
Event: 426.221 Thread 0x0000017c57972db0 DEOPT PACKING pc=0x0000017c22bbcbb0 sp=0x0000007a384f4620
Event: 426.221 Thread 0x0000017c57972db0 DEOPT UNPACKING pc=0x0000017c29d54bc2 sp=0x0000007a384f3b40 mode 0
Event: 426.568 Thread 0x0000017c57972db0 Uncommon trap: trap_request=0xffffffde fr.pc=0x0000017c2a71284c relative=0x000000000000662c
Event: 426.568 Thread 0x0000017c57972db0 Uncommon trap: reason=class_check action=maybe_recompile pc=0x0000017c2a71284c method=java.util.jar.JarFile.getManifestFromReference()Ljava/util/jar/Manifest; @ 152 c2
Event: 426.568 Thread 0x0000017c57972db0 DEOPT PACKING pc=0x0000017c2a71284c sp=0x0000007a384f4120
Event: 426.568 Thread 0x0000017c57972db0 DEOPT UNPACKING pc=0x0000017c29d54422 sp=0x0000007a384f3da0 mode 2
Event: 426.859 Thread 0x0000017c57972db0 Uncommon trap: trap_request=0xffffff45 fr.pc=0x0000017c2a3cc81c relative=0x0000000000001d3c
Event: 426.860 Thread 0x0000017c57972db0 Uncommon trap: reason=unstable_if action=reinterpret pc=0x0000017c2a3cc81c method=java.util.zip.InflaterInputStream.read([BII)I @ 94 c2
Event: 426.860 Thread 0x0000017c57972db0 DEOPT PACKING pc=0x0000017c2a3cc81c sp=0x0000007a384f2570
Event: 426.860 Thread 0x0000017c57972db0 DEOPT UNPACKING pc=0x0000017c29d54422 sp=0x0000007a384f25d0 mode 2

Classes loaded (20 events):
Event: 194.210 Loading class java/util/stream/ReduceOps$6
Event: 194.210 Loading class java/util/stream/ReduceOps$6 done
Event: 194.211 Loading class java/util/stream/ReduceOps$5ReducingSink
Event: 194.211 Loading class java/util/stream/ReduceOps$5ReducingSink done
Event: 194.211 Loading class java/util/stream/ReferencePipeline$4$1
Event: 194.211 Loading class java/util/stream/ReferencePipeline$4$1 done
Event: 222.809 Loading class java/time/Instant$1
Event: 222.816 Loading class java/time/Instant$1 done
Event: 325.821 Loading class java/util/concurrent/ConcurrentLinkedQueue$Itr
Event: 325.848 Loading class java/util/concurrent/ConcurrentLinkedQueue$Itr done
Event: 338.378 Loading class java/util/Collections$ReverseComparator
Event: 338.379 Loading class java/util/Collections$ReverseComparator done
Event: 338.381 Loading class java/util/Collections$ReverseComparator2
Event: 338.409 Loading class java/util/Collections$ReverseComparator2 done
Event: 393.977 Loading class java/io/NotSerializableException
Event: 393.999 Loading class java/io/NotSerializableException done
Event: 415.306 Loading class java/lang/ProcessBuilder
Event: 415.342 Loading class java/lang/ProcessBuilder done
Event: 427.191 Loading class sun/text/resources/cldr/FormatData_en_US
Event: 427.211 Loading class sun/text/resources/cldr/FormatData_en_US done

Classes unloaded (1 events):
Event: 150.687 Thread 0x0000017c3797fab0 Unloading class 0x0000017c397b0400 'java/lang/invoke/LambdaForm$DMH+0x0000017c397b0400'

Classes redefined (0 events):
No events

Internal exceptions (20 events):
Event: 193.564 Thread 0x0000017c5aa690e0 Exception <a 'java/lang/NoSuchMethodError'{0x0000000087bb94c0}: 'void java.lang.invoke.DirectMethodHandle$Holder.invokeSpecial(java.lang.Object, java.lang.Object, java.lang.Object, java.lang.Object, int, java.lang.Object, java.lang.Object)'> (0x0000000087bb94c0) 
thrown [s\src\hotspot\share\interpreter\linkResolver.cpp, line 773]
Event: 194.375 Thread 0x0000017c5aa690e0 Exception <a 'java/lang/NoSuchMethodError'{0x00000000865bcb78}: 'int java.lang.invoke.DirectMethodHandle$Holder.invokeSpecial(java.lang.Object, java.lang.Object, java.lang.Object, java.lang.Object, java.lang.Object)'> (0x00000000865bcb78) 
thrown [s\src\hotspot\share\interpreter\linkResolver.cpp, line 773]
Event: 194.948 Thread 0x0000017c5aa690e0 Exception <a 'java/lang/IncompatibleClassChangeError'{0x00000000859139b0}: Found class java.lang.Object, but interface was expected> (0x00000000859139b0) 
thrown [s\src\hotspot\share\interpreter\linkResolver.cpp, line 840]
Event: 200.378 Thread 0x0000017c5aa690e0 Exception <a 'java/lang/NoSuchMethodError'{0x00000000851bd298}: static Ljava/lang/Object;.<clinit>()V> (0x00000000851bd298) 
thrown [s\src\hotspot\share\prims\jni.cpp, line 1111]
Event: 315.859 Thread 0x0000017c5aa690e0 Exception <a 'java/lang/NoSuchMethodError'{0x0000000087b52188}: 'int java.lang.invoke.DirectMethodHandle$Holder.invokeStaticInit(java.lang.Object, java.lang.Object, java.lang.Object, java.lang.Object, java.lang.Object)'> (0x0000000087b52188) 
thrown [s\src\hotspot\share\interpreter\linkResolver.cpp, line 773]
Event: 323.430 Thread 0x0000017c5aa690e0 Exception <a 'sun/nio/fs/WindowsException'{0x00000000866c6828}> (0x00000000866c6828) 
thrown [s\src\hotspot\share\prims\jni.cpp, line 520]
Event: 323.435 Thread 0x0000017c5aa690e0 Exception <a 'sun/nio/fs/WindowsException'{0x00000000866f0b60}> (0x00000000866f0b60) 
thrown [s\src\hotspot\share\prims\jni.cpp, line 520]
Event: 323.442 Thread 0x0000017c5aa690e0 Exception <a 'sun/nio/fs/WindowsException'{0x00000000866f2df0}> (0x00000000866f2df0) 
thrown [s\src\hotspot\share\prims\jni.cpp, line 520]
Event: 323.444 Thread 0x0000017c5aa690e0 Exception <a 'sun/nio/fs/WindowsException'{0x00000000866f4d98}> (0x00000000866f4d98) 
thrown [s\src\hotspot\share\prims\jni.cpp, line 520]
Event: 324.016 Thread 0x0000017c5aa690e0 Exception <a 'sun/nio/fs/WindowsException'{0x000000008651f0f0}> (0x000000008651f0f0) 
thrown [s\src\hotspot\share\prims\jni.cpp, line 520]
Event: 324.017 Thread 0x0000017c5aa690e0 Exception <a 'sun/nio/fs/WindowsException'{0x00000000865212e8}> (0x00000000865212e8) 
thrown [s\src\hotspot\share\prims\jni.cpp, line 520]
Event: 324.037 Thread 0x0000017c5aa690e0 Exception <a 'sun/nio/fs/WindowsException'{0x0000000086523130}> (0x0000000086523130) 
thrown [s\src\hotspot\share\prims\jni.cpp, line 520]
Event: 355.890 Thread 0x0000017c57972db0 Implicit null exception at 0x0000017c2a5aabe9 to 0x0000017c2a5aac98
Event: 368.137 Thread 0x0000017c5bf58a50 Implicit null exception at 0x0000017c2a3f9ebd to 0x0000017c2a3f9f31
Event: 371.903 Thread 0x0000017c5babefa0 Implicit null exception at 0x0000017c2a7d0796 to 0x0000017c2a7d1090
Event: 395.326 Thread 0x0000017c57972db0 Exception <a 'java/lang/NoSuchMethodError'{0x0000000085f23168}: 'java.lang.Object java.lang.invoke.Invokers$Holder.invokeExact_MT(java.lang.Object, java.lang.Object, java.lang.Object, int, java.lang.Object, java.lang.Object)'> (0x0000000085f23168) 
thrown [s\src\hotspot\share\interpreter\linkResolver.cpp, line 773]
Event: 415.047 Thread 0x0000017c57972db0 Exception <a 'java/lang/NoSuchMethodError'{0x000000008651f6e0}: 'void java.lang.invoke.Invokers$Holder.invoke_MT(java.lang.Object, java.lang.Object, java.lang.Object, java.lang.Object)'> (0x000000008651f6e0) 
thrown [s\src\hotspot\share\interpreter\linkResolver.cpp, line 773]
Event: 415.285 Thread 0x0000017c57972db0 Exception <a 'java/lang/NoSuchMethodError'{0x00000000865a0918}: 'java.lang.Object java.lang.invoke.DirectMethodHandle$Holder.invokeStaticInit(java.lang.Object, java.lang.Object, java.lang.Object, java.lang.Object, java.lang.Object, java.lang.Object, java.lang.Object)'> (0x00000000865a0918) 
thrown [s\src\hotspot\share\interpreter\linkResolver.cpp, line 773]
Event: 416.455 Thread 0x0000017c57972db0 Exception <a 'java/lang/ClassNotFoundException'{0x00000000862fbe98}: org/gradle/api/internal/plugins/DefaultObjectConfigurationActionBeanInfo> (0x00000000862fbe98) 
thrown [s\src\hotspot\share\classfile\systemDictionary.cpp, line 313]
Event: 416.487 Thread 0x0000017c57972db0 Exception <a 'java/lang/ClassNotFoundException'{0x0000000086118178}: org/gradle/api/internal/plugins/DefaultObjectConfigurationActionCustomizer> (0x0000000086118178) 
thrown [s\src\hotspot\share\classfile\systemDictionary.cpp, line 313]

ZGC Phase Switch (0 events):
No events

VM Operations (20 events):
Event: 421.206 Executing non-safepoint VM operation: HandshakeAllThreads (HandshakeForDeflation)
Event: 421.214 Executing non-safepoint VM operation: HandshakeAllThreads (HandshakeForDeflation) done
Event: 421.214 Executing non-safepoint VM operation: RendezvousGCThreads
Event: 421.214 Executing non-safepoint VM operation: RendezvousGCThreads done
Event: 422.165 Executing safepoint VM operation: G1TryInitiateConcMark (G1 Humongous Allocation)
Event: 422.197 Executing safepoint VM operation: G1TryInitiateConcMark (G1 Humongous Allocation) done
Event: 422.467 Executing safepoint VM operation: G1PauseRemark
Event: 422.595 Executing safepoint VM operation: G1PauseRemark done
Event: 422.629 Executing safepoint VM operation: G1PauseCleanup
Event: 422.647 Executing safepoint VM operation: G1PauseCleanup done
Event: 423.655 Executing safepoint VM operation: Cleanup
Event: 423.670 Executing safepoint VM operation: Cleanup done
Event: 424.678 Executing safepoint VM operation: Cleanup
Event: 424.678 Executing safepoint VM operation: Cleanup done
Event: 425.683 Executing safepoint VM operation: Cleanup
Event: 425.683 Executing safepoint VM operation: Cleanup done
Event: 426.272 Executing safepoint VM operation: G1CollectForAllocation (G1 Evacuation Pause)
Event: 426.301 Executing safepoint VM operation: G1CollectForAllocation (G1 Evacuation Pause) done
Event: 427.312 Executing safepoint VM operation: Cleanup
Event: 427.328 Executing safepoint VM operation: Cleanup done

Memory protections (0 events):
No events

Nmethod flushes (20 events):
Event: 422.587 Thread 0x0000017c3797fab0 flushing  nmethod 0x0000017c22a21990
Event: 422.587 Thread 0x0000017c3797fab0 flushing  nmethod 0x0000017c22a25590
Event: 422.587 Thread 0x0000017c3797fab0 flushing  nmethod 0x0000017c22a26b10
Event: 422.587 Thread 0x0000017c3797fab0 flushing  nmethod 0x0000017c22a27310
Event: 422.587 Thread 0x0000017c3797fab0 flushing  nmethod 0x0000017c22a27f10
Event: 422.587 Thread 0x0000017c3797fab0 flushing  nmethod 0x0000017c22ac9d90
Event: 422.587 Thread 0x0000017c3797fab0 flushing  nmethod 0x0000017c22acbd10
Event: 422.587 Thread 0x0000017c3797fab0 flushing  nmethod 0x0000017c22cd3d90
Event: 422.587 Thread 0x0000017c3797fab0 flushing  nmethod 0x0000017c22ddf490
Event: 422.587 Thread 0x0000017c3797fab0 flushing  nmethod 0x0000017c2a3f9d10
Event: 422.587 Thread 0x0000017c3797fab0 flushing  nmethod 0x0000017c2a7cff10
Event: 422.587 Thread 0x0000017c3797fab0 flushing  nmethod 0x0000017c22285f10
Event: 422.587 Thread 0x0000017c3797fab0 flushing  nmethod 0x0000017c22549910
Event: 422.587 Thread 0x0000017c3797fab0 flushing  nmethod 0x0000017c22812590
Event: 422.587 Thread 0x0000017c3797fab0 flushing  nmethod 0x0000017c2297fb90
Event: 422.587 Thread 0x0000017c3797fab0 flushing  nmethod 0x0000017c229c6e10
Event: 422.587 Thread 0x0000017c3797fab0 flushing  nmethod 0x0000017c229c9e90
Event: 422.587 Thread 0x0000017c3797fab0 flushing  nmethod 0x0000017c22a87610
Event: 422.587 Thread 0x0000017c3797fab0 flushing  nmethod 0x0000017c22a89990
Event: 422.587 Thread 0x0000017c3797fab0 flushing  nmethod 0x0000017c22b54d90

Events (20 events):
Event: 353.015 Thread 0x0000017c57972db0 Thread added: 0x0000017c5bf56980
Event: 353.026 Thread 0x0000017c57972db0 Thread added: 0x0000017c5bf53b90
Event: 353.036 Thread 0x0000017c57972db0 Thread added: 0x0000017c5bf576a0
Event: 353.082 Thread 0x0000017c57972db0 Thread added: 0x0000017c5bf54220
Event: 353.107 Thread 0x0000017c57972db0 Thread added: 0x0000017c5bf583c0
Event: 353.162 Thread 0x0000017c57972db0 Thread added: 0x0000017c5bf59770
Event: 353.231 Thread 0x0000017c57972db0 Thread added: 0x0000017c5bf59e00
Event: 353.246 Thread 0x0000017c57972db0 Thread added: 0x0000017c5bf5a490
Event: 356.506 Thread 0x0000017c57972db0 Thread added: 0x0000017c5bf5ab20
Event: 356.507 Thread 0x0000017c57972db0 Thread added: 0x0000017c5bf5b1b0
Event: 356.577 Thread 0x0000017c57972db0 Thread added: 0x0000017c5bf590e0
Event: 356.578 Thread 0x0000017c57972db0 Thread added: 0x0000017c5bf58a50
Event: 356.641 Thread 0x0000017c57972db0 Thread added: 0x0000017c5bf57d30
Event: 356.663 Thread 0x0000017c57972db0 Thread added: 0x0000017c5babefa0
Event: 356.667 Thread 0x0000017c57972db0 Thread added: 0x0000017c5babd560
Event: 356.691 Thread 0x0000017c57972db0 Thread added: 0x0000017c5bac09e0
Event: 356.696 Thread 0x0000017c57972db0 Thread added: 0x0000017c5bac1070
Event: 356.720 Thread 0x0000017c57972db0 Thread added: 0x0000017c5babe910
Event: 356.735 Thread 0x0000017c57972db0 Thread added: 0x0000017c5babf630
Event: 385.927 Thread 0x0000017c5aa690e0 Thread exited: 0x0000017c5aa690e0


Dynamic libraries:
0x00007ff7a95b0000 - 0x00007ff7a95be000 	C:\Users\user5\.vscode\extensions\redhat.java-1.56.0-win32-x64\jre\21.0.12.1-win32-x86_64\bin\java.exe
0x00007ff8236e0000 - 0x00007ff823947000 	C:\WINDOWS\SYSTEM32\ntdll.dll
0x00007ff822840000 - 0x00007ff82290b000 	C:\WINDOWS\System32\KERNEL32.DLL
0x00007ff820b10000 - 0x00007ff820f12000 	C:\WINDOWS\System32\KERNELBASE.dll
0x00007ff8212a0000 - 0x00007ff8213ec000 	C:\WINDOWS\System32\ucrtbase.dll
0x00007ff813580000 - 0x00007ff81359e000 	C:\Users\user5\.vscode\extensions\redhat.java-1.56.0-win32-x64\jre\21.0.12.1-win32-x86_64\bin\VCRUNTIME140.dll
0x00007ff810520000 - 0x00007ff810538000 	C:\Users\user5\.vscode\extensions\redhat.java-1.56.0-win32-x64\jre\21.0.12.1-win32-x86_64\bin\jli.dll
0x00007ff822450000 - 0x00007ff82261f000 	C:\WINDOWS\System32\USER32.dll
0x00007ff820f20000 - 0x00007ff820f47000 	C:\WINDOWS\System32\win32u.dll
0x00007ff800850000 - 0x00007ff800ae0000 	C:\WINDOWS\WinSxS\amd64_microsoft.windows.common-controls_6595b64144ccf1df_6.0.26100.9278_none_3e0d1ba8e3303201\COMCTL32.dll
0x00007ff822760000 - 0x00007ff82278b000 	C:\WINDOWS\System32\GDI32.dll
0x00007ff822910000 - 0x00007ff8229b9000 	C:\WINDOWS\System32\msvcrt.dll
0x00007ff820f50000 - 0x00007ff821079000 	C:\WINDOWS\System32\gdi32full.dll
0x00007ff820a60000 - 0x00007ff820b03000 	C:\WINDOWS\System32\msvcp_win.dll
0x00007ff821400000 - 0x00007ff821431000 	C:\WINDOWS\System32\IMM32.DLL
0x00007ff818840000 - 0x00007ff81884c000 	C:\Users\user5\.vscode\extensions\redhat.java-1.56.0-win32-x64\jre\21.0.12.1-win32-x86_64\bin\vcruntime140_1.dll
0x00007fffefad0000 - 0x00007fffefb5d000 	C:\Users\user5\.vscode\extensions\redhat.java-1.56.0-win32-x64\jre\21.0.12.1-win32-x86_64\bin\msvcp140.dll
0x00007fff950e0000 - 0x00007fff95e82000 	C:\Users\user5\.vscode\extensions\redhat.java-1.56.0-win32-x64\jre\21.0.12.1-win32-x86_64\bin\server\jvm.dll
0x00007ff822680000 - 0x00007ff82273c000 	C:\WINDOWS\System32\ADVAPI32.dll
0x00007ff8234d0000 - 0x00007ff823579000 	C:\WINDOWS\System32\sechost.dll
0x00007ff823580000 - 0x00007ff823698000 	C:\WINDOWS\System32\RPCRT4.dll
0x00007ff8227b0000 - 0x00007ff822830000 	C:\WINDOWS\System32\WS2_32.dll
0x00007ff81ffb0000 - 0x00007ff82000e000 	C:\WINDOWS\SYSTEM32\POWRPROF.dll
0x00007ff80c220000 - 0x00007ff80c256000 	C:\WINDOWS\SYSTEM32\WINMM.dll
0x00007ff8142c0000 - 0x00007ff8142cb000 	C:\WINDOWS\SYSTEM32\VERSION.dll
0x00007ff81ff70000 - 0x00007ff81ff85000 	C:\WINDOWS\SYSTEM32\UMPDC.dll
0x00007ff81f5b0000 - 0x00007ff81f5cb000 	C:\WINDOWS\SYSTEM32\kernel.appcore.dll
0x00007ff816440000 - 0x00007ff81644a000 	C:\Users\user5\.vscode\extensions\redhat.java-1.56.0-win32-x64\jre\21.0.12.1-win32-x86_64\bin\jimage.dll
0x00007ff81de40000 - 0x00007ff81e08c000 	C:\WINDOWS\SYSTEM32\DBGHELP.DLL
0x00007ff8215c0000 - 0x00007ff821945000 	C:\WINDOWS\System32\combase.dll
0x00007ff821950000 - 0x00007ff821a29000 	C:\WINDOWS\System32\OLEAUT32.dll
0x00007ffff9420000 - 0x00007ffff945b000 	C:\WINDOWS\SYSTEM32\dbgcore.DLL
0x00007ff8208e0000 - 0x00007ff82098c000 	C:\WINDOWS\System32\bcryptPrimitives.dll
0x00007ff804240000 - 0x00007ff80424f000 	C:\Users\user5\.vscode\extensions\redhat.java-1.56.0-win32-x64\jre\21.0.12.1-win32-x86_64\bin\instrument.dll
0x00007ff801b30000 - 0x00007ff801b50000 	C:\Users\user5\.vscode\extensions\redhat.java-1.56.0-win32-x64\jre\21.0.12.1-win32-x86_64\bin\java.dll
0x00007ff822d30000 - 0x00007ff8234c8000 	C:\WINDOWS\System32\SHELL32.dll
0x00007ff81e340000 - 0x00007ff81ebee000 	C:\WINDOWS\SYSTEM32\windows.storage.dll
0x00007ff822b30000 - 0x00007ff822c2b000 	C:\WINDOWS\System32\SHCORE.dll
0x00007ff822ac0000 - 0x00007ff822b26000 	C:\WINDOWS\System32\shlwapi.dll
0x00007ff820800000 - 0x00007ff820829000 	C:\WINDOWS\SYSTEM32\profapi.dll
0x00007ffffca20000 - 0x00007ffffca38000 	C:\Users\user5\.vscode\extensions\redhat.java-1.56.0-win32-x64\jre\21.0.12.1-win32-x86_64\bin\zip.dll
0x00007ff8047d0000 - 0x00007ff8047e0000 	C:\Users\user5\.vscode\extensions\redhat.java-1.56.0-win32-x64\jre\21.0.12.1-win32-x86_64\bin\net.dll
0x00007ff816de0000 - 0x00007ff816f0a000 	C:\WINDOWS\SYSTEM32\WINHTTP.dll
0x00007ff81fbe0000 - 0x00007ff81fc4c000 	C:\WINDOWS\system32\mswsock.dll
0x00007ffffc410000 - 0x00007ffffc426000 	C:\Users\user5\.vscode\extensions\redhat.java-1.56.0-win32-x64\jre\21.0.12.1-win32-x86_64\bin\nio.dll
0x00007ff8039a0000 - 0x00007ff8039b0000 	C:\Users\user5\.vscode\extensions\redhat.java-1.56.0-win32-x64\jre\21.0.12.1-win32-x86_64\bin\verify.dll
0x00007ffffbfd0000 - 0x00007ffffbff7000 	D:\gradle_cache\native\1def1411415f61bf3af743bc5b6707747c0891f09f0c88961ee8f79bc544acac\windows-amd64\native-platform.dll
0x000000006bd40000 - 0x000000006bdb3000 	D:\gradle_cache\native\0.2.5\x86_64-windows-gnu\gradle-fileevents.dll
0x00007ff8163f0000 - 0x00007ff8163fa000 	C:\Users\user5\.vscode\extensions\redhat.java-1.56.0-win32-x64\jre\21.0.12.1-win32-x86_64\bin\management.dll
0x00007ff8163e0000 - 0x00007ff8163ec000 	C:\Users\user5\.vscode\extensions\redhat.java-1.56.0-win32-x64\jre\21.0.12.1-win32-x86_64\bin\management_ext.dll
0x00007ff822440000 - 0x00007ff822448000 	C:\WINDOWS\System32\PSAPI.DLL
0x00007ff81fef0000 - 0x00007ff81ff0b000 	C:\WINDOWS\SYSTEM32\CRYPTSP.dll
0x00007ff81f510000 - 0x00007ff81f549000 	C:\WINDOWS\system32\rsaenh.dll
0x00007ff81fc90000 - 0x00007ff81fcc4000 	C:\WINDOWS\SYSTEM32\USERENV.dll
0x00007ff8207d0000 - 0x00007ff8207fa000 	C:\WINDOWS\SYSTEM32\bcrypt.dll
0x00007ff81ff10000 - 0x00007ff81ff1c000 	C:\WINDOWS\SYSTEM32\CRYPTBASE.dll
0x00007ff81efb0000 - 0x00007ff81efe3000 	C:\WINDOWS\SYSTEM32\IPHLPAPI.DLL
0x00007ff822750000 - 0x00007ff82275a000 	C:\WINDOWS\System32\NSI.dll
0x00007ffffce70000 - 0x00007ffffce79000 	C:\Users\user5\.vscode\extensions\redhat.java-1.56.0-win32-x64\jre\21.0.12.1-win32-x86_64\bin\extnet.dll
0x00007ffffa2f0000 - 0x00007ffffa2fe000 	C:\Users\user5\.vscode\extensions\redhat.java-1.56.0-win32-x64\jre\21.0.12.1-win32-x86_64\bin\sunmscapi.dll
0x00007ff821080000 - 0x00007ff8211fe000 	C:\WINDOWS\System32\CRYPT32.dll
0x00007ff8201c0000 - 0x00007ff8201f0000 	C:\WINDOWS\SYSTEM32\ncrypt.dll
0x00007ff820170000 - 0x00007ff8201af000 	C:\WINDOWS\SYSTEM32\NTASN1.dll
0x00007ff813c90000 - 0x00007ff813c98000 	C:\WINDOWS\system32\wshunix.dll
0x000000006bb40000 - 0x000000006bbb3000 	D:\temp\native-platform17423455099537091167dir\gradle-fileevents.dll

JVMTI agents:
D:\gradle_cache\wrapper\dists\gradle-8.12-all\ejduaidbjup3bmmkhw3rie4zb\gradle-8.12\lib\agents\gradle-instrumentation-agent-8.12.jar path:C:\Users\user5\.vscode\extensions\redhat.java-1.56.0-win32-x64\jre\21.0.12.1-win32-x86_64\bin\instrument.dll, loaded, initialized, instrumentlib options:none

dbghelp: loaded successfully - version: 4.0.5 - missing functions: none
symbol engine: initialized successfully - sym options: 0x614 - pdb path: .;C:\Users\user5\.vscode\extensions\redhat.java-1.56.0-win32-x64\jre\21.0.12.1-win32-x86_64\bin;C:\WINDOWS\SYSTEM32;C:\WINDOWS\WinSxS\amd64_microsoft.windows.common-controls_6595b64144ccf1df_6.0.26100.9278_none_3e0d1ba8e3303201;C:\Users\user5\.vscode\extensions\redhat.java-1.56.0-win32-x64\jre\21.0.12.1-win32-x86_64\bin\server;D:\gradle_cache\native\1def1411415f61bf3af743bc5b6707747c0891f09f0c88961ee8f79bc544acac\windows-amd64;D:\gradle_cache\native\0.2.5\x86_64-windows-gnu;D:\temp\native-platform17423455099537091167dir

VM Arguments:
jvm_args: --add-opens=java.base/java.lang=ALL-UNNAMED --add-opens=java.base/java.lang.invoke=ALL-UNNAMED --add-opens=java.base/java.util=ALL-UNNAMED --add-opens=java.prefs/java.util.prefs=ALL-UNNAMED --add-exports=jdk.compiler/com.sun.tools.javac.api=ALL-UNNAMED --add-exports=jdk.compiler/com.sun.tools.javac.util=ALL-UNNAMED --add-opens=java.base/java.util=ALL-UNNAMED --add-opens=java.prefs/java.util.prefs=ALL-UNNAMED --add-opens=java.base/java.nio.charset=ALL-UNNAMED --add-opens=java.base/java.net=ALL-UNNAMED --add-opens=java.base/java.util.concurrent.atomic=ALL-UNNAMED --add-opens=java.xml/javax.xml.namespace=ALL-UNNAMED -XX:MaxMetaspaceSize=512m -XX:ReservedCodeCacheSize=256m -XX:+HeapDumpOnOutOfMemoryError -Xmx2G -Dfile.encoding=UTF-8 -Duser.country=IN -Duser.language=en -Duser.variant -javaagent:D:\gradle_cache\wrapper\dists\gradle-8.12-all\ejduaidbjup3bmmkhw3rie4zb\gradle-8.12\lib\agents\gradle-instrumentation-agent-8.12.jar 
java_command: org.gradle.launcher.daemon.bootstrap.GradleDaemon 8.12
java_class_path (initial): D:\gradle_cache\wrapper\dists\gradle-8.12-all\ejduaidbjup3bmmkhw3rie4zb\gradle-8.12\lib\gradle-daemon-main-8.12.jar
Launcher Type: SUN_STANDARD

[Global flags]
     intx CICompilerCount                          = 4                                         {product} {ergonomic}
   size_t CompressedClassSpaceSize                 = 436207616                                 {product} {ergonomic}
     uint ConcGCThreads                            = 3                                         {product} {ergonomic}
     uint G1ConcRefinementThreads                  = 10                                        {product} {ergonomic}
   size_t G1HeapRegionSize                         = 1048576                                   {product} {ergonomic}
    uintx GCDrainStackTargetSize                   = 64                                        {product} {ergonomic}
     bool HeapDumpOnOutOfMemoryError               = true                                   {manageable} {command line}
   size_t InitialHeapSize                          = 130023424                                 {product} {ergonomic}
   size_t MarkStackSize                            = 4194304                                   {product} {ergonomic}
   size_t MaxHeapSize                              = 2147483648                                {product} {command line}
   size_t MaxMetaspaceSize                         = 536870912                                 {product} {command line}
   size_t MaxNewSize                               = 1287651328                                {product} {ergonomic}
   size_t MinHeapDeltaBytes                        = 1048576                                   {product} {ergonomic}
   size_t MinHeapSize                              = 8388608                                   {product} {ergonomic}
    uintx NonNMethodCodeHeapSize                   = 5839372                                {pd product} {ergonomic}
    uintx NonProfiledCodeHeapSize                  = 131298042                              {pd product} {ergonomic}
    uintx ProfiledCodeHeapSize                     = 131298042                              {pd product} {ergonomic}
    uintx ReservedCodeCacheSize                    = 268435456                              {pd product} {command line}
     bool SegmentedCodeCache                       = true                                      {product} {ergonomic}
   size_t SoftMaxHeapSize                          = 2147483648                             {manageable} {ergonomic}
     bool UseCompressedOops                        = true                           {product lp64_product} {ergonomic}
     bool UseG1GC                                  = true                                      {product} {ergonomic}
     bool UseLargePagesIndividualAllocation        = false                                  {pd product} {ergonomic}

Logging:
Log output configuration:
 #0: stdout all=warning uptime,level,tags foldmultilines=false
 #1: stderr all=off uptime,level,tags foldmultilines=false

Release file:
JAVA_VERSION="21.0.12.1" 
MODULES="java.base java.compiler java.datatransfer java.xml java.prefs java.desktop java.instrument java.logging java.management java.security.sasl java.naming java.rmi java.management.rmi java.net.http java.scripting java.security.jgss java.transaction.xa java.sql java.sql.rowset java.xml.crypto java.se java.smartcardio jdk.accessibility jdk.internal.jvmstat jdk.attach jdk.charsets jdk.internal.opt jdk.zipfs jdk.compiler jdk.crypto.ec jdk.crypto.cryptoki jdk.crypto.mscapi jdk.dynalink jdk.internal.ed jdk.editpad jdk.hotspot.agent jdk.httpserver jdk.internal.le jdk.internal.vm.ci jdk.internal.vm.compiler jdk.internal.vm.compiler.management jdk.jartool jdk.javadoc jdk.jcmd jdk.management jdk.management.agent jdk.jconsole jdk.jdeps jdk.jdwp.agent jdk.jdi jdk.jfr jdk.jshell jdk.jsobject jdk.jstatd jdk.localedata jdk.management.jfr jdk.naming.dns jdk.naming.rmi jdk.net jdk.nio.mapmode jdk.random jdk.sctp jdk.security.auth jdk.security.jgss jdk.unsupported jdk.unsupported.desktop jdk.xml.dom" 

Environment Variables:
PATH=C:\Program Files\Common Files\Oracle\Java\javapath;C:\windows\system32;C:\windows;C:\windows\System32\Wbem;C:\windows\System32\WindowsPowerShell\v1.0\;C:\windows\System32\OpenSSH\;C:\Program Files (x86)\NVIDIA Corporation\PhysX\Common;C:\Program Files\NVIDIA Corporation\NVIDIA NvDLISR;C:\Users\Administrator\AppData\Local\Microsoft\WindowsApps;C:\Program Files\HP\OMEN-Broadcast\Common;C:\WINDOWS\system32;C:\WINDOWS;C:\WINDOWS\System32\Wbem;C:\WINDOWS\System32\WindowsPowerShell\v1.0\;C:\WINDOWS\System32\OpenSSH\;C:\src\flutter\bin;C:\Users\user5\AppData\Local\Android\Sdk\platform-tools;C:\Program Files\MySQL\MySQL Server 8.0\bin;C:\Program Files\Git\cmd;C:\Program Files\Git\mingw64\bin;C:\src\flutter\bin;C:\Program Files\Git\usr\bin;C:\Program Files\nodejs\;C:\Program Files\MySQL\MySQL Shell 8.0\bin\;C:\Users\user5\AppData\Local\Microsoft\WindowsApps;C:\Users\user5\AppData\Local\Programs\Microsoft VS Code\bin;C:\MinGW\bin;C:\Program Files\JetBrains\IntelliJ IDEA Community Edition 2025.1.1.1\bin;C:\Program Files\Git\cmd;;C:\Users\user5\AppData\Local\Programs\Antigravity IDE\bin;C:\Users\user5\AppData\Roaming\npm
USERNAME=User
OS=Windows_NT
PROCESSOR_IDENTIFIER=Intel64 Family 6 Model 154 Stepping 3, GenuineIntel
TMP=D:\temp
TEMP=D:\temp




Periodic native trim disabled

---------------  S Y S T E M  ---------------

OS:
 Windows 11 , 64 bit Build 26100 (10.0.26100.9444)
OS uptime: 0 days 2:02 hours
Hyper-V role detected

CPU: total 12 (initial active 12) (6 cores per cpu, 2 threads per core) family 6 model 154 stepping 3 microcode 0x435, cx8, cmov, fxsr, ht, mmx, 3dnowpref, sse, sse2, sse3, ssse3, sse4.1, sse4.2, popcnt, lzcnt, tsc, tscinvbit, avx, avx2, aes, erms, clmul, bmi1, bmi2, adx, sha, fma, vzeroupper, clflush, clflushopt, clwb, hv, serialize, rdtscp, rdpid, fsrm, f16c, cet_ibt, cet_ss
Processor Information for the first 12 processors :
  Max Mhz: 2000, Current Mhz: 2000, Mhz Limit: 2000

Memory: 4k page, system-wide physical 7832M (92M free)
TotalPageFile size 28208M (AvailPageFile size 6M)
current process WorkingSet (physical memory assigned to process): 161M, peak: 237M
current process commit charge ("private bytes"): 461M, peak: 463M

vm_info: OpenJDK 64-Bit Server VM (21.0.12.1+1-LTS) for windows-amd64 JRE (21.0.12.1+1-LTS), built on 2026-08-18T00:00:00Z by "admin" with MS VC++ 17.12 (VS2022)

END.
