#
# There is insufficient memory for the Java Runtime Environment to continue.
# Native memory allocation (mmap) failed to map 65536 bytes. Error detail: Failed to commit metaspace.
# Possible reasons:
#   The system is out of physical RAM or swap space
#   This process is running with CompressedOops enabled, and the Java Heap may be blocking the growth of the native heap
# Possible solutions:
#   Reduce memory load on the system
#   Increase physical memory or swap space
#   Check if swap backing store is full
#   Decrease Java heap size (-Xmx/-Xms)
#   Decrease number of Java threads
#   Decrease Java thread stack sizes (-Xss)
#   Set larger code cache with -XX:ReservedCodeCacheSize=
#
-XX:MaxMetaspaceSize=512m -XX:ReservedCodeCacheSize=256m -XX:+HeapDumpOnOutOfMemoryError -Xmx2G -Dfile.encoding=UTF-8 -Duser.country=IN -Duser.language=en -Duser.variant -javaagent:D:\gradle_cache\wrapper\dists\gradle-8.12-all\ejduaidbjup3bmmkhw3rie4zb\gradle-8.12\lib\agents\gradle-instrumentation-agent-8.12.jar org.gradle.launcher.daemon.bootstrap.GradleDaemon 8.12

Host: 12th Gen Intel(R) Core(TM) i5-12450H, 12 cores, 7G,  Windows 11 , 64 bit Build 26100 (10.0.26100.9444)
Time: Sun Sep 13 18:12:36 2026 India Standard Time elapsed time: 4095.770880 seconds (0d 1h 8m 15s)

---------------  T H R E A D  ---------------

Current thread (0x00000235ee59e0f0):  JavaThread "Daemon worker Thread 2"        [_thread_in_vm, id=6776, stack(0x000000c8a1200000,0x000000c8a1300000) (1024K)]

Stack: [0x000000c8a1200000,0x000000c8a1300000]
Native frames: (J=compiled Java code, j=interpreted, Vv=VM code, C=native code)
V  [jvm.dll+0x6d83e9]
V  [jvm.dll+0x8b5736]
V  [jvm.dll+0x8b7cee]
V  [jvm.dll+0x8b83d3]
V  [jvm.dll+0x284596]
V  [jvm.dll+0x8b147e]
V  [jvm.dll+0x679ad4]
V  [jvm.dll+0x1e849b]
V  [jvm.dll+0x1e825e]
V  [jvm.dll+0x67c3d2]
V  [jvm.dll+0x67c202]
V  [jvm.dll+0x67a4ae]
V  [jvm.dll+0x26e440]
V  [jvm.dll+0x684715]
V  [jvm.dll+0x21973e]
V  [jvm.dll+0x219be5]
V  [jvm.dll+0x21a5d8]
V  [jvm.dll+0x20f80e]
V  [jvm.dll+0x5b6a7f]
V  [jvm.dll+0x82f606]
V  [jvm.dll+0x479969]
V  [jvm.dll+0x48cde6]
C  [java.dll+0x1657]

Java frames: (J=compiled Java code, j=interpreted, Vv=VM code)
J 1810  java.lang.ClassLoader.defineClass0(Ljava/lang/ClassLoader;Ljava/lang/Class;Ljava/lang/String;[BIILjava/security/ProtectionDomain;ZILjava/lang/Object;)Ljava/lang/Class; java.base@21.0.12.1 (0 bytes) @ 0x00000235c0d4583c [0x00000235c0d45740+0x00000000000000fc]
J 2713 c1 java.lang.System$2.defineClass(Ljava/lang/ClassLoader;Ljava/lang/Class;Ljava/lang/String;[BLjava/security/ProtectionDomain;ZILjava/lang/Object;)Ljava/lang/Class; java.base@21.0.12.1 (21 bytes) @ 0x00000235b8ee44f4 [0x00000235b8ee4440+0x00000000000000b4]
J 2712 c1 java.lang.invoke.MethodHandles$Lookup$ClassDefiner.defineClass(ZLjava/lang/Object;)Ljava/lang/Class; java.base@21.0.12.1 (213 bytes) @ 0x00000235b8ee37fc [0x00000235b8ee32a0+0x000000000000055c]
J 8717 c1 java.lang.invoke.MethodHandles$Lookup$ClassDefiner.defineClass(Z)Ljava/lang/Class; java.base@21.0.12.1 (7 bytes) @ 0x00000235b984055c [0x00000235b98404c0+0x000000000000009c]
j  java.lang.invoke.MethodHandles$Lookup.defineClass([B)Ljava/lang/Class;+36 java.base@21.0.12.1
j  org.gradle.internal.classloader.ClassLoaderUtils$LookupClassDefiner.defineDecoratorClass(Ljava/lang/Class;Ljava/lang/ClassLoader;Ljava/lang/String;[B)Ljava/lang/Class;+22
J 9380 c1 org.gradle.internal.classloader.ClassLoaderUtils.defineDecorator(Ljava/lang/Class;Ljava/lang/ClassLoader;Ljava/lang/String;[B)Ljava/lang/Class; (13 bytes) @ 0x00000235b998e7d4 [0x00000235b998e740+0x0000000000000094]
J 9379 c1 org.gradle.model.internal.asm.AsmClassGenerator.define()Ljava/lang/Class; (12 bytes) @ 0x00000235b998e254 [0x00000235b998e000+0x0000000000000254]
j  org.gradle.internal.instantiation.generator.AsmBackedClassGenerator$ClassBuilderImpl.generate()Ljava/lang/Class;+12
J 7870 c1 org.gradle.internal.instantiation.generator.AbstractClassGenerator.generateUnderLock(Ljava/lang/Class;)Lorg/gradle/internal/instantiation/generator/AbstractClassGenerator$GeneratedClassImpl; (704 bytes) @ 0x00000235b976ab5c [0x00000235b9765f00+0x0000000000004c5c]
J 9514 c1 org.gradle.internal.instantiation.generator.AbstractClassGenerator$$Lambda+0x00000235d01afb40.apply(Ljava/lang/Object;)Ljava/lang/Object; (12 bytes) @ 0x00000235b99bef2c [0x00000235b99bedc0+0x000000000000016c]
J 5013 c1 org.gradle.cache.internal.DefaultCrossBuildInMemoryCacheFactory$AbstractCrossBuildInMemoryCache.get(Ljava/lang/Object;Ljava/util/function/Function;)Ljava/lang/Object; (65 bytes) @ 0x00000235b89b070c [0x00000235b89b0500+0x000000000000020c]
j  org.gradle.internal.instantiation.generator.AbstractClassGenerator.generate(Ljava/lang/Class;)Lorg/gradle/internal/instantiation/generator/ClassGenerator$GeneratedClass;+12
j  org.gradle.internal.instantiation.generator.AsmBackedClassGenerator.generate(Ljava/lang/Class;)Lorg/gradle/internal/instantiation/generator/ClassGenerator$GeneratedClass;+2
j  org.gradle.internal.instantiation.generator.Jsr330ConstructorSelector.lambda$forType$0(Ljava/lang/Class;)Lorg/gradle/internal/instantiation/generator/Jsr330ConstructorSelector$CachedConstructor;+9
j  org.gradle.internal.instantiation.generator.Jsr330ConstructorSelector$$Lambda+0x00000235d01cc218.get()Ljava/lang/Object;+8
J 7998 c1 org.gradle.cache.Cache$$Lambda+0x00000235d010f890.apply(Ljava/lang/Object;)Ljava/lang/Object; (9 bytes) @ 0x00000235b97a4484 [0x00000235b97a4340+0x0000000000000144]
J 5013 c1 org.gradle.cache.internal.DefaultCrossBuildInMemoryCacheFactory$AbstractCrossBuildInMemoryCache.get(Ljava/lang/Object;Ljava/util/function/Function;)Ljava/lang/Object; (65 bytes) @ 0x00000235b89b070c [0x00000235b89b0500+0x000000000000020c]
J 6445 c1 org.gradle.cache.Cache.get(Ljava/lang/Object;Ljava/util/function/Supplier;)Ljava/lang/Object; (14 bytes) @ 0x00000235b94b974c [0x00000235b94b9220+0x000000000000052c]
J 6657 c1 org.gradle.internal.instantiation.generator.Jsr330ConstructorSelector.forType(Ljava/lang/Class;)Lorg/gradle/internal/instantiation/generator/ClassGenerator$GeneratedConstructor; (32 bytes) @ 0x00000235b951625c [0x00000235b9515d60+0x00000000000004fc]
J 6745 c1 org.gradle.internal.instantiation.generator.Jsr330ConstructorSelector.forParams(Ljava/lang/Class;[Ljava/lang/Object;)Lorg/gradle/internal/instantiation/generator/ClassGenerator$GeneratedConstructor; (6 bytes) @ 0x00000235b9535054 [0x00000235b9534fc0+0x0000000000000094]
J 5260 c1 org.gradle.internal.instantiation.generator.DependencyInjectingInstantiator.doCreate(Ljava/lang/Class;Lorg/gradle/api/Describable;[Ljava/lang/Object;)Ljava/lang/Object; (64 bytes) @ 0x00000235b8c96bcc [0x00000235b8c96aa0+0x000000000000012c]
j  org.gradle.internal.instantiation.generator.DependencyInjectingInstantiator.newInstanceWithDisplayName(Ljava/lang/Class;Lorg/gradle/api/Describable;[Ljava/lang/Object;)Ljava/lang/Object;+4
j  org.gradle.api.internal.project.taskfactory.TaskFactory$1.call()Lorg/gradle/api/Task;+31
j  org.gradle.api.internal.project.taskfactory.TaskFactory$1.call()Ljava/lang/Object;+1
j  org.gradle.internal.UncheckedException.uncheckedCall(Ljava/util/concurrent/Callable;)Ljava/lang/Object;+1
j  org.gradle.api.internal.AbstractTask.injectIntoNewInstance(Lorg/gradle/api/internal/project/ProjectInternal;Lorg/gradle/api/internal/project/taskfactory/TaskIdentity;Ljava/util/concurrent/Callable;)Lorg/gradle/api/Task;+17
j  org.gradle.api.internal.project.taskfactory.TaskFactory.create(Lorg/gradle/api/internal/project/taskfactory/TaskIdentity;[Ljava/lang/Object;)Lorg/gradle/api/Task;+221
j  org.gradle.api.internal.project.taskfactory.AnnotationProcessingTaskFactory.create(Lorg/gradle/api/internal/project/taskfactory/TaskIdentity;[Ljava/lang/Object;)Lorg/gradle/api/Task;+7
j  org.gradle.api.internal.tasks.DefaultTaskContainer.createTask(Lorg/gradle/api/internal/project/taskfactory/TaskIdentity;[Ljava/lang/Object;)Lorg/gradle/api/Task;+67
j  org.gradle.api.internal.tasks.DefaultTaskContainer.access$200(Lorg/gradle/api/internal/tasks/DefaultTaskContainer;Lorg/gradle/api/internal/project/taskfactory/TaskIdentity;[Ljava/lang/Object;)Lorg/gradle/api/Task;+3
j  org.gradle.api.internal.tasks.DefaultTaskContainer$TaskCreatingProvider.createDomainObject()Lorg/gradle/api/Task;+12
j  org.gradle.api.internal.tasks.DefaultTaskContainer$TaskCreatingProvider.createDomainObject()Ljava/lang/Object;+1
j  org.gradle.api.internal.DefaultNamedDomainObjectCollection$AbstractDomainObjectCreatingProvider.tryCreate()V+30
j  org.gradle.api.internal.tasks.DefaultTaskContainer$TaskCreatingProvider.access$1401(Lorg/gradle/api/internal/tasks/DefaultTaskContainer$TaskCreatingProvider;)V+1
j  org.gradle.api.internal.tasks.DefaultTaskContainer$TaskCreatingProvider$1.run(Lorg/gradle/internal/operations/BuildOperationContext;)V+4
J 9199 c1 org.gradle.internal.operations.DefaultBuildOperationRunner$1.execute(Lorg/gradle/internal/operations/BuildOperation;Lorg/gradle/internal/operations/BuildOperationContext;)V (10 bytes) @ 0x00000235b99262c4 [0x00000235b9926060+0x0000000000000264]
J 7963 c1 org.gradle.internal.operations.DefaultBuildOperationRunner$2.execute(Lorg/gradle/internal/operations/BuildOperationDescriptor;Lorg/gradle/internal/operations/BuildOperationState;Lorg/gradle/internal/operations/BuildOperationState;Lorg/gradle/internal/operations/DefaultBuildOperationRunner$ReadableBuildOperationContext;Lorg/gradle/internal/operations/DefaultBuildOperationRunner$BuildOperationExecutionListener;)Lorg/gradle/internal/operations/BuildOperation; (110 bytes) @ 0x00000235b9798644 [0x00000235b9798440+0x0000000000000204]
J 7969 c1 org.gradle.internal.operations.DefaultBuildOperationRunner$2.execute(Lorg/gradle/internal/operations/BuildOperationDescriptor;Lorg/gradle/internal/operations/BuildOperationState;Lorg/gradle/internal/operations/BuildOperationState;Lorg/gradle/internal/operations/DefaultBuildOperationRunner$ReadableBuildOperationContext;Lorg/gradle/internal/operations/DefaultBuildOperationRunner$BuildOperationExecutionListener;)Ljava/lang/Object; (12 bytes) @ 0x00000235b979d4bc [0x00000235b979d440+0x000000000000007c]
J 7688 c1 org.gradle.internal.operations.DefaultBuildOperationRunner.execute(Lorg/gradle/internal/operations/BuildOperationDescriptor$Builder;Lorg/gradle/internal/operations/BuildOperationState;Lorg/gradle/internal/operations/DefaultBuildOperationRunner$BuildOperationExecution;)Ljava/lang/Object; (147 bytes) @ 0x00000235b96fb4d4 [0x00000235b96fa980+0x0000000000000b54]
J 7370 c1 org.gradle.internal.operations.DefaultBuildOperationRunner.execute(Lorg/gradle/internal/operations/BuildOperation;Lorg/gradle/internal/operations/BuildOperationWorker;Lorg/gradle/internal/operations/BuildOperationState;)V (23 bytes) @ 0x00000235b9656714 [0x00000235b9656460+0x00000000000002b4]
J 9198 c1 org.gradle.internal.operations.DefaultBuildOperationRunner.run(Lorg/gradle/internal/operations/RunnableBuildOperation;)V (13 bytes) @ 0x00000235b9925b5c [0x00000235b9925780+0x00000000000003dc]
j  org.gradle.api.internal.tasks.DefaultTaskContainer$TaskCreatingProvider.tryCreate()V+15
j  org.gradle.api.internal.DefaultNamedDomainObjectCollection$AbstractDomainObjectCreatingProvider.calculateOwnValue(Lorg/gradle/api/internal/provider/ValueSupplier$ValueConsumer;)Lorg/gradle/api/internal/provider/ValueSupplier$Value;+60
j  org.gradle.api.internal.provider.AbstractMinimalProvider.calculateOwnPresentValue()Lorg/gradle/api/internal/provider/ValueSupplier$Value;+4
j  org.gradle.api.internal.provider.AbstractMinimalProvider.get()Ljava/lang/Object;+1
j  org.gradle.api.internal.DefaultNamedDomainObjectCollection$AbstractDomainObjectCreatingProvider.get()Ljava/lang/Object;+20
j  org.gradle.api.internal.tasks.DefaultTaskContainer$TaskCreatingProvider.getProducer()Lorg/gradle/api/internal/provider/ValueSupplier$ValueProducer;+1
j  org.gradle.api.internal.provider.TransformBackedProvider.beforeRead(Lorg/gradle/internal/evaluation/EvaluationScopeContext;)V+4
j  org.gradle.api.internal.provider.TransformBackedProvider.calculateOwnValue(Lorg/gradle/api/internal/provider/ValueSupplier$ValueConsumer;)Lorg/gradle/api/internal/provider/ValueSupplier$Value;+7
j  org.gradle.api.internal.provider.AbstractMinimalProvider.calculateOwnPresentValue()Lorg/gradle/api/internal/provider/ValueSupplier$Value;+4
j  org.gradle.api.internal.provider.AbstractMinimalProvider.get()Ljava/lang/Object;+1
j  org.gradle.api.internal.provider.ProviderResolutionStrategy$2.resolve(Lorg/gradle/api/provider/Provider;)Ljava/lang/Object;+1
j  org.gradle.api.internal.file.collections.ProviderBackedFileCollection.visitChildren(Ljava/util/function/Consumer;)V+30
j  org.gradle.api.internal.file.CompositeFileCollection.visitContents(Lorg/gradle/api/internal/file/FileCollectionStructureVisitor;)V+7
j  org.gradle.api.internal.file.AbstractFileCollection.visitStructure(Lorg/gradle/api/internal/file/FileCollectionStructureVisitor;)V+15
j  org.gradle.api.internal.file.CompositeFileCollection.lambda$visitContents$0(Lorg/gradle/api/internal/file/FileCollectionStructureVisitor;Lorg/gradle/api/internal/file/FileCollectionInternal;)V+2
j  org.gradle.api.internal.file.CompositeFileCollection$$Lambda+0x00000235d07e4270.accept(Ljava/lang/Object;)V+8
j  org.gradle.api.internal.file.collections.UnpackingVisitor.add(Ljava/lang/Object;)V+97
j  org.gradle.api.internal.file.DefaultFileCollectionFactory$ResolvingFileCollection.visitChildren(Ljava/util/function/Consumer;)V+31
j  org.gradle.api.internal.file.CompositeFileCollection.visitContents(Lorg/gradle/api/internal/file/FileCollectionStructureVisitor;)V+7
j  org.gradle.api.internal.file.AbstractFileCollection.getFiles()Ljava/util/Set;+18
j  org.gradle.api.internal.file.AbstractFileCollection.iterator()Ljava/util/Iterator;+1
j  org.gradle.internal.cleanup.DefaultBuildOutputCleanupRegistry.resolveOutputs()V+45
j  org.gradle.internal.build.DefaultBuildWorkPreparer.finalizeWorkGraph(Lorg/gradle/api/internal/GradleInternal;Lorg/gradle/execution/plan/ExecutionPlan;)Lorg/gradle/execution/plan/FinalizedExecutionPlan;+62
j  org.gradle.internal.build.BuildOperationFiringBuildWorkPreparer.finalizeWorkGraph(Lorg/gradle/api/internal/GradleInternal;Lorg/gradle/execution/plan/ExecutionPlan;)Lorg/gradle/execution/plan/FinalizedExecutionPlan;+6
j  org.gradle.internal.build.DefaultBuildLifecycleController.lambda$finalizeWorkGraph$9(Lorg/gradle/internal/build/DefaultBuildLifecycleController$DefaultBuildWorkPlan;)V+55
j  org.gradle.internal.build.DefaultBuildLifecycleController$$Lambda+0x00000235d0a9a000.run()V+8
j  org.gradle.internal.model.StateTransitionController.lambda$doTransition$14(Ljava/lang/Runnable;)Lorg/gradle/internal/build/ExecutionResult;+1
j  org.gradle.internal.model.StateTransitionController$$Lambda+0x00000235d04148a0.get()Ljava/lang/Object;+4
j  org.gradle.internal.model.StateTransitionController.doTransition(Lorg/gradle/internal/model/StateTransitionController$State;Lorg/gradle/internal/model/StateTransitionController$State;Ljava/util/function/Supplier;)Lorg/gradle/internal/build/ExecutionResult;+24
j  org.gradle.internal.model.StateTransitionController.doTransition(Lorg/gradle/internal/model/StateTransitionController$State;Lorg/gradle/internal/model/StateTransitionController$State;Ljava/lang/Runnable;)V+9
j  org.gradle.internal.model.StateTransitionController.lambda$transition$5(Lorg/gradle/internal/model/StateTransitionController$State;Lorg/gradle/internal/model/StateTransitionController$State;Ljava/lang/Runnable;)V+4
j  org.gradle.internal.model.StateTransitionController$$Lambda+0x00000235d06b9780.run()V+16
j  org.gradle.internal.work.DefaultSynchronizer.withLock(Ljava/lang/Runnable;)V+6
j  org.gradle.internal.model.StateTransitionController.transition(Lorg/gradle/internal/model/StateTransitionController$State;Lorg/gradle/internal/model/StateTransitionController$State;Ljava/lang/Runnable;)V+13
j  org.gradle.internal.build.DefaultBuildLifecycleController.finalizeWorkGraph(Lorg/gradle/execution/plan/BuildWorkPlan;)V+31
j  org.gradle.internal.build.DefaultBuildWorkGraphController$DefaultBuildWorkGraph.finalizeGraph()V+22
j  org.gradle.composite.internal.DefaultBuildController.finalizeWorkGraph()V+94
j  org.gradle.composite.internal.DefaultBuildControllers.populateWorkGraphs()V+95
j  org.gradle.composite.internal.DefaultIncludedBuildTaskGraph$DefaultBuildTreeWorkGraph$1.run(Lorg/gradle/internal/operations/BuildOperationContext;)V+52
J 9199 c1 org.gradle.internal.operations.DefaultBuildOperationRunner$1.execute(Lorg/gradle/internal/operations/BuildOperation;Lorg/gradle/internal/operations/BuildOperationContext;)V (10 bytes) @ 0x00000235b99262c4 [0x00000235b9926060+0x0000000000000264]
J 7963 c1 org.gradle.internal.operations.DefaultBuildOperationRunner$2.execute(Lorg/gradle/internal/operations/BuildOperationDescriptor;Lorg/gradle/internal/operations/BuildOperationState;Lorg/gradle/internal/operations/BuildOperationState;Lorg/gradle/internal/operations/DefaultBuildOperationRunner$ReadableBuildOperationContext;Lorg/gradle/internal/operations/DefaultBuildOperationRunner$BuildOperationExecutionListener;)Lorg/gradle/internal/operations/BuildOperation; (110 bytes) @ 0x00000235b9798644 [0x00000235b9798440+0x0000000000000204]
J 7969 c1 org.gradle.internal.operations.DefaultBuildOperationRunner$2.execute(Lorg/gradle/internal/operations/BuildOperationDescriptor;Lorg/gradle/internal/operations/BuildOperationState;Lorg/gradle/internal/operations/BuildOperationState;Lorg/gradle/internal/operations/DefaultBuildOperationRunner$ReadableBuildOperationContext;Lorg/gradle/internal/operations/DefaultBuildOperationRunner$BuildOperationExecutionListener;)Ljava/lang/Object; (12 bytes) @ 0x00000235b979d4bc [0x00000235b979d440+0x000000000000007c]
J 7688 c1 org.gradle.internal.operations.DefaultBuildOperationRunner.execute(Lorg/gradle/internal/operations/BuildOperationDescriptor$Builder;Lorg/gradle/internal/operations/BuildOperationState;Lorg/gradle/internal/operations/DefaultBuildOperationRunner$BuildOperationExecution;)Ljava/lang/Object; (147 bytes) @ 0x00000235b96fb4d4 [0x00000235b96fa980+0x0000000000000b54]
J 7370 c1 org.gradle.internal.operations.DefaultBuildOperationRunner.execute(Lorg/gradle/internal/operations/BuildOperation;Lorg/gradle/internal/operations/BuildOperationWorker;Lorg/gradle/internal/operations/BuildOperationState;)V (23 bytes) @ 0x00000235b9656714 [0x00000235b9656460+0x00000000000002b4]
J 9198 c1 org.gradle.internal.operations.DefaultBuildOperationRunner.run(Lorg/gradle/internal/operations/RunnableBuildOperation;)V (13 bytes) @ 0x00000235b9925b5c [0x00000235b9925780+0x00000000000003dc]
j  org.gradle.composite.internal.DefaultIncludedBuildTaskGraph$DefaultBuildTreeWorkGraph.scheduleWork(Ljava/util/function/Consumer;)Lorg/gradle/internal/buildtree/BuildTreeWorkGraph$FinalizedGraph;+34
j  org.gradle.api.internal.initialization.DefaultBuildLogicBuildQueue.lambda$doBuild$4(Ljava/util/List;Lorg/gradle/internal/buildtree/BuildTreeWorkGraph;)Ljava/lang/Object;+7
j  org.gradle.api.internal.initialization.DefaultBuildLogicBuildQueue$$Lambda+0x00000235d0a79a00.apply(Ljava/lang/Object;)Ljava/lang/Object;+8
j  org.gradle.composite.internal.DefaultIncludedBuildTaskGraph.withNewWorkGraph(Ljava/util/function/Function;)Ljava/lang/Object;+30
j  org.gradle.api.internal.initialization.DefaultBuildLogicBuildQueue.doBuild(Ljava/util/List;Ljava/util/function/Supplier;)Ljava/lang/Object;+10
j  org.gradle.api.internal.initialization.DefaultBuildLogicBuildQueue.lambda$build$0(Ljava/util/List;Ljava/util/function/Supplier;)Ljava/lang/Object;+3
j  org.gradle.api.internal.initialization.DefaultBuildLogicBuildQueue$$Lambda+0x00000235d0a7fda0.get()Ljava/lang/Object;+12
j  org.gradle.api.internal.initialization.DefaultBuildLogicBuildQueue.withBuildLogicQueueLock(Ljava/util/function/Supplier;)Ljava/lang/Object;+34
j  org.gradle.api.internal.initialization.DefaultBuildLogicBuildQueue.build(Lorg/gradle/internal/build/BuildState;Ljava/util/List;Ljava/util/function/Supplier;)Ljava/lang/Object;+27
j  org.gradle.api.internal.initialization.DefaultBuildLogicBuilder.resolveClassPath(Lorg/gradle/api/artifacts/Configuration;Lorg/gradle/api/internal/initialization/ScriptClassPathResolutionContext;)Lorg/gradle/internal/classpath/ClassPath;+21
j  org.gradle.api.internal.initialization.DefaultScriptHandler.lambda$getInstrumentedScriptClassPath$0()Lorg/gradle/internal/classpath/ClassPath;+12
j  org.gradle.api.internal.initialization.DefaultScriptHandler$$Lambda+0x00000235d07b5778.create()Ljava/lang/Object;+4
j  org.gradle.api.internal.artifacts.configurations.DefaultConfiguration.callAndResetResolutionState(Lorg/gradle/internal/Factory;)Ljava/lang/Object;+28
j  org.gradle.api.internal.initialization.DefaultScriptHandler.getInstrumentedScriptClassPath()Lorg/gradle/internal/classpath/ClassPath;+54
j  org.gradle.plugin.use.internal.DefaultPluginRequestApplicator.applyPlugins(Lorg/gradle/plugin/management/internal/PluginRequests;Lorg/gradle/api/internal/initialization/ScriptHandlerInternal;Lorg/gradle/api/internal/plugins/PluginManagerInternal;Lorg/gradle/api/internal/initialization/ClassLoaderScope;)V+326
j  org.gradle.kotlin.dsl.provider.PluginRequestsHandler.handle(Lorg/gradle/plugin/management/internal/PluginRequests;Lorg/gradle/api/internal/initialization/ScriptHandlerInternal;Lorg/gradle/api/internal/plugins/PluginAwareInternal;Lorg/gradle/api/internal/initialization/ClassLoaderScope;)V+65
j  org.gradle.kotlin.dsl.provider.StandardKotlinScriptEvaluator$InterpreterHost.applyPluginsTo(Lorg/gradle/kotlin/dsl/support/KotlinScriptHost;Lorg/gradle/plugin/management/internal/PluginRequests;)V+52
j  org.gradle.kotlin.dsl.execution.Interpreter$ProgramHost.applyPluginsTo(Lorg/gradle/kotlin/dsl/support/KotlinScriptHost;Lorg/gradle/plugin/management/internal/PluginRequests;)V+21
j  Program.execute(Lorg/gradle/kotlin/dsl/execution/ExecutableProgram$Host;Lorg/gradle/kotlin/dsl/support/KotlinScriptHost;)V+45
j  org.gradle.kotlin.dsl.execution.Interpreter$ProgramHost.eval(Lorg/gradle/kotlin/dsl/execution/CompiledScript;Lorg/gradle/kotlin/dsl/support/KotlinScriptHost;)V+88
j  org.gradle.kotlin.dsl.execution.Interpreter.eval(Ljava/lang/Object;Lorg/gradle/groovy/scripts/ScriptSource;Lorg/gradle/internal/hash/HashCode;Lorg/gradle/api/initialization/dsl/ScriptHandler;Lorg/gradle/api/internal/initialization/ClassLoaderScope;Lorg/gradle/api/internal/initialization/ClassLoaderScope;ZLjava/util/EnumSet;)V+171
j  org.gradle.kotlin.dsl.provider.StandardKotlinScriptEvaluator.evaluate(Ljava/lang/Object;Lorg/gradle/groovy/scripts/ScriptSource;Lorg/gradle/api/initialization/dsl/ScriptHandler;Lorg/gradle/api/internal/initialization/ClassLoaderScope;Lorg/gradle/api/internal/initialization/ClassLoaderScope;ZLjava/util/EnumSet;)V+163
j  org.gradle.kotlin.dsl.provider.KotlinScriptPluginFactory$create$1.invoke(Ljava/lang/Object;)V+253
j  org.gradle.kotlin.dsl.provider.KotlinScriptPluginFactory$create$1.invoke(Ljava/lang/Object;)Ljava/lang/Object;+2
j  org.gradle.kotlin.dsl.provider.KotlinScriptPlugin.apply(Ljava/lang/Object;)V+22
j  org.gradle.configuration.BuildOperationScriptPlugin$1.run(Lorg/gradle/internal/operations/BuildOperationContext;)V+11
j  org.gradle.internal.operations.DefaultBuildOperationRunner$1.execute(Lorg/gradle/internal/operations/RunnableBuildOperation;Lorg/gradle/internal/operations/BuildOperationContext;)V+2
j  org.gradle.internal.operations.DefaultBuildOperationRunner$1.execute(Lorg/gradle/internal/operations/BuildOperation;Lorg/gradle/internal/operations/BuildOperationContext;)V+6
j  org.gradle.internal.operations.DefaultBuildOperationRunner$2.execute(Lorg/gradle/internal/operations/BuildOperationDescriptor;Lorg/gradle/internal/operations/BuildOperationState;Lorg/gradle/internal/operations/BuildOperationState;Lorg/gradle/internal/operations/DefaultBuildOperationRunner$ReadableBuildOperationContext;Lorg/gradle/internal/operations/DefaultBuildOperationRunner$BuildOperationExecutionListener;)Lorg/gradle/internal/operations/BuildOperation;+22
j  org.gradle.internal.operations.DefaultBuildOperationRunner$2.execute(Lorg/gradle/internal/operations/BuildOperationDescriptor;Lorg/gradle/internal/operations/BuildOperationState;Lorg/gradle/internal/operations/BuildOperationState;Lorg/gradle/internal/operations/DefaultBuildOperationRunner$ReadableBuildOperationContext;Lorg/gradle/internal/operations/DefaultBuildOperationRunner$BuildOperationExecutionListener;)Ljava/lang/Object;+8
j  org.gradle.internal.operations.DefaultBuildOperationRunner.execute(Lorg/gradle/internal/operations/BuildOperationDescriptor$Builder;Lorg/gradle/internal/operations/BuildOperationState;Lorg/gradle/internal/operations/DefaultBuildOperationRunner$BuildOperationExecution;)Ljava/lang/Object;+141
j  org.gradle.internal.operations.DefaultBuildOperationRunner.execute(Lorg/gradle/internal/operations/BuildOperation;Lorg/gradle/internal/operations/BuildOperationWorker;Lorg/gradle/internal/operations/BuildOperationState;)V+18
j  org.gradle.internal.operations.DefaultBuildOperationRunner.run(Lorg/gradle/internal/operations/RunnableBuildOperation;)V+9
j  org.gradle.configuration.BuildOperationScriptPlugin.lambda$apply$0(Ljava/lang/Object;Lorg/gradle/internal/code/UserCodeApplicationId;)V+14
j  org.gradle.configuration.BuildOperationScriptPlugin$$Lambda+0x00000235d051ea78.execute(Ljava/lang/Object;)V+12
j  org.gradle.internal.code.DefaultUserCodeApplicationContext.apply(Lorg/gradle/internal/code/UserCodeSource;Lorg/gradle/api/Action;)V+37
j  org.gradle.configuration.BuildOperationScriptPlugin.apply(Ljava/lang/Object;)V+71
j  org.gradle.initialization.ScriptEvaluatingSettingsProcessor.applySettingsScript(Lorg/gradle/groovy/scripts/TextResourceScriptSource;Lorg/gradle/api/internal/SettingsInternal;)V+32
j  org.gradle.initialization.ScriptEvaluatingSettingsProcessor.process(Lorg/gradle/api/internal/GradleInternal;Lorg/gradle/initialization/SettingsLocation;Lorg/gradle/api/internal/initialization/ClassLoaderScope;Lorg/gradle/StartParameter;)Lorg/gradle/initialization/SettingsState;+90
j  org.gradle.initialization.SettingsEvaluatedCallbackFiringSettingsProcessor.process(Lorg/gradle/api/internal/GradleInternal;Lorg/gradle/initialization/SettingsLocation;Lorg/gradle/api/internal/initialization/ClassLoaderScope;Lorg/gradle/StartParameter;)Lorg/gradle/initialization/SettingsState;+9
j  org.gradle.initialization.RootBuildCacheControllerSettingsProcessor.process(Lorg/gradle/api/internal/GradleInternal;Lorg/gradle/initialization/SettingsLocation;Lorg/gradle/api/internal/initialization/ClassLoaderScope;Lorg/gradle/StartParameter;)Lorg/gradle/initialization/SettingsState;+9
j  org.gradle.initialization.BuildOperationSettingsProcessor$2.call(Lorg/gradle/internal/operations/BuildOperationContext;)Lorg/gradle/initialization/SettingsState;+23
j  org.gradle.initialization.BuildOperationSettingsProcessor$2.call(Lorg/gradle/internal/operations/BuildOperationContext;)Ljava/lang/Object;+2
j  org.gradle.internal.operations.DefaultBuildOperationRunner$CallableBuildOperationWorker.execute(Lorg/gradle/internal/operations/CallableBuildOperation;Lorg/gradle/internal/operations/BuildOperationContext;)V+3
j  org.gradle.internal.operations.DefaultBuildOperationRunner$CallableBuildOperationWorker.execute(Lorg/gradle/internal/operations/BuildOperation;Lorg/gradle/internal/operations/BuildOperationContext;)V+6
j  org.gradle.internal.operations.DefaultBuildOperationRunner$2.execute(Lorg/gradle/internal/operations/BuildOperationDescriptor;Lorg/gradle/internal/operations/BuildOperationState;Lorg/gradle/internal/operations/BuildOperationState;Lorg/gradle/internal/operations/DefaultBuildOperationRunner$ReadableBuildOperationContext;Lorg/gradle/internal/operations/DefaultBuildOperationRunner$BuildOperationExecutionListener;)Lorg/gradle/internal/operations/BuildOperation;+22
j  org.gradle.internal.operations.DefaultBuildOperationRunner$2.execute(Lorg/gradle/internal/operations/BuildOperationDescriptor;Lorg/gradle/internal/operations/BuildOperationState;Lorg/gradle/internal/operations/BuildOperationState;Lorg/gradle/internal/operations/DefaultBuildOperationRunner$ReadableBuildOperationContext;Lorg/gradle/internal/operations/DefaultBuildOperationRunner$BuildOperationExecutionListener;)Ljava/lang/Object;+8
j  org.gradle.internal.operations.DefaultBuildOperationRunner.execute(Lorg/gradle/internal/operations/BuildOperationDescriptor$Builder;Lorg/gradle/internal/operations/BuildOperationState;Lorg/gradle/internal/operations/DefaultBuildOperationRunner$BuildOperationExecution;)Ljava/lang/Object;+141
j  org.gradle.internal.operations.DefaultBuildOperationRunner.execute(Lorg/gradle/internal/operations/BuildOperation;Lorg/gradle/internal/operations/BuildOperationWorker;Lorg/gradle/internal/operations/BuildOperationState;)V+18
j  org.gradle.internal.operations.DefaultBuildOperationRunner.call(Lorg/gradle/internal/operations/CallableBuildOperation;)Ljava/lang/Object;+16
j  org.gradle.initialization.BuildOperationSettingsProcessor.process(Lorg/gradle/api/internal/GradleInternal;Lorg/gradle/initialization/SettingsLocation;Lorg/gradle/api/internal/initialization/ClassLoaderScope;Lorg/gradle/StartParameter;)Lorg/gradle/initialization/SettingsState;+17
j  org.gradle.initialization.DefaultSettingsLoader.findSettingsAndLoadIfAppropriate(Lorg/gradle/api/internal/GradleInternal;Lorg/gradle/StartParameter;Lorg/gradle/initialization/SettingsLocation;Lorg/gradle/api/internal/initialization/ClassLoaderScope;)Lorg/gradle/initialization/SettingsState;+9
j  org.gradle.initialization.DefaultSettingsLoader.findAndLoadSettings(Lorg/gradle/api/internal/GradleInternal;)Lorg/gradle/initialization/SettingsState;+103
j  org.gradle.initialization.SettingsAttachingSettingsLoader.findAndLoadSettings(Lorg/gradle/api/internal/GradleInternal;)Lorg/gradle/initialization/SettingsState;+5
j  org.gradle.internal.composite.CommandLineIncludedBuildSettingsLoader.findAndLoadSettings(Lorg/gradle/api/internal/GradleInternal;)Lorg/gradle/initialization/SettingsState;+5
j  org.gradle.internal.composite.ChildBuildRegisteringSettingsLoader.findAndLoadSettings(Lorg/gradle/api/internal/GradleInternal;)Lorg/gradle/initialization/SettingsState;+5
j  org.gradle.internal.composite.CompositeBuildSettingsLoader.findAndLoadSettings(Lorg/gradle/api/internal/GradleInternal;)Lorg/gradle/initialization/SettingsState;+5
j  org.gradle.initialization.InitScriptHandlingSettingsLoader.findAndLoadSettings(Lorg/gradle/api/internal/GradleInternal;)Lorg/gradle/initialization/SettingsState;+13
j  org.gradle.api.internal.initialization.CacheConfigurationsHandlingSettingsLoader.findAndLoadSettings(Lorg/gradle/api/internal/GradleInternal;)Lorg/gradle/initialization/SettingsState;+15
j  org.gradle.initialization.GradlePropertiesHandlingSettingsLoader.findAndLoadSettings(Lorg/gradle/api/internal/GradleInternal;)Lorg/gradle/initialization/SettingsState;+40
j  org.gradle.initialization.DefaultSettingsPreparer.prepareSettings(Lorg/gradle/api/internal/GradleInternal;)V+33
j  org.gradle.initialization.BuildOperationFiringSettingsPreparer$LoadBuild.doLoadBuild()V+11
j  org.gradle.initialization.BuildOperationFiringSettingsPreparer$LoadBuild.run(Lorg/gradle/internal/operations/BuildOperationContext;)V+1
j  org.gradle.internal.operations.DefaultBuildOperationRunner$1.execute(Lorg/gradle/internal/operations/RunnableBuildOperation;Lorg/gradle/internal/operations/BuildOperationContext;)V+2
j  org.gradle.internal.operations.DefaultBuildOperationRunner$1.execute(Lorg/gradle/internal/operations/BuildOperation;Lorg/gradle/internal/operations/BuildOperationContext;)V+6
j  org.gradle.internal.operations.DefaultBuildOperationRunner$2.execute(Lorg/gradle/internal/operations/BuildOperationDescriptor;Lorg/gradle/internal/operations/BuildOperationState;Lorg/gradle/internal/operations/BuildOperationState;Lorg/gradle/internal/operations/DefaultBuildOperationRunner$ReadableBuildOperationContext;Lorg/gradle/internal/operations/DefaultBuildOperationRunner$BuildOperationExecutionListener;)Lorg/gradle/internal/operations/BuildOperation;+22
j  org.gradle.internal.operations.DefaultBuildOperationRunner$2.execute(Lorg/gradle/internal/operations/BuildOperationDescriptor;Lorg/gradle/internal/operations/BuildOperationState;Lorg/gradle/internal/operations/BuildOperationState;Lorg/gradle/internal/operations/DefaultBuildOperationRunner$ReadableBuildOperationContext;Lorg/gradle/internal/operations/DefaultBuildOperationRunner$BuildOperationExecutionListener;)Ljava/lang/Object;+8
j  org.gradle.internal.operations.DefaultBuildOperationRunner.execute(Lorg/gradle/internal/operations/BuildOperationDescriptor$Builder;Lorg/gradle/internal/operations/BuildOperationState;Lorg/gradle/internal/operations/DefaultBuildOperationRunner$BuildOperationExecution;)Ljava/lang/Object;+141
j  org.gradle.internal.operations.DefaultBuildOperationRunner.execute(Lorg/gradle/internal/operations/BuildOperation;Lorg/gradle/internal/operations/BuildOperationWorker;Lorg/gradle/internal/operations/BuildOperationState;)V+18
j  org.gradle.internal.operations.DefaultBuildOperationRunner.run(Lorg/gradle/internal/operations/RunnableBuildOperation;)V+9
j  org.gradle.initialization.BuildOperationFiringSettingsPreparer.prepareSettings(Lorg/gradle/api/internal/GradleInternal;)V+31
j  org.gradle.initialization.VintageBuildModelController.lambda$prepareSettings$1()V+8
j  org.gradle.initialization.VintageBuildModelController$$Lambda+0x00000235d0414450.run()V+4
j  org.gradle.internal.model.StateTransitionController.lambda$doTransition$14(Ljava/lang/Runnable;)Lorg/gradle/internal/build/ExecutionResult;+1
j  org.gradle.internal.model.StateTransitionController$$Lambda+0x00000235d04148a0.get()Ljava/lang/Object;+4
j  org.gradle.internal.model.StateTransitionController.doTransition(Lorg/gradle/internal/model/StateTransitionController$State;Lorg/gradle/internal/model/StateTransitionController$State;Ljava/util/function/Supplier;)Lorg/gradle/internal/build/ExecutionResult;+24
j  org.gradle.internal.model.StateTransitionController.doTransition(Lorg/gradle/internal/model/StateTransitionController$State;Lorg/gradle/internal/model/StateTransitionController$State;Ljava/lang/Runnable;)V+9
j  org.gradle.internal.model.StateTransitionController.lambda$transitionIfNotPreviously$11(Lorg/gradle/internal/model/StateTransitionController$State;Lorg/gradle/internal/model/StateTransitionController$State;Ljava/lang/Runnable;)V+16
j  org.gradle.internal.model.StateTransitionController$$Lambda+0x00000235d0414678.run()V+16
j  org.gradle.internal.work.DefaultSynchronizer.withLock(Ljava/lang/Runnable;)V+6
j  org.gradle.internal.model.StateTransitionController.transitionIfNotPreviously(Lorg/gradle/internal/model/StateTransitionController$State;Lorg/gradle/internal/model/StateTransitionController$State;Ljava/lang/Runnable;)V+13
j  org.gradle.initialization.VintageBuildModelController.prepareSettings()V+16
j  org.gradle.initialization.VintageBuildModelController.getConfiguredModel()Lorg/gradle/api/internal/GradleInternal;+1
j  org.gradle.internal.build.DefaultBuildLifecycleController.lambda$withProjectsConfigured$1(Ljava/util/function/Function;)Ljava/lang/Object;+5
j  org.gradle.internal.build.DefaultBuildLifecycleController$$Lambda+0x00000235d0414000.get()Ljava/lang/Object;+8
j  org.gradle.internal.model.StateTransitionController.lambda$notInState$3(Lorg/gradle/internal/model/StateTransitionController$State;Ljava/util/function/Supplier;)Ljava/lang/Object;+11
j  org.gradle.internal.model.StateTransitionController$$Lambda+0x00000235d0414228.create()Ljava/lang/Object;+12
j  org.gradle.internal.work.DefaultSynchronizer.withLock(Lorg/gradle/internal/Factory;)Ljava/lang/Object;+6
j  org.gradle.internal.model.StateTransitionController.notInState(Lorg/gradle/internal/model/StateTransitionController$State;Ljava/util/function/Supplier;)Ljava/lang/Object;+12
j  org.gradle.internal.build.DefaultBuildLifecycleController.withProjectsConfigured(Ljava/util/function/Function;)Ljava/lang/Object;+14
j  org.gradle.internal.build.DefaultBuildToolingModelController.locateBuilderForTarget(Ljava/lang/String;Z)Lorg/gradle/tooling/provider/model/internal/ToolingModelScope;+38
j  org.gradle.internal.buildtree.DefaultBuildTreeModelCreator$DefaultBuildTreeModelController.lambda$locateBuilderForTarget$0(Ljava/lang/String;ZLorg/gradle/internal/build/BuildToolingModelController;)Lorg/gradle/tooling/provider/model/internal/ToolingModelScope;+3
j  org.gradle.internal.buildtree.DefaultBuildTreeModelCreator$DefaultBuildTreeModelController$$Lambda+0x00000235d03d1ee8.apply(Ljava/lang/Object;)Ljava/lang/Object;+12
j  org.gradle.internal.build.DefaultBuildLifecycleController.withToolingModels(Ljava/util/function/Function;)Ljava/lang/Object;+15
j  org.gradle.internal.build.AbstractBuildState.withToolingModels(Ljava/util/function/Function;)Ljava/lang/Object;+5
j  org.gradle.internal.buildtree.DefaultBuildTreeModelCreator$DefaultBuildTreeModelController.locateBuilderForTarget(Lorg/gradle/internal/build/BuildState;Ljava/lang/String;Z)Lorg/gradle/tooling/provider/model/internal/ToolingModelScope;+8
j  org.gradle.internal.buildtree.DefaultBuildTreeModelCreator$DefaultBuildTreeModelController.locateBuilderForDefaultTarget(Ljava/lang/String;Z)Lorg/gradle/tooling/provider/model/internal/ToolingModelScope;+10
j  org.gradle.tooling.internal.provider.runner.BuildModelActionRunner$ModelCreateAction.fromBuildModel(Lorg/gradle/internal/buildtree/BuildTreeModelController;)Ljava/lang/Object;+11
j  org.gradle.internal.buildtree.DefaultBuildTreeModelCreator.fromBuildModel(Lorg/gradle/internal/buildtree/BuildTreeModelAction;)Ljava/lang/Object;+10
j  org.gradle.internal.buildtree.DefaultBuildTreeLifecycleController.lambda$fromBuildModel$2(Lorg/gradle/internal/buildtree/BuildTreeModelAction;Z)Lorg/gradle/internal/build/ExecutionResult;+57
j  org.gradle.internal.buildtree.DefaultBuildTreeLifecycleController$$Lambda+0x00000235d03d0fc8.get()Ljava/lang/Object;+12
j  org.gradle.internal.buildtree.DefaultBuildTreeLifecycleController.lambda$runBuild$4(Ljava/util/function/Supplier;)Ljava/lang/Object;+1
j  org.gradle.internal.buildtree.DefaultBuildTreeLifecycleController$$Lambda+0x00000235d03d11f0.get()Ljava/lang/Object;+8
j  org.gradle.internal.model.StateTransitionController.lambda$transition$6(Ljava/util/function/Supplier;)Lorg/gradle/internal/build/ExecutionResult;+1
j  org.gradle.internal.model.StateTransitionController$$Lambda+0x00000235d03d1640.get()Ljava/lang/Object;+4
j  org.gradle.internal.model.StateTransitionController.doTransition(Lorg/gradle/internal/model/StateTransitionController$State;Lorg/gradle/internal/model/StateTransitionController$State;Ljava/util/function/Supplier;)Lorg/gradle/internal/build/ExecutionResult;+24
j  org.gradle.internal.model.StateTransitionController.lambda$transition$7(Lorg/gradle/internal/model/StateTransitionController$State;Lorg/gradle/internal/model/StateTransitionController$State;Ljava/util/function/Supplier;)Ljava/lang/Object;+9
j  org.gradle.internal.model.StateTransitionController$$Lambda+0x00000235d03d1418.create()Ljava/lang/Object;+16
j  org.gradle.internal.work.DefaultSynchronizer.withLock(Lorg/gradle/internal/Factory;)Ljava/lang/Object;+6
j  org.gradle.internal.model.StateTransitionController.transition(Lorg/gradle/internal/model/StateTransitionController$State;Lorg/gradle/internal/model/StateTransitionController$State;Ljava/util/function/Supplier;)Ljava/lang/Object;+13
j  org.gradle.internal.buildtree.DefaultBuildTreeLifecycleController.runBuild(Ljava/util/function/Supplier;)Ljava/lang/Object;+17
j  org.gradle.internal.buildtree.DefaultBuildTreeLifecycleController.fromBuildModel(ZLorg/gradle/internal/buildtree/BuildTreeModelAction;)Ljava/lang/Object;+9
j  org.gradle.tooling.internal.provider.runner.BuildModelActionRunner.run(Lorg/gradle/internal/invocation/BuildAction;Lorg/gradle/internal/buildtree/BuildTreeLifecycleController;)Lorg/gradle/internal/buildtree/BuildActionRunner$Result;+40
j  org.gradle.launcher.exec.ChainingBuildActionRunner.run(Lorg/gradle/internal/invocation/BuildAction;Lorg/gradle/internal/buildtree/BuildTreeLifecycleController;)Lorg/gradle/internal/buildtree/BuildActionRunner$Result;+34
j  org.gradle.internal.buildtree.ProblemReportingBuildActionRunner.run(Lorg/gradle/internal/invocation/BuildAction;Lorg/gradle/internal/buildtree/BuildTreeLifecycleController;)Lorg/gradle/internal/buildtree/BuildActionRunner$Result;+12
j  org.gradle.launcher.exec.BuildOutcomeReportingBuildActionRunner.run(Lorg/gradle/internal/invocation/BuildAction;Lorg/gradle/internal/buildtree/BuildTreeLifecycleController;)Lorg/gradle/internal/buildtree/BuildActionRunner$Result;+69
j  org.gradle.tooling.internal.provider.FileSystemWatchingBuildActionRunner.run(Lorg/gradle/internal/invocation/BuildAction;Lorg/gradle/internal/buildtree/BuildTreeLifecycleController;)Lorg/gradle/internal/buildtree/BuildActionRunner$Result;+317
j  org.gradle.launcher.exec.BuildCompletionNotifyingBuildActionRunner.run(Lorg/gradle/internal/invocation/BuildAction;Lorg/gradle/internal/buildtree/BuildTreeLifecycleController;)Lorg/gradle/internal/buildtree/BuildActionRunner$Result;+6
j  org.gradle.launcher.exec.RootBuildLifecycleBuildActionExecutor.lambda$execute$0(Lorg/gradle/internal/invocation/BuildAction;Lorg/gradle/internal/buildtree/BuildTreeLifecycleController;)Lorg/gradle/internal/buildtree/BuildActionRunner$Result;+6
j  org.gradle.launcher.exec.RootBuildLifecycleBuildActionExecutor$$Lambda+0x00000235d03bec60.apply(Ljava/lang/Object;)Ljava/lang/Object;+12
j  org.gradle.composite.internal.DefaultRootBuildState.run(Ljava/util/function/Function;)Ljava/lang/Object;+87
j  org.gradle.launcher.exec.RootBuildLifecycleBuildActionExecutor.execute(Lorg/gradle/internal/invocation/BuildAction;Lorg/gradle/internal/buildtree/BuildTreeContext;)Lorg/gradle/internal/buildtree/BuildActionRunner$Result;+75
j  org.gradle.internal.buildtree.InitDeprecationLoggingActionExecutor.execute(Lorg/gradle/internal/invocation/BuildAction;Lorg/gradle/internal/buildtree/BuildTreeContext;)Lorg/gradle/internal/buildtree/BuildActionRunner$Result;+83
j  org.gradle.internal.buildtree.InitProblems.execute(Lorg/gradle/internal/invocation/BuildAction;Lorg/gradle/internal/buildtree/BuildTreeContext;)Lorg/gradle/internal/buildtree/BuildActionRunner$Result;+13
j  org.gradle.internal.buildtree.DefaultBuildTreeContext.execute(Lorg/gradle/internal/invocation/BuildAction;)Lorg/gradle/internal/buildtree/BuildActionRunner$Result;+64
j  org.gradle.launcher.exec.BuildTreeLifecycleBuildActionExecutor.lambda$execute$0(Lorg/gradle/internal/invocation/BuildAction;Lorg/gradle/internal/buildtree/BuildTreeContext;)Lorg/gradle/internal/buildtree/BuildActionRunner$Result;+2
j  org.gradle.launcher.exec.BuildTreeLifecycleBuildActionExecutor$$Lambda+0x00000235d02b3840.apply(Ljava/lang/Object;)Ljava/lang/Object;+8
j  org.gradle.internal.buildtree.BuildTreeState.run(Ljava/util/function/Function;)Ljava/lang/Object;+47
j  org.gradle.launcher.exec.BuildTreeLifecycleBuildActionExecutor.execute(Lorg/gradle/internal/invocation/BuildAction;Lorg/gradle/internal/session/BuildSessionContext;)Lorg/gradle/internal/buildtree/BuildActionRunner$Result;+74
j  org.gradle.launcher.exec.RunAsBuildOperationBuildActionExecutor$2.call(Lorg/gradle/internal/operations/BuildOperationContext;)Lorg/gradle/internal/buildtree/BuildActionRunner$Result;+25
j  org.gradle.launcher.exec.RunAsBuildOperationBuildActionExecutor$2.call(Lorg/gradle/internal/operations/BuildOperationContext;)Ljava/lang/Object;+2
j  org.gradle.internal.operations.DefaultBuildOperationRunner$CallableBuildOperationWorker.execute(Lorg/gradle/internal/operations/CallableBuildOperation;Lorg/gradle/internal/operations/BuildOperationContext;)V+3
j  org.gradle.internal.operations.DefaultBuildOperationRunner$CallableBuildOperationWorker.execute(Lorg/gradle/internal/operations/BuildOperation;Lorg/gradle/internal/operations/BuildOperationContext;)V+6
j  org.gradle.internal.operations.DefaultBuildOperationRunner$2.execute(Lorg/gradle/internal/operations/BuildOperationDescriptor;Lorg/gradle/internal/operations/BuildOperationState;Lorg/gradle/internal/operations/BuildOperationState;Lorg/gradle/internal/operations/DefaultBuildOperationRunner$ReadableBuildOperationContext;Lorg/gradle/internal/operations/DefaultBuildOperationRunner$BuildOperationExecutionListener;)Lorg/gradle/internal/operations/BuildOperation;+22
j  org.gradle.internal.operations.DefaultBuildOperationRunner$2.execute(Lorg/gradle/internal/operations/BuildOperationDescriptor;Lorg/gradle/internal/operations/BuildOperationState;Lorg/gradle/internal/operations/BuildOperationState;Lorg/gradle/internal/operations/DefaultBuildOperationRunner$ReadableBuildOperationContext;Lorg/gradle/internal/operations/DefaultBuildOperationRunner$BuildOperationExecutionListener;)Ljava/lang/Object;+8
j  org.gradle.internal.operations.DefaultBuildOperationRunner.execute(Lorg/gradle/internal/operations/BuildOperationDescriptor$Builder;Lorg/gradle/internal/operations/BuildOperationState;Lorg/gradle/internal/operations/DefaultBuildOperationRunner$BuildOperationExecution;)Ljava/lang/Object;+141
j  org.gradle.internal.operations.DefaultBuildOperationRunner.execute(Lorg/gradle/internal/operations/BuildOperation;Lorg/gradle/internal/operations/BuildOperationWorker;Lorg/gradle/internal/operations/BuildOperationState;)V+18
j  org.gradle.internal.operations.DefaultBuildOperationRunner.call(Lorg/gradle/internal/operations/CallableBuildOperation;)Ljava/lang/Object;+16
j  org.gradle.launcher.exec.RunAsBuildOperationBuildActionExecutor.execute(Lorg/gradle/internal/invocation/BuildAction;Lorg/gradle/internal/session/BuildSessionContext;)Lorg/gradle/internal/buildtree/BuildActionRunner$Result;+23
j  org.gradle.launcher.exec.RunAsWorkerThreadBuildActionExecutor.lambda$execute$0(Lorg/gradle/internal/invocation/BuildAction;Lorg/gradle/internal/session/BuildSessionContext;)Lorg/gradle/internal/buildtree/BuildActionRunner$Result;+6
j  org.gradle.launcher.exec.RunAsWorkerThreadBuildActionExecutor$$Lambda+0x00000235d027aee8.create()Ljava/lang/Object;+12
j  org.gradle.internal.work.DefaultWorkerLeaseService.withLocks(Ljava/util/Collection;Lorg/gradle/internal/Factory;)Ljava/lang/Object;+28
j  org.gradle.internal.work.DefaultWorkerLeaseService.runAsWorkerThread(Lorg/gradle/internal/Factory;)Ljava/lang/Object;+33
j  org.gradle.launcher.exec.RunAsWorkerThreadBuildActionExecutor.execute(Lorg/gradle/internal/invocation/BuildAction;Lorg/gradle/internal/session/BuildSessionContext;)Lorg/gradle/internal/buildtree/BuildActionRunner$Result;+12
j  org.gradle.tooling.internal.provider.continuous.ContinuousBuildActionExecutor.execute(Lorg/gradle/internal/invocation/BuildAction;Lorg/gradle/internal/session/BuildSessionContext;)Lorg/gradle/internal/buildtree/BuildActionRunner$Result;+58
j  org.gradle.tooling.internal.provider.SubscribableBuildActionExecutor.execute(Lorg/gradle/internal/invocation/BuildAction;Lorg/gradle/internal/session/BuildSessionContext;)Lorg/gradle/internal/buildtree/BuildActionRunner$Result;+30
j  org.gradle.internal.session.DefaultBuildSessionContext.execute(Lorg/gradle/internal/invocation/BuildAction;)Lorg/gradle/internal/buildtree/BuildActionRunner$Result;+64
j  org.gradle.internal.buildprocess.execution.BuildSessionLifecycleBuildActionExecutor$ActionImpl.apply(Lorg/gradle/internal/session/BuildSessionContext;)Lorg/gradle/launcher/exec/BuildActionResult;+6
j  org.gradle.internal.buildprocess.execution.BuildSessionLifecycleBuildActionExecutor$ActionImpl.apply(Ljava/lang/Object;)Ljava/lang/Object;+5
j  org.gradle.internal.session.BuildSessionState.run(Ljava/util/function/Function;)Ljava/lang/Object;+5
j  org.gradle.internal.buildprocess.execution.BuildSessionLifecycleBuildActionExecutor.execute(Lorg/gradle/internal/invocation/BuildAction;Lorg/gradle/launcher/exec/BuildActionParameters;Lorg/gradle/initialization/BuildRequestContext;)Lorg/gradle/launcher/exec/BuildActionResult;+95
j  org.gradle.internal.buildprocess.execution.BuildSessionLifecycleBuildActionExecutor.execute(Lorg/gradle/internal/invocation/BuildAction;Ljava/lang/Object;Ljava/lang/Object;)Lorg/gradle/launcher/exec/BuildActionResult;+10
j  org.gradle.internal.buildprocess.execution.StartParamsValidatingActionExecutor.execute(Lorg/gradle/internal/invocation/BuildAction;Lorg/gradle/launcher/exec/BuildActionParameters;Lorg/gradle/initialization/BuildRequestContext;)Lorg/gradle/launcher/exec/BuildActionResult;+203
j  org.gradle.internal.buildprocess.execution.StartParamsValidatingActionExecutor.execute(Lorg/gradle/internal/invocation/BuildAction;Ljava/lang/Object;Ljava/lang/Object;)Lorg/gradle/launcher/exec/BuildActionResult;+10
j  org.gradle.internal.buildprocess.execution.SessionFailureReportingActionExecutor.execute(Lorg/gradle/internal/invocation/BuildAction;Lorg/gradle/launcher/exec/BuildActionParameters;Lorg/gradle/initialization/BuildRequestContext;)Lorg/gradle/launcher/exec/BuildActionResult;+7
j  org.gradle.internal.buildprocess.execution.SessionFailureReportingActionExecutor.execute(Lorg/gradle/internal/invocation/BuildAction;Ljava/lang/Object;Ljava/lang/Object;)Lorg/gradle/launcher/exec/BuildActionResult;+10
j  org.gradle.internal.buildprocess.execution.SetupLoggingActionExecutor.execute(Lorg/gradle/internal/invocation/BuildAction;Lorg/gradle/launcher/exec/BuildActionParameters;Lorg/gradle/initialization/BuildRequestContext;)Lorg/gradle/launcher/exec/BuildActionResult;+50
j  org.gradle.internal.buildprocess.execution.SetupLoggingActionExecutor.execute(Lorg/gradle/internal/invocation/BuildAction;Ljava/lang/Object;Ljava/lang/Object;)Lorg/gradle/launcher/exec/BuildActionResult;+10
j  org.gradle.launcher.daemon.server.exec.ExecuteBuild.doBuild(Lorg/gradle/launcher/daemon/server/api/DaemonCommandExecution;Lorg/gradle/launcher/daemon/protocol/Build;)V+147
j  org.gradle.launcher.daemon.server.exec.BuildCommandOnly.execute(Lorg/gradle/launcher/daemon/server/api/DaemonCommandExecution;)V+49
j  org.gradle.launcher.daemon.server.api.DaemonCommandExecution.proceed()Z+23
j  org.gradle.launcher.daemon.server.exec.WatchForDisconnection.execute(Lorg/gradle/launcher/daemon/server/api/DaemonCommandExecution;)V+19
j  org.gradle.launcher.daemon.server.api.DaemonCommandExecution.proceed()Z+23
j  org.gradle.launcher.daemon.server.exec.ResetDeprecationLogger.execute(Lorg/gradle/launcher/daemon/server/api/DaemonCommandExecution;)V+7
j  org.gradle.launcher.daemon.server.api.DaemonCommandExecution.proceed()Z+23
j  org.gradle.launcher.daemon.server.exec.RequestStopIfSingleUsedDaemon.execute(Lorg/gradle/launcher/daemon/server/api/DaemonCommandExecution;)V+33
j  org.gradle.launcher.daemon.server.api.DaemonCommandExecution.proceed()Z+23
j  org.gradle.launcher.daemon.server.exec.ForwardClientInput.lambda$execute$0(Lorg/gradle/launcher/daemon/server/api/DaemonCommandExecution;Lorg/gradle/internal/daemon/clientinput/StdinHandler;)Ljava/lang/Object;+11
j  org.gradle.launcher.daemon.server.exec.ForwardClientInput$$Lambda+0x00000235d018e960.apply(Ljava/lang/Object;)Ljava/lang/Object;+8
j  org.gradle.internal.daemon.clientinput.ClientInputForwarder.forwardInput(Ljava/util/function/Function;)Ljava/lang/Object;+46
j  org.gradle.launcher.daemon.server.exec.ForwardClientInput.execute(Lorg/gradle/launcher/daemon/server/api/DaemonCommandExecution;)V+10
j  org.gradle.launcher.daemon.server.api.DaemonCommandExecution.proceed()Z+23
j  org.gradle.launcher.daemon.server.exec.LogAndCheckHealth.execute(Lorg/gradle/launcher/daemon/server/api/DaemonCommandExecution;)V+51
j  org.gradle.launcher.daemon.server.api.DaemonCommandExecution.proceed()Z+23
j  org.gradle.launcher.daemon.server.exec.LogToClient.doBuild(Lorg/gradle/launcher/daemon/server/api/DaemonCommandExecution;Lorg/gradle/launcher/daemon/protocol/Build;)V+87
j  org.gradle.launcher.daemon.server.exec.BuildCommandOnly.execute(Lorg/gradle/launcher/daemon/server/api/DaemonCommandExecution;)V+49
j  org.gradle.launcher.daemon.server.api.DaemonCommandExecution.proceed()Z+23
j  org.gradle.launcher.daemon.server.exec.EstablishBuildEnvironment.doBuild(Lorg/gradle/launcher/daemon/server/api/DaemonCommandExecution;Lorg/gradle/launcher/daemon/protocol/Build;)V+356
j  org.gradle.launcher.daemon.server.exec.BuildCommandOnly.execute(Lorg/gradle/launcher/daemon/server/api/DaemonCommandExecution;)V+49
j  org.gradle.launcher.daemon.server.api.DaemonCommandExecution.proceed()Z+23
j  org.gradle.launcher.daemon.server.exec.StartBuildOrRespondWithBusy$1.run()V+44
j  org.gradle.launcher.daemon.server.DaemonStateCoordinator.lambda$runCommand$0(Ljava/lang/Runnable;)V+1
j  org.gradle.launcher.daemon.server.DaemonStateCoordinator$$Lambda+0x00000235d018b288.run()V+8
J 5345 c1 org.gradle.internal.concurrent.ExecutorPolicy$CatchAndRecordFailures.onExecute(Ljava/lang/Runnable;)V (29 bytes) @ 0x00000235b8b9b884 [0x00000235b8b9b760+0x0000000000000124]
J 5377 c1 org.gradle.internal.concurrent.AbstractManagedExecutor$1.run()V (57 bytes) @ 0x00000235b8a9dcec [0x00000235b8a9db20+0x00000000000001cc]
j  java.util.concurrent.ThreadPoolExecutor.runWorker(Ljava/util/concurrent/ThreadPoolExecutor$Worker;)V+92 java.base@21.0.12.1
j  java.util.concurrent.ThreadPoolExecutor$Worker.run()V+5 java.base@21.0.12.1
j  java.lang.Thread.runWith(Ljava/lang/Object;Ljava/lang/Runnable;)V+5 java.base@21.0.12.1
j  java.lang.Thread.run()V+19 java.base@21.0.12.1
v  ~StubRoutines::call_stub 0x00000235c06e100d

Compiled method (n/a) 4096569 1810     n 0       java.lang.ClassLoader::defineClass0 (native)
 total in heap  [0x00000235c0d45590,0x00000235c0d45b50] = 1472
 relocation     [0x00000235c0d456f0,0x00000235c0d45728] = 56
 main code      [0x00000235c0d45740,0x00000235c0d45b4c] = 1036
 stub code      [0x00000235c0d45b4c,0x00000235c0d45b50] = 4

[Constant Pool (empty)]

[MachCode]
[Entry Point]
  # {method} {0x00000235cf434610} 'defineClass0' '(Ljava/lang/ClassLoader;Ljava/lang/Class;Ljava/lang/String;[BIILjava/security/ProtectionDomain;ZILjava/lang/Object;)Ljava/lang/Class;' in 'java/lang/ClassLoader'
  # parm0:    rdx:rdx   = 'java/lang/ClassLoader'
  # parm1:    r8:r8     = 'java/lang/Class'
  # parm2:    r9:r9     = 'java/lang/String'
  # parm3:    rdi:rdi   = '[B'
  # parm4:    rsi       = int
  # parm5:    rcx       = int
  # parm6:    [sp+0xb0]   = 'java/security/ProtectionDomain'  (sp of caller)
  # parm7:    [sp+0xb8]   = boolean
  # parm8:    [sp+0xc0]   = int
  # parm9:    [sp+0xc8]   = 'java/lang/Object'
  0x00000235c0d45740: 448b 5208 | 49bb 0000 | 00cf 3502 | 0000 4d03 | d349 3bc2 | 0f84 0600 

  0x00000235c0d45758: ;   {runtime_call ic_miss_stub}
  0x00000235c0d45758: 0000 e921 | 909e ff90 
[Verified Entry Point]
  0x00000235c0d45760: 8984 2400 | 80ff ff55 | 488b ec48 | 81ec a000 | 0000 6690 | 4181 7f20 | 0700 0000 

  0x00000235c0d4577c: ;   {runtime_call StubRoutines (final stubs)}
  0x00000235c0d4577c: 7405 e81d | 0d9d ff48 | 837d 2800 | 488d 4528 | 480f 4445 | 2848 8944 | 2458 4863 | 4520 4889 
  0x00000235c0d4579c: 4424 5048 | 6345 1848 | 8944 2448 | 4883 7d10 | 0048 8d45 | 1048 0f44 | 4510 4889 | 4424 4048 
  0x00000235c0d457bc: 894c 2438 | 4889 7424 | 3048 897c | 2478 4883 | ff00 488d | 4424 7848 | 0f44 4424 | 7848 8944 
  0x00000235c0d457dc: 2428 4c89 | 4c24 7049 | 83f9 0048 | 8d44 2470 | 480f 4444 | 2470 4889 | 4424 204c | 8944 2468 
  0x00000235c0d457fc: 4983 f800 | 4c8d 4c24 | 684c 0f44 | 4c24 6848 | 8954 2460 | 4883 fa00 | 4c8d 4424 | 604c 0f44 
  0x00000235c0d4581c: ;   {oop(a 'java/lang/Class'{0x00000000804001a8} = 'java/lang/ClassLoader')}
  0x00000235c0d4581c: 4424 6049 | bea8 0140 | 8000 0000 | 004c 89b4 | 2490 0000 | 004c 8db4 | 2490 0000 | 0049 8bd6 
  0x00000235c0d4583c: ;   {internal_word}
  0x00000235c0d4583c: c5f8 7749 | ba3c 58d4 | c035 0200 | 004d 8997 | a803 0000 | 4989 a7a0 

  0x00000235c0d45854: ;   {external_word}
  0x00000235c0d45854: 0300 0049 | ba06 6dd8 | 95ff 7f00 | 0041 803a | 000f 844e | 0000 0052 | 4150 4151 

  0x00000235c0d45870: ;   {metadata({method} {0x00000235cf434610} 'defineClass0' '(Ljava/lang/ClassLoader;Ljava/lang/Class;Ljava/lang/String;[BIILjava/security/ProtectionDomain;ZILjava/lang/Object;)Ljava/lang/Class;' in 'java/lang/ClassLoader')}
  0x00000235c0d45870: 48ba 0846 | 43cf 3502 | 0000 498b | cf48 83ec | 2040 f6c4 | 0f0f 8419 | 0000 0048 

  0x00000235c0d4588c: ;   {runtime_call}
  0x00000235c0d4588c: 83ec 0848 | b8e0 ea81 | 95ff 7f00 | 00ff d048 | 83c4 08e9 | 0c00 0000 

  0x00000235c0d458a4: ;   {runtime_call}
  0x00000235c0d458a4: 48b8 e0ea | 8195 ff7f | 0000 ffd0 | 4883 c420 | 4159 4158 | 5a49 8d8f | c003 0000 | 41c7 874c 
  0x00000235c0d458c4: 0400 0004 

  0x00000235c0d458c8: ;   {runtime_call}
  0x00000235c0d458c8: 0000 0048 | b81c 15b3 | 01f8 7f00 | 00ff d0c5 | f877 41c7 | 874c 0400 | 0005 0000 | 00f0 8344 
  0x00000235c0d458e8: 24c0 0049 | 3baf 5004 | 0000 0f87 | 0e00 0000 | 4183 bf48 | 0400 0000 | 0f84 2b00 | 0000 c5f8 
  0x00000235c0d45908: 7748 8945 | f849 8bcf | 4c8b e448 | 83ec 2048 

  0x00000235c0d45918: ;   {runtime_call}
  0x00000235c0d45918: 83e4 f048 | b800 584d | 95ff 7f00 | 00ff d049 | 8be4 4d33 | e448 8b45 | f841 c787 | 4c04 0000 
  0x00000235c0d45938: 0800 0000 | 4183 bfc8 | 0400 0002 | 0f84 d501 

  0x00000235c0d45948: ;   {external_word}
  0x00000235c0d45948: 0000 49ba | 066d d895 | ff7f 0000 | 4180 3a00 | 0f84 4c00 | 0000 4889 

  0x00000235c0d45960: ;   {metadata({method} {0x00000235cf434610} 'defineClass0' '(Ljava/lang/ClassLoader;Ljava/lang/Class;Ljava/lang/String;[BIILjava/security/ProtectionDomain;ZILjava/lang/Object;)Ljava/lang/Class;' in 'java/lang/ClassLoader')}
  0x00000235c0d45960: 45f8 48ba | 0846 43cf | 3502 0000 | 498b cf48 | 83ec 2040 | f6c4 0f0f | 8419 0000 | 0048 83ec 
  0x00000235c0d45980: ;   {runtime_call}
  0x00000235c0d45980: 0848 b8e0 | ea81 95ff | 7f00 00ff | d048 83c4 | 08e9 0c00 

  0x00000235c0d45994: ;   {runtime_call}
  0x00000235c0d45994: 0000 48b8 | e0ea 8195 | ff7f 0000 | ffd0 4883 | c420 488b | 45f8 49c7 | 87a0 0300 | 0000 0000 
  0x00000235c0d459b4: 0049 c787 | a803 0000 | 0000 0000 | c5f8 7748 | 85c0 0f84 | 3001 0000 | a803 0f85 | 0800 0000 
  0x00000235c0d459d4: 488b 00e9 | 2001 0000 | a801 0f85 | 0900 0000 | 488b 40fe | e90f 0100 | 0048 8b40 | ff41 807f 
  0x00000235c0d459f4: 4000 0f84 | 0001 0000 | 4883 f800 | 0f84 f600 | 0000 498b | 4f28 4883 | f900 0f84 | 1400 0000 
  0x00000235c0d45a14: 4883 e908 | 4989 4f28 | 4903 4f38 | 4889 01e9 | d400 0000 | 4883 ec70 | 4889 0424 | 4889 4c24 
  0x00000235c0d45a34: 0848 8954 | 2410 4c89 | 4424 184c | 894c 2420 | 4c89 5424 | 284c 895c | 2430 c5fb | 1144 2440 
  0x00000235c0d45a54: c5fb 114c | 2448 c5fb | 1154 2450 | c5fb 115c | 2458 c5fb | 1164 2460 | c5fb 116c | 2468 498b 
  0x00000235c0d45a74: d748 8bc8 | 4883 ec20 | 40f6 c40f | 0f84 1900 | 0000 4883 

  0x00000235c0d45a88: ;   {runtime_call}
  0x00000235c0d45a88: ec08 48b8 | 20a4 4095 | ff7f 0000 | ffd0 4883 | c408 e90c 

  0x00000235c0d45a9c: ;   {runtime_call}
  0x00000235c0d45a9c: 0000 0048 | b820 a440 | 95ff 7f00 | 00ff d048 | 83c4 20c5 | fb10 6c24 | 68c5 fb10 | 6424 60c5 
  0x00000235c0d45abc: fb10 5c24 | 58c5 fb10 | 5424 50c5 | fb10 4c24 | 48c5 fb10 | 4424 404c | 8b5c 2430 | 4c8b 5424 
  0x00000235c0d45adc: 284c 8b4c | 2420 4c8b | 4424 1848 | 8b54 2410 | 488b 4c24 | 0848 8b04 | 2448 83c4 | 70c5 f877 
  0x00000235c0d45afc: 498b 8f30 | 0400 00c7 | 8100 0100 | 0000 0000 | 00c9 4983 | 7f08 000f | 8501 0000 

  0x00000235c0d45b18: ;   {runtime_call StubRoutines (initial stubs)}
  0x00000235c0d45b18: 00c3 e9e1 | b399 ffc5 | f877 4889 | 45f8 4c8b | e448 83ec | 2048 83e4 

  0x00000235c0d45b30: ;   {runtime_call}
  0x00000235c0d45b30: f048 b830 | 2282 95ff | 7f00 00ff | d049 8be4 | 4d33 e448 | 8b45 f8e9 | fefd ffff 
[Stub Code]
  0x00000235c0d45b4c: f4f4 f4f4 
[/MachCode]


Compiled method (c1) 4096587 2713       3       java.lang.System$2::defineClass (21 bytes)
 total in heap  [0x00000235b8ee4290,0x00000235b8ee4670] = 992
 relocation     [0x00000235b8ee43f0,0x00000235b8ee4430] = 64
 main code      [0x00000235b8ee4440,0x00000235b8ee4578] = 312
 stub code      [0x00000235b8ee4578,0x00000235b8ee45b8] = 64
 metadata       [0x00000235b8ee45b8,0x00000235b8ee45c0] = 8
 scopes data    [0x00000235b8ee45c0,0x00000235b8ee4608] = 72
 scopes pcs     [0x00000235b8ee4608,0x00000235b8ee4658] = 80
 dependencies   [0x00000235b8ee4658,0x00000235b8ee4660] = 8
 nul chk table  [0x00000235b8ee4660,0x00000235b8ee4670] = 16

[Constant Pool (empty)]

[MachCode]
[Entry Point]
  # {method} {0x00000235cf019588} 'defineClass' '(Ljava/lang/ClassLoader;Ljava/lang/Class;Ljava/lang/String;[BLjava/security/ProtectionDomain;ZILjava/lang/Object;)Ljava/lang/Class;' in 'java/lang/System$2'
  # this:     rdx:rdx   = 'java/lang/System$2'
  # parm0:    r8:r8     = 'java/lang/ClassLoader'
  # parm1:    r9:r9     = 'java/lang/Class'
  # parm2:    rdi:rdi   = 'java/lang/String'
  # parm3:    rsi:rsi   = '[B'
  # parm4:    rcx:rcx   = 'java/security/ProtectionDomain'
  # parm5:    [sp+0x70]   = boolean  (sp of caller)
  # parm6:    [sp+0x78]   = int
  # parm7:    [sp+0x80]   = 'java/lang/Object'
  0x00000235b8ee4440: 448b 5208 | 49bb 0000 | 00cf 3502 | 0000 4d03 | d34c 3bd0 

  0x00000235b8ee4454: ;   {runtime_call ic_miss_stub}
  0x00000235b8ee4454: 0f85 26a3 | 8407 660f | 1f44 0000 
[Verified Entry Point]
  0x00000235b8ee4460: 8984 2400 | 80ff ff55 | 4883 ec60 | 4181 7f20 | 0700 0000 

  0x00000235b8ee4474: ;   {runtime_call StubRoutines (final stubs)}
  0x00000235b8ee4474: 7405 e825 | 2083 0748 

  0x00000235b8ee447c: ;   {metadata(method data for {method} {0x00000235cf019588} 'defineClass' '(Ljava/lang/ClassLoader;Ljava/lang/Class;Ljava/lang/String;[BLjava/security/ProtectionDomain;ZILjava/lang/Object;)Ljava/lang/Class;' in 'java/lang/System$2')}
  0x00000235b8ee447c: 8bd9 48b9 | 2850 8cea | 3502 0000 | 8b81 cc00 | 0000 83c0 | 0289 81cc | 0000 0025 | fe07 0000 
  0x00000235b8ee449c: 85c0 0f84 | 6b00 0000 | 4c8b ac24 | 8000 0000 | 448b 5c24 | 788b 4424 | 708b 4e0c 

  0x00000235b8ee44b8: ;   {metadata(method data for {method} {0x00000235cf019588} 'defineClass' '(Ljava/lang/ClassLoader;Ljava/lang/Class;Ljava/lang/String;[BLjava/security/ProtectionDomain;ZILjava/lang/Object;)Ljava/lang/Class;' in 'java/lang/System$2')}
  0x00000235b8ee44b8: 48ba 2850 | 8cea 3502 | 0000 4883 | 8210 0100 | 0001 498b | d04d 8bc1 | 4c8b cf48 | 8bfe be00 
  0x00000235b8ee44d8: 0000 0048 | 891c 2489 | 4424 0844 | 895c 2410 | 4c89 6c24 

  0x00000235b8ee44ec: ;   {static_call}
  0x00000235b8ee44ec: 1866 90e8 

  0x00000235b8ee44f0: ; ImmutableOopMap {}
                      ;*invokestatic defineClass0 {reexecute=0 rethrow=0 return_oop=0}
                      ; - java.lang.System$2::defineClass@17
  0x00000235b8ee44f0: 6c12 e607 

  0x00000235b8ee44f4: ;   {other}
  0x00000235b8ee44f4: 0f1f 8400 | 6402 0000 | 4883 c460 

  0x00000235b8ee4500: ;   {poll_return}
  0x00000235b8ee4500: 5d49 3ba7 | 5004 0000 | 0f87 2700 

  0x00000235b8ee450c: ;   {metadata({method} {0x00000235cf019588} 'defineClass' '(Ljava/lang/ClassLoader;Ljava/lang/Class;Ljava/lang/String;[BLjava/security/ProtectionDomain;ZILjava/lang/Object;)Ljava/lang/Class;' in 'java/lang/System$2')}
  0x00000235b8ee450c: 0000 c349 | ba80 9501 | cf35 0200 | 004c 8954 | 2408 48c7 | 0424 ffff 

  0x00000235b8ee4524: ;   {runtime_call counter_overflow Runtime1 stub}
  0x00000235b8ee4524: ffff e8d5 

  0x00000235b8ee4528: ; ImmutableOopMap {rdx=Oop r8=Oop r9=Oop rdi=Oop rsi=Oop rbx=Oop [128]=Oop }
                      ;*synchronization entry
                      ; - java.lang.System$2::defineClass@-1
  0x00000235b8ee4528: d090 07e9 | 74ff ffff 

  0x00000235b8ee4530: ;   {runtime_call throw_null_pointer_exception Runtime1 stub}
  0x00000235b8ee4530: e8cb 7790 

  0x00000235b8ee4534: ; ImmutableOopMap {r8=Oop r9=Oop rdi=Oop rsi=Oop rbx=Oop r13=Oop [128]=Oop }
                      ;*arraylength {reexecute=0 rethrow=0 return_oop=0}
                      ; - java.lang.System$2::defineClass@8
                      ;   {internal_word}
  0x00000235b8ee4534: 0749 ba01 | 45ee b835 | 0200 004d | 8997 6804 

  0x00000235b8ee4544: ;   {runtime_call SafepointBlob}
  0x00000235b8ee4544: 0000 e935 | 0f85 0749 | 8b87 0005 | 0000 49c7 | 8700 0500 | 0000 0000 | 0049 c787 | 0805 0000 
  0x00000235b8ee4564: 0000 0000 | 4883 c460 

  0x00000235b8ee456c: ;   {runtime_call unwind_exception Runtime1 stub}
  0x00000235b8ee456c: 5de9 0e84 | 8f07 f4f4 | f4f4 f4f4 
[Stub Code]
  0x00000235b8ee4578: ;   {no_reloc}
  0x00000235b8ee4578: 48bb 0000 | 0000 0000 

  0x00000235b8ee4580: ;   {runtime_call nmethod}
  0x00000235b8ee4580: 0000 e9fb 

  0x00000235b8ee4584: ;   {runtime_call handle_exception_from_callee Runtime1 stub}
  0x00000235b8ee4584: ffff ffe8 | 7499 9007 

  0x00000235b8ee458c: ;   {external_word}
  0x00000235b8ee458c: 48b9 5063 | ae95 ff7f | 0000 4883 

  0x00000235b8ee4598: ;   {runtime_call}
  0x00000235b8ee4598: e4f0 48b8 | c0c9 7095 | ff7f 0000 

  0x00000235b8ee45a4: ;   {section_word}
  0x00000235b8ee45a4: ffd0 f449 | baa7 45ee | b835 0200 

  0x00000235b8ee45b0: ;   {runtime_call DeoptimizationBlob}
  0x00000235b8ee45b0: 0041 52e9 | 6801 8507 
[/MachCode]


Compiled method (c1) 4096612 2712   !   3       java.lang.invoke.MethodHandles$Lookup$ClassDefiner::defineClass (213 bytes)
 total in heap  [0x00000235b8ee3010,0x00000235b8ee4270] = 4704
 relocation     [0x00000235b8ee3170,0x00000235b8ee3290] = 288
 main code      [0x00000235b8ee32a0,0x00000235b8ee3d08] = 2664
 stub code      [0x00000235b8ee3d08,0x00000235b8ee3d80] = 120
 metadata       [0x00000235b8ee3d80,0x00000235b8ee3df0] = 112
 scopes data    [0x00000235b8ee3df0,0x00000235b8ee4008] = 536
 scopes pcs     [0x00000235b8ee4008,0x00000235b8ee41c8] = 448
 dependencies   [0x00000235b8ee41c8,0x00000235b8ee41e0] = 24
 handler table  [0x00000235b8ee41e0,0x00000235b8ee4228] = 72
 nul chk table  [0x00000235b8ee4228,0x00000235b8ee4270] = 72

[Constant Pool (empty)]

[MachCode]
[Entry Point]
  # {method} {0x00000235cf1eae68} 'defineClass' '(ZLjava/lang/Object;)Ljava/lang/Class;' in 'java/lang/invoke/MethodHandles$Lookup$ClassDefiner'
  # this:     rdx:rdx   = 'java/lang/invoke/MethodHandles$Lookup$ClassDefiner'
  # parm0:    r8        = boolean
  # parm1:    r9:r9     = 'java/lang/Object'
  #           [sp+0xf0]  (sp of caller)
  0x00000235b8ee32a0: 448b 5208 | 49bb 0000 | 00cf 3502 | 0000 4d03 | d34c 3bd0 

  0x00000235b8ee32b4: ;   {runtime_call ic_miss_stub}
  0x00000235b8ee32b4: 0f85 c6b4 | 8407 660f | 1f44 0000 
[Verified Entry Point]
  0x00000235b8ee32c0: 8984 2400 | 80ff ff55 | 4881 ece0 | 0000 0090 | 4181 7f20 | 0700 0000 

  0x00000235b8ee32d8: ;   {runtime_call StubRoutines (final stubs)}
  0x00000235b8ee32d8: 7405 e8c1 | 3183 0748 | 8994 2498 | 0000 0044 | 8984 24b0 | 0000 004c | 898c 24b8 

  0x00000235b8ee32f4: ;   {metadata(method data for {method} {0x00000235cf1eae68} 'defineClass' '(ZLjava/lang/Object;)Ljava/lang/Class;' in 'java/lang/invoke/MethodHandles$Lookup$ClassDefiner')}
  0x00000235b8ee32f4: 0000 0048 | bee8 438c | ea35 0200 | 008b becc | 0000 0083 | c702 89be | cc00 0000 | 81e7 fe07 
  0x00000235b8ee3314: 0000 85ff | 0f84 6b07 | 0000 8b72 | 1048 89b4 | 2490 0000 | 0048 3b06 

  0x00000235b8ee332c: ;   {metadata(method data for {method} {0x00000235cf1eae68} 'defineClass' '(ZLjava/lang/Object;)Ljava/lang/Class;' in 'java/lang/invoke/MethodHandles$Lookup$ClassDefiner')}
  0x00000235b8ee332c: 488b fe48 | bbe8 438c | ea35 0200 | 0048 8383 | 1001 0000 | 018b 7e10 | 4889 bc24 | a800 0000 
  0x00000235b8ee334c: ; implicit exception: dispatches to 0x00000235b8ee3aaf
  0x00000235b8ee334c: 483b 0748 

  0x00000235b8ee3350: ;   {metadata(method data for {method} {0x00000235cf1eae68} 'defineClass' '(ZLjava/lang/Object;)Ljava/lang/Class;' in 'java/lang/invoke/MethodHandles$Lookup$ClassDefiner')}
  0x00000235b8ee3350: 8bdf 48b8 | e843 8cea | 3502 0000 | 4883 8048 | 0100 0001 

  0x00000235b8ee3364: ;   {metadata(method data for {method} {0x00000235cf468e60} 'getClassLoader' '()Ljava/lang/ClassLoader;' in 'java/lang/Class')}
  0x00000235b8ee3364: 48bb c82a | 02ea 3502 | 0000 8b83 | cc00 0000 | 83c0 0289 | 83cc 0000 | 0025 feff | 1f00 85c0 
  0x00000235b8ee3384: 0f84 2a07 | 0000 8b5f | 3448 85db 

  0x00000235b8ee3390: ;   {metadata(method data for {method} {0x00000235cf468e60} 'getClassLoader' '()Ljava/lang/ClassLoader;' in 'java/lang/Class')}
  0x00000235b8ee3390: 48b8 c82a | 02ea 3502 | 0000 48c7 | c110 0100 | 0075 0748 | c7c1 2001 | 0000 4c8b | 1c08 4d8d 
  0x00000235b8ee33b0: 5b01 4c89 | 1c08 0f85 | 0f00 0000 

  0x00000235b8ee33bc: ;   {oop(nullptr)}
  0x00000235b8ee33bc: 48bb 0000 | 0000 0000 | 0000 e9a2 

  0x00000235b8ee33c8: ;   {metadata(method data for {method} {0x00000235cf468e60} 'getClassLoader' '()Ljava/lang/ClassLoader;' in 'java/lang/Class')}
  0x00000235b8ee33c8: 0000 0048 | b8c8 2a02 | ea35 0200 | 0048 8380 | 3001 0000 

  0x00000235b8ee33dc: ;   {metadata(method data for {method} {0x00000235cf01b1d0} 'getSecurityManager' '()Ljava/lang/SecurityManager;' in 'java/lang/System')}
  0x00000235b8ee33dc: 0148 b8b8 | 2c02 ea35 | 0200 008b | 88cc 0000 | 0083 c102 | 8988 cc00 | 0000 81e1 | feff 1f00 
  0x00000235b8ee33fc: 85c9 0f84 | d106 0000 

  0x00000235b8ee3404: ;   {metadata(method data for {method} {0x00000235cf01b1d0} 'getSecurityManager' '()Ljava/lang/SecurityManager;' in 'java/lang/System')}
  0x00000235b8ee3404: 48b8 b82c | 02ea 3502 | 0000 4883 | 8010 0100 

  0x00000235b8ee3414: ;   {metadata(method data for {method} {0x00000235cf01b2e8} 'allowSecurityManager' '()Z' in 'java/lang/System')}
  0x00000235b8ee3414: 0001 48b8 | 302e 02ea | 3502 0000 | 8b88 cc00 | 0000 83c1 | 0289 88cc | 0000 0081 | e1fe ff1f 
  0x00000235b8ee3434: 0085 c90f | 84b9 0600 

  0x00000235b8ee343c: ;   {metadata(method data for {method} {0x00000235cf01b2e8} 'allowSecurityManager' '()Z' in 'java/lang/System')}
  0x00000235b8ee343c: 0048 b830 | 2e02 ea35 | 0200 00ff | 8010 0100 

  0x00000235b8ee344c: ;   {metadata(method data for {method} {0x00000235cf01b1d0} 'getSecurityManager' '()Ljava/lang/SecurityManager;' in 'java/lang/System')}
  0x00000235b8ee344c: 0048 b8b8 | 2c02 ea35 | 0200 00ff | 8020 0100 

  0x00000235b8ee345c: ;   {metadata(method data for {method} {0x00000235cf468e60} 'getClassLoader' '()Ljava/lang/ClassLoader;' in 'java/lang/Class')}
  0x00000235b8ee345c: 0048 b8c8 | 2a02 ea35 | 0200 00ff | 8040 0100 | 0048 85db 

  0x00000235b8ee3470: ;   {metadata(method data for {method} {0x00000235cf1eae68} 'defineClass' '(ZLjava/lang/Object;)Ljava/lang/Class;' in 'java/lang/invoke/MethodHandles$Lookup$ClassDefiner')}
  0x00000235b8ee3470: 48b8 e843 | 8cea 3502 | 0000 48c7 | c180 0100 | 0074 0748 | c7c1 9001 | 0000 4c8b | 1c08 4d8d 
  0x00000235b8ee3490: 5b01 4c89 | 1c08 0f84 | 4b02 0000 

  0x00000235b8ee349c: ;   {metadata(method data for {method} {0x00000235cf1eae68} 'defineClass' '(ZLjava/lang/Object;)Ljava/lang/Class;' in 'java/lang/invoke/MethodHandles$Lookup$ClassDefiner')}
  0x00000235b8ee349c: 488b c648 | b9e8 438c | ea35 0200 | 0048 8381 | a001 0000 

  0x00000235b8ee34b0: ;   {metadata(method data for {method} {0x00000235cf3e0578} 'lookupClassProtectionDomain' '()Ljava/security/ProtectionDomain;' in 'java/lang/invoke/MethodHandles$Lookup')}
  0x00000235b8ee34b0: 0148 b838 | 4b8c ea35 | 0200 008b | 88cc 0000 | 0083 c102 | 8988 cc00 | 0000 81e1 | feff 1f00 
  0x00000235b8ee34d0: 85c9 0f84 | 3f06 0000 | 8b46 1848 

  0x00000235b8ee34dc: ;   {metadata(method data for {method} {0x00000235cf3e0578} 'lookupClassProtectionDomain' '()Ljava/security/ProtectionDomain;' in 'java/lang/invoke/MethodHandles$Lookup')}
  0x00000235b8ee34dc: 85c0 48b9 | 384b 8cea | 3502 0000 | 49c7 c310 | 0100 0075 | 0749 c7c3 | 2001 0000 | 4e8b 2c19 
  0x00000235b8ee34fc: 4d8d 6d01 | 4e89 2c19 | 4889 9c24 | a000 0000 | 0f85 bf01 

  0x00000235b8ee3510: ;   {metadata(method data for {method} {0x00000235cf3e0578} 'lookupClassProtectionDomain' '()Ljava/security/ProtectionDomain;' in 'java/lang/invoke/MethodHandles$Lookup')}
  0x00000235b8ee3510: 0000 48b8 | 384b 8cea | 3502 0000 | 4883 8030 | 0100 0001 

  0x00000235b8ee3524: ;   {metadata(method data for {method} {0x00000235cf473b88} 'getJavaLangAccess' '()Ljdk/internal/access/JavaLangAccess;' in 'jdk/internal/access/SharedSecrets')}
  0x00000235b8ee3524: 48b8 5020 | 18ea 3502 | 0000 8b88 | cc00 0000 | 83c1 0289 | 88cc 0000 | 0081 e1fe | ff1f 0085 
  0x00000235b8ee3544: c90f 84ed 

  0x00000235b8ee3548: ;   {oop(a 'java/lang/Class'{0x000000008067b718} = 'jdk/internal/access/SharedSecrets')}
  0x00000235b8ee3548: 0500 0048 | b818 b767 | 8000 0000 | 008b 407c | 8b4e 1048 | 85c0 0f84 | 2a00 0000 

  0x00000235b8ee3564: ;   {metadata('java/lang/System$2')}
  0x00000235b8ee3564: 48be 6082 | 01cf 3502 | 0000 448b | 7008 49ba | 0000 00cf | 3502 0000 | 4d03 f249 | 3b76 380f 
  0x00000235b8ee3584: 85d0 0500 | 00e9 0000 | 0000 4c8b | d848 3b00 

  0x00000235b8ee3594: ;   {metadata(method data for {method} {0x00000235cf3e0578} 'lookupClassProtectionDomain' '()Ljava/security/ProtectionDomain;' in 'java/lang/invoke/MethodHandles$Lookup')}
  0x00000235b8ee3594: 48be 384b | 8cea 3502 

  0x00000235b8ee359c: ;   {metadata('java/lang/System$2')}
  0x00000235b8ee359c: 0000 49ba | 6082 01cf | 3502 0000 | 4c89 9650 | 0100 0048 | 8386 5801 

  0x00000235b8ee35b4: ;   {metadata(method data for {method} {0x00000235cf0192c8} 'protectionDomain' '(Ljava/lang/Class;)Ljava/security/ProtectionDomain;' in 'java/lang/System$2')}
  0x00000235b8ee35b4: 0000 0148 | bef0 4c8c | ea35 0200 | 008b 86cc | 0000 0083 | c002 8986 | cc00 0000 | 25fe ff1f 
  0x00000235b8ee35d4: 0085 c00f | 8486 0500 | 0048 3b01 

  0x00000235b8ee35e0: ;   {metadata(method data for {method} {0x00000235cf0192c8} 'protectionDomain' '(Ljava/lang/Class;)Ljava/security/ProtectionDomain;' in 'java/lang/System$2')}
  0x00000235b8ee35e0: 488b f148 | b8f0 4c8c | ea35 0200 | 0048 8380 | 1001 0000 

  0x00000235b8ee35f4: ;   {metadata(method data for {method} {0x00000235cf467bb8} 'protectionDomain' '()Ljava/security/ProtectionDomain;' in 'java/lang/Class')}
  0x00000235b8ee35f4: 0148 be80 | 4e8c ea35 | 0200 008b | 86cc 0000 | 0083 c002 | 8986 cc00 | 0000 25fe | ff1f 0085 
  0x00000235b8ee3614: c00f 846e | 0500 0048 

  0x00000235b8ee361c: ;   {metadata(method data for {method} {0x00000235cf467bb8} 'protectionDomain' '()Ljava/security/ProtectionDomain;' in 'java/lang/Class')}
  0x00000235b8ee361c: 8bf1 48b8 | 804e 8cea | 3502 0000 | 4883 8010 | 0100 0001 | 488b d10f 

  0x00000235b8ee3634: ;   {optimized virtual_call}
  0x00000235b8ee3634: 1f40 00e8 

  0x00000235b8ee3638: ; ImmutableOopMap {[144]=Oop [152]=Oop [160]=Oop [168]=Oop [184]=Oop }
                      ;*invokevirtual getProtectionDomain0 {reexecute=0 rethrow=0 return_oop=0}
                      ; - java.lang.Class::protectionDomain@1
                      ; - java.lang.System$2::protectionDomain@1
                      ; - java.lang.invoke.MethodHandles$Lookup::lookupClassProtectionDomain@17
                      ; - java.lang.invoke.MethodHandles$Lookup$ClassDefiner::defineClass@23
  0x00000235b8ee3638: a416 ef07 

  0x00000235b8ee363c: ;   {other}
  0x00000235b8ee363c: 0f1f 8400 | 2c06 0000 

  0x00000235b8ee3644: ;   {metadata(method data for {method} {0x00000235cf467bb8} 'protectionDomain' '()Ljava/security/ProtectionDomain;' in 'java/lang/Class')}
  0x00000235b8ee3644: 4885 c049 | b880 4e8c | ea35 0200 | 0049 c7c1 | 4801 0000 | 7507 49c7 | c158 0100 | 004b 8b3c 
  0x00000235b8ee3664: 0848 8d7f | 014b 893c | 080f 8521 | 0000 000f | 1f44 0000 

  0x00000235b8ee3678: ;   {no_reloc}
  0x00000235b8ee3678: e9a5 0500 | 0000 0000 | 0000 660f | 1f44 0000 

  0x00000235b8ee3688: ; implicit exception: dispatches to 0x00000235b8ee3c2c
  0x00000235b8ee3688: e9b0 0500 | 0090 90e9 | 0300 0000 | 4c8b c048 | 8bb4 2490 | 0000 0045 | 0fbe 4f40 | 4585 c90f 
  0x00000235b8ee36a8: 859a 0500 | 004d 8bd0 | 4489 5618 | f083 4424 | c000 4c8b | ce4d 33c8 | 49c1 e914 | 4983 f900 
  0x00000235b8ee36c8: 0f85 9505 | 0000 498b 

  0x00000235b8ee36d0: ;   {metadata(method data for {method} {0x00000235cf1eae68} 'defineClass' '(ZLjava/lang/Object;)Ljava/lang/Class;' in 'java/lang/invoke/MethodHandles$Lookup$ClassDefiner')}
  0x00000235b8ee36d0: c049 b8e8 | 438c ea35 | 0200 0041 | ff80 d801 | 0000 e912 | 0000 0048 | 899c 24a0 

  0x00000235b8ee36ec: ;   {oop(nullptr)}
  0x00000235b8ee36ec: 0000 0048 | b800 0000 | 0000 0000 | 0048 8b9c | 24a0 0000 | 0048 8bbc | 24a8 0000 | 0048 8b94 
  0x00000235b8ee370c: 2498 0000 

  0x00000235b8ee3710: ;   {metadata(method data for {method} {0x00000235cf1eae68} 'defineClass' '(ZLjava/lang/Object;)Ljava/lang/Class;' in 'java/lang/invoke/MethodHandles$Lookup$ClassDefiner')}
  0x00000235b8ee3710: 0049 b8e8 | 438c ea35 | 0200 0049 | 8380 f001 

  0x00000235b8ee3720: ;   {metadata(method data for {method} {0x00000235cf473b88} 'getJavaLangAccess' '()Ljdk/internal/access/JavaLangAccess;' in 'jdk/internal/access/SharedSecrets')}
  0x00000235b8ee3720: 0000 0149 | b850 2018 | ea35 0200 | 0045 8b88 | cc00 0000 | 4183 c102 | 4589 88cc | 0000 0041 
  0x00000235b8ee3740: 81e1 feff | 1f00 4585 | c90f 842c 

  0x00000235b8ee374c: ;   {oop(a 'java/lang/Class'{0x000000008067b718} = 'jdk/internal/access/SharedSecrets')}
  0x00000235b8ee374c: 0500 0049 | b818 b767 | 8000 0000 | 0045 8b70 | 7c8b 7214 | 8b4a 1844 | 8b4a 0c4d | 85f6 0f84 
  0x00000235b8ee376c: 2a00 0000 

  0x00000235b8ee3770: ;   {metadata('java/lang/System$2')}
  0x00000235b8ee3770: 49bb 6082 | 01cf 3502 | 0000 458b | 6e08 49ba | 0000 00cf | 3502 0000 | 4d03 ea4d | 3b5d 380f 
  0x00000235b8ee3790: 8507 0500 | 00e9 0000 | 0000 4d8b | c649 3b06 

  0x00000235b8ee37a0: ;   {metadata(method data for {method} {0x00000235cf1eae68} 'defineClass' '(ZLjava/lang/Object;)Ljava/lang/Class;' in 'java/lang/invoke/MethodHandles$Lookup$ClassDefiner')}
  0x00000235b8ee37a0: 4d8b c648 | bae8 438c | ea35 0200 

  0x00000235b8ee37ac: ;   {metadata('java/lang/System$2')}
  0x00000235b8ee37ac: 0049 ba60 | 8201 cf35 | 0200 004c | 8992 1002 | 0000 4883 | 8218 0200 | 0001 4c8b | c349 8bd1 
  0x00000235b8ee37cc: 4c8b cf48 | 8bfe 488b | f148 8bc8 | 8b84 24b0 | 0000 0089 | 0424 8954 | 2408 488b | 9424 b800 
  0x00000235b8ee37ec: 0000 4889 | 5424 1049 

  0x00000235b8ee37f4: ;   {optimized virtual_call}
  0x00000235b8ee37f4: 8bd6 90e8 

  0x00000235b8ee37f8: ; ImmutableOopMap {[152]=Oop [168]=Oop }
                      ;*invokeinterface defineClass {reexecute=0 rethrow=0 return_oop=0}
                      ; - java.lang.invoke.MethodHandles$Lookup$ClassDefiner::defineClass@57
  0x00000235b8ee37f8: 640c 0000 

  0x00000235b8ee37fc: ;   {other}
  0x00000235b8ee37fc: 0f1f 8400 | ec07 0001 

  0x00000235b8ee3804: ;   {metadata(method data for {method} {0x00000235cf1eae68} 'defineClass' '(ZLjava/lang/Object;)Ljava/lang/Class;' in 'java/lang/invoke/MethodHandles$Lookup$ClassDefiner')}
  0x00000235b8ee3804: 49b8 e843 | 8cea 3502 | 0000 41ff | 8038 0200 | 0048 8b94 | 2498 0000 | 008b 721c 

  0x00000235b8ee3820: ; implicit exception: dispatches to 0x00000235b8ee3ca6
  0x00000235b8ee3820: 483b 064c 

  0x00000235b8ee3824: ;   {metadata(method data for {method} {0x00000235cf1eae68} 'defineClass' '(ZLjava/lang/Object;)Ljava/lang/Class;' in 'java/lang/invoke/MethodHandles$Lookup$ClassDefiner')}
  0x00000235b8ee3824: 8bc6 49b9 | e843 8cea | 3502 0000 | 4983 8150 | 0300 0001 | 440f be46 | 0c41 83e0 | 0145 85c0 
  0x00000235b8ee3844: ;   {metadata(method data for {method} {0x00000235cf1eae68} 'defineClass' '(ZLjava/lang/Object;)Ljava/lang/Class;' in 'java/lang/invoke/MethodHandles$Lookup$ClassDefiner')}
  0x00000235b8ee3844: 49b8 e843 | 8cea 3502 | 0000 49c7 | c188 0300 | 0074 0749 | c7c1 9803 | 0000 4b8b | 3c08 488d 
  0x00000235b8ee3864: 7f01 4b89 | 3c08 0f84 | c401 0000 

  0x00000235b8ee3870: ;   {metadata(method data for {method} {0x00000235cf1eae68} 'defineClass' '(ZLjava/lang/Object;)Ljava/lang/Class;' in 'java/lang/invoke/MethodHandles$Lookup$ClassDefiner')}
  0x00000235b8ee3870: 4c8b c249 | b9e8 438c | ea35 0200 

  0x00000235b8ee387c: ;   {metadata('java/lang/invoke/MethodHandles$Lookup$ClassDefiner')}
  0x00000235b8ee387c: 0049 ba28 | ac1e cf35 | 0200 004d | 8991 b803 | 0000 4983 | 81c0 0300 | 0001 8b7a | 1448 85c0 
  0x00000235b8ee389c: ;   {metadata(method data for {method} {0x00000235cf1eae68} 'defineClass' '(ZLjava/lang/Object;)Ljava/lang/Class;' in 'java/lang/invoke/MethodHandles$Lookup$ClassDefiner')}
  0x00000235b8ee389c: 49b8 e843 | 8cea 3502 | 0000 49c7 | c1e0 0300 | 0074 0749 | c7c1 f003 | 0000 4b8b | 1c08 488d 
  0x00000235b8ee38bc: 5b01 4b89 | 1c08 0f84 | 2b01 0000 | e9bd 0000 | 0048 8b94 | 2498 0000 | 0049 8b87 | 0005 0000 
  0x00000235b8ee38dc: 4d33 d24d | 8997 0005 | 0000 4d33 | d24d 8997 | 0805 0000 | 8b72 1c48 | 3b06 4c8b 

  0x00000235b8ee38f8: ;   {metadata(method data for {method} {0x00000235cf1eae68} 'defineClass' '(ZLjava/lang/Object;)Ljava/lang/Class;' in 'java/lang/invoke/MethodHandles$Lookup$ClassDefiner')}
  0x00000235b8ee38f8: c649 b9e8 | 438c ea35 | 0200 0049 | 8381 8804 | 0000 0144 | 0fbe 460c | 4183 e001 

  0x00000235b8ee3914: ;   {metadata(method data for {method} {0x00000235cf1eae68} 'defineClass' '(ZLjava/lang/Object;)Ljava/lang/Class;' in 'java/lang/invoke/MethodHandles$Lookup$ClassDefiner')}
  0x00000235b8ee3914: 4585 c049 | b8e8 438c | ea35 0200 | 0049 c7c1 | c004 0000 | 7407 49c7 | c1d0 0400 | 004b 8b3c 
  0x00000235b8ee3934: 0848 8d7f | 014b 893c | 080f 8441 | 0100 004c 

  0x00000235b8ee3944: ;   {metadata(method data for {method} {0x00000235cf1eae68} 'defineClass' '(ZLjava/lang/Object;)Ljava/lang/Class;' in 'java/lang/invoke/MethodHandles$Lookup$ClassDefiner')}
  0x00000235b8ee3944: 8bc2 49b9 | e843 8cea | 3502 0000 

  0x00000235b8ee3950: ;   {metadata('java/lang/invoke/MethodHandles$Lookup$ClassDefiner')}
  0x00000235b8ee3950: 49ba 28ac | 1ecf 3502 | 0000 4d89 | 91f0 0400 | 0049 8381 | f804 0000 | 018b 7a14 

  0x00000235b8ee396c: ;   {metadata(method data for {method} {0x00000235cf1eae68} 'defineClass' '(ZLjava/lang/Object;)Ljava/lang/Class;' in 'java/lang/invoke/MethodHandles$Lookup$ClassDefiner')}
  0x00000235b8ee396c: 49b8 e843 | 8cea 3502 | 0000 41ff | 8018 0500 | 0048 8984 | 24c8 0000 | 00e9 c000 | 0000 8b52 
  0x00000235b8ee398c: 184c 8bc6 

  0x00000235b8ee3990: ;   {metadata(method data for {method} {0x00000235cf1eae68} 'defineClass' '(ZLjava/lang/Object;)Ljava/lang/Class;' in 'java/lang/invoke/MethodHandles$Lookup$ClassDefiner')}
  0x00000235b8ee3990: 49b9 e843 | 8cea 3502 | 0000 4983 | 8100 0400 | 0001 4c8b | c74c 8bc8 | 488b fa48 | 8bd6 4889 
  0x00000235b8ee39b0: 8424 c000 

  0x00000235b8ee39b4: ;   {optimized virtual_call}
  0x00000235b8ee39b4: 0000 90e8 

  0x00000235b8ee39b8: ; ImmutableOopMap {[192]=Oop }
                      ;*invokevirtual dumpClass {reexecute=0 rethrow=0 return_oop=0}
                      ; - java.lang.invoke.MethodHandles$Lookup$ClassDefiner::defineClass@134
  0x00000235b8ee39b8: c4b0 8407 

  0x00000235b8ee39bc: ;   {other}
  0x00000235b8ee39bc: 0f1f 8400 | ac09 0002 

  0x00000235b8ee39c4: ;   {metadata(method data for {method} {0x00000235cf1eae68} 'defineClass' '(ZLjava/lang/Object;)Ljava/lang/Class;' in 'java/lang/invoke/MethodHandles$Lookup$ClassDefiner')}
  0x00000235b8ee39c4: 49b8 e843 | 8cea 3502 | 0000 41ff | 8038 0400 | 0048 8b84 | 24c0 0000 | 0048 81c4 | e000 0000 
  0x00000235b8ee39e4: ;   {poll_return}
  0x00000235b8ee39e4: 5d49 3ba7 | 5004 0000 | 0f87 be02 | 0000 c348 | 8984 24c0 | 0000 0044 | 8b4a 184c 

  0x00000235b8ee3a00: ;   {metadata(method data for {method} {0x00000235cf1eae68} 'defineClass' '(ZLjava/lang/Object;)Ljava/lang/Class;' in 'java/lang/invoke/MethodHandles$Lookup$ClassDefiner')}
  0x00000235b8ee3a00: 8bc6 48ba | e843 8cea | 3502 0000 | 4883 8250 | 0400 0001 | 4c8b c748 | 8bd6 0f1f 

  0x00000235b8ee3a1c: ;   {optimized virtual_call}
  0x00000235b8ee3a1c: 4400 00e8 

  0x00000235b8ee3a20: ; ImmutableOopMap {[192]=Oop }
                      ;*invokevirtual dumpFailedClass {reexecute=0 rethrow=0 return_oop=0}
                      ; - java.lang.invoke.MethodHandles$Lookup$ClassDefiner::defineClass@150
  0x00000235b8ee3a20: 5cb0 8407 

  0x00000235b8ee3a24: ;   {other}
  0x00000235b8ee3a24: 0f1f 8400 | 140a 0003 | 488b 8424 | c000 0000 | 4881 c4e0 | 0000 005d 

  0x00000235b8ee3a3c: ;   {poll_return}
  0x00000235b8ee3a3c: 493b a750 | 0400 000f | 877d 0200 | 00c3 448b | 4a18 4c8b 

  0x00000235b8ee3a50: ;   {metadata(method data for {method} {0x00000235cf1eae68} 'defineClass' '(ZLjava/lang/Object;)Ljava/lang/Class;' in 'java/lang/invoke/MethodHandles$Lookup$ClassDefiner')}
  0x00000235b8ee3a50: c648 bae8 | 438c ea35 | 0200 0048 | 8382 8805 | 0000 014c | 8bc7 488b | d666 0f1f 

  0x00000235b8ee3a6c: ;   {optimized virtual_call}
  0x00000235b8ee3a6c: 4400 00e8 

  0x00000235b8ee3a70: ; ImmutableOopMap {[200]=Oop }
                      ;*invokevirtual dumpFailedClass {reexecute=0 rethrow=0 return_oop=0}
                      ; - java.lang.invoke.MethodHandles$Lookup$ClassDefiner::defineClass@207
  0x00000235b8ee3a70: 0cb0 8407 

  0x00000235b8ee3a74: ;   {other}
  0x00000235b8ee3a74: 0f1f 8400 | 640a 0004 | 488b 8424 | c800 0000 | e970 0200 

  0x00000235b8ee3a88: ;   {metadata({method} {0x00000235cf1eae68} 'defineClass' '(ZLjava/lang/Object;)Ljava/lang/Class;' in 'java/lang/invoke/MethodHandles$Lookup$ClassDefiner')}
  0x00000235b8ee3a88: 0049 ba60 | ae1e cf35 | 0200 004c | 8954 2408 | 48c7 0424 | ffff ffff 

  0x00000235b8ee3aa0: ;   {runtime_call counter_overflow Runtime1 stub}
  0x00000235b8ee3aa0: e85b db90 

  0x00000235b8ee3aa4: ; ImmutableOopMap {rdx=Oop r9=Oop [152]=Oop [184]=Oop }
                      ;*synchronization entry
                      ; - java.lang.invoke.MethodHandles$Lookup$ClassDefiner::defineClass@-1
  0x00000235b8ee3aa4: 07e9 74f8 

  0x00000235b8ee3aa8: ;   {runtime_call throw_null_pointer_exception Runtime1 stub}
  0x00000235b8ee3aa8: ffff e851 

  0x00000235b8ee3aac: ; ImmutableOopMap {rdx=Oop r9=Oop rsi=Oop [144]=Oop [152]=Oop [184]=Oop }
                      ;*invokevirtual lookupClass {reexecute=0 rethrow=0 return_oop=0}
                      ; - java.lang.invoke.MethodHandles$Lookup$ClassDefiner::defineClass@4
                      ;   {runtime_call throw_null_pointer_exception Runtime1 stub}
  0x00000235b8ee3aac: 8290 07e8 

  0x00000235b8ee3ab0: ; ImmutableOopMap {rdx=Oop r9=Oop rsi=Oop rdi=Oop [144]=Oop [152]=Oop [168]=Oop [184]=Oop }
                      ;*invokevirtual getClassLoader {reexecute=0 rethrow=0 return_oop=0}
                      ; - java.lang.invoke.MethodHandles$Lookup$ClassDefiner::defineClass@9
  0x00000235b8ee3ab0: 4c82 9007 

  0x00000235b8ee3ab4: ;   {metadata({method} {0x00000235cf468e60} 'getClassLoader' '()Ljava/lang/ClassLoader;' in 'java/lang/Class')}
  0x00000235b8ee3ab4: 49ba 588e | 46cf 3502 | 0000 4c89 | 5424 0848 | c704 24ff 

  0x00000235b8ee3ac8: ;   {runtime_call counter_overflow Runtime1 stub}
  0x00000235b8ee3ac8: ffff ffe8 

  0x00000235b8ee3acc: ; ImmutableOopMap {rdx=Oop r9=Oop rsi=Oop rdi=Oop [144]=Oop [152]=Oop [168]=Oop [184]=Oop }
                      ;*synchronization entry
                      ; - java.lang.Class::getClassLoader@-1
                      ; - java.lang.invoke.MethodHandles$Lookup$ClassDefiner::defineClass@9
  0x00000235b8ee3acc: 30db 9007 | e9b5 f8ff 

  0x00000235b8ee3ad4: ;   {metadata({method} {0x00000235cf01b1d0} 'getSecurityManager' '()Ljava/lang/SecurityManager;' in 'java/lang/System')}
  0x00000235b8ee3ad4: ff49 bac8 | b101 cf35 | 0200 004c | 8954 2408 | 48c7 0424 | ffff ffff 

  0x00000235b8ee3aec: ;   {runtime_call counter_overflow Runtime1 stub}
  0x00000235b8ee3aec: e80f db90 

  0x00000235b8ee3af0: ; ImmutableOopMap {rdx=Oop r9=Oop rsi=Oop rdi=Oop rbx=Oop [144]=Oop [152]=Oop [168]=Oop [184]=Oop }
                      ;*synchronization entry
                      ; - java.lang.System::getSecurityManager@-1
                      ; - java.lang.Class::getClassLoader@11
                      ; - java.lang.invoke.MethodHandles$Lookup$ClassDefiner::defineClass@9
  0x00000235b8ee3af0: 07e9 0ef9 

  0x00000235b8ee3af4: ;   {metadata({method} {0x00000235cf01b2e8} 'allowSecurityManager' '()Z' in 'java/lang/System')}
  0x00000235b8ee3af4: ffff 49ba | e0b2 01cf | 3502 0000 | 4c89 5424 | 0848 c704 | 24ff ffff 

  0x00000235b8ee3b0c: ;   {runtime_call counter_overflow Runtime1 stub}
  0x00000235b8ee3b0c: ffe8 eeda 

  0x00000235b8ee3b10: ; ImmutableOopMap {rdx=Oop r9=Oop rsi=Oop rdi=Oop rbx=Oop [144]=Oop [152]=Oop [168]=Oop [184]=Oop }
                      ;*synchronization entry
                      ; - java.lang.System::allowSecurityManager@-1
                      ; - java.lang.System::getSecurityManager@0
                      ; - java.lang.Class::getClassLoader@11
                      ; - java.lang.invoke.MethodHandles$Lookup$ClassDefiner::defineClass@9
  0x00000235b8ee3b10: 9007 e926 

  0x00000235b8ee3b14: ;   {metadata({method} {0x00000235cf3e0578} 'lookupClassProtectionDomain' '()Ljava/security/ProtectionDomain;' in 'java/lang/invoke/MethodHandles$Lookup')}
  0x00000235b8ee3b14: f9ff ff49 | ba70 053e | cf35 0200 | 004c 8954 | 2408 48c7 | 0424 ffff 

  0x00000235b8ee3b2c: ;   {runtime_call counter_overflow Runtime1 stub}
  0x00000235b8ee3b2c: ffff e8cd 

  0x00000235b8ee3b30: ; ImmutableOopMap {rdx=Oop r9=Oop rsi=Oop rdi=Oop rbx=Oop [144]=Oop [152]=Oop [168]=Oop [184]=Oop }
                      ;*synchronization entry
                      ; - java.lang.invoke.MethodHandles$Lookup::lookupClassProtectionDomain@-1
                      ; - java.lang.invoke.MethodHandles$Lookup$ClassDefiner::defineClass@23
  0x00000235b8ee3b30: da90 07e9 | a0f9 ffff 

  0x00000235b8ee3b38: ;   {metadata({method} {0x00000235cf473b88} 'getJavaLangAccess' '()Ljdk/internal/access/JavaLangAccess;' in 'jdk/internal/access/SharedSecrets')}
  0x00000235b8ee3b38: 49ba 803b | 47cf 3502 | 0000 4c89 | 5424 0848 | c704 24ff 

  0x00000235b8ee3b4c: ;   {runtime_call counter_overflow Runtime1 stub}
  0x00000235b8ee3b4c: ffff ffe8 

  0x00000235b8ee3b50: ; ImmutableOopMap {rsi=Oop [144]=Oop [152]=Oop [160]=Oop [168]=Oop [184]=Oop }
                      ;*synchronization entry
                      ; - jdk.internal.access.SharedSecrets::getJavaLangAccess@-1
                      ; - java.lang.invoke.MethodHandles$Lookup::lookupClassProtectionDomain@10
                      ; - java.lang.invoke.MethodHandles$Lookup$ClassDefiner::defineClass@23
  0x00000235b8ee3b50: acda 9007 | e9f2 f9ff 

  0x00000235b8ee3b58: ;   {runtime_call throw_incompatible_class_change_error Runtime1 stub}
  0x00000235b8ee3b58: ffe8 a2ac 

  0x00000235b8ee3b5c: ; ImmutableOopMap {rax=Oop rcx=Oop [144]=Oop [152]=Oop [160]=Oop [168]=Oop [184]=Oop }
                      ;*invokeinterface protectionDomain {reexecute=0 rethrow=0 return_oop=0}
                      ; - java.lang.invoke.MethodHandles$Lookup::lookupClassProtectionDomain@17
                      ; - java.lang.invoke.MethodHandles$Lookup$ClassDefiner::defineClass@23
                      ;   {runtime_call throw_null_pointer_exception Runtime1 stub}
  0x00000235b8ee3b5c: 9007 e89d 

  0x00000235b8ee3b60: ; ImmutableOopMap {rax=Oop rcx=Oop [144]=Oop [152]=Oop [160]=Oop [168]=Oop [184]=Oop }
                      ;*invokeinterface protectionDomain {reexecute=0 rethrow=0 return_oop=0}
                      ; - java.lang.invoke.MethodHandles$Lookup::lookupClassProtectionDomain@17
                      ; - java.lang.invoke.MethodHandles$Lookup$ClassDefiner::defineClass@23
                      ;   {metadata({method} {0x00000235cf0192c8} 'protectionDomain' '(Ljava/lang/Class;)Ljava/security/ProtectionDomain;' in 'java/lang/System$2')}
  0x00000235b8ee3b60: 8190 0749 | bac0 9201 | cf35 0200 | 004c 8954 | 2408 48c7 | 0424 ffff 

  0x00000235b8ee3b78: ;   {runtime_call counter_overflow Runtime1 stub}
  0x00000235b8ee3b78: ffff e881 

  0x00000235b8ee3b7c: ; ImmutableOopMap {rcx=Oop [144]=Oop [152]=Oop [160]=Oop [168]=Oop [184]=Oop }
                      ;*synchronization entry
                      ; - java.lang.System$2::protectionDomain@-1
                      ; - java.lang.invoke.MethodHandles$Lookup::lookupClassProtectionDomain@17
                      ; - java.lang.invoke.MethodHandles$Lookup$ClassDefiner::defineClass@23
  0x00000235b8ee3b7c: da90 07e9 | 59fa ffff 

  0x00000235b8ee3b84: ;   {runtime_call throw_null_pointer_exception Runtime1 stub}
  0x00000235b8ee3b84: e877 8190 

  0x00000235b8ee3b88: ; ImmutableOopMap {rcx=Oop [144]=Oop [152]=Oop [160]=Oop [168]=Oop [184]=Oop }
                      ;*invokevirtual protectionDomain {reexecute=0 rethrow=0 return_oop=0}
                      ; - java.lang.System$2::protectionDomain@1
                      ; - java.lang.invoke.MethodHandles$Lookup::lookupClassProtectionDomain@17
                      ; - java.lang.invoke.MethodHandles$Lookup$ClassDefiner::defineClass@23
                      ;   {metadata({method} {0x00000235cf467bb8} 'protectionDomain' '()Ljava/security/ProtectionDomain;' in 'java/lang/Class')}
  0x00000235b8ee3b88: 0749 bab0 | 7b46 cf35 | 0200 004c | 8954 2408 | 48c7 0424 | ffff ffff 

  0x00000235b8ee3ba0: ;   {runtime_call counter_overflow Runtime1 stub}
  0x00000235b8ee3ba0: e85b da90 

  0x00000235b8ee3ba4: ; ImmutableOopMap {rcx=Oop [144]=Oop [152]=Oop [160]=Oop [168]=Oop [184]=Oop }
                      ;*synchronization entry
                      ; - java.lang.Class::protectionDomain@-1
                      ; - java.lang.System$2::protectionDomain@1
                      ; - java.lang.invoke.MethodHandles$Lookup::lookupClassProtectionDomain@17
                      ; - java.lang.invoke.MethodHandles$Lookup$ClassDefiner::defineClass@23
  0x00000235b8ee3ba4: 07e9 71fa 

  0x00000235b8ee3ba8: ;   {oop(nullptr)}
  0x00000235b8ee3ba8: ffff 49b8 | 0000 0000 | 0000 0000 | 5053 498b | 5810 5756 | 5251 4150 | 4151 4152 | 4153 4883 
  0x00000235b8ee3bc8: ec20 40f6 | c40f 0f84 | 1900 0000 | 4883 ec08 

  0x00000235b8ee3bd8: ;   {runtime_call}
  0x00000235b8ee3bd8: 48b8 a0a0 | 0e95 ff7f | 0000 ffd0 | 4883 c408 | e90c 0000 

  0x00000235b8ee3bec: ;   {runtime_call}
  0x00000235b8ee3bec: 0048 b8a0 | a00e 95ff | 7f00 00ff | d048 83c4 | 2041 5b41 | 5a41 5941 | 5859 5a5e | 5f48 3b83 
  0x00000235b8ee3c0c: 3801 0000 | 5b58 0f85 | 0a00 0000 | e965 faff | ffb8 0078 

  0x00000235b8ee3c20: ;   {runtime_call load_mirror_patching Runtime1 stub}
  0x00000235b8ee3c20: 6e0a e8d9 

  0x00000235b8ee3c24: ; ImmutableOopMap {[144]=Oop [152]=Oop [160]=Oop [168]=Oop [184]=Oop }
                      ;*getstatic allPermDomain {reexecute=1 rethrow=0 return_oop=0}
                      ; - (reexecute) java.lang.Class::protectionDomain@9
                      ; - java.lang.System$2::protectionDomain@1
                      ; - java.lang.invoke.MethodHandles$Lookup::lookupClassProtectionDomain@17
                      ; - java.lang.invoke.MethodHandles$Lookup$ClassDefiner::defineClass@23
  0x00000235b8ee3c24: cd90 07e9 | 4cfa ffff 

  0x00000235b8ee3c2c: ;   {runtime_call throw_null_pointer_exception Runtime1 stub}
  0x00000235b8ee3c2c: e8cf 8090 

  0x00000235b8ee3c30: ; ImmutableOopMap {r8=Oop [144]=Oop [152]=Oop [160]=Oop [168]=Oop [184]=Oop }
                      ;*getstatic allPermDomain {reexecute=1 rethrow=0 return_oop=0}
                      ; - (reexecute) java.lang.Class::protectionDomain@9
                      ; - java.lang.System$2::protectionDomain@1
                      ; - java.lang.invoke.MethodHandles$Lookup::lookupClassProtectionDomain@17
                      ; - java.lang.invoke.MethodHandles$Lookup$ClassDefiner::defineClass@23
  0x00000235b8ee3c30: 0745 8b80 | 0000 0000 | b800 0c05 

  0x00000235b8ee3c3c: ;   {runtime_call access_field_patching Runtime1 stub}
  0x00000235b8ee3c3c: 07e8 bec0 

  0x00000235b8ee3c40: ; ImmutableOopMap {r8=Oop [144]=Oop [152]=Oop [160]=Oop [168]=Oop [184]=Oop }
                      ;*getstatic allPermDomain {reexecute=1 rethrow=0 return_oop=0}
                      ; - (reexecute) java.lang.Class::protectionDomain@9
                      ; - java.lang.System$2::protectionDomain@1
                      ; - java.lang.invoke.MethodHandles$Lookup::lookupClassProtectionDomain@17
                      ; - java.lang.invoke.MethodHandles$Lookup$ClassDefiner::defineClass@23
  0x00000235b8ee3c40: 9007 e941 | faff ff44 | 8b4e 1849 | 83f9 000f | 8458 faff | ff4c 890c 

  0x00000235b8ee3c58: ;   {runtime_call g1_pre_barrier_slow}
  0x00000235b8ee3c58: 24e8 a2df | 9007 e94a | faff ff49 | 83f8 000f | 8461 faff | ff48 8934 

  0x00000235b8ee3c70: ;   {runtime_call g1_post_barrier_slow}
  0x00000235b8ee3c70: 24e8 8ae2 | 9007 e953 

  0x00000235b8ee3c78: ;   {metadata({method} {0x00000235cf473b88} 'getJavaLangAccess' '()Ljdk/internal/access/JavaLangAccess;' in 'jdk/internal/access/SharedSecrets')}
  0x00000235b8ee3c78: faff ff49 | ba80 3b47 | cf35 0200 | 004c 8954 | 2408 48c7 | 0424 ffff 

  0x00000235b8ee3c90: ;   {runtime_call counter_overflow Runtime1 stub}
  0x00000235b8ee3c90: ffff e869 

  0x00000235b8ee3c94: ; ImmutableOopMap {rax=Oop rdi=Oop rbx=Oop rdx=Oop [152]=Oop [168]=Oop [184]=Oop }
                      ;*synchronization entry
                      ; - jdk.internal.access.SharedSecrets::getJavaLangAccess@-1
                      ; - java.lang.invoke.MethodHandles$Lookup$ClassDefiner::defineClass@35
  0x00000235b8ee3c94: d990 07e9 | b3fa ffff 

  0x00000235b8ee3c9c: ;   {runtime_call throw_incompatible_class_change_error Runtime1 stub}
  0x00000235b8ee3c9c: e85f ab90 

  0x00000235b8ee3ca0: ; ImmutableOopMap {rax=Oop rdi=Oop rbx=Oop r14=Oop rsi=Oop rcx=Oop [152]=Oop [168]=Oop [184]=Oop }
                      ;*invokeinterface defineClass {reexecute=0 rethrow=0 return_oop=0}
                      ; - java.lang.invoke.MethodHandles$Lookup$ClassDefiner::defineClass@57
                      ;   {runtime_call throw_null_pointer_exception Runtime1 stub}
  0x00000235b8ee3ca0: 07e8 5a80 

  0x00000235b8ee3ca4: ; ImmutableOopMap {rax=Oop rdi=Oop rbx=Oop r14=Oop rsi=Oop rcx=Oop [152]=Oop [168]=Oop [184]=Oop }
                      ;*invokeinterface defineClass {reexecute=0 rethrow=0 return_oop=0}
                      ; - java.lang.invoke.MethodHandles$Lookup$ClassDefiner::defineClass@57
                      ;   {runtime_call throw_null_pointer_exception Runtime1 stub}
  0x00000235b8ee3ca4: 9007 e855 

  0x00000235b8ee3ca8: ; ImmutableOopMap {rax=Oop rdx=Oop rsi=Oop [152]=Oop }
                      ;*invokevirtual isEnabled {reexecute=0 rethrow=0 return_oop=0}
                      ; - java.lang.invoke.MethodHandles$Lookup$ClassDefiner::defineClass@105
                      ;   {runtime_call throw_null_pointer_exception Runtime1 stub}
  0x00000235b8ee3ca8: 8090 07e8 

  0x00000235b8ee3cac: ; ImmutableOopMap {rdx=Oop rax=Oop rsi=Oop [152]=Oop }
                      ;*invokevirtual isEnabled {reexecute=0 rethrow=0 return_oop=0}
                      ; - java.lang.invoke.MethodHandles$Lookup$ClassDefiner::defineClass@162
  0x00000235b8ee3cac: 5080 9007 

  0x00000235b8ee3cb0: ;   {internal_word}
  0x00000235b8ee3cb0: 49ba e539 | eeb8 3502 | 0000 4d89 | 9768 0400 

  0x00000235b8ee3cc0: ;   {runtime_call SafepointBlob}
  0x00000235b8ee3cc0: 00e9 ba17 

  0x00000235b8ee3cc4: ;   {internal_word}
  0x00000235b8ee3cc4: 8507 49ba | 3c3a eeb8 | 3502 0000 | 4d89 9768 

  0x00000235b8ee3cd4: ;   {runtime_call SafepointBlob}
  0x00000235b8ee3cd4: 0400 00e9 | a417 8507 | 498b 8700 | 0500 0049 | c787 0005 | 0000 0000 | 0000 49c7 | 8708 0500 
  0x00000235b8ee3cf4: 0000 0000 | 0048 81c4 | e000 0000 

  0x00000235b8ee3d00: ;   {runtime_call unwind_exception Runtime1 stub}
  0x00000235b8ee3d00: 5de9 7a8c | 8f07 f4f4 
[Stub Code]
  0x00000235b8ee3d08: ;   {no_reloc}
  0x00000235b8ee3d08: 0f1f 4400 

  0x00000235b8ee3d0c: ;   {static_stub}
  0x00000235b8ee3d0c: 0048 bb00 | 0000 0000 

  0x00000235b8ee3d14: ;   {runtime_call nmethod}
  0x00000235b8ee3d14: 0000 00e9 | fbff ffff 

  0x00000235b8ee3d1c: ;   {static_stub}
  0x00000235b8ee3d1c: 48bb 487b | 46cf 3502 

  0x00000235b8ee3d24: ;   {runtime_call I2C/C2I adapters}
  0x00000235b8ee3d24: 0000 e938 

  0x00000235b8ee3d28: ;   {static_stub}
  0x00000235b8ee3d28: f784 0748 | bb00 0000 | 0000 0000 

  0x00000235b8ee3d34: ;   {runtime_call nmethod}
  0x00000235b8ee3d34: 00e9 fbff 

  0x00000235b8ee3d38: ;   {static_stub}
  0x00000235b8ee3d38: ffff 48bb | 0000 0000 | 0000 0000 

  0x00000235b8ee3d44: ;   {runtime_call nmethod}
  0x00000235b8ee3d44: e9fb ffff 

  0x00000235b8ee3d48: ;   {runtime_call handle_exception_from_callee Runtime1 stub}
  0x00000235b8ee3d48: ffe8 b2a1 

  0x00000235b8ee3d4c: ;   {external_word}
  0x00000235b8ee3d4c: 9007 48b9 | 5063 ae95 | ff7f 0000 | 4883 e4f0 

  0x00000235b8ee3d5c: ;   {runtime_call}
  0x00000235b8ee3d5c: 48b8 c0c9 | 7095 ff7f | 0000 ffd0 

  0x00000235b8ee3d68: ;   {section_word}
  0x00000235b8ee3d68: f449 ba69 | 3dee b835 | 0200 0041 

  0x00000235b8ee3d74: ;   {runtime_call DeoptimizationBlob}
  0x00000235b8ee3d74: 52e9 a609 | 8507 f4f4 | f4f4 f4f4 
[/MachCode]


---------------  P R O C E S S  ---------------

Threads class SMR info:
_java_thread_list=0x00000235ee451530, length=68, elements={
0x00000235b57b4950, 0x00000235ce3acd50, 0x00000235ce3ad7b0, 0x00000235ce3ae470,
0x00000235ce3b4710, 0x00000235ce3bd180, 0x00000235ce3bdd10, 0x00000235ce3c40e0,
0x00000235ce3c6b90, 0x00000235ce643c60, 0x00000235ce609dd0, 0x00000235eecb0f60,
0x00000235ee0ca6b0, 0x00000235ef2d8fe0, 0x00000235ef2c5f00, 0x00000235ef2c6c20,
0x00000235ef2c72b0, 0x00000235ee598ba0, 0x00000235ee599f50, 0x00000235ee59d3d0,
0x00000235ee597e80, 0x00000235ee59b990, 0x00000235ee598510, 0x00000235ee59e0f0,
0x00000235ee59da60, 0x00000235ee59e780, 0x00000235ee59c020, 0x00000235ee59cd40,
0x00000235ef2c7940, 0x00000235ef2c8660, 0x00000235ef2c9380, 0x00000235ef2c8cf0,
0x00000235ef2c6590, 0x00000235f0be8b60, 0x00000235f0be77b0, 0x00000235f0be84d0,
0x00000235f0be56e0, 0x00000235f0be5d70, 0x00000235f0be9880, 0x00000235f0be91f0,
0x00000235f0be9f10, 0x00000235f0be6a90, 0x00000235f0bea5a0, 0x00000235f0be7120,
0x00000235f0bec670, 0x00000235f0beac30, 0x00000235f0beb950, 0x00000235f0beb2c0,
0x00000235f0bebfe0, 0x00000235ce8f53d0, 0x00000235ce8f60f0, 0x00000235ce8f8ee0,
0x00000235ce8f5a60, 0x00000235ce8f81c0, 0x00000235ce8f9570, 0x00000235ce8f9c00,
0x00000235ce8f6780, 0x00000235ce8f7b30, 0x00000235ce8fa290, 0x00000235ce8f8850,
0x00000235ce8f6e10, 0x00000235ce8fa920, 0x00000235ce8f74a0, 0x00000235ce8fafb0,
0x00000235ce8fb640, 0x00000235ce8fc9f0, 0x00000235ce8fbcd0, 0x00000235f139d880
}

Java Threads: ( => current thread )
  0x00000235b57b4950 JavaThread "main"                              [_thread_blocked, id=24768, stack(0x000000c89f600000,0x000000c89f700000) (1024K)]
  0x00000235ce3acd50 JavaThread "Reference Handler"          daemon [_thread_blocked, id=36100, stack(0x000000c89fe00000,0x000000c89ff00000) (1024K)]
  0x00000235ce3ad7b0 JavaThread "Finalizer"                  daemon [_thread_blocked, id=37584, stack(0x000000c89ff00000,0x000000c8a0000000) (1024K)]
  0x00000235ce3ae470 JavaThread "Signal Dispatcher"          daemon [_thread_blocked, id=32848, stack(0x000000c8a0000000,0x000000c8a0100000) (1024K)]
  0x00000235ce3b4710 JavaThread "Attach Listener"            daemon [_thread_blocked, id=31976, stack(0x000000c8a0100000,0x000000c8a0200000) (1024K)]
  0x00000235ce3bd180 JavaThread "Service Thread"             daemon [_thread_blocked, id=16712, stack(0x000000c8a0200000,0x000000c8a0300000) (1024K)]
  0x00000235ce3bdd10 JavaThread "Monitor Deflation Thread"   daemon [_thread_blocked, id=36600, stack(0x000000c8a0300000,0x000000c8a0400000) (1024K)]
  0x00000235ce3c40e0 JavaThread "C2 CompilerThread0"         daemon [_thread_blocked, id=22832, stack(0x000000c8a0400000,0x000000c8a0500000) (1024K)]
  0x00000235ce3c6b90 JavaThread "C1 CompilerThread0"         daemon [_thread_blocked, id=28552, stack(0x000000c8a0500000,0x000000c8a0600000) (1024K)]
  0x00000235ce643c60 JavaThread "Common-Cleaner"             daemon [_thread_blocked, id=7024, stack(0x000000c8a0600000,0x000000c8a0700000) (1024K)]
  0x00000235ce609dd0 JavaThread "Notification Thread"        daemon [_thread_blocked, id=23116, stack(0x000000c8a0700000,0x000000c8a0800000) (1024K)]
  0x00000235eecb0f60 JavaThread "Daemon health stats"               [_thread_blocked, id=25748, stack(0x000000c8a0f00000,0x000000c8a1000000) (1024K)]
  0x00000235ee0ca6b0 JavaThread "Incoming local TCP Connector on port 61665"        [_thread_in_native, id=10200, stack(0x000000c8a1000000,0x000000c8a1100000) (1024K)]
  0x00000235ef2d8fe0 JavaThread "Daemon periodic checks"            [_thread_blocked, id=27776, stack(0x000000c8a1100000,0x000000c8a1200000) (1024K)]
  0x00000235ef2c5f00 JavaThread "Cache worker for journal cache (D:\gradle_cache\caches\journal-1)"        [_thread_blocked, id=27812, stack(0x000000c8a1900000,0x000000c8a1a00000) (1024K)]
  0x00000235ef2c6c20 JavaThread "File lock request listener"        [_thread_blocked, id=36780, stack(0x000000c8a1a00000,0x000000c8a1b00000) (1024K)]
  0x00000235ef2c72b0 JavaThread "Cache worker for file hash cache (D:\gradle_cache\caches\8.12\fileHashes)"        [_thread_blocked, id=23308, stack(0x000000c8a1b00000,0x000000c8a1c00000) (1024K)]
  0x00000235ee598ba0 JavaThread "File watcher server"        daemon [_thread_in_native, id=37364, stack(0x000000c8a2300000,0x000000c8a2400000) (1024K)]
  0x00000235ee599f50 JavaThread "File watcher consumer"      daemon [_thread_blocked, id=1992, stack(0x000000c8a2400000,0x000000c8a2500000) (1024K)]
  0x00000235ee59d3d0 JavaThread "Cache worker for file content cache (D:\gradle_cache\caches\8.12\fileContent)"        [_thread_blocked, id=26696, stack(0x000000c8a2600000,0x000000c8a2700000) (1024K)]
  0x00000235ee597e80 JavaThread "Daemon Thread 2"                   [_thread_blocked, id=5136, stack(0x000000c89f300000,0x000000c89f400000) (1024K)]
  0x00000235ee59b990 JavaThread "Handler for socket connection from /127.0.0.1:61665 to /127.0.0.1:54672"        [_thread_in_native, id=29208, stack(0x000000c89f400000,0x000000c89f500000) (1024K)]
  0x00000235ee598510 JavaThread "Cancel handler"                    [_thread_blocked, id=31752, stack(0x000000c89f500000,0x000000c89f600000) (1024K)]
=>0x00000235ee59e0f0 JavaThread "Daemon worker Thread 2"            [_thread_in_vm, id=6776, stack(0x000000c8a1200000,0x000000c8a1300000) (1024K)]
  0x00000235ee59da60 JavaThread "Asynchronous log dispatcher for DefaultDaemonConnection: socket connection from /127.0.0.1:61665 to /127.0.0.1:54672"        [_thread_blocked, id=9232, stack(0x000000c8a1300000,0x000000c8a1400000) (1024K)]
  0x00000235ee59e780 JavaThread "Stdin handler"                     [_thread_blocked, id=22780, stack(0x000000c8a1400000,0x000000c8a1500000) (1024K)]
  0x00000235ee59c020 JavaThread "Daemon client event forwarder"        [_thread_blocked, id=36256, stack(0x000000c8a1500000,0x000000c8a1600000) (1024K)]
  0x00000235ee59cd40 JavaThread "Cache worker for file hash cache (D:\pranjal\electricity_billing\mobile\android\.gradle\8.12\fileHashes)"        [_thread_blocked, id=29580, stack(0x000000c8a1600000,0x000000c8a1700000) (1024K)]
  0x00000235ef2c7940 JavaThread "Cache worker for Build Output Cleanup Cache (D:\pranjal\electricity_billing\mobile\android\.gradle\buildOutputCleanup)"        [_thread_blocked, id=7596, stack(0x000000c8a1700000,0x000000c8a1800000) (1024K)]
  0x00000235ef2c8660 JavaThread "Cache worker for checksums cache (D:\pranjal\electricity_billing\mobile\android\.gradle\8.12\checksums)"        [_thread_blocked, id=3164, stack(0x000000c8a1800000,0x000000c8a1900000) (1024K)]
  0x00000235ef2c9380 JavaThread "Cache worker for cache directory md-rule (D:\gradle_cache\caches\8.12\md-rule)"        [_thread_blocked, id=4348, stack(0x000000c8a1c00000,0x000000c8a1d00000) (1024K)]
  0x00000235ef2c8cf0 JavaThread "Cache worker for cache directory md-supplier (D:\gradle_cache\caches\8.12\md-supplier)"        [_thread_blocked, id=29416, stack(0x000000c8a2100000,0x000000c8a2200000) (1024K)]
  0x00000235ef2c6590 JavaThread "Cache worker for Build Output Cleanup Cache (C:\src\flutter\packages\flutter_tools\gradle\.gradle\buildOutputCleanup)"        [_thread_blocked, id=11168, stack(0x000000c8a2500000,0x000000c8a2600000) (1024K)]
  0x00000235f0be8b60 JavaThread "Unconstrained build operations"        [_thread_blocked, id=5308, stack(0x000000c8a2700000,0x000000c8a2800000) (1024K)]
  0x00000235f0be77b0 JavaThread "Unconstrained build operations Thread 2"        [_thread_blocked, id=23708, stack(0x000000c8a2800000,0x000000c8a2900000) (1024K)]
  0x00000235f0be84d0 JavaThread "Unconstrained build operations Thread 3"        [_thread_blocked, id=32256, stack(0x000000c8a2900000,0x000000c8a2a00000) (1024K)]
  0x00000235f0be56e0 JavaThread "Unconstrained build operations Thread 4"        [_thread_blocked, id=33076, stack(0x000000c8a2a00000,0x000000c8a2b00000) (1024K)]
  0x00000235f0be5d70 JavaThread "Unconstrained build operations Thread 5"        [_thread_blocked, id=35080, stack(0x000000c8a2b00000,0x000000c8a2c00000) (1024K)]
  0x00000235f0be9880 JavaThread "Unconstrained build operations Thread 6"        [_thread_blocked, id=34268, stack(0x000000c8a2c00000,0x000000c8a2d00000) (1024K)]
  0x00000235f0be91f0 JavaThread "Unconstrained build operations Thread 7"        [_thread_blocked, id=31928, stack(0x000000c8a2d00000,0x000000c8a2e00000) (1024K)]
  0x00000235f0be9f10 JavaThread "Unconstrained build operations Thread 8"        [_thread_blocked, id=18964, stack(0x000000c8a2e00000,0x000000c8a2f00000) (1024K)]
  0x00000235f0be6a90 JavaThread "Unconstrained build operations Thread 9"        [_thread_blocked, id=8560, stack(0x000000c8a2f00000,0x000000c8a3000000) (1024K)]
  0x00000235f0bea5a0 JavaThread "Unconstrained build operations Thread 10"        [_thread_blocked, id=24148, stack(0x000000c8a3000000,0x000000c8a3100000) (1024K)]
  0x00000235f0be7120 JavaThread "Unconstrained build operations Thread 11"        [_thread_blocked, id=2336, stack(0x000000c8a3100000,0x000000c8a3200000) (1024K)]
  0x00000235f0bec670 JavaThread "Unconstrained build operations Thread 12"        [_thread_blocked, id=12572, stack(0x000000c8a3200000,0x000000c8a3300000) (1024K)]
  0x00000235f0beac30 JavaThread "Unconstrained build operations Thread 13"        [_thread_blocked, id=4564, stack(0x000000c8a3300000,0x000000c8a3400000) (1024K)]
  0x00000235f0beb950 JavaThread "Unconstrained build operations Thread 14"        [_thread_blocked, id=35332, stack(0x000000c8a3400000,0x000000c8a3500000) (1024K)]
  0x00000235f0beb2c0 JavaThread "Unconstrained build operations Thread 15"        [_thread_blocked, id=25316, stack(0x000000c8a3500000,0x000000c8a3600000) (1024K)]
  0x00000235f0bebfe0 JavaThread "Unconstrained build operations Thread 16"        [_thread_blocked, id=29616, stack(0x000000c8a3600000,0x000000c8a3700000) (1024K)]
  0x00000235ce8f53d0 JavaThread "Unconstrained build operations Thread 17"        [_thread_blocked, id=27904, stack(0x000000c8a3700000,0x000000c8a3800000) (1024K)]
  0x00000235ce8f60f0 JavaThread "Unconstrained build operations Thread 18"        [_thread_blocked, id=28456, stack(0x000000c8a3800000,0x000000c8a3900000) (1024K)]
  0x00000235ce8f8ee0 JavaThread "Unconstrained build operations Thread 19"        [_thread_blocked, id=20556, stack(0x000000c8a3900000,0x000000c8a3a00000) (1024K)]
  0x00000235ce8f5a60 JavaThread "Unconstrained build operations Thread 20"        [_thread_blocked, id=28212, stack(0x000000c8a3a00000,0x000000c8a3b00000) (1024K)]
  0x00000235ce8f81c0 JavaThread "Unconstrained build operations Thread 21"        [_thread_blocked, id=11560, stack(0x000000c8a3b00000,0x000000c8a3c00000) (1024K)]
  0x00000235ce8f9570 JavaThread "Unconstrained build operations Thread 22"        [_thread_blocked, id=26348, stack(0x000000c8a3c00000,0x000000c8a3d00000) (1024K)]
  0x00000235ce8f9c00 JavaThread "Unconstrained build operations Thread 23"        [_thread_blocked, id=29076, stack(0x000000c8a3d00000,0x000000c8a3e00000) (1024K)]
  0x00000235ce8f6780 JavaThread "Unconstrained build operations Thread 24"        [_thread_blocked, id=28092, stack(0x000000c8a3e00000,0x000000c8a3f00000) (1024K)]
  0x00000235ce8f7b30 JavaThread "Unconstrained build operations Thread 25"        [_thread_blocked, id=3180, stack(0x000000c8a3f00000,0x000000c8a4000000) (1024K)]
  0x00000235ce8fa290 JavaThread "Unconstrained build operations Thread 26"        [_thread_blocked, id=6296, stack(0x000000c8a4000000,0x000000c8a4100000) (1024K)]
  0x00000235ce8f8850 JavaThread "Unconstrained build operations Thread 27"        [_thread_blocked, id=20612, stack(0x000000c8a4100000,0x000000c8a4200000) (1024K)]
  0x00000235ce8f6e10 JavaThread "Unconstrained build operations Thread 28"        [_thread_blocked, id=9228, stack(0x000000c8a4200000,0x000000c8a4300000) (1024K)]
  0x00000235ce8fa920 JavaThread "Unconstrained build operations Thread 29"        [_thread_blocked, id=16688, stack(0x000000c8a4300000,0x000000c8a4400000) (1024K)]
  0x00000235ce8f74a0 JavaThread "Unconstrained build operations Thread 30"        [_thread_blocked, id=24332, stack(0x000000c8a4400000,0x000000c8a4500000) (1024K)]
  0x00000235ce8fafb0 JavaThread "Unconstrained build operations Thread 31"        [_thread_blocked, id=35452, stack(0x000000c8a4500000,0x000000c8a4600000) (1024K)]
  0x00000235ce8fb640 JavaThread "Unconstrained build operations Thread 32"        [_thread_blocked, id=32728, stack(0x000000c8a4600000,0x000000c8a4700000) (1024K)]
  0x00000235ce8fc9f0 JavaThread "Unconstrained build operations Thread 33"        [_thread_blocked, id=32792, stack(0x000000c8a4700000,0x000000c8a4800000) (1024K)]
  0x00000235ce8fbcd0 JavaThread "Memory manager"                    [_thread_blocked, id=20764, stack(0x000000c8a4800000,0x000000c8a4900000) (1024K)]
  0x00000235f139d880 JavaThread "build event listener"              [_thread_blocked, id=27304, stack(0x000000c8a4900000,0x000000c8a4a00000) (1024K)]
Total: 68

Other Threads:
  0x00000235ce38eab0 VMThread "VM Thread"                           [id=34136, stack(0x000000c89fd00000,0x000000c89fe00000) (1024K)] _threads_hazard_ptr=0x00000235ee451530
  0x00000235ce37e8a0 WatcherThread "VM Periodic Task Thread"        [id=12120, stack(0x000000c89fc00000,0x000000c89fd00000) (1024K)]
  0x00000235b347e060 WorkerThread "GC Thread#0"                     [id=21756, stack(0x000000c89f700000,0x000000c89f800000) (1024K)]
  0x00000235ce9202b0 WorkerThread "GC Thread#1"                     [id=13800, stack(0x000000c8a0800000,0x000000c8a0900000) (1024K)]
  0x00000235cec04120 WorkerThread "GC Thread#2"                     [id=5228, stack(0x000000c8a0900000,0x000000c8a0a00000) (1024K)]
  0x00000235ee2c6160 WorkerThread "GC Thread#3"                     [id=10372, stack(0x000000c8a0a00000,0x000000c8a0b00000) (1024K)]
  0x00000235ee2c6510 WorkerThread "GC Thread#4"                     [id=7180, stack(0x000000c8a0b00000,0x000000c8a0c00000) (1024K)]
  0x00000235ee846050 WorkerThread "GC Thread#5"                     [id=23584, stack(0x000000c8a0c00000,0x000000c8a0d00000) (1024K)]
  0x00000235ee46b780 WorkerThread "GC Thread#6"                     [id=21392, stack(0x000000c8a0d00000,0x000000c8a0e00000) (1024K)]
  0x00000235ee99e4e0 WorkerThread "GC Thread#7"                     [id=11228, stack(0x000000c8a0e00000,0x000000c8a0f00000) (1024K)]
  0x00000235ef4e70b0 WorkerThread "GC Thread#8"                     [id=34468, stack(0x000000c8a1d00000,0x000000c8a1e00000) (1024K)]
  0x00000235ef4e7460 WorkerThread "GC Thread#9"                     [id=20748, stack(0x000000c8a1e00000,0x000000c8a1f00000) (1024K)]
  0x00000235b581b960 ConcurrentGCThread "G1 Main Marker"            [id=24776, stack(0x000000c89f800000,0x000000c89f900000) (1024K)]
  0x00000235b581c280 WorkerThread "G1 Conc#0"                       [id=4272, stack(0x000000c89f900000,0x000000c89fa00000) (1024K)]
  0x00000235cefac770 WorkerThread "G1 Conc#1"                       [id=392, stack(0x000000c8a1f00000,0x000000c8a2000000) (1024K)]
  0x00000235cefac010 WorkerThread "G1 Conc#2"                       [id=14748, stack(0x000000c8a2000000,0x000000c8a2100000) (1024K)]
  0x00000235ce2249e0 ConcurrentGCThread "G1 Refine#0"               [id=25220, stack(0x000000c89fa00000,0x000000c89fb00000) (1024K)]
  0x00000235ce226220 ConcurrentGCThread "G1 Service"                [id=32328, stack(0x000000c89fb00000,0x000000c89fc00000) (1024K)]
Total: 18

Threads with active compile tasks:
Total: 0

VM state: synchronizing (normal execution)

VM Mutex/Monitor currently owned by a thread:  ([mutex/lock_event])
[0x00007fff95d9d530] Metaspace_lock - owner thread: 0x00000235ee59e0f0
[0x00007fff95d9f5b0] Threads_lock - owner thread: 0x00000235ce38eab0

Heap address: 0x0000000080000000, size: 2048 MB, Compressed Oops mode: 32-bit

CDS archive(s) mapped at: [0x00000235cf000000-0x00000235cfba0000-0x00000235cfba0000), size 12189696, SharedBaseAddress: 0x00000235cf000000, ArchiveRelocationMode: 1.
Compressed class space mapped at: 0x00000235d0000000-0x00000235ea000000, reserved size: 436207616
Narrow klass base: 0x00000235cf000000, Narrow klass shift: 0, Narrow klass range: 0x100000000

GC Precious Log:
 CardTable entry size: 512
 Card Set container configuration: InlinePtr #cards 5 size 8 Array Of Cards #cards 12 size 40 Howl #buckets 4 coarsen threshold 1843 Howl Bitmap #cards 512 size 80 coarsen threshold 460 Card regions per heap region 1 cards per card region 2048
 CPUs: 12 total, 12 available
 Memory: 7832M
 Large Page Support: Disabled
 NUMA Support: Disabled
 Compressed Oops: Enabled (32-bit)
 Heap Region Size: 1M
 Heap Min Capacity: 8M
 Heap Initial Capacity: 124M
 Heap Max Capacity: 2G
 Pre-touch: Disabled
 Parallel Workers: 10
 Concurrent Workers: 3
 Concurrent Refinement Workers: 10
 Periodic GC: Disabled

Heap:
 garbage-first heap   total 118784K, used 73198K [0x0000000080000000, 0x0000000100000000)
  region size 1024K, 24 young (24576K), 6 survivors (6144K)
 Metaspace       used 69115K, committed 70400K, reserved 491520K
  class space    used 10072K, committed 10688K, reserved 425984K

Heap Regions: E=young(eden), S=young(survivor), O=old, HS=humongous(starts), HC=humongous(continues), CS=collection set, F=free, TAMS=top-at-mark-start, PB=parsable bottom
|   0|0x0000000080000000, 0x0000000080100000, 0x0000000080100000|100%| O|  |TAMS 0x0000000080000000| PB 0x0000000080000000| Untracked 
|   1|0x0000000080100000, 0x0000000080200000, 0x0000000080200000|100%|HS|  |TAMS 0x0000000080100000| PB 0x0000000080100000| Complete 
|   2|0x0000000080200000, 0x0000000080300000, 0x0000000080300000|100%|HC|  |TAMS 0x0000000080200000| PB 0x0000000080200000| Complete 
|   3|0x0000000080300000, 0x0000000080400000, 0x0000000080400000|100%|HC|  |TAMS 0x0000000080300000| PB 0x0000000080300000| Complete 
|   4|0x0000000080400000, 0x0000000080500000, 0x0000000080500000|100%| O|  |TAMS 0x0000000080400000| PB 0x0000000080400000| Untracked 
|   5|0x0000000080500000, 0x0000000080600000, 0x0000000080600000|100%| O|  |TAMS 0x0000000080500000| PB 0x0000000080500000| Untracked 
|   6|0x0000000080600000, 0x0000000080700000, 0x0000000080700000|100%| O|  |TAMS 0x0000000080600000| PB 0x0000000080600000| Untracked 
|   7|0x0000000080700000, 0x0000000080800000, 0x0000000080800000|100%|HS|  |TAMS 0x0000000080700000| PB 0x0000000080700000| Complete 
|   8|0x0000000080800000, 0x0000000080900000, 0x0000000080900000|100%| O|  |TAMS 0x0000000080800000| PB 0x0000000080800000| Untracked 
|   9|0x0000000080900000, 0x0000000080a00000, 0x0000000080a00000|100%| O|  |TAMS 0x0000000080900000| PB 0x0000000080900000| Untracked 
|  10|0x0000000080a00000, 0x0000000080b00000, 0x0000000080b00000|100%| O|  |TAMS 0x0000000080a00000| PB 0x0000000080a00000| Untracked 
|  11|0x0000000080b00000, 0x0000000080c00000, 0x0000000080c00000|100%| O|  |TAMS 0x0000000080b00000| PB 0x0000000080b00000| Untracked 
|  12|0x0000000080c00000, 0x0000000080d00000, 0x0000000080d00000|100%| O|  |TAMS 0x0000000080c00000| PB 0x0000000080c00000| Untracked 
|  13|0x0000000080d00000, 0x0000000080e00000, 0x0000000080e00000|100%| O|  |TAMS 0x0000000080d00000| PB 0x0000000080d00000| Untracked 
|  14|0x0000000080e00000, 0x0000000080f00000, 0x0000000080f00000|100%| O|  |TAMS 0x0000000080e00000| PB 0x0000000080e00000| Untracked 
|  15|0x0000000080f00000, 0x0000000081000000, 0x0000000081000000|100%| O|  |TAMS 0x0000000080f00000| PB 0x0000000080f00000| Untracked 
|  16|0x0000000081000000, 0x0000000081100000, 0x0000000081100000|100%| O|  |TAMS 0x0000000081000000| PB 0x0000000081000000| Untracked 
|  17|0x0000000081100000, 0x0000000081200000, 0x0000000081200000|100%| O|  |TAMS 0x0000000081100000| PB 0x0000000081100000| Untracked 
|  18|0x0000000081200000, 0x0000000081300000, 0x0000000081300000|100%| O|  |TAMS 0x0000000081200000| PB 0x0000000081200000| Untracked 
|  19|0x0000000081300000, 0x0000000081400000, 0x0000000081400000|100%| O|  |TAMS 0x0000000081300000| PB 0x0000000081300000| Untracked 
|  20|0x0000000081400000, 0x0000000081500000, 0x0000000081500000|100%| O|  |TAMS 0x0000000081400000| PB 0x0000000081400000| Untracked 
|  21|0x0000000081500000, 0x0000000081600000, 0x0000000081600000|100%| O|  |TAMS 0x0000000081500000| PB 0x0000000081500000| Untracked 
|  22|0x0000000081600000, 0x0000000081700000, 0x0000000081700000|100%| O|  |TAMS 0x0000000081600000| PB 0x0000000081600000| Untracked 
|  23|0x0000000081700000, 0x0000000081800000, 0x0000000081800000|100%| O|  |TAMS 0x0000000081700000| PB 0x0000000081700000| Untracked 
|  24|0x0000000081800000, 0x0000000081900000, 0x0000000081900000|100%| O|  |TAMS 0x0000000081800000| PB 0x0000000081800000| Untracked 
|  25|0x0000000081900000, 0x0000000081a00000, 0x0000000081a00000|100%| O|  |TAMS 0x0000000081900000| PB 0x0000000081900000| Untracked 
|  26|0x0000000081a00000, 0x0000000081b00000, 0x0000000081b00000|100%| O|  |TAMS 0x0000000081a00000| PB 0x0000000081a00000| Untracked 
|  27|0x0000000081b00000, 0x0000000081c00000, 0x0000000081c00000|100%| O|  |TAMS 0x0000000081b00000| PB 0x0000000081b00000| Untracked 
|  28|0x0000000081c00000, 0x0000000081d00000, 0x0000000081d00000|100%| O|  |TAMS 0x0000000081c00000| PB 0x0000000081c00000| Untracked 
|  29|0x0000000081d00000, 0x0000000081d40740, 0x0000000081e00000| 25%| O|  |TAMS 0x0000000081d00000| PB 0x0000000081d00000| Untracked 
|  30|0x0000000081e00000, 0x0000000081f00000, 0x0000000081f00000|100%| O|  |TAMS 0x0000000081e00000| PB 0x0000000081e00000| Untracked 
|  31|0x0000000081f00000, 0x0000000082000000, 0x0000000082000000|100%| O|  |TAMS 0x0000000081f00000| PB 0x0000000081f00000| Untracked 
|  32|0x0000000082000000, 0x000000008203b380, 0x0000000082100000| 23%| S|CS|TAMS 0x0000000082000000| PB 0x0000000082000000| Complete 
|  33|0x0000000082100000, 0x0000000082200000, 0x0000000082200000|100%| S|CS|TAMS 0x0000000082100000| PB 0x0000000082100000| Complete 
|  34|0x0000000082200000, 0x0000000082300000, 0x0000000082300000|100%|HS|  |TAMS 0x0000000082200000| PB 0x0000000082200000| Complete 
|  35|0x0000000082300000, 0x0000000082400000, 0x0000000082400000|100%|HC|  |TAMS 0x0000000082300000| PB 0x0000000082300000| Complete 
|  36|0x0000000082400000, 0x0000000082500000, 0x0000000082500000|100%|HS|  |TAMS 0x0000000082400000| PB 0x0000000082400000| Complete 
|  37|0x0000000082500000, 0x0000000082600000, 0x0000000082600000|100%|HC|  |TAMS 0x0000000082500000| PB 0x0000000082500000| Complete 
|  38|0x0000000082600000, 0x0000000082700000, 0x0000000082700000|100%| S|CS|TAMS 0x0000000082600000| PB 0x0000000082600000| Complete 
|  39|0x0000000082700000, 0x0000000082800000, 0x0000000082800000|100%| S|CS|TAMS 0x0000000082700000| PB 0x0000000082700000| Complete 
|  40|0x0000000082800000, 0x0000000082900000, 0x0000000082900000|100%| S|CS|TAMS 0x0000000082800000| PB 0x0000000082800000| Complete 
|  41|0x0000000082900000, 0x0000000082a00000, 0x0000000082a00000|100%| S|CS|TAMS 0x0000000082900000| PB 0x0000000082900000| Complete 
|  42|0x0000000082a00000, 0x0000000082b00000, 0x0000000082b00000|100%| O|  |TAMS 0x0000000082a00000| PB 0x0000000082a00000| Untracked 
|  43|0x0000000082b00000, 0x0000000082c00000, 0x0000000082c00000|100%| O|  |TAMS 0x0000000082b00000| PB 0x0000000082b00000| Untracked 
|  44|0x0000000082c00000, 0x0000000082d00000, 0x0000000082d00000|100%| O|  |TAMS 0x0000000082c00000| PB 0x0000000082c00000| Untracked 
|  45|0x0000000082d00000, 0x0000000082e00000, 0x0000000082e00000|100%| O|  |TAMS 0x0000000082d00000| PB 0x0000000082d00000| Untracked 
|  46|0x0000000082e00000, 0x0000000082e00000, 0x0000000082f00000|  0%| F|  |TAMS 0x0000000082e00000| PB 0x0000000082e00000| Untracked 
|  47|0x0000000082f00000, 0x0000000082f00000, 0x0000000083000000|  0%| F|  |TAMS 0x0000000082f00000| PB 0x0000000082f00000| Untracked 
|  48|0x0000000083000000, 0x0000000083000000, 0x0000000083100000|  0%| F|  |TAMS 0x0000000083000000| PB 0x0000000083000000| Untracked 
|  49|0x0000000083100000, 0x0000000083100000, 0x0000000083200000|  0%| F|  |TAMS 0x0000000083100000| PB 0x0000000083100000| Untracked 
|  50|0x0000000083200000, 0x0000000083200000, 0x0000000083300000|  0%| F|  |TAMS 0x0000000083200000| PB 0x0000000083200000| Untracked 
|  51|0x0000000083300000, 0x0000000083300000, 0x0000000083400000|  0%| F|  |TAMS 0x0000000083300000| PB 0x0000000083300000| Untracked 
|  52|0x0000000083400000, 0x0000000083400000, 0x0000000083500000|  0%| F|  |TAMS 0x0000000083400000| PB 0x0000000083400000| Untracked 
|  53|0x0000000083500000, 0x0000000083500000, 0x0000000083600000|  0%| F|  |TAMS 0x0000000083500000| PB 0x0000000083500000| Untracked 
|  54|0x0000000083600000, 0x0000000083600000, 0x0000000083700000|  0%| F|  |TAMS 0x0000000083600000| PB 0x0000000083600000| Untracked 
|  55|0x0000000083700000, 0x0000000083700000, 0x0000000083800000|  0%| F|  |TAMS 0x0000000083700000| PB 0x0000000083700000| Untracked 
|  56|0x0000000083800000, 0x0000000083800000, 0x0000000083900000|  0%| F|  |TAMS 0x0000000083800000| PB 0x0000000083800000| Untracked 
|  57|0x0000000083900000, 0x0000000083900000, 0x0000000083a00000|  0%| F|  |TAMS 0x0000000083900000| PB 0x0000000083900000| Untracked 
|  58|0x0000000083a00000, 0x0000000083a00000, 0x0000000083b00000|  0%| F|  |TAMS 0x0000000083a00000| PB 0x0000000083a00000| Untracked 
|  59|0x0000000083b00000, 0x0000000083b00000, 0x0000000083c00000|  0%| F|  |TAMS 0x0000000083b00000| PB 0x0000000083b00000| Untracked 
|  60|0x0000000083c00000, 0x0000000083c00000, 0x0000000083d00000|  0%| F|  |TAMS 0x0000000083c00000| PB 0x0000000083c00000| Untracked 
|  61|0x0000000083d00000, 0x0000000083d00000, 0x0000000083e00000|  0%| F|  |TAMS 0x0000000083d00000| PB 0x0000000083d00000| Untracked 
|  62|0x0000000083e00000, 0x0000000083e00000, 0x0000000083f00000|  0%| F|  |TAMS 0x0000000083e00000| PB 0x0000000083e00000| Untracked 
|  63|0x0000000083f00000, 0x0000000083f00000, 0x0000000084000000|  0%| F|  |TAMS 0x0000000083f00000| PB 0x0000000083f00000| Untracked 
|  64|0x0000000084000000, 0x0000000084000000, 0x0000000084100000|  0%| F|  |TAMS 0x0000000084000000| PB 0x0000000084000000| Untracked 
|  65|0x0000000084100000, 0x0000000084100000, 0x0000000084200000|  0%| F|  |TAMS 0x0000000084100000| PB 0x0000000084100000| Untracked 
|  66|0x0000000084200000, 0x0000000084200000, 0x0000000084300000|  0%| F|  |TAMS 0x0000000084200000| PB 0x0000000084200000| Untracked 
|  67|0x0000000084300000, 0x0000000084300000, 0x0000000084400000|  0%| F|  |TAMS 0x0000000084300000| PB 0x0000000084300000| Untracked 
|  68|0x0000000084400000, 0x0000000084400000, 0x0000000084500000|  0%| F|  |TAMS 0x0000000084400000| PB 0x0000000084400000| Untracked 
|  69|0x0000000084500000, 0x0000000084500000, 0x0000000084600000|  0%| F|  |TAMS 0x0000000084500000| PB 0x0000000084500000| Untracked 
|  70|0x0000000084600000, 0x0000000084600000, 0x0000000084700000|  0%| F|  |TAMS 0x0000000084600000| PB 0x0000000084600000| Untracked 
|  71|0x0000000084700000, 0x0000000084700000, 0x0000000084800000|  0%| F|  |TAMS 0x0000000084700000| PB 0x0000000084700000| Untracked 
|  72|0x0000000084800000, 0x0000000084800000, 0x0000000084900000|  0%| F|  |TAMS 0x0000000084800000| PB 0x0000000084800000| Untracked 
|  73|0x0000000084900000, 0x0000000084900000, 0x0000000084a00000|  0%| F|  |TAMS 0x0000000084900000| PB 0x0000000084900000| Untracked 
|  74|0x0000000084a00000, 0x0000000084a00000, 0x0000000084b00000|  0%| F|  |TAMS 0x0000000084a00000| PB 0x0000000084a00000| Untracked 
|  75|0x0000000084b00000, 0x0000000084b00000, 0x0000000084c00000|  0%| F|  |TAMS 0x0000000084b00000| PB 0x0000000084b00000| Untracked 
|  76|0x0000000084c00000, 0x0000000084c00000, 0x0000000084d00000|  0%| F|  |TAMS 0x0000000084c00000| PB 0x0000000084c00000| Untracked 
|  77|0x0000000084d00000, 0x0000000084d00000, 0x0000000084e00000|  0%| F|  |TAMS 0x0000000084d00000| PB 0x0000000084d00000| Untracked 
|  78|0x0000000084e00000, 0x0000000084e00000, 0x0000000084f00000|  0%| F|  |TAMS 0x0000000084e00000| PB 0x0000000084e00000| Untracked 
|  79|0x0000000084f00000, 0x0000000084f00000, 0x0000000085000000|  0%| F|  |TAMS 0x0000000084f00000| PB 0x0000000084f00000| Untracked 
|  80|0x0000000085000000, 0x0000000085000000, 0x0000000085100000|  0%| F|  |TAMS 0x0000000085000000| PB 0x0000000085000000| Untracked 
|  81|0x0000000085100000, 0x0000000085100000, 0x0000000085200000|  0%| F|  |TAMS 0x0000000085100000| PB 0x0000000085100000| Untracked 
|  82|0x0000000085200000, 0x0000000085200000, 0x0000000085300000|  0%| F|  |TAMS 0x0000000085200000| PB 0x0000000085200000| Untracked 
|  83|0x0000000085300000, 0x0000000085300000, 0x0000000085400000|  0%| F|  |TAMS 0x0000000085300000| PB 0x0000000085300000| Untracked 
|  84|0x0000000085400000, 0x0000000085400000, 0x0000000085500000|  0%| F|  |TAMS 0x0000000085400000| PB 0x0000000085400000| Untracked 
|  85|0x0000000085500000, 0x0000000085500000, 0x0000000085600000|  0%| F|  |TAMS 0x0000000085500000| PB 0x0000000085500000| Untracked 
|  86|0x0000000085600000, 0x0000000085600000, 0x0000000085700000|  0%| F|  |TAMS 0x0000000085600000| PB 0x0000000085600000| Untracked 
|  87|0x0000000085700000, 0x0000000085700000, 0x0000000085800000|  0%| F|  |TAMS 0x0000000085700000| PB 0x0000000085700000| Untracked 
|  88|0x0000000085800000, 0x0000000085889cb0, 0x0000000085900000| 53%| E|  |TAMS 0x0000000085800000| PB 0x0000000085800000| Complete 
|  89|0x0000000085900000, 0x0000000085a00000, 0x0000000085a00000|100%| E|CS|TAMS 0x0000000085900000| PB 0x0000000085900000| Complete 
|  90|0x0000000085a00000, 0x0000000085b00000, 0x0000000085b00000|100%| E|CS|TAMS 0x0000000085a00000| PB 0x0000000085a00000| Complete 
|  91|0x0000000085b00000, 0x0000000085c00000, 0x0000000085c00000|100%| E|CS|TAMS 0x0000000085b00000| PB 0x0000000085b00000| Complete 
|  92|0x0000000085c00000, 0x0000000085d00000, 0x0000000085d00000|100%| E|CS|TAMS 0x0000000085c00000| PB 0x0000000085c00000| Complete 
|  93|0x0000000085d00000, 0x0000000085e00000, 0x0000000085e00000|100%| E|CS|TAMS 0x0000000085d00000| PB 0x0000000085d00000| Complete 
|  94|0x0000000085e00000, 0x0000000085f00000, 0x0000000085f00000|100%| E|CS|TAMS 0x0000000085e00000| PB 0x0000000085e00000| Complete 
|  95|0x0000000085f00000, 0x0000000086000000, 0x0000000086000000|100%| E|CS|TAMS 0x0000000085f00000| PB 0x0000000085f00000| Complete 
|  96|0x0000000086000000, 0x0000000086100000, 0x0000000086100000|100%| E|CS|TAMS 0x0000000086000000| PB 0x0000000086000000| Complete 
|  97|0x0000000086100000, 0x0000000086200000, 0x0000000086200000|100%| E|CS|TAMS 0x0000000086100000| PB 0x0000000086100000| Complete 
|  98|0x0000000086200000, 0x0000000086300000, 0x0000000086300000|100%| E|CS|TAMS 0x0000000086200000| PB 0x0000000086200000| Complete 
|  99|0x0000000086300000, 0x0000000086400000, 0x0000000086400000|100%| E|CS|TAMS 0x0000000086300000| PB 0x0000000086300000| Complete 
| 100|0x0000000086400000, 0x0000000086500000, 0x0000000086500000|100%| E|CS|TAMS 0x0000000086400000| PB 0x0000000086400000| Complete 
| 101|0x0000000086500000, 0x0000000086600000, 0x0000000086600000|100%| E|CS|TAMS 0x0000000086500000| PB 0x0000000086500000| Complete 
| 102|0x0000000086600000, 0x0000000086700000, 0x0000000086700000|100%| E|CS|TAMS 0x0000000086600000| PB 0x0000000086600000| Complete 
| 103|0x0000000086700000, 0x0000000086800000, 0x0000000086800000|100%| E|CS|TAMS 0x0000000086700000| PB 0x0000000086700000| Complete 
| 104|0x0000000086800000, 0x0000000086900000, 0x0000000086900000|100%| E|CS|TAMS 0x0000000086800000| PB 0x0000000086800000| Complete 
| 123|0x0000000087b00000, 0x0000000087c00000, 0x0000000087c00000|100%| E|CS|TAMS 0x0000000087b00000| PB 0x0000000087b00000| Complete 
|2038|0x00000000ff600000, 0x00000000ff700000, 0x00000000ff700000|100%| O|  |TAMS 0x00000000ff600000| PB 0x00000000ff600000| Untracked 
|2039|0x00000000ff700000, 0x00000000ff800000, 0x00000000ff800000|100%| O|  |TAMS 0x00000000ff700000| PB 0x00000000ff700000| Untracked 
|2040|0x00000000ff800000, 0x00000000ff900000, 0x00000000ff900000|100%| O|  |TAMS 0x00000000ff800000| PB 0x00000000ff800000| Untracked 
|2041|0x00000000ff900000, 0x00000000ffa00000, 0x00000000ffa00000|100%| O|  |TAMS 0x00000000ff900000| PB 0x00000000ff900000| Untracked 
|2042|0x00000000ffa00000, 0x00000000ffb00000, 0x00000000ffb00000|100%| O|  |TAMS 0x00000000ffa00000| PB 0x00000000ffa00000| Untracked 
|2043|0x00000000ffb00000, 0x00000000ffc00000, 0x00000000ffc00000|100%| O|  |TAMS 0x00000000ffb00000| PB 0x00000000ffb00000| Untracked 
|2044|0x00000000ffc00000, 0x00000000ffd00000, 0x00000000ffd00000|100%| O|  |TAMS 0x00000000ffc00000| PB 0x00000000ffc00000| Untracked 
|2045|0x00000000ffd00000, 0x00000000ffe00000, 0x00000000ffe00000|100%| O|  |TAMS 0x00000000ffd00000| PB 0x00000000ffd00000| Untracked 
|2046|0x00000000ffe00000, 0x00000000fff00000, 0x00000000fff00000|100%| O|  |TAMS 0x00000000ffe00000| PB 0x00000000ffe00000| Untracked 
|2047|0x00000000fff00000, 0x0000000100000000, 0x0000000100000000|100%| O|  |TAMS 0x00000000fff00000| PB 0x00000000fff00000| Untracked 

Card table byte_map: [0x00000235c9310000,0x00000235c9710000] _byte_map_base: 0x00000235c8f10000

Marking Bits: (CMBitMap*) 0x00000235b580b2c0
 Bits: [0x00000235c9710000, 0x00000235cb710000)

Polling page: 0x00000235b3600000

Metaspace:

Usage:
  Non-class:     57.66 MB used.
      Class:      9.84 MB used.
       Both:     67.50 MB used.

Virtual space:
  Non-class space:       64.00 MB reserved,      58.31 MB ( 91%) committed,  1 nodes.
      Class space:      416.00 MB reserved,      10.44 MB (  3%) committed,  1 nodes.
             Both:      480.00 MB reserved,      68.75 MB ( 14%) committed. 

Chunk freelists:
   Non-Class:  4.98 MB
       Class:  5.38 MB
        Both:  10.36 MB

MaxMetaspaceSize: 512.00 MB
CompressedClassSpaceSize: 416.00 MB
Initial GC threshold: 21.00 MB
Current GC threshold: 98.38 MB
CDS: on
 - commit_granule_bytes: 65536.
 - commit_granule_words: 8192.
 - virtual_space_node_default_size: 8388608.
 - enlarge_chunks_in_place: 1.
 - use_allocation_guard: 0.


Internal statistics:

num_allocs_failed_limit: 9.
num_arena_births: 3746.
num_arena_deaths: 1568.
num_vsnodes_births: 2.
num_vsnodes_deaths: 0.
num_space_committed: 1101.
num_space_uncommitted: 1.
num_chunks_returned_to_freelist: 1770.
num_chunks_taken_from_freelist: 7844.
num_chunk_merges: 629.
num_chunk_splits: 4538.
num_chunks_enlarged: 2743.
num_inconsistent_stats: 0.

CodeHeap 'non-profiled nmethods': size=128192Kb used=5627Kb max_used=5627Kb free=122564Kb
 bounds [0x00000235c0c80000, 0x00000235c1200000, 0x00000235c89b0000]
CodeHeap 'profiled nmethods': size=128192Kb used=16498Kb max_used=16498Kb free=111693Kb
 bounds [0x00000235b89b0000, 0x00000235b99d0000, 0x00000235c06e0000]
CodeHeap 'non-nmethods': size=5760Kb used=1934Kb max_used=1978Kb free=3826Kb
 bounds [0x00000235c06e0000, 0x00000235c0950000, 0x00000235c0c80000]
CodeCache: size=262144Kb, used=24059Kb, max_used=24103Kb, free=238083Kb
 total_blobs=9537, nmethods=8738, adapters=702, full_count=0
Compilation: enabled, stopped_count=0, restarted_count=0

Compilation events (20 events):
Event: 4093.417 Thread 0x00000235ce3c6b90 9533       3       org.gradle.internal.properties.annotations.AbstractTypeMetadataWalker::getQualifiedName (32 bytes)
Event: 4093.418 Thread 0x00000235ce3c6b90 nmethod 9533 0x00000235b99c6d10 code [0x00000235b99c6f40, 0x00000235b99c74e0]
Event: 4093.494 Thread 0x00000235ce3c6b90 9534       3       org.gradle.internal.properties.annotations.AbstractTypeMetadataWalker$$Lambda/0x00000235d07ddc50::accept (28 bytes)
Event: 4093.495 Thread 0x00000235ce3c6b90 nmethod 9534 0x00000235b99c7710 code [0x00000235b99c78c0, 0x00000235b99c7b38]
Event: 4093.495 Thread 0x00000235ce3c6b90 9535       3       org.gradle.internal.properties.annotations.AbstractTypeMetadataWalker::lambda$walkChildren$4 (58 bytes)
Event: 4093.498 Thread 0x00000235ce3c6b90 nmethod 9535 0x00000235b99c7c10 code [0x00000235b99c7f00, 0x00000235b99c8c80]
Event: 4093.499 Thread 0x00000235ce3c6b90 9536       3       com.google.common.base.Suppliers::memoize (43 bytes)
Event: 4093.500 Thread 0x00000235ce3c6b90 nmethod 9536 0x00000235b99c9210 code [0x00000235b99c9440, 0x00000235b99c9da8]
Event: 4093.501 Thread 0x00000235ce3c6b90 9538       3       org.gradle.internal.properties.annotations.AbstractTypeMetadataWalker$InstanceTypeMetadataWalker::walkLeaf (21 bytes)
Event: 4093.502 Thread 0x00000235ce3c6b90 nmethod 9538 0x00000235b99c9f90 code [0x00000235b99ca180, 0x00000235b99ca4d8]
Event: 4093.502 Thread 0x00000235ce3c6b90 9537       3       com.google.common.base.Suppliers$NonSerializableMemoizingSupplier::<init> (16 bytes)
Event: 4093.503 Thread 0x00000235ce3c6b90 nmethod 9537 0x00000235b99ca710 code [0x00000235b99ca8e0, 0x00000235b99cad10]
Event: 4093.690 Thread 0x00000235ce3c6b90 9539       3       com.google.common.collect.RegularImmutableSortedSet::size (8 bytes)
Event: 4093.690 Thread 0x00000235ce3c6b90 nmethod 9539 0x00000235b99cae90 code [0x00000235b99cb040, 0x00000235b99cb218]
Event: 4094.149 Thread 0x00000235ce3c6b90 9540       3       java.util.HashMap$ValueSpliterator::forEachRemaining (186 bytes)
Event: 4094.150 Thread 0x00000235ce3c6b90 nmethod 9540 0x00000235b99cb310 code [0x00000235b99cb520, 0x00000235b99cbd00]
Event: 4095.207 Thread 0x00000235ce3c6b90 9541       3       org.gradle.api.internal.file.AbstractOpaqueFileCollection::iterator (10 bytes)
Event: 4095.250 Thread 0x00000235ce3c6b90 nmethod 9541 0x00000235b99cbf90 code [0x00000235b99cc160, 0x00000235b99cc3f0]
Event: 4095.251 Thread 0x00000235ce3c6b90 9542       3       org.gradle.internal.execution.DefaultWorkExecutionTracker$OperationListener::isTransformAction (11 bytes)
Event: 4095.259 Thread 0x00000235ce3c6b90 nmethod 9542 0x00000235b99cc510 code [0x00000235b99cc6c0, 0x00000235b99cc888]

GC Heap History (20 events):
Event: 3713.106 GC heap before
{Heap before GC invocations=13 (full 0):
 garbage-first heap   total 109568K, used 99204K [0x0000000080000000, 0x0000000100000000)
  region size 1024K, 63 young (64512K), 2 survivors (2048K)
 Metaspace       used 46003K, committed 47680K, reserved 491520K
  class space    used 6741K, committed 7552K, reserved 425984K
}
Event: 3713.196 GC heap after
{Heap after GC invocations=14 (full 0):
 garbage-first heap   total 109568K, used 37080K [0x0000000080000000, 0x0000000100000000)
  region size 1024K, 2 young (2048K), 2 survivors (2048K)
 Metaspace       used 46003K, committed 47680K, reserved 491520K
  class space    used 6741K, committed 7552K, reserved 425984K
}
Event: 3725.813 GC heap before
{Heap before GC invocations=14 (full 0):
 garbage-first heap   total 109568K, used 100568K [0x0000000080000000, 0x0000000100000000)
  region size 1024K, 64 young (65536K), 2 survivors (2048K)
 Metaspace       used 46072K, committed 47744K, reserved 491520K
  class space    used 6741K, committed 7552K, reserved 425984K
}
Event: 3725.825 GC heap after
{Heap after GC invocations=15 (full 0):
 garbage-first heap   total 109568K, used 37099K [0x0000000080000000, 0x0000000100000000)
  region size 1024K, 2 young (2048K), 2 survivors (2048K)
 Metaspace       used 46072K, committed 47744K, reserved 491520K
  class space    used 6741K, committed 7552K, reserved 425984K
}
Event: 3732.847 GC heap before
{Heap before GC invocations=15 (full 0):
 garbage-first heap   total 109568K, used 100587K [0x0000000080000000, 0x0000000100000000)
  region size 1024K, 64 young (65536K), 2 survivors (2048K)
 Metaspace       used 46073K, committed 47744K, reserved 491520K
  class space    used 6741K, committed 7552K, reserved 425984K
}
Event: 3732.855 GC heap after
{Heap after GC invocations=16 (full 0):
 garbage-first heap   total 109568K, used 37022K [0x0000000080000000, 0x0000000100000000)
  region size 1024K, 2 young (2048K), 2 survivors (2048K)
 Metaspace       used 46073K, committed 47744K, reserved 491520K
  class space    used 6741K, committed 7552K, reserved 425984K
}
Event: 3868.238 GC heap before
{Heap before GC invocations=16 (full 0):
 garbage-first heap   total 109568K, used 99486K [0x0000000080000000, 0x0000000100000000)
  region size 1024K, 64 young (65536K), 2 survivors (2048K)
 Metaspace       used 46562K, committed 48256K, reserved 491520K
  class space    used 6809K, committed 7680K, reserved 425984K
}
Event: 3868.258 GC heap after
{Heap after GC invocations=17 (full 0):
 garbage-first heap   total 109568K, used 38278K [0x0000000080000000, 0x0000000100000000)
  region size 1024K, 4 young (4096K), 4 survivors (4096K)
 Metaspace       used 46562K, committed 48256K, reserved 491520K
  class space    used 6809K, committed 7680K, reserved 425984K
}
Event: 3879.126 GC heap before
{Heap before GC invocations=17 (full 0):
 garbage-first heap   total 109568K, used 99718K [0x0000000080000000, 0x0000000100000000)
  region size 1024K, 64 young (65536K), 4 survivors (4096K)
 Metaspace       used 50378K, committed 52096K, reserved 491520K
  class space    used 7369K, committed 8192K, reserved 425984K
}
Event: 3879.143 GC heap after
{Heap after GC invocations=18 (full 0):
 garbage-first heap   total 109568K, used 43507K [0x0000000080000000, 0x0000000100000000)
  region size 1024K, 8 young (8192K), 8 survivors (8192K)
 Metaspace       used 50378K, committed 52096K, reserved 491520K
  class space    used 7369K, committed 8192K, reserved 425984K
}
Event: 3881.727 GC heap before
{Heap before GC invocations=18 (full 0):
 garbage-first heap   total 109568K, used 102899K [0x0000000080000000, 0x0000000100000000)
  region size 1024K, 63 young (64512K), 8 survivors (8192K)
 Metaspace       used 55736K, committed 57600K, reserved 491520K
  class space    used 8242K, committed 9152K, reserved 425984K
}
Event: 3881.739 GC heap after
{Heap after GC invocations=19 (full 0):
 garbage-first heap   total 114688K, used 49664K [0x0000000080000000, 0x0000000100000000)
  region size 1024K, 4 young (4096K), 4 survivors (4096K)
 Metaspace       used 55736K, committed 57600K, reserved 491520K
  class space    used 8242K, committed 9152K, reserved 425984K
}
Event: 3882.868 GC heap before
{Heap before GC invocations=19 (full 0):
 garbage-first heap   total 114688K, used 76288K [0x0000000080000000, 0x0000000100000000)
  region size 1024K, 31 young (31744K), 4 survivors (4096K)
 Metaspace       used 58555K, committed 60416K, reserved 491520K
  class space    used 8603K, committed 9536K, reserved 425984K
}
Event: 3882.881 GC heap after
{Heap after GC invocations=20 (full 0):
 garbage-first heap   total 114688K, used 49890K [0x0000000080000000, 0x0000000100000000)
  region size 1024K, 5 young (5120K), 5 survivors (5120K)
 Metaspace       used 58555K, committed 60416K, reserved 491520K
  class space    used 8603K, committed 9536K, reserved 425984K
}
Event: 3886.822 GC heap before
{Heap before GC invocations=21 (full 0):
 garbage-first heap   total 114688K, used 105186K [0x0000000080000000, 0x0000000100000000)
  region size 1024K, 59 young (60416K), 5 survivors (5120K)
 Metaspace       used 61696K, committed 63040K, reserved 491520K
  class space    used 8951K, committed 9664K, reserved 425984K
}
Event: 3886.829 GC heap after
{Heap after GC invocations=22 (full 0):
 garbage-first heap   total 114688K, used 51595K [0x0000000080000000, 0x0000000100000000)
  region size 1024K, 6 young (6144K), 6 survivors (6144K)
 Metaspace       used 61696K, committed 63040K, reserved 491520K
  class space    used 8951K, committed 9664K, reserved 425984K
}
Event: 3893.820 GC heap before
{Heap before GC invocations=22 (full 0):
 garbage-first heap   total 114688K, used 105867K [0x0000000080000000, 0x0000000100000000)
  region size 1024K, 59 young (60416K), 6 survivors (6144K)
 Metaspace       used 65199K, committed 66496K, reserved 491520K
  class space    used 9487K, committed 10112K, reserved 425984K
}
Event: 3893.835 GC heap after
{Heap after GC invocations=23 (full 0):
 garbage-first heap   total 118784K, used 54709K [0x0000000080000000, 0x0000000100000000)
  region size 1024K, 7 young (7168K), 7 survivors (7168K)
 Metaspace       used 65199K, committed 66496K, reserved 491520K
  class space    used 9487K, committed 10112K, reserved 425984K
}
Event: 3977.474 GC heap before
{Heap before GC invocations=23 (full 0):
 garbage-first heap   total 118784K, used 107957K [0x0000000080000000, 0x0000000100000000)
  region size 1024K, 60 young (61440K), 7 survivors (7168K)
 Metaspace       used 68291K, committed 69632K, reserved 491520K
  class space    used 9939K, committed 10560K, reserved 425984K
}
Event: 3977.619 GC heap after
{Heap after GC invocations=24 (full 0):
 garbage-first heap   total 118784K, used 55790K [0x0000000080000000, 0x0000000100000000)
  region size 1024K, 6 young (6144K), 6 survivors (6144K)
 Metaspace       used 68291K, committed 69632K, reserved 491520K
  class space    used 9939K, committed 10560K, reserved 425984K
}

Dll operation events (20 events):
Event: 0.089 Attempting to load shared library C:\Users\user5\.vscode\extensions\redhat.java-1.56.0-win32-x64\jre\21.0.12.1-win32-x86_64\bin\zip.dll
Event: 0.089 Loaded shared library C:\Users\user5\.vscode\extensions\redhat.java-1.56.0-win32-x64\jre\21.0.12.1-win32-x86_64\bin\zip.dll
Event: 0.239 Attempting to load shared library C:\Users\user5\.vscode\extensions\redhat.java-1.56.0-win32-x64\jre\21.0.12.1-win32-x86_64\bin\jimage.dll
Event: 0.239 Loaded shared library C:\Users\user5\.vscode\extensions\redhat.java-1.56.0-win32-x64\jre\21.0.12.1-win32-x86_64\bin\jimage.dll
Event: 0.389 Attempting to load shared library C:\Users\user5\.vscode\extensions\redhat.java-1.56.0-win32-x64\jre\21.0.12.1-win32-x86_64\bin\verify.dll
Event: 0.390 Loaded shared library C:\Users\user5\.vscode\extensions\redhat.java-1.56.0-win32-x64\jre\21.0.12.1-win32-x86_64\bin\verify.dll
Event: 0.502 Attempting to load shared library D:\gradle_cache\native\1def1411415f61bf3af743bc5b6707747c0891f09f0c88961ee8f79bc544acac\windows-amd64\native-platform.dll
Event: 0.503 Loaded shared library D:\gradle_cache\native\1def1411415f61bf3af743bc5b6707747c0891f09f0c88961ee8f79bc544acac\windows-amd64\native-platform.dll
Event: 0.506 Attempting to load shared library D:\gradle_cache\native\0.2.5\x86_64-windows-gnu\gradle-fileevents.dll
Event: 0.507 Loaded shared library D:\gradle_cache\native\0.2.5\x86_64-windows-gnu\gradle-fileevents.dll
Event: 1.100 Attempting to load shared library C:\Users\user5\.vscode\extensions\redhat.java-1.56.0-win32-x64\jre\21.0.12.1-win32-x86_64\bin\management.dll
Event: 1.101 Loaded shared library C:\Users\user5\.vscode\extensions\redhat.java-1.56.0-win32-x64\jre\21.0.12.1-win32-x86_64\bin\management.dll
Event: 1.102 Attempting to load shared library C:\Users\user5\.vscode\extensions\redhat.java-1.56.0-win32-x64\jre\21.0.12.1-win32-x86_64\bin\management_ext.dll
Event: 1.103 Loaded shared library C:\Users\user5\.vscode\extensions\redhat.java-1.56.0-win32-x64\jre\21.0.12.1-win32-x86_64\bin\management_ext.dll
Event: 1.271 Attempting to load shared library C:\Users\user5\.vscode\extensions\redhat.java-1.56.0-win32-x64\jre\21.0.12.1-win32-x86_64\bin\extnet.dll
Event: 1.271 Loaded shared library C:\Users\user5\.vscode\extensions\redhat.java-1.56.0-win32-x64\jre\21.0.12.1-win32-x86_64\bin\extnet.dll
Event: 1.471 Attempting to load shared library C:\Users\user5\.vscode\extensions\redhat.java-1.56.0-win32-x64\jre\21.0.12.1-win32-x86_64\bin\sunmscapi.dll
Event: 1.475 Loaded shared library C:\Users\user5\.vscode\extensions\redhat.java-1.56.0-win32-x64\jre\21.0.12.1-win32-x86_64\bin\sunmscapi.dll
Event: 12.583 Attempting to load shared library D:\temp\native-platform14285157830572471746dir\gradle-fileevents.dll
Event: 13.215 Loaded shared library D:\temp\native-platform14285157830572471746dir\gradle-fileevents.dll

Deoptimization events (20 events):
Event: 4090.562 Thread 0x00000235ee59e0f0 Uncommon trap: trap_request=0xffffffd6 fr.pc=0x00000235c11f5350 relative=0x00000000000009f0
Event: 4090.562 Thread 0x00000235ee59e0f0 Uncommon trap: reason=array_check action=maybe_recompile pc=0x00000235c11f5350 method=java.util.TimSort.binarySort([Ljava/lang/Object;IIILjava/util/Comparator;)V @ 183 c2
Event: 4090.562 Thread 0x00000235ee59e0f0 DEOPT PACKING pc=0x00000235c11f5350 sp=0x000000c8a12f6290
Event: 4090.563 Thread 0x00000235ee59e0f0 DEOPT UNPACKING pc=0x00000235c0734422 sp=0x000000c8a12f6238 mode 2
Event: 4093.347 Thread 0x00000235ee59e0f0 Uncommon trap: trap_request=0xffffffc6 fr.pc=0x00000235c11f0414 relative=0x0000000000000574
Event: 4093.347 Thread 0x00000235ee59e0f0 Uncommon trap: reason=bimorphic_or_optimized_type_check action=maybe_recompile pc=0x00000235c11f0414 method=com.google.common.collect.AbstractMapBasedMultimap.createCollection(Ljava/lang/Object;)Ljava/util/Collection; @ 1 c2
Event: 4093.348 Thread 0x00000235ee59e0f0 DEOPT PACKING pc=0x00000235c11f0414 sp=0x000000c8a12f8750
Event: 4093.348 Thread 0x00000235ee59e0f0 DEOPT UNPACKING pc=0x00000235c0734422 sp=0x000000c8a12f8720 mode 2
Event: 4093.402 Thread 0x00000235ee59e0f0 Uncommon trap: trap_request=0xffffffc6 fr.pc=0x00000235c11f0414 relative=0x0000000000000574
Event: 4093.402 Thread 0x00000235ee59e0f0 Uncommon trap: reason=bimorphic_or_optimized_type_check action=maybe_recompile pc=0x00000235c11f0414 method=com.google.common.collect.AbstractMapBasedMultimap.createCollection(Ljava/lang/Object;)Ljava/util/Collection; @ 1 c2
Event: 4093.402 Thread 0x00000235ee59e0f0 DEOPT PACKING pc=0x00000235c11f0414 sp=0x000000c8a12f8750
Event: 4093.402 Thread 0x00000235ee59e0f0 DEOPT UNPACKING pc=0x00000235c0734422 sp=0x000000c8a12f8720 mode 2
Event: 4093.403 Thread 0x00000235ee59e0f0 Uncommon trap: trap_request=0xffffffc6 fr.pc=0x00000235c11f0414 relative=0x0000000000000574
Event: 4093.403 Thread 0x00000235ee59e0f0 Uncommon trap: reason=bimorphic_or_optimized_type_check action=maybe_recompile pc=0x00000235c11f0414 method=com.google.common.collect.AbstractMapBasedMultimap.createCollection(Ljava/lang/Object;)Ljava/util/Collection; @ 1 c2
Event: 4093.403 Thread 0x00000235ee59e0f0 DEOPT PACKING pc=0x00000235c11f0414 sp=0x000000c8a12f8750
Event: 4093.403 Thread 0x00000235ee59e0f0 DEOPT UNPACKING pc=0x00000235c0734422 sp=0x000000c8a12f8720 mode 2
Event: 4093.403 Thread 0x00000235ee59e0f0 Uncommon trap: trap_request=0xffffffc6 fr.pc=0x00000235c11f0414 relative=0x0000000000000574
Event: 4093.403 Thread 0x00000235ee59e0f0 Uncommon trap: reason=bimorphic_or_optimized_type_check action=maybe_recompile pc=0x00000235c11f0414 method=com.google.common.collect.AbstractMapBasedMultimap.createCollection(Ljava/lang/Object;)Ljava/util/Collection; @ 1 c2
Event: 4093.403 Thread 0x00000235ee59e0f0 DEOPT PACKING pc=0x00000235c11f0414 sp=0x000000c8a12f8750
Event: 4093.403 Thread 0x00000235ee59e0f0 DEOPT UNPACKING pc=0x00000235c0734422 sp=0x000000c8a12f8720 mode 2

Classes loaded (20 events):
Event: 3888.403 Loading class com/sun/beans/finder/AbstractFinder done
Event: 3888.403 Loading class com/sun/beans/finder/MethodFinder done
Event: 3888.403 Loading class com/sun/beans/finder/MethodFinder$1
Event: 3888.404 Loading class com/sun/beans/finder/MethodFinder$1 done
Event: 3888.404 Loading class com/sun/beans/finder/FinderUtils
Event: 3888.404 Loading class com/sun/beans/finder/FinderUtils done
Event: 3889.433 Loading class java/nio/file/FileTreeWalker$1
Event: 3889.434 Loading class java/nio/file/FileTreeWalker$1 done
Event: 3899.922 Loading class java/util/stream/ReduceOps$5
Event: 3899.923 Loading class java/util/stream/ReduceOps$5 done
Event: 3899.923 Loading class java/util/stream/ReduceOps$CountingSink$OfRef
Event: 3899.923 Loading class java/util/stream/ReduceOps$CountingSink
Event: 3899.924 Loading class java/util/stream/ReduceOps$CountingSink done
Event: 3899.924 Loading class java/util/stream/ReduceOps$CountingSink$OfRef done
Event: 3900.720 Loading class sun/reflect/annotation/AnnotationInvocationHandler$1
Event: 3900.720 Loading class sun/reflect/annotation/AnnotationInvocationHandler$1 done
Event: 3902.040 Loading class java/lang/AbstractMethodError
Event: 3902.041 Loading class java/lang/AbstractMethodError done
Event: 3902.216 Loading class java/util/Comparators$NaturalOrderComparator
Event: 3902.216 Loading class java/util/Comparators$NaturalOrderComparator done

Classes unloaded (20 events):
Event: 3882.986 Thread 0x00000235ce38eab0 Unloading class 0x00000235d00efc00 'java/lang/invoke/LambdaForm$MH+0x00000235d00efc00'
Event: 3882.986 Thread 0x00000235ce38eab0 Unloading class 0x00000235d00edc00 'java/lang/invoke/LambdaForm$MH+0x00000235d00edc00'
Event: 3882.986 Thread 0x00000235ce38eab0 Unloading class 0x00000235d00e3c00 'java/lang/invoke/LambdaForm$MH+0x00000235d00e3c00'
Event: 3882.986 Thread 0x00000235ce38eab0 Unloading class 0x00000235d00e1800 'java/lang/invoke/LambdaForm$MH+0x00000235d00e1800'
Event: 3882.986 Thread 0x00000235ce38eab0 Unloading class 0x00000235d00e1400 'java/lang/invoke/LambdaForm$MH+0x00000235d00e1400'
Event: 3882.986 Thread 0x00000235ce38eab0 Unloading class 0x00000235d00e1000 'java/lang/invoke/LambdaForm$MH+0x00000235d00e1000'
Event: 3882.986 Thread 0x00000235ce38eab0 Unloading class 0x00000235d00d5400 'java/lang/invoke/LambdaForm$MH+0x00000235d00d5400'
Event: 3882.986 Thread 0x00000235ce38eab0 Unloading class 0x00000235d00d5000 'java/lang/invoke/LambdaForm$MH+0x00000235d00d5000'
Event: 3882.986 Thread 0x00000235ce38eab0 Unloading class 0x00000235d00d4c00 'java/lang/invoke/LambdaForm$BMH+0x00000235d00d4c00'
Event: 3882.986 Thread 0x00000235ce38eab0 Unloading class 0x00000235d00b1000 'java/lang/invoke/LambdaForm$MH+0x00000235d00b1000'
Event: 3882.986 Thread 0x00000235ce38eab0 Unloading class 0x00000235d00b0c00 'java/lang/invoke/LambdaForm$MH+0x00000235d00b0c00'
Event: 3882.986 Thread 0x00000235ce38eab0 Unloading class 0x00000235d00b0800 'java/lang/invoke/LambdaForm$MH+0x00000235d00b0800'
Event: 3882.986 Thread 0x00000235ce38eab0 Unloading class 0x00000235d0084000 'java/lang/invoke/LambdaForm$DMH+0x00000235d0084000'
Event: 3882.986 Thread 0x00000235ce38eab0 Unloading class 0x00000235d002e000 'java/lang/invoke/LambdaForm$MH+0x00000235d002e000'
Event: 3882.986 Thread 0x00000235ce38eab0 Unloading class 0x00000235d002dc00 'java/lang/invoke/LambdaForm$MH+0x00000235d002dc00'
Event: 3882.987 Thread 0x00000235ce38eab0 Unloading class 0x00000235d002c000 'java/lang/invoke/LambdaForm$MH+0x00000235d002c000'
Event: 3882.987 Thread 0x00000235ce38eab0 Unloading class 0x00000235d0002400 'java/lang/invoke/LambdaForm$MH+0x00000235d0002400'
Event: 3882.987 Thread 0x00000235ce38eab0 Unloading class 0x00000235d0002000 'java/lang/invoke/LambdaForm$MH+0x00000235d0002000'
Event: 3882.987 Thread 0x00000235ce38eab0 Unloading class 0x00000235d0001c00 'java/lang/invoke/LambdaForm$MH+0x00000235d0001c00'
Event: 3882.987 Thread 0x00000235ce38eab0 Unloading class 0x00000235d0001400 'java/lang/invoke/LambdaForm$MH+0x00000235d0001400'

Classes redefined (0 events):
No events

Internal exceptions (20 events):
Event: 3888.400 Thread 0x00000235ee59e0f0 Exception <a 'java/lang/ClassNotFoundException'{0x0000000085067e98}: groovy/lang/Closure$1Customizer> (0x0000000085067e98) 
thrown [s\src\hotspot\share\classfile\systemDictionary.cpp, line 313]
Event: 3888.421 Thread 0x00000235ee59e0f0 Exception <a 'java/lang/ClassNotFoundException'{0x00000000850ec978}: org/jetbrains/kotlin/gradle/targets/js/npm/DefaultNpmDependencyExtensionBeanInfo> (0x00000000850ec978) 
thrown [s\src\hotspot\share\classfile\systemDictionary.cpp, line 313]
Event: 3888.422 Thread 0x00000235ee59e0f0 Exception <a 'java/lang/ClassNotFoundException'{0x00000000850fb968}: org/jetbrains/kotlin/gradle/targets/js/npm/DefaultNpmDependencyExtensionCustomizer> (0x00000000850fb968) 
thrown [s\src\hotspot\share\classfile\systemDictionary.cpp, line 313]
Event: 3888.438 Thread 0x00000235ee59e0f0 Exception <a 'java/lang/ClassNotFoundException'{0x0000000084fa4358}: org/jetbrains/kotlin/gradle/targets/js/npm/NpmDependencyExtensionKt$defaultNpmDependencyDelegate$1BeanInfo> (0x0000000084fa4358) 
thrown [s\src\hotspot\share\classfile\systemDictionary.cpp, line 313]
Event: 3888.439 Thread 0x00000235ee59e0f0 Exception <a 'java/lang/ClassNotFoundException'{0x0000000084fb3388}: org/jetbrains/kotlin/gradle/targets/js/npm/NpmDependencyExtensionDelegateBeanInfo> (0x0000000084fb3388) 
thrown [s\src\hotspot\share\classfile\systemDictionary.cpp, line 313]
Event: 3888.440 Thread 0x00000235ee59e0f0 Exception <a 'java/lang/ClassNotFoundException'{0x0000000084fc2388}: org/jetbrains/kotlin/gradle/targets/js/npm/NpmDependencyExtensionDelegateCustomizer> (0x0000000084fc2388) 
thrown [s\src\hotspot\share\classfile\systemDictionary.cpp, line 313]
Event: 3888.443 Thread 0x00000235ee59e0f0 Exception <a 'java/lang/ClassNotFoundException'{0x0000000084ffd758}: org/jetbrains/kotlin/gradle/targets/js/npm/NpmDependencyExtensionKt$defaultNpmDependencyDelegate$1Customizer> (0x0000000084ffd758) 
thrown [s\src\hotspot\share\classfile\systemDictionary.cpp, line 313]
Event: 3888.451 Thread 0x00000235ee59e0f0 Exception <a 'java/lang/ClassNotFoundException'{0x0000000084e48c50}: org/jetbrains/kotlin/gradle/targets/js/npm/DefaultDevNpmDependencyExtensionBeanInfo> (0x0000000084e48c50) 
thrown [s\src\hotspot\share\classfile\systemDictionary.cpp, line 313]
Event: 3888.454 Thread 0x00000235ee59e0f0 Exception <a 'java/lang/ClassNotFoundException'{0x0000000084e57c58}: org/jetbrains/kotlin/gradle/targets/js/npm/DefaultDevNpmDependencyExtensionCustomizer> (0x0000000084e57c58) 
thrown [s\src\hotspot\share\classfile\systemDictionary.cpp, line 313]
Event: 3888.462 Thread 0x00000235ee59e0f0 Exception <a 'java/lang/ClassNotFoundException'{0x0000000084ead638}: org/jetbrains/kotlin/gradle/targets/js/npm/DefaultPeerNpmDependencyExtensionBeanInfo> (0x0000000084ead638) 
thrown [s\src\hotspot\share\classfile\systemDictionary.cpp, line 313]
Event: 3888.462 Thread 0x00000235ee59e0f0 Exception <a 'java/lang/ClassNotFoundException'{0x0000000084ebc650}: org/jetbrains/kotlin/gradle/targets/js/npm/DefaultPeerNpmDependencyExtensionCustomizer> (0x0000000084ebc650) 
thrown [s\src\hotspot\share\classfile\systemDictionary.cpp, line 313]
Event: 3888.474 Thread 0x00000235ee59e0f0 Exception <a 'java/lang/ClassNotFoundException'{0x0000000084d1f218}: org/jetbrains/kotlin/gradle/targets/js/npm/DefaultPeerNpmDependencyExtension$delegate$1BeanInfo> (0x0000000084d1f218) 
thrown [s\src\hotspot\share\classfile\systemDictionary.cpp, line 313]
Event: 3888.475 Thread 0x00000235ee59e0f0 Exception <a 'java/lang/ClassNotFoundException'{0x0000000084d2e358}: org/jetbrains/kotlin/gradle/targets/js/npm/DefaultPeerNpmDependencyExtension$delegate$1Customizer> (0x0000000084d2e358) 
thrown [s\src\hotspot\share\classfile\systemDictionary.cpp, line 313]
Event: 3889.414 Thread 0x00000235ee59e0f0 Exception <a 'java/lang/NoSuchMethodError'{0x0000000083e084c0}: 'int java.lang.invoke.DirectMethodHandle$Holder.invokeSpecialIFC(java.lang.Object, java.lang.Object, java.lang.Object, java.lang.Object, java.lang.Object)'> (0x0000000083e084c0) 
thrown [s\src\hotspot\share\interpreter\linkResolver.cpp, line 773]
Event: 3900.065 Thread 0x00000235ee59e0f0 Exception <a 'java/lang/NoSuchMethodError'{0x00000000853452f8}: 'java.lang.Object java.lang.invoke.DelegatingMethodHandle$Holder.reinvoke_L(java.lang.Object, java.lang.Object, java.lang.Object, java.lang.Object, java.lang.Object, java.lang.Object, java.lang.Object, java.lang.Object, java.lang.Object, java.lang.Object, java.lang.Object, java.lang.Object, java.lang.Object, java.lang.Object, java.lang.Object, java.lang.Object, java.lang.Object)'> (0x00000000853452f8) 
thrown [s\src\hotspot\share\interpreter\l
Event: 4083.191 Thread 0x00000235ee59e0f0 Implicit null exception at 0x00000235c0f72dfb to 0x00000235c0f72e34
Event: 4083.273 Thread 0x00000235ee59e0f0 Implicit null exception at 0x00000235c0f9ee1b to 0x00000235c0f9fc08
Event: 4084.278 Thread 0x00000235ee59e0f0 Exception <a 'java/lang/NoSuchMethodError'{0x0000000085e32170}: 'java.lang.Object java.lang.invoke.DirectMethodHandle$Holder.newInvokeSpecial(java.lang.Object, java.lang.Object, java.lang.Object, java.lang.Object, java.lang.Object, java.lang.Object, int)'> (0x0000000085e32170) 
thrown [s\src\hotspot\share\interpreter\linkResolver.cpp, line 773]
Event: 4084.298 Thread 0x00000235ee59e0f0 Exception <a 'java/lang/NoSuchMethodError'{0x0000000085e375f0}: 'java.lang.Object java.lang.invoke.DirectMethodHandle$Holder.invokeSpecial(java.lang.Object, java.lang.Object, java.lang.Object, java.lang.Object, java.lang.Object, java.lang.Object, java.lang.Object, int)'> (0x0000000085e375f0) 
thrown [s\src\hotspot\share\interpreter\linkResolver.cpp, line 773]
Event: 4084.308 Thread 0x00000235ee59e0f0 Exception <a 'java/lang/NoSuchMethodError'{0x0000000085e3c458}: 'java.lang.Object java.lang.invoke.Invokers$Holder.linkToTargetMethod(java.lang.Object, java.lang.Object, java.lang.Object, java.lang.Object, java.lang.Object, int, java.lang.Object)'> (0x0000000085e3c458) 
thrown [s\src\hotspot\share\interpreter\linkResolver.cpp, line 773]

ZGC Phase Switch (0 events):
No events

VM Operations (20 events):
Event: 4083.273 Executing safepoint VM operation: Cleanup done
Event: 4084.280 Executing safepoint VM operation: Cleanup
Event: 4084.281 Executing safepoint VM operation: Cleanup done
Event: 4085.289 Executing safepoint VM operation: Cleanup
Event: 4085.304 Executing safepoint VM operation: Cleanup done
Event: 4088.315 Executing safepoint VM operation: Cleanup
Event: 4088.331 Executing safepoint VM operation: Cleanup done
Event: 4089.340 Executing safepoint VM operation: Cleanup
Event: 4089.370 Executing safepoint VM operation: Cleanup done
Event: 4090.374 Executing safepoint VM operation: Cleanup
Event: 4090.389 Executing safepoint VM operation: Cleanup done
Event: 4091.392 Executing safepoint VM operation: Cleanup
Event: 4091.486 Executing safepoint VM operation: Cleanup done
Event: 4092.489 Executing safepoint VM operation: Cleanup
Event: 4092.489 Executing safepoint VM operation: Cleanup done
Event: 4093.493 Executing safepoint VM operation: Cleanup
Event: 4093.494 Executing safepoint VM operation: Cleanup done
Event: 4094.495 Executing safepoint VM operation: Cleanup
Event: 4094.510 Executing safepoint VM operation: Cleanup done
Event: 4095.524 Executing safepoint VM operation: Cleanup

Memory protections (0 events):
No events

Nmethod flushes (20 events):
Event: 3883.058 Thread 0x00000235ce38eab0 flushing  nmethod 0x00000235b8a0a190
Event: 3883.058 Thread 0x00000235ce38eab0 flushing  nmethod 0x00000235b8a0a710
Event: 3883.058 Thread 0x00000235ce38eab0 flushing  nmethod 0x00000235b8b07f10
Event: 3883.058 Thread 0x00000235ce38eab0 flushing  nmethod 0x00000235b8b08e90
Event: 3883.058 Thread 0x00000235ce38eab0 flushing  nmethod 0x00000235b8c82f90
Event: 3883.058 Thread 0x00000235ce38eab0 flushing  nmethod 0x00000235b8ccbd90
Event: 3883.058 Thread 0x00000235ce38eab0 flushing  nmethod 0x00000235b8cf8310
Event: 3883.058 Thread 0x00000235ce38eab0 flushing  nmethod 0x00000235b8d33610
Event: 3883.058 Thread 0x00000235ce38eab0 flushing  nmethod 0x00000235b8d35690
Event: 3883.058 Thread 0x00000235ce38eab0 flushing  nmethod 0x00000235b8d37510
Event: 3883.058 Thread 0x00000235ce38eab0 flushing  nmethod 0x00000235b8d6e110
Event: 3883.058 Thread 0x00000235ce38eab0 flushing  nmethod 0x00000235b8fd4f90
Event: 3883.058 Thread 0x00000235ce38eab0 flushing  nmethod 0x00000235b8fd7690
Event: 3883.058 Thread 0x00000235ce38eab0 flushing  nmethod 0x00000235b900e110
Event: 3883.058 Thread 0x00000235ce38eab0 flushing  nmethod 0x00000235b9011590
Event: 3883.058 Thread 0x00000235ce38eab0 flushing  nmethod 0x00000235b9011e90
Event: 3883.058 Thread 0x00000235ce38eab0 flushing  nmethod 0x00000235b910a490
Event: 3883.058 Thread 0x00000235ce38eab0 flushing  nmethod 0x00000235b9181c10
Event: 3883.058 Thread 0x00000235ce38eab0 flushing  nmethod 0x00000235b9182110
Event: 3883.058 Thread 0x00000235ce38eab0 flushing  nmethod 0x00000235b9183f10

Events (20 events):
Event: 3877.909 Thread 0x00000235ee59e0f0 Thread added: 0x00000235ce8f53d0
Event: 3877.915 Thread 0x00000235ee59e0f0 Thread added: 0x00000235ce8f60f0
Event: 3877.930 Thread 0x00000235ee59e0f0 Thread added: 0x00000235ce8f8ee0
Event: 3877.952 Thread 0x00000235ee59e0f0 Thread added: 0x00000235ce8f5a60
Event: 3877.959 Thread 0x00000235ee59e0f0 Thread added: 0x00000235ce8f81c0
Event: 3877.960 Thread 0x00000235ee59e0f0 Thread added: 0x00000235ce8f9570
Event: 3878.827 Thread 0x00000235ee59e0f0 Thread added: 0x00000235ce8f9c00
Event: 3878.828 Thread 0x00000235ee59e0f0 Thread added: 0x00000235ce8f6780
Event: 3878.830 Thread 0x00000235ee59e0f0 Thread added: 0x00000235ce8f7b30
Event: 3878.832 Thread 0x00000235ee59e0f0 Thread added: 0x00000235ce8fa290
Event: 3878.833 Thread 0x00000235ee59e0f0 Thread added: 0x00000235ce8f8850
Event: 3878.835 Thread 0x00000235ee59e0f0 Thread added: 0x00000235ce8f6e10
Event: 3878.837 Thread 0x00000235ee59e0f0 Thread added: 0x00000235ce8fa920
Event: 3878.838 Thread 0x00000235ee59e0f0 Thread added: 0x00000235ce8f74a0
Event: 3878.839 Thread 0x00000235ee59e0f0 Thread added: 0x00000235ce8fafb0
Event: 3878.841 Thread 0x00000235ee59e0f0 Thread added: 0x00000235ce8fb640
Event: 3878.842 Thread 0x00000235ee59e0f0 Thread added: 0x00000235ce8fc9f0
Event: 3879.902 Thread 0x00000235ee59e0f0 Thread added: 0x00000235ce8fbcd0
Event: 3884.223 Thread 0x00000235ee59e0f0 Thread added: 0x00000235f139d880
Event: 3962.760 Thread 0x00000235ef2c7fd0 Thread exited: 0x00000235ef2c7fd0


Dynamic libraries:
0x00007ff7a95b0000 - 0x00007ff7a95be000 	C:\Users\user5\.vscode\extensions\redhat.java-1.56.0-win32-x64\jre\21.0.12.1-win32-x86_64\bin\java.exe
0x00007ff8236e0000 - 0x00007ff823947000 	C:\WINDOWS\SYSTEM32\ntdll.dll
0x00007ff822840000 - 0x00007ff82290b000 	C:\WINDOWS\System32\KERNEL32.DLL
0x00007ff820b10000 - 0x00007ff820f12000 	C:\WINDOWS\System32\KERNELBASE.dll
0x00007ff8212a0000 - 0x00007ff8213ec000 	C:\WINDOWS\System32\ucrtbase.dll
0x00007ff810520000 - 0x00007ff810538000 	C:\Users\user5\.vscode\extensions\redhat.java-1.56.0-win32-x64\jre\21.0.12.1-win32-x86_64\bin\jli.dll
0x00007ff813580000 - 0x00007ff81359e000 	C:\Users\user5\.vscode\extensions\redhat.java-1.56.0-win32-x64\jre\21.0.12.1-win32-x86_64\bin\VCRUNTIME140.dll
0x00007ff822450000 - 0x00007ff82261f000 	C:\WINDOWS\System32\USER32.dll
0x00007ff820f20000 - 0x00007ff820f47000 	C:\WINDOWS\System32\win32u.dll
0x00007ff800850000 - 0x00007ff800ae0000 	C:\WINDOWS\WinSxS\amd64_microsoft.windows.common-controls_6595b64144ccf1df_6.0.26100.9278_none_3e0d1ba8e3303201\COMCTL32.dll
0x00007ff822760000 - 0x00007ff82278b000 	C:\WINDOWS\System32\GDI32.dll
0x00007ff822910000 - 0x00007ff8229b9000 	C:\WINDOWS\System32\msvcrt.dll
0x00007ff820f50000 - 0x00007ff821079000 	C:\WINDOWS\System32\gdi32full.dll
0x00007ff820a60000 - 0x00007ff820b03000 	C:\WINDOWS\System32\msvcp_win.dll
0x00007ff821400000 - 0x00007ff821431000 	C:\WINDOWS\System32\IMM32.DLL
0x00007ff818840000 - 0x00007ff81884c000 	C:\Users\user5\.vscode\extensions\redhat.java-1.56.0-win32-x64\jre\21.0.12.1-win32-x86_64\bin\vcruntime140_1.dll
0x00007fffefad0000 - 0x00007fffefb5d000 	C:\Users\user5\.vscode\extensions\redhat.java-1.56.0-win32-x64\jre\21.0.12.1-win32-x86_64\bin\msvcp140.dll
0x00007fff950e0000 - 0x00007fff95e82000 	C:\Users\user5\.vscode\extensions\redhat.java-1.56.0-win32-x64\jre\21.0.12.1-win32-x86_64\bin\server\jvm.dll
0x00007ff822680000 - 0x00007ff82273c000 	C:\WINDOWS\System32\ADVAPI32.dll
0x00007ff8234d0000 - 0x00007ff823579000 	C:\WINDOWS\System32\sechost.dll
0x00007ff823580000 - 0x00007ff823698000 	C:\WINDOWS\System32\RPCRT4.dll
0x00007ff8227b0000 - 0x00007ff822830000 	C:\WINDOWS\System32\WS2_32.dll
0x00007ff81ffb0000 - 0x00007ff82000e000 	C:\WINDOWS\SYSTEM32\POWRPROF.dll
0x00007ff80c220000 - 0x00007ff80c256000 	C:\WINDOWS\SYSTEM32\WINMM.dll
0x00007ff8142c0000 - 0x00007ff8142cb000 	C:\WINDOWS\SYSTEM32\VERSION.dll
0x00007ff81ff70000 - 0x00007ff81ff85000 	C:\WINDOWS\SYSTEM32\UMPDC.dll
0x00007ff81f5b0000 - 0x00007ff81f5cb000 	C:\WINDOWS\SYSTEM32\kernel.appcore.dll
0x00007ff816440000 - 0x00007ff81644a000 	C:\Users\user5\.vscode\extensions\redhat.java-1.56.0-win32-x64\jre\21.0.12.1-win32-x86_64\bin\jimage.dll
0x00007ff81de40000 - 0x00007ff81e08c000 	C:\WINDOWS\SYSTEM32\DBGHELP.DLL
0x00007ff8215c0000 - 0x00007ff821945000 	C:\WINDOWS\System32\combase.dll
0x00007ff821950000 - 0x00007ff821a29000 	C:\WINDOWS\System32\OLEAUT32.dll
0x00007ffff9420000 - 0x00007ffff945b000 	C:\WINDOWS\SYSTEM32\dbgcore.DLL
0x00007ff8208e0000 - 0x00007ff82098c000 	C:\WINDOWS\System32\bcryptPrimitives.dll
0x00007ff804240000 - 0x00007ff80424f000 	C:\Users\user5\.vscode\extensions\redhat.java-1.56.0-win32-x64\jre\21.0.12.1-win32-x86_64\bin\instrument.dll
0x00007ff801b30000 - 0x00007ff801b50000 	C:\Users\user5\.vscode\extensions\redhat.java-1.56.0-win32-x64\jre\21.0.12.1-win32-x86_64\bin\java.dll
0x00007ff822d30000 - 0x00007ff8234c8000 	C:\WINDOWS\System32\SHELL32.dll
0x00007ff81e340000 - 0x00007ff81ebee000 	C:\WINDOWS\SYSTEM32\windows.storage.dll
0x00007ff822b30000 - 0x00007ff822c2b000 	C:\WINDOWS\System32\SHCORE.dll
0x00007ff822ac0000 - 0x00007ff822b26000 	C:\WINDOWS\System32\shlwapi.dll
0x00007ff820800000 - 0x00007ff820829000 	C:\WINDOWS\SYSTEM32\profapi.dll
0x00007ffffca20000 - 0x00007ffffca38000 	C:\Users\user5\.vscode\extensions\redhat.java-1.56.0-win32-x64\jre\21.0.12.1-win32-x86_64\bin\zip.dll
0x00007ff8047d0000 - 0x00007ff8047e0000 	C:\Users\user5\.vscode\extensions\redhat.java-1.56.0-win32-x64\jre\21.0.12.1-win32-x86_64\bin\net.dll
0x00007ff816de0000 - 0x00007ff816f0a000 	C:\WINDOWS\SYSTEM32\WINHTTP.dll
0x00007ff81fbe0000 - 0x00007ff81fc4c000 	C:\WINDOWS\system32\mswsock.dll
0x00007ffffc410000 - 0x00007ffffc426000 	C:\Users\user5\.vscode\extensions\redhat.java-1.56.0-win32-x64\jre\21.0.12.1-win32-x86_64\bin\nio.dll
0x00007ff8039a0000 - 0x00007ff8039b0000 	C:\Users\user5\.vscode\extensions\redhat.java-1.56.0-win32-x64\jre\21.0.12.1-win32-x86_64\bin\verify.dll
0x00007ffffbfd0000 - 0x00007ffffbff7000 	D:\gradle_cache\native\1def1411415f61bf3af743bc5b6707747c0891f09f0c88961ee8f79bc544acac\windows-amd64\native-platform.dll
0x000000006bd40000 - 0x000000006bdb3000 	D:\gradle_cache\native\0.2.5\x86_64-windows-gnu\gradle-fileevents.dll
0x00007ff8163f0000 - 0x00007ff8163fa000 	C:\Users\user5\.vscode\extensions\redhat.java-1.56.0-win32-x64\jre\21.0.12.1-win32-x86_64\bin\management.dll
0x00007ff8163e0000 - 0x00007ff8163ec000 	C:\Users\user5\.vscode\extensions\redhat.java-1.56.0-win32-x64\jre\21.0.12.1-win32-x86_64\bin\management_ext.dll
0x00007ff822440000 - 0x00007ff822448000 	C:\WINDOWS\System32\PSAPI.DLL
0x00007ff81fef0000 - 0x00007ff81ff0b000 	C:\WINDOWS\SYSTEM32\CRYPTSP.dll
0x00007ff81f510000 - 0x00007ff81f549000 	C:\WINDOWS\system32\rsaenh.dll
0x00007ff81fc90000 - 0x00007ff81fcc4000 	C:\WINDOWS\SYSTEM32\USERENV.dll
0x00007ff8207d0000 - 0x00007ff8207fa000 	C:\WINDOWS\SYSTEM32\bcrypt.dll
0x00007ff81ff10000 - 0x00007ff81ff1c000 	C:\WINDOWS\SYSTEM32\CRYPTBASE.dll
0x00007ff81efb0000 - 0x00007ff81efe3000 	C:\WINDOWS\SYSTEM32\IPHLPAPI.DLL
0x00007ff822750000 - 0x00007ff82275a000 	C:\WINDOWS\System32\NSI.dll
0x00007ffffce70000 - 0x00007ffffce79000 	C:\Users\user5\.vscode\extensions\redhat.java-1.56.0-win32-x64\jre\21.0.12.1-win32-x86_64\bin\extnet.dll
0x00007ffffa2f0000 - 0x00007ffffa2fe000 	C:\Users\user5\.vscode\extensions\redhat.java-1.56.0-win32-x64\jre\21.0.12.1-win32-x86_64\bin\sunmscapi.dll
0x00007ff821080000 - 0x00007ff8211fe000 	C:\WINDOWS\System32\CRYPT32.dll
0x00007ff8201c0000 - 0x00007ff8201f0000 	C:\WINDOWS\SYSTEM32\ncrypt.dll
0x00007ff820170000 - 0x00007ff8201af000 	C:\WINDOWS\SYSTEM32\NTASN1.dll
0x00007ff813c90000 - 0x00007ff813c98000 	C:\WINDOWS\system32\wshunix.dll
0x000000006af90000 - 0x000000006b003000 	D:\temp\native-platform14285157830572471746dir\gradle-fileevents.dll

JVMTI agents:
D:\gradle_cache\wrapper\dists\gradle-8.12-all\ejduaidbjup3bmmkhw3rie4zb\gradle-8.12\lib\agents\gradle-instrumentation-agent-8.12.jar path:C:\Users\user5\.vscode\extensions\redhat.java-1.56.0-win32-x64\jre\21.0.12.1-win32-x86_64\bin\instrument.dll, loaded, initialized, instrumentlib options:none

dbghelp: loaded successfully - version: 4.0.5 - missing functions: none
symbol engine: initialized successfully - sym options: 0x614 - pdb path: .;C:\Users\user5\.vscode\extensions\redhat.java-1.56.0-win32-x64\jre\21.0.12.1-win32-x86_64\bin;C:\WINDOWS\SYSTEM32;C:\WINDOWS\WinSxS\amd64_microsoft.windows.common-controls_6595b64144ccf1df_6.0.26100.9278_none_3e0d1ba8e3303201;C:\Users\user5\.vscode\extensions\redhat.java-1.56.0-win32-x64\jre\21.0.12.1-win32-x86_64\bin\server;D:\gradle_cache\native\1def1411415f61bf3af743bc5b6707747c0891f09f0c88961ee8f79bc544acac\windows-amd64;D:\gradle_cache\native\0.2.5\x86_64-windows-gnu;D:\temp\native-platform14285157830572471746dir

VM Arguments:
jvm_args: --add-opens=java.base/java.lang=ALL-UNNAMED --add-opens=java.base/java.lang.invoke=ALL-UNNAMED --add-opens=java.base/java.util=ALL-UNNAMED --add-opens=java.prefs/java.util.prefs=ALL-UNNAMED --add-exports=jdk.compiler/com.sun.tools.javac.api=ALL-UNNAMED --add-exports=jdk.compiler/com.sun.tools.javac.util=ALL-UNNAMED --add-opens=java.base/java.util=ALL-UNNAMED --add-opens=java.prefs/java.util.prefs=ALL-UNNAMED --add-opens=java.base/java.nio.charset=ALL-UNNAMED --add-opens=java.base/java.net=ALL-UNNAMED --add-opens=java.base/java.util.concurrent.atomic=ALL-UNNAMED --add-opens=java.xml/javax.xml.namespace=ALL-UNNAMED -XX:MaxMetaspaceSize=512m -XX:ReservedCodeCacheSize=256m -XX:+HeapDumpOnOutOfMemoryError -Xmx2G -Dfile.encoding=UTF-8 -Duser.country=IN -Duser.language=en -Duser.variant -javaagent:D:\gradle_cache\wrapper\dists\gradle-8.12-all\ejduaidbjup3bmmkhw3rie4zb\gradle-8.12\lib\agents\gradle-instrumentation-agent-8.12.jar 
java_command: org.gradle.launcher.daemon.bootstrap.GradleDaemon 8.12
java_class_path (initial): D:\gradle_cache\wrapper\dists\gradle-8.12-all\ejduaidbjup3bmmkhw3rie4zb\gradle-8.12\lib\gradle-daemon-main-8.12.jar
Launcher Type: SUN_STANDARD

[Global flags]
     intx CICompilerCount                          = 4                                         {product} {ergonomic}
   size_t CompressedClassSpaceSize                 = 436207616                                 {product} {ergonomic}
     uint ConcGCThreads                            = 3                                         {product} {ergonomic}
     uint G1ConcRefinementThreads                  = 10                                        {product} {ergonomic}
   size_t G1HeapRegionSize                         = 1048576                                   {product} {ergonomic}
    uintx GCDrainStackTargetSize                   = 64                                        {product} {ergonomic}
     bool HeapDumpOnOutOfMemoryError               = true                                   {manageable} {command line}
   size_t InitialHeapSize                          = 130023424                                 {product} {ergonomic}
   size_t MarkStackSize                            = 4194304                                   {product} {ergonomic}
   size_t MaxHeapSize                              = 2147483648                                {product} {command line}
   size_t MaxMetaspaceSize                         = 536870912                                 {product} {command line}
   size_t MaxNewSize                               = 1287651328                                {product} {ergonomic}
   size_t MinHeapDeltaBytes                        = 1048576                                   {product} {ergonomic}
   size_t MinHeapSize                              = 8388608                                   {product} {ergonomic}
    uintx NonNMethodCodeHeapSize                   = 5839372                                {pd product} {ergonomic}
    uintx NonProfiledCodeHeapSize                  = 131298042                              {pd product} {ergonomic}
    uintx ProfiledCodeHeapSize                     = 131298042                              {pd product} {ergonomic}
    uintx ReservedCodeCacheSize                    = 268435456                              {pd product} {command line}
     bool SegmentedCodeCache                       = true                                      {product} {ergonomic}
   size_t SoftMaxHeapSize                          = 2147483648                             {manageable} {ergonomic}
     bool UseCompressedOops                        = true                           {product lp64_product} {ergonomic}
     bool UseG1GC                                  = true                                      {product} {ergonomic}
     bool UseLargePagesIndividualAllocation        = false                                  {pd product} {ergonomic}

Logging:
Log output configuration:
 #0: stdout all=warning uptime,level,tags foldmultilines=false
 #1: stderr all=off uptime,level,tags foldmultilines=false

Release file:
JAVA_VERSION="21.0.12.1" 
MODULES="java.base java.compiler java.datatransfer java.xml java.prefs java.desktop java.instrument java.logging java.management java.security.sasl java.naming java.rmi java.management.rmi java.net.http java.scripting java.security.jgss java.transaction.xa java.sql java.sql.rowset java.xml.crypto java.se java.smartcardio jdk.accessibility jdk.internal.jvmstat jdk.attach jdk.charsets jdk.internal.opt jdk.zipfs jdk.compiler jdk.crypto.ec jdk.crypto.cryptoki jdk.crypto.mscapi jdk.dynalink jdk.internal.ed jdk.editpad jdk.hotspot.agent jdk.httpserver jdk.internal.le jdk.internal.vm.ci jdk.internal.vm.compiler jdk.internal.vm.compiler.management jdk.jartool jdk.javadoc jdk.jcmd jdk.management jdk.management.agent jdk.jconsole jdk.jdeps jdk.jdwp.agent jdk.jdi jdk.jfr jdk.jshell jdk.jsobject jdk.jstatd jdk.localedata jdk.management.jfr jdk.naming.dns jdk.naming.rmi jdk.net jdk.nio.mapmode jdk.random jdk.sctp jdk.security.auth jdk.security.jgss jdk.unsupported jdk.unsupported.desktop jdk.xml.dom" 

Environment Variables:
PATH=C:\Program Files\Common Files\Oracle\Java\javapath;C:\windows\system32;C:\windows;C:\windows\System32\Wbem;C:\windows\System32\WindowsPowerShell\v1.0\;C:\windows\System32\OpenSSH\;C:\Program Files (x86)\NVIDIA Corporation\PhysX\Common;C:\Program Files\NVIDIA Corporation\NVIDIA NvDLISR;C:\Users\Administrator\AppData\Local\Microsoft\WindowsApps;C:\Program Files\HP\OMEN-Broadcast\Common;C:\WINDOWS\system32;C:\WINDOWS;C:\WINDOWS\System32\Wbem;C:\WINDOWS\System32\WindowsPowerShell\v1.0\;C:\WINDOWS\System32\OpenSSH\;C:\src\flutter\bin;C:\Users\user5\AppData\Local\Android\Sdk\platform-tools;C:\Program Files\MySQL\MySQL Server 8.0\bin;C:\Program Files\Git\cmd;C:\Program Files\Git\mingw64\bin;C:\src\flutter\bin;C:\Program Files\Git\usr\bin;C:\Program Files\nodejs\;C:\Program Files\MySQL\MySQL Shell 8.0\bin\;C:\Users\user5\AppData\Local\Microsoft\WindowsApps;C:\Users\user5\AppData\Local\Programs\Microsoft VS Code\bin;C:\MinGW\bin;C:\Program Files\JetBrains\IntelliJ IDEA Community Edition 2025.1.1.1\bin;C:\Program Files\Git\cmd;;C:\Users\user5\AppData\Local\Programs\Antigravity IDE\bin;C:\Users\user5\AppData\Roaming\npm
USERNAME=User
OS=Windows_NT
PROCESSOR_IDENTIFIER=Intel64 Family 6 Model 154 Stepping 3, GenuineIntel
TMP=D:\temp
TEMP=D:\temp




Periodic native trim disabled

---------------  S Y S T E M  ---------------

OS:
 Windows 11 , 64 bit Build 26100 (10.0.26100.9444)
OS uptime: 0 days 4:00 hours
Hyper-V role detected

CPU: total 12 (initial active 12) (6 cores per cpu, 2 threads per core) family 6 model 154 stepping 3 microcode 0x435, cx8, cmov, fxsr, ht, mmx, 3dnowpref, sse, sse2, sse3, ssse3, sse4.1, sse4.2, popcnt, lzcnt, tsc, tscinvbit, avx, avx2, aes, erms, clmul, bmi1, bmi2, adx, sha, fma, vzeroupper, clflush, clflushopt, clwb, hv, serialize, rdtscp, rdpid, fsrm, f16c, cet_ibt, cet_ss
Processor Information for processor 0
  Max Mhz: 2000, Current Mhz: 2000, Mhz Limit: 2000
Processor Information for processor 1
  Max Mhz: 2000, Current Mhz: 2000, Mhz Limit: 2000
Processor Information for processor 2
  Max Mhz: 2000, Current Mhz: 2000, Mhz Limit: 2000
Processor Information for processor 3
  Max Mhz: 2000, Current Mhz: 2000, Mhz Limit: 2000
Processor Information for processor 4
  Max Mhz: 2000, Current Mhz: 2000, Mhz Limit: 2000
Processor Information for processor 5
  Max Mhz: 2000, Current Mhz: 2000, Mhz Limit: 2000
Processor Information for processor 6
  Max Mhz: 2000, Current Mhz: 2000, Mhz Limit: 2000
Processor Information for processor 7
  Max Mhz: 2000, Current Mhz: 2000, Mhz Limit: 2000
Processor Information for processor 8
  Max Mhz: 2000, Current Mhz: 2000, Mhz Limit: 2000
Processor Information for processor 9
  Max Mhz: 2000, Current Mhz: 1466, Mhz Limit: 2000
Processor Information for processor 10
  Max Mhz: 2000, Current Mhz: 2000, Mhz Limit: 2000
Processor Information for processor 11
  Max Mhz: 2000, Current Mhz: 2000, Mhz Limit: 2000

Memory: 4k page, system-wide physical 7832M (812M free)
TotalPageFile size 28210M (AvailPageFile size 528M)
current process WorkingSet (physical memory assigned to process): 95M, peak: 262M
current process commit charge ("private bytes"): 364M, peak: 374M

vm_info: OpenJDK 64-Bit Server VM (21.0.12.1+1-LTS) for windows-amd64 JRE (21.0.12.1+1-LTS), built on 2026-08-18T00:00:00Z by "admin" with MS VC++ 17.12 (VS2022)

END.
