#
# There is insufficient memory for the Java Runtime Environment to continue.
# Native memory allocation (malloc) failed to allocate 915920 bytes. Error detail: Chunk::new
# Possible reasons:
#   The system is out of physical RAM or swap space
#   This process is running with CompressedOops enabled, and the Java Heap may be blocking the growth of the native heap
# Possible solutions:
#   Reduce memory load on the system
#   Increase physical memory or swap space
#   Check if swap backing store is full
#   Decrease Java heap size (-Xmx/-Xms)
#   Decrease number of Java threads
#   Decrease Java thread stack sizes (-Xss)
#   Set larger code cache with -XX:ReservedCodeCacheSize=
#   JVM is running with Unscaled Compressed Oops mode in which the Java heap is
#     placed in the first 4GB address space. The Java Heap base address is the
#     maximum limit for the native heap growth. Please use -XX:HeapBaseMinAddress
#     to set the Java Heap base and to place the Java Heap above 4GB virtual address.
# This output file may be truncated or incomplete.
#
#  Out of Memory Error (arena.cpp:168), pid=26584, tid=23228
#
# JRE version: OpenJDK Runtime Environment Temurin-21.0.12.1+1 (21.0.12.1+1) (build 21.0.12.1+1-LTS)
# Java VM: OpenJDK 64-Bit Server VM Temurin-21.0.12.1+1 (21.0.12.1+1-LTS, mixed mode, sharing, tiered, compressed oops, compressed class ptrs, g1 gc, windows-amd64)
# No core dump will be written. Minidumps are not enabled by default on client versions of Windows
#

---------------  S U M M A R Y ------------

Command Line: --add-opens=java.base/java.lang=ALL-UNNAMED --add-opens=java.base/java.lang.invoke=ALL-UNNAMED --add-opens=java.base/java.util=ALL-UNNAMED --add-opens=java.prefs/java.util.prefs=ALL-UNNAMED --add-exports=jdk.compiler/com.sun.tools.javac.api=ALL-UNNAMED --add-exports=jdk.compiler/com.sun.tools.javac.util=ALL-UNNAMED --add-opens=java.base/java.util=ALL-UNNAMED --add-opens=java.prefs/java.util.prefs=ALL-UNNAMED --add-opens=java.base/java.nio.charset=ALL-UNNAMED --add-opens=java.base/java.net=ALL-UNNAMED --add-opens=java.base/java.util.concurrent.atomic=ALL-UNNAMED --add-opens=java.xml/javax.xml.namespace=ALL-UNNAMED -XX:MaxMetaspaceSize=512m -XX:ReservedCodeCacheSize=256m -XX:+HeapDumpOnOutOfMemoryError -Xmx2G -Dfile.encoding=UTF-8 -Duser.country=IN -Duser.language=en -Duser.variant -javaagent:D:\gradle_cache\wrapper\dists\gradle-8.12-all\ejduaidbjup3bmmkhw3rie4zb\gradle-8.12\lib\agents\gradle-instrumentation-agent-8.12.jar org.gradle.launcher.daemon.bootstrap.GradleDaemon 8.12

Host: 12th Gen Intel(R) Core(TM) i5-12450H, 12 cores, 7G,  Windows 11 , 64 bit Build 26100 (10.0.26100.9444)
Time: Sun Sep 13 16:18:54 2026 India Standard Time elapsed time: 394.356143 seconds (0d 0h 6m 34s)

---------------  T H R E A D  ---------------

Current thread (0x0000019466f28480):  JavaThread "C2 CompilerThread0" daemon [_thread_in_native, id=23228, stack(0x00000053d1200000,0x00000053d1300000) (1024K)]


Current CompileTask:
C2:394356 15172   !   4       sun.nio.ch.FileChannelImpl::tryLock (253 bytes)

Stack: [0x00000053d1200000,0x00000053d1300000]
Native frames: (J=compiled Java code, j=interpreted, Vv=VM code, C=native code)
V  [jvm.dll+0x6d83e9]
V  [jvm.dll+0x8b5736]
V  [jvm.dll+0x8b7cee]
V  [jvm.dll+0x8b83d3]
V  [jvm.dll+0x284596]
V  [jvm.dll+0xc685d]
V  [jvm.dll+0xc6da1]
V  [jvm.dll+0x3bf18b]
V  [jvm.dll+0x38b6d2]
V  [jvm.dll+0x38ab1a]
V  [jvm.dll+0x24c700]
V  [jvm.dll+0x24bce0]
V  [jvm.dll+0x1cb4ae]
V  [jvm.dll+0x25baad]
V  [jvm.dll+0x25a03a]
V  [jvm.dll+0x3f8aae]
V  [jvm.dll+0x8600cd]
V  [jvm.dll+0x6d6c1d]
C  [ucrtbase.dll+0x2cd30]
C  [KERNEL32.DLL+0x2cd87]
C  [ntdll.dll+0xacaec]


---------------  P R O C E S S  ---------------

Threads class SMR info:
_java_thread_list=0x00000194771bb950, length=156, elements={
0x000001944e320100, 0x0000019466f02c10, 0x0000019466f15640, 0x0000019466f1ced0,
0x0000019466f1df40, 0x0000019466f1fe60, 0x0000019466f215e0, 0x0000019466f28480,
0x0000019466f2e430, 0x000001946b1feda0, 0x000001946b27df00, 0x000001946c680930,
0x000001946c706820, 0x000001946c6bc080, 0x000001946cb10420, 0x000001946cb140a0,
0x000001946ca94820, 0x000001946c9e12d0, 0x000001946c9df200, 0x000001946c9dde50,
0x000001946c9e0c40, 0x000001946c9dff20, 0x000001946c9de4e0, 0x000001946c9df890,
0x000001946ea0c410, 0x000001946ea0caa0, 0x000001946ea0bd80, 0x000001946ea0b6f0,
0x000001946ea0eb70, 0x000001946ea0f890, 0x000001946ea105b0, 0x000001946ea0d130,
0x000001946ea10c40, 0x000001946ea0e4e0, 0x000001946ea11ff0, 0x000001946ea12680,
0x000001946e929f20, 0x000001946e92c680, 0x000001946e92cd10, 0x000001946e92a5b0,
0x000001946e929890, 0x000001946e92b2d0, 0x000001946e92bff0, 0x000001946e92d3a0,
0x000001946e92e0c0, 0x000001946e92ac40, 0x000001946e92da30, 0x000001946e92ede0,
0x000001946e92e750, 0x000001946e92b960, 0x000001946e92f470, 0x000001946e92fb00,
0x000001946e930eb0, 0x000001946e930190, 0x000001946e930820, 0x000001946f049fc0,
0x000001946f04dad0, 0x000001946f04ace0, 0x000001946f04b370, 0x000001946f04ba00,
0x000001946f04a650, 0x000001946f04f510, 0x000001946f04c720, 0x000001946f04d440,
0x000001946f04e160, 0x000001946f04e7f0, 0x000001946f04c090, 0x000001946f04ee80,
0x000001946f469e60, 0x000001946f46ab80, 0x000001946f468ab0, 0x000001946f469140,
0x000001946f467700, 0x000001946f46bf30, 0x000001946f46b210, 0x000001946f46b8a0,
0x000001946f46c5c0, 0x000001946f46a4f0, 0x000001946f46cc50, 0x000001946f4697d0,
0x000001946f46d2e0, 0x000001946f46d970, 0x000001946f46e000, 0x000001946f46e690,
0x000001946fe30360, 0x000001946fe2fcd0, 0x000001946fe32430, 0x000001946fe32ac0,
0x000001946fe31080, 0x000001946fe2f640, 0x000001946fe309f0, 0x000001946fe33150,
0x000001946fe33e70, 0x000001946fe31710, 0x000001946fe31da0, 0x000001946fe365d0,
0x000001946fe35220, 0x000001946fe358b0, 0x000001946fe34500, 0x000001946fe35f40,
0x000001946fe337e0, 0x000001946fe36c60, 0x0000019470373070, 0x0000019470374420,
0x0000019470374ab0, 0x00000194703757d0, 0x0000019470375e60, 0x0000019470373700,
0x00000194703729e0, 0x0000019470375140, 0x00000194703764f0, 0x0000019470377210,
0x0000019470376b80, 0x00000194703778a0, 0x0000019470377f30, 0x00000194703785c0,
0x0000019470379970, 0x0000019470378c50, 0x00000194703792e0, 0x000001947037a000,
0x000001946f647c50, 0x000001946f6482e0, 0x000001946f649d20, 0x000001946f648970,
0x000001946f64a3b0, 0x000001946f64b0d0, 0x000001946f649000, 0x000001946f649690,
0x000001946f64c480, 0x000001946f64d1a0, 0x000001946f64dec0, 0x000001946f64bdf0,
0x000001946f64aa40, 0x000001946f64d830, 0x000001946f64cb10, 0x000001946f64e550,
0x000001946f64ebe0, 0x000001946f64b760, 0x000001946f64f270, 0x000001946fba7410,
0x000001946fba6060, 0x000001946fba6d80, 0x000001946fba9b70, 0x000001946fba66f0,
0x000001946fba7aa0, 0x000001946fba8130, 0x000001946fbaa200, 0x000001946fba87c0,
0x000001946fbab5b0, 0x000001947060c270, 0x0000019470613200, 0x00000194711af7f0,
0x00000194711ad090, 0x00000194711aca00, 0x00000194711b0510, 0x00000194711ad720
}

Java Threads: ( => current thread )
  0x000001944e320100 JavaThread "main"                              [_thread_blocked, id=6904, stack(0x00000053d0400000,0x00000053d0500000) (1024K)]
  0x0000019466f02c10 JavaThread "Reference Handler"          daemon [_thread_blocked, id=8372, stack(0x00000053d0c00000,0x00000053d0d00000) (1024K)]
  0x0000019466f15640 JavaThread "Finalizer"                  daemon [_thread_blocked, id=24952, stack(0x00000053d0d00000,0x00000053d0e00000) (1024K)]
  0x0000019466f1ced0 JavaThread "Signal Dispatcher"          daemon [_thread_blocked, id=15740, stack(0x00000053d0e00000,0x00000053d0f00000) (1024K)]
  0x0000019466f1df40 JavaThread "Attach Listener"            daemon [_thread_blocked, id=27360, stack(0x00000053d0f00000,0x00000053d1000000) (1024K)]
  0x0000019466f1fe60 JavaThread "Service Thread"             daemon [_thread_blocked, id=26760, stack(0x00000053d1000000,0x00000053d1100000) (1024K)]
  0x0000019466f215e0 JavaThread "Monitor Deflation Thread"   daemon [_thread_blocked, id=22924, stack(0x00000053d1100000,0x00000053d1200000) (1024K)]
=>0x0000019466f28480 JavaThread "C2 CompilerThread0"         daemon [_thread_in_native, id=23228, stack(0x00000053d1200000,0x00000053d1300000) (1024K)]
  0x0000019466f2e430 JavaThread "C1 CompilerThread0"         daemon [_thread_blocked, id=27840, stack(0x00000053d1300000,0x00000053d1400000) (1024K)]
  0x000001946b1feda0 JavaThread "Common-Cleaner"             daemon [_thread_blocked, id=25448, stack(0x00000053d1400000,0x00000053d1500000) (1024K)]
  0x000001946b27df00 JavaThread "Notification Thread"        daemon [_thread_blocked, id=26536, stack(0x00000053d1500000,0x00000053d1600000) (1024K)]
  0x000001946c680930 JavaThread "Daemon health stats"               [_thread_blocked, id=30516, stack(0x00000053d1e00000,0x00000053d1f00000) (1024K)]
  0x000001946c706820 JavaThread "Incoming local TCP Connector on port 56580"        [_thread_in_native, id=29512, stack(0x00000053d1f00000,0x00000053d2000000) (1024K)]
  0x000001946c6bc080 JavaThread "Daemon periodic checks"            [_thread_blocked, id=33000, stack(0x00000053d2000000,0x00000053d2100000) (1024K)]
  0x000001946cb10420 JavaThread "Daemon"                            [_thread_blocked, id=34728, stack(0x00000053d2100000,0x00000053d2200000) (1024K)]
  0x000001946cb140a0 JavaThread "Handler for socket connection from /127.0.0.1:56580 to /127.0.0.1:56581"        [_thread_in_native, id=31584, stack(0x00000053d2200000,0x00000053d2300000) (1024K)]
  0x000001946ca94820 JavaThread "Cancel handler"                    [_thread_blocked, id=11796, stack(0x00000053d2300000,0x00000053d2400000) (1024K)]
  0x000001946c9e12d0 JavaThread "Daemon worker"                     [_thread_blocked, id=21432, stack(0x00000053d2400000,0x00000053d2500000) (1024K)]
  0x000001946c9df200 JavaThread "Asynchronous log dispatcher for DefaultDaemonConnection: socket connection from /127.0.0.1:56580 to /127.0.0.1:56581"        [_thread_blocked, id=27528, stack(0x00000053d2500000,0x00000053d2600000) (1024K)]
  0x000001946c9dde50 JavaThread "Stdin handler"                     [_thread_blocked, id=22884, stack(0x00000053d2600000,0x00000053d2700000) (1024K)]
  0x000001946c9e0c40 JavaThread "Daemon client event forwarder"        [_thread_blocked, id=33488, stack(0x00000053d2700000,0x00000053d2800000) (1024K)]
  0x000001946c9dff20 JavaThread "Cache worker for journal cache (D:\gradle_cache\caches\journal-1)"        [_thread_blocked, id=33444, stack(0x00000053d2800000,0x00000053d2900000) (1024K)]
  0x000001946c9de4e0 JavaThread "File lock request listener"        [_thread_in_native, id=22860, stack(0x00000053d2900000,0x00000053d2a00000) (1024K)]
  0x000001946c9df890 JavaThread "Cache worker for file hash cache (D:\gradle_cache\caches\8.12\fileHashes)"        [_thread_blocked, id=26672, stack(0x00000053d2b00000,0x00000053d2c00000) (1024K)]
  0x000001946ea0c410 JavaThread "Cache worker for file hash cache (D:\pranjal\electricity_billing\mobile\android\.gradle\8.12\fileHashes)"        [_thread_blocked, id=21460, stack(0x00000053d2f00000,0x00000053d3000000) (1024K)]
  0x000001946ea0caa0 JavaThread "Cache worker for Build Output Cleanup Cache (D:\pranjal\electricity_billing\mobile\android\.gradle\buildOutputCleanup)"        [_thread_blocked, id=17776, stack(0x00000053d3000000,0x00000053d3100000) (1024K)]
  0x000001946ea0bd80 JavaThread "File watcher server"        daemon [_thread_in_native, id=16036, stack(0x00000053d3100000,0x00000053d3200000) (1024K)]
  0x000001946ea0b6f0 JavaThread "File watcher consumer"      daemon [_thread_blocked, id=23324, stack(0x00000053d3200000,0x00000053d3300000) (1024K)]
  0x000001946ea0eb70 JavaThread "Cache worker for checksums cache (D:\pranjal\electricity_billing\mobile\android\.gradle\8.12\checksums)"        [_thread_blocked, id=33200, stack(0x00000053d0300000,0x00000053d0400000) (1024K)]
  0x000001946ea0f890 JavaThread "Cache worker for file content cache (D:\gradle_cache\caches\8.12\fileContent)"        [_thread_blocked, id=14676, stack(0x00000053d3300000,0x00000053d3400000) (1024K)]
  0x000001946ea105b0 JavaThread "Cache worker for cache directory md-rule (D:\gradle_cache\caches\8.12\md-rule)"        [_thread_blocked, id=33484, stack(0x00000053d3400000,0x00000053d3500000) (1024K)]
  0x000001946ea0d130 JavaThread "Cache worker for cache directory md-supplier (D:\gradle_cache\caches\8.12\md-supplier)"        [_thread_blocked, id=26720, stack(0x00000053d3500000,0x00000053d3600000) (1024K)]
  0x000001946ea10c40 JavaThread "Cache worker for Build Output Cleanup Cache (C:\src\flutter\packages\flutter_tools\gradle\.gradle\buildOutputCleanup)"        [_thread_blocked, id=33512, stack(0x00000053d0100000,0x00000053d0200000) (1024K)]
  0x000001946ea0e4e0 JavaThread "Unconstrained build operations"        [_thread_blocked, id=32748, stack(0x00000053d0200000,0x00000053d0300000) (1024K)]
  0x000001946ea11ff0 JavaThread "Unconstrained build operations Thread 2"        [_thread_blocked, id=21520, stack(0x00000053d3600000,0x00000053d3700000) (1024K)]
  0x000001946ea12680 JavaThread "Unconstrained build operations Thread 3"        [_thread_blocked, id=26484, stack(0x00000053d3700000,0x00000053d3800000) (1024K)]
  0x000001946e929f20 JavaThread "Unconstrained build operations Thread 4"        [_thread_blocked, id=26804, stack(0x00000053d3800000,0x00000053d3900000) (1024K)]
  0x000001946e92c680 JavaThread "Unconstrained build operations Thread 5"        [_thread_blocked, id=34676, stack(0x00000053d3900000,0x00000053d3a00000) (1024K)]
  0x000001946e92cd10 JavaThread "Unconstrained build operations Thread 6"        [_thread_blocked, id=34584, stack(0x00000053d3a00000,0x00000053d3b00000) (1024K)]
  0x000001946e92a5b0 JavaThread "Unconstrained build operations Thread 7"        [_thread_blocked, id=25584, stack(0x00000053d3b00000,0x00000053d3c00000) (1024K)]
  0x000001946e929890 JavaThread "Unconstrained build operations Thread 8"        [_thread_blocked, id=30288, stack(0x00000053d3c00000,0x00000053d3d00000) (1024K)]
  0x000001946e92b2d0 JavaThread "Unconstrained build operations Thread 9"        [_thread_blocked, id=27480, stack(0x00000053d3d00000,0x00000053d3e00000) (1024K)]
  0x000001946e92bff0 JavaThread "Unconstrained build operations Thread 10"        [_thread_blocked, id=24868, stack(0x00000053d3e00000,0x00000053d3f00000) (1024K)]
  0x000001946e92d3a0 JavaThread "Unconstrained build operations Thread 11"        [_thread_blocked, id=19500, stack(0x00000053d3f00000,0x00000053d4000000) (1024K)]
  0x000001946e92e0c0 JavaThread "Unconstrained build operations Thread 12"        [_thread_blocked, id=26264, stack(0x00000053d4000000,0x00000053d4100000) (1024K)]
  0x000001946e92ac40 JavaThread "Unconstrained build operations Thread 13"        [_thread_blocked, id=25540, stack(0x00000053d4100000,0x00000053d4200000) (1024K)]
  0x000001946e92da30 JavaThread "Unconstrained build operations Thread 14"        [_thread_blocked, id=34048, stack(0x00000053d4200000,0x00000053d4300000) (1024K)]
  0x000001946e92ede0 JavaThread "Unconstrained build operations Thread 15"        [_thread_blocked, id=20912, stack(0x00000053d4300000,0x00000053d4400000) (1024K)]
  0x000001946e92e750 JavaThread "Unconstrained build operations Thread 16"        [_thread_blocked, id=33976, stack(0x00000053d4400000,0x00000053d4500000) (1024K)]
  0x000001946e92b960 JavaThread "Unconstrained build operations Thread 17"        [_thread_blocked, id=24928, stack(0x00000053d4500000,0x00000053d4600000) (1024K)]
  0x000001946e92f470 JavaThread "Unconstrained build operations Thread 18"        [_thread_blocked, id=23256, stack(0x00000053d4600000,0x00000053d4700000) (1024K)]
  0x000001946e92fb00 JavaThread "Unconstrained build operations Thread 19"        [_thread_blocked, id=11448, stack(0x00000053d4700000,0x00000053d4800000) (1024K)]
  0x000001946e930eb0 JavaThread "Unconstrained build operations Thread 20"        [_thread_blocked, id=29024, stack(0x00000053d4800000,0x00000053d4900000) (1024K)]
  0x000001946e930190 JavaThread "Unconstrained build operations Thread 21"        [_thread_blocked, id=2140, stack(0x00000053d4900000,0x00000053d4a00000) (1024K)]
  0x000001946e930820 JavaThread "Unconstrained build operations Thread 22"        [_thread_blocked, id=3764, stack(0x00000053d4a00000,0x00000053d4b00000) (1024K)]
  0x000001946f049fc0 JavaThread "Unconstrained build operations Thread 23"        [_thread_blocked, id=31196, stack(0x00000053d4b00000,0x00000053d4c00000) (1024K)]
  0x000001946f04dad0 JavaThread "Unconstrained build operations Thread 24"        [_thread_blocked, id=22016, stack(0x00000053d4c00000,0x00000053d4d00000) (1024K)]
  0x000001946f04ace0 JavaThread "Unconstrained build operations Thread 25"        [_thread_blocked, id=14796, stack(0x00000053d4d00000,0x00000053d4e00000) (1024K)]
  0x000001946f04b370 JavaThread "Unconstrained build operations Thread 26"        [_thread_blocked, id=25704, stack(0x00000053d4e00000,0x00000053d4f00000) (1024K)]
  0x000001946f04ba00 JavaThread "Unconstrained build operations Thread 27"        [_thread_blocked, id=33308, stack(0x00000053d4f00000,0x00000053d5000000) (1024K)]
  0x000001946f04a650 JavaThread "Unconstrained build operations Thread 28"        [_thread_blocked, id=5436, stack(0x00000053d5000000,0x00000053d5100000) (1024K)]
  0x000001946f04f510 JavaThread "Unconstrained build operations Thread 29"        [_thread_blocked, id=30676, stack(0x00000053d5100000,0x00000053d5200000) (1024K)]
  0x000001946f04c720 JavaThread "Unconstrained build operations Thread 30"        [_thread_blocked, id=29380, stack(0x00000053d5200000,0x00000053d5300000) (1024K)]
  0x000001946f04d440 JavaThread "Unconstrained build operations Thread 31"        [_thread_blocked, id=26668, stack(0x00000053d5300000,0x00000053d5400000) (1024K)]
  0x000001946f04e160 JavaThread "Unconstrained build operations Thread 32"        [_thread_blocked, id=34492, stack(0x00000053d5400000,0x00000053d5500000) (1024K)]
  0x000001946f04e7f0 JavaThread "Unconstrained build operations Thread 33"        [_thread_blocked, id=3916, stack(0x00000053d5500000,0x00000053d5600000) (1024K)]
  0x000001946f04c090 JavaThread "Memory manager"                    [_thread_blocked, id=22220, stack(0x00000053d5600000,0x00000053d5700000) (1024K)]
  0x000001946f04ee80 JavaThread "build event listener"              [_thread_blocked, id=27684, stack(0x00000053d5700000,0x00000053d5800000) (1024K)]
  0x000001946f469e60 JavaThread "Execution worker"                  [_thread_blocked, id=16212, stack(0x00000053d5900000,0x00000053d5a00000) (1024K)]
  0x000001946f46ab80 JavaThread "Execution worker Thread 2"         [_thread_blocked, id=32416, stack(0x00000053d5a00000,0x00000053d5b00000) (1024K)]
  0x000001946f468ab0 JavaThread "Execution worker Thread 3"         [_thread_blocked, id=30936, stack(0x00000053d5b00000,0x00000053d5c00000) (1024K)]
  0x000001946f469140 JavaThread "Execution worker Thread 4"         [_thread_blocked, id=33076, stack(0x00000053d5c00000,0x00000053d5d00000) (1024K)]
  0x000001946f467700 JavaThread "Execution worker Thread 5"         [_thread_blocked, id=16336, stack(0x00000053d5d00000,0x00000053d5e00000) (1024K)]
  0x000001946f46bf30 JavaThread "Execution worker Thread 6"         [_thread_blocked, id=22080, stack(0x00000053d5e00000,0x00000053d5f00000) (1024K)]
  0x000001946f46b210 JavaThread "Execution worker Thread 7"         [_thread_blocked, id=25384, stack(0x00000053d5f00000,0x00000053d6000000) (1024K)]
  0x000001946f46b8a0 JavaThread "Execution worker Thread 8"         [_thread_blocked, id=28200, stack(0x00000053d6000000,0x00000053d6100000) (1024K)]
  0x000001946f46c5c0 JavaThread "Execution worker Thread 9"         [_thread_blocked, id=14496, stack(0x00000053d6100000,0x00000053d6200000) (1024K)]
  0x000001946f46a4f0 JavaThread "Execution worker Thread 10"        [_thread_blocked, id=34516, stack(0x00000053d6200000,0x00000053d6300000) (1024K)]
  0x000001946f46cc50 JavaThread "Execution worker Thread 11"        [_thread_blocked, id=27304, stack(0x00000053d6300000,0x00000053d6400000) (1024K)]
  0x000001946f4697d0 JavaThread "Cache worker for execution history cache (C:\src\flutter\packages\flutter_tools\gradle\.gradle\8.12\executionHistory)"        [_thread_blocked, id=16580, stack(0x00000053d6400000,0x00000053d6500000) (1024K)]
  0x000001946f46d2e0 JavaThread "Unconstrained build operations Thread 34"        [_thread_blocked, id=22960, stack(0x00000053d6500000,0x00000053d6600000) (1024K)]
  0x000001946f46d970 JavaThread "Unconstrained build operations Thread 35"        [_thread_blocked, id=30196, stack(0x00000053d6600000,0x00000053d6700000) (1024K)]
  0x000001946f46e000 JavaThread "Unconstrained build operations Thread 36"        [_thread_blocked, id=31940, stack(0x00000053d6700000,0x00000053d6800000) (1024K)]
  0x000001946f46e690 JavaThread "Unconstrained build operations Thread 37"        [_thread_blocked, id=32036, stack(0x00000053d6800000,0x00000053d6900000) (1024K)]
  0x000001946fe30360 JavaThread "Unconstrained build operations Thread 38"        [_thread_blocked, id=31968, stack(0x00000053d6900000,0x00000053d6a00000) (1024K)]
  0x000001946fe2fcd0 JavaThread "Unconstrained build operations Thread 39"        [_thread_blocked, id=33776, stack(0x00000053d6a00000,0x00000053d6b00000) (1024K)]
  0x000001946fe32430 JavaThread "Unconstrained build operations Thread 40"        [_thread_blocked, id=28392, stack(0x00000053d6b00000,0x00000053d6c00000) (1024K)]
  0x000001946fe32ac0 JavaThread "Unconstrained build operations Thread 41"        [_thread_blocked, id=30904, stack(0x00000053d6c00000,0x00000053d6d00000) (1024K)]
  0x000001946fe31080 JavaThread "Unconstrained build operations Thread 42"        [_thread_blocked, id=24220, stack(0x00000053d6d00000,0x00000053d6e00000) (1024K)]
  0x000001946fe2f640 JavaThread "Unconstrained build operations Thread 43"        [_thread_blocked, id=16884, stack(0x00000053d6e00000,0x00000053d6f00000) (1024K)]
  0x000001946fe309f0 JavaThread "Unconstrained build operations Thread 44"        [_thread_blocked, id=29604, stack(0x00000053d6f00000,0x00000053d7000000) (1024K)]
  0x000001946fe33150 JavaThread "Unconstrained build operations Thread 45"        [_thread_blocked, id=32012, stack(0x00000053d7000000,0x00000053d7100000) (1024K)]
  0x000001946fe33e70 JavaThread "Unconstrained build operations Thread 46"        [_thread_blocked, id=15480, stack(0x00000053d7100000,0x00000053d7200000) (1024K)]
  0x000001946fe31710 JavaThread "Unconstrained build operations Thread 47"        [_thread_blocked, id=31752, stack(0x00000053d7200000,0x00000053d7300000) (1024K)]
  0x000001946fe31da0 JavaThread "Unconstrained build operations Thread 48"        [_thread_blocked, id=19916, stack(0x00000053d7300000,0x00000053d7400000) (1024K)]
  0x000001946fe365d0 JavaThread "Unconstrained build operations Thread 49"        [_thread_blocked, id=31564, stack(0x00000053d7400000,0x00000053d7500000) (1024K)]
  0x000001946fe35220 JavaThread "Unconstrained build operations Thread 50"        [_thread_blocked, id=32668, stack(0x00000053d7500000,0x00000053d7600000) (1024K)]
  0x000001946fe358b0 JavaThread "Unconstrained build operations Thread 51"        [_thread_blocked, id=32932, stack(0x00000053d7600000,0x00000053d7700000) (1024K)]
  0x000001946fe34500 JavaThread "Unconstrained build operations Thread 52"        [_thread_blocked, id=28656, stack(0x00000053d7700000,0x00000053d7800000) (1024K)]
  0x000001946fe35f40 JavaThread "Unconstrained build operations Thread 53"        [_thread_blocked, id=31224, stack(0x00000053d7800000,0x00000053d7900000) (1024K)]
  0x000001946fe337e0 JavaThread "Unconstrained build operations Thread 54"        [_thread_blocked, id=31116, stack(0x00000053d7900000,0x00000053d7a00000) (1024K)]
  0x000001946fe36c60 JavaThread "Unconstrained build operations Thread 55"        [_thread_blocked, id=32432, stack(0x00000053d7a00000,0x00000053d7b00000) (1024K)]
  0x0000019470373070 JavaThread "Unconstrained build operations Thread 56"        [_thread_blocked, id=9808, stack(0x00000053d7b00000,0x00000053d7c00000) (1024K)]
  0x0000019470374420 JavaThread "Unconstrained build operations Thread 57"        [_thread_blocked, id=29536, stack(0x00000053d7c00000,0x00000053d7d00000) (1024K)]
  0x0000019470374ab0 JavaThread "Unconstrained build operations Thread 58"        [_thread_blocked, id=26728, stack(0x00000053d7d00000,0x00000053d7e00000) (1024K)]
  0x00000194703757d0 JavaThread "Unconstrained build operations Thread 59"        [_thread_blocked, id=15660, stack(0x00000053d7e00000,0x00000053d7f00000) (1024K)]
  0x0000019470375e60 JavaThread "Unconstrained build operations Thread 60"        [_thread_blocked, id=21384, stack(0x00000053d7f00000,0x00000053d8000000) (1024K)]
  0x0000019470373700 JavaThread "Unconstrained build operations Thread 61"        [_thread_blocked, id=32752, stack(0x00000053d8000000,0x00000053d8100000) (1024K)]
  0x00000194703729e0 JavaThread "Unconstrained build operations Thread 62"        [_thread_blocked, id=34260, stack(0x00000053d8100000,0x00000053d8200000) (1024K)]
  0x0000019470375140 JavaThread "Unconstrained build operations Thread 63"        [_thread_blocked, id=23112, stack(0x00000053d8200000,0x00000053d8300000) (1024K)]
  0x00000194703764f0 JavaThread "Unconstrained build operations Thread 64"        [_thread_blocked, id=29356, stack(0x00000053d8300000,0x00000053d8400000) (1024K)]
  0x0000019470377210 JavaThread "Unconstrained build operations Thread 65"        [_thread_blocked, id=14756, stack(0x00000053d8400000,0x00000053d8500000) (1024K)]
  0x0000019470376b80 JavaThread "Unconstrained build operations Thread 66"        [_thread_blocked, id=20128, stack(0x00000053d8500000,0x00000053d8600000) (1024K)]
  0x00000194703778a0 JavaThread "Unconstrained build operations Thread 67"        [_thread_blocked, id=33080, stack(0x00000053d8600000,0x00000053d8700000) (1024K)]
  0x0000019470377f30 JavaThread "Unconstrained build operations Thread 68"        [_thread_blocked, id=34384, stack(0x00000053d8700000,0x00000053d8800000) (1024K)]
  0x00000194703785c0 JavaThread "Unconstrained build operations Thread 69"        [_thread_blocked, id=24236, stack(0x00000053d8800000,0x00000053d8900000) (1024K)]
  0x0000019470379970 JavaThread "Unconstrained build operations Thread 70"        [_thread_blocked, id=15504, stack(0x00000053d8900000,0x00000053d8a00000) (1024K)]
  0x0000019470378c50 JavaThread "Unconstrained build operations Thread 71"        [_thread_blocked, id=18064, stack(0x00000053d8a00000,0x00000053d8b00000) (1024K)]
  0x00000194703792e0 JavaThread "Unconstrained build operations Thread 72"        [_thread_blocked, id=28984, stack(0x00000053d8b00000,0x00000053d8c00000) (1024K)]
  0x000001947037a000 JavaThread "Unconstrained build operations Thread 73"        [_thread_blocked, id=21604, stack(0x00000053d8c00000,0x00000053d8d00000) (1024K)]
  0x000001946f647c50 JavaThread "Unconstrained build operations Thread 74"        [_thread_blocked, id=33856, stack(0x00000053d8d00000,0x00000053d8e00000) (1024K)]
  0x000001946f6482e0 JavaThread "Unconstrained build operations Thread 75"        [_thread_blocked, id=29276, stack(0x00000053d8e00000,0x00000053d8f00000) (1024K)]
  0x000001946f649d20 JavaThread "Unconstrained build operations Thread 76"        [_thread_blocked, id=32336, stack(0x00000053d8f00000,0x00000053d9000000) (1024K)]
  0x000001946f648970 JavaThread "Unconstrained build operations Thread 77"        [_thread_blocked, id=33216, stack(0x00000053d9000000,0x00000053d9100000) (1024K)]
  0x000001946f64a3b0 JavaThread "Unconstrained build operations Thread 78"        [_thread_blocked, id=15420, stack(0x00000053d9100000,0x00000053d9200000) (1024K)]
  0x000001946f64b0d0 JavaThread "Unconstrained build operations Thread 79"        [_thread_blocked, id=32956, stack(0x00000053d9200000,0x00000053d9300000) (1024K)]
  0x000001946f649000 JavaThread "Unconstrained build operations Thread 80"        [_thread_blocked, id=4208, stack(0x00000053d9300000,0x00000053d9400000) (1024K)]
  0x000001946f649690 JavaThread "Unconstrained build operations Thread 81"        [_thread_blocked, id=31144, stack(0x00000053d9400000,0x00000053d9500000) (1024K)]
  0x000001946f64c480 JavaThread "Unconstrained build operations Thread 82"        [_thread_blocked, id=23632, stack(0x00000053d9500000,0x00000053d9600000) (1024K)]
  0x000001946f64d1a0 JavaThread "Unconstrained build operations Thread 83"        [_thread_blocked, id=26796, stack(0x00000053d9600000,0x00000053d9700000) (1024K)]
  0x000001946f64dec0 JavaThread "Unconstrained build operations Thread 84"        [_thread_blocked, id=18780, stack(0x00000053d9700000,0x00000053d9800000) (1024K)]
  0x000001946f64bdf0 JavaThread "Unconstrained build operations Thread 85"        [_thread_blocked, id=22648, stack(0x00000053d9800000,0x00000053d9900000) (1024K)]
  0x000001946f64aa40 JavaThread "Unconstrained build operations Thread 86"        [_thread_blocked, id=30996, stack(0x00000053d9900000,0x00000053d9a00000) (1024K)]
  0x000001946f64d830 JavaThread "Unconstrained build operations Thread 87"        [_thread_blocked, id=13320, stack(0x00000053d9a00000,0x00000053d9b00000) (1024K)]
  0x000001946f64cb10 JavaThread "Unconstrained build operations Thread 88"        [_thread_blocked, id=23796, stack(0x00000053d9b00000,0x00000053d9c00000) (1024K)]
  0x000001946f64e550 JavaThread "Unconstrained build operations Thread 89"        [_thread_blocked, id=32800, stack(0x00000053d9c00000,0x00000053d9d00000) (1024K)]
  0x000001946f64ebe0 JavaThread "Unconstrained build operations Thread 90"        [_thread_blocked, id=31516, stack(0x00000053d9d00000,0x00000053d9e00000) (1024K)]
  0x000001946f64b760 JavaThread "Unconstrained build operations Thread 91"        [_thread_blocked, id=17684, stack(0x00000053d9e00000,0x00000053d9f00000) (1024K)]
  0x000001946f64f270 JavaThread "Unconstrained build operations Thread 92"        [_thread_blocked, id=18056, stack(0x00000053d9f00000,0x00000053da000000) (1024K)]
  0x000001946fba7410 JavaThread "Unconstrained build operations Thread 93"        [_thread_blocked, id=21692, stack(0x00000053da000000,0x00000053da100000) (1024K)]
  0x000001946fba6060 JavaThread "Unconstrained build operations Thread 94"        [_thread_blocked, id=33552, stack(0x00000053da100000,0x00000053da200000) (1024K)]
  0x000001946fba6d80 JavaThread "Unconstrained build operations Thread 95"        [_thread_blocked, id=31372, stack(0x00000053da200000,0x00000053da300000) (1024K)]
  0x000001946fba9b70 JavaThread "Unconstrained build operations Thread 96"        [_thread_blocked, id=9824, stack(0x00000053da300000,0x00000053da400000) (1024K)]
  0x000001946fba66f0 JavaThread "Unconstrained build operations Thread 97"        [_thread_blocked, id=17680, stack(0x00000053da400000,0x00000053da500000) (1024K)]
  0x000001946fba7aa0 JavaThread "Unconstrained build operations Thread 98"        [_thread_blocked, id=34284, stack(0x00000053da500000,0x00000053da600000) (1024K)]
  0x000001946fba8130 JavaThread "Unconstrained build operations Thread 99"        [_thread_blocked, id=24856, stack(0x00000053da600000,0x00000053da700000) (1024K)]
  0x000001946fbaa200 JavaThread "Unconstrained build operations Thread 100"        [_thread_blocked, id=20124, stack(0x00000053da700000,0x00000053da800000) (1024K)]
  0x000001946fba87c0 JavaThread "Unconstrained build operations Thread 101"        [_thread_blocked, id=9728, stack(0x00000053da800000,0x00000053da900000) (1024K)]
  0x000001946fbab5b0 JavaThread "File lock release action executor Thread 2"        [_thread_blocked, id=10932, stack(0x00000053da900000,0x00000053daa00000) (1024K)]
  0x000001947060c270 JavaThread "build event listener"              [_thread_blocked, id=22452, stack(0x00000053dac00000,0x00000053dad00000) (1024K)]
  0x0000019470613200 JavaThread "jar transforms"                    [_thread_blocked, id=28836, stack(0x00000053d2a00000,0x00000053d2b00000) (1024K)]
  0x00000194711af7f0 JavaThread "jar transforms Thread 2"           [_thread_blocked, id=4272, stack(0x00000053d5800000,0x00000053d5900000) (1024K)]
  0x00000194711ad090 JavaThread "Problems report writer"            [_thread_blocked, id=4984, stack(0x00000053dad00000,0x00000053dae00000) (1024K)]
  0x00000194711aca00 JavaThread "jar transforms Thread 3"           [_thread_blocked, id=15624, stack(0x00000053dae00000,0x00000053daf00000) (1024K)]
  0x00000194711b0510 JavaThread "jar transforms Thread 4"           [_thread_blocked, id=8140, stack(0x00000053daf00000,0x00000053db000000) (1024K)]
  0x00000194711ad720 JavaThread "jar transforms Thread 5"           [_thread_blocked, id=22076, stack(0x00000053db000000,0x00000053db100000) (1024K)]
Total: 156

Other Threads:
  0x0000019466ef2130 VMThread "VM Thread"                           [id=26564, stack(0x00000053d0b00000,0x00000053d0c00000) (1024K)]
  0x0000019466ee2740 WatcherThread "VM Periodic Task Thread"        [id=23904, stack(0x00000053d0a00000,0x00000053d0b00000) (1024K)]
  0x000001944e379be0 WorkerThread "GC Thread#0"                     [id=25564, stack(0x00000053d0500000,0x00000053d0600000) (1024K)]
  0x000001946b8a0b60 WorkerThread "GC Thread#1"                     [id=29580, stack(0x00000053d1600000,0x00000053d1700000) (1024K)]
  0x000001946b6bbf00 WorkerThread "GC Thread#2"                     [id=34152, stack(0x00000053d1700000,0x00000053d1800000) (1024K)]
  0x000001946be8c270 WorkerThread "GC Thread#3"                     [id=8704, stack(0x00000053d1800000,0x00000053d1900000) (1024K)]
  0x000001946bcb6020 WorkerThread "GC Thread#4"                     [id=30080, stack(0x00000053d1900000,0x00000053d1a00000) (1024K)]
  0x000001946c684200 WorkerThread "GC Thread#5"                     [id=32632, stack(0x00000053d1a00000,0x00000053d1b00000) (1024K)]
  0x000001946be8b240 WorkerThread "GC Thread#6"                     [id=12672, stack(0x00000053d1b00000,0x00000053d1c00000) (1024K)]
  0x000001946c1cc510 WorkerThread "GC Thread#7"                     [id=26768, stack(0x00000053d1c00000,0x00000053d1d00000) (1024K)]
  0x000001946c1cc8c0 WorkerThread "GC Thread#8"                     [id=27212, stack(0x00000053d1d00000,0x00000053d1e00000) (1024K)]
  0x000001946d069f80 WorkerThread "GC Thread#9"                     [id=29760, stack(0x00000053d2c00000,0x00000053d2d00000) (1024K)]
  0x000001944e38b2f0 ConcurrentGCThread "G1 Main Marker"            [id=23432, stack(0x00000053d0600000,0x00000053d0700000) (1024K)]
  0x000001944e38bd10 WorkerThread "G1 Conc#0"                       [id=15632, stack(0x00000053d0700000,0x00000053d0800000) (1024K)]
  0x000001946b756a60 WorkerThread "G1 Conc#1"                       [id=13392, stack(0x00000053d2d00000,0x00000053d2e00000) (1024K)]
  0x000001946b755ba0 WorkerThread "G1 Conc#2"                       [id=2976, stack(0x00000053d2e00000,0x00000053d2f00000) (1024K)]
  0x0000019466db3690 ConcurrentGCThread "G1 Refine#0"               [id=25608, stack(0x00000053d0800000,0x00000053d0900000) (1024K)]
  0x0000019466db4fd0 ConcurrentGCThread "G1 Service"                [id=25788, stack(0x00000053d0900000,0x00000053d0a00000) (1024K)]
Total: 18

Threads with active compile tasks:
C2 CompilerThread0  394425 15172   !   4       sun.nio.ch.FileChannelImpl::tryLock (253 bytes)
Total: 1

VM state: not at safepoint (normal execution)

VM Mutex/Monitor currently owned by a thread: None

Heap address: 0x0000000080000000, size: 2048 MB, Compressed Oops mode: 32-bit

CDS archive(s) mapped at: [0x0000019400000000-0x0000019400ba0000-0x0000019400ba0000), size 12189696, SharedBaseAddress: 0x0000019400000000, ArchiveRelocationMode: 1.
Compressed class space mapped at: 0x0000019401000000-0x000001941b000000, reserved size: 436207616
Narrow klass base: 0x0000019400000000, Narrow klass shift: 0, Narrow klass range: 0x100000000

GC Precious Log:
 CardTable entry size: 512
 Card Set container configuration: InlinePtr #cards 5 size 8 Array Of Cards #cards 12 size 40 Howl #buckets 4 coarsen threshold 1843 Howl Bitmap #cards 512 size 80 coarsen threshold 460 Card regions per heap region 1 cards per card region 2048
 CPUs: 12 total, 12 available
 Memory: 7832M
 Large Page Support: Disabled
 NUMA Support: Disabled
 Compressed Oops: Enabled (32-bit)
 Heap Region Size: 1M
 Heap Min Capacity: 8M
 Heap Initial Capacity: 124M
 Heap Max Capacity: 2G
 Pre-touch: Disabled
 Parallel Workers: 10
 Concurrent Workers: 3
 Concurrent Refinement Workers: 10
 Periodic GC: Disabled

Heap:
 garbage-first heap   total 206848K, used 125346K [0x0000000080000000, 0x0000000100000000)
  region size 1024K, 10 young (10240K), 6 survivors (6144K)
 Metaspace       used 115795K, committed 118272K, reserved 557056K
  class space    used 16301K, committed 17536K, reserved 425984K

Heap Regions: E=young(eden), S=young(survivor), O=old, HS=humongous(starts), HC=humongous(continues), CS=collection set, F=free, TAMS=top-at-mark-start, PB=parsable bottom
|   0|0x0000000080000000, 0x0000000080100000, 0x0000000080100000|100%| O|  |TAMS 0x0000000080000000| PB 0x0000000080000000| Untracked 
|   1|0x0000000080100000, 0x0000000080200000, 0x0000000080200000|100%|HS|  |TAMS 0x0000000080100000| PB 0x0000000080100000| Complete 
|   2|0x0000000080200000, 0x0000000080300000, 0x0000000080300000|100%|HC|  |TAMS 0x0000000080200000| PB 0x0000000080200000| Complete 
|   3|0x0000000080300000, 0x0000000080400000, 0x0000000080400000|100%|HC|  |TAMS 0x0000000080300000| PB 0x0000000080300000| Complete 
|   4|0x0000000080400000, 0x0000000080500000, 0x0000000080500000|100%| O|  |TAMS 0x0000000080400000| PB 0x0000000080400000| Untracked 
|   5|0x0000000080500000, 0x0000000080600000, 0x0000000080600000|100%| O|  |TAMS 0x0000000080500000| PB 0x0000000080500000| Untracked 
|   6|0x0000000080600000, 0x0000000080700000, 0x0000000080700000|100%| O|  |TAMS 0x0000000080600000| PB 0x0000000080600000| Untracked 
|   7|0x0000000080700000, 0x0000000080800000, 0x0000000080800000|100%|HS|  |TAMS 0x0000000080700000| PB 0x0000000080700000| Complete 
|   8|0x0000000080800000, 0x0000000080900000, 0x0000000080900000|100%| O|  |TAMS 0x0000000080800000| PB 0x0000000080800000| Untracked 
|   9|0x0000000080900000, 0x0000000080a00000, 0x0000000080a00000|100%| O|  |TAMS 0x0000000080900000| PB 0x0000000080900000| Untracked 
|  10|0x0000000080a00000, 0x0000000080b00000, 0x0000000080b00000|100%| O|  |TAMS 0x0000000080a00000| PB 0x0000000080a00000| Untracked 
|  11|0x0000000080b00000, 0x0000000080c00000, 0x0000000080c00000|100%| O|  |TAMS 0x0000000080b00000| PB 0x0000000080b00000| Untracked 
|  12|0x0000000080c00000, 0x0000000080d00000, 0x0000000080d00000|100%| O|  |TAMS 0x0000000080c00000| PB 0x0000000080c00000| Untracked 
|  13|0x0000000080d00000, 0x0000000080e00000, 0x0000000080e00000|100%| O|  |TAMS 0x0000000080d00000| PB 0x0000000080d00000| Untracked 
|  14|0x0000000080e00000, 0x0000000080f00000, 0x0000000080f00000|100%| O|  |TAMS 0x0000000080e00000| PB 0x0000000080e00000| Untracked 
|  15|0x0000000080f00000, 0x0000000081000000, 0x0000000081000000|100%| O|  |TAMS 0x0000000080f00000| PB 0x0000000080f00000| Untracked 
|  16|0x0000000081000000, 0x0000000081100000, 0x0000000081100000|100%| O|  |TAMS 0x0000000081000000| PB 0x0000000081000000| Untracked 
|  17|0x0000000081100000, 0x0000000081200000, 0x0000000081200000|100%| O|  |TAMS 0x0000000081100000| PB 0x0000000081100000| Untracked 
|  18|0x0000000081200000, 0x0000000081300000, 0x0000000081300000|100%| O|  |TAMS 0x0000000081200000| PB 0x0000000081200000| Untracked 
|  19|0x0000000081300000, 0x0000000081400000, 0x0000000081400000|100%| O|  |TAMS 0x0000000081300000| PB 0x0000000081300000| Untracked 
|  20|0x0000000081400000, 0x0000000081500000, 0x0000000081500000|100%| O|  |TAMS 0x0000000081400000| PB 0x0000000081400000| Untracked 
|  21|0x0000000081500000, 0x0000000081600000, 0x0000000081600000|100%| O|  |TAMS 0x0000000081500000| PB 0x0000000081500000| Untracked 
|  22|0x0000000081600000, 0x0000000081700000, 0x0000000081700000|100%| O|  |TAMS 0x0000000081600000| PB 0x0000000081600000| Untracked 
|  23|0x0000000081700000, 0x0000000081800000, 0x0000000081800000|100%| O|  |TAMS 0x0000000081700000| PB 0x0000000081700000| Untracked 
|  24|0x0000000081800000, 0x0000000081900000, 0x0000000081900000|100%| O|  |TAMS 0x0000000081800000| PB 0x0000000081800000| Untracked 
|  25|0x0000000081900000, 0x0000000081a00000, 0x0000000081a00000|100%| O|  |TAMS 0x0000000081900000| PB 0x0000000081900000| Untracked 
|  26|0x0000000081a00000, 0x0000000081b00000, 0x0000000081b00000|100%| O|  |TAMS 0x0000000081a00000| PB 0x0000000081a00000| Untracked 
|  27|0x0000000081b00000, 0x0000000081c00000, 0x0000000081c00000|100%| O|  |TAMS 0x0000000081b00000| PB 0x0000000081b00000| Untracked 
|  28|0x0000000081c00000, 0x0000000081d00000, 0x0000000081d00000|100%| O|  |TAMS 0x0000000081c00000| PB 0x0000000081c00000| Untracked 
|  29|0x0000000081d00000, 0x0000000081e00000, 0x0000000081e00000|100%| O|  |TAMS 0x0000000081d00000| PB 0x0000000081d00000| Untracked 
|  30|0x0000000081e00000, 0x0000000081f00000, 0x0000000081f00000|100%|HS|  |TAMS 0x0000000081e00000| PB 0x0000000081e00000| Complete 
|  31|0x0000000081f00000, 0x0000000082000000, 0x0000000082000000|100%|HC|  |TAMS 0x0000000081f00000| PB 0x0000000081f00000| Complete 
|  32|0x0000000082000000, 0x0000000082100000, 0x0000000082100000|100%|HS|  |TAMS 0x0000000082000000| PB 0x0000000082000000| Complete 
|  33|0x0000000082100000, 0x0000000082200000, 0x0000000082200000|100%|HC|  |TAMS 0x0000000082100000| PB 0x0000000082100000| Complete 
|  34|0x0000000082200000, 0x0000000082300000, 0x0000000082300000|100%| O|  |TAMS 0x0000000082200000| PB 0x0000000082200000| Untracked 
|  35|0x0000000082300000, 0x0000000082400000, 0x0000000082400000|100%| O|  |TAMS 0x0000000082300000| PB 0x0000000082300000| Untracked 
|  36|0x0000000082400000, 0x0000000082500000, 0x0000000082500000|100%| O|  |TAMS 0x0000000082400000| PB 0x0000000082400000| Untracked 
|  37|0x0000000082500000, 0x0000000082600000, 0x0000000082600000|100%| O|  |TAMS 0x0000000082500000| PB 0x0000000082500000| Untracked 
|  38|0x0000000082600000, 0x0000000082700000, 0x0000000082700000|100%| O|  |TAMS 0x0000000082600000| PB 0x0000000082600000| Untracked 
|  39|0x0000000082700000, 0x0000000082800000, 0x0000000082800000|100%| O|  |TAMS 0x0000000082700000| PB 0x0000000082700000| Untracked 
|  40|0x0000000082800000, 0x0000000082900000, 0x0000000082900000|100%| O|  |TAMS 0x0000000082800000| PB 0x0000000082800000| Untracked 
|  41|0x0000000082900000, 0x0000000082a00000, 0x0000000082a00000|100%| O|  |TAMS 0x0000000082900000| PB 0x0000000082900000| Untracked 
|  42|0x0000000082a00000, 0x0000000082b00000, 0x0000000082b00000|100%| O|  |TAMS 0x0000000082a00000| PB 0x0000000082a00000| Untracked 
|  43|0x0000000082b00000, 0x0000000082c00000, 0x0000000082c00000|100%| O|  |TAMS 0x0000000082b00000| PB 0x0000000082b00000| Untracked 
|  44|0x0000000082c00000, 0x0000000082d00000, 0x0000000082d00000|100%| O|  |TAMS 0x0000000082c00000| PB 0x0000000082c00000| Untracked 
|  45|0x0000000082d00000, 0x0000000082e00000, 0x0000000082e00000|100%| O|  |TAMS 0x0000000082d00000| PB 0x0000000082d00000| Untracked 
|  46|0x0000000082e00000, 0x0000000082f00000, 0x0000000082f00000|100%| O|  |TAMS 0x0000000082e00000| PB 0x0000000082e00000| Untracked 
|  47|0x0000000082f00000, 0x0000000083000000, 0x0000000083000000|100%| O|  |TAMS 0x0000000082f00000| PB 0x0000000082f00000| Untracked 
|  48|0x0000000083000000, 0x0000000083100000, 0x0000000083100000|100%| O|  |TAMS 0x0000000083000000| PB 0x0000000083000000| Untracked 
|  49|0x0000000083100000, 0x0000000083200000, 0x0000000083200000|100%| O|  |TAMS 0x0000000083100000| PB 0x0000000083100000| Untracked 
|  50|0x0000000083200000, 0x0000000083300000, 0x0000000083300000|100%| O|  |TAMS 0x0000000083200000| PB 0x0000000083200000| Untracked 
|  51|0x0000000083300000, 0x0000000083400000, 0x0000000083400000|100%| O|  |TAMS 0x0000000083300000| PB 0x0000000083300000| Untracked 
|  52|0x0000000083400000, 0x0000000083500000, 0x0000000083500000|100%| O|  |TAMS 0x0000000083400000| PB 0x0000000083400000| Untracked 
|  53|0x0000000083500000, 0x0000000083600000, 0x0000000083600000|100%| O|  |TAMS 0x0000000083500000| PB 0x0000000083500000| Untracked 
|  54|0x0000000083600000, 0x0000000083700000, 0x0000000083700000|100%| O|  |TAMS 0x0000000083600000| PB 0x0000000083600000| Untracked 
|  55|0x0000000083700000, 0x0000000083800000, 0x0000000083800000|100%| O|  |TAMS 0x0000000083700000| PB 0x0000000083700000| Untracked 
|  56|0x0000000083800000, 0x0000000083900000, 0x0000000083900000|100%|HS|  |TAMS 0x0000000083800000| PB 0x0000000083800000| Complete 
|  57|0x0000000083900000, 0x0000000083a00000, 0x0000000083a00000|100%|HS|  |TAMS 0x0000000083900000| PB 0x0000000083900000| Complete 
|  58|0x0000000083a00000, 0x0000000083b00000, 0x0000000083b00000|100%|HS|  |TAMS 0x0000000083a00000| PB 0x0000000083a00000| Complete 
|  59|0x0000000083b00000, 0x0000000083c00000, 0x0000000083c00000|100%|HC|  |TAMS 0x0000000083b00000| PB 0x0000000083b00000| Complete 
|  60|0x0000000083c00000, 0x0000000083d00000, 0x0000000083d00000|100%|HS|  |TAMS 0x0000000083c00000| PB 0x0000000083c00000| Complete 
|  61|0x0000000083d00000, 0x0000000083e00000, 0x0000000083e00000|100%|HS|  |TAMS 0x0000000083d00000| PB 0x0000000083d00000| Complete 
|  62|0x0000000083e00000, 0x0000000083f00000, 0x0000000083f00000|100%|HS|  |TAMS 0x0000000083e00000| PB 0x0000000083e00000| Complete 
|  63|0x0000000083f00000, 0x0000000084000000, 0x0000000084000000|100%|HS|  |TAMS 0x0000000083f00000| PB 0x0000000083f00000| Complete 
|  64|0x0000000084000000, 0x0000000084100000, 0x0000000084100000|100%|HC|  |TAMS 0x0000000084000000| PB 0x0000000084000000| Complete 
|  65|0x0000000084100000, 0x0000000084200000, 0x0000000084200000|100%|HS|  |TAMS 0x0000000084100000| PB 0x0000000084100000| Complete 
|  66|0x0000000084200000, 0x0000000084300000, 0x0000000084300000|100%| O|  |TAMS 0x0000000084200000| PB 0x0000000084200000| Untracked 
|  67|0x0000000084300000, 0x0000000084400000, 0x0000000084400000|100%| O|  |TAMS 0x0000000084300000| PB 0x0000000084300000| Untracked 
|  68|0x0000000084400000, 0x0000000084500000, 0x0000000084500000|100%|HS|  |TAMS 0x0000000084400000| PB 0x0000000084400000| Complete 
|  69|0x0000000084500000, 0x0000000084600000, 0x0000000084600000|100%| O|  |TAMS 0x0000000084500000| PB 0x0000000084500000| Untracked 
|  70|0x0000000084600000, 0x0000000084700000, 0x0000000084700000|100%| O|  |TAMS 0x0000000084600000| PB 0x0000000084600000| Untracked 
|  71|0x0000000084700000, 0x0000000084800000, 0x0000000084800000|100%| O|  |TAMS 0x0000000084700000| PB 0x0000000084700000| Untracked 
|  72|0x0000000084800000, 0x0000000084900000, 0x0000000084900000|100%| O|  |TAMS 0x0000000084800000| PB 0x0000000084800000| Untracked 
|  73|0x0000000084900000, 0x0000000084a00000, 0x0000000084a00000|100%| O|  |TAMS 0x0000000084900000| PB 0x0000000084900000| Untracked 
|  74|0x0000000084a00000, 0x0000000084b00000, 0x0000000084b00000|100%| O|  |TAMS 0x0000000084a00000| PB 0x0000000084a00000| Untracked 
|  75|0x0000000084b00000, 0x0000000084c00000, 0x0000000084c00000|100%| O|  |TAMS 0x0000000084b00000| PB 0x0000000084b00000| Untracked 
|  76|0x0000000084c00000, 0x0000000084d00000, 0x0000000084d00000|100%| O|  |TAMS 0x0000000084c00000| PB 0x0000000084c00000| Untracked 
|  77|0x0000000084d00000, 0x0000000084e00000, 0x0000000084e00000|100%| O|  |TAMS 0x0000000084d00000| PB 0x0000000084d00000| Untracked 
|  78|0x0000000084e00000, 0x0000000084f00000, 0x0000000084f00000|100%| O|  |TAMS 0x0000000084e00000| PB 0x0000000084e00000| Untracked 
|  79|0x0000000084f00000, 0x0000000085000000, 0x0000000085000000|100%| O|  |TAMS 0x0000000084f00000| PB 0x0000000084f00000| Untracked 
|  80|0x0000000085000000, 0x0000000085100000, 0x0000000085100000|100%| O|  |TAMS 0x0000000085000000| PB 0x0000000085000000| Untracked 
|  81|0x0000000085100000, 0x0000000085200000, 0x0000000085200000|100%| O|  |TAMS 0x0000000085100000| PB 0x0000000085100000| Untracked 
|  82|0x0000000085200000, 0x0000000085300000, 0x0000000085300000|100%| O|  |TAMS 0x0000000085200000| PB 0x0000000085200000| Untracked 
|  83|0x0000000085300000, 0x0000000085400000, 0x0000000085400000|100%| O|  |TAMS 0x0000000085300000| PB 0x0000000085300000| Untracked 
|  84|0x0000000085400000, 0x0000000085500000, 0x0000000085500000|100%| O|  |TAMS 0x0000000085400000| PB 0x0000000085400000| Untracked 
|  85|0x0000000085500000, 0x0000000085600000, 0x0000000085600000|100%| O|  |TAMS 0x0000000085500000| PB 0x0000000085500000| Untracked 
|  86|0x0000000085600000, 0x0000000085700000, 0x0000000085700000|100%| O|  |TAMS 0x0000000085600000| PB 0x0000000085600000| Untracked 
|  87|0x0000000085700000, 0x0000000085800000, 0x0000000085800000|100%| O|  |TAMS 0x0000000085700000| PB 0x0000000085700000| Untracked 
|  88|0x0000000085800000, 0x0000000085900000, 0x0000000085900000|100%| O|  |TAMS 0x0000000085800000| PB 0x0000000085800000| Untracked 
|  89|0x0000000085900000, 0x0000000085a00000, 0x0000000085a00000|100%| O|  |TAMS 0x0000000085900000| PB 0x0000000085900000| Untracked 
|  90|0x0000000085a00000, 0x0000000085b00000, 0x0000000085b00000|100%| O|  |TAMS 0x0000000085a00000| PB 0x0000000085a00000| Untracked 
|  91|0x0000000085b00000, 0x0000000085c00000, 0x0000000085c00000|100%| O|  |TAMS 0x0000000085b00000| PB 0x0000000085b00000| Untracked 
|  92|0x0000000085c00000, 0x0000000085d00000, 0x0000000085d00000|100%| O|  |TAMS 0x0000000085c00000| PB 0x0000000085c00000| Untracked 
|  93|0x0000000085d00000, 0x0000000085e00000, 0x0000000085e00000|100%| O|Cm|TAMS 0x0000000085d00000| PB 0x0000000085d00000| Complete 
|  94|0x0000000085e00000, 0x0000000085f00000, 0x0000000085f00000|100%| O|  |TAMS 0x0000000085e00000| PB 0x0000000085e00000| Untracked 
|  95|0x0000000085f00000, 0x0000000086000000, 0x0000000086000000|100%| O|  |TAMS 0x0000000085f00000| PB 0x0000000085f00000| Untracked 
|  96|0x0000000086000000, 0x0000000086000000, 0x0000000086100000|  0%| F|  |TAMS 0x0000000086000000| PB 0x0000000086000000| Untracked 
|  97|0x0000000086100000, 0x0000000086100000, 0x0000000086200000|  0%| F|  |TAMS 0x0000000086100000| PB 0x0000000086100000| Untracked 
|  98|0x0000000086200000, 0x0000000086300000, 0x0000000086300000|100%| O|  |TAMS 0x0000000086200000| PB 0x0000000086200000| Untracked 
|  99|0x0000000086300000, 0x0000000086400000, 0x0000000086400000|100%| O|  |TAMS 0x0000000086300000| PB 0x0000000086300000| Untracked 
| 100|0x0000000086400000, 0x0000000086500000, 0x0000000086500000|100%| O|  |TAMS 0x0000000086400000| PB 0x0000000086400000| Untracked 
| 101|0x0000000086500000, 0x0000000086600000, 0x0000000086600000|100%| O|  |TAMS 0x0000000086500000| PB 0x0000000086500000| Untracked 
| 102|0x0000000086600000, 0x0000000086700000, 0x0000000086700000|100%| O|  |TAMS 0x0000000086600000| PB 0x0000000086600000| Untracked 
| 103|0x0000000086700000, 0x00000000867235c8, 0x0000000086800000| 13%| O|  |TAMS 0x0000000086700000| PB 0x0000000086700000| Untracked 
| 104|0x0000000086800000, 0x0000000086800000, 0x0000000086900000|  0%| F|  |TAMS 0x0000000086800000| PB 0x0000000086800000| Untracked 
| 105|0x0000000086900000, 0x00000000869452b0, 0x0000000086a00000| 27%| S|CS|TAMS 0x0000000086900000| PB 0x0000000086900000| Complete 
| 106|0x0000000086a00000, 0x0000000086a00000, 0x0000000086b00000|  0%| F|  |TAMS 0x0000000086a00000| PB 0x0000000086a00000| Untracked 
| 107|0x0000000086b00000, 0x0000000086b00000, 0x0000000086c00000|  0%| F|  |TAMS 0x0000000086b00000| PB 0x0000000086b00000| Untracked 
| 108|0x0000000086c00000, 0x0000000086c00000, 0x0000000086d00000|  0%| F|  |TAMS 0x0000000086c00000| PB 0x0000000086c00000| Untracked 
| 109|0x0000000086d00000, 0x0000000086d00000, 0x0000000086e00000|  0%| F|  |TAMS 0x0000000086d00000| PB 0x0000000086d00000| Untracked 
| 110|0x0000000086e00000, 0x0000000086f00000, 0x0000000086f00000|100%| S|CS|TAMS 0x0000000086e00000| PB 0x0000000086e00000| Complete 
| 111|0x0000000086f00000, 0x0000000087000000, 0x0000000087000000|100%| S|CS|TAMS 0x0000000086f00000| PB 0x0000000086f00000| Complete 
| 112|0x0000000087000000, 0x0000000087100000, 0x0000000087100000|100%| S|CS|TAMS 0x0000000087000000| PB 0x0000000087000000| Complete 
| 113|0x0000000087100000, 0x0000000087200000, 0x0000000087200000|100%| S|CS|TAMS 0x0000000087100000| PB 0x0000000087100000| Complete 
| 114|0x0000000087200000, 0x0000000087300000, 0x0000000087300000|100%| S|CS|TAMS 0x0000000087200000| PB 0x0000000087200000| Complete 
| 115|0x0000000087300000, 0x0000000087300000, 0x0000000087400000|  0%| F|  |TAMS 0x0000000087300000| PB 0x0000000087300000| Untracked 
| 116|0x0000000087400000, 0x0000000087400000, 0x0000000087500000|  0%| F|  |TAMS 0x0000000087400000| PB 0x0000000087400000| Untracked 
| 117|0x0000000087500000, 0x0000000087500000, 0x0000000087600000|  0%| F|  |TAMS 0x0000000087500000| PB 0x0000000087500000| Untracked 
| 118|0x0000000087600000, 0x0000000087600000, 0x0000000087700000|  0%| F|  |TAMS 0x0000000087600000| PB 0x0000000087600000| Untracked 
| 119|0x0000000087700000, 0x0000000087700000, 0x0000000087800000|  0%| F|  |TAMS 0x0000000087700000| PB 0x0000000087700000| Untracked 
| 120|0x0000000087800000, 0x0000000087800000, 0x0000000087900000|  0%| F|  |TAMS 0x0000000087800000| PB 0x0000000087800000| Untracked 
| 121|0x0000000087900000, 0x0000000087900000, 0x0000000087a00000|  0%| F|  |TAMS 0x0000000087900000| PB 0x0000000087900000| Untracked 
| 122|0x0000000087a00000, 0x0000000087a00000, 0x0000000087b00000|  0%| F|  |TAMS 0x0000000087a00000| PB 0x0000000087a00000| Untracked 
| 123|0x0000000087b00000, 0x0000000087b00000, 0x0000000087c00000|  0%| F|  |TAMS 0x0000000087b00000| PB 0x0000000087b00000| Untracked 
| 124|0x0000000087c00000, 0x0000000087c00000, 0x0000000087d00000|  0%| F|  |TAMS 0x0000000087c00000| PB 0x0000000087c00000| Untracked 
| 125|0x0000000087d00000, 0x0000000087d00000, 0x0000000087e00000|  0%| F|  |TAMS 0x0000000087d00000| PB 0x0000000087d00000| Untracked 
| 126|0x0000000087e00000, 0x0000000087e00000, 0x0000000087f00000|  0%| F|  |TAMS 0x0000000087e00000| PB 0x0000000087e00000| Untracked 
| 127|0x0000000087f00000, 0x0000000087f00000, 0x0000000088000000|  0%| F|  |TAMS 0x0000000087f00000| PB 0x0000000087f00000| Untracked 
| 128|0x0000000088000000, 0x0000000088000000, 0x0000000088100000|  0%| F|  |TAMS 0x0000000088000000| PB 0x0000000088000000| Untracked 
| 129|0x0000000088100000, 0x0000000088100000, 0x0000000088200000|  0%| F|  |TAMS 0x0000000088100000| PB 0x0000000088100000| Untracked 
| 130|0x0000000088200000, 0x0000000088200000, 0x0000000088300000|  0%| F|  |TAMS 0x0000000088200000| PB 0x0000000088200000| Untracked 
| 131|0x0000000088300000, 0x0000000088300000, 0x0000000088400000|  0%| F|  |TAMS 0x0000000088300000| PB 0x0000000088300000| Untracked 
| 132|0x0000000088400000, 0x0000000088400000, 0x0000000088500000|  0%| F|  |TAMS 0x0000000088400000| PB 0x0000000088400000| Untracked 
| 133|0x0000000088500000, 0x0000000088500000, 0x0000000088600000|  0%| F|  |TAMS 0x0000000088500000| PB 0x0000000088500000| Untracked 
| 134|0x0000000088600000, 0x0000000088600000, 0x0000000088700000|  0%| F|  |TAMS 0x0000000088600000| PB 0x0000000088600000| Untracked 
| 135|0x0000000088700000, 0x0000000088700000, 0x0000000088800000|  0%| F|  |TAMS 0x0000000088700000| PB 0x0000000088700000| Untracked 
| 136|0x0000000088800000, 0x0000000088800000, 0x0000000088900000|  0%| F|  |TAMS 0x0000000088800000| PB 0x0000000088800000| Untracked 
| 137|0x0000000088900000, 0x0000000088900000, 0x0000000088a00000|  0%| F|  |TAMS 0x0000000088900000| PB 0x0000000088900000| Untracked 
| 138|0x0000000088a00000, 0x0000000088a00000, 0x0000000088b00000|  0%| F|  |TAMS 0x0000000088a00000| PB 0x0000000088a00000| Untracked 
| 139|0x0000000088b00000, 0x0000000088b00000, 0x0000000088c00000|  0%| F|  |TAMS 0x0000000088b00000| PB 0x0000000088b00000| Untracked 
| 140|0x0000000088c00000, 0x0000000088c00000, 0x0000000088d00000|  0%| F|  |TAMS 0x0000000088c00000| PB 0x0000000088c00000| Untracked 
| 141|0x0000000088d00000, 0x0000000088d00000, 0x0000000088e00000|  0%| F|  |TAMS 0x0000000088d00000| PB 0x0000000088d00000| Untracked 
| 142|0x0000000088e00000, 0x0000000088e00000, 0x0000000088f00000|  0%| F|  |TAMS 0x0000000088e00000| PB 0x0000000088e00000| Untracked 
| 143|0x0000000088f00000, 0x0000000088f00000, 0x0000000089000000|  0%| F|  |TAMS 0x0000000088f00000| PB 0x0000000088f00000| Untracked 
| 144|0x0000000089000000, 0x0000000089000000, 0x0000000089100000|  0%| F|  |TAMS 0x0000000089000000| PB 0x0000000089000000| Untracked 
| 145|0x0000000089100000, 0x0000000089100000, 0x0000000089200000|  0%| F|  |TAMS 0x0000000089100000| PB 0x0000000089100000| Untracked 
| 146|0x0000000089200000, 0x0000000089200000, 0x0000000089300000|  0%| F|  |TAMS 0x0000000089200000| PB 0x0000000089200000| Untracked 
| 147|0x0000000089300000, 0x0000000089300000, 0x0000000089400000|  0%| F|  |TAMS 0x0000000089300000| PB 0x0000000089300000| Untracked 
| 148|0x0000000089400000, 0x0000000089400000, 0x0000000089500000|  0%| F|  |TAMS 0x0000000089400000| PB 0x0000000089400000| Untracked 
| 149|0x0000000089500000, 0x0000000089500000, 0x0000000089600000|  0%| F|  |TAMS 0x0000000089500000| PB 0x0000000089500000| Untracked 
| 150|0x0000000089600000, 0x0000000089600000, 0x0000000089700000|  0%| F|  |TAMS 0x0000000089600000| PB 0x0000000089600000| Untracked 
| 151|0x0000000089700000, 0x0000000089700000, 0x0000000089800000|  0%| F|  |TAMS 0x0000000089700000| PB 0x0000000089700000| Untracked 
| 152|0x0000000089800000, 0x0000000089800000, 0x0000000089900000|  0%| F|  |TAMS 0x0000000089800000| PB 0x0000000089800000| Untracked 
| 153|0x0000000089900000, 0x0000000089900000, 0x0000000089a00000|  0%| F|  |TAMS 0x0000000089900000| PB 0x0000000089900000| Untracked 
| 154|0x0000000089a00000, 0x0000000089a00000, 0x0000000089b00000|  0%| F|  |TAMS 0x0000000089a00000| PB 0x0000000089a00000| Untracked 
| 155|0x0000000089b00000, 0x0000000089b00000, 0x0000000089c00000|  0%| F|  |TAMS 0x0000000089b00000| PB 0x0000000089b00000| Untracked 
| 156|0x0000000089c00000, 0x0000000089c00000, 0x0000000089d00000|  0%| F|  |TAMS 0x0000000089c00000| PB 0x0000000089c00000| Untracked 
| 157|0x0000000089d00000, 0x0000000089d00000, 0x0000000089e00000|  0%| F|  |TAMS 0x0000000089d00000| PB 0x0000000089d00000| Untracked 
| 158|0x0000000089e00000, 0x0000000089e00000, 0x0000000089f00000|  0%| F|  |TAMS 0x0000000089e00000| PB 0x0000000089e00000| Untracked 
| 159|0x0000000089f00000, 0x0000000089f00000, 0x000000008a000000|  0%| F|  |TAMS 0x0000000089f00000| PB 0x0000000089f00000| Untracked 
| 160|0x000000008a000000, 0x000000008a000000, 0x000000008a100000|  0%| F|  |TAMS 0x000000008a000000| PB 0x000000008a000000| Untracked 
| 161|0x000000008a100000, 0x000000008a100000, 0x000000008a200000|  0%| F|  |TAMS 0x000000008a100000| PB 0x000000008a100000| Untracked 
| 162|0x000000008a200000, 0x000000008a200000, 0x000000008a300000|  0%| F|  |TAMS 0x000000008a200000| PB 0x000000008a200000| Untracked 
| 163|0x000000008a300000, 0x000000008a300000, 0x000000008a400000|  0%| F|  |TAMS 0x000000008a300000| PB 0x000000008a300000| Untracked 
| 164|0x000000008a400000, 0x000000008a400000, 0x000000008a500000|  0%| F|  |TAMS 0x000000008a400000| PB 0x000000008a400000| Untracked 
| 165|0x000000008a500000, 0x000000008a500000, 0x000000008a600000|  0%| F|  |TAMS 0x000000008a500000| PB 0x000000008a500000| Untracked 
| 166|0x000000008a600000, 0x000000008a600000, 0x000000008a700000|  0%| F|  |TAMS 0x000000008a600000| PB 0x000000008a600000| Untracked 
| 167|0x000000008a700000, 0x000000008a700000, 0x000000008a800000|  0%| F|  |TAMS 0x000000008a700000| PB 0x000000008a700000| Untracked 
| 168|0x000000008a800000, 0x000000008a800000, 0x000000008a900000|  0%| F|  |TAMS 0x000000008a800000| PB 0x000000008a800000| Untracked 
| 169|0x000000008a900000, 0x000000008a900000, 0x000000008aa00000|  0%| F|  |TAMS 0x000000008a900000| PB 0x000000008a900000| Untracked 
| 170|0x000000008aa00000, 0x000000008aa00000, 0x000000008ab00000|  0%| F|  |TAMS 0x000000008aa00000| PB 0x000000008aa00000| Untracked 
| 171|0x000000008ab00000, 0x000000008ab00000, 0x000000008ac00000|  0%| F|  |TAMS 0x000000008ab00000| PB 0x000000008ab00000| Untracked 
| 172|0x000000008ac00000, 0x000000008ac00000, 0x000000008ad00000|  0%| F|  |TAMS 0x000000008ac00000| PB 0x000000008ac00000| Untracked 
| 173|0x000000008ad00000, 0x000000008ad00000, 0x000000008ae00000|  0%| F|  |TAMS 0x000000008ad00000| PB 0x000000008ad00000| Untracked 
| 174|0x000000008ae00000, 0x000000008ae00000, 0x000000008af00000|  0%| F|  |TAMS 0x000000008ae00000| PB 0x000000008ae00000| Untracked 
| 175|0x000000008af00000, 0x000000008af00000, 0x000000008b000000|  0%| F|  |TAMS 0x000000008af00000| PB 0x000000008af00000| Untracked 
| 176|0x000000008b000000, 0x000000008b000000, 0x000000008b100000|  0%| F|  |TAMS 0x000000008b000000| PB 0x000000008b000000| Untracked 
| 177|0x000000008b100000, 0x000000008b100000, 0x000000008b200000|  0%| F|  |TAMS 0x000000008b100000| PB 0x000000008b100000| Untracked 
| 178|0x000000008b200000, 0x000000008b200000, 0x000000008b300000|  0%| F|  |TAMS 0x000000008b200000| PB 0x000000008b200000| Untracked 
| 179|0x000000008b300000, 0x000000008b300000, 0x000000008b400000|  0%| F|  |TAMS 0x000000008b300000| PB 0x000000008b300000| Untracked 
| 180|0x000000008b400000, 0x000000008b400000, 0x000000008b500000|  0%| F|  |TAMS 0x000000008b400000| PB 0x000000008b400000| Untracked 
| 181|0x000000008b500000, 0x000000008b500000, 0x000000008b600000|  0%| F|  |TAMS 0x000000008b500000| PB 0x000000008b500000| Untracked 
| 182|0x000000008b600000, 0x000000008b600000, 0x000000008b700000|  0%| F|  |TAMS 0x000000008b600000| PB 0x000000008b600000| Untracked 
| 183|0x000000008b700000, 0x000000008b700000, 0x000000008b800000|  0%| F|  |TAMS 0x000000008b700000| PB 0x000000008b700000| Untracked 
| 184|0x000000008b800000, 0x000000008b800000, 0x000000008b900000|  0%| F|  |TAMS 0x000000008b800000| PB 0x000000008b800000| Untracked 
| 185|0x000000008b900000, 0x000000008b9e05d8, 0x000000008ba00000| 87%| E|  |TAMS 0x000000008b900000| PB 0x000000008b900000| Complete 
|2032|0x00000000ff000000, 0x00000000ff100000, 0x00000000ff100000|100%| O|Cm|TAMS 0x00000000ff000000| PB 0x00000000ff000000| Complete 
|2033|0x00000000ff100000, 0x00000000ff200000, 0x00000000ff200000|100%| O|  |TAMS 0x00000000ff100000| PB 0x00000000ff100000| Untracked 
|2034|0x00000000ff200000, 0x00000000ff300000, 0x00000000ff300000|100%| O|  |TAMS 0x00000000ff200000| PB 0x00000000ff200000| Untracked 
|2035|0x00000000ff300000, 0x00000000ff400000, 0x00000000ff400000|100%| E|CS|TAMS 0x00000000ff300000| PB 0x00000000ff300000| Complete 
|2036|0x00000000ff400000, 0x00000000ff500000, 0x00000000ff500000|100%| O|  |TAMS 0x00000000ff400000| PB 0x00000000ff400000| Untracked 
|2037|0x00000000ff500000, 0x00000000ff600000, 0x00000000ff600000|100%| O|  |TAMS 0x00000000ff500000| PB 0x00000000ff500000| Untracked 
|2038|0x00000000ff600000, 0x00000000ff700000, 0x00000000ff700000|100%| E|CS|TAMS 0x00000000ff600000| PB 0x00000000ff600000| Complete 
|2039|0x00000000ff700000, 0x00000000ff800000, 0x00000000ff800000|100%| O|Cm|TAMS 0x00000000ff700000| PB 0x00000000ff700000| Complete 
|2040|0x00000000ff800000, 0x00000000ff900000, 0x00000000ff900000|100%| E|CS|TAMS 0x00000000ff800000| PB 0x00000000ff800000| Complete 
|2041|0x00000000ff900000, 0x00000000ffa00000, 0x00000000ffa00000|100%| O|  |TAMS 0x00000000ff900000| PB 0x00000000ff900000| Untracked 
|2042|0x00000000ffa00000, 0x00000000ffb00000, 0x00000000ffb00000|100%| O|  |TAMS 0x00000000ffa00000| PB 0x00000000ffa00000| Untracked 
|2043|0x00000000ffb00000, 0x00000000ffc00000, 0x00000000ffc00000|100%| O|  |TAMS 0x00000000ffb00000| PB 0x00000000ffb00000| Untracked 
|2044|0x00000000ffc00000, 0x00000000ffd00000, 0x00000000ffd00000|100%| O|  |TAMS 0x00000000ffc00000| PB 0x00000000ffc00000| Untracked 
|2045|0x00000000ffd00000, 0x00000000ffe00000, 0x00000000ffe00000|100%| O|  |TAMS 0x00000000ffd00000| PB 0x00000000ffd00000| Untracked 
|2046|0x00000000ffe00000, 0x00000000fff00000, 0x00000000fff00000|100%| O|  |TAMS 0x00000000ffe00000| PB 0x00000000ffe00000| Untracked 
|2047|0x00000000fff00000, 0x0000000100000000, 0x0000000100000000|100%| O|  |TAMS 0x00000000fff00000| PB 0x00000000fff00000| Untracked 

Card table byte_map: [0x0000019461e80000,0x0000019462280000] _byte_map_base: 0x0000019461a80000

Marking Bits: (CMBitMap*) 0x000001944e37aa10
 Bits: [0x0000019462280000, 0x0000019464280000)

Polling page: 0x000001944bee0000

Metaspace:

Usage:
  Non-class:     97.16 MB used.
      Class:     15.92 MB used.
       Both:    113.08 MB used.

Virtual space:
  Non-class space:      128.00 MB reserved,      98.38 MB ( 77%) committed,  2 nodes.
      Class space:      416.00 MB reserved,      17.12 MB (  4%) committed,  1 nodes.
             Both:      544.00 MB reserved,     115.50 MB ( 21%) committed. 

Chunk freelists:
   Non-Class:  12.97 MB
       Class:  14.73 MB
        Both:  27.70 MB

MaxMetaspaceSize: 512.00 MB
CompressedClassSpaceSize: 416.00 MB
Initial GC threshold: 21.00 MB
Current GC threshold: 192.19 MB
CDS: on
 - commit_granule_bytes: 65536.
 - commit_granule_words: 8192.
 - virtual_space_node_default_size: 8388608.
 - enlarge_chunks_in_place: 1.
 - use_allocation_guard: 0.


Internal statistics:

num_allocs_failed_limit: 9.
num_arena_births: 4418.
num_arena_deaths: 2.
num_vsnodes_births: 3.
num_vsnodes_deaths: 0.
num_space_committed: 1848.
num_space_uncommitted: 0.
num_chunks_returned_to_freelist: 11.
num_chunks_taken_from_freelist: 9639.
num_chunk_merges: 6.
num_chunk_splits: 6329.
num_chunks_enlarged: 4008.
num_inconsistent_stats: 0.

CodeHeap 'non-profiled nmethods': size=128192Kb used=8142Kb max_used=8228Kb free=120049Kb
 bounds [0x00000194597f0000, 0x000001945a000000, 0x0000019461520000]
CodeHeap 'profiled nmethods': size=128192Kb used=24939Kb max_used=25035Kb free=103252Kb
 bounds [0x0000019451520000, 0x0000019452db0000, 0x0000019459250000]
CodeHeap 'non-nmethods': size=5760Kb used=2825Kb max_used=2857Kb free=2934Kb
 bounds [0x0000019459250000, 0x0000019459520000, 0x00000194597f0000]
CodeCache: size=262144Kb, used=35906Kb, max_used=36120Kb, free=226235Kb
 total_blobs=13867, nmethods=12797, adapters=973, full_count=0
Compilation: enabled, stopped_count=0, restarted_count=0

Compilation events (20 events):
Event: 390.578 Thread 0x0000019466f2e430 15160       3       com.sun.org.apache.xerces.internal.dom.DeferredDocumentImpl::getNodeType (7 bytes)
Event: 390.579 Thread 0x0000019466f2e430 nmethod 15160 0x00000194519ab010 code [0x00000194519ab1c0, 0x00000194519ab320]
Event: 390.579 Thread 0x0000019466f2e430 15166       1       com.sun.org.apache.xerces.internal.dom.TextImpl::getNodeType (2 bytes)
Event: 390.579 Thread 0x0000019466f2e430 nmethod 15166 0x0000019459bde510 code [0x0000019459bde6a0, 0x0000019459bde768]
Event: 390.582 Thread 0x0000019466f28480 nmethod 15156 0x00000194599cf810 code [0x00000194599cf9e0, 0x00000194599cff40]
Event: 390.582 Thread 0x0000019466f28480 15157       4       com.sun.org.apache.xerces.internal.dom.DeferredDocumentImpl::setChunkValue (80 bytes)
Event: 390.589 Thread 0x0000019466f28480 nmethod 15157 0x000001945999e610 code [0x000001945999e800, 0x000001945999ed98]
Event: 390.589 Thread 0x0000019466f28480 15158       4       com.sun.org.apache.xerces.internal.util.XMLChar::isValid (34 bytes)
Event: 390.590 Thread 0x0000019466f28480 nmethod 15158 0x00000194599cf490 code [0x00000194599cf620, 0x00000194599cf6f8]
Event: 390.726 Thread 0x0000019466f28480 15167       4       sun.management.spi.PlatformMBeanProvider$PlatformComponent::getMBeans (87 bytes)
Event: 390.747 Thread 0x0000019466f28480 nmethod 15167 0x0000019459dab610 code [0x0000019459dab8c0, 0x0000019459dac698]
Event: 391.737 Thread 0x0000019466f28480 15168       4       java.lang.management.ManagementFactory$$Lambda/0x0000019401074728::apply (12 bytes)
Event: 391.742 Thread 0x0000019466f28480 nmethod 15168 0x0000019459d05590 code [0x0000019459d05760, 0x0000019459d05a90]
Event: 393.325 Thread 0x0000019466f28480 15169       4       java.util.ArrayList::remove (26 bytes)
Event: 393.328 Thread 0x0000019466f28480 nmethod 15169 0x0000019459bddf10 code [0x0000019459bde0a0, 0x0000019459bde318]
Event: 394.201 Thread 0x0000019466f28480 15170       4       java.nio.channels.FileLock::<init> (86 bytes)
Event: 394.209 Thread 0x0000019466f28480 nmethod 15170 0x0000019459d05090 code [0x0000019459d05220, 0x0000019459d05450]
Event: 394.210 Thread 0x0000019466f28480 15171   !   4       java.io.RandomAccessFile::getChannel (84 bytes)
Event: 394.237 Thread 0x0000019466f28480 nmethod 15171 0x0000019459e10090 code [0x0000019459e10280, 0x0000019459e11128]
Event: 394.244 Thread 0x0000019466f28480 15172   !   4       sun.nio.ch.FileChannelImpl::tryLock (253 bytes)

GC Heap History (20 events):
Event: 331.719 GC heap before
{Heap before GC invocations=35 (full 0):
 garbage-first heap   total 149504K, used 134699K [0x0000000080000000, 0x0000000100000000)
  region size 1024K, 42 young (43008K), 2 survivors (2048K)
 Metaspace       used 90373K, committed 92480K, reserved 557056K
  class space    used 12830K, committed 13888K, reserved 425984K
}
Event: 331.725 GC heap after
{Heap after GC invocations=36 (full 0):
 garbage-first heap   total 149504K, used 95656K [0x0000000080000000, 0x0000000100000000)
  region size 1024K, 4 young (4096K), 4 survivors (4096K)
 Metaspace       used 90373K, committed 92480K, reserved 557056K
  class space    used 12830K, committed 13888K, reserved 425984K
}
Event: 338.068 GC heap before
{Heap before GC invocations=37 (full 0):
 garbage-first heap   total 160768K, used 136616K [0x0000000080000000, 0x0000000100000000)
  region size 1024K, 44 young (45056K), 4 survivors (4096K)
 Metaspace       used 91105K, committed 93312K, reserved 557056K
  class space    used 12929K, committed 14016K, reserved 425984K
}
Event: 338.078 GC heap after
{Heap after GC invocations=38 (full 0):
 garbage-first heap   total 160768K, used 100173K [0x0000000080000000, 0x0000000100000000)
  region size 1024K, 6 young (6144K), 6 survivors (6144K)
 Metaspace       used 91105K, committed 93312K, reserved 557056K
  class space    used 12929K, committed 14016K, reserved 425984K
}
Event: 342.952 GC heap before
{Heap before GC invocations=38 (full 0):
 garbage-first heap   total 160768K, used 145229K [0x0000000080000000, 0x0000000100000000)
  region size 1024K, 50 young (51200K), 6 survivors (6144K)
 Metaspace       used 94633K, committed 96896K, reserved 557056K
  class space    used 13416K, committed 14528K, reserved 425984K
}
Event: 342.963 GC heap after
{Heap after GC invocations=39 (full 0):
 garbage-first heap   total 160768K, used 100702K [0x0000000080000000, 0x0000000100000000)
  region size 1024K, 2 young (2048K), 2 survivors (2048K)
 Metaspace       used 94633K, committed 96896K, reserved 557056K
  class space    used 13416K, committed 14528K, reserved 425984K
}
Event: 343.447 GC heap before
{Heap before GC invocations=39 (full 0):
 garbage-first heap   total 160768K, used 105822K [0x0000000080000000, 0x0000000100000000)
  region size 1024K, 8 young (8192K), 2 survivors (2048K)
 Metaspace       used 95053K, committed 97280K, reserved 557056K
  class space    used 13479K, committed 14592K, reserved 425984K
}
Event: 343.450 GC heap after
{Heap after GC invocations=40 (full 0):
 garbage-first heap   total 160768K, used 100649K [0x0000000080000000, 0x0000000100000000)
  region size 1024K, 2 young (2048K), 2 survivors (2048K)
 Metaspace       used 95053K, committed 97280K, reserved 557056K
  class space    used 13479K, committed 14592K, reserved 425984K
}
Event: 348.862 GC heap before
{Heap before GC invocations=41 (full 0):
 garbage-first heap   total 171008K, used 148777K [0x0000000080000000, 0x0000000100000000)
  region size 1024K, 48 young (49152K), 2 survivors (2048K)
 Metaspace       used 98727K, committed 100992K, reserved 557056K
  class space    used 14131K, committed 15232K, reserved 425984K
}
Event: 348.869 GC heap after
{Heap after GC invocations=42 (full 0):
 garbage-first heap   total 171008K, used 102070K [0x0000000080000000, 0x0000000100000000)
  region size 1024K, 4 young (4096K), 4 survivors (4096K)
 Metaspace       used 98727K, committed 100992K, reserved 557056K
  class space    used 14131K, committed 15232K, reserved 425984K
}
Event: 352.914 GC heap before
{Heap before GC invocations=42 (full 0):
 garbage-first heap   total 171008K, used 156342K [0x0000000080000000, 0x0000000100000000)
  region size 1024K, 57 young (58368K), 4 survivors (4096K)
 Metaspace       used 102341K, committed 104640K, reserved 557056K
  class space    used 14617K, committed 15744K, reserved 425984K
}
Event: 352.924 GC heap after
{Heap after GC invocations=43 (full 0):
 garbage-first heap   total 171008K, used 102959K [0x0000000080000000, 0x0000000100000000)
  region size 1024K, 5 young (5120K), 5 survivors (5120K)
 Metaspace       used 102341K, committed 104640K, reserved 557056K
  class space    used 14617K, committed 15744K, reserved 425984K
}
Event: 356.734 GC heap before
{Heap before GC invocations=43 (full 0):
 garbage-first heap   total 171008K, used 137775K [0x0000000080000000, 0x0000000100000000)
  region size 1024K, 41 young (41984K), 5 survivors (5120K)
 Metaspace       used 104429K, committed 106816K, reserved 557056K
  class space    used 14904K, committed 16064K, reserved 425984K
}
Event: 356.745 GC heap after
{Heap after GC invocations=44 (full 0):
 garbage-first heap   total 171008K, used 105979K [0x0000000080000000, 0x0000000100000000)
  region size 1024K, 7 young (7168K), 7 survivors (7168K)
 Metaspace       used 104429K, committed 106816K, reserved 557056K
  class space    used 14904K, committed 16064K, reserved 425984K
}
Event: 360.948 GC heap before
{Heap before GC invocations=45 (full 0):
 garbage-first heap   total 179200K, used 161275K [0x0000000080000000, 0x0000000100000000)
  region size 1024K, 57 young (58368K), 7 survivors (7168K)
 Metaspace       used 107043K, committed 109440K, reserved 557056K
  class space    used 15163K, committed 16320K, reserved 425984K
}
Event: 360.962 GC heap after
{Heap after GC invocations=46 (full 0):
 garbage-first heap   total 179200K, used 110416K [0x0000000080000000, 0x0000000100000000)
  region size 1024K, 8 young (8192K), 8 survivors (8192K)
 Metaspace       used 107043K, committed 109440K, reserved 557056K
  class space    used 15163K, committed 16320K, reserved 425984K
}
Event: 364.039 GC heap before
{Heap before GC invocations=46 (full 0):
 garbage-first heap   total 179200K, used 164688K [0x0000000080000000, 0x0000000100000000)
  region size 1024K, 61 young (62464K), 8 survivors (8192K)
 Metaspace       used 108353K, committed 110720K, reserved 557056K
  class space    used 15392K, committed 16576K, reserved 425984K
}
Event: 364.057 GC heap after
{Heap after GC invocations=47 (full 0):
 garbage-first heap   total 183296K, used 117603K [0x0000000080000000, 0x0000000100000000)
  region size 1024K, 8 young (8192K), 8 survivors (8192K)
 Metaspace       used 108353K, committed 110720K, reserved 557056K
  class space    used 15392K, committed 16576K, reserved 425984K
}
Event: 388.409 GC heap before
{Heap before GC invocations=47 (full 0):
 garbage-first heap   total 183296K, used 166755K [0x0000000080000000, 0x0000000100000000)
  region size 1024K, 57 young (58368K), 8 survivors (8192K)
 Metaspace       used 115578K, committed 117952K, reserved 557056K
  class space    used 16296K, committed 17472K, reserved 425984K
}
Event: 388.439 GC heap after
{Heap after GC invocations=48 (full 0):
 garbage-first heap   total 183296K, used 122274K [0x0000000080000000, 0x0000000100000000)
  region size 1024K, 6 young (6144K), 6 survivors (6144K)
 Metaspace       used 115578K, committed 117952K, reserved 557056K
  class space    used 16296K, committed 17472K, reserved 425984K
}

Dll operation events (20 events):
Event: 0.161 Attempting to load shared library C:\Users\user5\.vscode\extensions\redhat.java-1.56.0-win32-x64\jre\21.0.12.1-win32-x86_64\bin\zip.dll
Event: 0.161 Loaded shared library C:\Users\user5\.vscode\extensions\redhat.java-1.56.0-win32-x64\jre\21.0.12.1-win32-x86_64\bin\zip.dll
Event: 0.504 Attempting to load shared library C:\Users\user5\.vscode\extensions\redhat.java-1.56.0-win32-x64\jre\21.0.12.1-win32-x86_64\bin\jimage.dll
Event: 0.504 Loaded shared library C:\Users\user5\.vscode\extensions\redhat.java-1.56.0-win32-x64\jre\21.0.12.1-win32-x86_64\bin\jimage.dll
Event: 0.633 Attempting to load shared library C:\Users\user5\.vscode\extensions\redhat.java-1.56.0-win32-x64\jre\21.0.12.1-win32-x86_64\bin\verify.dll
Event: 0.633 Loaded shared library C:\Users\user5\.vscode\extensions\redhat.java-1.56.0-win32-x64\jre\21.0.12.1-win32-x86_64\bin\verify.dll
Event: 0.846 Attempting to load shared library D:\gradle_cache\native\1def1411415f61bf3af743bc5b6707747c0891f09f0c88961ee8f79bc544acac\windows-amd64\native-platform.dll
Event: 0.847 Loaded shared library D:\gradle_cache\native\1def1411415f61bf3af743bc5b6707747c0891f09f0c88961ee8f79bc544acac\windows-amd64\native-platform.dll
Event: 0.855 Attempting to load shared library D:\gradle_cache\native\0.2.5\x86_64-windows-gnu\gradle-fileevents.dll
Event: 0.858 Loaded shared library D:\gradle_cache\native\0.2.5\x86_64-windows-gnu\gradle-fileevents.dll
Event: 1.653 Attempting to load shared library C:\Users\user5\.vscode\extensions\redhat.java-1.56.0-win32-x64\jre\21.0.12.1-win32-x86_64\bin\management.dll
Event: 1.654 Loaded shared library C:\Users\user5\.vscode\extensions\redhat.java-1.56.0-win32-x64\jre\21.0.12.1-win32-x86_64\bin\management.dll
Event: 1.659 Attempting to load shared library C:\Users\user5\.vscode\extensions\redhat.java-1.56.0-win32-x64\jre\21.0.12.1-win32-x86_64\bin\management_ext.dll
Event: 1.661 Loaded shared library C:\Users\user5\.vscode\extensions\redhat.java-1.56.0-win32-x64\jre\21.0.12.1-win32-x86_64\bin\management_ext.dll
Event: 1.893 Attempting to load shared library C:\Users\user5\.vscode\extensions\redhat.java-1.56.0-win32-x64\jre\21.0.12.1-win32-x86_64\bin\extnet.dll
Event: 1.894 Loaded shared library C:\Users\user5\.vscode\extensions\redhat.java-1.56.0-win32-x64\jre\21.0.12.1-win32-x86_64\bin\extnet.dll
Event: 2.089 Attempting to load shared library C:\Users\user5\.vscode\extensions\redhat.java-1.56.0-win32-x64\jre\21.0.12.1-win32-x86_64\bin\sunmscapi.dll
Event: 2.094 Loaded shared library C:\Users\user5\.vscode\extensions\redhat.java-1.56.0-win32-x64\jre\21.0.12.1-win32-x86_64\bin\sunmscapi.dll
Event: 9.444 Attempting to load shared library D:\temp\native-platform3575233917430914739dir\gradle-fileevents.dll
Event: 9.602 Loaded shared library D:\temp\native-platform3575233917430914739dir\gradle-fileevents.dll

Deoptimization events (20 events):
Event: 389.450 Thread 0x000001946c9e12d0 Uncommon trap: trap_request=0xffffffde fr.pc=0x0000019459a5914c relative=0x00000000000011cc
Event: 389.450 Thread 0x000001946c9e12d0 Uncommon trap: reason=class_check action=maybe_recompile pc=0x0000019459a5914c method=com.google.common.io.CountingInputStream.read([BII)I @ 7 c2
Event: 389.450 Thread 0x000001946c9e12d0 DEOPT PACKING pc=0x0000019459a5914c sp=0x00000053d24f7060
Event: 389.450 Thread 0x000001946c9e12d0 DEOPT UNPACKING pc=0x00000194592a4422 sp=0x00000053d24f7050 mode 2
Event: 389.451 Thread 0x000001946c9e12d0 Uncommon trap: trap_request=0xffffffde fr.pc=0x0000019459faf934 relative=0x0000000000001b14
Event: 389.451 Thread 0x000001946c9e12d0 Uncommon trap: reason=class_check action=maybe_recompile pc=0x0000019459faf934 method=java.io.BufferedReader.readLine(Z[Z)Ljava/lang/String; @ 6 c2
Event: 389.451 Thread 0x000001946c9e12d0 DEOPT PACKING pc=0x0000019459faf934 sp=0x00000053d24f70b0
Event: 389.451 Thread 0x000001946c9e12d0 DEOPT UNPACKING pc=0x00000194592a4422 sp=0x00000053d24f70a8 mode 2
Event: 389.611 Thread 0x000001946c9e12d0 Uncommon trap: trap_request=0xffffffde fr.pc=0x0000019459a5914c relative=0x00000000000011cc
Event: 389.611 Thread 0x000001946c9e12d0 Uncommon trap: reason=class_check action=maybe_recompile pc=0x0000019459a5914c method=com.google.common.io.CountingInputStream.read([BII)I @ 7 c2
Event: 389.611 Thread 0x000001946c9e12d0 DEOPT PACKING pc=0x0000019459a5914c sp=0x00000053d24f68a0
Event: 389.611 Thread 0x000001946c9e12d0 DEOPT UNPACKING pc=0x00000194592a4422 sp=0x00000053d24f6890 mode 2
Event: 390.525 Thread 0x000001946c9e12d0 Uncommon trap: trap_request=0xffffffde fr.pc=0x0000019459faf934 relative=0x0000000000001b14
Event: 390.525 Thread 0x000001946c9e12d0 Uncommon trap: reason=class_check action=maybe_recompile pc=0x0000019459faf934 method=java.io.BufferedReader.readLine(Z[Z)Ljava/lang/String; @ 6 c2
Event: 390.525 Thread 0x000001946c9e12d0 DEOPT PACKING pc=0x0000019459faf934 sp=0x00000053d24f6ee0
Event: 390.525 Thread 0x000001946c9e12d0 DEOPT UNPACKING pc=0x00000194592a4422 sp=0x00000053d24f6ed8 mode 2
Event: 390.563 Thread 0x000001946c9e12d0 Uncommon trap: trap_request=0xffffff45 fr.pc=0x0000019459bdea28 relative=0x0000000000000088
Event: 390.563 Thread 0x000001946c9e12d0 Uncommon trap: reason=unstable_if action=reinterpret pc=0x0000019459bdea28 method=com.sun.org.apache.xerces.internal.impl.XMLEntityScanner.checkBeforeLoad(Lcom/sun/xml/internal/stream/Entity$ScannedEntity;II)I @ 18 c2
Event: 390.563 Thread 0x000001946c9e12d0 DEOPT PACKING pc=0x0000019459bdea28 sp=0x00000053d24f6ad0
Event: 390.563 Thread 0x000001946c9e12d0 DEOPT UNPACKING pc=0x00000194592a4422 sp=0x00000053d24f6a40 mode 2

Classes loaded (20 events):
Event: 388.341 Loading class com/sun/org/apache/xerces/internal/dom/NamedNodeMapImpl
Event: 388.341 Loading class com/sun/org/apache/xerces/internal/dom/NamedNodeMapImpl done
Event: 388.342 Loading class com/sun/org/apache/xerces/internal/dom/DeferredEntityImpl
Event: 388.368 Loading class com/sun/org/apache/xerces/internal/dom/EntityImpl
Event: 388.368 Loading class org/w3c/dom/Entity
Event: 388.368 Loading class org/w3c/dom/Entity done
Event: 388.368 Loading class com/sun/org/apache/xerces/internal/dom/EntityImpl done
Event: 388.368 Loading class com/sun/org/apache/xerces/internal/dom/DeferredEntityImpl done
Event: 388.380 Loading class com/sun/org/apache/xerces/internal/dom/AttributeMap
Event: 388.382 Loading class com/sun/org/apache/xerces/internal/dom/AttributeMap done
Event: 388.382 Loading class com/sun/org/apache/xerces/internal/dom/DeferredAttrImpl
Event: 388.382 Loading class com/sun/org/apache/xerces/internal/dom/AttrImpl
Event: 388.383 Loading class com/sun/org/apache/xerces/internal/dom/AttrImpl done
Event: 388.383 Loading class com/sun/org/apache/xerces/internal/dom/DeferredAttrImpl done
Event: 388.384 Loading class com/sun/org/apache/xerces/internal/dom/DeferredTextImpl
Event: 388.388 Loading class com/sun/org/apache/xerces/internal/dom/TextImpl
Event: 388.388 Loading class org/w3c/dom/Text
Event: 388.388 Loading class org/w3c/dom/Text done
Event: 388.389 Loading class com/sun/org/apache/xerces/internal/dom/TextImpl done
Event: 388.389 Loading class com/sun/org/apache/xerces/internal/dom/DeferredTextImpl done

Classes unloaded (1 events):
Event: 178.099 Thread 0x0000019466ef2130 Unloading class 0x00000194017b8400 'java/lang/invoke/LambdaForm$DMH+0x00000194017b8400'

Classes redefined (0 events):
No events

Internal exceptions (20 events):
Event: 363.522 Thread 0x000001946c9e12d0 Exception <a 'java/lang/ClassNotFoundException'{0x00000000876bad68}: build_9x1vywerhioyyexmknx3sy2nxCustomizer> (0x00000000876bad68) 
thrown [s\src\hotspot\share\classfile\systemDictionary.cpp, line 313]
Event: 364.385 Thread 0x000001946c9e12d0 Exception <a 'java/lang/ClassNotFoundException'{0x000000008a0f8940}: build_6x7o9f45fmpdsg0vi4blz3qdmBeanInfo> (0x000000008a0f8940) 
thrown [s\src\hotspot\share\classfile\systemDictionary.cpp, line 313]
Event: 364.385 Thread 0x000001946c9e12d0 Exception <a 'java/lang/ClassNotFoundException'{0x000000008a0ff5a8}: build_6x7o9f45fmpdsg0vi4blz3qdmCustomizer> (0x000000008a0ff5a8) 
thrown [s\src\hotspot\share\classfile\systemDictionary.cpp, line 313]
Event: 364.467 Thread 0x000001946c9e12d0 Exception <a 'java/lang/ClassNotFoundException'{0x0000000089ffa090}: org/gradle/api/internal/artifacts/dsl/dependencies/DefaultDependencyHandler_DecoratedBeanInfo> (0x0000000089ffa090) 
thrown [s\src\hotspot\share\classfile\systemDictionary.cpp, line 313]
Event: 364.475 Thread 0x000001946c9e12d0 Exception <a 'java/lang/ClassNotFoundException'{0x0000000089e10098}: org/gradle/api/internal/artifacts/dsl/dependencies/DefaultDependencyHandlerBeanInfo> (0x0000000089e10098) 
thrown [s\src\hotspot\share\classfile\systemDictionary.cpp, line 313]
Event: 364.476 Thread 0x000001946c9e12d0 Exception <a 'java/lang/ClassNotFoundException'{0x0000000089e25db8}: org/gradle/api/internal/artifacts/dsl/dependencies/DefaultDependencyHandlerCustomizer> (0x0000000089e25db8) 
thrown [s\src\hotspot\share\classfile\systemDictionary.cpp, line 313]
Event: 364.485 Thread 0x000001946c9e12d0 Exception <a 'java/lang/ClassNotFoundException'{0x0000000089e7ecc0}: org/gradle/api/internal/artifacts/dsl/dependencies/DefaultDependencyHandler_DecoratedCustomizer> (0x0000000089e7ecc0) 
thrown [s\src\hotspot\share\classfile\systemDictionary.cpp, line 313]
Event: 379.921 Thread 0x000001946c9e12d0 Exception <a 'sun/nio/fs/WindowsException'{0x0000000088fa0270}> (0x0000000088fa0270) 
thrown [s\src\hotspot\share\prims\jni.cpp, line 520]
Event: 386.269 Thread 0x000001946c9e12d0 Exception <a 'java/lang/NoSuchMethodError'{0x0000000087724538}: 'java.lang.Object java.lang.invoke.DirectMethodHandle$Holder.invokeStaticInit(java.lang.Object, java.lang.Object, java.lang.Object, java.lang.Object, java.lang.Object)'> (0x0000000087724538) 
thrown [s\src\hotspot\share\interpreter\linkResolver.cpp, line 773]
Event: 386.271 Thread 0x000001946c9e12d0 Exception <a 'java/lang/NoSuchMethodError'{0x0000000087729390}: 'java.lang.Object java.lang.invoke.Invokers$Holder.invoke_MT(java.lang.Object, java.lang.Object, java.lang.Object, java.lang.Object, java.lang.Object, java.lang.Object)'> (0x0000000087729390) 
thrown [s\src\hotspot\share\interpreter\linkResolver.cpp, line 773]
Event: 386.281 Thread 0x000001946c9e12d0 Exception <a 'java/lang/NoSuchMethodError'{0x00000000877323d0}: 'int java.lang.invoke.DirectMethodHandle$Holder.invokeStaticInit(java.lang.Object, int)'> (0x00000000877323d0) 
thrown [s\src\hotspot\share\interpreter\linkResolver.cpp, line 773]
Event: 386.295 Thread 0x000001946c9e12d0 Exception <a 'java/lang/NoSuchMethodError'{0x000000008773ac48}: 'int java.lang.invoke.DirectMethodHandle$Holder.invokeStaticInit(java.lang.Object, java.lang.Object, java.lang.Object, java.lang.Object, java.lang.Object, java.lang.Object)'> (0x000000008773ac48) 
thrown [s\src\hotspot\share\interpreter\linkResolver.cpp, line 773]
Event: 386.324 Thread 0x000001946c9e12d0 Exception <a 'java/lang/NoSuchMethodError'{0x0000000087751948}: 'java.lang.Object java.lang.invoke.DirectMethodHandle$Holder.invokeStatic(java.lang.Object, int, java.lang.Object, java.lang.Object)'> (0x0000000087751948) 
thrown [s\src\hotspot\share\interpreter\linkResolver.cpp, line 773]
Event: 386.325 Thread 0x000001946c9e12d0 Exception <a 'java/lang/NoSuchMethodError'{0x0000000087756b00}: 'java.lang.Object java.lang.invoke.DirectMethodHandle$Holder.invokeSpecial(java.lang.Object, java.lang.Object, int, java.lang.Object, java.lang.Object)'> (0x0000000087756b00) 
thrown [s\src\hotspot\share\interpreter\linkResolver.cpp, line 773]
Event: 386.326 Thread 0x000001946c9e12d0 Exception <a 'java/lang/NoSuchMethodError'{0x000000008775ba08}: 'java.lang.Object java.lang.invoke.DelegatingMethodHandle$Holder.delegate(java.lang.Object, int, java.lang.Object, java.lang.Object)'> (0x000000008775ba08) 
thrown [s\src\hotspot\share\interpreter\linkResolver.cpp, line 773]
Event: 386.339 Thread 0x000001946c9e12d0 Implicit null exception at 0x00000194599f1385 to 0x00000194599f1718
Event: 386.373 Thread 0x000001946c9e12d0 Implicit null exception at 0x00000194599bf675 to 0x00000194599bf750
Event: 386.395 Thread 0x000001946c9e12d0 Exception <a 'java/lang/NoSuchMethodError'{0x000000008778bf28}: 'int java.lang.invoke.DirectMethodHandle$Holder.invokeSpecial(java.lang.Object, java.lang.Object, int, int)'> (0x000000008778bf28) 
thrown [s\src\hotspot\share\interpreter\linkResolver.cpp, line 773]
Event: 386.398 Thread 0x000001946c9e12d0 Exception <a 'java/lang/NoSuchMethodError'{0x0000000087794008}: 'int java.lang.invoke.DirectMethodHandle$Holder.invokeSpecial(java.lang.Object, java.lang.Object, int)'> (0x0000000087794008) 
thrown [s\src\hotspot\share\interpreter\linkResolver.cpp, line 773]
Event: 386.399 Thread 0x000001946c9e12d0 Exception <a 'java/lang/NoSuchMethodError'{0x000000008779cc90}: 'int java.lang.invoke.Invokers$Holder.linkToTargetMethod(java.lang.Object, int, java.lang.Object)'> (0x000000008779cc90) 
thrown [s\src\hotspot\share\interpreter\linkResolver.cpp, line 773]

ZGC Phase Switch (0 events):
No events

VM Operations (20 events):
Event: 386.127 Executing safepoint VM operation: Cleanup
Event: 386.143 Executing safepoint VM operation: Cleanup done
Event: 387.149 Executing safepoint VM operation: Cleanup
Event: 387.149 Executing safepoint VM operation: Cleanup done
Event: 387.879 Executing non-safepoint VM operation: HandshakeAllThreads (Deoptimize)
Event: 387.880 Executing non-safepoint VM operation: HandshakeAllThreads (Deoptimize) done
Event: 388.053 Executing non-safepoint VM operation: HandshakeAllThreads (Deoptimize)
Event: 388.053 Executing non-safepoint VM operation: HandshakeAllThreads (Deoptimize) done
Event: 388.409 Executing safepoint VM operation: G1CollectForAllocation (G1 Evacuation Pause)
Event: 388.440 Executing safepoint VM operation: G1CollectForAllocation (G1 Evacuation Pause) done
Event: 388.680 Executing safepoint VM operation: G1PauseRemark
Event: 388.771 Executing safepoint VM operation: G1PauseRemark done
Event: 388.814 Executing safepoint VM operation: G1PauseCleanup
Event: 388.814 Executing safepoint VM operation: G1PauseCleanup done
Event: 390.820 Executing safepoint VM operation: Cleanup
Event: 390.820 Executing safepoint VM operation: Cleanup done
Event: 391.834 Executing safepoint VM operation: Cleanup
Event: 391.834 Executing safepoint VM operation: Cleanup done
Event: 393.853 Executing safepoint VM operation: Cleanup
Event: 393.853 Executing safepoint VM operation: Cleanup done

Memory protections (0 events):
No events

Nmethod flushes (20 events):
Event: 388.766 Thread 0x0000019466ef2130 flushing  nmethod 0x0000019451952110
Event: 388.766 Thread 0x0000019466ef2130 flushing  nmethod 0x0000019451cbfe10
Event: 388.766 Thread 0x0000019466ef2130 flushing  nmethod 0x00000194522be910
Event: 388.766 Thread 0x0000019466ef2130 flushing  nmethod 0x000001945232b090
Event: 388.766 Thread 0x0000019466ef2130 flushing  nmethod 0x000001945262f610
Event: 388.766 Thread 0x0000019466ef2130 flushing osr nmethod 0x0000019459b90f90
Event: 388.767 Thread 0x0000019466ef2130 flushing  nmethod 0x0000019459e5a390
Event: 388.767 Thread 0x0000019466ef2130 flushing  nmethod 0x000001945156a610
Event: 388.767 Thread 0x0000019466ef2130 flushing  nmethod 0x000001945156f810
Event: 388.767 Thread 0x0000019466ef2130 flushing  nmethod 0x00000194515f6e10
Event: 388.767 Thread 0x0000019466ef2130 flushing  nmethod 0x00000194515fca10
Event: 388.767 Thread 0x0000019466ef2130 flushing  nmethod 0x00000194517cd390
Event: 388.767 Thread 0x0000019466ef2130 flushing  nmethod 0x00000194519ab010
Event: 388.767 Thread 0x0000019466ef2130 flushing  nmethod 0x0000019451a26090
Event: 388.767 Thread 0x0000019466ef2130 flushing  nmethod 0x0000019451a26910
Event: 388.767 Thread 0x0000019466ef2130 flushing  nmethod 0x0000019451a70b10
Event: 388.767 Thread 0x0000019466ef2130 flushing  nmethod 0x0000019451b5cf10
Event: 388.767 Thread 0x0000019466ef2130 flushing  nmethod 0x0000019451e1c610
Event: 388.767 Thread 0x0000019466ef2130 flushing  nmethod 0x0000019452748110
Event: 388.767 Thread 0x0000019466ef2130 flushing  nmethod 0x00000194528e3d10

Events (20 events):
Event: 288.896 Thread 0x000001946c9e12d0 Thread added: 0x000001946f64f270
Event: 288.905 Thread 0x000001946c9e12d0 Thread added: 0x000001946fba7410
Event: 288.905 Thread 0x000001946c9e12d0 Thread added: 0x000001946fba6060
Event: 288.906 Thread 0x000001946c9e12d0 Thread added: 0x000001946fba6d80
Event: 288.916 Thread 0x000001946c9e12d0 Thread added: 0x000001946fba9b70
Event: 288.916 Thread 0x000001946c9e12d0 Thread added: 0x000001946fba66f0
Event: 288.933 Thread 0x000001946c9e12d0 Thread added: 0x000001946fba7aa0
Event: 288.935 Thread 0x000001946c9e12d0 Thread added: 0x000001946fba8130
Event: 288.937 Thread 0x000001946c9e12d0 Thread added: 0x000001946fbaa200
Event: 288.945 Thread 0x000001946c9e12d0 Thread added: 0x000001946fba87c0
Event: 290.690 Thread 0x000001946c9de4e0 Thread added: 0x000001946fbab5b0
Event: 325.664 Thread 0x000001946c9e12d0 Thread added: 0x000001947060c270
Event: 332.857 Thread 0x000001946f467070 Thread exited: 0x000001946f467070
Event: 350.733 Thread 0x000001946c9deb70 Thread exited: 0x000001946c9deb70
Event: 356.530 Thread 0x000001946c9e12d0 Thread added: 0x0000019470613200
Event: 358.536 Thread 0x000001946c9e12d0 Thread added: 0x00000194711af7f0
Event: 359.633 Thread 0x000001946c9e12d0 Thread added: 0x00000194711ad090
Event: 363.440 Thread 0x000001946c9e12d0 Thread added: 0x00000194711aca00
Event: 363.498 Thread 0x000001946c9e12d0 Thread added: 0x00000194711b0510
Event: 364.367 Thread 0x000001946c9e12d0 Thread added: 0x00000194711ad720


Dynamic libraries:
0x00007ff7a95b0000 - 0x00007ff7a95be000 	C:\Users\user5\.vscode\extensions\redhat.java-1.56.0-win32-x64\jre\21.0.12.1-win32-x86_64\bin\java.exe
0x00007ff8236e0000 - 0x00007ff823947000 	C:\WINDOWS\SYSTEM32\ntdll.dll
0x00007ff822840000 - 0x00007ff82290b000 	C:\WINDOWS\System32\KERNEL32.DLL
0x00007ff820b10000 - 0x00007ff820f12000 	C:\WINDOWS\System32\KERNELBASE.dll
0x00007ff8212a0000 - 0x00007ff8213ec000 	C:\WINDOWS\System32\ucrtbase.dll
0x00007ff810520000 - 0x00007ff810538000 	C:\Users\user5\.vscode\extensions\redhat.java-1.56.0-win32-x64\jre\21.0.12.1-win32-x86_64\bin\jli.dll
0x00007ff813580000 - 0x00007ff81359e000 	C:\Users\user5\.vscode\extensions\redhat.java-1.56.0-win32-x64\jre\21.0.12.1-win32-x86_64\bin\VCRUNTIME140.dll
0x00007ff822450000 - 0x00007ff82261f000 	C:\WINDOWS\System32\USER32.dll
0x00007ff820f20000 - 0x00007ff820f47000 	C:\WINDOWS\System32\win32u.dll
0x00007ff800850000 - 0x00007ff800ae0000 	C:\WINDOWS\WinSxS\amd64_microsoft.windows.common-controls_6595b64144ccf1df_6.0.26100.9278_none_3e0d1ba8e3303201\COMCTL32.dll
0x00007ff822760000 - 0x00007ff82278b000 	C:\WINDOWS\System32\GDI32.dll
0x00007ff822910000 - 0x00007ff8229b9000 	C:\WINDOWS\System32\msvcrt.dll
0x00007ff820f50000 - 0x00007ff821079000 	C:\WINDOWS\System32\gdi32full.dll
0x00007ff820a60000 - 0x00007ff820b03000 	C:\WINDOWS\System32\msvcp_win.dll
0x00007ff821400000 - 0x00007ff821431000 	C:\WINDOWS\System32\IMM32.DLL
0x00007ff818840000 - 0x00007ff81884c000 	C:\Users\user5\.vscode\extensions\redhat.java-1.56.0-win32-x64\jre\21.0.12.1-win32-x86_64\bin\vcruntime140_1.dll
0x00007fffefad0000 - 0x00007fffefb5d000 	C:\Users\user5\.vscode\extensions\redhat.java-1.56.0-win32-x64\jre\21.0.12.1-win32-x86_64\bin\msvcp140.dll
0x00007fff950e0000 - 0x00007fff95e82000 	C:\Users\user5\.vscode\extensions\redhat.java-1.56.0-win32-x64\jre\21.0.12.1-win32-x86_64\bin\server\jvm.dll
0x00007ff822680000 - 0x00007ff82273c000 	C:\WINDOWS\System32\ADVAPI32.dll
0x00007ff8234d0000 - 0x00007ff823579000 	C:\WINDOWS\System32\sechost.dll
0x00007ff823580000 - 0x00007ff823698000 	C:\WINDOWS\System32\RPCRT4.dll
0x00007ff8227b0000 - 0x00007ff822830000 	C:\WINDOWS\System32\WS2_32.dll
0x00007ff81ffb0000 - 0x00007ff82000e000 	C:\WINDOWS\SYSTEM32\POWRPROF.dll
0x00007ff80c220000 - 0x00007ff80c256000 	C:\WINDOWS\SYSTEM32\WINMM.dll
0x00007ff8142c0000 - 0x00007ff8142cb000 	C:\WINDOWS\SYSTEM32\VERSION.dll
0x00007ff81ff70000 - 0x00007ff81ff85000 	C:\WINDOWS\SYSTEM32\UMPDC.dll
0x00007ff81f5b0000 - 0x00007ff81f5cb000 	C:\WINDOWS\SYSTEM32\kernel.appcore.dll
0x00007ff816440000 - 0x00007ff81644a000 	C:\Users\user5\.vscode\extensions\redhat.java-1.56.0-win32-x64\jre\21.0.12.1-win32-x86_64\bin\jimage.dll
0x00007ff81de40000 - 0x00007ff81e08c000 	C:\WINDOWS\SYSTEM32\DBGHELP.DLL
0x00007ff8215c0000 - 0x00007ff821945000 	C:\WINDOWS\System32\combase.dll
0x00007ff821950000 - 0x00007ff821a29000 	C:\WINDOWS\System32\OLEAUT32.dll
0x00007ffff9420000 - 0x00007ffff945b000 	C:\WINDOWS\SYSTEM32\dbgcore.DLL
0x00007ff8208e0000 - 0x00007ff82098c000 	C:\WINDOWS\System32\bcryptPrimitives.dll
0x00007ff804240000 - 0x00007ff80424f000 	C:\Users\user5\.vscode\extensions\redhat.java-1.56.0-win32-x64\jre\21.0.12.1-win32-x86_64\bin\instrument.dll
0x00007ff801b30000 - 0x00007ff801b50000 	C:\Users\user5\.vscode\extensions\redhat.java-1.56.0-win32-x64\jre\21.0.12.1-win32-x86_64\bin\java.dll
0x00007ff822d30000 - 0x00007ff8234c8000 	C:\WINDOWS\System32\SHELL32.dll
0x00007ff81e340000 - 0x00007ff81ebee000 	C:\WINDOWS\SYSTEM32\windows.storage.dll
0x00007ff822b30000 - 0x00007ff822c2b000 	C:\WINDOWS\System32\SHCORE.dll
0x00007ff822ac0000 - 0x00007ff822b26000 	C:\WINDOWS\System32\shlwapi.dll
0x00007ff820800000 - 0x00007ff820829000 	C:\WINDOWS\SYSTEM32\profapi.dll
0x00007ffffca20000 - 0x00007ffffca38000 	C:\Users\user5\.vscode\extensions\redhat.java-1.56.0-win32-x64\jre\21.0.12.1-win32-x86_64\bin\zip.dll
0x00007ff8047d0000 - 0x00007ff8047e0000 	C:\Users\user5\.vscode\extensions\redhat.java-1.56.0-win32-x64\jre\21.0.12.1-win32-x86_64\bin\net.dll
0x00007ff816de0000 - 0x00007ff816f0a000 	C:\WINDOWS\SYSTEM32\WINHTTP.dll
0x00007ff81fbe0000 - 0x00007ff81fc4c000 	C:\WINDOWS\system32\mswsock.dll
0x00007ffffc410000 - 0x00007ffffc426000 	C:\Users\user5\.vscode\extensions\redhat.java-1.56.0-win32-x64\jre\21.0.12.1-win32-x86_64\bin\nio.dll
0x00007ff8039a0000 - 0x00007ff8039b0000 	C:\Users\user5\.vscode\extensions\redhat.java-1.56.0-win32-x64\jre\21.0.12.1-win32-x86_64\bin\verify.dll
0x00007ffffbfd0000 - 0x00007ffffbff7000 	D:\gradle_cache\native\1def1411415f61bf3af743bc5b6707747c0891f09f0c88961ee8f79bc544acac\windows-amd64\native-platform.dll
0x000000006bd40000 - 0x000000006bdb3000 	D:\gradle_cache\native\0.2.5\x86_64-windows-gnu\gradle-fileevents.dll
0x00007ff8163f0000 - 0x00007ff8163fa000 	C:\Users\user5\.vscode\extensions\redhat.java-1.56.0-win32-x64\jre\21.0.12.1-win32-x86_64\bin\management.dll
0x00007ff8163e0000 - 0x00007ff8163ec000 	C:\Users\user5\.vscode\extensions\redhat.java-1.56.0-win32-x64\jre\21.0.12.1-win32-x86_64\bin\management_ext.dll
0x00007ff822440000 - 0x00007ff822448000 	C:\WINDOWS\System32\PSAPI.DLL
0x00007ff81fef0000 - 0x00007ff81ff0b000 	C:\WINDOWS\SYSTEM32\CRYPTSP.dll
0x00007ff81f510000 - 0x00007ff81f549000 	C:\WINDOWS\system32\rsaenh.dll
0x00007ff81fc90000 - 0x00007ff81fcc4000 	C:\WINDOWS\SYSTEM32\USERENV.dll
0x00007ff8207d0000 - 0x00007ff8207fa000 	C:\WINDOWS\SYSTEM32\bcrypt.dll
0x00007ff81ff10000 - 0x00007ff81ff1c000 	C:\WINDOWS\SYSTEM32\CRYPTBASE.dll
0x00007ff81efb0000 - 0x00007ff81efe3000 	C:\WINDOWS\SYSTEM32\IPHLPAPI.DLL
0x00007ff822750000 - 0x00007ff82275a000 	C:\WINDOWS\System32\NSI.dll
0x00007ffffce70000 - 0x00007ffffce79000 	C:\Users\user5\.vscode\extensions\redhat.java-1.56.0-win32-x64\jre\21.0.12.1-win32-x86_64\bin\extnet.dll
0x00007ffffa2f0000 - 0x00007ffffa2fe000 	C:\Users\user5\.vscode\extensions\redhat.java-1.56.0-win32-x64\jre\21.0.12.1-win32-x86_64\bin\sunmscapi.dll
0x00007ff821080000 - 0x00007ff8211fe000 	C:\WINDOWS\System32\CRYPT32.dll
0x00007ff8201c0000 - 0x00007ff8201f0000 	C:\WINDOWS\SYSTEM32\ncrypt.dll
0x00007ff820170000 - 0x00007ff8201af000 	C:\WINDOWS\SYSTEM32\NTASN1.dll
0x00007ff813c90000 - 0x00007ff813c98000 	C:\WINDOWS\system32\wshunix.dll
0x000000006af10000 - 0x000000006af83000 	D:\temp\native-platform3575233917430914739dir\gradle-fileevents.dll
0x00007ff81f050000 - 0x00007ff81f1a8000 	C:\WINDOWS\SYSTEM32\DNSAPI.dll
0x00007ff81f970000 - 0x00007ff81f97d000 	C:\WINDOWS\SYSTEM32\DSPARSE.dll
0x00007ff816820000 - 0x00007ff81682b000 	C:\Windows\System32\rasadhlp.dll
0x00007ff817490000 - 0x00007ff817516000 	C:\WINDOWS\System32\fwpuclnt.dll

JVMTI agents:
D:\gradle_cache\wrapper\dists\gradle-8.12-all\ejduaidbjup3bmmkhw3rie4zb\gradle-8.12\lib\agents\gradle-instrumentation-agent-8.12.jar path:C:\Users\user5\.vscode\extensions\redhat.java-1.56.0-win32-x64\jre\21.0.12.1-win32-x86_64\bin\instrument.dll, loaded, initialized, instrumentlib options:none

dbghelp: loaded successfully - version: 4.0.5 - missing functions: none
symbol engine: initialized successfully - sym options: 0x614 - pdb path: .;C:\Users\user5\.vscode\extensions\redhat.java-1.56.0-win32-x64\jre\21.0.12.1-win32-x86_64\bin;C:\WINDOWS\SYSTEM32;C:\WINDOWS\WinSxS\amd64_microsoft.windows.common-controls_6595b64144ccf1df_6.0.26100.9278_none_3e0d1ba8e3303201;C:\Users\user5\.vscode\extensions\redhat.java-1.56.0-win32-x64\jre\21.0.12.1-win32-x86_64\bin\server;D:\gradle_cache\native\1def1411415f61bf3af743bc5b6707747c0891f09f0c88961ee8f79bc544acac\windows-amd64;D:\gradle_cache\native\0.2.5\x86_64-windows-gnu;D:\temp\native-platform3575233917430914739dir

VM Arguments:
jvm_args: --add-opens=java.base/java.lang=ALL-UNNAMED --add-opens=java.base/java.lang.invoke=ALL-UNNAMED --add-opens=java.base/java.util=ALL-UNNAMED --add-opens=java.prefs/java.util.prefs=ALL-UNNAMED --add-exports=jdk.compiler/com.sun.tools.javac.api=ALL-UNNAMED --add-exports=jdk.compiler/com.sun.tools.javac.util=ALL-UNNAMED --add-opens=java.base/java.util=ALL-UNNAMED --add-opens=java.prefs/java.util.prefs=ALL-UNNAMED --add-opens=java.base/java.nio.charset=ALL-UNNAMED --add-opens=java.base/java.net=ALL-UNNAMED --add-opens=java.base/java.util.concurrent.atomic=ALL-UNNAMED --add-opens=java.xml/javax.xml.namespace=ALL-UNNAMED -XX:MaxMetaspaceSize=512m -XX:ReservedCodeCacheSize=256m -XX:+HeapDumpOnOutOfMemoryError -Xmx2G -Dfile.encoding=UTF-8 -Duser.country=IN -Duser.language=en -Duser.variant -javaagent:D:\gradle_cache\wrapper\dists\gradle-8.12-all\ejduaidbjup3bmmkhw3rie4zb\gradle-8.12\lib\agents\gradle-instrumentation-agent-8.12.jar 
java_command: org.gradle.launcher.daemon.bootstrap.GradleDaemon 8.12
java_class_path (initial): D:\gradle_cache\wrapper\dists\gradle-8.12-all\ejduaidbjup3bmmkhw3rie4zb\gradle-8.12\lib\gradle-daemon-main-8.12.jar
Launcher Type: SUN_STANDARD

[Global flags]
     intx CICompilerCount                          = 4                                         {product} {ergonomic}
   size_t CompressedClassSpaceSize                 = 436207616                                 {product} {ergonomic}
     uint ConcGCThreads                            = 3                                         {product} {ergonomic}
     uint G1ConcRefinementThreads                  = 10                                        {product} {ergonomic}
   size_t G1HeapRegionSize                         = 1048576                                   {product} {ergonomic}
    uintx GCDrainStackTargetSize                   = 64                                        {product} {ergonomic}
     bool HeapDumpOnOutOfMemoryError               = true                                   {manageable} {command line}
   size_t InitialHeapSize                          = 130023424                                 {product} {ergonomic}
   size_t MarkStackSize                            = 4194304                                   {product} {ergonomic}
   size_t MaxHeapSize                              = 2147483648                                {product} {command line}
   size_t MaxMetaspaceSize                         = 536870912                                 {product} {command line}
   size_t MaxNewSize                               = 1287651328                                {product} {ergonomic}
   size_t MinHeapDeltaBytes                        = 1048576                                   {product} {ergonomic}
   size_t MinHeapSize                              = 8388608                                   {product} {ergonomic}
    uintx NonNMethodCodeHeapSize                   = 5839372                                {pd product} {ergonomic}
    uintx NonProfiledCodeHeapSize                  = 131298042                              {pd product} {ergonomic}
    uintx ProfiledCodeHeapSize                     = 131298042                              {pd product} {ergonomic}
    uintx ReservedCodeCacheSize                    = 268435456                              {pd product} {command line}
     bool SegmentedCodeCache                       = true                                      {product} {ergonomic}
   size_t SoftMaxHeapSize                          = 2147483648                             {manageable} {ergonomic}
     bool UseCompressedOops                        = true                           {product lp64_product} {ergonomic}
     bool UseG1GC                                  = true                                      {product} {ergonomic}
     bool UseLargePagesIndividualAllocation        = false                                  {pd product} {ergonomic}

Logging:
Log output configuration:
 #0: stdout all=warning uptime,level,tags foldmultilines=false
 #1: stderr all=off uptime,level,tags foldmultilines=false

Release file:
JAVA_VERSION="21.0.12.1" 
MODULES="java.base java.compiler java.datatransfer java.xml java.prefs java.desktop java.instrument java.logging java.management java.security.sasl java.naming java.rmi java.management.rmi java.net.http java.scripting java.security.jgss java.transaction.xa java.sql java.sql.rowset java.xml.crypto java.se java.smartcardio jdk.accessibility jdk.internal.jvmstat jdk.attach jdk.charsets jdk.internal.opt jdk.zipfs jdk.compiler jdk.crypto.ec jdk.crypto.cryptoki jdk.crypto.mscapi jdk.dynalink jdk.internal.ed jdk.editpad jdk.hotspot.agent jdk.httpserver jdk.internal.le jdk.internal.vm.ci jdk.internal.vm.compiler jdk.internal.vm.compiler.management jdk.jartool jdk.javadoc jdk.jcmd jdk.management jdk.management.agent jdk.jconsole jdk.jdeps jdk.jdwp.agent jdk.jdi jdk.jfr jdk.jshell jdk.jsobject jdk.jstatd jdk.localedata jdk.management.jfr jdk.naming.dns jdk.naming.rmi jdk.net jdk.nio.mapmode jdk.random jdk.sctp jdk.security.auth jdk.security.jgss jdk.unsupported jdk.unsupported.desktop jdk.xml.dom" 

Environment Variables:
PATH=C:\Program Files\Common Files\Oracle\Java\javapath;C:\windows\system32;C:\windows;C:\windows\System32\Wbem;C:\windows\System32\WindowsPowerShell\v1.0\;C:\windows\System32\OpenSSH\;C:\Program Files (x86)\NVIDIA Corporation\PhysX\Common;C:\Program Files\NVIDIA Corporation\NVIDIA NvDLISR;C:\Users\Administrator\AppData\Local\Microsoft\WindowsApps;C:\Program Files\HP\OMEN-Broadcast\Common;C:\WINDOWS\system32;C:\WINDOWS;C:\WINDOWS\System32\Wbem;C:\WINDOWS\System32\WindowsPowerShell\v1.0\;C:\WINDOWS\System32\OpenSSH\;C:\src\flutter\bin;C:\Users\user5\AppData\Local\Android\Sdk\platform-tools;C:\Program Files\MySQL\MySQL Server 8.0\bin;C:\Program Files\Git\cmd;C:\Program Files\Git\mingw64\bin;C:\src\flutter\bin;C:\Program Files\Git\usr\bin;C:\Program Files\nodejs\;C:\Program Files\MySQL\MySQL Shell 8.0\bin\;C:\Users\user5\AppData\Local\Microsoft\WindowsApps;C:\Users\user5\AppData\Local\Programs\Microsoft VS Code\bin;C:\MinGW\bin;C:\Program Files\JetBrains\IntelliJ IDEA Community Edition 2025.1.1.1\bin;C:\Program Files\Git\cmd;;C:\Users\user5\AppData\Local\Programs\Antigravity IDE\bin;C:\Users\user5\AppData\Roaming\npm
USERNAME=User
OS=Windows_NT
PROCESSOR_IDENTIFIER=Intel64 Family 6 Model 154 Stepping 3, GenuineIntel
TMP=D:\temp
TEMP=D:\temp




Periodic native trim disabled

---------------  S Y S T E M  ---------------

OS:
 Windows 11 , 64 bit Build 26100 (10.0.26100.9444)
OS uptime: 0 days 2:06 hours
Hyper-V role detected

CPU: total 12 (initial active 12) (6 cores per cpu, 2 threads per core) family 6 model 154 stepping 3 microcode 0x435, cx8, cmov, fxsr, ht, mmx, 3dnowpref, sse, sse2, sse3, ssse3, sse4.1, sse4.2, popcnt, lzcnt, tsc, tscinvbit, avx, avx2, aes, erms, clmul, bmi1, bmi2, adx, sha, fma, vzeroupper, clflush, clflushopt, clwb, hv, serialize, rdtscp, rdpid, fsrm, f16c, cet_ibt, cet_ss
Processor Information for the first 12 processors :
  Max Mhz: 2000, Current Mhz: 2000, Mhz Limit: 2000

Memory: 4k page, system-wide physical 7832M (286M free)
TotalPageFile size 28212M (AvailPageFile size 1M)
current process WorkingSet (physical memory assigned to process): 324M, peak: 392M
current process commit charge ("private bytes"): 555M, peak: 559M

vm_info: OpenJDK 64-Bit Server VM (21.0.12.1+1-LTS) for windows-amd64 JRE (21.0.12.1+1-LTS), built on 2026-08-18T00:00:00Z by "admin" with MS VC++ 17.12 (VS2022)

END.
