#
# There is insufficient memory for the Java Runtime Environment to continue.
# Native memory allocation (malloc) failed to allocate 990368 bytes. Error detail: Chunk::new
# Possible reasons:
#   The system is out of physical RAM or swap space
#   This process is running with CompressedOops enabled, and the Java Heap may be blocking the growth of the native heap
# Possible solutions:
#   Reduce memory load on the system
#   Increase physical memory or swap space
#   Check if swap backing store is full
#   Decrease Java heap size (-Xmx/-Xms)
#   Decrease number of Java threads
#   Decrease Java thread stack sizes (-Xss)
#   Set larger code cache with -XX:ReservedCodeCacheSize=
#   JVM is running with Unscaled Compressed Oops mode in which the Java heap is
#     placed in the first 4GB address space. The Java Heap base address is the
#     maximum limit for the native heap growth. Please use -XX:HeapBaseMinAddress
#     to set the Java Heap base and to place the Java Heap above 4GB virtual address.
# This output file may be truncated or incomplete.
#
#  Out of Memory Error (arena.cpp:168), pid=27924, tid=22724
#
# JRE version: OpenJDK Runtime Environment Temurin-21.0.12.1+1 (21.0.12.1+1) (build 21.0.12.1+1-LTS)
# Java VM: OpenJDK 64-Bit Server VM Temurin-21.0.12.1+1 (21.0.12.1+1-LTS, mixed mode, sharing, tiered, compressed oops, compressed class ptrs, g1 gc, windows-amd64)
# No core dump will be written. Minidumps are not enabled by default on client versions of Windows
#

---------------  S U M M A R Y ------------

Command Line: --add-opens=java.base/java.lang=ALL-UNNAMED --add-opens=java.base/java.lang.invoke=ALL-UNNAMED --add-opens=java.base/java.util=ALL-UNNAMED --add-opens=java.prefs/java.util.prefs=ALL-UNNAMED --add-exports=jdk.compiler/com.sun.tools.javac.api=ALL-UNNAMED --add-exports=jdk.compiler/com.sun.tools.javac.util=ALL-UNNAMED --add-opens=java.base/java.util=ALL-UNNAMED --add-opens=java.prefs/java.util.prefs=ALL-UNNAMED --add-opens=java.base/java.nio.charset=ALL-UNNAMED --add-opens=java.base/java.net=ALL-UNNAMED --add-opens=java.base/java.util.concurrent.atomic=ALL-UNNAMED --add-opens=java.xml/javax.xml.namespace=ALL-UNNAMED -XX:MaxMetaspaceSize=512m -XX:ReservedCodeCacheSize=256m -XX:+HeapDumpOnOutOfMemoryError -Xmx2G -Dfile.encoding=UTF-8 -Duser.country=IN -Duser.language=en -Duser.variant -javaagent:D:\gradle_cache\wrapper\dists\gradle-8.12-all\ejduaidbjup3bmmkhw3rie4zb\gradle-8.12\lib\agents\gradle-instrumentation-agent-8.12.jar org.gradle.launcher.daemon.bootstrap.GradleDaemon 8.12

Host: 12th Gen Intel(R) Core(TM) i5-12450H, 12 cores, 7G,  Windows 11 , 64 bit Build 26100 (10.0.26100.9444)
Time: Sun Sep 13 18:19:54 2026 India Standard Time elapsed time: 124.394688 seconds (0d 0h 2m 4s)

---------------  T H R E A D  ---------------

Current thread (0x0000024384ba4150):  JavaThread "C2 CompilerThread0" daemon [_thread_in_native, id=22724, stack(0x0000005ad0d00000,0x0000005ad0e00000) (1024K)]


Current CompileTask:
C2:124394 16174       4       org.gradle.internal.instantiation.generator.ManagedObjectFactory::newInstance (186 bytes)

Stack: [0x0000005ad0d00000,0x0000005ad0e00000]
Native frames: (J=compiled Java code, j=interpreted, Vv=VM code, C=native code)
V  [jvm.dll+0x6d83e9]
V  [jvm.dll+0x8b5736]
V  [jvm.dll+0x8b7cee]
V  [jvm.dll+0x8b83d3]
V  [jvm.dll+0x284596]
V  [jvm.dll+0xc685d]
V  [jvm.dll+0xc6da1]
V  [jvm.dll+0x3bf18b]
V  [jvm.dll+0x38b6d2]
V  [jvm.dll+0x38ab1a]
V  [jvm.dll+0x24c700]
V  [jvm.dll+0x24bce0]
V  [jvm.dll+0x1cb4ae]
V  [jvm.dll+0x25baad]
V  [jvm.dll+0x25a03a]
V  [jvm.dll+0x3f8aae]
V  [jvm.dll+0x8600cd]
V  [jvm.dll+0x6d6c1d]
C  [ucrtbase.dll+0x2cd30]
C  [KERNEL32.DLL+0x2cd87]
C  [ntdll.dll+0xacaec]


---------------  P R O C E S S  ---------------

Threads class SMR info:
_java_thread_list=0x00000243b09e7080, length=177, elements={
0x00000243e9abae90, 0x0000024384b89060, 0x0000024384b89bc0, 0x0000024384ba0080,
0x0000024384ba1af0, 0x0000024384ba2550, 0x0000024384ba2fb0, 0x0000024384ba4150,
0x0000024384bb0ea0, 0x0000024384e4f3f0, 0x0000024384e72100, 0x00000243a57cde60,
0x00000243a579cb40, 0x00000243a59d4790, 0x00000243a59cfe50, 0x00000243a5a03000,
0x00000243a595c170, 0x00000243a59abcf0, 0x00000243a59aeae0, 0x00000243a59ab660,
0x00000243a59ac380, 0x00000243a59ad0a0, 0x00000243a59addc0, 0x00000243a59ae450,
0x00000243a59aca10, 0x00000243a5fccee0, 0x00000243a5fcd570, 0x00000243a5fcdc00,
0x00000243a5fcbb30, 0x00000243a5fcefb0, 0x00000243a5fcf640, 0x00000243a5fcc1c0,
0x00000243a5fcfcd0, 0x00000243a5fd2ac0, 0x00000243a5fd2430, 0x00000243a5fd1080,
0x00000243a670a9f0, 0x00000243a6707570, 0x00000243a670a360, 0x00000243a6707c00,
0x00000243a670b710, 0x00000243a6708290, 0x00000243a6709cd0, 0x00000243a6709640,
0x00000243a670bda0, 0x00000243a670b080, 0x00000243a6708920, 0x00000243a670c430,
0x00000243a6708fb0, 0x00000243a670d7e0, 0x00000243a670de70, 0x00000243a670e500,
0x00000243a670eb90, 0x00000243a670cac0, 0x00000243a670d150, 0x00000243a4cb1d50,
0x00000243a4cb44b0, 0x00000243a4cb23e0, 0x00000243a4cb1030, 0x00000243a4cb4b40,
0x00000243a4cb2a70, 0x00000243a4cb16c0, 0x00000243a4cb5860, 0x00000243a4cb51d0,
0x00000243a4cb5ef0, 0x00000243a4cb6580, 0x00000243a4cb3100, 0x00000243a4cb6c10,
0x00000243a4cb72a0, 0x00000243a4cb7fc0, 0x00000243a853ce40, 0x00000243a853ef10,
0x00000243a853e1f0, 0x00000243a853e880, 0x00000243a853f5a0, 0x00000243a853d4d0,
0x00000243a853fc30, 0x00000243a85402c0, 0x00000243a8540950, 0x00000243a8540fe0,
0x00000243a853db60, 0x00000243a8542a20, 0x00000243a8544460, 0x00000243a8543740,
0x00000243a8541670, 0x00000243a85430b0, 0x00000243a8543dd0, 0x00000243a8541d00,
0x00000243a8542390, 0x00000243a8453c50, 0x00000243a8454970, 0x00000243a8451b80,
0x00000243a84535c0, 0x00000243a84542e0, 0x00000243a8455000, 0x00000243a84528a0,
0x00000243a8455690, 0x00000243a8452210, 0x00000243a8455d20, 0x00000243a84563b0,
0x00000243a8452f30, 0x00000243a8456a40, 0x00000243a84570d0, 0x00000243a8458480,
0x00000243a8457760, 0x00000243a8457df0, 0x00000243a84591a0, 0x00000243a8458b10,
0x0000024384cbeac0, 0x0000024384cbc9f0, 0x0000024384cbe430, 0x0000024384cbd080,
0x0000024384cbc360, 0x0000024384cbbcd0, 0x0000024384cbd710, 0x0000024384cbb640,
0x0000024384cbf7e0, 0x0000024384cbfe70, 0x0000024384cc0500, 0x0000024384cbdda0,
0x0000024384cc25d0, 0x0000024384cbf150, 0x0000024384cc2c60, 0x0000024384cc0b90,
0x0000024384cc18b0, 0x0000024384cc1f40, 0x0000024384cc1220, 0x00000243a5f65a90,
0x00000243a5f667b0, 0x00000243a5f674d0, 0x00000243a5f64d70, 0x00000243a5f64050,
0x00000243a5f66120, 0x00000243a5f646e0, 0x00000243a5f65400, 0x00000243a5f66e40,
0x00000243a7c29d10, 0x00000243a7c29680, 0x00000243a7c28960, 0x00000243a7c2b0c0,
0x00000243a7c2bde0, 0x00000243a7c2d820, 0x00000243a7c2c470, 0x00000243a7c2deb0,
0x00000243a7c2cb00, 0x00000243a7c2aa30, 0x00000243a7c2d190, 0x00000243a7c2e540,
0x00000243a7c2b750, 0x00000243a7c2ebd0, 0x00000243a942e740, 0x00000243a942edd0,
0x00000243a9431530, 0x00000243a8804d40, 0x00000243a88060f0, 0x00000243a8806e10,
0x00000243a88074a0, 0x00000243a8807b30, 0x00000243a88081c0, 0x00000243a8808ee0,
0x00000243a8809570, 0x00000243a9430180, 0x00000243a9433c90, 0x00000243a9430810,
0x00000243a94363f0, 0x00000243a9434320, 0x00000243a9436a80, 0x00000243a9435d60,
0x00000243a94356d0, 0x00000243a9439f00, 0x00000243a943a590, 0x00000243a94391e0,
0x00000243a943ac20, 0x00000243a94377a0, 0x00000243a9438b50, 0x00000243af3925a0,
0x00000243af38d050
}

Java Threads: ( => current thread )
  0x00000243e9abae90 JavaThread "main"                              [_thread_blocked, id=36292, stack(0x0000005acff00000,0x0000005ad0000000) (1024K)]
  0x0000024384b89060 JavaThread "Reference Handler"          daemon [_thread_blocked, id=8844, stack(0x0000005ad0700000,0x0000005ad0800000) (1024K)]
  0x0000024384b89bc0 JavaThread "Finalizer"                  daemon [_thread_blocked, id=32240, stack(0x0000005ad0800000,0x0000005ad0900000) (1024K)]
  0x0000024384ba0080 JavaThread "Signal Dispatcher"          daemon [_thread_blocked, id=36856, stack(0x0000005ad0900000,0x0000005ad0a00000) (1024K)]
  0x0000024384ba1af0 JavaThread "Attach Listener"            daemon [_thread_blocked, id=34976, stack(0x0000005ad0a00000,0x0000005ad0b00000) (1024K)]
  0x0000024384ba2550 JavaThread "Service Thread"             daemon [_thread_blocked, id=19840, stack(0x0000005ad0b00000,0x0000005ad0c00000) (1024K)]
  0x0000024384ba2fb0 JavaThread "Monitor Deflation Thread"   daemon [_thread_blocked, id=27588, stack(0x0000005ad0c00000,0x0000005ad0d00000) (1024K)]
=>0x0000024384ba4150 JavaThread "C2 CompilerThread0"         daemon [_thread_in_native, id=22724, stack(0x0000005ad0d00000,0x0000005ad0e00000) (1024K)]
  0x0000024384bb0ea0 JavaThread "C1 CompilerThread0"         daemon [_thread_blocked, id=24648, stack(0x0000005ad0e00000,0x0000005ad0f00000) (1024K)]
  0x0000024384e4f3f0 JavaThread "Common-Cleaner"             daemon [_thread_blocked, id=36152, stack(0x0000005ad0f00000,0x0000005ad1000000) (1024K)]
  0x0000024384e72100 JavaThread "Notification Thread"        daemon [_thread_blocked, id=15352, stack(0x0000005ad1000000,0x0000005ad1100000) (1024K)]
  0x00000243a57cde60 JavaThread "Daemon health stats"               [_thread_blocked, id=31656, stack(0x0000005ad1800000,0x0000005ad1900000) (1024K)]
  0x00000243a579cb40 JavaThread "Incoming local TCP Connector on port 55848"        [_thread_in_native, id=34552, stack(0x0000005ad1a00000,0x0000005ad1b00000) (1024K)]
  0x00000243a59d4790 JavaThread "Daemon periodic checks"            [_thread_blocked, id=27932, stack(0x0000005ad1b00000,0x0000005ad1c00000) (1024K)]
  0x00000243a59cfe50 JavaThread "Daemon"                            [_thread_blocked, id=31396, stack(0x0000005ad1c00000,0x0000005ad1d00000) (1024K)]
  0x00000243a5a03000 JavaThread "Handler for socket connection from /127.0.0.1:55848 to /127.0.0.1:55850"        [_thread_in_native, id=26596, stack(0x0000005ad1d00000,0x0000005ad1e00000) (1024K)]
  0x00000243a595c170 JavaThread "Cancel handler"                    [_thread_blocked, id=2952, stack(0x0000005ad1e00000,0x0000005ad1f00000) (1024K)]
  0x00000243a59abcf0 JavaThread "Daemon worker"                     [_thread_in_Java, id=36680, stack(0x0000005ad1f00000,0x0000005ad2000000) (1024K)]
  0x00000243a59aeae0 JavaThread "Asynchronous log dispatcher for DefaultDaemonConnection: socket connection from /127.0.0.1:55848 to /127.0.0.1:55850"        [_thread_blocked, id=35468, stack(0x0000005ad2000000,0x0000005ad2100000) (1024K)]
  0x00000243a59ab660 JavaThread "Stdin handler"                     [_thread_blocked, id=36236, stack(0x0000005ad2100000,0x0000005ad2200000) (1024K)]
  0x00000243a59ac380 JavaThread "Daemon client event forwarder"        [_thread_blocked, id=29640, stack(0x0000005ad2200000,0x0000005ad2300000) (1024K)]
  0x00000243a59ad0a0 JavaThread "Cache worker for journal cache (D:\gradle_cache\caches\journal-1)"        [_thread_blocked, id=32112, stack(0x0000005ad1900000,0x0000005ad1a00000) (1024K)]
  0x00000243a59addc0 JavaThread "File lock request listener"        [_thread_in_native, id=29016, stack(0x0000005ad2300000,0x0000005ad2400000) (1024K)]
  0x00000243a59ae450 JavaThread "Cache worker for file hash cache (D:\gradle_cache\caches\8.12\fileHashes)"        [_thread_blocked, id=23072, stack(0x0000005ad2400000,0x0000005ad2500000) (1024K)]
  0x00000243a59aca10 JavaThread "File lock release action executor"        [_thread_blocked, id=34952, stack(0x0000005ad2500000,0x0000005ad2600000) (1024K)]
  0x00000243a5fccee0 JavaThread "Cache worker for file hash cache (D:\pranjal\electricity_billing\mobile\android\.gradle\8.12\fileHashes)"        [_thread_blocked, id=35720, stack(0x0000005ad2a00000,0x0000005ad2b00000) (1024K)]
  0x00000243a5fcd570 JavaThread "Cache worker for Build Output Cleanup Cache (D:\pranjal\electricity_billing\mobile\android\.gradle\buildOutputCleanup)"        [_thread_blocked, id=28104, stack(0x0000005ad2b00000,0x0000005ad2c00000) (1024K)]
  0x00000243a5fcdc00 JavaThread "File watcher server"        daemon [_thread_in_native, id=23212, stack(0x0000005ad2c00000,0x0000005ad2d00000) (1024K)]
  0x00000243a5fcbb30 JavaThread "File watcher consumer"      daemon [_thread_blocked, id=22304, stack(0x0000005ad2d00000,0x0000005ad2e00000) (1024K)]
  0x00000243a5fcefb0 JavaThread "Cache worker for checksums cache (D:\pranjal\electricity_billing\mobile\android\.gradle\8.12\checksums)"        [_thread_blocked, id=18024, stack(0x0000005ad2e00000,0x0000005ad2f00000) (1024K)]
  0x00000243a5fcf640 JavaThread "Cache worker for file content cache (D:\gradle_cache\caches\8.12\fileContent)"        [_thread_blocked, id=29500, stack(0x0000005ad2f00000,0x0000005ad3000000) (1024K)]
  0x00000243a5fcc1c0 JavaThread "Cache worker for cache directory md-rule (D:\gradle_cache\caches\8.12\md-rule)"        [_thread_blocked, id=32792, stack(0x0000005ad3000000,0x0000005ad3100000) (1024K)]
  0x00000243a5fcfcd0 JavaThread "Cache worker for cache directory md-supplier (D:\gradle_cache\caches\8.12\md-supplier)"        [_thread_blocked, id=32376, stack(0x0000005ad3100000,0x0000005ad3200000) (1024K)]
  0x00000243a5fd2ac0 JavaThread "Cache worker for Build Output Cleanup Cache (C:\src\flutter\packages\flutter_tools\gradle\.gradle\buildOutputCleanup)"        [_thread_blocked, id=28784, stack(0x0000005ad3200000,0x0000005ad3300000) (1024K)]
  0x00000243a5fd2430 JavaThread "Unconstrained build operations"        [_thread_blocked, id=19912, stack(0x0000005ad3300000,0x0000005ad3400000) (1024K)]
  0x00000243a5fd1080 JavaThread "Unconstrained build operations Thread 2"        [_thread_blocked, id=24728, stack(0x0000005ad3400000,0x0000005ad3500000) (1024K)]
  0x00000243a670a9f0 JavaThread "Unconstrained build operations Thread 3"        [_thread_blocked, id=29656, stack(0x0000005ad3500000,0x0000005ad3600000) (1024K)]
  0x00000243a6707570 JavaThread "Unconstrained build operations Thread 4"        [_thread_blocked, id=30820, stack(0x0000005ad3600000,0x0000005ad3700000) (1024K)]
  0x00000243a670a360 JavaThread "Unconstrained build operations Thread 5"        [_thread_blocked, id=3644, stack(0x0000005ad3700000,0x0000005ad3800000) (1024K)]
  0x00000243a6707c00 JavaThread "Unconstrained build operations Thread 6"        [_thread_blocked, id=31004, stack(0x0000005ad3800000,0x0000005ad3900000) (1024K)]
  0x00000243a670b710 JavaThread "Unconstrained build operations Thread 7"        [_thread_blocked, id=19656, stack(0x0000005ad3900000,0x0000005ad3a00000) (1024K)]
  0x00000243a6708290 JavaThread "Unconstrained build operations Thread 8"        [_thread_blocked, id=23012, stack(0x0000005ad3a00000,0x0000005ad3b00000) (1024K)]
  0x00000243a6709cd0 JavaThread "Unconstrained build operations Thread 9"        [_thread_blocked, id=29448, stack(0x0000005ad3b00000,0x0000005ad3c00000) (1024K)]
  0x00000243a6709640 JavaThread "Unconstrained build operations Thread 10"        [_thread_blocked, id=30828, stack(0x0000005ad3c00000,0x0000005ad3d00000) (1024K)]
  0x00000243a670bda0 JavaThread "Unconstrained build operations Thread 11"        [_thread_blocked, id=5712, stack(0x0000005ad3d00000,0x0000005ad3e00000) (1024K)]
  0x00000243a670b080 JavaThread "Unconstrained build operations Thread 12"        [_thread_blocked, id=37728, stack(0x0000005ad3e00000,0x0000005ad3f00000) (1024K)]
  0x00000243a6708920 JavaThread "Unconstrained build operations Thread 13"        [_thread_blocked, id=27820, stack(0x0000005ad3f00000,0x0000005ad4000000) (1024K)]
  0x00000243a670c430 JavaThread "Unconstrained build operations Thread 14"        [_thread_blocked, id=28052, stack(0x0000005ad4000000,0x0000005ad4100000) (1024K)]
  0x00000243a6708fb0 JavaThread "Unconstrained build operations Thread 15"        [_thread_blocked, id=32948, stack(0x0000005ad4100000,0x0000005ad4200000) (1024K)]
  0x00000243a670d7e0 JavaThread "Unconstrained build operations Thread 16"        [_thread_blocked, id=34112, stack(0x0000005ad4200000,0x0000005ad4300000) (1024K)]
  0x00000243a670de70 JavaThread "Unconstrained build operations Thread 17"        [_thread_blocked, id=36628, stack(0x0000005ad4300000,0x0000005ad4400000) (1024K)]
  0x00000243a670e500 JavaThread "Unconstrained build operations Thread 18"        [_thread_blocked, id=21716, stack(0x0000005ad4400000,0x0000005ad4500000) (1024K)]
  0x00000243a670eb90 JavaThread "Unconstrained build operations Thread 19"        [_thread_blocked, id=10800, stack(0x0000005ad4500000,0x0000005ad4600000) (1024K)]
  0x00000243a670cac0 JavaThread "Unconstrained build operations Thread 20"        [_thread_blocked, id=16180, stack(0x0000005ad4600000,0x0000005ad4700000) (1024K)]
  0x00000243a670d150 JavaThread "Unconstrained build operations Thread 21"        [_thread_blocked, id=5440, stack(0x0000005ad4700000,0x0000005ad4800000) (1024K)]
  0x00000243a4cb1d50 JavaThread "Unconstrained build operations Thread 22"        [_thread_blocked, id=23304, stack(0x0000005ad4800000,0x0000005ad4900000) (1024K)]
  0x00000243a4cb44b0 JavaThread "Unconstrained build operations Thread 23"        [_thread_blocked, id=2696, stack(0x0000005ad4a00000,0x0000005ad4b00000) (1024K)]
  0x00000243a4cb23e0 JavaThread "Unconstrained build operations Thread 24"        [_thread_blocked, id=30980, stack(0x0000005ad4b00000,0x0000005ad4c00000) (1024K)]
  0x00000243a4cb1030 JavaThread "Unconstrained build operations Thread 25"        [_thread_blocked, id=34044, stack(0x0000005ad4c00000,0x0000005ad4d00000) (1024K)]
  0x00000243a4cb4b40 JavaThread "Unconstrained build operations Thread 26"        [_thread_blocked, id=19904, stack(0x0000005ad4d00000,0x0000005ad4e00000) (1024K)]
  0x00000243a4cb2a70 JavaThread "Unconstrained build operations Thread 27"        [_thread_blocked, id=28620, stack(0x0000005ad4e00000,0x0000005ad4f00000) (1024K)]
  0x00000243a4cb16c0 JavaThread "Unconstrained build operations Thread 28"        [_thread_blocked, id=31212, stack(0x0000005ad4f00000,0x0000005ad5000000) (1024K)]
  0x00000243a4cb5860 JavaThread "Unconstrained build operations Thread 29"        [_thread_blocked, id=6544, stack(0x0000005ad5000000,0x0000005ad5100000) (1024K)]
  0x00000243a4cb51d0 JavaThread "Unconstrained build operations Thread 30"        [_thread_blocked, id=14800, stack(0x0000005ad5100000,0x0000005ad5200000) (1024K)]
  0x00000243a4cb5ef0 JavaThread "Unconstrained build operations Thread 31"        [_thread_blocked, id=25348, stack(0x0000005ad5200000,0x0000005ad5300000) (1024K)]
  0x00000243a4cb6580 JavaThread "Unconstrained build operations Thread 32"        [_thread_blocked, id=24484, stack(0x0000005ad5300000,0x0000005ad5400000) (1024K)]
  0x00000243a4cb3100 JavaThread "Unconstrained build operations Thread 33"        [_thread_blocked, id=35480, stack(0x0000005ad5400000,0x0000005ad5500000) (1024K)]
  0x00000243a4cb6c10 JavaThread "Memory manager"                    [_thread_blocked, id=11720, stack(0x0000005ad5500000,0x0000005ad5600000) (1024K)]
  0x00000243a4cb72a0 JavaThread "build event listener"              [_thread_blocked, id=31048, stack(0x0000005ad4900000,0x0000005ad4a00000) (1024K)]
  0x00000243a4cb7fc0 JavaThread "Execution worker"                  [_thread_blocked, id=37448, stack(0x0000005ad5700000,0x0000005ad5800000) (1024K)]
  0x00000243a853ce40 JavaThread "Execution worker Thread 2"         [_thread_blocked, id=34520, stack(0x0000005ad5800000,0x0000005ad5900000) (1024K)]
  0x00000243a853ef10 JavaThread "Execution worker Thread 3"         [_thread_blocked, id=31252, stack(0x0000005ad5900000,0x0000005ad5a00000) (1024K)]
  0x00000243a853e1f0 JavaThread "Execution worker Thread 4"         [_thread_blocked, id=15564, stack(0x0000005ad5a00000,0x0000005ad5b00000) (1024K)]
  0x00000243a853e880 JavaThread "Execution worker Thread 5"         [_thread_blocked, id=36612, stack(0x0000005ad5b00000,0x0000005ad5c00000) (1024K)]
  0x00000243a853f5a0 JavaThread "Execution worker Thread 6"         [_thread_blocked, id=21696, stack(0x0000005ad5c00000,0x0000005ad5d00000) (1024K)]
  0x00000243a853d4d0 JavaThread "Execution worker Thread 7"         [_thread_blocked, id=31912, stack(0x0000005ad5d00000,0x0000005ad5e00000) (1024K)]
  0x00000243a853fc30 JavaThread "Execution worker Thread 8"         [_thread_blocked, id=22388, stack(0x0000005ad5e00000,0x0000005ad5f00000) (1024K)]
  0x00000243a85402c0 JavaThread "Execution worker Thread 9"         [_thread_blocked, id=35444, stack(0x0000005ad5f00000,0x0000005ad6000000) (1024K)]
  0x00000243a8540950 JavaThread "Execution worker Thread 10"        [_thread_blocked, id=19960, stack(0x0000005ad6000000,0x0000005ad6100000) (1024K)]
  0x00000243a8540fe0 JavaThread "Execution worker Thread 11"        [_thread_blocked, id=35736, stack(0x0000005ad6100000,0x0000005ad6200000) (1024K)]
  0x00000243a853db60 JavaThread "Cache worker for execution history cache (C:\src\flutter\packages\flutter_tools\gradle\.gradle\8.12\executionHistory)"        [_thread_blocked, id=35116, stack(0x0000005ad6200000,0x0000005ad6300000) (1024K)]
  0x00000243a8542a20 JavaThread "Unconstrained build operations Thread 34"        [_thread_blocked, id=37788, stack(0x0000005ad6300000,0x0000005ad6400000) (1024K)]
  0x00000243a8544460 JavaThread "Unconstrained build operations Thread 35"        [_thread_blocked, id=34788, stack(0x0000005ad6400000,0x0000005ad6500000) (1024K)]
  0x00000243a8543740 JavaThread "Unconstrained build operations Thread 36"        [_thread_blocked, id=4088, stack(0x0000005ad6500000,0x0000005ad6600000) (1024K)]
  0x00000243a8541670 JavaThread "Unconstrained build operations Thread 37"        [_thread_blocked, id=30748, stack(0x0000005ad6600000,0x0000005ad6700000) (1024K)]
  0x00000243a85430b0 JavaThread "Unconstrained build operations Thread 38"        [_thread_blocked, id=4948, stack(0x0000005ad6700000,0x0000005ad6800000) (1024K)]
  0x00000243a8543dd0 JavaThread "Unconstrained build operations Thread 39"        [_thread_blocked, id=7268, stack(0x0000005ad6800000,0x0000005ad6900000) (1024K)]
  0x00000243a8541d00 JavaThread "Unconstrained build operations Thread 40"        [_thread_blocked, id=29688, stack(0x0000005ad6900000,0x0000005ad6a00000) (1024K)]
  0x00000243a8542390 JavaThread "Unconstrained build operations Thread 41"        [_thread_blocked, id=33216, stack(0x0000005ad6a00000,0x0000005ad6b00000) (1024K)]
  0x00000243a8453c50 JavaThread "Unconstrained build operations Thread 42"        [_thread_blocked, id=31448, stack(0x0000005ad6b00000,0x0000005ad6c00000) (1024K)]
  0x00000243a8454970 JavaThread "Unconstrained build operations Thread 43"        [_thread_blocked, id=19776, stack(0x0000005ad6c00000,0x0000005ad6d00000) (1024K)]
  0x00000243a8451b80 JavaThread "Unconstrained build operations Thread 44"        [_thread_blocked, id=24960, stack(0x0000005ad6d00000,0x0000005ad6e00000) (1024K)]
  0x00000243a84535c0 JavaThread "Unconstrained build operations Thread 45"        [_thread_blocked, id=13472, stack(0x0000005ad6e00000,0x0000005ad6f00000) (1024K)]
  0x00000243a84542e0 JavaThread "Unconstrained build operations Thread 46"        [_thread_blocked, id=25324, stack(0x0000005ad6f00000,0x0000005ad7000000) (1024K)]
  0x00000243a8455000 JavaThread "Unconstrained build operations Thread 47"        [_thread_blocked, id=13060, stack(0x0000005ad7000000,0x0000005ad7100000) (1024K)]
  0x00000243a84528a0 JavaThread "Unconstrained build operations Thread 48"        [_thread_blocked, id=26612, stack(0x0000005ad7100000,0x0000005ad7200000) (1024K)]
  0x00000243a8455690 JavaThread "Unconstrained build operations Thread 49"        [_thread_blocked, id=30848, stack(0x0000005ad7200000,0x0000005ad7300000) (1024K)]
  0x00000243a8452210 JavaThread "Unconstrained build operations Thread 50"        [_thread_blocked, id=15996, stack(0x0000005ad7300000,0x0000005ad7400000) (1024K)]
  0x00000243a8455d20 JavaThread "Unconstrained build operations Thread 51"        [_thread_blocked, id=6244, stack(0x0000005ad7400000,0x0000005ad7500000) (1024K)]
  0x00000243a84563b0 JavaThread "Unconstrained build operations Thread 52"        [_thread_blocked, id=29776, stack(0x0000005ad7500000,0x0000005ad7600000) (1024K)]
  0x00000243a8452f30 JavaThread "Unconstrained build operations Thread 53"        [_thread_blocked, id=2460, stack(0x0000005ad7600000,0x0000005ad7700000) (1024K)]
  0x00000243a8456a40 JavaThread "Unconstrained build operations Thread 54"        [_thread_blocked, id=30680, stack(0x0000005ad7700000,0x0000005ad7800000) (1024K)]
  0x00000243a84570d0 JavaThread "Unconstrained build operations Thread 55"        [_thread_blocked, id=32612, stack(0x0000005ad7800000,0x0000005ad7900000) (1024K)]
  0x00000243a8458480 JavaThread "Unconstrained build operations Thread 56"        [_thread_blocked, id=5820, stack(0x0000005ad7900000,0x0000005ad7a00000) (1024K)]
  0x00000243a8457760 JavaThread "Unconstrained build operations Thread 57"        [_thread_blocked, id=37376, stack(0x0000005ad7a00000,0x0000005ad7b00000) (1024K)]
  0x00000243a8457df0 JavaThread "Unconstrained build operations Thread 58"        [_thread_blocked, id=20996, stack(0x0000005ad7b00000,0x0000005ad7c00000) (1024K)]
  0x00000243a84591a0 JavaThread "Unconstrained build operations Thread 59"        [_thread_blocked, id=11228, stack(0x0000005ad7c00000,0x0000005ad7d00000) (1024K)]
  0x00000243a8458b10 JavaThread "Unconstrained build operations Thread 60"        [_thread_blocked, id=30788, stack(0x0000005ad7d00000,0x0000005ad7e00000) (1024K)]
  0x0000024384cbeac0 JavaThread "Unconstrained build operations Thread 61"        [_thread_blocked, id=24404, stack(0x0000005ad7e00000,0x0000005ad7f00000) (1024K)]
  0x0000024384cbc9f0 JavaThread "Unconstrained build operations Thread 62"        [_thread_blocked, id=32460, stack(0x0000005ad7f00000,0x0000005ad8000000) (1024K)]
  0x0000024384cbe430 JavaThread "Unconstrained build operations Thread 63"        [_thread_blocked, id=6688, stack(0x0000005ad8000000,0x0000005ad8100000) (1024K)]
  0x0000024384cbd080 JavaThread "Unconstrained build operations Thread 64"        [_thread_blocked, id=34404, stack(0x0000005ad8100000,0x0000005ad8200000) (1024K)]
  0x0000024384cbc360 JavaThread "Unconstrained build operations Thread 65"        [_thread_blocked, id=14080, stack(0x0000005ad8200000,0x0000005ad8300000) (1024K)]
  0x0000024384cbbcd0 JavaThread "Unconstrained build operations Thread 66"        [_thread_blocked, id=4244, stack(0x0000005ad8300000,0x0000005ad8400000) (1024K)]
  0x0000024384cbd710 JavaThread "Unconstrained build operations Thread 67"        [_thread_blocked, id=21412, stack(0x0000005ad8400000,0x0000005ad8500000) (1024K)]
  0x0000024384cbb640 JavaThread "Unconstrained build operations Thread 68"        [_thread_blocked, id=26524, stack(0x0000005ad8500000,0x0000005ad8600000) (1024K)]
  0x0000024384cbf7e0 JavaThread "Unconstrained build operations Thread 69"        [_thread_blocked, id=12512, stack(0x0000005ad8600000,0x0000005ad8700000) (1024K)]
  0x0000024384cbfe70 JavaThread "Unconstrained build operations Thread 70"        [_thread_blocked, id=30160, stack(0x0000005ad8700000,0x0000005ad8800000) (1024K)]
  0x0000024384cc0500 JavaThread "Unconstrained build operations Thread 71"        [_thread_blocked, id=25916, stack(0x0000005ad8800000,0x0000005ad8900000) (1024K)]
  0x0000024384cbdda0 JavaThread "Unconstrained build operations Thread 72"        [_thread_blocked, id=29504, stack(0x0000005ad8900000,0x0000005ad8a00000) (1024K)]
  0x0000024384cc25d0 JavaThread "Unconstrained build operations Thread 73"        [_thread_blocked, id=5200, stack(0x0000005ad8a00000,0x0000005ad8b00000) (1024K)]
  0x0000024384cbf150 JavaThread "Unconstrained build operations Thread 74"        [_thread_blocked, id=35328, stack(0x0000005ad8b00000,0x0000005ad8c00000) (1024K)]
  0x0000024384cc2c60 JavaThread "Unconstrained build operations Thread 75"        [_thread_blocked, id=36108, stack(0x0000005ad8c00000,0x0000005ad8d00000) (1024K)]
  0x0000024384cc0b90 JavaThread "Unconstrained build operations Thread 76"        [_thread_blocked, id=28996, stack(0x0000005ad8d00000,0x0000005ad8e00000) (1024K)]
  0x0000024384cc18b0 JavaThread "Unconstrained build operations Thread 77"        [_thread_blocked, id=26756, stack(0x0000005ad8e00000,0x0000005ad8f00000) (1024K)]
  0x0000024384cc1f40 JavaThread "Unconstrained build operations Thread 78"        [_thread_blocked, id=22160, stack(0x0000005ad8f00000,0x0000005ad9000000) (1024K)]
  0x0000024384cc1220 JavaThread "Unconstrained build operations Thread 79"        [_thread_blocked, id=11632, stack(0x0000005ad9000000,0x0000005ad9100000) (1024K)]
  0x00000243a5f65a90 JavaThread "Unconstrained build operations Thread 80"        [_thread_blocked, id=19112, stack(0x0000005ad9100000,0x0000005ad9200000) (1024K)]
  0x00000243a5f667b0 JavaThread "Unconstrained build operations Thread 81"        [_thread_blocked, id=22416, stack(0x0000005ad9200000,0x0000005ad9300000) (1024K)]
  0x00000243a5f674d0 JavaThread "Unconstrained build operations Thread 82"        [_thread_blocked, id=36472, stack(0x0000005ad9300000,0x0000005ad9400000) (1024K)]
  0x00000243a5f64d70 JavaThread "Unconstrained build operations Thread 83"        [_thread_blocked, id=32692, stack(0x0000005ad9400000,0x0000005ad9500000) (1024K)]
  0x00000243a5f64050 JavaThread "Unconstrained build operations Thread 84"        [_thread_blocked, id=21172, stack(0x0000005ad9500000,0x0000005ad9600000) (1024K)]
  0x00000243a5f66120 JavaThread "Unconstrained build operations Thread 85"        [_thread_blocked, id=35676, stack(0x0000005ad9600000,0x0000005ad9700000) (1024K)]
  0x00000243a5f646e0 JavaThread "Unconstrained build operations Thread 86"        [_thread_blocked, id=16276, stack(0x0000005ad9700000,0x0000005ad9800000) (1024K)]
  0x00000243a5f65400 JavaThread "Unconstrained build operations Thread 87"        [_thread_blocked, id=8232, stack(0x0000005ad9800000,0x0000005ad9900000) (1024K)]
  0x00000243a5f66e40 JavaThread "Unconstrained build operations Thread 88"        [_thread_blocked, id=22576, stack(0x0000005ad9900000,0x0000005ad9a00000) (1024K)]
  0x00000243a7c29d10 JavaThread "Unconstrained build operations Thread 89"        [_thread_blocked, id=22888, stack(0x0000005ad9a00000,0x0000005ad9b00000) (1024K)]
  0x00000243a7c29680 JavaThread "Unconstrained build operations Thread 90"        [_thread_blocked, id=25204, stack(0x0000005ad9b00000,0x0000005ad9c00000) (1024K)]
  0x00000243a7c28960 JavaThread "Unconstrained build operations Thread 91"        [_thread_blocked, id=4140, stack(0x0000005ad9c00000,0x0000005ad9d00000) (1024K)]
  0x00000243a7c2b0c0 JavaThread "Unconstrained build operations Thread 92"        [_thread_blocked, id=13144, stack(0x0000005ad9d00000,0x0000005ad9e00000) (1024K)]
  0x00000243a7c2bde0 JavaThread "Unconstrained build operations Thread 93"        [_thread_blocked, id=15460, stack(0x0000005ad9e00000,0x0000005ad9f00000) (1024K)]
  0x00000243a7c2d820 JavaThread "Unconstrained build operations Thread 94"        [_thread_blocked, id=22064, stack(0x0000005ad9f00000,0x0000005ada000000) (1024K)]
  0x00000243a7c2c470 JavaThread "Unconstrained build operations Thread 95"        [_thread_blocked, id=27844, stack(0x0000005ada000000,0x0000005ada100000) (1024K)]
  0x00000243a7c2deb0 JavaThread "Unconstrained build operations Thread 96"        [_thread_blocked, id=2056, stack(0x0000005ada100000,0x0000005ada200000) (1024K)]
  0x00000243a7c2cb00 JavaThread "Unconstrained build operations Thread 97"        [_thread_blocked, id=34024, stack(0x0000005ada200000,0x0000005ada300000) (1024K)]
  0x00000243a7c2aa30 JavaThread "Unconstrained build operations Thread 98"        [_thread_blocked, id=29900, stack(0x0000005ada300000,0x0000005ada400000) (1024K)]
  0x00000243a7c2d190 JavaThread "Unconstrained build operations Thread 99"        [_thread_blocked, id=29968, stack(0x0000005ada400000,0x0000005ada500000) (1024K)]
  0x00000243a7c2e540 JavaThread "Unconstrained build operations Thread 100"        [_thread_blocked, id=3464, stack(0x0000005ada500000,0x0000005ada600000) (1024K)]
  0x00000243a7c2b750 JavaThread "Unconstrained build operations Thread 101"        [_thread_blocked, id=32796, stack(0x0000005ada600000,0x0000005ada700000) (1024K)]
  0x00000243a7c2ebd0 JavaThread "build event listener"              [_thread_blocked, id=36228, stack(0x0000005acfc00000,0x0000005acfd00000) (1024K)]
  0x00000243a942e740 JavaThread "jar transforms"                    [_thread_blocked, id=36572, stack(0x0000005acfd00000,0x0000005acfe00000) (1024K)]
  0x00000243a942edd0 JavaThread "jar transforms Thread 2"           [_thread_blocked, id=896, stack(0x0000005acfe00000,0x0000005acff00000) (1024K)]
  0x00000243a9431530 JavaThread "Problems report writer"            [_thread_blocked, id=19068, stack(0x0000005ada700000,0x0000005ada800000) (1024K)]
  0x00000243a8804d40 JavaThread "jar transforms Thread 3"           [_thread_blocked, id=26488, stack(0x0000005ada800000,0x0000005ada900000) (1024K)]
  0x00000243a88060f0 JavaThread "jar transforms Thread 4"           [_thread_blocked, id=32488, stack(0x0000005ada900000,0x0000005adaa00000) (1024K)]
  0x00000243a8806e10 JavaThread "jar transforms Thread 5"           [_thread_blocked, id=28480, stack(0x0000005adaa00000,0x0000005adab00000) (1024K)]
  0x00000243a88074a0 JavaThread "Unconstrained build operations Thread 102"        [_thread_blocked, id=22468, stack(0x0000005adab00000,0x0000005adac00000) (1024K)]
  0x00000243a8807b30 JavaThread "Unconstrained build operations Thread 103"        [_thread_blocked, id=7180, stack(0x0000005adac00000,0x0000005adad00000) (1024K)]
  0x00000243a88081c0 JavaThread "Unconstrained build operations Thread 104"        [_thread_blocked, id=29820, stack(0x0000005adad00000,0x0000005adae00000) (1024K)]
  0x00000243a8808ee0 JavaThread "Unconstrained build operations Thread 105"        [_thread_blocked, id=7236, stack(0x0000005adae00000,0x0000005adaf00000) (1024K)]
  0x00000243a8809570 JavaThread "Unconstrained build operations Thread 106"        [_thread_blocked, id=29328, stack(0x0000005adaf00000,0x0000005adb000000) (1024K)]
  0x00000243a9430180 JavaThread "Unconstrained build operations Thread 107"        [_thread_blocked, id=25820, stack(0x0000005adb000000,0x0000005adb100000) (1024K)]
  0x00000243a9433c90 JavaThread "Unconstrained build operations Thread 108"        [_thread_blocked, id=16700, stack(0x0000005adb100000,0x0000005adb200000) (1024K)]
  0x00000243a9430810 JavaThread "Unconstrained build operations Thread 109"        [_thread_blocked, id=10288, stack(0x0000005adb200000,0x0000005adb300000) (1024K)]
  0x00000243a94363f0 JavaThread "Unconstrained build operations Thread 110"        [_thread_blocked, id=35968, stack(0x0000005adb300000,0x0000005adb400000) (1024K)]
  0x00000243a9434320 JavaThread "Unconstrained build operations Thread 111"        [_thread_blocked, id=32968, stack(0x0000005adb400000,0x0000005adb500000) (1024K)]
  0x00000243a9436a80 JavaThread "Unconstrained build operations Thread 112"        [_thread_blocked, id=28788, stack(0x0000005adb500000,0x0000005adb600000) (1024K)]
  0x00000243a9435d60 JavaThread "Unconstrained build operations Thread 113"        [_thread_blocked, id=29916, stack(0x0000005adb600000,0x0000005adb700000) (1024K)]
  0x00000243a94356d0 JavaThread "Unconstrained build operations Thread 114"        [_thread_blocked, id=36120, stack(0x0000005adb700000,0x0000005adb800000) (1024K)]
  0x00000243a9439f00 JavaThread "Unconstrained build operations Thread 115"        [_thread_blocked, id=37052, stack(0x0000005adb800000,0x0000005adb900000) (1024K)]
  0x00000243a943a590 JavaThread "Unconstrained build operations Thread 116"        [_thread_blocked, id=3128, stack(0x0000005adb900000,0x0000005adba00000) (1024K)]
  0x00000243a94391e0 JavaThread "Unconstrained build operations Thread 117"        [_thread_blocked, id=11464, stack(0x0000005adba00000,0x0000005adbb00000) (1024K)]
  0x00000243a943ac20 JavaThread "Unconstrained build operations Thread 118"        [_thread_blocked, id=22548, stack(0x0000005adbb00000,0x0000005adbc00000) (1024K)]
  0x00000243a94377a0 JavaThread "Unconstrained build operations Thread 119"        [_thread_blocked, id=34400, stack(0x0000005adbc00000,0x0000005adbd00000) (1024K)]
  0x00000243a9438b50 JavaThread "Unconstrained build operations Thread 120"        [_thread_blocked, id=28628, stack(0x0000005adbd00000,0x0000005adbe00000) (1024K)]
  0x00000243af3925a0 JavaThread "jar transforms Thread 6"           [_thread_blocked, id=28572, stack(0x0000005adbe00000,0x0000005adbf00000) (1024K)]
  0x00000243af38d050 JavaThread "pool-3-thread-1"                   [_thread_blocked, id=28296, stack(0x0000005ad5600000,0x0000005ad5700000) (1024K)]
Total: 177

Other Threads:
  0x0000024384b68b60 VMThread "VM Thread"                           [id=9416, stack(0x0000005ad0600000,0x0000005ad0700000) (1024K)]
  0x0000024384b59860 WatcherThread "VM Periodic Task Thread"        [id=9604, stack(0x0000005ad0500000,0x0000005ad0600000) (1024K)]
  0x00000243ebf79f70 WorkerThread "GC Thread#0"                     [id=25920, stack(0x0000005ad0000000,0x0000005ad0100000) (1024K)]
  0x00000243a41d2ff0 WorkerThread "GC Thread#1"                     [id=8700, stack(0x0000005ad1100000,0x0000005ad1200000) (1024K)]
  0x00000243a40d4df0 WorkerThread "GC Thread#2"                     [id=32640, stack(0x0000005ad1200000,0x0000005ad1300000) (1024K)]
  0x00000243a4b23630 WorkerThread "GC Thread#3"                     [id=28092, stack(0x0000005ad1300000,0x0000005ad1400000) (1024K)]
  0x00000243a4b249f0 WorkerThread "GC Thread#4"                     [id=27748, stack(0x0000005ad1400000,0x0000005ad1500000) (1024K)]
  0x00000243a53f3760 WorkerThread "GC Thread#5"                     [id=9264, stack(0x0000005ad1500000,0x0000005ad1600000) (1024K)]
  0x00000243a5329890 WorkerThread "GC Thread#6"                     [id=14992, stack(0x0000005ad1600000,0x0000005ad1700000) (1024K)]
  0x00000243a53dda70 WorkerThread "GC Thread#7"                     [id=13796, stack(0x0000005ad1700000,0x0000005ad1800000) (1024K)]
  0x00000243a59ce440 WorkerThread "GC Thread#8"                     [id=27812, stack(0x0000005ad2600000,0x0000005ad2700000) (1024K)]
  0x00000243a59cca70 WorkerThread "GC Thread#9"                     [id=14520, stack(0x0000005ad2700000,0x0000005ad2800000) (1024K)]
  0x00000243ebf8bcf0 ConcurrentGCThread "G1 Main Marker"            [id=7008, stack(0x0000005ad0100000,0x0000005ad0200000) (1024K)]
  0x00000243ebf8c710 WorkerThread "G1 Conc#0"                       [id=12508, stack(0x0000005ad0200000,0x0000005ad0300000) (1024K)]
  0x00000243a67034e0 WorkerThread "G1 Conc#1"                       [id=37620, stack(0x0000005ad2800000,0x0000005ad2900000) (1024K)]
  0x00000243a6703890 WorkerThread "G1 Conc#2"                       [id=23196, stack(0x0000005ad2900000,0x0000005ad2a00000) (1024K)]
  0x00000243ebfdeb50 ConcurrentGCThread "G1 Refine#0"               [id=24076, stack(0x0000005ad0300000,0x0000005ad0400000) (1024K)]
  0x0000024384a25580 ConcurrentGCThread "G1 Service"                [id=29156, stack(0x0000005ad0400000,0x0000005ad0500000) (1024K)]
Total: 18

Threads with active compile tasks:
C2 CompilerThread0  124449 16174       4       org.gradle.internal.instantiation.generator.ManagedObjectFactory::newInstance (186 bytes)
Total: 1

VM state: not at safepoint (normal execution)

VM Mutex/Monitor currently owned by a thread: None

Heap address: 0x0000000080000000, size: 2048 MB, Compressed Oops mode: 32-bit

CDS archive(s) mapped at: [0x0000024385000000-0x0000024385ba0000-0x0000024385ba0000), size 12189696, SharedBaseAddress: 0x0000024385000000, ArchiveRelocationMode: 1.
Compressed class space mapped at: 0x0000024386000000-0x00000243a0000000, reserved size: 436207616
Narrow klass base: 0x0000024385000000, Narrow klass shift: 0, Narrow klass range: 0x100000000

GC Precious Log:
 CardTable entry size: 512
 Card Set container configuration: InlinePtr #cards 5 size 8 Array Of Cards #cards 12 size 40 Howl #buckets 4 coarsen threshold 1843 Howl Bitmap #cards 512 size 80 coarsen threshold 460 Card regions per heap region 1 cards per card region 2048
 CPUs: 12 total, 12 available
 Memory: 7832M
 Large Page Support: Disabled
 NUMA Support: Disabled
 Compressed Oops: Enabled (32-bit)
 Heap Region Size: 1M
 Heap Min Capacity: 8M
 Heap Initial Capacity: 124M
 Heap Max Capacity: 2G
 Pre-touch: Disabled
 Parallel Workers: 10
 Concurrent Workers: 3
 Concurrent Refinement Workers: 10
 Periodic GC: Disabled

Heap:
 garbage-first heap   total 285696K, used 213163K [0x0000000080000000, 0x0000000100000000)
  region size 1024K, 49 young (50176K), 6 survivors (6144K)
 Metaspace       used 119509K, committed 121920K, reserved 557056K
  class space    used 16715K, committed 17920K, reserved 425984K

Heap Regions: E=young(eden), S=young(survivor), O=old, HS=humongous(starts), HC=humongous(continues), CS=collection set, F=free, TAMS=top-at-mark-start, PB=parsable bottom
|   0|0x0000000080000000, 0x0000000080100000, 0x0000000080100000|100%| O|  |TAMS 0x0000000080000000| PB 0x0000000080000000| Untracked 
|   1|0x0000000080100000, 0x0000000080200000, 0x0000000080200000|100%|HS|  |TAMS 0x0000000080100000| PB 0x0000000080100000| Complete 
|   2|0x0000000080200000, 0x0000000080300000, 0x0000000080300000|100%|HC|  |TAMS 0x0000000080200000| PB 0x0000000080200000| Complete 
|   3|0x0000000080300000, 0x0000000080400000, 0x0000000080400000|100%|HC|  |TAMS 0x0000000080300000| PB 0x0000000080300000| Complete 
|   4|0x0000000080400000, 0x0000000080500000, 0x0000000080500000|100%| O|  |TAMS 0x0000000080400000| PB 0x0000000080400000| Untracked 
|   5|0x0000000080500000, 0x0000000080600000, 0x0000000080600000|100%| O|  |TAMS 0x0000000080500000| PB 0x0000000080500000| Untracked 
|   6|0x0000000080600000, 0x0000000080700000, 0x0000000080700000|100%| O|  |TAMS 0x0000000080600000| PB 0x0000000080600000| Untracked 
|   7|0x0000000080700000, 0x0000000080800000, 0x0000000080800000|100%|HS|  |TAMS 0x0000000080700000| PB 0x0000000080700000| Complete 
|   8|0x0000000080800000, 0x0000000080900000, 0x0000000080900000|100%| O|  |TAMS 0x0000000080800000| PB 0x0000000080800000| Untracked 
|   9|0x0000000080900000, 0x0000000080a00000, 0x0000000080a00000|100%| O|  |TAMS 0x0000000080900000| PB 0x0000000080900000| Untracked 
|  10|0x0000000080a00000, 0x0000000080b00000, 0x0000000080b00000|100%| O|  |TAMS 0x0000000080a00000| PB 0x0000000080a00000| Untracked 
|  11|0x0000000080b00000, 0x0000000080c00000, 0x0000000080c00000|100%| O|  |TAMS 0x0000000080b00000| PB 0x0000000080b00000| Untracked 
|  12|0x0000000080c00000, 0x0000000080d00000, 0x0000000080d00000|100%| O|  |TAMS 0x0000000080c00000| PB 0x0000000080c00000| Untracked 
|  13|0x0000000080d00000, 0x0000000080e00000, 0x0000000080e00000|100%| O|  |TAMS 0x0000000080d00000| PB 0x0000000080d00000| Untracked 
|  14|0x0000000080e00000, 0x0000000080f00000, 0x0000000080f00000|100%| O|  |TAMS 0x0000000080e00000| PB 0x0000000080e00000| Untracked 
|  15|0x0000000080f00000, 0x0000000081000000, 0x0000000081000000|100%| O|  |TAMS 0x0000000080f00000| PB 0x0000000080f00000| Untracked 
|  16|0x0000000081000000, 0x0000000081100000, 0x0000000081100000|100%| O|  |TAMS 0x0000000081000000| PB 0x0000000081000000| Untracked 
|  17|0x0000000081100000, 0x0000000081200000, 0x0000000081200000|100%| O|  |TAMS 0x0000000081100000| PB 0x0000000081100000| Untracked 
|  18|0x0000000081200000, 0x0000000081300000, 0x0000000081300000|100%| O|  |TAMS 0x0000000081200000| PB 0x0000000081200000| Untracked 
|  19|0x0000000081300000, 0x0000000081400000, 0x0000000081400000|100%| O|  |TAMS 0x0000000081300000| PB 0x0000000081300000| Untracked 
|  20|0x0000000081400000, 0x0000000081500000, 0x0000000081500000|100%| O|  |TAMS 0x0000000081400000| PB 0x0000000081400000| Untracked 
|  21|0x0000000081500000, 0x0000000081600000, 0x0000000081600000|100%| O|  |TAMS 0x0000000081500000| PB 0x0000000081500000| Untracked 
|  22|0x0000000081600000, 0x0000000081700000, 0x0000000081700000|100%| O|  |TAMS 0x0000000081600000| PB 0x0000000081600000| Untracked 
|  23|0x0000000081700000, 0x0000000081800000, 0x0000000081800000|100%| O|  |TAMS 0x0000000081700000| PB 0x0000000081700000| Untracked 
|  24|0x0000000081800000, 0x0000000081900000, 0x0000000081900000|100%| O|  |TAMS 0x0000000081800000| PB 0x0000000081800000| Untracked 
|  25|0x0000000081900000, 0x0000000081a00000, 0x0000000081a00000|100%| O|  |TAMS 0x0000000081900000| PB 0x0000000081900000| Untracked 
|  26|0x0000000081a00000, 0x0000000081b00000, 0x0000000081b00000|100%| O|  |TAMS 0x0000000081a00000| PB 0x0000000081a00000| Untracked 
|  27|0x0000000081b00000, 0x0000000081c00000, 0x0000000081c00000|100%| O|  |TAMS 0x0000000081b00000| PB 0x0000000081b00000| Untracked 
|  28|0x0000000081c00000, 0x0000000081d00000, 0x0000000081d00000|100%| O|  |TAMS 0x0000000081c00000| PB 0x0000000081c00000| Untracked 
|  29|0x0000000081d00000, 0x0000000081e00000, 0x0000000081e00000|100%|HS|  |TAMS 0x0000000081d00000| PB 0x0000000081d00000| Complete 
|  30|0x0000000081e00000, 0x0000000081f00000, 0x0000000081f00000|100%|HC|  |TAMS 0x0000000081e00000| PB 0x0000000081e00000| Complete 
|  31|0x0000000081f00000, 0x0000000082000000, 0x0000000082000000|100%|HS|  |TAMS 0x0000000081f00000| PB 0x0000000081f00000| Complete 
|  32|0x0000000082000000, 0x0000000082100000, 0x0000000082100000|100%|HC|  |TAMS 0x0000000082000000| PB 0x0000000082000000| Complete 
|  33|0x0000000082100000, 0x0000000082200000, 0x0000000082200000|100%| O|  |TAMS 0x0000000082100000| PB 0x0000000082100000| Untracked 
|  34|0x0000000082200000, 0x0000000082300000, 0x0000000082300000|100%| O|  |TAMS 0x0000000082200000| PB 0x0000000082200000| Untracked 
|  35|0x0000000082300000, 0x0000000082400000, 0x0000000082400000|100%| O|  |TAMS 0x0000000082300000| PB 0x0000000082300000| Untracked 
|  36|0x0000000082400000, 0x0000000082500000, 0x0000000082500000|100%| O|  |TAMS 0x0000000082400000| PB 0x0000000082400000| Untracked 
|  37|0x0000000082500000, 0x0000000082600000, 0x0000000082600000|100%| O|  |TAMS 0x0000000082500000| PB 0x0000000082500000| Untracked 
|  38|0x0000000082600000, 0x0000000082700000, 0x0000000082700000|100%| O|  |TAMS 0x0000000082600000| PB 0x0000000082600000| Untracked 
|  39|0x0000000082700000, 0x0000000082800000, 0x0000000082800000|100%| O|  |TAMS 0x0000000082700000| PB 0x0000000082700000| Untracked 
|  40|0x0000000082800000, 0x0000000082900000, 0x0000000082900000|100%| O|  |TAMS 0x0000000082800000| PB 0x0000000082800000| Untracked 
|  41|0x0000000082900000, 0x0000000082a00000, 0x0000000082a00000|100%| O|  |TAMS 0x0000000082900000| PB 0x0000000082900000| Untracked 
|  42|0x0000000082a00000, 0x0000000082b00000, 0x0000000082b00000|100%| O|  |TAMS 0x0000000082a00000| PB 0x0000000082a00000| Untracked 
|  43|0x0000000082b00000, 0x0000000082c00000, 0x0000000082c00000|100%| O|  |TAMS 0x0000000082b00000| PB 0x0000000082b00000| Untracked 
|  44|0x0000000082c00000, 0x0000000082d00000, 0x0000000082d00000|100%| O|  |TAMS 0x0000000082c00000| PB 0x0000000082c00000| Untracked 
|  45|0x0000000082d00000, 0x0000000082e00000, 0x0000000082e00000|100%| O|  |TAMS 0x0000000082d00000| PB 0x0000000082d00000| Untracked 
|  46|0x0000000082e00000, 0x0000000082f00000, 0x0000000082f00000|100%| O|  |TAMS 0x0000000082e00000| PB 0x0000000082e00000| Untracked 
|  47|0x0000000082f00000, 0x0000000083000000, 0x0000000083000000|100%| O|  |TAMS 0x0000000082f00000| PB 0x0000000082f00000| Untracked 
|  48|0x0000000083000000, 0x0000000083100000, 0x0000000083100000|100%| O|  |TAMS 0x0000000083000000| PB 0x0000000083000000| Untracked 
|  49|0x0000000083100000, 0x0000000083200000, 0x0000000083200000|100%| O|  |TAMS 0x0000000083100000| PB 0x0000000083100000| Untracked 
|  50|0x0000000083200000, 0x0000000083300000, 0x0000000083300000|100%| O|  |TAMS 0x0000000083200000| PB 0x0000000083200000| Untracked 
|  51|0x0000000083300000, 0x0000000083400000, 0x0000000083400000|100%| O|  |TAMS 0x0000000083300000| PB 0x0000000083300000| Untracked 
|  52|0x0000000083400000, 0x0000000083500000, 0x0000000083500000|100%| O|  |TAMS 0x0000000083400000| PB 0x0000000083400000| Untracked 
|  53|0x0000000083500000, 0x0000000083600000, 0x0000000083600000|100%|HS|  |TAMS 0x0000000083500000| PB 0x0000000083500000| Complete 
|  54|0x0000000083600000, 0x0000000083700000, 0x0000000083700000|100%| O|  |TAMS 0x0000000083600000| PB 0x0000000083600000| Untracked 
|  55|0x0000000083700000, 0x0000000083800000, 0x0000000083800000|100%| O|  |TAMS 0x0000000083700000| PB 0x0000000083700000| Untracked 
|  56|0x0000000083800000, 0x0000000083900000, 0x0000000083900000|100%|HS|  |TAMS 0x0000000083800000| PB 0x0000000083800000| Complete 
|  57|0x0000000083900000, 0x0000000083a00000, 0x0000000083a00000|100%|HS|  |TAMS 0x0000000083900000| PB 0x0000000083900000| Complete 
|  58|0x0000000083a00000, 0x0000000083b00000, 0x0000000083b00000|100%|HC|  |TAMS 0x0000000083a00000| PB 0x0000000083a00000| Complete 
|  59|0x0000000083b00000, 0x0000000083c00000, 0x0000000083c00000|100%| O|  |TAMS 0x0000000083b00000| PB 0x0000000083b00000| Untracked 
|  60|0x0000000083c00000, 0x0000000083d00000, 0x0000000083d00000|100%|HS|  |TAMS 0x0000000083c00000| PB 0x0000000083c00000| Complete 
|  61|0x0000000083d00000, 0x0000000083e00000, 0x0000000083e00000|100%|HS|  |TAMS 0x0000000083d00000| PB 0x0000000083d00000| Complete 
|  62|0x0000000083e00000, 0x0000000083f00000, 0x0000000083f00000|100%|HS|  |TAMS 0x0000000083e00000| PB 0x0000000083e00000| Complete 
|  63|0x0000000083f00000, 0x0000000084000000, 0x0000000084000000|100%|HS|  |TAMS 0x0000000083f00000| PB 0x0000000083f00000| Complete 
|  64|0x0000000084000000, 0x0000000084100000, 0x0000000084100000|100%|HC|  |TAMS 0x0000000084000000| PB 0x0000000084000000| Complete 
|  65|0x0000000084100000, 0x0000000084200000, 0x0000000084200000|100%|HS|  |TAMS 0x0000000084100000| PB 0x0000000084100000| Complete 
|  66|0x0000000084200000, 0x0000000084300000, 0x0000000084300000|100%| O|  |TAMS 0x0000000084200000| PB 0x0000000084200000| Untracked 
|  67|0x0000000084300000, 0x0000000084400000, 0x0000000084400000|100%| O|  |TAMS 0x0000000084300000| PB 0x0000000084300000| Untracked 
|  68|0x0000000084400000, 0x0000000084500000, 0x0000000084500000|100%| O|  |TAMS 0x0000000084400000| PB 0x0000000084400000| Untracked 
|  69|0x0000000084500000, 0x0000000084600000, 0x0000000084600000|100%| O|  |TAMS 0x0000000084500000| PB 0x0000000084500000| Untracked 
|  70|0x0000000084600000, 0x0000000084700000, 0x0000000084700000|100%| O|  |TAMS 0x0000000084600000| PB 0x0000000084600000| Untracked 
|  71|0x0000000084700000, 0x0000000084800000, 0x0000000084800000|100%| O|  |TAMS 0x0000000084700000| PB 0x0000000084700000| Untracked 
|  72|0x0000000084800000, 0x0000000084900000, 0x0000000084900000|100%| O|  |TAMS 0x0000000084800000| PB 0x0000000084800000| Untracked 
|  73|0x0000000084900000, 0x0000000084a00000, 0x0000000084a00000|100%| O|  |TAMS 0x0000000084900000| PB 0x0000000084900000| Untracked 
|  74|0x0000000084a00000, 0x0000000084b00000, 0x0000000084b00000|100%| O|  |TAMS 0x0000000084a00000| PB 0x0000000084a00000| Untracked 
|  75|0x0000000084b00000, 0x0000000084c00000, 0x0000000084c00000|100%| O|  |TAMS 0x0000000084b00000| PB 0x0000000084b00000| Untracked 
|  76|0x0000000084c00000, 0x0000000084d00000, 0x0000000084d00000|100%| O|  |TAMS 0x0000000084c00000| PB 0x0000000084c00000| Untracked 
|  77|0x0000000084d00000, 0x0000000084e00000, 0x0000000084e00000|100%|HS|  |TAMS 0x0000000084d00000| PB 0x0000000084d00000| Complete 
|  78|0x0000000084e00000, 0x0000000084f00000, 0x0000000084f00000|100%| O|  |TAMS 0x0000000084e00000| PB 0x0000000084e00000| Untracked 
|  79|0x0000000084f00000, 0x0000000085000000, 0x0000000085000000|100%| O|  |TAMS 0x0000000084f00000| PB 0x0000000084f00000| Untracked 
|  80|0x0000000085000000, 0x0000000085100000, 0x0000000085100000|100%| O|  |TAMS 0x0000000085000000| PB 0x0000000085000000| Untracked 
|  81|0x0000000085100000, 0x0000000085200000, 0x0000000085200000|100%| O|  |TAMS 0x0000000085100000| PB 0x0000000085100000| Untracked 
|  82|0x0000000085200000, 0x0000000085300000, 0x0000000085300000|100%| O|  |TAMS 0x0000000085200000| PB 0x0000000085200000| Untracked 
|  83|0x0000000085300000, 0x0000000085400000, 0x0000000085400000|100%| O|  |TAMS 0x0000000085300000| PB 0x0000000085300000| Untracked 
|  84|0x0000000085400000, 0x0000000085500000, 0x0000000085500000|100%| O|  |TAMS 0x0000000085400000| PB 0x0000000085400000| Untracked 
|  85|0x0000000085500000, 0x0000000085600000, 0x0000000085600000|100%| O|  |TAMS 0x0000000085500000| PB 0x0000000085500000| Untracked 
|  86|0x0000000085600000, 0x0000000085700000, 0x0000000085700000|100%| O|  |TAMS 0x0000000085600000| PB 0x0000000085600000| Untracked 
|  87|0x0000000085700000, 0x0000000085800000, 0x0000000085800000|100%| O|  |TAMS 0x0000000085700000| PB 0x0000000085700000| Untracked 
|  88|0x0000000085800000, 0x0000000085900000, 0x0000000085900000|100%| O|  |TAMS 0x0000000085800000| PB 0x0000000085800000| Untracked 
|  89|0x0000000085900000, 0x0000000085a00000, 0x0000000085a00000|100%| O|  |TAMS 0x0000000085900000| PB 0x0000000085900000| Untracked 
|  90|0x0000000085a00000, 0x0000000085b00000, 0x0000000085b00000|100%| O|  |TAMS 0x0000000085a00000| PB 0x0000000085a00000| Untracked 
|  91|0x0000000085b00000, 0x0000000085c00000, 0x0000000085c00000|100%| O|  |TAMS 0x0000000085b00000| PB 0x0000000085b00000| Untracked 
|  92|0x0000000085c00000, 0x0000000085d00000, 0x0000000085d00000|100%| O|  |TAMS 0x0000000085c00000| PB 0x0000000085c00000| Untracked 
|  93|0x0000000085d00000, 0x0000000085e00000, 0x0000000085e00000|100%| O|  |TAMS 0x0000000085d00000| PB 0x0000000085d00000| Untracked 
|  94|0x0000000085e00000, 0x0000000085f00000, 0x0000000085f00000|100%| O|  |TAMS 0x0000000085e00000| PB 0x0000000085e00000| Untracked 
|  95|0x0000000085f00000, 0x0000000086000000, 0x0000000086000000|100%| O|  |TAMS 0x0000000085f00000| PB 0x0000000085f00000| Untracked 
|  96|0x0000000086000000, 0x0000000086100000, 0x0000000086100000|100%| O|Cm|TAMS 0x0000000086000000| PB 0x0000000086000000| Complete 
|  97|0x0000000086100000, 0x0000000086200000, 0x0000000086200000|100%| O|  |TAMS 0x0000000086100000| PB 0x0000000086100000| Untracked 
|  98|0x0000000086200000, 0x0000000086300000, 0x0000000086300000|100%| O|  |TAMS 0x0000000086200000| PB 0x0000000086200000| Untracked 
|  99|0x0000000086300000, 0x0000000086400000, 0x0000000086400000|100%| O|  |TAMS 0x0000000086300000| PB 0x0000000086300000| Untracked 
| 100|0x0000000086400000, 0x0000000086500000, 0x0000000086500000|100%| O|  |TAMS 0x0000000086400000| PB 0x0000000086400000| Untracked 
| 101|0x0000000086500000, 0x0000000086600000, 0x0000000086600000|100%| O|  |TAMS 0x0000000086500000| PB 0x0000000086500000| Untracked 
| 102|0x0000000086600000, 0x0000000086700000, 0x0000000086700000|100%| O|  |TAMS 0x0000000086600000| PB 0x0000000086600000| Untracked 
| 103|0x0000000086700000, 0x0000000086800000, 0x0000000086800000|100%| O|  |TAMS 0x0000000086700000| PB 0x0000000086700000| Untracked 
| 104|0x0000000086800000, 0x0000000086900000, 0x0000000086900000|100%| O|  |TAMS 0x0000000086800000| PB 0x0000000086800000| Untracked 
| 105|0x0000000086900000, 0x0000000086a00000, 0x0000000086a00000|100%| O|Cm|TAMS 0x0000000086900000| PB 0x0000000086900000| Complete 
| 106|0x0000000086a00000, 0x0000000086b00000, 0x0000000086b00000|100%| O|Cm|TAMS 0x0000000086a00000| PB 0x0000000086a00000| Complete 
| 107|0x0000000086b00000, 0x0000000086c00000, 0x0000000086c00000|100%| O|  |TAMS 0x0000000086b00000| PB 0x0000000086b00000| Untracked 
| 108|0x0000000086c00000, 0x0000000086d00000, 0x0000000086d00000|100%|HS|  |TAMS 0x0000000086c00000| PB 0x0000000086c00000| Complete 
| 109|0x0000000086d00000, 0x0000000086e00000, 0x0000000086e00000|100%|HS|  |TAMS 0x0000000086d00000| PB 0x0000000086d00000| Complete 
| 110|0x0000000086e00000, 0x0000000086f00000, 0x0000000086f00000|100%|HS|  |TAMS 0x0000000086e00000| PB 0x0000000086e00000| Complete 
| 111|0x0000000086f00000, 0x0000000087000000, 0x0000000087000000|100%|HS|  |TAMS 0x0000000086f00000| PB 0x0000000086f00000| Complete 
| 112|0x0000000087000000, 0x0000000087100000, 0x0000000087100000|100%|HC|  |TAMS 0x0000000087000000| PB 0x0000000087000000| Complete 
| 113|0x0000000087100000, 0x0000000087200000, 0x0000000087200000|100%| O|  |TAMS 0x0000000087100000| PB 0x0000000087100000| Untracked 
| 114|0x0000000087200000, 0x0000000087300000, 0x0000000087300000|100%| O|  |TAMS 0x0000000087200000| PB 0x0000000087200000| Untracked 
| 115|0x0000000087300000, 0x0000000087400000, 0x0000000087400000|100%| O|  |TAMS 0x0000000087300000| PB 0x0000000087300000| Untracked 
| 116|0x0000000087400000, 0x0000000087500000, 0x0000000087500000|100%| O|  |TAMS 0x0000000087400000| PB 0x0000000087400000| Untracked 
| 117|0x0000000087500000, 0x0000000087600000, 0x0000000087600000|100%| O|  |TAMS 0x0000000087500000| PB 0x0000000087500000| Untracked 
| 118|0x0000000087600000, 0x0000000087700000, 0x0000000087700000|100%| O|  |TAMS 0x0000000087600000| PB 0x0000000087600000| Untracked 
| 119|0x0000000087700000, 0x0000000087800000, 0x0000000087800000|100%| O|Cm|TAMS 0x0000000087700000| PB 0x0000000087700000| Complete 
| 120|0x0000000087800000, 0x0000000087900000, 0x0000000087900000|100%| O|  |TAMS 0x0000000087800000| PB 0x0000000087800000| Untracked 
| 121|0x0000000087900000, 0x0000000087a00000, 0x0000000087a00000|100%| O|  |TAMS 0x0000000087900000| PB 0x0000000087900000| Untracked 
| 122|0x0000000087a00000, 0x0000000087b00000, 0x0000000087b00000|100%| O|  |TAMS 0x0000000087a00000| PB 0x0000000087a00000| Untracked 
| 123|0x0000000087b00000, 0x0000000087c00000, 0x0000000087c00000|100%| O|  |TAMS 0x0000000087b00000| PB 0x0000000087b00000| Untracked 
| 124|0x0000000087c00000, 0x0000000087d00000, 0x0000000087d00000|100%| O|  |TAMS 0x0000000087c00000| PB 0x0000000087c00000| Untracked 
| 125|0x0000000087d00000, 0x0000000087e00000, 0x0000000087e00000|100%| O|  |TAMS 0x0000000087d00000| PB 0x0000000087d00000| Untracked 
| 126|0x0000000087e00000, 0x0000000087f00000, 0x0000000087f00000|100%| O|  |TAMS 0x0000000087e00000| PB 0x0000000087e00000| Untracked 
| 127|0x0000000087f00000, 0x0000000088000000, 0x0000000088000000|100%| O|  |TAMS 0x0000000087f00000| PB 0x0000000087f00000| Untracked 
| 128|0x0000000088000000, 0x0000000088100000, 0x0000000088100000|100%| O|  |TAMS 0x0000000088000000| PB 0x0000000088000000| Untracked 
| 129|0x0000000088100000, 0x0000000088200000, 0x0000000088200000|100%| O|  |TAMS 0x0000000088100000| PB 0x0000000088100000| Untracked 
| 130|0x0000000088200000, 0x0000000088300000, 0x0000000088300000|100%| O|Cm|TAMS 0x0000000088200000| PB 0x0000000088200000| Complete 
| 131|0x0000000088300000, 0x0000000088400000, 0x0000000088400000|100%|HS|  |TAMS 0x0000000088300000| PB 0x0000000088300000| Complete 
| 132|0x0000000088400000, 0x0000000088500000, 0x0000000088500000|100%|HS|  |TAMS 0x0000000088400000| PB 0x0000000088400000| Complete 
| 133|0x0000000088500000, 0x0000000088600000, 0x0000000088600000|100%|HC|  |TAMS 0x0000000088500000| PB 0x0000000088500000| Complete 
| 134|0x0000000088600000, 0x0000000088700000, 0x0000000088700000|100%|HS|  |TAMS 0x0000000088600000| PB 0x0000000088600000| Complete 
| 135|0x0000000088700000, 0x0000000088800000, 0x0000000088800000|100%|HS|  |TAMS 0x0000000088700000| PB 0x0000000088700000| Complete 
| 136|0x0000000088800000, 0x0000000088900000, 0x0000000088900000|100%| O|  |TAMS 0x0000000088800000| PB 0x0000000088800000| Untracked 
| 137|0x0000000088900000, 0x0000000088a00000, 0x0000000088a00000|100%| O|  |TAMS 0x0000000088900000| PB 0x0000000088900000| Untracked 
| 138|0x0000000088a00000, 0x0000000088b00000, 0x0000000088b00000|100%| O|  |TAMS 0x0000000088a00000| PB 0x0000000088a00000| Untracked 
| 139|0x0000000088b00000, 0x0000000088c00000, 0x0000000088c00000|100%| O|  |TAMS 0x0000000088b00000| PB 0x0000000088b00000| Untracked 
| 140|0x0000000088c00000, 0x0000000088cd5940, 0x0000000088d00000| 83%| O|  |TAMS 0x0000000088c00000| PB 0x0000000088c00000| Untracked 
| 141|0x0000000088d00000, 0x0000000088d00000, 0x0000000088e00000|  0%| F|  |TAMS 0x0000000088d00000| PB 0x0000000088d00000| Untracked 
| 142|0x0000000088e00000, 0x0000000088e00000, 0x0000000088f00000|  0%| F|  |TAMS 0x0000000088e00000| PB 0x0000000088e00000| Untracked 
| 143|0x0000000088f00000, 0x0000000089000000, 0x0000000089000000|100%|HS|  |TAMS 0x0000000088f00000| PB 0x0000000088f00000| Complete 
| 144|0x0000000089000000, 0x0000000089100000, 0x0000000089100000|100%| O|  |TAMS 0x0000000089000000| PB 0x0000000089000000| Untracked 
| 145|0x0000000089100000, 0x0000000089200000, 0x0000000089200000|100%| O|  |TAMS 0x0000000089100000| PB 0x0000000089100000| Untracked 
| 146|0x0000000089200000, 0x0000000089300000, 0x0000000089300000|100%| O|  |TAMS 0x0000000089200000| PB 0x0000000089200000| Untracked 
| 147|0x0000000089300000, 0x0000000089400000, 0x0000000089400000|100%| O|  |TAMS 0x0000000089300000| PB 0x0000000089300000| Untracked 
| 148|0x0000000089400000, 0x0000000089500000, 0x0000000089500000|100%| O|  |TAMS 0x0000000089400000| PB 0x0000000089400000| Untracked 
| 149|0x0000000089500000, 0x0000000089600000, 0x0000000089600000|100%| O|  |TAMS 0x0000000089500000| PB 0x0000000089500000| Untracked 
| 150|0x0000000089600000, 0x0000000089700000, 0x0000000089700000|100%| O|  |TAMS 0x0000000089600000| PB 0x0000000089600000| Untracked 
| 151|0x0000000089700000, 0x0000000089800000, 0x0000000089800000|100%| O|  |TAMS 0x0000000089700000| PB 0x0000000089700000| Untracked 
| 152|0x0000000089800000, 0x0000000089800000, 0x0000000089900000|  0%| F|  |TAMS 0x0000000089800000| PB 0x0000000089800000| Untracked 
| 153|0x0000000089900000, 0x0000000089900000, 0x0000000089a00000|  0%| F|  |TAMS 0x0000000089900000| PB 0x0000000089900000| Untracked 
| 154|0x0000000089a00000, 0x0000000089a00000, 0x0000000089b00000|  0%| F|  |TAMS 0x0000000089a00000| PB 0x0000000089a00000| Untracked 
| 155|0x0000000089b00000, 0x0000000089b00000, 0x0000000089c00000|  0%| F|  |TAMS 0x0000000089b00000| PB 0x0000000089b00000| Untracked 
| 156|0x0000000089c00000, 0x0000000089c00000, 0x0000000089d00000|  0%| F|  |TAMS 0x0000000089c00000| PB 0x0000000089c00000| Untracked 
| 157|0x0000000089d00000, 0x0000000089d00000, 0x0000000089e00000|  0%| F|  |TAMS 0x0000000089d00000| PB 0x0000000089d00000| Untracked 
| 158|0x0000000089e00000, 0x0000000089e00000, 0x0000000089f00000|  0%| F|  |TAMS 0x0000000089e00000| PB 0x0000000089e00000| Untracked 
| 159|0x0000000089f00000, 0x0000000089f00000, 0x000000008a000000|  0%| F|  |TAMS 0x0000000089f00000| PB 0x0000000089f00000| Untracked 
| 160|0x000000008a000000, 0x000000008a000000, 0x000000008a100000|  0%| F|  |TAMS 0x000000008a000000| PB 0x000000008a000000| Untracked 
| 161|0x000000008a100000, 0x000000008a100000, 0x000000008a200000|  0%| F|  |TAMS 0x000000008a100000| PB 0x000000008a100000| Untracked 
| 162|0x000000008a200000, 0x000000008a200000, 0x000000008a300000|  0%| F|  |TAMS 0x000000008a200000| PB 0x000000008a200000| Untracked 
| 163|0x000000008a300000, 0x000000008a300000, 0x000000008a400000|  0%| F|  |TAMS 0x000000008a300000| PB 0x000000008a300000| Untracked 
| 164|0x000000008a400000, 0x000000008a400000, 0x000000008a500000|  0%| F|  |TAMS 0x000000008a400000| PB 0x000000008a400000| Untracked 
| 165|0x000000008a500000, 0x000000008a555398, 0x000000008a600000| 33%| S|CS|TAMS 0x000000008a500000| PB 0x000000008a500000| Complete 
| 166|0x000000008a600000, 0x000000008a700000, 0x000000008a700000|100%| S|CS|TAMS 0x000000008a600000| PB 0x000000008a600000| Complete 
| 167|0x000000008a700000, 0x000000008a800000, 0x000000008a800000|100%| S|CS|TAMS 0x000000008a700000| PB 0x000000008a700000| Complete 
| 168|0x000000008a800000, 0x000000008a900000, 0x000000008a900000|100%| S|CS|TAMS 0x000000008a800000| PB 0x000000008a800000| Complete 
| 169|0x000000008a900000, 0x000000008aa00000, 0x000000008aa00000|100%| S|CS|TAMS 0x000000008a900000| PB 0x000000008a900000| Complete 
| 170|0x000000008aa00000, 0x000000008ab00000, 0x000000008ab00000|100%| S|CS|TAMS 0x000000008aa00000| PB 0x000000008aa00000| Complete 
| 171|0x000000008ab00000, 0x000000008ab00000, 0x000000008ac00000|  0%| F|  |TAMS 0x000000008ab00000| PB 0x000000008ab00000| Untracked 
| 172|0x000000008ac00000, 0x000000008ac00000, 0x000000008ad00000|  0%| F|  |TAMS 0x000000008ac00000| PB 0x000000008ac00000| Untracked 
| 173|0x000000008ad00000, 0x000000008ad00000, 0x000000008ae00000|  0%| F|  |TAMS 0x000000008ad00000| PB 0x000000008ad00000| Untracked 
| 174|0x000000008ae00000, 0x000000008ae00000, 0x000000008af00000|  0%| F|  |TAMS 0x000000008ae00000| PB 0x000000008ae00000| Untracked 
| 175|0x000000008af00000, 0x000000008af00000, 0x000000008b000000|  0%| F|  |TAMS 0x000000008af00000| PB 0x000000008af00000| Untracked 
| 176|0x000000008b000000, 0x000000008b000000, 0x000000008b100000|  0%| F|  |TAMS 0x000000008b000000| PB 0x000000008b000000| Untracked 
| 177|0x000000008b100000, 0x000000008b100000, 0x000000008b200000|  0%| F|  |TAMS 0x000000008b100000| PB 0x000000008b100000| Untracked 
| 178|0x000000008b200000, 0x000000008b200000, 0x000000008b300000|  0%| F|  |TAMS 0x000000008b200000| PB 0x000000008b200000| Untracked 
| 179|0x000000008b300000, 0x000000008b300000, 0x000000008b400000|  0%| F|  |TAMS 0x000000008b300000| PB 0x000000008b300000| Untracked 
| 180|0x000000008b400000, 0x000000008b400000, 0x000000008b500000|  0%| F|  |TAMS 0x000000008b400000| PB 0x000000008b400000| Untracked 
| 181|0x000000008b500000, 0x000000008b500000, 0x000000008b600000|  0%| F|  |TAMS 0x000000008b500000| PB 0x000000008b500000| Untracked 
| 182|0x000000008b600000, 0x000000008b600000, 0x000000008b700000|  0%| F|  |TAMS 0x000000008b600000| PB 0x000000008b600000| Untracked 
| 183|0x000000008b700000, 0x000000008b700000, 0x000000008b800000|  0%| F|  |TAMS 0x000000008b700000| PB 0x000000008b700000| Untracked 
| 184|0x000000008b800000, 0x000000008b800000, 0x000000008b900000|  0%| F|  |TAMS 0x000000008b800000| PB 0x000000008b800000| Untracked 
| 185|0x000000008b900000, 0x000000008b900000, 0x000000008ba00000|  0%| F|  |TAMS 0x000000008b900000| PB 0x000000008b900000| Untracked 
| 186|0x000000008ba00000, 0x000000008ba00000, 0x000000008bb00000|  0%| F|  |TAMS 0x000000008ba00000| PB 0x000000008ba00000| Untracked 
| 187|0x000000008bb00000, 0x000000008bb00000, 0x000000008bc00000|  0%| F|  |TAMS 0x000000008bb00000| PB 0x000000008bb00000| Untracked 
| 188|0x000000008bc00000, 0x000000008bc00000, 0x000000008bd00000|  0%| F|  |TAMS 0x000000008bc00000| PB 0x000000008bc00000| Untracked 
| 189|0x000000008bd00000, 0x000000008bd00000, 0x000000008be00000|  0%| F|  |TAMS 0x000000008bd00000| PB 0x000000008bd00000| Untracked 
| 190|0x000000008be00000, 0x000000008be00000, 0x000000008bf00000|  0%| F|  |TAMS 0x000000008be00000| PB 0x000000008be00000| Untracked 
| 191|0x000000008bf00000, 0x000000008bf00000, 0x000000008c000000|  0%| F|  |TAMS 0x000000008bf00000| PB 0x000000008bf00000| Untracked 
| 192|0x000000008c000000, 0x000000008c000000, 0x000000008c100000|  0%| F|  |TAMS 0x000000008c000000| PB 0x000000008c000000| Untracked 
| 193|0x000000008c100000, 0x000000008c100000, 0x000000008c200000|  0%| F|  |TAMS 0x000000008c100000| PB 0x000000008c100000| Untracked 
| 194|0x000000008c200000, 0x000000008c200000, 0x000000008c300000|  0%| F|  |TAMS 0x000000008c200000| PB 0x000000008c200000| Untracked 
| 195|0x000000008c300000, 0x000000008c300000, 0x000000008c400000|  0%| F|  |TAMS 0x000000008c300000| PB 0x000000008c300000| Untracked 
| 196|0x000000008c400000, 0x000000008c400000, 0x000000008c500000|  0%| F|  |TAMS 0x000000008c400000| PB 0x000000008c400000| Untracked 
| 197|0x000000008c500000, 0x000000008c500000, 0x000000008c600000|  0%| F|  |TAMS 0x000000008c500000| PB 0x000000008c500000| Untracked 
| 198|0x000000008c600000, 0x000000008c600000, 0x000000008c700000|  0%| F|  |TAMS 0x000000008c600000| PB 0x000000008c600000| Untracked 
| 199|0x000000008c700000, 0x000000008c700000, 0x000000008c800000|  0%| F|  |TAMS 0x000000008c700000| PB 0x000000008c700000| Untracked 
| 200|0x000000008c800000, 0x000000008c800000, 0x000000008c900000|  0%| F|  |TAMS 0x000000008c800000| PB 0x000000008c800000| Untracked 
| 201|0x000000008c900000, 0x000000008c900000, 0x000000008ca00000|  0%| F|  |TAMS 0x000000008c900000| PB 0x000000008c900000| Untracked 
| 202|0x000000008ca00000, 0x000000008ca00000, 0x000000008cb00000|  0%| F|  |TAMS 0x000000008ca00000| PB 0x000000008ca00000| Untracked 
| 203|0x000000008cb00000, 0x000000008cb00000, 0x000000008cc00000|  0%| F|  |TAMS 0x000000008cb00000| PB 0x000000008cb00000| Untracked 
| 204|0x000000008cc00000, 0x000000008cc00000, 0x000000008cd00000|  0%| F|  |TAMS 0x000000008cc00000| PB 0x000000008cc00000| Untracked 
| 205|0x000000008cd00000, 0x000000008cd00000, 0x000000008ce00000|  0%| F|  |TAMS 0x000000008cd00000| PB 0x000000008cd00000| Untracked 
| 206|0x000000008ce00000, 0x000000008ce00000, 0x000000008cf00000|  0%| F|  |TAMS 0x000000008ce00000| PB 0x000000008ce00000| Untracked 
| 207|0x000000008cf00000, 0x000000008cf00000, 0x000000008d000000|  0%| F|  |TAMS 0x000000008cf00000| PB 0x000000008cf00000| Untracked 
| 208|0x000000008d000000, 0x000000008d000000, 0x000000008d100000|  0%| F|  |TAMS 0x000000008d000000| PB 0x000000008d000000| Untracked 
| 209|0x000000008d100000, 0x000000008d100000, 0x000000008d200000|  0%| F|  |TAMS 0x000000008d100000| PB 0x000000008d100000| Untracked 
| 210|0x000000008d200000, 0x000000008d200000, 0x000000008d300000|  0%| F|  |TAMS 0x000000008d200000| PB 0x000000008d200000| Untracked 
| 211|0x000000008d300000, 0x000000008d300000, 0x000000008d400000|  0%| F|  |TAMS 0x000000008d300000| PB 0x000000008d300000| Untracked 
| 212|0x000000008d400000, 0x000000008d400000, 0x000000008d500000|  0%| F|  |TAMS 0x000000008d400000| PB 0x000000008d400000| Untracked 
| 213|0x000000008d500000, 0x000000008d500000, 0x000000008d600000|  0%| F|  |TAMS 0x000000008d500000| PB 0x000000008d500000| Untracked 
| 214|0x000000008d600000, 0x000000008d600000, 0x000000008d700000|  0%| F|  |TAMS 0x000000008d600000| PB 0x000000008d600000| Untracked 
| 215|0x000000008d700000, 0x000000008d700000, 0x000000008d800000|  0%| F|  |TAMS 0x000000008d700000| PB 0x000000008d700000| Untracked 
| 216|0x000000008d800000, 0x000000008d800000, 0x000000008d900000|  0%| F|  |TAMS 0x000000008d800000| PB 0x000000008d800000| Untracked 
| 217|0x000000008d900000, 0x000000008d900000, 0x000000008da00000|  0%| F|  |TAMS 0x000000008d900000| PB 0x000000008d900000| Untracked 
| 218|0x000000008da00000, 0x000000008da00000, 0x000000008db00000|  0%| F|  |TAMS 0x000000008da00000| PB 0x000000008da00000| Untracked 
| 219|0x000000008db00000, 0x000000008db00000, 0x000000008dc00000|  0%| F|  |TAMS 0x000000008db00000| PB 0x000000008db00000| Untracked 
| 220|0x000000008dc00000, 0x000000008dc00000, 0x000000008dd00000|  0%| F|  |TAMS 0x000000008dc00000| PB 0x000000008dc00000| Untracked 
| 221|0x000000008dd00000, 0x000000008dd00000, 0x000000008de00000|  0%| F|  |TAMS 0x000000008dd00000| PB 0x000000008dd00000| Untracked 
| 222|0x000000008de00000, 0x000000008de00000, 0x000000008df00000|  0%| F|  |TAMS 0x000000008de00000| PB 0x000000008de00000| Untracked 
| 223|0x000000008df00000, 0x000000008df00000, 0x000000008e000000|  0%| F|  |TAMS 0x000000008df00000| PB 0x000000008df00000| Untracked 
| 224|0x000000008e000000, 0x000000008e000000, 0x000000008e100000|  0%| F|  |TAMS 0x000000008e000000| PB 0x000000008e000000| Untracked 
| 225|0x000000008e100000, 0x000000008e200000, 0x000000008e200000|100%| E|CS|TAMS 0x000000008e100000| PB 0x000000008e100000| Complete 
| 226|0x000000008e200000, 0x000000008e280000, 0x000000008e300000| 50%| E|  |TAMS 0x000000008e200000| PB 0x000000008e200000| Complete 
| 227|0x000000008e300000, 0x000000008e400000, 0x000000008e400000|100%| E|CS|TAMS 0x000000008e300000| PB 0x000000008e300000| Complete 
| 228|0x000000008e400000, 0x000000008e500000, 0x000000008e500000|100%| E|CS|TAMS 0x000000008e400000| PB 0x000000008e400000| Complete 
| 229|0x000000008e500000, 0x000000008e600000, 0x000000008e600000|100%| E|CS|TAMS 0x000000008e500000| PB 0x000000008e500000| Complete 
| 230|0x000000008e600000, 0x000000008e700000, 0x000000008e700000|100%| E|CS|TAMS 0x000000008e600000| PB 0x000000008e600000| Complete 
| 231|0x000000008e700000, 0x000000008e800000, 0x000000008e800000|100%| E|CS|TAMS 0x000000008e700000| PB 0x000000008e700000| Complete 
| 232|0x000000008e800000, 0x000000008e900000, 0x000000008e900000|100%| E|CS|TAMS 0x000000008e800000| PB 0x000000008e800000| Complete 
| 233|0x000000008e900000, 0x000000008ea00000, 0x000000008ea00000|100%| E|CS|TAMS 0x000000008e900000| PB 0x000000008e900000| Complete 
| 234|0x000000008ea00000, 0x000000008eb00000, 0x000000008eb00000|100%| E|CS|TAMS 0x000000008ea00000| PB 0x000000008ea00000| Complete 
| 235|0x000000008eb00000, 0x000000008ec00000, 0x000000008ec00000|100%| E|CS|TAMS 0x000000008eb00000| PB 0x000000008eb00000| Complete 
| 236|0x000000008ec00000, 0x000000008ed00000, 0x000000008ed00000|100%| E|CS|TAMS 0x000000008ec00000| PB 0x000000008ec00000| Complete 
| 237|0x000000008ed00000, 0x000000008ee00000, 0x000000008ee00000|100%| E|CS|TAMS 0x000000008ed00000| PB 0x000000008ed00000| Complete 
| 238|0x000000008ee00000, 0x000000008ef00000, 0x000000008ef00000|100%| E|CS|TAMS 0x000000008ee00000| PB 0x000000008ee00000| Complete 
| 239|0x000000008ef00000, 0x000000008f000000, 0x000000008f000000|100%| E|CS|TAMS 0x000000008ef00000| PB 0x000000008ef00000| Complete 
| 240|0x000000008f000000, 0x000000008f100000, 0x000000008f100000|100%| E|CS|TAMS 0x000000008f000000| PB 0x000000008f000000| Complete 
| 241|0x000000008f100000, 0x000000008f200000, 0x000000008f200000|100%| E|CS|TAMS 0x000000008f100000| PB 0x000000008f100000| Complete 
| 242|0x000000008f200000, 0x000000008f300000, 0x000000008f300000|100%| E|CS|TAMS 0x000000008f200000| PB 0x000000008f200000| Complete 
| 243|0x000000008f300000, 0x000000008f400000, 0x000000008f400000|100%| E|CS|TAMS 0x000000008f300000| PB 0x000000008f300000| Complete 
| 244|0x000000008f400000, 0x000000008f500000, 0x000000008f500000|100%| E|CS|TAMS 0x000000008f400000| PB 0x000000008f400000| Complete 
| 245|0x000000008f500000, 0x000000008f600000, 0x000000008f600000|100%| E|CS|TAMS 0x000000008f500000| PB 0x000000008f500000| Complete 
| 246|0x000000008f600000, 0x000000008f700000, 0x000000008f700000|100%| E|CS|TAMS 0x000000008f600000| PB 0x000000008f600000| Complete 
| 247|0x000000008f700000, 0x000000008f800000, 0x000000008f800000|100%| E|CS|TAMS 0x000000008f700000| PB 0x000000008f700000| Complete 
| 248|0x000000008f800000, 0x000000008f900000, 0x000000008f900000|100%| E|CS|TAMS 0x000000008f800000| PB 0x000000008f800000| Complete 
| 249|0x000000008f900000, 0x000000008fa00000, 0x000000008fa00000|100%| E|CS|TAMS 0x000000008f900000| PB 0x000000008f900000| Complete 
| 250|0x000000008fa00000, 0x000000008fb00000, 0x000000008fb00000|100%| E|CS|TAMS 0x000000008fa00000| PB 0x000000008fa00000| Complete 
| 251|0x000000008fb00000, 0x000000008fc00000, 0x000000008fc00000|100%| E|CS|TAMS 0x000000008fb00000| PB 0x000000008fb00000| Complete 
| 252|0x000000008fc00000, 0x000000008fd00000, 0x000000008fd00000|100%| E|CS|TAMS 0x000000008fc00000| PB 0x000000008fc00000| Complete 
| 253|0x000000008fd00000, 0x000000008fe00000, 0x000000008fe00000|100%| E|CS|TAMS 0x000000008fd00000| PB 0x000000008fd00000| Complete 
| 254|0x000000008fe00000, 0x000000008ff00000, 0x000000008ff00000|100%| E|CS|TAMS 0x000000008fe00000| PB 0x000000008fe00000| Complete 
| 255|0x000000008ff00000, 0x0000000090000000, 0x0000000090000000|100%| E|CS|TAMS 0x000000008ff00000| PB 0x000000008ff00000| Complete 
| 256|0x0000000090000000, 0x0000000090100000, 0x0000000090100000|100%| E|CS|TAMS 0x0000000090000000| PB 0x0000000090000000| Complete 
| 257|0x0000000090100000, 0x0000000090200000, 0x0000000090200000|100%| E|CS|TAMS 0x0000000090100000| PB 0x0000000090100000| Complete 
| 258|0x0000000090200000, 0x0000000090300000, 0x0000000090300000|100%| E|CS|TAMS 0x0000000090200000| PB 0x0000000090200000| Complete 
| 259|0x0000000090300000, 0x0000000090400000, 0x0000000090400000|100%| E|CS|TAMS 0x0000000090300000| PB 0x0000000090300000| Complete 
| 260|0x0000000090400000, 0x0000000090500000, 0x0000000090500000|100%| E|CS|TAMS 0x0000000090400000| PB 0x0000000090400000| Complete 
| 261|0x0000000090500000, 0x0000000090600000, 0x0000000090600000|100%| E|CS|TAMS 0x0000000090500000| PB 0x0000000090500000| Complete 
| 262|0x0000000090600000, 0x0000000090700000, 0x0000000090700000|100%| E|CS|TAMS 0x0000000090600000| PB 0x0000000090600000| Complete 
| 263|0x0000000090700000, 0x0000000090800000, 0x0000000090800000|100%| E|CS|TAMS 0x0000000090700000| PB 0x0000000090700000| Complete 
|2033|0x00000000ff100000, 0x00000000ff200000, 0x00000000ff200000|100%| E|CS|TAMS 0x00000000ff100000| PB 0x00000000ff100000| Complete 
|2034|0x00000000ff200000, 0x00000000ff300000, 0x00000000ff300000|100%| O|  |TAMS 0x00000000ff200000| PB 0x00000000ff200000| Untracked 
|2035|0x00000000ff300000, 0x00000000ff400000, 0x00000000ff400000|100%| O|  |TAMS 0x00000000ff300000| PB 0x00000000ff300000| Untracked 
|2036|0x00000000ff400000, 0x00000000ff500000, 0x00000000ff500000|100%| O|  |TAMS 0x00000000ff400000| PB 0x00000000ff400000| Untracked 
|2037|0x00000000ff500000, 0x00000000ff600000, 0x00000000ff600000|100%| O|  |TAMS 0x00000000ff500000| PB 0x00000000ff500000| Untracked 
|2038|0x00000000ff600000, 0x00000000ff700000, 0x00000000ff700000|100%| O|  |TAMS 0x00000000ff600000| PB 0x00000000ff600000| Untracked 
|2039|0x00000000ff700000, 0x00000000ff800000, 0x00000000ff800000|100%| E|CS|TAMS 0x00000000ff700000| PB 0x00000000ff700000| Complete 
|2040|0x00000000ff800000, 0x00000000ff900000, 0x00000000ff900000|100%| E|CS|TAMS 0x00000000ff800000| PB 0x00000000ff800000| Complete 
|2041|0x00000000ff900000, 0x00000000ffa00000, 0x00000000ffa00000|100%| E|CS|TAMS 0x00000000ff900000| PB 0x00000000ff900000| Complete 
|2042|0x00000000ffa00000, 0x00000000ffb00000, 0x00000000ffb00000|100%| O|  |TAMS 0x00000000ffa00000| PB 0x00000000ffa00000| Untracked 
|2043|0x00000000ffb00000, 0x00000000ffc00000, 0x00000000ffc00000|100%| O|  |TAMS 0x00000000ffb00000| PB 0x00000000ffb00000| Untracked 
|2044|0x00000000ffc00000, 0x00000000ffd00000, 0x00000000ffd00000|100%| O|  |TAMS 0x00000000ffc00000| PB 0x00000000ffc00000| Untracked 
|2045|0x00000000ffd00000, 0x00000000ffe00000, 0x00000000ffe00000|100%| O|  |TAMS 0x00000000ffd00000| PB 0x00000000ffd00000| Untracked 
|2046|0x00000000ffe00000, 0x00000000fff00000, 0x00000000fff00000|100%| O|  |TAMS 0x00000000ffe00000| PB 0x00000000ffe00000| Untracked 
|2047|0x00000000fff00000, 0x0000000100000000, 0x0000000100000000|100%| O|  |TAMS 0x00000000fff00000| PB 0x00000000fff00000| Untracked 

Card table byte_map: [0x00000243ffa70000,0x00000243ffe70000] _byte_map_base: 0x00000243ff670000

Marking Bits: (CMBitMap*) 0x00000243ebf7a590
 Bits: [0x0000024380000000, 0x0000024382000000)

Polling page: 0x00000243e9d00000

Metaspace:

Usage:
  Non-class:    100.39 MB used.
      Class:     16.32 MB used.
       Both:    116.71 MB used.

Virtual space:
  Non-class space:      128.00 MB reserved,     101.56 MB ( 79%) committed,  2 nodes.
      Class space:      416.00 MB reserved,      17.50 MB (  4%) committed,  1 nodes.
             Both:      544.00 MB reserved,     119.06 MB ( 22%) committed. 

Chunk freelists:
   Non-Class:  10.25 MB
       Class:  14.55 MB
        Both:  24.80 MB

MaxMetaspaceSize: 512.00 MB
CompressedClassSpaceSize: 416.00 MB
Initial GC threshold: 21.00 MB
Current GC threshold: 193.69 MB
CDS: on
 - commit_granule_bytes: 65536.
 - commit_granule_words: 8192.
 - virtual_space_node_default_size: 8388608.
 - enlarge_chunks_in_place: 1.
 - use_allocation_guard: 0.


Internal statistics:

num_allocs_failed_limit: 9.
num_arena_births: 4364.
num_arena_deaths: 2.
num_vsnodes_births: 3.
num_vsnodes_deaths: 0.
num_space_committed: 1904.
num_space_uncommitted: 0.
num_chunks_returned_to_freelist: 11.
num_chunks_taken_from_freelist: 9961.
num_chunk_merges: 6.
num_chunk_splits: 6569.
num_chunks_enlarged: 4201.
num_inconsistent_stats: 0.

CodeHeap 'non-profiled nmethods': size=128192Kb used=9224Kb max_used=9224Kb free=118967Kb
 bounds [0x00000243f73f0000, 0x00000243f7d00000, 0x00000243ff120000]
CodeHeap 'profiled nmethods': size=128192Kb used=26355Kb max_used=26476Kb free=101837Kb
 bounds [0x00000243ef120000, 0x00000243f0b00000, 0x00000243f6e50000]
CodeHeap 'non-nmethods': size=5760Kb used=2799Kb max_used=2834Kb free=2960Kb
 bounds [0x00000243f6e50000, 0x00000243f7120000, 0x00000243f73f0000]
CodeCache: size=262144Kb, used=38378Kb, max_used=38534Kb, free=223764Kb
 total_blobs=14716, nmethods=13670, adapters=949, full_count=0
Compilation: enabled, stopped_count=0, restarted_count=0

Compilation events (20 events):
Event: 124.221 Thread 0x0000024384bb0ea0 16212       3       org.gradle.api.internal.provider.AbstractCollectionProperty::add (10 bytes)
Event: 124.222 Thread 0x0000024384bb0ea0 nmethod 16212 0x00000243efaf1b90 code [0x00000243efaf1da0, 0x00000243efaf25a8]
Event: 124.222 Thread 0x0000024384bb0ea0 16213       3       org.gradle.api.internal.provider.AbstractCollectionProperty$Configurer::add (16 bytes)
Event: 124.222 Thread 0x0000024384bb0ea0 nmethod 16213 0x00000243efc1a390 code [0x00000243efc1a580, 0x00000243efc1aad0]
Event: 124.222 Thread 0x0000024384bb0ea0 16214       1       com.android.build.gradle.tasks.AnalyzeDependenciesTask_Decorated::getModelIdentityDisplayName (5 bytes)
Event: 124.222 Thread 0x0000024384bb0ea0 nmethod 16214 0x00000243f7cef510 code [0x00000243f7cef6a0, 0x00000243f7cef770]
Event: 124.223 Thread 0x0000024384bb0ea0 16215       3       org.gradle.api.internal.DefaultDomainObjectSet::filtered (10 bytes)
Event: 124.224 Thread 0x0000024384bb0ea0 nmethod 16215 0x00000243efab3e90 code [0x00000243efab4040, 0x00000243efab41f0]
Event: 124.227 Thread 0x0000024384bb0ea0 16216       3       com.google.common.collect.Lists::newArrayListWithExpectedSize (12 bytes)
Event: 124.227 Thread 0x0000024384bb0ea0 nmethod 16216 0x00000243efa8e110 code [0x00000243efa8e2e0, 0x00000243efa8e640]
Event: 124.228 Thread 0x0000024384bb0ea0 16217       3       com.google.common.collect.ImmutableSet::copyOf (76 bytes)
Event: 124.230 Thread 0x0000024384bb0ea0 nmethod 16217 0x00000243efb21690 code [0x00000243efb21960, 0x00000243efb22910]
Event: 124.237 Thread 0x0000024384bb0ea0 16218       3       java.lang.AbstractStringBuilder::charAt (48 bytes)
Event: 124.238 Thread 0x0000024384bb0ea0 nmethod 16218 0x00000243efbd0410 code [0x00000243efbd05e0, 0x00000243efbd08e0]
Event: 124.241 Thread 0x0000024384bb0ea0 16219       3       com.android.build.gradle.internal.api.DefaultAndroidSourceDirectorySet::addLateAdditionDelegate$gradle_core (22 bytes)
Event: 124.242 Thread 0x0000024384bb0ea0 nmethod 16219 0x00000243efc23b10 code [0x00000243efc23d40, 0x00000243efc244d0]
Event: 124.248 Thread 0x0000024384ba4150 nmethod 16187 0x00000243f7cef810 code [0x00000243f7cefb00, 0x00000243f7cf0d28]
Event: 124.248 Thread 0x0000024384ba4150 16181       4       org.gradle.internal.instantiation.generator.AbstractClassGenerator$ClassMetadata::getProperty (14 bytes)
Event: 124.258 Thread 0x0000024384ba4150 nmethod 16181 0x00000243f7cf1890 code [0x00000243f7cf1a80, 0x00000243f7cf1ec0]
Event: 124.259 Thread 0x0000024384ba4150 16174       4       org.gradle.internal.instantiation.generator.ManagedObjectFactory::newInstance (186 bytes)

GC Heap History (20 events):
Event: 97.308 GC heap before
{Heap before GC invocations=39 (full 0):
 garbage-first heap   total 175104K, used 160422K [0x0000000080000000, 0x0000000100000000)
  region size 1024K, 60 young (61440K), 8 survivors (8192K)
 Metaspace       used 107033K, committed 109440K, reserved 557056K
  class space    used 15201K, committed 16384K, reserved 425984K
}
Event: 97.324 GC heap after
{Heap after GC invocations=40 (full 0):
 garbage-first heap   total 175104K, used 112026K [0x0000000080000000, 0x0000000100000000)
  region size 1024K, 6 young (6144K), 6 survivors (6144K)
 Metaspace       used 107033K, committed 109440K, reserved 557056K
  class space    used 15201K, committed 16384K, reserved 425984K
}
Event: 102.907 GC heap before
{Heap before GC invocations=41 (full 0):
 garbage-first heap   total 188416K, used 161178K [0x0000000080000000, 0x0000000100000000)
  region size 1024K, 54 young (55296K), 6 survivors (6144K)
 Metaspace       used 108255K, committed 110656K, reserved 557056K
  class space    used 15400K, committed 16576K, reserved 425984K
}
Event: 102.926 GC heap after
{Heap after GC invocations=42 (full 0):
 garbage-first heap   total 188416K, used 118846K [0x0000000080000000, 0x0000000100000000)
  region size 1024K, 7 young (7168K), 7 survivors (7168K)
 Metaspace       used 108255K, committed 110656K, reserved 557056K
  class space    used 15400K, committed 16576K, reserved 425984K
}
Event: 104.521 GC heap before
{Heap before GC invocations=42 (full 0):
 garbage-first heap   total 188416K, used 170046K [0x0000000080000000, 0x0000000100000000)
  region size 1024K, 58 young (59392K), 7 survivors (7168K)
 Metaspace       used 108430K, committed 110848K, reserved 557056K
  class space    used 15400K, committed 16576K, reserved 425984K
}
Event: 104.534 GC heap after
{Heap after GC invocations=43 (full 0):
 garbage-first heap   total 188416K, used 123904K [0x0000000080000000, 0x0000000100000000)
  region size 1024K, 6 young (6144K), 6 survivors (6144K)
 Metaspace       used 108430K, committed 110848K, reserved 557056K
  class space    used 15400K, committed 16576K, reserved 425984K
}
Event: 104.827 GC heap before
{Heap before GC invocations=43 (full 0):
 garbage-first heap   total 188416K, used 171008K [0x0000000080000000, 0x0000000100000000)
  region size 1024K, 53 young (54272K), 6 survivors (6144K)
 Metaspace       used 108431K, committed 110848K, reserved 557056K
  class space    used 15400K, committed 16576K, reserved 425984K
}
Event: 104.835 GC heap after
{Heap after GC invocations=44 (full 0):
 garbage-first heap   total 188416K, used 126070K [0x0000000080000000, 0x0000000100000000)
  region size 1024K, 2 young (2048K), 2 survivors (2048K)
 Metaspace       used 108431K, committed 110848K, reserved 557056K
  class space    used 15400K, committed 16576K, reserved 425984K
}
Event: 108.384 GC heap before
{Heap before GC invocations=45 (full 0):
 garbage-first heap   total 211968K, used 178294K [0x0000000080000000, 0x0000000100000000)
  region size 1024K, 49 young (50176K), 2 survivors (2048K)
 Metaspace       used 108762K, committed 111168K, reserved 557056K
  class space    used 15427K, committed 16640K, reserved 425984K
}
Event: 108.392 GC heap after
{Heap after GC invocations=46 (full 0):
 garbage-first heap   total 211968K, used 141171K [0x0000000080000000, 0x0000000100000000)
  region size 1024K, 7 young (7168K), 7 survivors (7168K)
 Metaspace       used 108762K, committed 111168K, reserved 557056K
  class space    used 15427K, committed 16640K, reserved 425984K
}
Event: 112.281 GC heap before
{Heap before GC invocations=46 (full 0):
 garbage-first heap   total 211968K, used 191347K [0x0000000080000000, 0x0000000100000000)
  region size 1024K, 57 young (58368K), 7 survivors (7168K)
 Metaspace       used 108788K, committed 111232K, reserved 557056K
  class space    used 15428K, committed 16640K, reserved 425984K
}
Event: 112.293 GC heap after
{Heap after GC invocations=47 (full 0):
 garbage-first heap   total 211968K, used 144906K [0x0000000080000000, 0x0000000100000000)
  region size 1024K, 5 young (5120K), 5 survivors (5120K)
 Metaspace       used 108788K, committed 111232K, reserved 557056K
  class space    used 15428K, committed 16640K, reserved 425984K
}
Event: 112.765 GC heap before
{Heap before GC invocations=47 (full 0):
 garbage-first heap   total 211968K, used 192010K [0x0000000080000000, 0x0000000100000000)
  region size 1024K, 52 young (53248K), 5 survivors (5120K)
 Metaspace       used 108788K, committed 111232K, reserved 557056K
  class space    used 15428K, committed 16640K, reserved 425984K
}
Event: 112.771 GC heap after
{Heap after GC invocations=48 (full 0):
 garbage-first heap   total 211968K, used 146705K [0x0000000080000000, 0x0000000100000000)
  region size 1024K, 2 young (2048K), 2 survivors (2048K)
 Metaspace       used 108788K, committed 111232K, reserved 557056K
  class space    used 15428K, committed 16640K, reserved 425984K
}
Event: 115.169 GC heap before
{Heap before GC invocations=49 (full 0):
 garbage-first heap   total 245760K, used 202001K [0x0000000080000000, 0x0000000100000000)
  region size 1024K, 51 young (52224K), 2 survivors (2048K)
 Metaspace       used 109059K, committed 111424K, reserved 557056K
  class space    used 15457K, committed 16640K, reserved 425984K
}
Event: 115.177 GC heap after
{Heap after GC invocations=50 (full 0):
 garbage-first heap   total 245760K, used 159329K [0x0000000080000000, 0x0000000100000000)
  region size 1024K, 7 young (7168K), 7 survivors (7168K)
 Metaspace       used 109059K, committed 111424K, reserved 557056K
  class space    used 15457K, committed 16640K, reserved 425984K
}
Event: 119.496 GC heap before
{Heap before GC invocations=50 (full 0):
 garbage-first heap   total 245760K, used 228961K [0x0000000080000000, 0x0000000100000000)
  region size 1024K, 70 young (71680K), 7 survivors (7168K)
 Metaspace       used 113348K, committed 115776K, reserved 557056K
  class space    used 15874K, committed 17088K, reserved 425984K
}
Event: 119.506 GC heap after
{Heap after GC invocations=51 (full 0):
 garbage-first heap   total 246784K, used 164926K [0x0000000080000000, 0x0000000100000000)
  region size 1024K, 8 young (8192K), 8 survivors (8192K)
 Metaspace       used 113348K, committed 115776K, reserved 557056K
  class space    used 15874K, committed 17088K, reserved 425984K
}
Event: 122.397 GC heap before
{Heap before GC invocations=51 (full 0):
 garbage-first heap   total 246784K, used 224318K [0x0000000080000000, 0x0000000100000000)
  region size 1024K, 66 young (67584K), 8 survivors (8192K)
 Metaspace       used 116329K, committed 118720K, reserved 557056K
  class space    used 16293K, committed 17472K, reserved 425984K
}
Event: 122.412 GC heap after
{Heap after GC invocations=52 (full 0):
 garbage-first heap   total 246784K, used 170155K [0x0000000080000000, 0x0000000100000000)
  region size 1024K, 6 young (6144K), 6 survivors (6144K)
 Metaspace       used 116329K, committed 118720K, reserved 557056K
  class space    used 16293K, committed 17472K, reserved 425984K
}

Dll operation events (20 events):
Event: 0.180 Attempting to load shared library C:\Users\user5\.vscode\extensions\redhat.java-1.56.0-win32-x64\jre\21.0.12.1-win32-x86_64\bin\zip.dll
Event: 0.180 Loaded shared library C:\Users\user5\.vscode\extensions\redhat.java-1.56.0-win32-x64\jre\21.0.12.1-win32-x86_64\bin\zip.dll
Event: 0.497 Attempting to load shared library C:\Users\user5\.vscode\extensions\redhat.java-1.56.0-win32-x64\jre\21.0.12.1-win32-x86_64\bin\jimage.dll
Event: 0.497 Loaded shared library C:\Users\user5\.vscode\extensions\redhat.java-1.56.0-win32-x64\jre\21.0.12.1-win32-x86_64\bin\jimage.dll
Event: 0.793 Attempting to load shared library C:\Users\user5\.vscode\extensions\redhat.java-1.56.0-win32-x64\jre\21.0.12.1-win32-x86_64\bin\verify.dll
Event: 0.794 Loaded shared library C:\Users\user5\.vscode\extensions\redhat.java-1.56.0-win32-x64\jre\21.0.12.1-win32-x86_64\bin\verify.dll
Event: 0.964 Attempting to load shared library D:\gradle_cache\native\1def1411415f61bf3af743bc5b6707747c0891f09f0c88961ee8f79bc544acac\windows-amd64\native-platform.dll
Event: 0.977 Loaded shared library D:\gradle_cache\native\1def1411415f61bf3af743bc5b6707747c0891f09f0c88961ee8f79bc544acac\windows-amd64\native-platform.dll
Event: 0.982 Attempting to load shared library D:\gradle_cache\native\0.2.5\x86_64-windows-gnu\gradle-fileevents.dll
Event: 0.996 Loaded shared library D:\gradle_cache\native\0.2.5\x86_64-windows-gnu\gradle-fileevents.dll
Event: 2.958 Attempting to load shared library C:\Users\user5\.vscode\extensions\redhat.java-1.56.0-win32-x64\jre\21.0.12.1-win32-x86_64\bin\management.dll
Event: 2.971 Loaded shared library C:\Users\user5\.vscode\extensions\redhat.java-1.56.0-win32-x64\jre\21.0.12.1-win32-x86_64\bin\management.dll
Event: 2.973 Attempting to load shared library C:\Users\user5\.vscode\extensions\redhat.java-1.56.0-win32-x64\jre\21.0.12.1-win32-x86_64\bin\management_ext.dll
Event: 2.999 Loaded shared library C:\Users\user5\.vscode\extensions\redhat.java-1.56.0-win32-x64\jre\21.0.12.1-win32-x86_64\bin\management_ext.dll
Event: 3.232 Attempting to load shared library C:\Users\user5\.vscode\extensions\redhat.java-1.56.0-win32-x64\jre\21.0.12.1-win32-x86_64\bin\extnet.dll
Event: 3.232 Loaded shared library C:\Users\user5\.vscode\extensions\redhat.java-1.56.0-win32-x64\jre\21.0.12.1-win32-x86_64\bin\extnet.dll
Event: 3.533 Attempting to load shared library C:\Users\user5\.vscode\extensions\redhat.java-1.56.0-win32-x64\jre\21.0.12.1-win32-x86_64\bin\sunmscapi.dll
Event: 3.536 Loaded shared library C:\Users\user5\.vscode\extensions\redhat.java-1.56.0-win32-x64\jre\21.0.12.1-win32-x86_64\bin\sunmscapi.dll
Event: 5.913 Attempting to load shared library D:\temp\native-platform13953045793392805445dir\gradle-fileevents.dll
Event: 6.121 Loaded shared library D:\temp\native-platform13953045793392805445dir\gradle-fileevents.dll

Deoptimization events (20 events):
Event: 123.902 Thread 0x00000243a59abcf0 Uncommon trap: trap_request=0xffffffc6 fr.pc=0x00000243f7af7c50 relative=0x0000000000000890
Event: 123.902 Thread 0x00000243a59abcf0 Uncommon trap: reason=bimorphic_or_optimized_type_check action=maybe_recompile pc=0x00000243f7af7c50 method=org.gradle.api.Namer$Comparator.compare(Ljava/lang/Object;Ljava/lang/Object;)I @ 5 c2
Event: 123.902 Thread 0x00000243a59abcf0 DEOPT PACKING pc=0x00000243f7af7c50 sp=0x0000005ad1ffa150
Event: 123.902 Thread 0x00000243a59abcf0 DEOPT UNPACKING pc=0x00000243f6ea4422 sp=0x0000005ad1ffa0e0 mode 2
Event: 123.902 Thread 0x00000243a59abcf0 Uncommon trap: trap_request=0xffffffc6 fr.pc=0x00000243f7af7c50 relative=0x0000000000000890
Event: 123.902 Thread 0x00000243a59abcf0 Uncommon trap: reason=bimorphic_or_optimized_type_check action=maybe_recompile pc=0x00000243f7af7c50 method=org.gradle.api.Namer$Comparator.compare(Ljava/lang/Object;Ljava/lang/Object;)I @ 5 c2
Event: 123.902 Thread 0x00000243a59abcf0 DEOPT PACKING pc=0x00000243f7af7c50 sp=0x0000005ad1ffa1c0
Event: 123.902 Thread 0x00000243a59abcf0 DEOPT UNPACKING pc=0x00000243f6ea4422 sp=0x0000005ad1ffa150 mode 2
Event: 124.172 Thread 0x00000243a59abcf0 Uncommon trap: trap_request=0xffffffbe fr.pc=0x00000243f7cec7e8 relative=0x00000000000011a8
Event: 124.172 Thread 0x00000243a59abcf0 Uncommon trap: reason=profile_predicate action=maybe_recompile pc=0x00000243f7cec7e8 method=org.gradle.internal.reflect.annotations.impl.DefaultTypeAnnotationMetadataStore.collectRelevantAnnotations(Ljava/lang/reflect/AnnotatedElement;Lcom/google/common/c
Event: 124.172 Thread 0x00000243a59abcf0 DEOPT PACKING pc=0x00000243f7cec7e8 sp=0x0000005ad1ffab10
Event: 124.172 Thread 0x00000243a59abcf0 DEOPT UNPACKING pc=0x00000243f6ea4422 sp=0x0000005ad1ffaad0 mode 2
Event: 124.172 Thread 0x00000243a59abcf0 Uncommon trap: trap_request=0xffffffbe fr.pc=0x00000243f7cec7e8 relative=0x00000000000011a8
Event: 124.172 Thread 0x00000243a59abcf0 Uncommon trap: reason=profile_predicate action=maybe_recompile pc=0x00000243f7cec7e8 method=org.gradle.internal.reflect.annotations.impl.DefaultTypeAnnotationMetadataStore.collectRelevantAnnotations(Ljava/lang/reflect/AnnotatedElement;Lcom/google/common/c
Event: 124.172 Thread 0x00000243a59abcf0 DEOPT PACKING pc=0x00000243f7cec7e8 sp=0x0000005ad1ffab10
Event: 124.172 Thread 0x00000243a59abcf0 DEOPT UNPACKING pc=0x00000243f6ea4422 sp=0x0000005ad1ffaad0 mode 2
Event: 124.172 Thread 0x00000243a59abcf0 Uncommon trap: trap_request=0xffffffbe fr.pc=0x00000243f7cec7e8 relative=0x00000000000011a8
Event: 124.172 Thread 0x00000243a59abcf0 Uncommon trap: reason=profile_predicate action=maybe_recompile pc=0x00000243f7cec7e8 method=org.gradle.internal.reflect.annotations.impl.DefaultTypeAnnotationMetadataStore.collectRelevantAnnotations(Ljava/lang/reflect/AnnotatedElement;Lcom/google/common/c
Event: 124.172 Thread 0x00000243a59abcf0 DEOPT PACKING pc=0x00000243f7cec7e8 sp=0x0000005ad1ffab10
Event: 124.172 Thread 0x00000243a59abcf0 DEOPT UNPACKING pc=0x00000243f6ea4422 sp=0x0000005ad1ffaad0 mode 2

Classes loaded (20 events):
Event: 123.254 Loading class java/net/URL$ThreadTrackHolder
Event: 123.255 Loading class java/net/URL$ThreadTrackHolder done
Event: 123.255 Loading class java/net/URL$2
Event: 123.255 Loading class java/net/URL$2 done
Event: 123.255 Loading class java/net/URL$1
Event: 123.256 Loading class java/net/URL$1 done
Event: 123.256 Loading class java/net/spi/URLStreamHandlerProvider
Event: 123.256 Loading class java/net/spi/URLStreamHandlerProvider done
Event: 123.263 Loading class sun/net/www/protocol/http/Handler
Event: 123.263 Loading class sun/net/www/protocol/http/Handler done
Event: 123.271 Loading class javax/crypto/JceSecurity$WeakIdentityWrapper
Event: 123.271 Loading class javax/crypto/JceSecurity$WeakIdentityWrapper done
Event: 123.271 Loading class javax/crypto/JceSecurity$2
Event: 123.271 Loading class javax/crypto/JceSecurity$2 done
Event: 123.271 Loading class javax/crypto/JceSecurity$3
Event: 123.271 Loading class javax/crypto/JceSecurity$3 done
Event: 123.271 Loading class javax/crypto/ProviderVerifier
Event: 123.272 Loading class javax/crypto/ProviderVerifier done
Event: 123.523 Loading class java/security/cert/CertificateEncodingException
Event: 123.532 Loading class java/security/cert/CertificateEncodingException done

Classes unloaded (1 events):
Event: 55.439 Thread 0x0000024384b68b60 Unloading class 0x00000243867b4400 'java/lang/invoke/LambdaForm$DMH+0x00000243867b4400'

Classes redefined (0 events):
No events

Internal exceptions (20 events):
Event: 105.953 Thread 0x00000243a59abcf0 Exception <a 'java/lang/ClassNotFoundException'{0x000000008b0a53d0}: org/gradle/api/internal/file/collections/DefaultConfigurableFileTreeBeanInfo> (0x000000008b0a53d0) 
thrown [s\src\hotspot\share\classfile\systemDictionary.cpp, line 313]
Event: 105.955 Thread 0x00000243a59abcf0 Exception <a 'java/lang/ClassNotFoundException'{0x000000008b0bbf88}: org/gradle/api/internal/file/CompositeFileTreeBeanInfo> (0x000000008b0bbf88) 
thrown [s\src\hotspot\share\classfile\systemDictionary.cpp, line 313]
Event: 105.957 Thread 0x00000243a59abcf0 Exception <a 'java/lang/ClassNotFoundException'{0x000000008b0d2d90}: org/gradle/api/internal/file/CompositeFileCollectionBeanInfo> (0x000000008b0d2d90) 
thrown [s\src\hotspot\share\classfile\systemDictionary.cpp, line 313]
Event: 105.958 Thread 0x00000243a59abcf0 Exception <a 'java/lang/ClassNotFoundException'{0x000000008b0ea658}: org/gradle/api/internal/file/AbstractFileCollectionBeanInfo> (0x000000008b0ea658) 
thrown [s\src\hotspot\share\classfile\systemDictionary.cpp, line 313]
Event: 105.959 Thread 0x00000243a59abcf0 Exception <a 'java/lang/ClassNotFoundException'{0x000000008af01ea8}: org/gradle/api/internal/file/AbstractFileCollectionCustomizer> (0x000000008af01ea8) 
thrown [s\src\hotspot\share\classfile\systemDictionary.cpp, line 313]
Event: 105.966 Thread 0x00000243a59abcf0 Exception <a 'java/lang/ClassNotFoundException'{0x000000008af31ec0}: org/gradle/api/internal/file/CompositeFileCollectionCustomizer> (0x000000008af31ec0) 
thrown [s\src\hotspot\share\classfile\systemDictionary.cpp, line 313]
Event: 105.970 Thread 0x00000243a59abcf0 Exception <a 'java/lang/ClassNotFoundException'{0x000000008af51558}: org/gradle/api/internal/file/CompositeFileTreeCustomizer> (0x000000008af51558) 
thrown [s\src\hotspot\share\classfile\systemDictionary.cpp, line 313]
Event: 105.973 Thread 0x00000243a59abcf0 Exception <a 'java/lang/ClassNotFoundException'{0x000000008af89250}: org/gradle/api/internal/file/collections/DefaultConfigurableFileTreeCustomizer> (0x000000008af89250) 
thrown [s\src\hotspot\share\classfile\systemDictionary.cpp, line 313]
Event: 111.875 Thread 0x00000243a8543740 Implicit null exception at 0x00000243f78ecff8 to 0x00000243f78ef0b0
Event: 111.881 Thread 0x00000243a4cb1030 Implicit null exception at 0x00000243f787b88f to 0x00000243f787ba88
Event: 116.166 Thread 0x00000243a59abcf0 Exception <a 'java/lang/NoSuchMethodError'{0x000000008d44b898}: static Lcom/android/build/gradle/internal/profile/ProjectData;.<clinit>()V> (0x000000008d44b898) 
thrown [s\src\hotspot\share\prims\jni.cpp, line 1111]
Event: 116.590 Thread 0x00000243a59abcf0 Exception <a 'sun/nio/fs/WindowsException'{0x000000008d10f5e0}> (0x000000008d10f5e0) 
thrown [s\src\hotspot\share\prims\jni.cpp, line 520]
Event: 116.685 Thread 0x00000243a59abcf0 Implicit null exception at 0x00000243f7a967c6 to 0x00000243f7a9d284
Event: 117.757 Thread 0x00000243a59abcf0 Implicit null exception at 0x00000243f7c5a542 to 0x00000243f7c5ac14
Event: 117.876 Thread 0x00000243a59abcf0 Implicit null exception at 0x00000243f7c5be85 to 0x00000243f7c5ca18
Event: 119.376 Thread 0x00000243a59abcf0 Implicit null exception at 0x00000243f7c835c7 to 0x00000243f7c8376b
Event: 119.902 Thread 0x00000243a59abcf0 Implicit null exception at 0x00000243f7c99bf7 to 0x00000243f7c9a700
Event: 120.308 Thread 0x00000243a59abcf0 Implicit null exception at 0x00000243f7ca63e1 to 0x00000243f7ca6bd0
Event: 120.393 Thread 0x00000243a59abcf0 Implicit null exception at 0x00000243f7cab48a to 0x00000243f7cabae8
Event: 123.221 Thread 0x00000243a59abcf0 Exception <a 'sun/nio/fs/WindowsException'{0x000000008fa92fa0}> (0x000000008fa92fa0) 
thrown [s\src\hotspot\share\prims\jni.cpp, line 520]

ZGC Phase Switch (0 events):
No events

VM Operations (20 events):
Event: 120.137 Executing non-safepoint VM operation: RendezvousGCThreads
Event: 120.137 Executing non-safepoint VM operation: RendezvousGCThreads done
Event: 121.150 Executing safepoint VM operation: Cleanup
Event: 121.151 Executing safepoint VM operation: Cleanup done
Event: 121.706 Executing non-safepoint VM operation: HandshakeAllThreads (Deoptimize)
Event: 121.707 Executing non-safepoint VM operation: HandshakeAllThreads (Deoptimize) done
Event: 122.397 Executing safepoint VM operation: G1CollectForAllocation (G1 Evacuation Pause)
Event: 122.412 Executing safepoint VM operation: G1CollectForAllocation (G1 Evacuation Pause) done
Event: 122.582 Executing safepoint VM operation: G1PauseRemark
Event: 122.603 Executing safepoint VM operation: G1PauseRemark done
Event: 122.713 Executing safepoint VM operation: G1PauseCleanup
Event: 122.714 Executing safepoint VM operation: G1PauseCleanup done
Event: 123.238 Executing non-safepoint VM operation: HandshakeAllThreads (Deoptimize)
Event: 123.239 Executing non-safepoint VM operation: HandshakeAllThreads (Deoptimize) done
Event: 123.260 Executing non-safepoint VM operation: HandshakeAllThreads (Deoptimize)
Event: 123.261 Executing non-safepoint VM operation: HandshakeAllThreads (Deoptimize) done
Event: 123.268 Executing non-safepoint VM operation: HandshakeAllThreads (Deoptimize)
Event: 123.269 Executing non-safepoint VM operation: HandshakeAllThreads (Deoptimize) done
Event: 124.176 Executing safepoint VM operation: ICBufferFull
Event: 124.176 Executing safepoint VM operation: ICBufferFull done

Memory protections (0 events):
No events

Nmethod flushes (20 events):
Event: 122.599 Thread 0x0000024384b68b60 flushing  nmethod 0x00000243efacc390
Event: 122.599 Thread 0x0000024384b68b60 flushing  nmethod 0x00000243efaedc10
Event: 122.599 Thread 0x0000024384b68b60 flushing  nmethod 0x00000243efaf1b90
Event: 122.599 Thread 0x0000024384b68b60 flushing  nmethod 0x00000243efb8a110
Event: 122.599 Thread 0x0000024384b68b60 flushing  nmethod 0x00000243efbad110
Event: 122.599 Thread 0x0000024384b68b60 flushing  nmethod 0x00000243efbd3d90
Event: 122.599 Thread 0x0000024384b68b60 flushing  nmethod 0x00000243efc22a10
Event: 122.599 Thread 0x0000024384b68b60 flushing  nmethod 0x00000243efc2a010
Event: 122.599 Thread 0x0000024384b68b60 flushing  nmethod 0x00000243efc2a890
Event: 122.600 Thread 0x0000024384b68b60 flushing  nmethod 0x00000243efe10e90
Event: 122.600 Thread 0x0000024384b68b60 flushing  nmethod 0x00000243efe14310
Event: 122.600 Thread 0x0000024384b68b60 flushing  nmethod 0x00000243eff75690
Event: 122.600 Thread 0x0000024384b68b60 flushing  nmethod 0x00000243eff76690
Event: 122.600 Thread 0x0000024384b68b60 flushing  nmethod 0x00000243eff77010
Event: 122.600 Thread 0x0000024384b68b60 flushing  nmethod 0x00000243f0089c90
Event: 122.600 Thread 0x0000024384b68b60 flushing  nmethod 0x00000243ef253090
Event: 122.600 Thread 0x0000024384b68b60 flushing  nmethod 0x00000243ef38e790
Event: 122.600 Thread 0x0000024384b68b60 flushing  nmethod 0x00000243ef42a890
Event: 122.600 Thread 0x0000024384b68b60 flushing  nmethod 0x00000243efe2d910
Event: 122.600 Thread 0x0000024384b68b60 flushing  nmethod 0x00000243f0506390

Events (20 events):
Event: 103.597 Thread 0x00000243a59abcf0 Thread added: 0x00000243a88081c0
Event: 103.598 Thread 0x00000243a59abcf0 Thread added: 0x00000243a8808ee0
Event: 103.600 Thread 0x00000243a59abcf0 Thread added: 0x00000243a8809570
Event: 103.601 Thread 0x00000243a59abcf0 Thread added: 0x00000243a9430180
Event: 103.603 Thread 0x00000243a59abcf0 Thread added: 0x00000243a9433c90
Event: 103.604 Thread 0x00000243a59abcf0 Thread added: 0x00000243a9430810
Event: 103.606 Thread 0x00000243a59abcf0 Thread added: 0x00000243a94363f0
Event: 103.608 Thread 0x00000243a59abcf0 Thread added: 0x00000243a9434320
Event: 103.609 Thread 0x00000243a59abcf0 Thread added: 0x00000243a9436a80
Event: 104.136 Thread 0x00000243a59abcf0 Thread added: 0x00000243a9435d60
Event: 104.139 Thread 0x00000243a59abcf0 Thread added: 0x00000243a94356d0
Event: 104.141 Thread 0x00000243a59abcf0 Thread added: 0x00000243a9439f00
Event: 104.144 Thread 0x00000243a59abcf0 Thread added: 0x00000243a943a590
Event: 104.147 Thread 0x00000243a59abcf0 Thread added: 0x00000243a94391e0
Event: 104.151 Thread 0x00000243a59abcf0 Thread added: 0x00000243a943ac20
Event: 104.154 Thread 0x00000243a59abcf0 Thread added: 0x00000243a94377a0
Event: 104.161 Thread 0x00000243a59abcf0 Thread added: 0x00000243a9438b50
Event: 105.099 Thread 0x00000243a59abcf0 Thread added: 0x00000243af3925a0
Event: 111.473 Thread 0x00000243a4cb7930 Thread exited: 0x00000243a4cb7930
Event: 116.603 Thread 0x00000243a59abcf0 Thread added: 0x00000243af38d050


Dynamic libraries:
0x00007ff7a95b0000 - 0x00007ff7a95be000 	C:\Users\user5\.vscode\extensions\redhat.java-1.56.0-win32-x64\jre\21.0.12.1-win32-x86_64\bin\java.exe
0x00007ff8236e0000 - 0x00007ff823947000 	C:\WINDOWS\SYSTEM32\ntdll.dll
0x00007ff822840000 - 0x00007ff82290b000 	C:\WINDOWS\System32\KERNEL32.DLL
0x00007ff820b10000 - 0x00007ff820f12000 	C:\WINDOWS\System32\KERNELBASE.dll
0x00007ff8212a0000 - 0x00007ff8213ec000 	C:\WINDOWS\System32\ucrtbase.dll
0x00007ff810520000 - 0x00007ff810538000 	C:\Users\user5\.vscode\extensions\redhat.java-1.56.0-win32-x64\jre\21.0.12.1-win32-x86_64\bin\jli.dll
0x00007ff813580000 - 0x00007ff81359e000 	C:\Users\user5\.vscode\extensions\redhat.java-1.56.0-win32-x64\jre\21.0.12.1-win32-x86_64\bin\VCRUNTIME140.dll
0x00007ff822450000 - 0x00007ff82261f000 	C:\WINDOWS\System32\USER32.dll
0x00007ff820f20000 - 0x00007ff820f47000 	C:\WINDOWS\System32\win32u.dll
0x00007ff822760000 - 0x00007ff82278b000 	C:\WINDOWS\System32\GDI32.dll
0x00007ff800850000 - 0x00007ff800ae0000 	C:\WINDOWS\WinSxS\amd64_microsoft.windows.common-controls_6595b64144ccf1df_6.0.26100.9278_none_3e0d1ba8e3303201\COMCTL32.dll
0x00007ff820f50000 - 0x00007ff821079000 	C:\WINDOWS\System32\gdi32full.dll
0x00007ff822910000 - 0x00007ff8229b9000 	C:\WINDOWS\System32\msvcrt.dll
0x00007ff820a60000 - 0x00007ff820b03000 	C:\WINDOWS\System32\msvcp_win.dll
0x00007ff821400000 - 0x00007ff821431000 	C:\WINDOWS\System32\IMM32.DLL
0x00007ff818840000 - 0x00007ff81884c000 	C:\Users\user5\.vscode\extensions\redhat.java-1.56.0-win32-x64\jre\21.0.12.1-win32-x86_64\bin\vcruntime140_1.dll
0x00007fffefad0000 - 0x00007fffefb5d000 	C:\Users\user5\.vscode\extensions\redhat.java-1.56.0-win32-x64\jre\21.0.12.1-win32-x86_64\bin\msvcp140.dll
0x00007fff950e0000 - 0x00007fff95e82000 	C:\Users\user5\.vscode\extensions\redhat.java-1.56.0-win32-x64\jre\21.0.12.1-win32-x86_64\bin\server\jvm.dll
0x00007ff822680000 - 0x00007ff82273c000 	C:\WINDOWS\System32\ADVAPI32.dll
0x00007ff8234d0000 - 0x00007ff823579000 	C:\WINDOWS\System32\sechost.dll
0x00007ff823580000 - 0x00007ff823698000 	C:\WINDOWS\System32\RPCRT4.dll
0x00007ff8227b0000 - 0x00007ff822830000 	C:\WINDOWS\System32\WS2_32.dll
0x00007ff81ffb0000 - 0x00007ff82000e000 	C:\WINDOWS\SYSTEM32\POWRPROF.dll
0x00007ff80c220000 - 0x00007ff80c256000 	C:\WINDOWS\SYSTEM32\WINMM.dll
0x00007ff8142c0000 - 0x00007ff8142cb000 	C:\WINDOWS\SYSTEM32\VERSION.dll
0x00007ff81ff70000 - 0x00007ff81ff85000 	C:\WINDOWS\SYSTEM32\UMPDC.dll
0x00007ff81f5b0000 - 0x00007ff81f5cb000 	C:\WINDOWS\SYSTEM32\kernel.appcore.dll
0x00007ff816440000 - 0x00007ff81644a000 	C:\Users\user5\.vscode\extensions\redhat.java-1.56.0-win32-x64\jre\21.0.12.1-win32-x86_64\bin\jimage.dll
0x00007ff81de40000 - 0x00007ff81e08c000 	C:\WINDOWS\SYSTEM32\DBGHELP.DLL
0x00007ff8215c0000 - 0x00007ff821945000 	C:\WINDOWS\System32\combase.dll
0x00007ff821950000 - 0x00007ff821a29000 	C:\WINDOWS\System32\OLEAUT32.dll
0x00007ffff9420000 - 0x00007ffff945b000 	C:\WINDOWS\SYSTEM32\dbgcore.DLL
0x00007ff8208e0000 - 0x00007ff82098c000 	C:\WINDOWS\System32\bcryptPrimitives.dll
0x00007ff804240000 - 0x00007ff80424f000 	C:\Users\user5\.vscode\extensions\redhat.java-1.56.0-win32-x64\jre\21.0.12.1-win32-x86_64\bin\instrument.dll
0x00007ff801b30000 - 0x00007ff801b50000 	C:\Users\user5\.vscode\extensions\redhat.java-1.56.0-win32-x64\jre\21.0.12.1-win32-x86_64\bin\java.dll
0x00007ff822d30000 - 0x00007ff8234c8000 	C:\WINDOWS\System32\SHELL32.dll
0x00007ff81e340000 - 0x00007ff81ebee000 	C:\WINDOWS\SYSTEM32\windows.storage.dll
0x00007ff822b30000 - 0x00007ff822c2b000 	C:\WINDOWS\System32\SHCORE.dll
0x00007ff822ac0000 - 0x00007ff822b26000 	C:\WINDOWS\System32\shlwapi.dll
0x00007ff820800000 - 0x00007ff820829000 	C:\WINDOWS\SYSTEM32\profapi.dll
0x00007ffffca20000 - 0x00007ffffca38000 	C:\Users\user5\.vscode\extensions\redhat.java-1.56.0-win32-x64\jre\21.0.12.1-win32-x86_64\bin\zip.dll
0x00007ff8047d0000 - 0x00007ff8047e0000 	C:\Users\user5\.vscode\extensions\redhat.java-1.56.0-win32-x64\jre\21.0.12.1-win32-x86_64\bin\net.dll
0x00007ff816de0000 - 0x00007ff816f0a000 	C:\WINDOWS\SYSTEM32\WINHTTP.dll
0x00007ff81fbe0000 - 0x00007ff81fc4c000 	C:\WINDOWS\system32\mswsock.dll
0x00007ffffc410000 - 0x00007ffffc426000 	C:\Users\user5\.vscode\extensions\redhat.java-1.56.0-win32-x64\jre\21.0.12.1-win32-x86_64\bin\nio.dll
0x00007ff8039a0000 - 0x00007ff8039b0000 	C:\Users\user5\.vscode\extensions\redhat.java-1.56.0-win32-x64\jre\21.0.12.1-win32-x86_64\bin\verify.dll
0x00007ffffbfd0000 - 0x00007ffffbff7000 	D:\gradle_cache\native\1def1411415f61bf3af743bc5b6707747c0891f09f0c88961ee8f79bc544acac\windows-amd64\native-platform.dll
0x000000006bd40000 - 0x000000006bdb3000 	D:\gradle_cache\native\0.2.5\x86_64-windows-gnu\gradle-fileevents.dll
0x00007ff8163f0000 - 0x00007ff8163fa000 	C:\Users\user5\.vscode\extensions\redhat.java-1.56.0-win32-x64\jre\21.0.12.1-win32-x86_64\bin\management.dll
0x00007ff8163e0000 - 0x00007ff8163ec000 	C:\Users\user5\.vscode\extensions\redhat.java-1.56.0-win32-x64\jre\21.0.12.1-win32-x86_64\bin\management_ext.dll
0x00007ff822440000 - 0x00007ff822448000 	C:\WINDOWS\System32\PSAPI.DLL
0x00007ff81fef0000 - 0x00007ff81ff0b000 	C:\WINDOWS\SYSTEM32\CRYPTSP.dll
0x00007ff81f510000 - 0x00007ff81f549000 	C:\WINDOWS\system32\rsaenh.dll
0x00007ff81fc90000 - 0x00007ff81fcc4000 	C:\WINDOWS\SYSTEM32\USERENV.dll
0x00007ff8207d0000 - 0x00007ff8207fa000 	C:\WINDOWS\SYSTEM32\bcrypt.dll
0x00007ff81ff10000 - 0x00007ff81ff1c000 	C:\WINDOWS\SYSTEM32\CRYPTBASE.dll
0x00007ff81efb0000 - 0x00007ff81efe3000 	C:\WINDOWS\SYSTEM32\IPHLPAPI.DLL
0x00007ff822750000 - 0x00007ff82275a000 	C:\WINDOWS\System32\NSI.dll
0x00007ffffce70000 - 0x00007ffffce79000 	C:\Users\user5\.vscode\extensions\redhat.java-1.56.0-win32-x64\jre\21.0.12.1-win32-x86_64\bin\extnet.dll
0x00007ffffa2f0000 - 0x00007ffffa2fe000 	C:\Users\user5\.vscode\extensions\redhat.java-1.56.0-win32-x64\jre\21.0.12.1-win32-x86_64\bin\sunmscapi.dll
0x00007ff821080000 - 0x00007ff8211fe000 	C:\WINDOWS\System32\CRYPT32.dll
0x00007ff8201c0000 - 0x00007ff8201f0000 	C:\WINDOWS\SYSTEM32\ncrypt.dll
0x00007ff820170000 - 0x00007ff8201af000 	C:\WINDOWS\SYSTEM32\NTASN1.dll
0x00007ff813c90000 - 0x00007ff813c98000 	C:\WINDOWS\system32\wshunix.dll
0x000000006b510000 - 0x000000006b583000 	D:\temp\native-platform13953045793392805445dir\gradle-fileevents.dll

JVMTI agents:
D:\gradle_cache\wrapper\dists\gradle-8.12-all\ejduaidbjup3bmmkhw3rie4zb\gradle-8.12\lib\agents\gradle-instrumentation-agent-8.12.jar path:C:\Users\user5\.vscode\extensions\redhat.java-1.56.0-win32-x64\jre\21.0.12.1-win32-x86_64\bin\instrument.dll, loaded, initialized, instrumentlib options:none

dbghelp: loaded successfully - version: 4.0.5 - missing functions: none
symbol engine: initialized successfully - sym options: 0x614 - pdb path: .;C:\Users\user5\.vscode\extensions\redhat.java-1.56.0-win32-x64\jre\21.0.12.1-win32-x86_64\bin;C:\WINDOWS\SYSTEM32;C:\WINDOWS\WinSxS\amd64_microsoft.windows.common-controls_6595b64144ccf1df_6.0.26100.9278_none_3e0d1ba8e3303201;C:\Users\user5\.vscode\extensions\redhat.java-1.56.0-win32-x64\jre\21.0.12.1-win32-x86_64\bin\server;D:\gradle_cache\native\1def1411415f61bf3af743bc5b6707747c0891f09f0c88961ee8f79bc544acac\windows-amd64;D:\gradle_cache\native\0.2.5\x86_64-windows-gnu;D:\temp\native-platform13953045793392805445dir

VM Arguments:
jvm_args: --add-opens=java.base/java.lang=ALL-UNNAMED --add-opens=java.base/java.lang.invoke=ALL-UNNAMED --add-opens=java.base/java.util=ALL-UNNAMED --add-opens=java.prefs/java.util.prefs=ALL-UNNAMED --add-exports=jdk.compiler/com.sun.tools.javac.api=ALL-UNNAMED --add-exports=jdk.compiler/com.sun.tools.javac.util=ALL-UNNAMED --add-opens=java.base/java.util=ALL-UNNAMED --add-opens=java.prefs/java.util.prefs=ALL-UNNAMED --add-opens=java.base/java.nio.charset=ALL-UNNAMED --add-opens=java.base/java.net=ALL-UNNAMED --add-opens=java.base/java.util.concurrent.atomic=ALL-UNNAMED --add-opens=java.xml/javax.xml.namespace=ALL-UNNAMED -XX:MaxMetaspaceSize=512m -XX:ReservedCodeCacheSize=256m -XX:+HeapDumpOnOutOfMemoryError -Xmx2G -Dfile.encoding=UTF-8 -Duser.country=IN -Duser.language=en -Duser.variant -javaagent:D:\gradle_cache\wrapper\dists\gradle-8.12-all\ejduaidbjup3bmmkhw3rie4zb\gradle-8.12\lib\agents\gradle-instrumentation-agent-8.12.jar 
java_command: org.gradle.launcher.daemon.bootstrap.GradleDaemon 8.12
java_class_path (initial): D:\gradle_cache\wrapper\dists\gradle-8.12-all\ejduaidbjup3bmmkhw3rie4zb\gradle-8.12\lib\gradle-daemon-main-8.12.jar
Launcher Type: SUN_STANDARD

[Global flags]
     intx CICompilerCount                          = 4                                         {product} {ergonomic}
   size_t CompressedClassSpaceSize                 = 436207616                                 {product} {ergonomic}
     uint ConcGCThreads                            = 3                                         {product} {ergonomic}
     uint G1ConcRefinementThreads                  = 10                                        {product} {ergonomic}
   size_t G1HeapRegionSize                         = 1048576                                   {product} {ergonomic}
    uintx GCDrainStackTargetSize                   = 64                                        {product} {ergonomic}
     bool HeapDumpOnOutOfMemoryError               = true                                   {manageable} {command line}
   size_t InitialHeapSize                          = 130023424                                 {product} {ergonomic}
   size_t MarkStackSize                            = 4194304                                   {product} {ergonomic}
   size_t MaxHeapSize                              = 2147483648                                {product} {command line}
   size_t MaxMetaspaceSize                         = 536870912                                 {product} {command line}
   size_t MaxNewSize                               = 1287651328                                {product} {ergonomic}
   size_t MinHeapDeltaBytes                        = 1048576                                   {product} {ergonomic}
   size_t MinHeapSize                              = 8388608                                   {product} {ergonomic}
    uintx NonNMethodCodeHeapSize                   = 5839372                                {pd product} {ergonomic}
    uintx NonProfiledCodeHeapSize                  = 131298042                              {pd product} {ergonomic}
    uintx ProfiledCodeHeapSize                     = 131298042                              {pd product} {ergonomic}
    uintx ReservedCodeCacheSize                    = 268435456                              {pd product} {command line}
     bool SegmentedCodeCache                       = true                                      {product} {ergonomic}
   size_t SoftMaxHeapSize                          = 2147483648                             {manageable} {ergonomic}
     bool UseCompressedOops                        = true                           {product lp64_product} {ergonomic}
     bool UseG1GC                                  = true                                      {product} {ergonomic}
     bool UseLargePagesIndividualAllocation        = false                                  {pd product} {ergonomic}

Logging:
Log output configuration:
 #0: stdout all=warning uptime,level,tags foldmultilines=false
 #1: stderr all=off uptime,level,tags foldmultilines=false

Release file:
JAVA_VERSION="21.0.12.1" 
MODULES="java.base java.compiler java.datatransfer java.xml java.prefs java.desktop java.instrument java.logging java.management java.security.sasl java.naming java.rmi java.management.rmi java.net.http java.scripting java.security.jgss java.transaction.xa java.sql java.sql.rowset java.xml.crypto java.se java.smartcardio jdk.accessibility jdk.internal.jvmstat jdk.attach jdk.charsets jdk.internal.opt jdk.zipfs jdk.compiler jdk.crypto.ec jdk.crypto.cryptoki jdk.crypto.mscapi jdk.dynalink jdk.internal.ed jdk.editpad jdk.hotspot.agent jdk.httpserver jdk.internal.le jdk.internal.vm.ci jdk.internal.vm.compiler jdk.internal.vm.compiler.management jdk.jartool jdk.javadoc jdk.jcmd jdk.management jdk.management.agent jdk.jconsole jdk.jdeps jdk.jdwp.agent jdk.jdi jdk.jfr jdk.jshell jdk.jsobject jdk.jstatd jdk.localedata jdk.management.jfr jdk.naming.dns jdk.naming.rmi jdk.net jdk.nio.mapmode jdk.random jdk.sctp jdk.security.auth jdk.security.jgss jdk.unsupported jdk.unsupported.desktop jdk.xml.dom" 

Environment Variables:
PATH=C:\Program Files\Common Files\Oracle\Java\javapath;C:\windows\system32;C:\windows;C:\windows\System32\Wbem;C:\windows\System32\WindowsPowerShell\v1.0\;C:\windows\System32\OpenSSH\;C:\Program Files (x86)\NVIDIA Corporation\PhysX\Common;C:\Program Files\NVIDIA Corporation\NVIDIA NvDLISR;C:\Users\Administrator\AppData\Local\Microsoft\WindowsApps;C:\Program Files\HP\OMEN-Broadcast\Common;C:\WINDOWS\system32;C:\WINDOWS;C:\WINDOWS\System32\Wbem;C:\WINDOWS\System32\WindowsPowerShell\v1.0\;C:\WINDOWS\System32\OpenSSH\;C:\src\flutter\bin;C:\Users\user5\AppData\Local\Android\Sdk\platform-tools;C:\Program Files\MySQL\MySQL Server 8.0\bin;C:\Program Files\Git\cmd;C:\Program Files\Git\mingw64\bin;C:\src\flutter\bin;C:\Program Files\Git\usr\bin;C:\Program Files\nodejs\;C:\Program Files\MySQL\MySQL Shell 8.0\bin\;C:\Users\user5\AppData\Local\Microsoft\WindowsApps;C:\Users\user5\AppData\Local\Programs\Microsoft VS Code\bin;C:\MinGW\bin;C:\Program Files\JetBrains\IntelliJ IDEA Community Edition 2025.1.1.1\bin;C:\Program Files\Git\cmd;;C:\Users\user5\AppData\Local\Programs\Antigravity IDE\bin;C:\Users\user5\AppData\Roaming\npm
USERNAME=User
OS=Windows_NT
PROCESSOR_IDENTIFIER=Intel64 Family 6 Model 154 Stepping 3, GenuineIntel
TMP=D:\temp
TEMP=D:\temp




Periodic native trim disabled

---------------  S Y S T E M  ---------------

OS:
 Windows 11 , 64 bit Build 26100 (10.0.26100.9444)
OS uptime: 0 days 4:07 hours
Hyper-V role detected

CPU: total 12 (initial active 12) (6 cores per cpu, 2 threads per core) family 6 model 154 stepping 3 microcode 0x435, cx8, cmov, fxsr, ht, mmx, 3dnowpref, sse, sse2, sse3, ssse3, sse4.1, sse4.2, popcnt, lzcnt, tsc, tscinvbit, avx, avx2, aes, erms, clmul, bmi1, bmi2, adx, sha, fma, vzeroupper, clflush, clflushopt, clwb, hv, serialize, rdtscp, rdpid, fsrm, f16c, cet_ibt, cet_ss
Processor Information for the first 12 processors :
  Max Mhz: 2000, Current Mhz: 2000, Mhz Limit: 2000

Memory: 4k page, system-wide physical 7832M (6M free)
TotalPageFile size 28210M (AvailPageFile size 8M)
current process WorkingSet (physical memory assigned to process): 351M, peak: 394M
current process commit charge ("private bytes"): 659M, peak: 660M

vm_info: OpenJDK 64-Bit Server VM (21.0.12.1+1-LTS) for windows-amd64 JRE (21.0.12.1+1-LTS), built on 2026-08-18T00:00:00Z by "admin" with MS VC++ 17.12 (VS2022)

END.
