#
# There is insufficient memory for the Java Runtime Environment to continue.
# Native memory allocation (mmap) failed to map 1048576 bytes. Error detail: G1 virtual space
# Possible reasons:
#   The system is out of physical RAM or swap space
#   This process is running with CompressedOops enabled, and the Java Heap may be blocking the growth of the native heap
# Possible solutions:
#   Reduce memory load on the system
#   Increase physical memory or swap space
#   Check if swap backing store is full
#   Decrease Java heap size (-Xmx/-Xms)
#   Decrease number of Java threads
#   Decrease Java thread stack sizes (-Xss)
#   Set larger code cache with -XX:ReservedCodeCacheSize=
#   JVM is running with Unscaled Compressed Oops mode in which the Java heap is
#     placed in the first 4GB address space. The Java Heap base address is the
#     maximum limit for the native heap growth. Please use -XX:HeapBaseMinAddress
#     to set the Java Heap base and to place the Java Heap above 4GB virtual address.
# This output file may be truncated or incomplete.
#
#  Out of Memory Error (os_windows.cpp:3732), pid=29668, tid=30532
#
# JRE version: OpenJDK Runtime Environment Temurin-21.0.12.1+1 (21.0.12.1+1) (build 21.0.12.1+1-LTS)
# Java VM: OpenJDK 64-Bit Server VM Temurin-21.0.12.1+1 (21.0.12.1+1-LTS, mixed mode, sharing, tiered, compressed oops, compressed class ptrs, g1 gc, windows-amd64)
# No core dump will be written. Minidumps are not enabled by default on client versions of Windows
#

---------------  S U M M A R Y ------------

Command Line: --add-opens=java.base/java.lang=ALL-UNNAMED --add-opens=java.base/java.lang.invoke=ALL-UNNAMED --add-opens=java.base/java.util=ALL-UNNAMED --add-opens=java.prefs/java.util.prefs=ALL-UNNAMED --add-exports=jdk.compiler/com.sun.tools.javac.api=ALL-UNNAMED --add-exports=jdk.compiler/com.sun.tools.javac.util=ALL-UNNAMED --add-opens=java.base/java.util=ALL-UNNAMED --add-opens=java.prefs/java.util.prefs=ALL-UNNAMED --add-opens=java.base/java.nio.charset=ALL-UNNAMED --add-opens=java.base/java.net=ALL-UNNAMED --add-opens=java.base/java.util.concurrent.atomic=ALL-UNNAMED --add-opens=java.xml/javax.xml.namespace=ALL-UNNAMED -XX:MaxMetaspaceSize=512m -XX:ReservedCodeCacheSize=256m -XX:+HeapDumpOnOutOfMemoryError -Xmx2G -Dfile.encoding=UTF-8 -Duser.country=IN -Duser.language=en -Duser.variant -javaagent:D:\gradle_cache\wrapper\dists\gradle-8.12-all\ejduaidbjup3bmmkhw3rie4zb\gradle-8.12\lib\agents\gradle-instrumentation-agent-8.12.jar org.gradle.launcher.daemon.bootstrap.GradleDaemon 8.12

Host: 12th Gen Intel(R) Core(TM) i5-12450H, 12 cores, 7G,  Windows 11 , 64 bit Build 26100 (10.0.26100.9444)
Time: Sun Sep 13 16:31:11 2026 India Standard Time elapsed time: 778.405808 seconds (0d 0h 12m 58s)

---------------  T H R E A D  ---------------

Current thread (0x000001adf916ab90):  WorkerThread "GC Thread#8"    [id=30532, stack(0x000000a029400000,0x000000a029500000) (1024K)]

Stack: [0x000000a029400000,0x000000a029500000]
Native frames: (J=compiled Java code, j=interpreted, Vv=VM code, C=native code)
V  [jvm.dll+0x6d83e9]
V  [jvm.dll+0x8b5736]
V  [jvm.dll+0x8b7cee]
V  [jvm.dll+0x8b83d3]
V  [jvm.dll+0x284596]
V  [jvm.dll+0x6d4d05]
V  [jvm.dll+0x6c898a]
V  [jvm.dll+0x35f2f8]
V  [jvm.dll+0x366f36]
V  [jvm.dll+0x3b7d4f]
V  [jvm.dll+0x3b83e4]
V  [jvm.dll+0x3b84af]
V  [jvm.dll+0x3347ac]
V  [jvm.dll+0x334505]
V  [jvm.dll+0x3231c6]
V  [jvm.dll+0x323fda]
V  [jvm.dll+0x3243c2]
V  [jvm.dll+0x323e3d]
V  [jvm.dll+0x361136]
V  [jvm.dll+0x3614aa]
V  [jvm.dll+0x362593]
V  [jvm.dll+0x35ed0e]
V  [jvm.dll+0x36b96b]
V  [jvm.dll+0x36d679]
V  [jvm.dll+0x36bcda]
V  [jvm.dll+0x36d2cb]
V  [jvm.dll+0x377873]
V  [jvm.dll+0x3779bb]
V  [jvm.dll+0x8e3751]
V  [jvm.dll+0x8600cd]
V  [jvm.dll+0x6d6c1d]
C  [ucrtbase.dll+0x2cd30]
C  [KERNEL32.DLL+0x2cd87]
C  [ntdll.dll+0xacaec]


---------------  P R O C E S S  ---------------

Threads class SMR info:
_java_thread_list=0x000001adfdeedcf0, length=176, elements={
0x000001adda5fefd0, 0x000001adf31c0020, 0x000001adf31c17f0, 0x000001adf31c8410,
0x000001adf31cb270, 0x000001adf31cc840, 0x000001adf31cde10, 0x000001adf31d4a40,
0x000001adf3210dd0, 0x000001adf33b7c30, 0x000001adf33bed40, 0x000001adf913d230,
0x000001adf876f730, 0x000001adf9137e00, 0x000001adf90e9da0, 0x000001adf8fbdd20,
0x000001adf8536000, 0x000001adf926c530, 0x000001adf926d8e0, 0x000001adf926b810,
0x000001adf926bea0, 0x000001adf926df70, 0x000001adf926cbc0, 0x000001adf926d250,
0x000001adf926aaf0, 0x000001adfab6b610, 0x000001adfab6bca0, 0x000001adfab6e400,
0x000001adfab6ea90, 0x000001adfab6dd70, 0x000001adfab6d050, 0x000001adf99185f0,
0x000001adf9918c80, 0x000001adf99178d0, 0x000001adf9917240, 0x000001adf9916bb0,
0x000001adf991a6c0, 0x000001adf991ad50, 0x000001adf9917f60, 0x000001adf991c100,
0x000001adf991ba70, 0x000001adf991c790, 0x000001adf991ce20, 0x000001adf991d4b0,
0x000001adf991db40, 0x000001adf991e1d0, 0x000001adf991b3e0, 0x000001adfacaa700,
0x000001adfaca7910, 0x000001adfacaa070, 0x000001adfaca9350, 0x000001adfaca8630,
0x000001adfaca7280, 0x000001adfacaad90, 0x000001adfacab420, 0x000001adfaca8cc0,
0x000001adfaca99e0, 0x000001adfaca7fa0, 0x000001adfacabab0, 0x000001adfacac140,
0x000001adfacac7d0, 0x000001adfacae210, 0x000001adfacae8a0, 0x000001adfacad4f0,
0x000001adfacace60, 0x000001adfacadb80, 0x000001adfaa26700, 0x000001adfaa26d90,
0x000001adfaa24cc0, 0x000001adfaa259e0, 0x000001adfaa26070, 0x000001adfbc66f80,
0x000001adfbc67610, 0x000001adfbc67ca0, 0x000001adfbc69050, 0x000001adfbc68330,
0x000001adfbc689c0, 0x000001adfbc696e0, 0x000001adfbc66260, 0x000001adfbc69d70,
0x000001adfbc668f0, 0x000001adfbc6a400, 0x000001adfbc6cb60, 0x000001adfbc6d1f0,
0x000001adfbc6d880, 0x000001adfbc6aa90, 0x000001adfbc6b120, 0x000001adfbc6b7b0,
0x000001adfbc6be40, 0x000001adf98f3020, 0x000001adf98f43d0, 0x000001adf98f4a60,
0x000001adf98f2990, 0x000001adf98f36b0, 0x000001adf98f50f0, 0x000001adf98f3d40,
0x000001adf98f1c70, 0x000001adf98f5780, 0x000001adf98f2300, 0x000001adf98f9290,
0x000001adf98f7850, 0x000001adf98f6b30, 0x000001adf98f7ee0, 0x000001adf98f8570,
0x000001adf98f8c00, 0x000001adf98f71c0, 0x000001adf98f5e10, 0x000001adf98f64a0,
0x000001adfaa17cf0, 0x000001adfaa19730, 0x000001adfaa18380, 0x000001adfaa18a10,
0x000001adfaa190a0, 0x000001adfaa16fd0, 0x000001adfaa1a450, 0x000001adfaa19dc0,
0x000001adfaa17660, 0x000001adfaa1d8d0, 0x000001adfaa1b800, 0x000001adfaa1be90,
0x000001adfaa1cbb0, 0x000001adfaa1df60, 0x000001adfaa1d240, 0x000001adfaa1e5f0,
0x000001adfaa1b170, 0x000001adfaa24630, 0x000001adfaee6370, 0x000001adfaee4fc0,
0x000001adfaee6a00, 0x000001adfaee7db0, 0x000001adfaee7090, 0x000001adfaee7720,
0x000001adfaee8440, 0x000001adfaee5ce0, 0x000001adfaee5650, 0x000001adfb382700,
0x000001adfb380630, 0x000001adfb381350, 0x000001adfb380cc0, 0x000001adfb3819e0,
0x000001adfb382070, 0x000001adfb382d90, 0x000001adfb383420, 0x000001adfb37ffa0,
0x000001adfb3868a0, 0x000001adfb385b80, 0x000001adfb386210, 0x000001adfb386f30,
0x000001adfb383ab0, 0x000001adfb384140, 0x000001adfd60b100, 0x000001adfd612db0,
0x000001adfd612090, 0x000001adfd60aa70, 0x000001adfd60a3e0, 0x000001adfd60b790,
0x000001adfd60c4b0, 0x000001adfd609d50, 0x000001adfd60f930, 0x000001adfd60ffc0,
0x000001adfd60cb40, 0x000001adfd60d860, 0x000001adfd60d1d0, 0x000001adfd610ce0,
0x000001adfd60ec10, 0x000001adfd611370, 0x000001adfd60def0, 0x000001adfd611a00,
0x000001adfd60e580, 0x000001adfd615510, 0x000001adfd6147f0, 0x000001adfd612720,
0x000001adfd613440, 0x000001adfd614e80, 0x000001adfb13c9c0, 0x000001adfd3206e0
}

Java Threads: ( => current thread )
  0x000001adda5fefd0 JavaThread "main"                              [_thread_blocked, id=25992, stack(0x000000a027b00000,0x000000a027c00000) (1024K)]
  0x000001adf31c0020 JavaThread "Reference Handler"          daemon [_thread_blocked, id=32176, stack(0x000000a028300000,0x000000a028400000) (1024K)]
  0x000001adf31c17f0 JavaThread "Finalizer"                  daemon [_thread_blocked, id=28644, stack(0x000000a028400000,0x000000a028500000) (1024K)]
  0x000001adf31c8410 JavaThread "Signal Dispatcher"          daemon [_thread_blocked, id=11040, stack(0x000000a028500000,0x000000a028600000) (1024K)]
  0x000001adf31cb270 JavaThread "Attach Listener"            daemon [_thread_blocked, id=15228, stack(0x000000a028600000,0x000000a028700000) (1024K)]
  0x000001adf31cc840 JavaThread "Service Thread"             daemon [_thread_blocked, id=31080, stack(0x000000a028700000,0x000000a028800000) (1024K)]
  0x000001adf31cde10 JavaThread "Monitor Deflation Thread"   daemon [_thread_blocked, id=22764, stack(0x000000a028800000,0x000000a028900000) (1024K)]
  0x000001adf31d4a40 JavaThread "C2 CompilerThread0"         daemon [_thread_blocked, id=17820, stack(0x000000a028900000,0x000000a028a00000) (1024K)]
  0x000001adf3210dd0 JavaThread "C1 CompilerThread0"         daemon [_thread_blocked, id=32084, stack(0x000000a028a00000,0x000000a028b00000) (1024K)]
  0x000001adf33b7c30 JavaThread "Common-Cleaner"             daemon [_thread_blocked, id=12400, stack(0x000000a028b00000,0x000000a028c00000) (1024K)]
  0x000001adf33bed40 JavaThread "Notification Thread"        daemon [_thread_blocked, id=23972, stack(0x000000a028c00000,0x000000a028d00000) (1024K)]
  0x000001adf913d230 JavaThread "Daemon health stats"               [_thread_blocked, id=17952, stack(0x000000a029500000,0x000000a029600000) (1024K)]
  0x000001adf876f730 JavaThread "Incoming local TCP Connector on port 53068"        [_thread_in_native, id=33692, stack(0x000000a029600000,0x000000a029700000) (1024K)]
  0x000001adf9137e00 JavaThread "Daemon periodic checks"            [_thread_blocked, id=32152, stack(0x000000a029700000,0x000000a029800000) (1024K)]
  0x000001adf90e9da0 JavaThread "Daemon"                            [_thread_blocked, id=30776, stack(0x000000a029800000,0x000000a029900000) (1024K)]
  0x000001adf8fbdd20 JavaThread "Handler for socket connection from /127.0.0.1:53068 to /127.0.0.1:53069"        [_thread_in_native, id=29052, stack(0x000000a029900000,0x000000a029a00000) (1024K)]
  0x000001adf8536000 JavaThread "Cancel handler"                    [_thread_blocked, id=19172, stack(0x000000a029a00000,0x000000a029b00000) (1024K)]
  0x000001adf926c530 JavaThread "Daemon worker"                     [_thread_blocked, id=28020, stack(0x000000a029b00000,0x000000a029c00000) (1024K)]
  0x000001adf926d8e0 JavaThread "Asynchronous log dispatcher for DefaultDaemonConnection: socket connection from /127.0.0.1:53068 to /127.0.0.1:53069"        [_thread_blocked, id=32904, stack(0x000000a029c00000,0x000000a029d00000) (1024K)]
  0x000001adf926b810 JavaThread "Stdin handler"                     [_thread_blocked, id=21888, stack(0x000000a029d00000,0x000000a029e00000) (1024K)]
  0x000001adf926bea0 JavaThread "Daemon client event forwarder"        [_thread_blocked, id=32232, stack(0x000000a029e00000,0x000000a029f00000) (1024K)]
  0x000001adf926df70 JavaThread "Cache worker for journal cache (D:\gradle_cache\caches\journal-1)"        [_thread_blocked, id=26372, stack(0x000000a029f00000,0x000000a02a000000) (1024K)]
  0x000001adf926cbc0 JavaThread "File lock request listener"        [_thread_blocked, id=26252, stack(0x000000a02a000000,0x000000a02a100000) (1024K)]
  0x000001adf926d250 JavaThread "File lock release action executor"        [_thread_blocked, id=34244, stack(0x000000a02a100000,0x000000a02a200000) (1024K)]
  0x000001adf926aaf0 JavaThread "Cache worker for file hash cache (D:\gradle_cache\caches\8.12\fileHashes)"        [_thread_blocked, id=32908, stack(0x000000a02a200000,0x000000a02a300000) (1024K)]
  0x000001adfab6b610 JavaThread "Cache worker for file hash cache (D:\pranjal\electricity_billing\mobile\android\.gradle\8.12\fileHashes)"        [_thread_blocked, id=10680, stack(0x000000a02a600000,0x000000a02a700000) (1024K)]
  0x000001adfab6bca0 JavaThread "Cache worker for Build Output Cleanup Cache (D:\pranjal\electricity_billing\mobile\android\.gradle\buildOutputCleanup)"        [_thread_blocked, id=20380, stack(0x000000a02a700000,0x000000a02a800000) (1024K)]
  0x000001adfab6e400 JavaThread "File watcher server"        daemon [_thread_in_native, id=18828, stack(0x000000a02a800000,0x000000a02a900000) (1024K)]
  0x000001adfab6ea90 JavaThread "File watcher consumer"      daemon [_thread_blocked, id=27748, stack(0x000000a02a900000,0x000000a02aa00000) (1024K)]
  0x000001adfab6dd70 JavaThread "Cache worker for checksums cache (D:\pranjal\electricity_billing\mobile\android\.gradle\8.12\checksums)"        [_thread_blocked, id=16552, stack(0x000000a02aa00000,0x000000a02ab00000) (1024K)]
  0x000001adfab6d050 JavaThread "Cache worker for file content cache (D:\gradle_cache\caches\8.12\fileContent)"        [_thread_blocked, id=14880, stack(0x000000a02ab00000,0x000000a02ac00000) (1024K)]
  0x000001adf99185f0 JavaThread "Cache worker for cache directory md-rule (D:\gradle_cache\caches\8.12\md-rule)"        [_thread_blocked, id=25228, stack(0x000000a02ac00000,0x000000a02ad00000) (1024K)]
  0x000001adf9918c80 JavaThread "Cache worker for cache directory md-supplier (D:\gradle_cache\caches\8.12\md-supplier)"        [_thread_blocked, id=18872, stack(0x000000a02ad00000,0x000000a02ae00000) (1024K)]
  0x000001adf99178d0 JavaThread "Cache worker for Build Output Cleanup Cache (C:\src\flutter\packages\flutter_tools\gradle\.gradle\buildOutputCleanup)"        [_thread_blocked, id=21944, stack(0x000000a02ae00000,0x000000a02af00000) (1024K)]
  0x000001adf9917240 JavaThread "Unconstrained build operations"        [_thread_blocked, id=35552, stack(0x000000a02af00000,0x000000a02b000000) (1024K)]
  0x000001adf9916bb0 JavaThread "Unconstrained build operations Thread 2"        [_thread_blocked, id=35504, stack(0x000000a02b000000,0x000000a02b100000) (1024K)]
  0x000001adf991a6c0 JavaThread "Unconstrained build operations Thread 3"        [_thread_blocked, id=35464, stack(0x000000a02b100000,0x000000a02b200000) (1024K)]
  0x000001adf991ad50 JavaThread "Unconstrained build operations Thread 4"        [_thread_blocked, id=35084, stack(0x000000a02b200000,0x000000a02b300000) (1024K)]
  0x000001adf9917f60 JavaThread "Unconstrained build operations Thread 5"        [_thread_blocked, id=35240, stack(0x000000a02b300000,0x000000a02b400000) (1024K)]
  0x000001adf991c100 JavaThread "Unconstrained build operations Thread 6"        [_thread_blocked, id=35116, stack(0x000000a02b400000,0x000000a02b500000) (1024K)]
  0x000001adf991ba70 JavaThread "Unconstrained build operations Thread 7"        [_thread_blocked, id=35112, stack(0x000000a02b500000,0x000000a02b600000) (1024K)]
  0x000001adf991c790 JavaThread "Unconstrained build operations Thread 8"        [_thread_blocked, id=35108, stack(0x000000a02b600000,0x000000a02b700000) (1024K)]
  0x000001adf991ce20 JavaThread "Unconstrained build operations Thread 9"        [_thread_blocked, id=35124, stack(0x000000a02b700000,0x000000a02b800000) (1024K)]
  0x000001adf991d4b0 JavaThread "Unconstrained build operations Thread 10"        [_thread_blocked, id=35132, stack(0x000000a02b800000,0x000000a02b900000) (1024K)]
  0x000001adf991db40 JavaThread "Unconstrained build operations Thread 11"        [_thread_blocked, id=35136, stack(0x000000a02b900000,0x000000a02ba00000) (1024K)]
  0x000001adf991e1d0 JavaThread "Unconstrained build operations Thread 12"        [_thread_blocked, id=35180, stack(0x000000a02ba00000,0x000000a02bb00000) (1024K)]
  0x000001adf991b3e0 JavaThread "Unconstrained build operations Thread 13"        [_thread_blocked, id=13172, stack(0x000000a02bb00000,0x000000a02bc00000) (1024K)]
  0x000001adfacaa700 JavaThread "Unconstrained build operations Thread 14"        [_thread_blocked, id=17148, stack(0x000000a02bc00000,0x000000a02bd00000) (1024K)]
  0x000001adfaca7910 JavaThread "Unconstrained build operations Thread 15"        [_thread_blocked, id=6100, stack(0x000000a02bd00000,0x000000a02be00000) (1024K)]
  0x000001adfacaa070 JavaThread "Unconstrained build operations Thread 16"        [_thread_blocked, id=1008, stack(0x000000a02be00000,0x000000a02bf00000) (1024K)]
  0x000001adfaca9350 JavaThread "Unconstrained build operations Thread 17"        [_thread_blocked, id=20544, stack(0x000000a02bf00000,0x000000a02c000000) (1024K)]
  0x000001adfaca8630 JavaThread "Unconstrained build operations Thread 18"        [_thread_blocked, id=9208, stack(0x000000a02c000000,0x000000a02c100000) (1024K)]
  0x000001adfaca7280 JavaThread "Unconstrained build operations Thread 19"        [_thread_blocked, id=11384, stack(0x000000a02c100000,0x000000a02c200000) (1024K)]
  0x000001adfacaad90 JavaThread "Unconstrained build operations Thread 20"        [_thread_blocked, id=21440, stack(0x000000a02c200000,0x000000a02c300000) (1024K)]
  0x000001adfacab420 JavaThread "Unconstrained build operations Thread 21"        [_thread_blocked, id=12348, stack(0x000000a02c300000,0x000000a02c400000) (1024K)]
  0x000001adfaca8cc0 JavaThread "Unconstrained build operations Thread 22"        [_thread_blocked, id=9492, stack(0x000000a02c400000,0x000000a02c500000) (1024K)]
  0x000001adfaca99e0 JavaThread "Unconstrained build operations Thread 23"        [_thread_blocked, id=16952, stack(0x000000a02c500000,0x000000a02c600000) (1024K)]
  0x000001adfaca7fa0 JavaThread "Unconstrained build operations Thread 24"        [_thread_blocked, id=3076, stack(0x000000a02c600000,0x000000a02c700000) (1024K)]
  0x000001adfacabab0 JavaThread "Unconstrained build operations Thread 25"        [_thread_blocked, id=21904, stack(0x000000a02c700000,0x000000a02c800000) (1024K)]
  0x000001adfacac140 JavaThread "Unconstrained build operations Thread 26"        [_thread_blocked, id=28820, stack(0x000000a02c800000,0x000000a02c900000) (1024K)]
  0x000001adfacac7d0 JavaThread "Unconstrained build operations Thread 27"        [_thread_blocked, id=26640, stack(0x000000a02c900000,0x000000a02ca00000) (1024K)]
  0x000001adfacae210 JavaThread "Unconstrained build operations Thread 28"        [_thread_blocked, id=26856, stack(0x000000a02ca00000,0x000000a02cb00000) (1024K)]
  0x000001adfacae8a0 JavaThread "Unconstrained build operations Thread 29"        [_thread_blocked, id=24444, stack(0x000000a02cb00000,0x000000a02cc00000) (1024K)]
  0x000001adfacad4f0 JavaThread "Unconstrained build operations Thread 30"        [_thread_blocked, id=14592, stack(0x000000a02cc00000,0x000000a02cd00000) (1024K)]
  0x000001adfacace60 JavaThread "Unconstrained build operations Thread 31"        [_thread_blocked, id=23100, stack(0x000000a02cd00000,0x000000a02ce00000) (1024K)]
  0x000001adfacadb80 JavaThread "Unconstrained build operations Thread 32"        [_thread_blocked, id=9400, stack(0x000000a02ce00000,0x000000a02cf00000) (1024K)]
  0x000001adfaa26700 JavaThread "Unconstrained build operations Thread 33"        [_thread_blocked, id=6760, stack(0x000000a02cf00000,0x000000a02d000000) (1024K)]
  0x000001adfaa26d90 JavaThread "Memory manager"                    [_thread_blocked, id=22960, stack(0x000000a02d000000,0x000000a02d100000) (1024K)]
  0x000001adfaa24cc0 JavaThread "build event listener"              [_thread_blocked, id=34368, stack(0x000000a027800000,0x000000a027900000) (1024K)]
  0x000001adfaa259e0 JavaThread "Execution worker"                  [_thread_blocked, id=29968, stack(0x000000a027a00000,0x000000a027b00000) (1024K)]
  0x000001adfaa26070 JavaThread "Execution worker Thread 2"         [_thread_blocked, id=30936, stack(0x000000a02d100000,0x000000a02d200000) (1024K)]
  0x000001adfbc66f80 JavaThread "Execution worker Thread 3"         [_thread_blocked, id=29980, stack(0x000000a02d200000,0x000000a02d300000) (1024K)]
  0x000001adfbc67610 JavaThread "Execution worker Thread 4"         [_thread_blocked, id=23340, stack(0x000000a02d300000,0x000000a02d400000) (1024K)]
  0x000001adfbc67ca0 JavaThread "Execution worker Thread 5"         [_thread_blocked, id=34312, stack(0x000000a02d400000,0x000000a02d500000) (1024K)]
  0x000001adfbc69050 JavaThread "Execution worker Thread 6"         [_thread_blocked, id=19976, stack(0x000000a02d500000,0x000000a02d600000) (1024K)]
  0x000001adfbc68330 JavaThread "Execution worker Thread 7"         [_thread_blocked, id=15420, stack(0x000000a02d600000,0x000000a02d700000) (1024K)]
  0x000001adfbc689c0 JavaThread "Execution worker Thread 8"         [_thread_blocked, id=30808, stack(0x000000a02d700000,0x000000a02d800000) (1024K)]
  0x000001adfbc696e0 JavaThread "Execution worker Thread 9"         [_thread_blocked, id=29348, stack(0x000000a02d800000,0x000000a02d900000) (1024K)]
  0x000001adfbc66260 JavaThread "Execution worker Thread 10"        [_thread_blocked, id=15648, stack(0x000000a02d900000,0x000000a02da00000) (1024K)]
  0x000001adfbc69d70 JavaThread "Execution worker Thread 11"        [_thread_blocked, id=30384, stack(0x000000a02da00000,0x000000a02db00000) (1024K)]
  0x000001adfbc668f0 JavaThread "Cache worker for execution history cache (C:\src\flutter\packages\flutter_tools\gradle\.gradle\8.12\executionHistory)"        [_thread_blocked, id=11008, stack(0x000000a02db00000,0x000000a02dc00000) (1024K)]
  0x000001adfbc6a400 JavaThread "Unconstrained build operations Thread 34"        [_thread_blocked, id=15932, stack(0x000000a02dc00000,0x000000a02dd00000) (1024K)]
  0x000001adfbc6cb60 JavaThread "Unconstrained build operations Thread 35"        [_thread_blocked, id=34912, stack(0x000000a02dd00000,0x000000a02de00000) (1024K)]
  0x000001adfbc6d1f0 JavaThread "Unconstrained build operations Thread 36"        [_thread_blocked, id=9904, stack(0x000000a02de00000,0x000000a02df00000) (1024K)]
  0x000001adfbc6d880 JavaThread "Unconstrained build operations Thread 37"        [_thread_blocked, id=28496, stack(0x000000a02df00000,0x000000a02e000000) (1024K)]
  0x000001adfbc6aa90 JavaThread "Unconstrained build operations Thread 38"        [_thread_blocked, id=25496, stack(0x000000a02e000000,0x000000a02e100000) (1024K)]
  0x000001adfbc6b120 JavaThread "Unconstrained build operations Thread 39"        [_thread_blocked, id=28548, stack(0x000000a02e100000,0x000000a02e200000) (1024K)]
  0x000001adfbc6b7b0 JavaThread "Unconstrained build operations Thread 40"        [_thread_blocked, id=29432, stack(0x000000a02e200000,0x000000a02e300000) (1024K)]
  0x000001adfbc6be40 JavaThread "Unconstrained build operations Thread 41"        [_thread_blocked, id=3136, stack(0x000000a02e300000,0x000000a02e400000) (1024K)]
  0x000001adf98f3020 JavaThread "Unconstrained build operations Thread 42"        [_thread_blocked, id=17960, stack(0x000000a02e400000,0x000000a02e500000) (1024K)]
  0x000001adf98f43d0 JavaThread "Unconstrained build operations Thread 43"        [_thread_blocked, id=28544, stack(0x000000a02e500000,0x000000a02e600000) (1024K)]
  0x000001adf98f4a60 JavaThread "Unconstrained build operations Thread 44"        [_thread_blocked, id=32948, stack(0x000000a02e600000,0x000000a02e700000) (1024K)]
  0x000001adf98f2990 JavaThread "Unconstrained build operations Thread 45"        [_thread_blocked, id=35836, stack(0x000000a02e700000,0x000000a02e800000) (1024K)]
  0x000001adf98f36b0 JavaThread "Unconstrained build operations Thread 46"        [_thread_blocked, id=12576, stack(0x000000a02e800000,0x000000a02e900000) (1024K)]
  0x000001adf98f50f0 JavaThread "Unconstrained build operations Thread 47"        [_thread_blocked, id=2888, stack(0x000000a02e900000,0x000000a02ea00000) (1024K)]
  0x000001adf98f3d40 JavaThread "Unconstrained build operations Thread 48"        [_thread_blocked, id=35528, stack(0x000000a02ea00000,0x000000a02eb00000) (1024K)]
  0x000001adf98f1c70 JavaThread "Unconstrained build operations Thread 49"        [_thread_blocked, id=22456, stack(0x000000a02eb00000,0x000000a02ec00000) (1024K)]
  0x000001adf98f5780 JavaThread "Unconstrained build operations Thread 50"        [_thread_blocked, id=20408, stack(0x000000a02ec00000,0x000000a02ed00000) (1024K)]
  0x000001adf98f2300 JavaThread "Unconstrained build operations Thread 51"        [_thread_blocked, id=26836, stack(0x000000a02ed00000,0x000000a02ee00000) (1024K)]
  0x000001adf98f9290 JavaThread "Unconstrained build operations Thread 52"        [_thread_blocked, id=37448, stack(0x000000a02ee00000,0x000000a02ef00000) (1024K)]
  0x000001adf98f7850 JavaThread "Unconstrained build operations Thread 53"        [_thread_blocked, id=37084, stack(0x000000a02ef00000,0x000000a02f000000) (1024K)]
  0x000001adf98f6b30 JavaThread "Unconstrained build operations Thread 54"        [_thread_blocked, id=37676, stack(0x000000a02f000000,0x000000a02f100000) (1024K)]
  0x000001adf98f7ee0 JavaThread "Unconstrained build operations Thread 55"        [_thread_blocked, id=37536, stack(0x000000a02f100000,0x000000a02f200000) (1024K)]
  0x000001adf98f8570 JavaThread "Unconstrained build operations Thread 56"        [_thread_blocked, id=30576, stack(0x000000a02f200000,0x000000a02f300000) (1024K)]
  0x000001adf98f8c00 JavaThread "Unconstrained build operations Thread 57"        [_thread_blocked, id=3056, stack(0x000000a02f300000,0x000000a02f400000) (1024K)]
  0x000001adf98f71c0 JavaThread "Unconstrained build operations Thread 58"        [_thread_blocked, id=30792, stack(0x000000a02f400000,0x000000a02f500000) (1024K)]
  0x000001adf98f5e10 JavaThread "Unconstrained build operations Thread 59"        [_thread_blocked, id=28616, stack(0x000000a02f500000,0x000000a02f600000) (1024K)]
  0x000001adf98f64a0 JavaThread "Unconstrained build operations Thread 60"        [_thread_blocked, id=35784, stack(0x000000a02f600000,0x000000a02f700000) (1024K)]
  0x000001adfaa17cf0 JavaThread "Unconstrained build operations Thread 61"        [_thread_blocked, id=24048, stack(0x000000a02f700000,0x000000a02f800000) (1024K)]
  0x000001adfaa19730 JavaThread "Unconstrained build operations Thread 62"        [_thread_blocked, id=35492, stack(0x000000a02f800000,0x000000a02f900000) (1024K)]
  0x000001adfaa18380 JavaThread "Unconstrained build operations Thread 63"        [_thread_blocked, id=11396, stack(0x000000a02f900000,0x000000a02fa00000) (1024K)]
  0x000001adfaa18a10 JavaThread "Unconstrained build operations Thread 64"        [_thread_blocked, id=34488, stack(0x000000a02fa00000,0x000000a02fb00000) (1024K)]
  0x000001adfaa190a0 JavaThread "Unconstrained build operations Thread 65"        [_thread_blocked, id=21356, stack(0x000000a02fb00000,0x000000a02fc00000) (1024K)]
  0x000001adfaa16fd0 JavaThread "Unconstrained build operations Thread 66"        [_thread_blocked, id=35184, stack(0x000000a02fc00000,0x000000a02fd00000) (1024K)]
  0x000001adfaa1a450 JavaThread "Unconstrained build operations Thread 67"        [_thread_blocked, id=28136, stack(0x000000a02fd00000,0x000000a02fe00000) (1024K)]
  0x000001adfaa19dc0 JavaThread "Unconstrained build operations Thread 68"        [_thread_blocked, id=26516, stack(0x000000a02fe00000,0x000000a02ff00000) (1024K)]
  0x000001adfaa17660 JavaThread "Unconstrained build operations Thread 69"        [_thread_blocked, id=8156, stack(0x000000a030100000,0x000000a030200000) (1024K)]
  0x000001adfaa1d8d0 JavaThread "Unconstrained build operations Thread 70"        [_thread_blocked, id=26512, stack(0x000000a030200000,0x000000a030300000) (1024K)]
  0x000001adfaa1b800 JavaThread "Unconstrained build operations Thread 71"        [_thread_blocked, id=29220, stack(0x000000a030300000,0x000000a030400000) (1024K)]
  0x000001adfaa1be90 JavaThread "Unconstrained build operations Thread 72"        [_thread_blocked, id=29972, stack(0x000000a030400000,0x000000a030500000) (1024K)]
  0x000001adfaa1cbb0 JavaThread "Unconstrained build operations Thread 73"        [_thread_blocked, id=10056, stack(0x000000a030500000,0x000000a030600000) (1024K)]
  0x000001adfaa1df60 JavaThread "Unconstrained build operations Thread 74"        [_thread_blocked, id=32732, stack(0x000000a030600000,0x000000a030700000) (1024K)]
  0x000001adfaa1d240 JavaThread "Unconstrained build operations Thread 75"        [_thread_blocked, id=36888, stack(0x000000a030700000,0x000000a030800000) (1024K)]
  0x000001adfaa1e5f0 JavaThread "Unconstrained build operations Thread 76"        [_thread_blocked, id=32284, stack(0x000000a030800000,0x000000a030900000) (1024K)]
  0x000001adfaa1b170 JavaThread "Unconstrained build operations Thread 77"        [_thread_blocked, id=37844, stack(0x000000a030900000,0x000000a030a00000) (1024K)]
  0x000001adfaa24630 JavaThread "Unconstrained build operations Thread 78"        [_thread_blocked, id=27164, stack(0x000000a030a00000,0x000000a030b00000) (1024K)]
  0x000001adfaee6370 JavaThread "Unconstrained build operations Thread 79"        [_thread_blocked, id=10176, stack(0x000000a030b00000,0x000000a030c00000) (1024K)]
  0x000001adfaee4fc0 JavaThread "Unconstrained build operations Thread 80"        [_thread_blocked, id=4144, stack(0x000000a030c00000,0x000000a030d00000) (1024K)]
  0x000001adfaee6a00 JavaThread "Unconstrained build operations Thread 81"        [_thread_blocked, id=2476, stack(0x000000a030d00000,0x000000a030e00000) (1024K)]
  0x000001adfaee7db0 JavaThread "Unconstrained build operations Thread 82"        [_thread_blocked, id=28520, stack(0x000000a030e00000,0x000000a030f00000) (1024K)]
  0x000001adfaee7090 JavaThread "Unconstrained build operations Thread 83"        [_thread_blocked, id=5404, stack(0x000000a030f00000,0x000000a031000000) (1024K)]
  0x000001adfaee7720 JavaThread "Unconstrained build operations Thread 84"        [_thread_blocked, id=27852, stack(0x000000a031000000,0x000000a031100000) (1024K)]
  0x000001adfaee8440 JavaThread "Unconstrained build operations Thread 85"        [_thread_blocked, id=33340, stack(0x000000a031100000,0x000000a031200000) (1024K)]
  0x000001adfaee5ce0 JavaThread "Unconstrained build operations Thread 86"        [_thread_blocked, id=21172, stack(0x000000a031200000,0x000000a031300000) (1024K)]
  0x000001adfaee5650 JavaThread "Unconstrained build operations Thread 87"        [_thread_blocked, id=29660, stack(0x000000a031300000,0x000000a031400000) (1024K)]
  0x000001adfb382700 JavaThread "Unconstrained build operations Thread 88"        [_thread_blocked, id=23836, stack(0x000000a031400000,0x000000a031500000) (1024K)]
  0x000001adfb380630 JavaThread "Unconstrained build operations Thread 89"        [_thread_blocked, id=15196, stack(0x000000a031500000,0x000000a031600000) (1024K)]
  0x000001adfb381350 JavaThread "Unconstrained build operations Thread 90"        [_thread_blocked, id=36464, stack(0x000000a031600000,0x000000a031700000) (1024K)]
  0x000001adfb380cc0 JavaThread "Unconstrained build operations Thread 91"        [_thread_blocked, id=9596, stack(0x000000a027900000,0x000000a027a00000) (1024K)]
  0x000001adfb3819e0 JavaThread "Unconstrained build operations Thread 92"        [_thread_blocked, id=37256, stack(0x000000a02ff00000,0x000000a030000000) (1024K)]
  0x000001adfb382070 JavaThread "Unconstrained build operations Thread 93"        [_thread_blocked, id=37748, stack(0x000000a030000000,0x000000a030100000) (1024K)]
  0x000001adfb382d90 JavaThread "Unconstrained build operations Thread 94"        [_thread_blocked, id=37680, stack(0x000000a031700000,0x000000a031800000) (1024K)]
  0x000001adfb383420 JavaThread "Unconstrained build operations Thread 95"        [_thread_blocked, id=29616, stack(0x000000a031800000,0x000000a031900000) (1024K)]
  0x000001adfb37ffa0 JavaThread "Unconstrained build operations Thread 96"        [_thread_blocked, id=35892, stack(0x000000a031900000,0x000000a031a00000) (1024K)]
  0x000001adfb3868a0 JavaThread "Unconstrained build operations Thread 97"        [_thread_blocked, id=35508, stack(0x000000a031a00000,0x000000a031b00000) (1024K)]
  0x000001adfb385b80 JavaThread "Unconstrained build operations Thread 98"        [_thread_blocked, id=27956, stack(0x000000a031b00000,0x000000a031c00000) (1024K)]
  0x000001adfb386210 JavaThread "Unconstrained build operations Thread 99"        [_thread_blocked, id=31612, stack(0x000000a031c00000,0x000000a031d00000) (1024K)]
  0x000001adfb386f30 JavaThread "Unconstrained build operations Thread 100"        [_thread_blocked, id=15476, stack(0x000000a031d00000,0x000000a031e00000) (1024K)]
  0x000001adfb383ab0 JavaThread "Unconstrained build operations Thread 101"        [_thread_blocked, id=30096, stack(0x000000a031e00000,0x000000a031f00000) (1024K)]
  0x000001adfb384140 JavaThread "build event listener"              [_thread_blocked, id=10196, stack(0x000000a031f00000,0x000000a032000000) (1024K)]
  0x000001adfd60b100 JavaThread "jar transforms"                    [_thread_blocked, id=32020, stack(0x000000a032100000,0x000000a032200000) (1024K)]
  0x000001adfd612db0 JavaThread "jar transforms Thread 2"           [_thread_blocked, id=35232, stack(0x000000a032200000,0x000000a032300000) (1024K)]
  0x000001adfd612090 JavaThread "Problems report writer"            [_thread_blocked, id=31920, stack(0x000000a032300000,0x000000a032400000) (1024K)]
  0x000001adfd60aa70 JavaThread "jar transforms Thread 3"           [_thread_blocked, id=23832, stack(0x000000a032000000,0x000000a032100000) (1024K)]
  0x000001adfd60a3e0 JavaThread "jar transforms Thread 4"           [_thread_blocked, id=13732, stack(0x000000a032400000,0x000000a032500000) (1024K)]
  0x000001adfd60b790 JavaThread "jar transforms Thread 5"           [_thread_blocked, id=28784, stack(0x000000a032500000,0x000000a032600000) (1024K)]
  0x000001adfd60c4b0 JavaThread "Unconstrained build operations Thread 102"        [_thread_blocked, id=7048, stack(0x000000a032600000,0x000000a032700000) (1024K)]
  0x000001adfd609d50 JavaThread "Unconstrained build operations Thread 103"        [_thread_blocked, id=36256, stack(0x000000a032700000,0x000000a032800000) (1024K)]
  0x000001adfd60f930 JavaThread "Unconstrained build operations Thread 104"        [_thread_blocked, id=31468, stack(0x000000a032800000,0x000000a032900000) (1024K)]
  0x000001adfd60ffc0 JavaThread "Unconstrained build operations Thread 105"        [_thread_blocked, id=12640, stack(0x000000a032900000,0x000000a032a00000) (1024K)]
  0x000001adfd60cb40 JavaThread "Unconstrained build operations Thread 106"        [_thread_blocked, id=31640, stack(0x000000a032a00000,0x000000a032b00000) (1024K)]
  0x000001adfd60d860 JavaThread "Unconstrained build operations Thread 107"        [_thread_blocked, id=10108, stack(0x000000a032b00000,0x000000a032c00000) (1024K)]
  0x000001adfd60d1d0 JavaThread "Unconstrained build operations Thread 108"        [_thread_blocked, id=14884, stack(0x000000a032c00000,0x000000a032d00000) (1024K)]
  0x000001adfd610ce0 JavaThread "Unconstrained build operations Thread 109"        [_thread_blocked, id=36716, stack(0x000000a032d00000,0x000000a032e00000) (1024K)]
  0x000001adfd60ec10 JavaThread "Unconstrained build operations Thread 110"        [_thread_blocked, id=19140, stack(0x000000a032e00000,0x000000a032f00000) (1024K)]
  0x000001adfd611370 JavaThread "Unconstrained build operations Thread 111"        [_thread_blocked, id=28648, stack(0x000000a032f00000,0x000000a033000000) (1024K)]
  0x000001adfd60def0 JavaThread "Unconstrained build operations Thread 112"        [_thread_blocked, id=19176, stack(0x000000a033000000,0x000000a033100000) (1024K)]
  0x000001adfd611a00 JavaThread "Unconstrained build operations Thread 113"        [_thread_blocked, id=8464, stack(0x000000a033100000,0x000000a033200000) (1024K)]
  0x000001adfd60e580 JavaThread "Unconstrained build operations Thread 114"        [_thread_blocked, id=34580, stack(0x000000a033200000,0x000000a033300000) (1024K)]
  0x000001adfd615510 JavaThread "Unconstrained build operations Thread 115"        [_thread_blocked, id=22296, stack(0x000000a033300000,0x000000a033400000) (1024K)]
  0x000001adfd6147f0 JavaThread "Unconstrained build operations Thread 116"        [_thread_blocked, id=10904, stack(0x000000a033400000,0x000000a033500000) (1024K)]
  0x000001adfd612720 JavaThread "Unconstrained build operations Thread 117"        [_thread_blocked, id=36800, stack(0x000000a033500000,0x000000a033600000) (1024K)]
  0x000001adfd613440 JavaThread "Unconstrained build operations Thread 118"        [_thread_blocked, id=14492, stack(0x000000a033600000,0x000000a033700000) (1024K)]
  0x000001adfd614e80 JavaThread "Unconstrained build operations Thread 119"        [_thread_blocked, id=6152, stack(0x000000a033700000,0x000000a033800000) (1024K)]
  0x000001adfb13c9c0 JavaThread "Unconstrained build operations Thread 120"        [_thread_blocked, id=9224, stack(0x000000a033800000,0x000000a033900000) (1024K)]
  0x000001adfd3206e0 JavaThread "jar transforms Thread 6"           [_thread_blocked, id=1772, stack(0x000000a033900000,0x000000a033a00000) (1024K)]
Total: 176

Other Threads:
  0x000001adf31a1010 VMThread "VM Thread"                           [id=31668, stack(0x000000a028200000,0x000000a028300000) (1024K)]
  0x000001adf3191cf0 WatcherThread "VM Periodic Task Thread"        [id=30728, stack(0x000000a028100000,0x000000a028200000) (1024K)]
  0x000001adda659ba0 WorkerThread "GC Thread#0"                     [id=5824, stack(0x000000a027c00000,0x000000a027d00000) (1024K)]
  0x000001adf380b4c0 WorkerThread "GC Thread#1"                     [id=31416, stack(0x000000a028d00000,0x000000a028e00000) (1024K)]
  0x000001adf38b7240 WorkerThread "GC Thread#2"                     [id=33656, stack(0x000000a028e00000,0x000000a028f00000) (1024K)]
  0x000001adf8302450 WorkerThread "GC Thread#3"                     [id=17704, stack(0x000000a028f00000,0x000000a029000000) (1024K)]
  0x000001adf8302800 WorkerThread "GC Thread#4"                     [id=33980, stack(0x000000a029000000,0x000000a029100000) (1024K)]
  0x000001adf916a080 WorkerThread "GC Thread#5"                     [id=31864, stack(0x000000a029100000,0x000000a029200000) (1024K)]
  0x000001adf916a430 WorkerThread "GC Thread#6"                     [id=23744, stack(0x000000a029200000,0x000000a029300000) (1024K)]
  0x000001adf916ba50 WorkerThread "GC Thread#7"                     [id=31128, stack(0x000000a029300000,0x000000a029400000) (1024K)]
=>0x000001adf916ab90 WorkerThread "GC Thread#8"                     [id=30532, stack(0x000000a029400000,0x000000a029500000) (1024K)]
  0x000001adfa839360 WorkerThread "GC Thread#9"                     [id=12328, stack(0x000000a02a300000,0x000000a02a400000) (1024K)]
  0x000001adda66b2b0 ConcurrentGCThread "G1 Main Marker"            [id=29848, stack(0x000000a027d00000,0x000000a027e00000) (1024K)]
  0x000001adda66cb50 WorkerThread "G1 Conc#0"                       [id=9308, stack(0x000000a027e00000,0x000000a027f00000) (1024K)]
  0x000001adfa839ac0 WorkerThread "G1 Conc#1"                       [id=13692, stack(0x000000a02a400000,0x000000a02a500000) (1024K)]
  0x000001adfa83b840 WorkerThread "G1 Conc#2"                       [id=33056, stack(0x000000a02a500000,0x000000a02a600000) (1024K)]
  0x000001adf3060ae0 ConcurrentGCThread "G1 Refine#0"               [id=12420, stack(0x000000a027f00000,0x000000a028000000) (1024K)]
  0x000001adf3062420 ConcurrentGCThread "G1 Service"                [id=30280, stack(0x000000a028000000,0x000000a028100000) (1024K)]
Total: 18

Threads with active compile tasks:
Total: 0

VM state: at safepoint (normal execution)

VM Mutex/Monitor currently owned by a thread:  ([mutex/lock_event])
[0x00007fff95d9d030] FreeList_lock - owner thread: 0x000001adf916ab90
[0x00007fff95d9f5b0] Threads_lock - owner thread: 0x000001adf31a1010
[0x00007fff95d9f6b0] Heap_lock - owner thread: 0x000001adfacac7d0

Heap address: 0x0000000080000000, size: 2048 MB, Compressed Oops mode: 32-bit

CDS archive(s) mapped at: [0x000001ad80000000-0x000001ad80ba0000-0x000001ad80ba0000), size 12189696, SharedBaseAddress: 0x000001ad80000000, ArchiveRelocationMode: 1.
Compressed class space mapped at: 0x000001ad81000000-0x000001ad9b000000, reserved size: 436207616
Narrow klass base: 0x000001ad80000000, Narrow klass shift: 0, Narrow klass range: 0x100000000

GC Precious Log:
 CardTable entry size: 512
 Card Set container configuration: InlinePtr #cards 5 size 8 Array Of Cards #cards 12 size 40 Howl #buckets 4 coarsen threshold 1843 Howl Bitmap #cards 512 size 80 coarsen threshold 460 Card regions per heap region 1 cards per card region 2048
 CPUs: 12 total, 12 available
 Memory: 7832M
 Large Page Support: Disabled
 NUMA Support: Disabled
 Compressed Oops: Enabled (32-bit)
 Heap Region Size: 1M
 Heap Min Capacity: 8M
 Heap Initial Capacity: 124M
 Heap Max Capacity: 2G
 Pre-touch: Disabled
 Parallel Workers: 10
 Concurrent Workers: 3
 Concurrent Refinement Workers: 10
 Periodic GC: Disabled

Heap:
 garbage-first heap   total 204800K, used 192969K [0x0000000080000000, 0x0000000100000000)
  region size 1024K, 71 young (72704K), 9 survivors (9216K)
 Metaspace       used 109271K, committed 111680K, reserved 557056K
  class space    used 15459K, committed 16640K, reserved 425984K

Heap Regions: E=young(eden), S=young(survivor), O=old, HS=humongous(starts), HC=humongous(continues), CS=collection set, F=free, TAMS=top-at-mark-start, PB=parsable bottom
|   0|0x0000000080000000, 0x0000000080100000, 0x0000000080100000|100%| O|  |TAMS 0x0000000080000000| PB 0x0000000080000000| Untracked 
|   1|0x0000000080100000, 0x0000000080200000, 0x0000000080200000|100%|HS|  |TAMS 0x0000000080100000| PB 0x0000000080100000| Complete 
|   2|0x0000000080200000, 0x0000000080300000, 0x0000000080300000|100%|HC|  |TAMS 0x0000000080200000| PB 0x0000000080200000| Complete 
|   3|0x0000000080300000, 0x0000000080400000, 0x0000000080400000|100%|HC|  |TAMS 0x0000000080300000| PB 0x0000000080300000| Complete 
|   4|0x0000000080400000, 0x0000000080500000, 0x0000000080500000|100%| O|  |TAMS 0x0000000080400000| PB 0x0000000080400000| Untracked 
|   5|0x0000000080500000, 0x0000000080600000, 0x0000000080600000|100%| O|  |TAMS 0x0000000080500000| PB 0x0000000080500000| Untracked 
|   6|0x0000000080600000, 0x0000000080700000, 0x0000000080700000|100%| O|  |TAMS 0x0000000080600000| PB 0x0000000080600000| Untracked 
|   7|0x0000000080700000, 0x0000000080800000, 0x0000000080800000|100%|HS|  |TAMS 0x0000000080700000| PB 0x0000000080700000| Complete 
|   8|0x0000000080800000, 0x0000000080900000, 0x0000000080900000|100%| O|  |TAMS 0x0000000080800000| PB 0x0000000080800000| Untracked 
|   9|0x0000000080900000, 0x0000000080a00000, 0x0000000080a00000|100%| O|  |TAMS 0x0000000080900000| PB 0x0000000080900000| Untracked 
|  10|0x0000000080a00000, 0x0000000080b00000, 0x0000000080b00000|100%| O|  |TAMS 0x0000000080a00000| PB 0x0000000080a00000| Untracked 
|  11|0x0000000080b00000, 0x0000000080c00000, 0x0000000080c00000|100%| O|  |TAMS 0x0000000080b00000| PB 0x0000000080b00000| Untracked 
|  12|0x0000000080c00000, 0x0000000080d00000, 0x0000000080d00000|100%| O|  |TAMS 0x0000000080c00000| PB 0x0000000080c00000| Untracked 
|  13|0x0000000080d00000, 0x0000000080e00000, 0x0000000080e00000|100%| O|  |TAMS 0x0000000080d00000| PB 0x0000000080d00000| Untracked 
|  14|0x0000000080e00000, 0x0000000080f00000, 0x0000000080f00000|100%| O|  |TAMS 0x0000000080e00000| PB 0x0000000080e00000| Untracked 
|  15|0x0000000080f00000, 0x0000000081000000, 0x0000000081000000|100%| O|  |TAMS 0x0000000080f00000| PB 0x0000000080f00000| Untracked 
|  16|0x0000000081000000, 0x0000000081100000, 0x0000000081100000|100%| O|  |TAMS 0x0000000081000000| PB 0x0000000081000000| Untracked 
|  17|0x0000000081100000, 0x0000000081200000, 0x0000000081200000|100%| O|  |TAMS 0x0000000081100000| PB 0x0000000081100000| Untracked 
|  18|0x0000000081200000, 0x0000000081300000, 0x0000000081300000|100%| O|  |TAMS 0x0000000081200000| PB 0x0000000081200000| Untracked 
|  19|0x0000000081300000, 0x0000000081400000, 0x0000000081400000|100%| O|  |TAMS 0x0000000081300000| PB 0x0000000081300000| Untracked 
|  20|0x0000000081400000, 0x0000000081500000, 0x0000000081500000|100%| O|  |TAMS 0x0000000081400000| PB 0x0000000081400000| Untracked 
|  21|0x0000000081500000, 0x0000000081600000, 0x0000000081600000|100%| O|  |TAMS 0x0000000081500000| PB 0x0000000081500000| Untracked 
|  22|0x0000000081600000, 0x0000000081700000, 0x0000000081700000|100%| O|  |TAMS 0x0000000081600000| PB 0x0000000081600000| Untracked 
|  23|0x0000000081700000, 0x0000000081800000, 0x0000000081800000|100%| O|  |TAMS 0x0000000081700000| PB 0x0000000081700000| Untracked 
|  24|0x0000000081800000, 0x0000000081900000, 0x0000000081900000|100%| O|  |TAMS 0x0000000081800000| PB 0x0000000081800000| Untracked 
|  25|0x0000000081900000, 0x0000000081a00000, 0x0000000081a00000|100%| O|  |TAMS 0x0000000081900000| PB 0x0000000081900000| Untracked 
|  26|0x0000000081a00000, 0x0000000081b00000, 0x0000000081b00000|100%| O|  |TAMS 0x0000000081a00000| PB 0x0000000081a00000| Untracked 
|  27|0x0000000081b00000, 0x0000000081c00000, 0x0000000081c00000|100%| O|  |TAMS 0x0000000081b00000| PB 0x0000000081b00000| Untracked 
|  28|0x0000000081c00000, 0x0000000081d00000, 0x0000000081d00000|100%| O|  |TAMS 0x0000000081c00000| PB 0x0000000081c00000| Untracked 
|  29|0x0000000081d00000, 0x0000000081e00000, 0x0000000081e00000|100%|HS|  |TAMS 0x0000000081d00000| PB 0x0000000081d00000| Complete 
|  30|0x0000000081e00000, 0x0000000081f00000, 0x0000000081f00000|100%|HC|  |TAMS 0x0000000081e00000| PB 0x0000000081e00000| Complete 
|  31|0x0000000081f00000, 0x0000000082000000, 0x0000000082000000|100%|HS|  |TAMS 0x0000000081f00000| PB 0x0000000081f00000| Complete 
|  32|0x0000000082000000, 0x0000000082100000, 0x0000000082100000|100%|HC|  |TAMS 0x0000000082000000| PB 0x0000000082000000| Complete 
|  33|0x0000000082100000, 0x0000000082200000, 0x0000000082200000|100%| O|  |TAMS 0x0000000082100000| PB 0x0000000082100000| Untracked 
|  34|0x0000000082200000, 0x0000000082300000, 0x0000000082300000|100%| O|  |TAMS 0x0000000082200000| PB 0x0000000082200000| Untracked 
|  35|0x0000000082300000, 0x0000000082400000, 0x0000000082400000|100%| O|  |TAMS 0x0000000082300000| PB 0x0000000082300000| Untracked 
|  36|0x0000000082400000, 0x0000000082500000, 0x0000000082500000|100%| O|  |TAMS 0x0000000082400000| PB 0x0000000082400000| Untracked 
|  37|0x0000000082500000, 0x0000000082600000, 0x0000000082600000|100%| O|  |TAMS 0x0000000082500000| PB 0x0000000082500000| Untracked 
|  38|0x0000000082600000, 0x0000000082700000, 0x0000000082700000|100%| O|  |TAMS 0x0000000082600000| PB 0x0000000082600000| Untracked 
|  39|0x0000000082700000, 0x0000000082800000, 0x0000000082800000|100%| O|  |TAMS 0x0000000082700000| PB 0x0000000082700000| Untracked 
|  40|0x0000000082800000, 0x0000000082900000, 0x0000000082900000|100%| O|  |TAMS 0x0000000082800000| PB 0x0000000082800000| Untracked 
|  41|0x0000000082900000, 0x0000000082a00000, 0x0000000082a00000|100%| O|  |TAMS 0x0000000082900000| PB 0x0000000082900000| Untracked 
|  42|0x0000000082a00000, 0x0000000082b00000, 0x0000000082b00000|100%| O|  |TAMS 0x0000000082a00000| PB 0x0000000082a00000| Untracked 
|  43|0x0000000082b00000, 0x0000000082c00000, 0x0000000082c00000|100%| O|  |TAMS 0x0000000082b00000| PB 0x0000000082b00000| Untracked 
|  44|0x0000000082c00000, 0x0000000082d00000, 0x0000000082d00000|100%| O|  |TAMS 0x0000000082c00000| PB 0x0000000082c00000| Untracked 
|  45|0x0000000082d00000, 0x0000000082e00000, 0x0000000082e00000|100%| O|  |TAMS 0x0000000082d00000| PB 0x0000000082d00000| Untracked 
|  46|0x0000000082e00000, 0x0000000082f00000, 0x0000000082f00000|100%| O|  |TAMS 0x0000000082e00000| PB 0x0000000082e00000| Untracked 
|  47|0x0000000082f00000, 0x0000000083000000, 0x0000000083000000|100%| O|  |TAMS 0x0000000082f00000| PB 0x0000000082f00000| Untracked 
|  48|0x0000000083000000, 0x0000000083100000, 0x0000000083100000|100%| O|  |TAMS 0x0000000083000000| PB 0x0000000083000000| Untracked 
|  49|0x0000000083100000, 0x0000000083200000, 0x0000000083200000|100%| O|CS|TAMS 0x0000000083100000| PB 0x0000000083100000| Complete 
|  50|0x0000000083200000, 0x0000000083300000, 0x0000000083300000|100%| O|  |TAMS 0x0000000083200000| PB 0x0000000083200000| Untracked 
|  51|0x0000000083300000, 0x0000000083400000, 0x0000000083400000|100%| O|  |TAMS 0x0000000083300000| PB 0x0000000083300000| Untracked 
|  52|0x0000000083400000, 0x0000000083500000, 0x0000000083500000|100%| O|  |TAMS 0x0000000083400000| PB 0x0000000083400000| Untracked 
|  53|0x0000000083500000, 0x0000000083600000, 0x0000000083600000|100%| O|  |TAMS 0x0000000083500000| PB 0x0000000083500000| Untracked 
|  54|0x0000000083600000, 0x0000000083700000, 0x0000000083700000|100%|HS|  |TAMS 0x0000000083600000| PB 0x0000000083600000| Complete 
|  55|0x0000000083700000, 0x0000000083800000, 0x0000000083800000|100%|HS|  |TAMS 0x0000000083700000| PB 0x0000000083700000| Complete 
|  56|0x0000000083800000, 0x0000000083900000, 0x0000000083900000|100%|HS|  |TAMS 0x0000000083800000| PB 0x0000000083800000| Complete 
|  57|0x0000000083900000, 0x0000000083a00000, 0x0000000083a00000|100%|HC|  |TAMS 0x0000000083900000| PB 0x0000000083900000| Complete 
|  58|0x0000000083a00000, 0x0000000083b00000, 0x0000000083b00000|100%|HS|  |TAMS 0x0000000083a00000| PB 0x0000000083a00000| Complete 
|  59|0x0000000083b00000, 0x0000000083c00000, 0x0000000083c00000|100%|HS|  |TAMS 0x0000000083b00000| PB 0x0000000083b00000| Complete 
|  60|0x0000000083c00000, 0x0000000083d00000, 0x0000000083d00000|100%| O|  |TAMS 0x0000000083c00000| PB 0x0000000083c00000| Untracked 
|  61|0x0000000083d00000, 0x0000000083e00000, 0x0000000083e00000|100%| O|  |TAMS 0x0000000083d00000| PB 0x0000000083d00000| Untracked 
|  62|0x0000000083e00000, 0x0000000083f00000, 0x0000000083f00000|100%|HS|  |TAMS 0x0000000083e00000| PB 0x0000000083e00000| Complete 
|  63|0x0000000083f00000, 0x0000000084000000, 0x0000000084000000|100%|HC|  |TAMS 0x0000000083f00000| PB 0x0000000083f00000| Complete 
|  64|0x0000000084000000, 0x0000000084100000, 0x0000000084100000|100%| O|  |TAMS 0x0000000084000000| PB 0x0000000084000000| Untracked 
|  65|0x0000000084100000, 0x0000000084200000, 0x0000000084200000|100%| O|  |TAMS 0x0000000084100000| PB 0x0000000084100000| Untracked 
|  66|0x0000000084200000, 0x0000000084300000, 0x0000000084300000|100%| O|  |TAMS 0x0000000084200000| PB 0x0000000084200000| Untracked 
|  67|0x0000000084300000, 0x0000000084400000, 0x0000000084400000|100%|HS|  |TAMS 0x0000000084300000| PB 0x0000000084300000| Complete 
|  68|0x0000000084400000, 0x0000000084500000, 0x0000000084500000|100%|HS|  |TAMS 0x0000000084400000| PB 0x0000000084400000| Complete 
|  69|0x0000000084500000, 0x0000000084600000, 0x0000000084600000|100%| O|  |TAMS 0x0000000084500000| PB 0x0000000084500000| Untracked 
|  70|0x0000000084600000, 0x0000000084700000, 0x0000000084700000|100%| O|  |TAMS 0x0000000084600000| PB 0x0000000084600000| Untracked 
|  71|0x0000000084700000, 0x0000000084800000, 0x0000000084800000|100%| O|  |TAMS 0x0000000084700000| PB 0x0000000084700000| Untracked 
|  72|0x0000000084800000, 0x0000000084900000, 0x0000000084900000|100%| O|  |TAMS 0x0000000084800000| PB 0x0000000084800000| Untracked 
|  73|0x0000000084900000, 0x0000000084a00000, 0x0000000084a00000|100%| O|  |TAMS 0x0000000084900000| PB 0x0000000084900000| Untracked 
|  74|0x0000000084a00000, 0x0000000084b00000, 0x0000000084b00000|100%|HS|  |TAMS 0x0000000084a00000| PB 0x0000000084a00000| Complete 
|  75|0x0000000084b00000, 0x0000000084c00000, 0x0000000084c00000|100%| O|  |TAMS 0x0000000084b00000| PB 0x0000000084b00000| Untracked 
|  76|0x0000000084c00000, 0x0000000084d00000, 0x0000000084d00000|100%| O|  |TAMS 0x0000000084c00000| PB 0x0000000084c00000| Untracked 
|  77|0x0000000084d00000, 0x0000000084e00000, 0x0000000084e00000|100%| O|  |TAMS 0x0000000084d00000| PB 0x0000000084d00000| Untracked 
|  78|0x0000000084e00000, 0x0000000084f00000, 0x0000000084f00000|100%| O|  |TAMS 0x0000000084e00000| PB 0x0000000084e00000| Untracked 
|  79|0x0000000084f00000, 0x0000000085000000, 0x0000000085000000|100%| O|  |TAMS 0x0000000084f00000| PB 0x0000000084f00000| Untracked 
|  80|0x0000000085000000, 0x0000000085100000, 0x0000000085100000|100%| O|  |TAMS 0x0000000085000000| PB 0x0000000085000000| Untracked 
|  81|0x0000000085100000, 0x0000000085200000, 0x0000000085200000|100%| O|  |TAMS 0x0000000085100000| PB 0x0000000085100000| Untracked 
|  82|0x0000000085200000, 0x0000000085300000, 0x0000000085300000|100%| O|  |TAMS 0x0000000085200000| PB 0x0000000085200000| Untracked 
|  83|0x0000000085300000, 0x0000000085400000, 0x0000000085400000|100%| O|  |TAMS 0x0000000085300000| PB 0x0000000085300000| Untracked 
|  84|0x0000000085400000, 0x0000000085500000, 0x0000000085500000|100%| O|  |TAMS 0x0000000085400000| PB 0x0000000085400000| Untracked 
|  85|0x0000000085500000, 0x0000000085600000, 0x0000000085600000|100%| O|  |TAMS 0x0000000085500000| PB 0x0000000085500000| Untracked 
|  86|0x0000000085600000, 0x0000000085700000, 0x0000000085700000|100%| O|  |TAMS 0x0000000085600000| PB 0x0000000085600000| Untracked 
|  87|0x0000000085700000, 0x0000000085800000, 0x0000000085800000|100%| O|  |TAMS 0x0000000085700000| PB 0x0000000085700000| Untracked 
|  88|0x0000000085800000, 0x0000000085900000, 0x0000000085900000|100%| O|  |TAMS 0x0000000085800000| PB 0x0000000085800000| Untracked 
|  89|0x0000000085900000, 0x0000000085a00000, 0x0000000085a00000|100%| O|  |TAMS 0x0000000085900000| PB 0x0000000085900000| Untracked 
|  90|0x0000000085a00000, 0x0000000085b00000, 0x0000000085b00000|100%| O|  |TAMS 0x0000000085a00000| PB 0x0000000085a00000| Untracked 
|  91|0x0000000085b00000, 0x0000000085c00000, 0x0000000085c00000|100%| O|  |TAMS 0x0000000085b00000| PB 0x0000000085b00000| Untracked 
|  92|0x0000000085c00000, 0x0000000085d00000, 0x0000000085d00000|100%| O|  |TAMS 0x0000000085c00000| PB 0x0000000085c00000| Untracked 
|  93|0x0000000085d00000, 0x0000000085e00000, 0x0000000085e00000|100%| O|  |TAMS 0x0000000085d00000| PB 0x0000000085d00000| Untracked 
|  94|0x0000000085e00000, 0x0000000085f00000, 0x0000000085f00000|100%|HS|  |TAMS 0x0000000085e00000| PB 0x0000000085e00000| Complete 
|  95|0x0000000085f00000, 0x0000000086000000, 0x0000000086000000|100%|HS|  |TAMS 0x0000000085f00000| PB 0x0000000085f00000| Complete 
|  96|0x0000000086000000, 0x0000000086100000, 0x0000000086100000|100%|HS|  |TAMS 0x0000000086000000| PB 0x0000000086000000| Complete 
|  97|0x0000000086100000, 0x0000000086200000, 0x0000000086200000|100%|HS|  |TAMS 0x0000000086100000| PB 0x0000000086100000| Complete 
|  98|0x0000000086200000, 0x0000000086300000, 0x0000000086300000|100%|HC|  |TAMS 0x0000000086200000| PB 0x0000000086200000| Complete 
|  99|0x0000000086300000, 0x0000000086400000, 0x0000000086400000|100%| O|  |TAMS 0x0000000086300000| PB 0x0000000086300000| Untracked 
| 100|0x0000000086400000, 0x0000000086500000, 0x0000000086500000|100%| O|  |TAMS 0x0000000086400000| PB 0x0000000086400000| Untracked 
| 101|0x0000000086500000, 0x0000000086600000, 0x0000000086600000|100%| O|  |TAMS 0x0000000086500000| PB 0x0000000086500000| Untracked 
| 102|0x0000000086600000, 0x0000000086700000, 0x0000000086700000|100%| O|  |TAMS 0x0000000086600000| PB 0x0000000086600000| Untracked 
| 103|0x0000000086700000, 0x0000000086800000, 0x0000000086800000|100%| O|  |TAMS 0x0000000086700000| PB 0x0000000086700000| Untracked 
| 104|0x0000000086800000, 0x0000000086900000, 0x0000000086900000|100%| O|  |TAMS 0x0000000086800000| PB 0x0000000086800000| Untracked 
| 105|0x0000000086900000, 0x0000000086a00000, 0x0000000086a00000|100%| O|  |TAMS 0x0000000086900000| PB 0x0000000086900000| Untracked 
| 106|0x0000000086a00000, 0x0000000086b00000, 0x0000000086b00000|100%| O|  |TAMS 0x0000000086a00000| PB 0x0000000086a00000| Untracked 
| 107|0x0000000086b00000, 0x0000000086c00000, 0x0000000086c00000|100%| S|  |TAMS 0x0000000086b00000| PB 0x0000000086b00000| Complete 
| 108|0x0000000086c00000, 0x0000000086d00000, 0x0000000086d00000|100%| S|  |TAMS 0x0000000086c00000| PB 0x0000000086c00000| Complete 
| 109|0x0000000086d00000, 0x0000000086e00000, 0x0000000086e00000|100%| S|  |TAMS 0x0000000086d00000| PB 0x0000000086d00000| Complete 
| 110|0x0000000086e00000, 0x0000000086f00000, 0x0000000086f00000|100%| S|  |TAMS 0x0000000086e00000| PB 0x0000000086e00000| Complete 
| 111|0x0000000086f00000, 0x0000000087000000, 0x0000000087000000|100%| S|  |TAMS 0x0000000086f00000| PB 0x0000000086f00000| Complete 
| 112|0x0000000087000000, 0x0000000087100000, 0x0000000087100000|100%| S|  |TAMS 0x0000000087000000| PB 0x0000000087000000| Complete 
| 113|0x0000000087100000, 0x0000000087200000, 0x0000000087200000|100%| S|  |TAMS 0x0000000087100000| PB 0x0000000087100000| Complete 
| 114|0x0000000087200000, 0x0000000087300000, 0x0000000087300000|100%| S|  |TAMS 0x0000000087200000| PB 0x0000000087200000| Complete 
| 115|0x0000000087300000, 0x0000000087400000, 0x0000000087400000|100%| S|  |TAMS 0x0000000087300000| PB 0x0000000087300000| Complete 
| 116|0x0000000087400000, 0x0000000087500000, 0x0000000087500000|100%| E|CS|TAMS 0x0000000087400000| PB 0x0000000087400000| Complete 
| 117|0x0000000087500000, 0x0000000087600000, 0x0000000087600000|100%| E|CS|TAMS 0x0000000087500000| PB 0x0000000087500000| Complete 
| 118|0x0000000087600000, 0x0000000087700000, 0x0000000087700000|100%| E|CS|TAMS 0x0000000087600000| PB 0x0000000087600000| Complete 
| 119|0x0000000087700000, 0x0000000087800000, 0x0000000087800000|100%| E|CS|TAMS 0x0000000087700000| PB 0x0000000087700000| Complete 
| 120|0x0000000087800000, 0x0000000087900000, 0x0000000087900000|100%| E|CS|TAMS 0x0000000087800000| PB 0x0000000087800000| Complete 
| 121|0x0000000087900000, 0x0000000087a00000, 0x0000000087a00000|100%| E|CS|TAMS 0x0000000087900000| PB 0x0000000087900000| Complete 
| 122|0x0000000087a00000, 0x0000000087a286d0, 0x0000000087b00000| 15%| E|CS|TAMS 0x0000000087a00000| PB 0x0000000087a00000| Complete 
| 123|0x0000000087b00000, 0x0000000087c00000, 0x0000000087c00000|100%| E|CS|TAMS 0x0000000087b00000| PB 0x0000000087b00000| Complete 
| 124|0x0000000087c00000, 0x0000000087d00000, 0x0000000087d00000|100%| E|CS|TAMS 0x0000000087c00000| PB 0x0000000087c00000| Complete 
| 125|0x0000000087d00000, 0x0000000087e00000, 0x0000000087e00000|100%| E|CS|TAMS 0x0000000087d00000| PB 0x0000000087d00000| Complete 
| 126|0x0000000087e00000, 0x0000000087f00000, 0x0000000087f00000|100%| E|CS|TAMS 0x0000000087e00000| PB 0x0000000087e00000| Complete 
| 127|0x0000000087f00000, 0x0000000088000000, 0x0000000088000000|100%| E|CS|TAMS 0x0000000087f00000| PB 0x0000000087f00000| Complete 
| 128|0x0000000088000000, 0x0000000088100000, 0x0000000088100000|100%| E|CS|TAMS 0x0000000088000000| PB 0x0000000088000000| Complete 
| 129|0x0000000088100000, 0x0000000088200000, 0x0000000088200000|100%| E|CS|TAMS 0x0000000088100000| PB 0x0000000088100000| Complete 
| 130|0x0000000088200000, 0x0000000088300000, 0x0000000088300000|100%| E|CS|TAMS 0x0000000088200000| PB 0x0000000088200000| Complete 
| 131|0x0000000088300000, 0x0000000088400000, 0x0000000088400000|100%| E|CS|TAMS 0x0000000088300000| PB 0x0000000088300000| Complete 
| 132|0x0000000088400000, 0x0000000088500000, 0x0000000088500000|100%| E|CS|TAMS 0x0000000088400000| PB 0x0000000088400000| Complete 
| 133|0x0000000088500000, 0x0000000088600000, 0x0000000088600000|100%| E|CS|TAMS 0x0000000088500000| PB 0x0000000088500000| Complete 
| 134|0x0000000088600000, 0x0000000088700000, 0x0000000088700000|100%| E|CS|TAMS 0x0000000088600000| PB 0x0000000088600000| Complete 
| 135|0x0000000088700000, 0x0000000088800000, 0x0000000088800000|100%| E|CS|TAMS 0x0000000088700000| PB 0x0000000088700000| Complete 
| 136|0x0000000088800000, 0x0000000088900000, 0x0000000088900000|100%| E|CS|TAMS 0x0000000088800000| PB 0x0000000088800000| Complete 
| 137|0x0000000088900000, 0x0000000088a00000, 0x0000000088a00000|100%| E|CS|TAMS 0x0000000088900000| PB 0x0000000088900000| Complete 
| 138|0x0000000088a00000, 0x0000000088b00000, 0x0000000088b00000|100%| E|CS|TAMS 0x0000000088a00000| PB 0x0000000088a00000| Complete 
| 139|0x0000000088b00000, 0x0000000088c00000, 0x0000000088c00000|100%| E|CS|TAMS 0x0000000088b00000| PB 0x0000000088b00000| Complete 
| 140|0x0000000088c00000, 0x0000000088d00000, 0x0000000088d00000|100%| E|CS|TAMS 0x0000000088c00000| PB 0x0000000088c00000| Complete 
| 141|0x0000000088d00000, 0x0000000088e00000, 0x0000000088e00000|100%| E|CS|TAMS 0x0000000088d00000| PB 0x0000000088d00000| Complete 
| 142|0x0000000088e00000, 0x0000000088f00000, 0x0000000088f00000|100%| E|CS|TAMS 0x0000000088e00000| PB 0x0000000088e00000| Complete 
| 143|0x0000000088f00000, 0x0000000089000000, 0x0000000089000000|100%| E|CS|TAMS 0x0000000088f00000| PB 0x0000000088f00000| Complete 
| 144|0x0000000089000000, 0x0000000089100000, 0x0000000089100000|100%| E|CS|TAMS 0x0000000089000000| PB 0x0000000089000000| Complete 
| 145|0x0000000089100000, 0x0000000089200000, 0x0000000089200000|100%| E|CS|TAMS 0x0000000089100000| PB 0x0000000089100000| Complete 
| 146|0x0000000089200000, 0x0000000089300000, 0x0000000089300000|100%| E|CS|TAMS 0x0000000089200000| PB 0x0000000089200000| Complete 
| 147|0x0000000089300000, 0x0000000089400000, 0x0000000089400000|100%| E|CS|TAMS 0x0000000089300000| PB 0x0000000089300000| Complete 
| 148|0x0000000089400000, 0x0000000089500000, 0x0000000089500000|100%| E|CS|TAMS 0x0000000089400000| PB 0x0000000089400000| Complete 
| 149|0x0000000089500000, 0x0000000089600000, 0x0000000089600000|100%| E|CS|TAMS 0x0000000089500000| PB 0x0000000089500000| Complete 
| 150|0x0000000089600000, 0x0000000089700000, 0x0000000089700000|100%| E|CS|TAMS 0x0000000089600000| PB 0x0000000089600000| Complete 
| 151|0x0000000089700000, 0x0000000089800000, 0x0000000089800000|100%| E|CS|TAMS 0x0000000089700000| PB 0x0000000089700000| Complete 
| 152|0x0000000089800000, 0x0000000089900000, 0x0000000089900000|100%| E|CS|TAMS 0x0000000089800000| PB 0x0000000089800000| Complete 
| 153|0x0000000089900000, 0x0000000089a00000, 0x0000000089a00000|100%| E|CS|TAMS 0x0000000089900000| PB 0x0000000089900000| Complete 
| 154|0x0000000089a00000, 0x0000000089b00000, 0x0000000089b00000|100%| E|CS|TAMS 0x0000000089a00000| PB 0x0000000089a00000| Complete 
| 155|0x0000000089b00000, 0x0000000089c00000, 0x0000000089c00000|100%| E|CS|TAMS 0x0000000089b00000| PB 0x0000000089b00000| Complete 
| 156|0x0000000089c00000, 0x0000000089d00000, 0x0000000089d00000|100%| E|CS|TAMS 0x0000000089c00000| PB 0x0000000089c00000| Complete 
| 157|0x0000000089d00000, 0x0000000089e00000, 0x0000000089e00000|100%| E|CS|TAMS 0x0000000089d00000| PB 0x0000000089d00000| Complete 
| 158|0x0000000089e00000, 0x0000000089f00000, 0x0000000089f00000|100%| E|CS|TAMS 0x0000000089e00000| PB 0x0000000089e00000| Complete 
| 159|0x0000000089f00000, 0x000000008a000000, 0x000000008a000000|100%| E|CS|TAMS 0x0000000089f00000| PB 0x0000000089f00000| Complete 
| 160|0x000000008a000000, 0x000000008a100000, 0x000000008a100000|100%| E|CS|TAMS 0x000000008a000000| PB 0x000000008a000000| Complete 
| 161|0x000000008a100000, 0x000000008a200000, 0x000000008a200000|100%| E|CS|TAMS 0x000000008a100000| PB 0x000000008a100000| Complete 
| 162|0x000000008a200000, 0x000000008a300000, 0x000000008a300000|100%| E|CS|TAMS 0x000000008a200000| PB 0x000000008a200000| Complete 
| 163|0x000000008a300000, 0x000000008a400000, 0x000000008a400000|100%| E|CS|TAMS 0x000000008a300000| PB 0x000000008a300000| Complete 
| 164|0x000000008a400000, 0x000000008a500000, 0x000000008a500000|100%| E|CS|TAMS 0x000000008a400000| PB 0x000000008a400000| Complete 
| 165|0x000000008a500000, 0x000000008a600000, 0x000000008a600000|100%| E|CS|TAMS 0x000000008a500000| PB 0x000000008a500000| Complete 
| 166|0x000000008a600000, 0x000000008a700000, 0x000000008a700000|100%| E|CS|TAMS 0x000000008a600000| PB 0x000000008a600000| Complete 
| 167|0x000000008a700000, 0x000000008a800000, 0x000000008a800000|100%| E|CS|TAMS 0x000000008a700000| PB 0x000000008a700000| Complete 
| 168|0x000000008a800000, 0x000000008a900000, 0x000000008a900000|100%| E|CS|TAMS 0x000000008a800000| PB 0x000000008a800000| Complete 
| 169|0x000000008a900000, 0x000000008aa00000, 0x000000008aa00000|100%| E|CS|TAMS 0x000000008a900000| PB 0x000000008a900000| Complete 
| 170|0x000000008aa00000, 0x000000008ab00000, 0x000000008ab00000|100%| E|CS|TAMS 0x000000008aa00000| PB 0x000000008aa00000| Complete 
| 171|0x000000008ab00000, 0x000000008ac00000, 0x000000008ac00000|100%| E|CS|TAMS 0x000000008ab00000| PB 0x000000008ab00000| Complete 
| 172|0x000000008ac00000, 0x000000008ad00000, 0x000000008ad00000|100%| E|CS|TAMS 0x000000008ac00000| PB 0x000000008ac00000| Complete 
| 173|0x000000008ad00000, 0x000000008ae00000, 0x000000008ae00000|100%| E|CS|TAMS 0x000000008ad00000| PB 0x000000008ad00000| Complete 
| 174|0x000000008ae00000, 0x000000008af00000, 0x000000008af00000|100%| E|CS|TAMS 0x000000008ae00000| PB 0x000000008ae00000| Complete 
| 175|0x000000008af00000, 0x000000008b000000, 0x000000008b000000|100%| E|CS|TAMS 0x000000008af00000| PB 0x000000008af00000| Complete 
| 176|0x000000008b000000, 0x000000008b100000, 0x000000008b100000|100%| E|CS|TAMS 0x000000008b000000| PB 0x000000008b000000| Complete 
| 177|0x000000008b100000, 0x000000008b200000, 0x000000008b200000|100%| E|CS|TAMS 0x000000008b100000| PB 0x000000008b100000| Complete 
| 178|0x000000008b200000, 0x000000008b300000, 0x000000008b300000|100%| E|CS|TAMS 0x000000008b200000| PB 0x000000008b200000| Complete 
| 179|0x000000008b300000, 0x000000008b400000, 0x000000008b400000|100%| E|CS|TAMS 0x000000008b300000| PB 0x000000008b300000| Complete 
| 180|0x000000008b400000, 0x000000008b500000, 0x000000008b500000|100%| E|CS|TAMS 0x000000008b400000| PB 0x000000008b400000| Complete 
| 181|0x000000008b500000, 0x000000008b600000, 0x000000008b600000|100%| E|CS|TAMS 0x000000008b500000| PB 0x000000008b500000| Complete 
|2030|0x00000000fee00000, 0x00000000fef00000, 0x00000000fef00000|100%| O|CS|TAMS 0x00000000fee00000| PB 0x00000000fee00000| Complete 
|2031|0x00000000fef00000, 0x00000000ff000000, 0x00000000ff000000|100%| O|CS|TAMS 0x00000000fef00000| PB 0x00000000fef00000| Complete 
|2032|0x00000000ff000000, 0x00000000ff100000, 0x00000000ff100000|100%| O|  |TAMS 0x00000000ff000000| PB 0x00000000ff000000| Untracked 
|2033|0x00000000ff100000, 0x00000000ff200000, 0x00000000ff200000|100%| O|  |TAMS 0x00000000ff100000| PB 0x00000000ff100000| Untracked 
|2034|0x00000000ff200000, 0x00000000ff300000, 0x00000000ff300000|100%| O|  |TAMS 0x00000000ff200000| PB 0x00000000ff200000| Untracked 
|2035|0x00000000ff300000, 0x00000000ff400000, 0x00000000ff400000|100%| O|  |TAMS 0x00000000ff300000| PB 0x00000000ff300000| Untracked 
|2036|0x00000000ff400000, 0x00000000ff500000, 0x00000000ff500000|100%| O|  |TAMS 0x00000000ff400000| PB 0x00000000ff400000| Untracked 
|2037|0x00000000ff500000, 0x00000000ff600000, 0x00000000ff600000|100%| O|  |TAMS 0x00000000ff500000| PB 0x00000000ff500000| Untracked 
|2038|0x00000000ff600000, 0x00000000ff700000, 0x00000000ff700000|100%| E|CS|TAMS 0x00000000ff600000| PB 0x00000000ff600000| Complete 
|2039|0x00000000ff700000, 0x00000000ff800000, 0x00000000ff800000|100%| E|CS|TAMS 0x00000000ff700000| PB 0x00000000ff700000| Complete 
|2040|0x00000000ff800000, 0x00000000ff900000, 0x00000000ff900000|100%| E|CS|TAMS 0x00000000ff800000| PB 0x00000000ff800000| Complete 
|2041|0x00000000ff900000, 0x00000000ffa00000, 0x00000000ffa00000|100%| O|  |TAMS 0x00000000ff900000| PB 0x00000000ff900000| Untracked 
|2042|0x00000000ffa00000, 0x00000000ffb00000, 0x00000000ffb00000|100%| O|  |TAMS 0x00000000ffa00000| PB 0x00000000ffa00000| Untracked 
|2043|0x00000000ffb00000, 0x00000000ffc00000, 0x00000000ffc00000|100%| O|  |TAMS 0x00000000ffb00000| PB 0x00000000ffb00000| Untracked 
|2044|0x00000000ffc00000, 0x00000000ffd00000, 0x00000000ffd00000|100%| O|  |TAMS 0x00000000ffc00000| PB 0x00000000ffc00000| Untracked 
|2045|0x00000000ffd00000, 0x00000000ffe00000, 0x00000000ffe00000|100%| O|  |TAMS 0x00000000ffd00000| PB 0x00000000ffd00000| Untracked 
|2046|0x00000000ffe00000, 0x00000000fff00000, 0x00000000fff00000|100%| O|  |TAMS 0x00000000ffe00000| PB 0x00000000ffe00000| Untracked 
|2047|0x00000000fff00000, 0x0000000100000000, 0x0000000100000000|100%| O|  |TAMS 0x00000000fff00000| PB 0x00000000fff00000| Untracked 

Card table byte_map: [0x000001adee150000,0x000001adee550000] _byte_map_base: 0x000001adedd50000

Marking Bits: (CMBitMap*) 0x000001adda65a9d0
 Bits: [0x000001adee550000, 0x000001adf0550000)

Polling page: 0x000001add8590000

Metaspace:

Usage:
  Non-class:     91.61 MB used.
      Class:     15.10 MB used.
       Both:    106.71 MB used.

Virtual space:
  Non-class space:      128.00 MB reserved,      92.81 MB ( 73%) committed,  2 nodes.
      Class space:      416.00 MB reserved,      16.25 MB (  4%) committed,  1 nodes.
             Both:      544.00 MB reserved,     109.06 MB ( 20%) committed. 

Chunk freelists:
   Non-Class:  2.62 MB
       Class:  15.76 MB
        Both:  18.39 MB

MaxMetaspaceSize: 512.00 MB
CompressedClassSpaceSize: 416.00 MB
Initial GC threshold: 21.00 MB
Current GC threshold: 181.25 MB
CDS: on
 - commit_granule_bytes: 65536.
 - commit_granule_words: 8192.
 - virtual_space_node_default_size: 8388608.
 - enlarge_chunks_in_place: 1.
 - use_allocation_guard: 0.


Internal statistics:

num_allocs_failed_limit: 12.
num_arena_births: 4396.
num_arena_deaths: 2.
num_vsnodes_births: 3.
num_vsnodes_deaths: 0.
num_space_committed: 1745.
num_space_uncommitted: 0.
num_chunks_returned_to_freelist: 14.
num_chunks_taken_from_freelist: 9607.
num_chunk_merges: 6.
num_chunk_splits: 6290.
num_chunks_enlarged: 3942.
num_inconsistent_stats: 0.

CodeHeap 'non-profiled nmethods': size=128192Kb used=8855Kb max_used=8855Kb free=119336Kb
 bounds [0x000001ade5ad0000, 0x000001ade6380000, 0x000001aded800000]
CodeHeap 'profiled nmethods': size=128192Kb used=24827Kb max_used=24827Kb free=103364Kb
 bounds [0x000001addd800000, 0x000001addf050000, 0x000001ade5530000]
CodeHeap 'non-nmethods': size=5760Kb used=2773Kb max_used=2827Kb free=2987Kb
 bounds [0x000001ade5530000, 0x000001ade5800000, 0x000001ade5ad0000]
CodeCache: size=262144Kb, used=36455Kb, max_used=36509Kb, free=225687Kb
 total_blobs=13741, nmethods=12716, adapters=928, full_count=0
Compilation: enabled, stopped_count=0, restarted_count=0

Compilation events (20 events):
Event: 775.727 Thread 0x000001adf3210dd0 15572       1       org.gradle.api.internal.artifacts.transform.DefaultTransformRegistrationFactory$DefaultTransformRegistration::getTransformStep (5 bytes)
Event: 775.727 Thread 0x000001adf3210dd0 nmethod 15572 0x000001ade6373e90 code [0x000001ade6374020, 0x000001ade63740e8]
Event: 775.728 Thread 0x000001adf3210dd0 15573       3       java.util.BitSet::expandTo (23 bytes)
Event: 775.728 Thread 0x000001adf3210dd0 nmethod 15573 0x000001addf03ed90 code [0x000001addf03ef40, 0x000001addf03f0d8]
Event: 775.728 Thread 0x000001adf3210dd0 15574       3       org.gradle.internal.component.external.model.UrlBackedArtifactMetadata::getComponentId (5 bytes)
Event: 775.728 Thread 0x000001adf3210dd0 nmethod 15574 0x000001adde6b8590 code [0x000001adde6b8720, 0x000001adde6b8858]
Event: 775.836 Thread 0x000001adf3210dd0 15575       1       org.gradle.internal.serialize.Serializers$StatefulSerializerAdapter::access$000 (5 bytes)
Event: 775.837 Thread 0x000001adf3210dd0 nmethod 15575 0x000001ade6374190 code [0x000001ade6374320, 0x000001ade63743d0]
Event: 777.036 Thread 0x000001adf31d4a40 15577       4       org.gradle.internal.hash.Hashing$MessageDigestHashFunction::newPrimitiveHasher (14 bytes)
Event: 777.060 Thread 0x000001adf31d4a40 nmethod 15577 0x000001ade6374910 code [0x000001ade6374b40, 0x000001ade6375930]
Event: 777.067 Thread 0x000001adf3210dd0 15578   !   3       java.io.FileInputStream::read (30 bytes)
Event: 777.067 Thread 0x000001adf3210dd0 nmethod 15578 0x000001addf03f190 code [0x000001addf03f360, 0x000001addf03f588]
Event: 777.073 Thread 0x000001adf3210dd0 15579       3       org.gradle.internal.hash.Hashing$MessageDigestHasher::putBytes (11 bytes)
Event: 777.073 Thread 0x000001adf3210dd0 nmethod 15579 0x000001addf03f710 code [0x000001addf03f8e0, 0x000001addf03fc28]
Event: 777.073 Thread 0x000001adf3210dd0 15580       3       com.google.common.io.ByteStreams$1::write (15 bytes)
Event: 777.073 Thread 0x000001adf3210dd0 nmethod 15580 0x000001addf03fd90 code [0x000001addf03ff60, 0x000001addf040210]
Event: 777.830 Thread 0x000001adf3210dd0 15581       3       com.google.common.collect.ImmutableSortedMap::entrySet (5 bytes)
Event: 777.831 Thread 0x000001adf3210dd0 nmethod 15581 0x000001addf040390 code [0x000001addf0405c0, 0x000001addf040e88]
Event: 778.208 Thread 0x000001adf3210dd0 15582       3       org.gradle.internal.snapshot.VfsRelativePath::getAsString (12 bytes)
Event: 778.209 Thread 0x000001adf3210dd0 nmethod 15582 0x000001addf041190 code [0x000001addf041360, 0x000001addf041610]

GC Heap History (20 events):
Event: 574.995 GC heap after
{Heap after GC invocations=34 (full 0):
 garbage-first heap   total 157696K, used 94561K [0x0000000080000000, 0x0000000100000000)
  region size 1024K, 5 young (5120K), 5 survivors (5120K)
 Metaspace       used 89745K, committed 91968K, reserved 557056K
  class space    used 12726K, committed 13824K, reserved 425984K
}
Event: 587.667 GC heap before
{Heap before GC invocations=34 (full 0):
 garbage-first heap   total 157696K, used 144737K [0x0000000080000000, 0x0000000100000000)
  region size 1024K, 54 young (55296K), 5 survivors (5120K)
 Metaspace       used 91310K, committed 93632K, reserved 557056K
  class space    used 12946K, committed 14080K, reserved 425984K
}
Event: 587.693 GC heap after
{Heap after GC invocations=35 (full 0):
 garbage-first heap   total 157696K, used 99387K [0x0000000080000000, 0x0000000100000000)
  region size 1024K, 7 young (7168K), 7 survivors (7168K)
 Metaspace       used 91310K, committed 93632K, reserved 557056K
  class space    used 12946K, committed 14080K, reserved 425984K
}
Event: 598.613 GC heap before
{Heap before GC invocations=35 (full 0):
 garbage-first heap   total 157696K, used 144443K [0x0000000080000000, 0x0000000100000000)
  region size 1024K, 51 young (52224K), 7 survivors (7168K)
 Metaspace       used 94392K, committed 96640K, reserved 557056K
  class space    used 13370K, committed 14464K, reserved 425984K
}
Event: 598.657 GC heap after
{Heap after GC invocations=36 (full 0):
 garbage-first heap   total 157696K, used 99838K [0x0000000080000000, 0x0000000100000000)
  region size 1024K, 2 young (2048K), 2 survivors (2048K)
 Metaspace       used 94392K, committed 96640K, reserved 557056K
  class space    used 13370K, committed 14464K, reserved 425984K
}
Event: 607.616 GC heap before
{Heap before GC invocations=37 (full 0):
 garbage-first heap   total 167936K, used 147966K [0x0000000080000000, 0x0000000100000000)
  region size 1024K, 48 young (49152K), 2 survivors (2048K)
 Metaspace       used 98067K, committed 100352K, reserved 557056K
  class space    used 14001K, committed 15104K, reserved 425984K
}
Event: 607.621 GC heap after
{Heap after GC invocations=38 (full 0):
 garbage-first heap   total 167936K, used 100683K [0x0000000080000000, 0x0000000100000000)
  region size 1024K, 3 young (3072K), 3 survivors (3072K)
 Metaspace       used 98067K, committed 100352K, reserved 557056K
  class space    used 14001K, committed 15104K, reserved 425984K
}
Event: 622.180 GC heap before
{Heap before GC invocations=38 (full 0):
 garbage-first heap   total 167936K, used 157003K [0x0000000080000000, 0x0000000100000000)
  region size 1024K, 58 young (59392K), 3 survivors (3072K)
 Metaspace       used 101796K, committed 104064K, reserved 557056K
  class space    used 14514K, committed 15616K, reserved 425984K
}
Event: 622.205 GC heap after
{Heap after GC invocations=39 (full 0):
 garbage-first heap   total 167936K, used 102407K [0x0000000080000000, 0x0000000100000000)
  region size 1024K, 5 young (5120K), 5 survivors (5120K)
 Metaspace       used 101796K, committed 104064K, reserved 557056K
  class space    used 14514K, committed 15616K, reserved 425984K
}
Event: 646.141 GC heap before
{Heap before GC invocations=39 (full 0):
 garbage-first heap   total 167936K, used 148487K [0x0000000080000000, 0x0000000100000000)
  region size 1024K, 52 young (53248K), 5 survivors (5120K)
 Metaspace       used 104602K, committed 106944K, reserved 557056K
  class space    used 14914K, committed 16064K, reserved 425984K
}
Event: 646.217 GC heap after
{Heap after GC invocations=40 (full 0):
 garbage-first heap   total 167936K, used 105724K [0x0000000080000000, 0x0000000100000000)
  region size 1024K, 7 young (7168K), 7 survivors (7168K)
 Metaspace       used 104602K, committed 106944K, reserved 557056K
  class space    used 14914K, committed 16064K, reserved 425984K
}
Event: 662.229 GC heap before
{Heap before GC invocations=41 (full 0):
 garbage-first heap   total 186368K, used 162044K [0x0000000080000000, 0x0000000100000000)
  region size 1024K, 57 young (58368K), 7 survivors (7168K)
 Metaspace       used 107229K, committed 109568K, reserved 557056K
  class space    used 15174K, committed 16320K, reserved 425984K
}
Event: 662.287 GC heap after
{Heap after GC invocations=42 (full 0):
 garbage-first heap   total 186368K, used 110199K [0x0000000080000000, 0x0000000100000000)
  region size 1024K, 8 young (8192K), 8 survivors (8192K)
 Metaspace       used 107229K, committed 109568K, reserved 557056K
  class space    used 15174K, committed 16320K, reserved 425984K
}
Event: 696.029 GC heap before
{Heap before GC invocations=42 (full 0):
 garbage-first heap   total 186368K, used 173687K [0x0000000080000000, 0x0000000100000000)
  region size 1024K, 70 young (71680K), 8 survivors (8192K)
 Metaspace       used 108635K, committed 111168K, reserved 557056K
  class space    used 15410K, committed 16640K, reserved 425984K
}
Event: 696.132 GC heap after
{Heap after GC invocations=43 (full 0):
 garbage-first heap   total 193536K, used 117795K [0x0000000080000000, 0x0000000100000000)
  region size 1024K, 9 young (9216K), 9 survivors (9216K)
 Metaspace       used 108635K, committed 111168K, reserved 557056K
  class space    used 15410K, committed 16640K, reserved 425984K
}
Event: 756.500 GC heap before
{Heap before GC invocations=43 (full 0):
 garbage-first heap   total 193536K, used 176163K [0x0000000080000000, 0x0000000100000000)
  region size 1024K, 67 young (68608K), 9 survivors (9216K)
 Metaspace       used 108852K, committed 111360K, reserved 557056K
  class space    used 15410K, committed 16640K, reserved 425984K
}
Event: 756.751 GC heap after
{Heap after GC invocations=44 (full 0):
 garbage-first heap   total 193536K, used 121709K [0x0000000080000000, 0x0000000100000000)
  region size 1024K, 4 young (4096K), 4 survivors (4096K)
 Metaspace       used 108852K, committed 111360K, reserved 557056K
  class space    used 15410K, committed 16640K, reserved 425984K
}
Event: 759.679 GC heap before
{Heap before GC invocations=45 (full 0):
 garbage-first heap   total 204800K, used 178029K [0x0000000080000000, 0x0000000100000000)
  region size 1024K, 60 young (61440K), 4 survivors (4096K)
 Metaspace       used 108853K, committed 111360K, reserved 557056K
  class space    used 15410K, committed 16640K, reserved 425984K
}
Event: 759.691 GC heap after
{Heap after GC invocations=46 (full 0):
 garbage-first heap   total 204800K, used 124361K [0x0000000080000000, 0x0000000100000000)
  region size 1024K, 7 young (7168K), 7 survivors (7168K)
 Metaspace       used 108853K, committed 111360K, reserved 557056K
  class space    used 15410K, committed 16640K, reserved 425984K
}
Event: 778.351 GC heap before
{Heap before GC invocations=46 (full 0):
 garbage-first heap   total 204800K, used 191945K [0x0000000080000000, 0x0000000100000000)
  region size 1024K, 69 young (70656K), 7 survivors (7168K)
 Metaspace       used 109271K, committed 111680K, reserved 557056K
  class space    used 15459K, committed 16640K, reserved 425984K
}

Dll operation events (20 events):
Event: 0.149 Attempting to load shared library C:\Users\user5\.vscode\extensions\redhat.java-1.56.0-win32-x64\jre\21.0.12.1-win32-x86_64\bin\zip.dll
Event: 0.149 Loaded shared library C:\Users\user5\.vscode\extensions\redhat.java-1.56.0-win32-x64\jre\21.0.12.1-win32-x86_64\bin\zip.dll
Event: 0.469 Attempting to load shared library C:\Users\user5\.vscode\extensions\redhat.java-1.56.0-win32-x64\jre\21.0.12.1-win32-x86_64\bin\jimage.dll
Event: 0.469 Loaded shared library C:\Users\user5\.vscode\extensions\redhat.java-1.56.0-win32-x64\jre\21.0.12.1-win32-x86_64\bin\jimage.dll
Event: 0.682 Attempting to load shared library C:\Users\user5\.vscode\extensions\redhat.java-1.56.0-win32-x64\jre\21.0.12.1-win32-x86_64\bin\verify.dll
Event: 0.682 Loaded shared library C:\Users\user5\.vscode\extensions\redhat.java-1.56.0-win32-x64\jre\21.0.12.1-win32-x86_64\bin\verify.dll
Event: 0.830 Attempting to load shared library D:\gradle_cache\native\1def1411415f61bf3af743bc5b6707747c0891f09f0c88961ee8f79bc544acac\windows-amd64\native-platform.dll
Event: 0.832 Loaded shared library D:\gradle_cache\native\1def1411415f61bf3af743bc5b6707747c0891f09f0c88961ee8f79bc544acac\windows-amd64\native-platform.dll
Event: 0.840 Attempting to load shared library D:\gradle_cache\native\0.2.5\x86_64-windows-gnu\gradle-fileevents.dll
Event: 0.842 Loaded shared library D:\gradle_cache\native\0.2.5\x86_64-windows-gnu\gradle-fileevents.dll
Event: 1.696 Attempting to load shared library C:\Users\user5\.vscode\extensions\redhat.java-1.56.0-win32-x64\jre\21.0.12.1-win32-x86_64\bin\management.dll
Event: 1.697 Loaded shared library C:\Users\user5\.vscode\extensions\redhat.java-1.56.0-win32-x64\jre\21.0.12.1-win32-x86_64\bin\management.dll
Event: 1.700 Attempting to load shared library C:\Users\user5\.vscode\extensions\redhat.java-1.56.0-win32-x64\jre\21.0.12.1-win32-x86_64\bin\management_ext.dll
Event: 1.702 Loaded shared library C:\Users\user5\.vscode\extensions\redhat.java-1.56.0-win32-x64\jre\21.0.12.1-win32-x86_64\bin\management_ext.dll
Event: 2.012 Attempting to load shared library C:\Users\user5\.vscode\extensions\redhat.java-1.56.0-win32-x64\jre\21.0.12.1-win32-x86_64\bin\extnet.dll
Event: 2.014 Loaded shared library C:\Users\user5\.vscode\extensions\redhat.java-1.56.0-win32-x64\jre\21.0.12.1-win32-x86_64\bin\extnet.dll
Event: 2.205 Attempting to load shared library C:\Users\user5\.vscode\extensions\redhat.java-1.56.0-win32-x64\jre\21.0.12.1-win32-x86_64\bin\sunmscapi.dll
Event: 2.209 Loaded shared library C:\Users\user5\.vscode\extensions\redhat.java-1.56.0-win32-x64\jre\21.0.12.1-win32-x86_64\bin\sunmscapi.dll
Event: 3.950 Attempting to load shared library D:\temp\native-platform15077205248676015050dir\gradle-fileevents.dll
Event: 4.750 Loaded shared library D:\temp\native-platform15077205248676015050dir\gradle-fileevents.dll

Deoptimization events (20 events):
Event: 777.774 Thread 0x000001adfacace60 Uncommon trap: trap_request=0xffffffc6 fr.pc=0x000001ade6307aa4 relative=0x0000000000001684
Event: 777.774 Thread 0x000001adfacace60 Uncommon trap: reason=bimorphic_or_optimized_type_check action=maybe_recompile pc=0x000001ade6307aa4 method=org.gradle.internal.snapshot.AbstractListChildMap.store(Lorg/gradle/internal/snapshot/VfsRelativePath;Lorg/gradle/internal/snapshot/CaseSensitivity
Event: 777.774 Thread 0x000001adfacace60 DEOPT PACKING pc=0x000001ade6307aa4 sp=0x000000a02cdfd1e0
Event: 777.774 Thread 0x000001adfacace60 DEOPT UNPACKING pc=0x000001ade5584422 sp=0x000000a02cdfd210 mode 2
Event: 778.085 Thread 0x000001adfacac7d0 Uncommon trap: trap_request=0xffffff45 fr.pc=0x000001ade631a344 relative=0x0000000000000e24
Event: 778.085 Thread 0x000001adfacac7d0 Uncommon trap: reason=unstable_if action=reinterpret pc=0x000001ade631a344 method=java.util.concurrent.ConcurrentHashMap.putVal(Ljava/lang/Object;Ljava/lang/Object;Z)Ljava/lang/Object; @ 97 c2
Event: 778.086 Thread 0x000001adfacac7d0 DEOPT PACKING pc=0x000001ade631a344 sp=0x000000a02c9fb910
Event: 778.086 Thread 0x000001adfacac7d0 DEOPT UNPACKING pc=0x000001ade5584422 sp=0x000000a02c9fb8a8 mode 2
Event: 778.206 Thread 0x000001adfacac7d0 Uncommon trap: trap_request=0xffffffc6 fr.pc=0x000001ade63045f0 relative=0x00000000000017b0
Event: 778.206 Thread 0x000001adfacac7d0 Uncommon trap: reason=bimorphic_or_optimized_type_check action=maybe_recompile pc=0x000001ade63045f0 method=org.gradle.internal.snapshot.AbstractStorePathRelationshipHandler.handleAsDescendantOfChild(Lorg/gradle/internal/snapshot/VfsRelativePath;Ljava/lan
Event: 778.206 Thread 0x000001adfacac7d0 DEOPT PACKING pc=0x000001ade63045f0 sp=0x000000a02c9fbd10
Event: 778.206 Thread 0x000001adfacac7d0 DEOPT UNPACKING pc=0x000001ade5584422 sp=0x000000a02c9fbbb8 mode 2
Event: 778.206 Thread 0x000001adfacac7d0 Uncommon trap: trap_request=0xffffffc6 fr.pc=0x000001ade63044f4 relative=0x00000000000016b4
Event: 778.206 Thread 0x000001adfacac7d0 Uncommon trap: reason=bimorphic_or_optimized_type_check action=maybe_recompile pc=0x000001ade63044f4 method=org.gradle.internal.snapshot.AbstractStorePathRelationshipHandler.handleAsDescendantOfChild(Lorg/gradle/internal/snapshot/VfsRelativePath;Ljava/lan
Event: 778.206 Thread 0x000001adfacac7d0 DEOPT PACKING pc=0x000001ade63044f4 sp=0x000000a02c9fb920
Event: 778.206 Thread 0x000001adfacac7d0 DEOPT UNPACKING pc=0x000001ade5584422 sp=0x000000a02c9fb7c8 mode 2
Event: 778.206 Thread 0x000001adfacac7d0 Uncommon trap: trap_request=0xffffffc6 fr.pc=0x000001ade63045f0 relative=0x00000000000017b0
Event: 778.206 Thread 0x000001adfacac7d0 Uncommon trap: reason=bimorphic_or_optimized_type_check action=maybe_recompile pc=0x000001ade63045f0 method=org.gradle.internal.snapshot.AbstractStorePathRelationshipHandler.handleAsDescendantOfChild(Lorg/gradle/internal/snapshot/VfsRelativePath;Ljava/lan
Event: 778.206 Thread 0x000001adfacac7d0 DEOPT PACKING pc=0x000001ade63045f0 sp=0x000000a02c9fbd10
Event: 778.206 Thread 0x000001adfacac7d0 DEOPT UNPACKING pc=0x000001ade5584422 sp=0x000000a02c9fbbb8 mode 2

Classes loaded (20 events):
Event: 648.167 Loading class java/util/AbstractCollectionCustomizer
Event: 648.167 Loading class java/util/AbstractCollectionCustomizer done
Event: 648.167 Loading class java/util/AbstractCollectionCustomizer
Event: 648.167 Loading class java/util/AbstractCollectionCustomizer done
Event: 648.181 Loading class sun/reflect/generics/reflectiveObjects/GenericArrayTypeImpl
Event: 648.181 Loading class sun/reflect/generics/reflectiveObjects/GenericArrayTypeImpl done
Event: 649.701 Loading class java/lang/StackTraceElement$HashedModules
Event: 649.702 Loading class java/lang/StackTraceElement$HashedModules done
Event: 650.747 Loading class java/io/CharArrayReader
Event: 650.756 Loading class java/io/CharArrayReader done
Event: 660.859 Loading class java/beans/IntrospectionException
Event: 660.867 Loading class java/beans/IntrospectionException done
Event: 664.509 Loading class java/lang/EnumBeanInfo
Event: 664.509 Loading class java/lang/EnumBeanInfo done
Event: 664.509 Loading class java/lang/EnumBeanInfo
Event: 664.509 Loading class java/lang/EnumBeanInfo done
Event: 664.509 Loading class java/lang/EnumCustomizer
Event: 664.509 Loading class java/lang/EnumCustomizer done
Event: 664.509 Loading class java/lang/EnumCustomizer
Event: 664.509 Loading class java/lang/EnumCustomizer done

Classes unloaded (1 events):
Event: 236.745 Thread 0x000001adf31a1010 Unloading class 0x000001ad817bc400 'java/lang/invoke/LambdaForm$DMH+0x000001ad817bc400'

Classes redefined (0 events):
No events

Internal exceptions (20 events):
Event: 696.012 Thread 0x000001adf926c530 Exception <a 'java/lang/ClassNotFoundException'{0x00000000864f7440}: org/gradle/api/internal/artifacts/dsl/dependencies/DefaultDependencyHandlerCustomizer> (0x00000000864f7440) 
thrown [s\src\hotspot\share\classfile\systemDictionary.cpp, line 313]
Event: 696.210 Thread 0x000001adf926c530 Exception <a 'java/lang/ClassNotFoundException'{0x00000000ff850638}: org/gradle/api/internal/artifacts/dsl/dependencies/DefaultDependencyHandler_DecoratedCustomizer> (0x00000000ff850638) 
thrown [s\src\hotspot\share\classfile\systemDictionary.cpp, line 313]
Event: 757.114 Thread 0x000001adf991ba70 Implicit null exception at 0x000001ade6204b70 to 0x000001ade6207160
Event: 758.761 Thread 0x000001adf9917f60 Implicit null exception at 0x000001ade5dc683d to 0x000001ade5dc68b1
Event: 760.584 Thread 0x000001adf926c530 Exception <a 'java/lang/ClassNotFoundException'{0x000000008a4d2a18}: build_6x7o9f45fmpdsg0vi4blz3qdmBeanInfo> (0x000000008a4d2a18) 
thrown [s\src\hotspot\share\classfile\systemDictionary.cpp, line 313]
Event: 760.587 Thread 0x000001adf926c530 Exception <a 'java/lang/ClassNotFoundException'{0x000000008a4d9618}: build_6x7o9f45fmpdsg0vi4blz3qdmCustomizer> (0x000000008a4d9618) 
thrown [s\src\hotspot\share\classfile\systemDictionary.cpp, line 313]
Event: 762.454 Thread 0x000001adf926c530 Exception <a 'java/lang/NoSuchMethodError'{0x000000008a00c448}: 'void java.lang.invoke.DirectMethodHandle$Holder.invokeInterface(java.lang.Object, java.lang.Object, int)'> (0x000000008a00c448) 
thrown [s\src\hotspot\share\interpreter\linkResolver.cpp, line 773]
Event: 765.227 Thread 0x000001adf926c530 Exception <a 'java/lang/ClassNotFoundException'{0x00000000899c5b18}: com/android/build/gradle/internal/dsl/LintOptions_DecoratedBeanInfo> (0x00000000899c5b18) 
thrown [s\src\hotspot\share\classfile\systemDictionary.cpp, line 313]
Event: 765.236 Thread 0x000001adf926c530 Exception <a 'java/lang/ClassNotFoundException'{0x00000000899d33f8}: com/android/build/gradle/internal/dsl/LintOptionsBeanInfo> (0x00000000899d33f8) 
thrown [s\src\hotspot\share\classfile\systemDictionary.cpp, line 313]
Event: 765.250 Thread 0x000001adf926c530 Exception <a 'java/lang/ClassNotFoundException'{0x00000000899e0f68}: com/android/build/gradle/internal/dsl/LintOptionsCustomizer> (0x00000000899e0f68) 
thrown [s\src\hotspot\share\classfile\systemDictionary.cpp, line 313]
Event: 765.265 Thread 0x000001adf926c530 Exception <a 'java/lang/ClassNotFoundException'{0x000000008982b730}: com/android/build/gradle/internal/dsl/LintOptions_DecoratedCustomizer> (0x000000008982b730) 
thrown [s\src\hotspot\share\classfile\systemDictionary.cpp, line 313]
Event: 766.037 Thread 0x000001adf926c530 Exception <a 'java/lang/ClassNotFoundException'{0x00000000897a3f50}: org/gradle/api/internal/file/collections/DefaultConfigurableFileTreeBeanInfo> (0x00000000897a3f50) 
thrown [s\src\hotspot\share\classfile\systemDictionary.cpp, line 313]
Event: 766.128 Thread 0x000001adf926c530 Exception <a 'java/lang/ClassNotFoundException'{0x00000000897bab08}: org/gradle/api/internal/file/CompositeFileTreeBeanInfo> (0x00000000897bab08) 
thrown [s\src\hotspot\share\classfile\systemDictionary.cpp, line 313]
Event: 766.140 Thread 0x000001adf926c530 Exception <a 'java/lang/ClassNotFoundException'{0x00000000897d1910}: org/gradle/api/internal/file/CompositeFileCollectionBeanInfo> (0x00000000897d1910) 
thrown [s\src\hotspot\share\classfile\systemDictionary.cpp, line 313]
Event: 766.151 Thread 0x000001adf926c530 Exception <a 'java/lang/ClassNotFoundException'{0x00000000897e91d8}: org/gradle/api/internal/file/AbstractFileCollectionBeanInfo> (0x00000000897e91d8) 
thrown [s\src\hotspot\share\classfile\systemDictionary.cpp, line 313]
Event: 766.177 Thread 0x000001adf926c530 Exception <a 'java/lang/ClassNotFoundException'{0x0000000089600788}: org/gradle/api/internal/file/AbstractFileCollectionCustomizer> (0x0000000089600788) 
thrown [s\src\hotspot\share\classfile\systemDictionary.cpp, line 313]
Event: 766.201 Thread 0x000001adf926c530 Exception <a 'java/lang/ClassNotFoundException'{0x00000000896301e0}: org/gradle/api/internal/file/CompositeFileCollectionCustomizer> (0x00000000896301e0) 
thrown [s\src\hotspot\share\classfile\systemDictionary.cpp, line 313]
Event: 766.242 Thread 0x000001adf926c530 Exception <a 'java/lang/ClassNotFoundException'{0x000000008964f638}: org/gradle/api/internal/file/CompositeFileTreeCustomizer> (0x000000008964f638) 
thrown [s\src\hotspot\share\classfile\systemDictionary.cpp, line 313]
Event: 766.256 Thread 0x000001adf926c530 Exception <a 'java/lang/ClassNotFoundException'{0x0000000089686e18}: org/gradle/api/internal/file/collections/DefaultConfigurableFileTreeCustomizer> (0x0000000089686e18) 
thrown [s\src\hotspot\share\classfile\systemDictionary.cpp, line 313]
Event: 777.036 Thread 0x000001adf926c530 Implicit null exception at 0x000001ade6180c1c to 0x000001ade6180fb0

ZGC Phase Switch (0 events):
No events

VM Operations (20 events):
Event: 767.900 Executing safepoint VM operation: Cleanup done
Event: 768.910 Executing safepoint VM operation: Cleanup
Event: 768.927 Executing safepoint VM operation: Cleanup done
Event: 769.940 Executing safepoint VM operation: Cleanup
Event: 769.940 Executing safepoint VM operation: Cleanup done
Event: 771.963 Executing safepoint VM operation: Cleanup
Event: 771.963 Executing safepoint VM operation: Cleanup done
Event: 772.971 Executing safepoint VM operation: Cleanup
Event: 772.986 Executing safepoint VM operation: Cleanup done
Event: 773.996 Executing safepoint VM operation: Cleanup
Event: 773.996 Executing safepoint VM operation: Cleanup done
Event: 775.007 Executing safepoint VM operation: Cleanup
Event: 775.023 Executing safepoint VM operation: Cleanup done
Event: 776.031 Executing safepoint VM operation: Cleanup
Event: 776.031 Executing safepoint VM operation: Cleanup done
Event: 777.043 Executing safepoint VM operation: Cleanup
Event: 777.059 Executing safepoint VM operation: Cleanup done
Event: 778.068 Executing safepoint VM operation: Cleanup
Event: 778.068 Executing safepoint VM operation: Cleanup done
Event: 778.350 Executing safepoint VM operation: G1CollectForAllocation (G1 Evacuation Pause)

Memory protections (0 events):
No events

Nmethod flushes (20 events):
Event: 757.926 Thread 0x000001adf31a1010 flushing  nmethod 0x000001addd890390
Event: 757.927 Thread 0x000001adf31a1010 flushing  nmethod 0x000001addd8e6010
Event: 757.927 Thread 0x000001adf31a1010 flushing  nmethod 0x000001addd95eb90
Event: 757.927 Thread 0x000001adf31a1010 flushing  nmethod 0x000001addd9a1690
Event: 757.927 Thread 0x000001adf31a1010 flushing  nmethod 0x000001adddbf6790
Event: 757.927 Thread 0x000001adf31a1010 flushing  nmethod 0x000001adddd0ce90
Event: 757.928 Thread 0x000001adf31a1010 flushing  nmethod 0x000001adddd0d710
Event: 757.929 Thread 0x000001adf31a1010 flushing  nmethod 0x000001adddd84510
Event: 757.929 Thread 0x000001adf31a1010 flushing  nmethod 0x000001adddee8610
Event: 757.929 Thread 0x000001adf31a1010 flushing  nmethod 0x000001adddeeaf90
Event: 757.930 Thread 0x000001adf31a1010 flushing  nmethod 0x000001adde0cc310
Event: 757.931 Thread 0x000001adf31a1010 flushing  nmethod 0x000001adde39a610
Event: 757.931 Thread 0x000001adf31a1010 flushing  nmethod 0x000001adde40c690
Event: 757.931 Thread 0x000001adf31a1010 flushing  nmethod 0x000001adde450e90
Event: 757.931 Thread 0x000001adf31a1010 flushing  nmethod 0x000001adde47e710
Event: 757.931 Thread 0x000001adf31a1010 flushing  nmethod 0x000001adde47eb90
Event: 757.931 Thread 0x000001adf31a1010 flushing  nmethod 0x000001addea2d910
Event: 757.932 Thread 0x000001adf31a1010 flushing  nmethod 0x000001addea6b790
Event: 757.932 Thread 0x000001adf31a1010 flushing  nmethod 0x000001addea6ca10
Event: 757.933 Thread 0x000001adf31a1010 flushing  nmethod 0x000001addec13e10

Events (20 events):
Event: 731.747 Thread 0x000001adf926c530 Thread added: 0x000001adfd60c4b0
Event: 731.761 Thread 0x000001adf926c530 Thread added: 0x000001adfd609d50
Event: 731.762 Thread 0x000001adf926c530 Thread added: 0x000001adfd60f930
Event: 731.764 Thread 0x000001adf926c530 Thread added: 0x000001adfd60ffc0
Event: 731.785 Thread 0x000001adf926c530 Thread added: 0x000001adfd60cb40
Event: 731.785 Thread 0x000001adf926c530 Thread added: 0x000001adfd60d860
Event: 731.787 Thread 0x000001adf926c530 Thread added: 0x000001adfd60d1d0
Event: 731.805 Thread 0x000001adf926c530 Thread added: 0x000001adfd610ce0
Event: 731.806 Thread 0x000001adf926c530 Thread added: 0x000001adfd60ec10
Event: 731.808 Thread 0x000001adf926c530 Thread added: 0x000001adfd611370
Event: 731.823 Thread 0x000001adf926c530 Thread added: 0x000001adfd60def0
Event: 743.065 Thread 0x000001adf926c530 Thread added: 0x000001adfd611a00
Event: 743.090 Thread 0x000001adf926c530 Thread added: 0x000001adfd60e580
Event: 743.107 Thread 0x000001adf926c530 Thread added: 0x000001adfd615510
Event: 743.131 Thread 0x000001adf926c530 Thread added: 0x000001adfd6147f0
Event: 743.136 Thread 0x000001adf926c530 Thread added: 0x000001adfd612720
Event: 743.140 Thread 0x000001adf926c530 Thread added: 0x000001adfd613440
Event: 743.142 Thread 0x000001adf926c530 Thread added: 0x000001adfd614e80
Event: 743.159 Thread 0x000001adf926c530 Thread added: 0x000001adfb13c9c0
Event: 760.292 Thread 0x000001adf926c530 Thread added: 0x000001adfd3206e0


Dynamic libraries:
0x00007ff7a95b0000 - 0x00007ff7a95be000 	C:\Users\user5\.vscode\extensions\redhat.java-1.56.0-win32-x64\jre\21.0.12.1-win32-x86_64\bin\java.exe
0x00007ff8236e0000 - 0x00007ff823947000 	C:\WINDOWS\SYSTEM32\ntdll.dll
0x00007ff822840000 - 0x00007ff82290b000 	C:\WINDOWS\System32\KERNEL32.DLL
0x00007ff820b10000 - 0x00007ff820f12000 	C:\WINDOWS\System32\KERNELBASE.dll
0x00007ff8212a0000 - 0x00007ff8213ec000 	C:\WINDOWS\System32\ucrtbase.dll
0x00007ff810520000 - 0x00007ff810538000 	C:\Users\user5\.vscode\extensions\redhat.java-1.56.0-win32-x64\jre\21.0.12.1-win32-x86_64\bin\jli.dll
0x00007ff813580000 - 0x00007ff81359e000 	C:\Users\user5\.vscode\extensions\redhat.java-1.56.0-win32-x64\jre\21.0.12.1-win32-x86_64\bin\VCRUNTIME140.dll
0x00007ff822450000 - 0x00007ff82261f000 	C:\WINDOWS\System32\USER32.dll
0x00007ff820f20000 - 0x00007ff820f47000 	C:\WINDOWS\System32\win32u.dll
0x00007ff800850000 - 0x00007ff800ae0000 	C:\WINDOWS\WinSxS\amd64_microsoft.windows.common-controls_6595b64144ccf1df_6.0.26100.9278_none_3e0d1ba8e3303201\COMCTL32.dll
0x00007ff822760000 - 0x00007ff82278b000 	C:\WINDOWS\System32\GDI32.dll
0x00007ff822910000 - 0x00007ff8229b9000 	C:\WINDOWS\System32\msvcrt.dll
0x00007ff820f50000 - 0x00007ff821079000 	C:\WINDOWS\System32\gdi32full.dll
0x00007ff820a60000 - 0x00007ff820b03000 	C:\WINDOWS\System32\msvcp_win.dll
0x00007ff821400000 - 0x00007ff821431000 	C:\WINDOWS\System32\IMM32.DLL
0x00007ff818840000 - 0x00007ff81884c000 	C:\Users\user5\.vscode\extensions\redhat.java-1.56.0-win32-x64\jre\21.0.12.1-win32-x86_64\bin\vcruntime140_1.dll
0x00007fffefad0000 - 0x00007fffefb5d000 	C:\Users\user5\.vscode\extensions\redhat.java-1.56.0-win32-x64\jre\21.0.12.1-win32-x86_64\bin\msvcp140.dll
0x00007fff950e0000 - 0x00007fff95e82000 	C:\Users\user5\.vscode\extensions\redhat.java-1.56.0-win32-x64\jre\21.0.12.1-win32-x86_64\bin\server\jvm.dll
0x00007ff822680000 - 0x00007ff82273c000 	C:\WINDOWS\System32\ADVAPI32.dll
0x00007ff8234d0000 - 0x00007ff823579000 	C:\WINDOWS\System32\sechost.dll
0x00007ff823580000 - 0x00007ff823698000 	C:\WINDOWS\System32\RPCRT4.dll
0x00007ff8227b0000 - 0x00007ff822830000 	C:\WINDOWS\System32\WS2_32.dll
0x00007ff80c220000 - 0x00007ff80c256000 	C:\WINDOWS\SYSTEM32\WINMM.dll
0x00007ff8142c0000 - 0x00007ff8142cb000 	C:\WINDOWS\SYSTEM32\VERSION.dll
0x00007ff81ffb0000 - 0x00007ff82000e000 	C:\WINDOWS\SYSTEM32\POWRPROF.dll
0x00007ff81ff70000 - 0x00007ff81ff85000 	C:\WINDOWS\SYSTEM32\UMPDC.dll
0x00007ff81f5b0000 - 0x00007ff81f5cb000 	C:\WINDOWS\SYSTEM32\kernel.appcore.dll
0x00007ff816440000 - 0x00007ff81644a000 	C:\Users\user5\.vscode\extensions\redhat.java-1.56.0-win32-x64\jre\21.0.12.1-win32-x86_64\bin\jimage.dll
0x00007ff81de40000 - 0x00007ff81e08c000 	C:\WINDOWS\SYSTEM32\DBGHELP.DLL
0x00007ff8215c0000 - 0x00007ff821945000 	C:\WINDOWS\System32\combase.dll
0x00007ff821950000 - 0x00007ff821a29000 	C:\WINDOWS\System32\OLEAUT32.dll
0x00007ffff9420000 - 0x00007ffff945b000 	C:\WINDOWS\SYSTEM32\dbgcore.DLL
0x00007ff8208e0000 - 0x00007ff82098c000 	C:\WINDOWS\System32\bcryptPrimitives.dll
0x00007ff804240000 - 0x00007ff80424f000 	C:\Users\user5\.vscode\extensions\redhat.java-1.56.0-win32-x64\jre\21.0.12.1-win32-x86_64\bin\instrument.dll
0x00007ff801b30000 - 0x00007ff801b50000 	C:\Users\user5\.vscode\extensions\redhat.java-1.56.0-win32-x64\jre\21.0.12.1-win32-x86_64\bin\java.dll
0x00007ff822d30000 - 0x00007ff8234c8000 	C:\WINDOWS\System32\SHELL32.dll
0x00007ff81e340000 - 0x00007ff81ebee000 	C:\WINDOWS\SYSTEM32\windows.storage.dll
0x00007ff822b30000 - 0x00007ff822c2b000 	C:\WINDOWS\System32\SHCORE.dll
0x00007ff822ac0000 - 0x00007ff822b26000 	C:\WINDOWS\System32\shlwapi.dll
0x00007ff820800000 - 0x00007ff820829000 	C:\WINDOWS\SYSTEM32\profapi.dll
0x00007ffffca20000 - 0x00007ffffca38000 	C:\Users\user5\.vscode\extensions\redhat.java-1.56.0-win32-x64\jre\21.0.12.1-win32-x86_64\bin\zip.dll
0x00007ff8047d0000 - 0x00007ff8047e0000 	C:\Users\user5\.vscode\extensions\redhat.java-1.56.0-win32-x64\jre\21.0.12.1-win32-x86_64\bin\net.dll
0x00007ff816de0000 - 0x00007ff816f0a000 	C:\WINDOWS\SYSTEM32\WINHTTP.dll
0x00007ff81fbe0000 - 0x00007ff81fc4c000 	C:\WINDOWS\system32\mswsock.dll
0x00007ffffc410000 - 0x00007ffffc426000 	C:\Users\user5\.vscode\extensions\redhat.java-1.56.0-win32-x64\jre\21.0.12.1-win32-x86_64\bin\nio.dll
0x00007ff8039a0000 - 0x00007ff8039b0000 	C:\Users\user5\.vscode\extensions\redhat.java-1.56.0-win32-x64\jre\21.0.12.1-win32-x86_64\bin\verify.dll
0x00007ffffbfd0000 - 0x00007ffffbff7000 	D:\gradle_cache\native\1def1411415f61bf3af743bc5b6707747c0891f09f0c88961ee8f79bc544acac\windows-amd64\native-platform.dll
0x000000006bd40000 - 0x000000006bdb3000 	D:\gradle_cache\native\0.2.5\x86_64-windows-gnu\gradle-fileevents.dll
0x00007ff8163f0000 - 0x00007ff8163fa000 	C:\Users\user5\.vscode\extensions\redhat.java-1.56.0-win32-x64\jre\21.0.12.1-win32-x86_64\bin\management.dll
0x00007ff8163e0000 - 0x00007ff8163ec000 	C:\Users\user5\.vscode\extensions\redhat.java-1.56.0-win32-x64\jre\21.0.12.1-win32-x86_64\bin\management_ext.dll
0x00007ff822440000 - 0x00007ff822448000 	C:\WINDOWS\System32\PSAPI.DLL
0x00007ff81fef0000 - 0x00007ff81ff0b000 	C:\WINDOWS\SYSTEM32\CRYPTSP.dll
0x00007ff81f510000 - 0x00007ff81f549000 	C:\WINDOWS\system32\rsaenh.dll
0x00007ff81fc90000 - 0x00007ff81fcc4000 	C:\WINDOWS\SYSTEM32\USERENV.dll
0x00007ff8207d0000 - 0x00007ff8207fa000 	C:\WINDOWS\SYSTEM32\bcrypt.dll
0x00007ff81ff10000 - 0x00007ff81ff1c000 	C:\WINDOWS\SYSTEM32\CRYPTBASE.dll
0x00007ff81efb0000 - 0x00007ff81efe3000 	C:\WINDOWS\SYSTEM32\IPHLPAPI.DLL
0x00007ff822750000 - 0x00007ff82275a000 	C:\WINDOWS\System32\NSI.dll
0x00007ffffce70000 - 0x00007ffffce79000 	C:\Users\user5\.vscode\extensions\redhat.java-1.56.0-win32-x64\jre\21.0.12.1-win32-x86_64\bin\extnet.dll
0x00007ffffa2f0000 - 0x00007ffffa2fe000 	C:\Users\user5\.vscode\extensions\redhat.java-1.56.0-win32-x64\jre\21.0.12.1-win32-x86_64\bin\sunmscapi.dll
0x00007ff821080000 - 0x00007ff8211fe000 	C:\WINDOWS\System32\CRYPT32.dll
0x00007ff8201c0000 - 0x00007ff8201f0000 	C:\WINDOWS\SYSTEM32\ncrypt.dll
0x00007ff820170000 - 0x00007ff8201af000 	C:\WINDOWS\SYSTEM32\NTASN1.dll
0x00007ff813c90000 - 0x00007ff813c98000 	C:\WINDOWS\system32\wshunix.dll
0x000000006bb40000 - 0x000000006bbb3000 	D:\temp\native-platform15077205248676015050dir\gradle-fileevents.dll

JVMTI agents:
D:\gradle_cache\wrapper\dists\gradle-8.12-all\ejduaidbjup3bmmkhw3rie4zb\gradle-8.12\lib\agents\gradle-instrumentation-agent-8.12.jar path:C:\Users\user5\.vscode\extensions\redhat.java-1.56.0-win32-x64\jre\21.0.12.1-win32-x86_64\bin\instrument.dll, loaded, initialized, instrumentlib options:none

dbghelp: loaded successfully - version: 4.0.5 - missing functions: none
symbol engine: initialized successfully - sym options: 0x614 - pdb path: .;C:\Users\user5\.vscode\extensions\redhat.java-1.56.0-win32-x64\jre\21.0.12.1-win32-x86_64\bin;C:\WINDOWS\SYSTEM32;C:\WINDOWS\WinSxS\amd64_microsoft.windows.common-controls_6595b64144ccf1df_6.0.26100.9278_none_3e0d1ba8e3303201;C:\Users\user5\.vscode\extensions\redhat.java-1.56.0-win32-x64\jre\21.0.12.1-win32-x86_64\bin\server;D:\gradle_cache\native\1def1411415f61bf3af743bc5b6707747c0891f09f0c88961ee8f79bc544acac\windows-amd64;D:\gradle_cache\native\0.2.5\x86_64-windows-gnu;D:\temp\native-platform15077205248676015050dir

VM Arguments:
jvm_args: --add-opens=java.base/java.lang=ALL-UNNAMED --add-opens=java.base/java.lang.invoke=ALL-UNNAMED --add-opens=java.base/java.util=ALL-UNNAMED --add-opens=java.prefs/java.util.prefs=ALL-UNNAMED --add-exports=jdk.compiler/com.sun.tools.javac.api=ALL-UNNAMED --add-exports=jdk.compiler/com.sun.tools.javac.util=ALL-UNNAMED --add-opens=java.base/java.util=ALL-UNNAMED --add-opens=java.prefs/java.util.prefs=ALL-UNNAMED --add-opens=java.base/java.nio.charset=ALL-UNNAMED --add-opens=java.base/java.net=ALL-UNNAMED --add-opens=java.base/java.util.concurrent.atomic=ALL-UNNAMED --add-opens=java.xml/javax.xml.namespace=ALL-UNNAMED -XX:MaxMetaspaceSize=512m -XX:ReservedCodeCacheSize=256m -XX:+HeapDumpOnOutOfMemoryError -Xmx2G -Dfile.encoding=UTF-8 -Duser.country=IN -Duser.language=en -Duser.variant -javaagent:D:\gradle_cache\wrapper\dists\gradle-8.12-all\ejduaidbjup3bmmkhw3rie4zb\gradle-8.12\lib\agents\gradle-instrumentation-agent-8.12.jar 
java_command: org.gradle.launcher.daemon.bootstrap.GradleDaemon 8.12
java_class_path (initial): D:\gradle_cache\wrapper\dists\gradle-8.12-all\ejduaidbjup3bmmkhw3rie4zb\gradle-8.12\lib\gradle-daemon-main-8.12.jar
Launcher Type: SUN_STANDARD

[Global flags]
     intx CICompilerCount                          = 4                                         {product} {ergonomic}
   size_t CompressedClassSpaceSize                 = 436207616                                 {product} {ergonomic}
     uint ConcGCThreads                            = 3                                         {product} {ergonomic}
     uint G1ConcRefinementThreads                  = 10                                        {product} {ergonomic}
   size_t G1HeapRegionSize                         = 1048576                                   {product} {ergonomic}
    uintx GCDrainStackTargetSize                   = 64                                        {product} {ergonomic}
     bool HeapDumpOnOutOfMemoryError               = true                                   {manageable} {command line}
   size_t InitialHeapSize                          = 130023424                                 {product} {ergonomic}
   size_t MarkStackSize                            = 4194304                                   {product} {ergonomic}
   size_t MaxHeapSize                              = 2147483648                                {product} {command line}
   size_t MaxMetaspaceSize                         = 536870912                                 {product} {command line}
   size_t MaxNewSize                               = 1287651328                                {product} {ergonomic}
   size_t MinHeapDeltaBytes                        = 1048576                                   {product} {ergonomic}
   size_t MinHeapSize                              = 8388608                                   {product} {ergonomic}
    uintx NonNMethodCodeHeapSize                   = 5839372                                {pd product} {ergonomic}
    uintx NonProfiledCodeHeapSize                  = 131298042                              {pd product} {ergonomic}
    uintx ProfiledCodeHeapSize                     = 131298042                              {pd product} {ergonomic}
    uintx ReservedCodeCacheSize                    = 268435456                              {pd product} {command line}
     bool SegmentedCodeCache                       = true                                      {product} {ergonomic}
   size_t SoftMaxHeapSize                          = 2147483648                             {manageable} {ergonomic}
     bool UseCompressedOops                        = true                           {product lp64_product} {ergonomic}
     bool UseG1GC                                  = true                                      {product} {ergonomic}
     bool UseLargePagesIndividualAllocation        = false                                  {pd product} {ergonomic}

Logging:
Log output configuration:
 #0: stdout all=warning uptime,level,tags foldmultilines=false
 #1: stderr all=off uptime,level,tags foldmultilines=false

Release file:
JAVA_VERSION="21.0.12.1" 
MODULES="java.base java.compiler java.datatransfer java.xml java.prefs java.desktop java.instrument java.logging java.management java.security.sasl java.naming java.rmi java.management.rmi java.net.http java.scripting java.security.jgss java.transaction.xa java.sql java.sql.rowset java.xml.crypto java.se java.smartcardio jdk.accessibility jdk.internal.jvmstat jdk.attach jdk.charsets jdk.internal.opt jdk.zipfs jdk.compiler jdk.crypto.ec jdk.crypto.cryptoki jdk.crypto.mscapi jdk.dynalink jdk.internal.ed jdk.editpad jdk.hotspot.agent jdk.httpserver jdk.internal.le jdk.internal.vm.ci jdk.internal.vm.compiler jdk.internal.vm.compiler.management jdk.jartool jdk.javadoc jdk.jcmd jdk.management jdk.management.agent jdk.jconsole jdk.jdeps jdk.jdwp.agent jdk.jdi jdk.jfr jdk.jshell jdk.jsobject jdk.jstatd jdk.localedata jdk.management.jfr jdk.naming.dns jdk.naming.rmi jdk.net jdk.nio.mapmode jdk.random jdk.sctp jdk.security.auth jdk.security.jgss jdk.unsupported jdk.unsupported.desktop jdk.xml.dom" 

Environment Variables:
PATH=C:\Program Files\Common Files\Oracle\Java\javapath;C:\windows\system32;C:\windows;C:\windows\System32\Wbem;C:\windows\System32\WindowsPowerShell\v1.0\;C:\windows\System32\OpenSSH\;C:\Program Files (x86)\NVIDIA Corporation\PhysX\Common;C:\Program Files\NVIDIA Corporation\NVIDIA NvDLISR;C:\Users\Administrator\AppData\Local\Microsoft\WindowsApps;C:\Program Files\HP\OMEN-Broadcast\Common;C:\WINDOWS\system32;C:\WINDOWS;C:\WINDOWS\System32\Wbem;C:\WINDOWS\System32\WindowsPowerShell\v1.0\;C:\WINDOWS\System32\OpenSSH\;C:\src\flutter\bin;C:\Users\user5\AppData\Local\Android\Sdk\platform-tools;C:\Program Files\MySQL\MySQL Server 8.0\bin;C:\Program Files\Git\cmd;C:\Program Files\Git\mingw64\bin;C:\src\flutter\bin;C:\Program Files\Git\usr\bin;C:\Program Files\nodejs\;C:\Program Files\MySQL\MySQL Shell 8.0\bin\;C:\Users\user5\AppData\Local\Microsoft\WindowsApps;C:\Users\user5\AppData\Local\Programs\Microsoft VS Code\bin;C:\MinGW\bin;C:\Program Files\JetBrains\IntelliJ IDEA Community Edition 2025.1.1.1\bin;C:\Program Files\Git\cmd;;C:\Users\user5\AppData\Local\Programs\Antigravity IDE\bin;C:\Users\user5\AppData\Roaming\npm
USERNAME=User
OS=Windows_NT
PROCESSOR_IDENTIFIER=Intel64 Family 6 Model 154 Stepping 3, GenuineIntel
TMP=D:\temp
TEMP=D:\temp




Periodic native trim disabled

---------------  S Y S T E M  ---------------

OS:
 Windows 11 , 64 bit Build 26100 (10.0.26100.9444)
OS uptime: 0 days 2:19 hours
Hyper-V role detected

CPU: total 12 (initial active 12) (6 cores per cpu, 2 threads per core) family 6 model 154 stepping 3 microcode 0x435, cx8, cmov, fxsr, ht, mmx, 3dnowpref, sse, sse2, sse3, ssse3, sse4.1, sse4.2, popcnt, lzcnt, tsc, tscinvbit, avx, avx2, aes, erms, clmul, bmi1, bmi2, adx, sha, fma, vzeroupper, clflush, clflushopt, clwb, hv, serialize, rdtscp, rdpid, fsrm, f16c, cet_ibt, cet_ss
Processor Information for processor 0
  Max Mhz: 2000, Current Mhz: 2000, Mhz Limit: 2000
Processor Information for processor 1
  Max Mhz: 2000, Current Mhz: 2000, Mhz Limit: 2000
Processor Information for processor 2
  Max Mhz: 2000, Current Mhz: 2000, Mhz Limit: 2000
Processor Information for processor 3
  Max Mhz: 2000, Current Mhz: 2000, Mhz Limit: 2000
Processor Information for processor 4
  Max Mhz: 2000, Current Mhz: 2000, Mhz Limit: 2000
Processor Information for processor 5
  Max Mhz: 2000, Current Mhz: 1520, Mhz Limit: 2000
Processor Information for processor 6
  Max Mhz: 2000, Current Mhz: 2000, Mhz Limit: 2000
Processor Information for processor 7
  Max Mhz: 2000, Current Mhz: 2000, Mhz Limit: 2000
Processor Information for processor 8
  Max Mhz: 2000, Current Mhz: 2000, Mhz Limit: 2000
Processor Information for processor 9
  Max Mhz: 2000, Current Mhz: 2000, Mhz Limit: 2000
Processor Information for processor 10
  Max Mhz: 2000, Current Mhz: 2000, Mhz Limit: 2000
Processor Information for processor 11
  Max Mhz: 2000, Current Mhz: 1466, Mhz Limit: 2000

Memory: 4k page, system-wide physical 7832M (109M free)
TotalPageFile size 28212M (AvailPageFile size 0M)
current process WorkingSet (physical memory assigned to process): 227M, peak: 341M
current process commit charge ("private bytes"): 548M, peak: 553M

vm_info: OpenJDK 64-Bit Server VM (21.0.12.1+1-LTS) for windows-amd64 JRE (21.0.12.1+1-LTS), built on 2026-08-18T00:00:00Z by "admin" with MS VC++ 17.12 (VS2022)

END.
