#
# There is insufficient memory for the Java Runtime Environment to continue.
# Native memory allocation (malloc) failed to allocate 32744 bytes. Error detail: Chunk::new
# Possible reasons:
#   The system is out of physical RAM or swap space
#   This process is running with CompressedOops enabled, and the Java Heap may be blocking the growth of the native heap
# Possible solutions:
#   Reduce memory load on the system
#   Increase physical memory or swap space
#   Check if swap backing store is full
#   Decrease Java heap size (-Xmx/-Xms)
#   Decrease number of Java threads
#   Decrease Java thread stack sizes (-Xss)
#   Set larger code cache with -XX:ReservedCodeCacheSize=
#   JVM is running with Unscaled Compressed Oops mode in which the Java heap is
#     placed in the first 4GB address space. The Java Heap base address is the
#     maximum limit for the native heap growth. Please use -XX:HeapBaseMinAddress
#     to set the Java Heap base and to place the Java Heap above 4GB virtual address.
# This output file may be truncated or incomplete.
#
#  Out of Memory Error (arena.cpp:168), pid=23920, tid=36080
#
# JRE version: OpenJDK Runtime Environment Temurin-21.0.12.1+1 (21.0.12.1+1) (build 21.0.12.1+1-LTS)
# Java VM: OpenJDK 64-Bit Server VM Temurin-21.0.12.1+1 (21.0.12.1+1-LTS, mixed mode, sharing, tiered, compressed oops, compressed class ptrs, g1 gc, windows-amd64)
# No core dump will be written. Minidumps are not enabled by default on client versions of Windows
#

---------------  S U M M A R Y ------------

Command Line: --add-opens=java.base/java.lang=ALL-UNNAMED --add-opens=java.base/java.lang.invoke=ALL-UNNAMED --add-opens=java.base/java.util=ALL-UNNAMED --add-opens=java.prefs/java.util.prefs=ALL-UNNAMED --add-exports=jdk.compiler/com.sun.tools.javac.api=ALL-UNNAMED --add-exports=jdk.compiler/com.sun.tools.javac.util=ALL-UNNAMED --add-opens=java.base/java.util=ALL-UNNAMED --add-opens=java.prefs/java.util.prefs=ALL-UNNAMED --add-opens=java.base/java.nio.charset=ALL-UNNAMED --add-opens=java.base/java.net=ALL-UNNAMED --add-opens=java.base/java.util.concurrent.atomic=ALL-UNNAMED --add-opens=java.xml/javax.xml.namespace=ALL-UNNAMED -XX:MaxMetaspaceSize=512m -XX:ReservedCodeCacheSize=256m -XX:+HeapDumpOnOutOfMemoryError -Xmx2G -Dfile.encoding=UTF-8 -Duser.country=IN -Duser.language=en -Duser.variant -javaagent:D:\gradle_cache\wrapper\dists\gradle-8.12-all\ejduaidbjup3bmmkhw3rie4zb\gradle-8.12\lib\agents\gradle-instrumentation-agent-8.12.jar org.gradle.launcher.daemon.bootstrap.GradleDaemon 8.12

Host: 12th Gen Intel(R) Core(TM) i5-12450H, 12 cores, 7G,  Windows 11 , 64 bit Build 26100 (10.0.26100.9444)
Time: Sun Sep 13 18:17:40 2026 India Standard Time elapsed time: 89.306406 seconds (0d 0h 1m 29s)

---------------  T H R E A D  ---------------

Current thread (0x00000248c051f3a0):  JavaThread "Daemon worker"        [_thread_in_vm, id=36080, stack(0x000000e39d300000,0x000000e39d400000) (1024K)]

Stack: [0x000000e39d300000,0x000000e39d400000]
Native frames: (J=compiled Java code, j=interpreted, Vv=VM code, C=native code)
V  [jvm.dll+0x6d83e9]
V  [jvm.dll+0x8b5736]
V  [jvm.dll+0x8b7cee]
V  [jvm.dll+0x8b83d3]
V  [jvm.dll+0x284596]
V  [jvm.dll+0xc685d]
V  [jvm.dll+0xc6da1]
V  [jvm.dll+0x3ee665]
V  [jvm.dll+0x3f2ace]
V  [jvm.dll+0x3ef5d3]
V  [jvm.dll+0x3eed2e]
V  [jvm.dll+0x480020]
C  [java.dll+0x6fda]

Java frames: (J=compiled Java code, j=interpreted, Vv=VM code)
J 843  java.lang.Throwable.fillInStackTrace(I)Ljava/lang/Throwable; java.base@21.0.12.1 (0 bytes) @ 0x0000024891e1f113 [0x0000024891e1f0c0+0x0000000000000053]
J 3210 c2 java.lang.ClassNotFoundException.<init>(Ljava/lang/String;)V java.base@21.0.12.1 (7 bytes) @ 0x0000024891f75fcc [0x0000024891f75e60+0x000000000000016c]
J 7206 c1 org.gradle.internal.classloader.FilteringClassLoader.loadClass(Ljava/lang/String;Z)Ljava/lang/Class; (62 bytes) @ 0x000002488a7289ac [0x000002488a728640+0x000000000000036c]
J 5450 c2 java.lang.ClassLoader.loadClass(Ljava/lang/String;Z)Ljava/lang/Class; java.base@21.0.12.1 (121 bytes) @ 0x0000024892077258 [0x0000024892076f80+0x00000000000002d8]
J 7183 c1 org.gradle.internal.classloader.CachingClassLoader.loadClass(Ljava/lang/String;Z)Ljava/lang/Class; (85 bytes) @ 0x000002488a7182d4 [0x000002488a718020+0x00000000000002b4]
J 5450 c2 java.lang.ClassLoader.loadClass(Ljava/lang/String;Z)Ljava/lang/Class; java.base@21.0.12.1 (121 bytes) @ 0x0000024892077258 [0x0000024892076f80+0x00000000000002d8]
J 3724 c2 java.lang.ClassLoader.loadClass(Ljava/lang/String;)Ljava/lang/Class; java.base@21.0.12.1 (7 bytes) @ 0x0000024891fc39ec [0x0000024891fc39a0+0x000000000000004c]
v  ~StubRoutines::call_stub 0x000002489182100d
j  org.jetbrains.kotlin.compilerRunner.CompilerSystemPropertiesService$Companion.registerIfAbsent(Lorg/gradle/api/Project;)Lorg/gradle/api/provider/Provider;+90
j  org.jetbrains.kotlin.gradle.tasks.configuration.AbstractKotlinCompileConfig.<init>(Lorg/gradle/api/Project;Lorg/gradle/api/provider/Provider;)V+27
j  org.jetbrains.kotlin.gradle.tasks.configuration.AbstractKotlinCompileConfig.<init>(Lorg/jetbrains/kotlin/gradle/plugin/KotlinCompilationInfo;)V+15
j  org.jetbrains.kotlin.gradle.tasks.configuration.BaseKotlinCompileConfig.<init>(Lorg/jetbrains/kotlin/gradle/plugin/KotlinCompilationInfo;)V+8
j  org.jetbrains.kotlin.gradle.plugin.Kotlin2JvmSourceSetProcessor.doRegisterTask(Lorg/gradle/api/Project;Ljava/lang/String;)Lorg/gradle/api/tasks/TaskProvider;+20
j  org.jetbrains.kotlin.gradle.plugin.KotlinSourceSetProcessor.prepareKotlinCompileTask()Lorg/gradle/api/tasks/TaskProvider;+12
j  org.jetbrains.kotlin.gradle.plugin.KotlinSourceSetProcessor.<init>(Lorg/jetbrains/kotlin/gradle/tasks/KotlinTasksProvider;Ljava/lang/String;Lorg/jetbrains/kotlin/gradle/plugin/KotlinCompilationInfo;)V+58
j  org.jetbrains.kotlin.gradle.plugin.Kotlin2JvmSourceSetProcessor.<init>(Lorg/jetbrains/kotlin/gradle/tasks/KotlinTasksProvider;Lorg/jetbrains/kotlin/gradle/plugin/KotlinCompilationInfo;)V+39
j  org.jetbrains.kotlin.gradle.plugin.KotlinJvmPlugin.buildSourceSetProcessor$kotlin_gradle_plugin_common(Lorg/gradle/api/Project;Lorg/jetbrains/kotlin/gradle/plugin/KotlinCompilation;)Lorg/jetbrains/kotlin/gradle/plugin/Kotlin2JvmSourceSetProcessor;+27
j  org.jetbrains.kotlin.gradle.plugin.KotlinJvmPlugin.buildSourceSetProcessor$kotlin_gradle_plugin_common(Lorg/gradle/api/Project;Lorg/jetbrains/kotlin/gradle/plugin/KotlinCompilation;)Lorg/jetbrains/kotlin/gradle/plugin/KotlinSourceSetProcessor;+3
j  org.jetbrains.kotlin.gradle.plugin.AbstractKotlinPlugin$apply$1.invoke(Lorg/jetbrains/kotlin/gradle/plugin/KotlinCompilation;)Lorg/jetbrains/kotlin/gradle/plugin/KotlinSourceSetProcessor;+15
j  org.jetbrains.kotlin.gradle.plugin.AbstractKotlinPlugin$apply$1.invoke(Ljava/lang/Object;)Ljava/lang/Object;+5
j  org.jetbrains.kotlin.gradle.plugin.AbstractKotlinPlugin$Companion$configureSourceSetDefaults$1.execute(Lorg/jetbrains/kotlin/gradle/plugin/mpp/KotlinWithJavaCompilation;)V+11
j  org.jetbrains.kotlin.gradle.plugin.AbstractKotlinPlugin$Companion$configureSourceSetDefaults$1.execute(Ljava/lang/Object;)V+5
j  org.gradle.internal.code.DefaultUserCodeApplicationContext$CurrentApplication$1.execute(Ljava/lang/Object;)V+39
j  org.gradle.api.internal.DefaultCollectionCallbackActionDecorator$BuildOperationEmittingAction$1.run(Lorg/gradle/internal/operations/BuildOperationContext;)V+11
j  org.gradle.internal.operations.DefaultBuildOperationRunner$1.execute(Lorg/gradle/internal/operations/RunnableBuildOperation;Lorg/gradle/internal/operations/BuildOperationContext;)V+2
j  org.gradle.internal.operations.DefaultBuildOperationRunner$1.execute(Lorg/gradle/internal/operations/BuildOperation;Lorg/gradle/internal/operations/BuildOperationContext;)V+6
J 7603 c1 org.gradle.internal.operations.DefaultBuildOperationRunner$2.execute(Lorg/gradle/internal/operations/BuildOperationDescriptor;Lorg/gradle/internal/operations/BuildOperationState;Lorg/gradle/internal/operations/BuildOperationState;Lorg/gradle/internal/operations/DefaultBuildOperationRunner$ReadableBuildOperationContext;Lorg/gradle/internal/operations/DefaultBuildOperationRunner$BuildOperationExecutionListener;)Lorg/gradle/internal/operations/BuildOperation; (110 bytes) @ 0x000002488a75ebc4 [0x000002488a75e9c0+0x0000000000000204]
J 7598 c1 org.gradle.internal.operations.DefaultBuildOperationRunner$2.execute(Lorg/gradle/internal/operations/BuildOperationDescriptor;Lorg/gradle/internal/operations/BuildOperationState;Lorg/gradle/internal/operations/BuildOperationState;Lorg/gradle/internal/operations/DefaultBuildOperationRunner$ReadableBuildOperationContext;Lorg/gradle/internal/operations/DefaultBuildOperationRunner$BuildOperationExecutionListener;)Ljava/lang/Object; (12 bytes) @ 0x000002488a304abc [0x000002488a304a40+0x000000000000007c]
J 6763 c1 org.gradle.internal.operations.DefaultBuildOperationRunner.execute(Lorg/gradle/internal/operations/BuildOperationDescriptor$Builder;Lorg/gradle/internal/operations/BuildOperationState;Lorg/gradle/internal/operations/DefaultBuildOperationRunner$BuildOperationExecution;)Ljava/lang/Object; (147 bytes) @ 0x000002488a63e654 [0x000002488a63db00+0x0000000000000b54]
J 7571 c1 org.gradle.internal.operations.DefaultBuildOperationRunner.execute(Lorg/gradle/internal/operations/BuildOperation;Lorg/gradle/internal/operations/BuildOperationWorker;Lorg/gradle/internal/operations/BuildOperationState;)V (23 bytes) @ 0x000002488a74d494 [0x000002488a74d1e0+0x00000000000002b4]
j  org.gradle.internal.operations.DefaultBuildOperationRunner.run(Lorg/gradle/internal/operations/RunnableBuildOperation;)V+9
j  org.gradle.api.internal.DefaultCollectionCallbackActionDecorator$BuildOperationEmittingAction.execute(Ljava/lang/Object;)V+20
j  org.gradle.api.internal.DefaultDomainObjectCollection.all(Lorg/gradle/api/Action;)V+114
j  org.jetbrains.kotlin.gradle.plugin.AbstractKotlinPlugin$Companion.configureSourceSetDefaults(Lorg/jetbrains/kotlin/gradle/plugin/mpp/KotlinWithJavaTarget;Lkotlin/jvm/functions/Function1;)V+15
j  org.jetbrains.kotlin.gradle.plugin.AbstractKotlinPlugin$Companion.configureTarget(Lorg/jetbrains/kotlin/gradle/plugin/mpp/KotlinWithJavaTarget;Lkotlin/jvm/functions/Function1;)V+26
j  org.jetbrains.kotlin.gradle.plugin.AbstractKotlinPlugin.apply(Lorg/gradle/api/Project;)V+61
j  org.jetbrains.kotlin.gradle.plugin.KotlinJvmPlugin.apply(Lorg/gradle/api/Project;)V+51
j  org.jetbrains.kotlin.gradle.plugin.KotlinJvmPlugin.apply(Ljava/lang/Object;)V+5
j  org.jetbrains.kotlin.gradle.plugin.KotlinBasePluginWrapper.apply(Lorg/gradle/api/Project;)V+209
j  org.jetbrains.kotlin.gradle.plugin.KotlinPluginWrapper.apply(Lorg/gradle/api/Project;)V+12
j  org.jetbrains.kotlin.gradle.plugin.KotlinPluginWrapper.apply(Ljava/lang/Object;)V+5
j  org.gradle.api.internal.plugins.ImperativeOnlyPluginTarget.applyImperative(Ljava/lang/String;Lorg/gradle/api/Plugin;)V+13
j  org.gradle.api.internal.plugins.RuleBasedPluginTarget.applyImperative(Ljava/lang/String;Lorg/gradle/api/Plugin;)V+6
j  org.gradle.api.internal.plugins.DefaultPluginManager.addPlugin(Ljava/lang/Runnable;Lorg/gradle/api/internal/plugins/PluginImplementation;Ljava/lang/String;Ljava/lang/Class;)V+54
j  org.gradle.api.internal.plugins.DefaultPluginManager.access$100(Lorg/gradle/api/internal/plugins/DefaultPluginManager;Ljava/lang/Runnable;Lorg/gradle/api/internal/plugins/PluginImplementation;Ljava/lang/String;Ljava/lang/Class;)V+6
j  org.gradle.api.internal.plugins.DefaultPluginManager$AddPluginBuildOperation.run(Lorg/gradle/internal/operations/BuildOperationContext;)V+20
j  org.gradle.internal.operations.DefaultBuildOperationRunner$1.execute(Lorg/gradle/internal/operations/RunnableBuildOperation;Lorg/gradle/internal/operations/BuildOperationContext;)V+2
j  org.gradle.internal.operations.DefaultBuildOperationRunner$1.execute(Lorg/gradle/internal/operations/BuildOperation;Lorg/gradle/internal/operations/BuildOperationContext;)V+6
j  org.gradle.internal.operations.DefaultBuildOperationRunner$2.execute(Lorg/gradle/internal/operations/BuildOperationDescriptor;Lorg/gradle/internal/operations/BuildOperationState;Lorg/gradle/internal/operations/BuildOperationState;Lorg/gradle/internal/operations/DefaultBuildOperationRunner$ReadableBuildOperationContext;Lorg/gradle/internal/operations/DefaultBuildOperationRunner$BuildOperationExecutionListener;)Lorg/gradle/internal/operations/BuildOperation;+22
j  org.gradle.internal.operations.DefaultBuildOperationRunner$2.execute(Lorg/gradle/internal/operations/BuildOperationDescriptor;Lorg/gradle/internal/operations/BuildOperationState;Lorg/gradle/internal/operations/BuildOperationState;Lorg/gradle/internal/operations/DefaultBuildOperationRunner$ReadableBuildOperationContext;Lorg/gradle/internal/operations/DefaultBuildOperationRunner$BuildOperationExecutionListener;)Ljava/lang/Object;+8
J 6763 c1 org.gradle.internal.operations.DefaultBuildOperationRunner.execute(Lorg/gradle/internal/operations/BuildOperationDescriptor$Builder;Lorg/gradle/internal/operations/BuildOperationState;Lorg/gradle/internal/operations/DefaultBuildOperationRunner$BuildOperationExecution;)Ljava/lang/Object; (147 bytes) @ 0x000002488a63e654 [0x000002488a63db00+0x0000000000000b54]
j  org.gradle.internal.operations.DefaultBuildOperationRunner.execute(Lorg/gradle/internal/operations/BuildOperation;Lorg/gradle/internal/operations/BuildOperationWorker;Lorg/gradle/internal/operations/BuildOperationState;)V+18
j  org.gradle.internal.operations.DefaultBuildOperationRunner.run(Lorg/gradle/internal/operations/RunnableBuildOperation;)V+9
j  org.gradle.api.internal.plugins.DefaultPluginManager.lambda$doApply$0(Ljava/lang/Runnable;Lorg/gradle/api/internal/plugins/PluginImplementation;Ljava/lang/String;Ljava/lang/Class;Lorg/gradle/internal/code/UserCodeApplicationId;)V+20
j  org.gradle.api.internal.plugins.DefaultPluginManager$$Lambda+0x00000248a1705458.execute(Ljava/lang/Object;)V+24
j  org.gradle.internal.code.DefaultUserCodeApplicationContext.apply(Lorg/gradle/internal/code/UserCodeSource;Lorg/gradle/api/Action;)V+37
j  org.gradle.api.internal.plugins.DefaultPluginManager.doApply(Lorg/gradle/api/internal/plugins/PluginImplementation;)V+144
j  org.gradle.api.internal.plugins.DefaultPluginManager.addImperativePlugin(Lorg/gradle/api/internal/plugins/PluginImplementation;)Lorg/gradle/api/Plugin;+2
j  org.gradle.api.internal.plugins.DefaultPluginManager.addImperativePlugin(Ljava/lang/Class;)Lorg/gradle/api/Plugin;+11
j  org.gradle.api.internal.plugins.DefaultPluginContainer.apply(Ljava/lang/Class;)Lorg/gradle/api/Plugin;+5
j  org.gradle.kotlin.dsl.plugins.embedded.EmbeddedKotlinPlugin.apply(Lorg/gradle/api/Project;)V+18
j  org.gradle.kotlin.dsl.plugins.embedded.EmbeddedKotlinPlugin.apply(Ljava/lang/Object;)V+5
j  org.gradle.api.internal.plugins.ImperativeOnlyPluginTarget.applyImperative(Ljava/lang/String;Lorg/gradle/api/Plugin;)V+13
j  org.gradle.api.internal.plugins.RuleBasedPluginTarget.applyImperative(Ljava/lang/String;Lorg/gradle/api/Plugin;)V+6
j  org.gradle.api.internal.plugins.DefaultPluginManager.addPlugin(Ljava/lang/Runnable;Lorg/gradle/api/internal/plugins/PluginImplementation;Ljava/lang/String;Ljava/lang/Class;)V+54
j  org.gradle.api.internal.plugins.DefaultPluginManager.access$100(Lorg/gradle/api/internal/plugins/DefaultPluginManager;Ljava/lang/Runnable;Lorg/gradle/api/internal/plugins/PluginImplementation;Ljava/lang/String;Ljava/lang/Class;)V+6
j  org.gradle.api.internal.plugins.DefaultPluginManager$AddPluginBuildOperation.run(Lorg/gradle/internal/operations/BuildOperationContext;)V+20
j  org.gradle.internal.operations.DefaultBuildOperationRunner$1.execute(Lorg/gradle/internal/operations/RunnableBuildOperation;Lorg/gradle/internal/operations/BuildOperationContext;)V+2
j  org.gradle.internal.operations.DefaultBuildOperationRunner$1.execute(Lorg/gradle/internal/operations/BuildOperation;Lorg/gradle/internal/operations/BuildOperationContext;)V+6
j  org.gradle.internal.operations.DefaultBuildOperationRunner$2.execute(Lorg/gradle/internal/operations/BuildOperationDescriptor;Lorg/gradle/internal/operations/BuildOperationState;Lorg/gradle/internal/operations/BuildOperationState;Lorg/gradle/internal/operations/DefaultBuildOperationRunner$ReadableBuildOperationContext;Lorg/gradle/internal/operations/DefaultBuildOperationRunner$BuildOperationExecutionListener;)Lorg/gradle/internal/operations/BuildOperation;+22
j  org.gradle.internal.operations.DefaultBuildOperationRunner$2.execute(Lorg/gradle/internal/operations/BuildOperationDescriptor;Lorg/gradle/internal/operations/BuildOperationState;Lorg/gradle/internal/operations/BuildOperationState;Lorg/gradle/internal/operations/DefaultBuildOperationRunner$ReadableBuildOperationContext;Lorg/gradle/internal/operations/DefaultBuildOperationRunner$BuildOperationExecutionListener;)Ljava/lang/Object;+8
J 6763 c1 org.gradle.internal.operations.DefaultBuildOperationRunner.execute(Lorg/gradle/internal/operations/BuildOperationDescriptor$Builder;Lorg/gradle/internal/operations/BuildOperationState;Lorg/gradle/internal/operations/DefaultBuildOperationRunner$BuildOperationExecution;)Ljava/lang/Object; (147 bytes) @ 0x000002488a63e654 [0x000002488a63db00+0x0000000000000b54]
j  org.gradle.internal.operations.DefaultBuildOperationRunner.execute(Lorg/gradle/internal/operations/BuildOperation;Lorg/gradle/internal/operations/BuildOperationWorker;Lorg/gradle/internal/operations/BuildOperationState;)V+18
j  org.gradle.internal.operations.DefaultBuildOperationRunner.run(Lorg/gradle/internal/operations/RunnableBuildOperation;)V+9
j  org.gradle.api.internal.plugins.DefaultPluginManager.lambda$doApply$0(Ljava/lang/Runnable;Lorg/gradle/api/internal/plugins/PluginImplementation;Ljava/lang/String;Ljava/lang/Class;Lorg/gradle/internal/code/UserCodeApplicationId;)V+20
j  org.gradle.api.internal.plugins.DefaultPluginManager$$Lambda+0x00000248a1705458.execute(Ljava/lang/Object;)V+24
j  org.gradle.internal.code.DefaultUserCodeApplicationContext.apply(Lorg/gradle/internal/code/UserCodeSource;Lorg/gradle/api/Action;)V+37
j  org.gradle.api.internal.plugins.DefaultPluginManager.doApply(Lorg/gradle/api/internal/plugins/PluginImplementation;)V+144
j  org.gradle.api.internal.plugins.DefaultPluginManager.apply(Ljava/lang/Class;)V+11
j  org.gradle.api.internal.plugins.DefaultObjectConfigurationAction.applyType(Ljava/lang/Class;)V+43
j  org.gradle.api.internal.plugins.DefaultObjectConfigurationAction.applyPlugin(Ljava/lang/Class;)V+2
j  org.gradle.api.internal.plugins.DefaultObjectConfigurationAction.access$100(Lorg/gradle/api/internal/plugins/DefaultObjectConfigurationAction;Ljava/lang/Class;)V+2
j  org.gradle.api.internal.plugins.DefaultObjectConfigurationAction$2.run()V+8
j  org.gradle.api.internal.plugins.DefaultObjectConfigurationAction.execute()V+58
j  org.gradle.api.internal.project.AbstractPluginAware.apply(Lorg/gradle/api/Action;)V+13
j  org.gradle.api.internal.project.DefaultProject.apply(Lorg/gradle/api/Action;)V+6
j  org.gradle.kotlin.dsl.plugins.base.KotlinDslBasePlugin.apply(Lorg/gradle/api/Project;)V+34
j  org.gradle.kotlin.dsl.plugins.base.KotlinDslBasePlugin.apply(Ljava/lang/Object;)V+5
j  org.gradle.api.internal.plugins.ImperativeOnlyPluginTarget.applyImperative(Ljava/lang/String;Lorg/gradle/api/Plugin;)V+13
j  org.gradle.api.internal.plugins.RuleBasedPluginTarget.applyImperative(Ljava/lang/String;Lorg/gradle/api/Plugin;)V+6
j  org.gradle.api.internal.plugins.DefaultPluginManager.addPlugin(Ljava/lang/Runnable;Lorg/gradle/api/internal/plugins/PluginImplementation;Ljava/lang/String;Ljava/lang/Class;)V+54
j  org.gradle.api.internal.plugins.DefaultPluginManager.access$100(Lorg/gradle/api/internal/plugins/DefaultPluginManager;Ljava/lang/Runnable;Lorg/gradle/api/internal/plugins/PluginImplementation;Ljava/lang/String;Ljava/lang/Class;)V+6
j  org.gradle.api.internal.plugins.DefaultPluginManager$AddPluginBuildOperation.run(Lorg/gradle/internal/operations/BuildOperationContext;)V+20
j  org.gradle.internal.operations.DefaultBuildOperationRunner$1.execute(Lorg/gradle/internal/operations/RunnableBuildOperation;Lorg/gradle/internal/operations/BuildOperationContext;)V+2
j  org.gradle.internal.operations.DefaultBuildOperationRunner$1.execute(Lorg/gradle/internal/operations/BuildOperation;Lorg/gradle/internal/operations/BuildOperationContext;)V+6
j  org.gradle.internal.operations.DefaultBuildOperationRunner$2.execute(Lorg/gradle/internal/operations/BuildOperationDescriptor;Lorg/gradle/internal/operations/BuildOperationState;Lorg/gradle/internal/operations/BuildOperationState;Lorg/gradle/internal/operations/DefaultBuildOperationRunner$ReadableBuildOperationContext;Lorg/gradle/internal/operations/DefaultBuildOperationRunner$BuildOperationExecutionListener;)Lorg/gradle/internal/operations/BuildOperation;+22
j  org.gradle.internal.operations.DefaultBuildOperationRunner$2.execute(Lorg/gradle/internal/operations/BuildOperationDescriptor;Lorg/gradle/internal/operations/BuildOperationState;Lorg/gradle/internal/operations/BuildOperationState;Lorg/gradle/internal/operations/DefaultBuildOperationRunner$ReadableBuildOperationContext;Lorg/gradle/internal/operations/DefaultBuildOperationRunner$BuildOperationExecutionListener;)Ljava/lang/Object;+8
J 6763 c1 org.gradle.internal.operations.DefaultBuildOperationRunner.execute(Lorg/gradle/internal/operations/BuildOperationDescriptor$Builder;Lorg/gradle/internal/operations/BuildOperationState;Lorg/gradle/internal/operations/DefaultBuildOperationRunner$BuildOperationExecution;)Ljava/lang/Object; (147 bytes) @ 0x000002488a63e654 [0x000002488a63db00+0x0000000000000b54]
j  org.gradle.internal.operations.DefaultBuildOperationRunner.execute(Lorg/gradle/internal/operations/BuildOperation;Lorg/gradle/internal/operations/BuildOperationWorker;Lorg/gradle/internal/operations/BuildOperationState;)V+18
j  org.gradle.internal.operations.DefaultBuildOperationRunner.run(Lorg/gradle/internal/operations/RunnableBuildOperation;)V+9
j  org.gradle.api.internal.plugins.DefaultPluginManager.lambda$doApply$0(Ljava/lang/Runnable;Lorg/gradle/api/internal/plugins/PluginImplementation;Ljava/lang/String;Ljava/lang/Class;Lorg/gradle/internal/code/UserCodeApplicationId;)V+20
j  org.gradle.api.internal.plugins.DefaultPluginManager$$Lambda+0x00000248a1705458.execute(Ljava/lang/Object;)V+24
j  org.gradle.internal.code.DefaultUserCodeApplicationContext.apply(Lorg/gradle/internal/code/UserCodeSource;Lorg/gradle/api/Action;)V+37
j  org.gradle.api.internal.plugins.DefaultPluginManager.doApply(Lorg/gradle/api/internal/plugins/PluginImplementation;)V+144
j  org.gradle.api.internal.plugins.DefaultPluginManager.apply(Ljava/lang/Class;)V+11
j  org.gradle.api.internal.plugins.DefaultObjectConfigurationAction.applyType(Ljava/lang/Class;)V+43
j  org.gradle.api.internal.plugins.DefaultObjectConfigurationAction.applyPlugin(Ljava/lang/Class;)V+2
j  org.gradle.api.internal.plugins.DefaultObjectConfigurationAction.access$100(Lorg/gradle/api/internal/plugins/DefaultObjectConfigurationAction;Ljava/lang/Class;)V+2
j  org.gradle.api.internal.plugins.DefaultObjectConfigurationAction$2.run()V+8
j  org.gradle.api.internal.plugins.DefaultObjectConfigurationAction.execute()V+58
j  org.gradle.api.internal.project.AbstractPluginAware.apply(Lorg/gradle/api/Action;)V+13
j  org.gradle.api.internal.project.DefaultProject.apply(Lorg/gradle/api/Action;)V+6
j  org.gradle.kotlin.dsl.plugins.dsl.KotlinDslPlugin.apply(Lorg/gradle/api/Project;)V+70
j  org.gradle.kotlin.dsl.plugins.dsl.KotlinDslPlugin.apply(Ljava/lang/Object;)V+5
j  org.gradle.api.internal.plugins.ImperativeOnlyPluginTarget.applyImperative(Ljava/lang/String;Lorg/gradle/api/Plugin;)V+13
j  org.gradle.api.internal.plugins.RuleBasedPluginTarget.applyImperative(Ljava/lang/String;Lorg/gradle/api/Plugin;)V+6
j  org.gradle.api.internal.plugins.DefaultPluginManager.addPlugin(Ljava/lang/Runnable;Lorg/gradle/api/internal/plugins/PluginImplementation;Ljava/lang/String;Ljava/lang/Class;)V+54
j  org.gradle.api.internal.plugins.DefaultPluginManager.access$100(Lorg/gradle/api/internal/plugins/DefaultPluginManager;Ljava/lang/Runnable;Lorg/gradle/api/internal/plugins/PluginImplementation;Ljava/lang/String;Ljava/lang/Class;)V+6
j  org.gradle.api.internal.plugins.DefaultPluginManager$AddPluginBuildOperation.run(Lorg/gradle/internal/operations/BuildOperationContext;)V+20
j  org.gradle.internal.operations.DefaultBuildOperationRunner$1.execute(Lorg/gradle/internal/operations/RunnableBuildOperation;Lorg/gradle/internal/operations/BuildOperationContext;)V+2
j  org.gradle.internal.operations.DefaultBuildOperationRunner$1.execute(Lorg/gradle/internal/operations/BuildOperation;Lorg/gradle/internal/operations/BuildOperationContext;)V+6
j  org.gradle.internal.operations.DefaultBuildOperationRunner$2.execute(Lorg/gradle/internal/operations/BuildOperationDescriptor;Lorg/gradle/internal/operations/BuildOperationState;Lorg/gradle/internal/operations/BuildOperationState;Lorg/gradle/internal/operations/DefaultBuildOperationRunner$ReadableBuildOperationContext;Lorg/gradle/internal/operations/DefaultBuildOperationRunner$BuildOperationExecutionListener;)Lorg/gradle/internal/operations/BuildOperation;+22
j  org.gradle.internal.operations.DefaultBuildOperationRunner$2.execute(Lorg/gradle/internal/operations/BuildOperationDescriptor;Lorg/gradle/internal/operations/BuildOperationState;Lorg/gradle/internal/operations/BuildOperationState;Lorg/gradle/internal/operations/DefaultBuildOperationRunner$ReadableBuildOperationContext;Lorg/gradle/internal/operations/DefaultBuildOperationRunner$BuildOperationExecutionListener;)Ljava/lang/Object;+8
J 6763 c1 org.gradle.internal.operations.DefaultBuildOperationRunner.execute(Lorg/gradle/internal/operations/BuildOperationDescriptor$Builder;Lorg/gradle/internal/operations/BuildOperationState;Lorg/gradle/internal/operations/DefaultBuildOperationRunner$BuildOperationExecution;)Ljava/lang/Object; (147 bytes) @ 0x000002488a63e654 [0x000002488a63db00+0x0000000000000b54]
j  org.gradle.internal.operations.DefaultBuildOperationRunner.execute(Lorg/gradle/internal/operations/BuildOperation;Lorg/gradle/internal/operations/BuildOperationWorker;Lorg/gradle/internal/operations/BuildOperationState;)V+18
j  org.gradle.internal.operations.DefaultBuildOperationRunner.run(Lorg/gradle/internal/operations/RunnableBuildOperation;)V+9
j  org.gradle.api.internal.plugins.DefaultPluginManager.lambda$doApply$0(Ljava/lang/Runnable;Lorg/gradle/api/internal/plugins/PluginImplementation;Ljava/lang/String;Ljava/lang/Class;Lorg/gradle/internal/code/UserCodeApplicationId;)V+20
j  org.gradle.api.internal.plugins.DefaultPluginManager$$Lambda+0x00000248a1705458.execute(Ljava/lang/Object;)V+24
j  org.gradle.internal.code.DefaultUserCodeApplicationContext.apply(Lorg/gradle/internal/code/UserCodeSource;Lorg/gradle/api/Action;)V+37
j  org.gradle.api.internal.plugins.DefaultPluginManager.doApply(Lorg/gradle/api/internal/plugins/PluginImplementation;)V+144
j  org.gradle.api.internal.plugins.DefaultPluginManager.apply(Ljava/lang/String;)V+52
j  org.gradle.plugin.use.resolve.internal.ArtifactRepositoriesPluginResolver$ExternalPluginResolution.applyTo(Lorg/gradle/api/internal/plugins/PluginManagerInternal;)V+55
j  org.gradle.plugin.use.internal.DefaultPluginRequestApplicator$ApplyAction.apply(Lorg/gradle/api/internal/plugins/PluginManagerInternal;)V+21
j  org.gradle.plugin.use.internal.DefaultPluginRequestApplicator.lambda$applyPlugins$1(Lorg/gradle/api/internal/plugins/PluginManagerInternal;Lorg/gradle/plugin/use/internal/DefaultPluginRequestApplicator$ApplyAction;)V+2
j  org.gradle.plugin.use.internal.DefaultPluginRequestApplicator$$Lambda+0x00000248a17dbd48.accept(Ljava/lang/Object;)V+8
j  java.util.ArrayList.forEach(Ljava/util/function/Consumer;)V+46 java.base@21.0.12.1
j  org.gradle.plugin.use.internal.DefaultPluginRequestApplicator.applyPlugins(Lorg/gradle/plugin/management/internal/PluginRequests;Lorg/gradle/api/internal/initialization/ScriptHandlerInternal;Lorg/gradle/api/internal/plugins/PluginManagerInternal;Lorg/gradle/api/internal/initialization/ClassLoaderScope;)V+375
j  org.gradle.kotlin.dsl.provider.PluginRequestsHandler.handle(Lorg/gradle/plugin/management/internal/PluginRequests;Lorg/gradle/api/internal/initialization/ScriptHandlerInternal;Lorg/gradle/api/internal/plugins/PluginAwareInternal;Lorg/gradle/api/internal/initialization/ClassLoaderScope;)V+65
j  org.gradle.kotlin.dsl.provider.StandardKotlinScriptEvaluator$InterpreterHost.applyPluginsTo(Lorg/gradle/kotlin/dsl/support/KotlinScriptHost;Lorg/gradle/plugin/management/internal/PluginRequests;)V+52
j  org.gradle.kotlin.dsl.execution.Interpreter$ProgramHost.applyPluginsTo(Lorg/gradle/kotlin/dsl/support/KotlinScriptHost;Lorg/gradle/plugin/management/internal/PluginRequests;)V+21
j  Program.execute(Lorg/gradle/kotlin/dsl/execution/ExecutableProgram$Host;Lorg/gradle/kotlin/dsl/support/KotlinScriptHost;)V+38
j  org.gradle.kotlin.dsl.execution.Interpreter$ProgramHost.eval(Lorg/gradle/kotlin/dsl/execution/CompiledScript;Lorg/gradle/kotlin/dsl/support/KotlinScriptHost;)V+88
j  org.gradle.kotlin.dsl.execution.Interpreter.eval(Ljava/lang/Object;Lorg/gradle/groovy/scripts/ScriptSource;Lorg/gradle/internal/hash/HashCode;Lorg/gradle/api/initialization/dsl/ScriptHandler;Lorg/gradle/api/internal/initialization/ClassLoaderScope;Lorg/gradle/api/internal/initialization/ClassLoaderScope;ZLjava/util/EnumSet;)V+213
j  org.gradle.kotlin.dsl.provider.StandardKotlinScriptEvaluator.evaluate(Ljava/lang/Object;Lorg/gradle/groovy/scripts/ScriptSource;Lorg/gradle/api/initialization/dsl/ScriptHandler;Lorg/gradle/api/internal/initialization/ClassLoaderScope;Lorg/gradle/api/internal/initialization/ClassLoaderScope;ZLjava/util/EnumSet;)V+163
j  org.gradle.kotlin.dsl.provider.KotlinScriptPluginFactory$create$1.invoke(Ljava/lang/Object;)V+253
j  org.gradle.kotlin.dsl.provider.KotlinScriptPluginFactory$create$1.invoke(Ljava/lang/Object;)Ljava/lang/Object;+2
j  org.gradle.kotlin.dsl.provider.KotlinScriptPlugin.apply(Ljava/lang/Object;)V+22
j  org.gradle.configuration.BuildOperationScriptPlugin$1.run(Lorg/gradle/internal/operations/BuildOperationContext;)V+11
j  org.gradle.internal.operations.DefaultBuildOperationRunner$1.execute(Lorg/gradle/internal/operations/RunnableBuildOperation;Lorg/gradle/internal/operations/BuildOperationContext;)V+2
j  org.gradle.internal.operations.DefaultBuildOperationRunner$1.execute(Lorg/gradle/internal/operations/BuildOperation;Lorg/gradle/internal/operations/BuildOperationContext;)V+6
j  org.gradle.internal.operations.DefaultBuildOperationRunner$2.execute(Lorg/gradle/internal/operations/BuildOperationDescriptor;Lorg/gradle/internal/operations/BuildOperationState;Lorg/gradle/internal/operations/BuildOperationState;Lorg/gradle/internal/operations/DefaultBuildOperationRunner$ReadableBuildOperationContext;Lorg/gradle/internal/operations/DefaultBuildOperationRunner$BuildOperationExecutionListener;)Lorg/gradle/internal/operations/BuildOperation;+22
j  org.gradle.internal.operations.DefaultBuildOperationRunner$2.execute(Lorg/gradle/internal/operations/BuildOperationDescriptor;Lorg/gradle/internal/operations/BuildOperationState;Lorg/gradle/internal/operations/BuildOperationState;Lorg/gradle/internal/operations/DefaultBuildOperationRunner$ReadableBuildOperationContext;Lorg/gradle/internal/operations/DefaultBuildOperationRunner$BuildOperationExecutionListener;)Ljava/lang/Object;+8
j  org.gradle.internal.operations.DefaultBuildOperationRunner.execute(Lorg/gradle/internal/operations/BuildOperationDescriptor$Builder;Lorg/gradle/internal/operations/BuildOperationState;Lorg/gradle/internal/operations/DefaultBuildOperationRunner$BuildOperationExecution;)Ljava/lang/Object;+141
j  org.gradle.internal.operations.DefaultBuildOperationRunner.execute(Lorg/gradle/internal/operations/BuildOperation;Lorg/gradle/internal/operations/BuildOperationWorker;Lorg/gradle/internal/operations/BuildOperationState;)V+18
j  org.gradle.internal.operations.DefaultBuildOperationRunner.run(Lorg/gradle/internal/operations/RunnableBuildOperation;)V+9
j  org.gradle.configuration.BuildOperationScriptPlugin.lambda$apply$0(Ljava/lang/Object;Lorg/gradle/internal/code/UserCodeApplicationId;)V+14
j  org.gradle.configuration.BuildOperationScriptPlugin$$Lambda+0x00000248a151ee78.execute(Ljava/lang/Object;)V+12
j  org.gradle.internal.code.DefaultUserCodeApplicationContext.apply(Lorg/gradle/internal/code/UserCodeSource;Lorg/gradle/api/Action;)V+37
j  org.gradle.configuration.BuildOperationScriptPlugin.apply(Ljava/lang/Object;)V+71
j  org.gradle.configuration.project.BuildScriptProcessor$$Lambda+0x00000248a1736990.accept(Ljava/lang/Object;)V+8
j  org.gradle.api.internal.project.DefaultProjectStateRegistry$ProjectStateImpl.lambda$applyToMutableState$1(Ljava/util/function/Consumer;Lorg/gradle/api/internal/project/ProjectInternal;)Ljava/lang/Object;+2
j  org.gradle.api.internal.project.DefaultProjectStateRegistry$ProjectStateImpl$$Lambda+0x00000248a16eed78.apply(Ljava/lang/Object;)Ljava/lang/Object;+8
j  org.gradle.api.internal.project.DefaultProjectStateRegistry$ProjectStateImpl.fromMutableState(Ljava/util/function/Function;)Ljava/lang/Object;+97
j  org.gradle.api.internal.project.DefaultProjectStateRegistry$ProjectStateImpl.applyToMutableState(Ljava/util/function/Consumer;)V+7
j  org.gradle.configuration.project.BuildScriptProcessor.execute(Lorg/gradle/api/internal/project/ProjectInternal;)V+88
j  org.gradle.configuration.project.BuildScriptProcessor.execute(Ljava/lang/Object;)V+5
j  org.gradle.configuration.project.ConfigureActionsProjectEvaluator.evaluate(Lorg/gradle/api/internal/project/ProjectInternal;Lorg/gradle/api/internal/project/ProjectStateInternal;)V+33
j  org.gradle.configuration.project.LifecycleProjectEvaluator$EvaluateProject.lambda$run$0(Lorg/gradle/internal/operations/BuildOperationContext;Lorg/gradle/api/internal/project/ProjectInternal;)V+67
j  org.gradle.configuration.project.LifecycleProjectEvaluator$EvaluateProject$$Lambda+0x00000248a16eeb40.accept(Ljava/lang/Object;)V+12
j  org.gradle.api.internal.project.DefaultProjectStateRegistry$ProjectStateImpl.lambda$applyToMutableState$1(Ljava/util/function/Consumer;Lorg/gradle/api/internal/project/ProjectInternal;)Ljava/lang/Object;+2
j  org.gradle.api.internal.project.DefaultProjectStateRegistry$ProjectStateImpl$$Lambda+0x00000248a16eed78.apply(Ljava/lang/Object;)Ljava/lang/Object;+8
j  org.gradle.api.internal.project.DefaultProjectStateRegistry$ProjectStateImpl.lambda$fromMutableState$2(Ljava/util/function/Function;)Ljava/lang/Object;+5
j  org.gradle.api.internal.project.DefaultProjectStateRegistry$ProjectStateImpl$$Lambda+0x00000248a16eefc0.create()Ljava/lang/Object;+8
j  org.gradle.internal.work.DefaultWorkerLeaseService.withReplacedLocks(Ljava/util/Collection;Lorg/gradle/internal/resources/ResourceLock;Lorg/gradle/internal/Factory;)Ljava/lang/Object;+40
j  org.gradle.api.internal.project.DefaultProjectStateRegistry$ProjectStateImpl.fromMutableState(Ljava/util/function/Function;)Ljava/lang/Object;+133
j  org.gradle.api.internal.project.DefaultProjectStateRegistry$ProjectStateImpl.applyToMutableState(Ljava/util/function/Consumer;)V+7
j  org.gradle.configuration.project.LifecycleProjectEvaluator$EvaluateProject.run(Lorg/gradle/internal/operations/BuildOperationContext;)V+16
j  org.gradle.internal.operations.DefaultBuildOperationRunner$1.execute(Lorg/gradle/internal/operations/RunnableBuildOperation;Lorg/gradle/internal/operations/BuildOperationContext;)V+2
j  org.gradle.internal.operations.DefaultBuildOperationRunner$1.execute(Lorg/gradle/internal/operations/BuildOperation;Lorg/gradle/internal/operations/BuildOperationContext;)V+6
j  org.gradle.internal.operations.DefaultBuildOperationRunner$2.execute(Lorg/gradle/internal/operations/BuildOperationDescriptor;Lorg/gradle/internal/operations/BuildOperationState;Lorg/gradle/internal/operations/BuildOperationState;Lorg/gradle/internal/operations/DefaultBuildOperationRunner$ReadableBuildOperationContext;Lorg/gradle/internal/operations/DefaultBuildOperationRunner$BuildOperationExecutionListener;)Lorg/gradle/internal/operations/BuildOperation;+22
j  org.gradle.internal.operations.DefaultBuildOperationRunner$2.execute(Lorg/gradle/internal/operations/BuildOperationDescriptor;Lorg/gradle/internal/operations/BuildOperationState;Lorg/gradle/internal/operations/BuildOperationState;Lorg/gradle/internal/operations/DefaultBuildOperationRunner$ReadableBuildOperationContext;Lorg/gradle/internal/operations/DefaultBuildOperationRunner$BuildOperationExecutionListener;)Ljava/lang/Object;+8
j  org.gradle.internal.operations.DefaultBuildOperationRunner.execute(Lorg/gradle/internal/operations/BuildOperationDescriptor$Builder;Lorg/gradle/internal/operations/BuildOperationState;Lorg/gradle/internal/operations/DefaultBuildOperationRunner$BuildOperationExecution;)Ljava/lang/Object;+141
j  org.gradle.internal.operations.DefaultBuildOperationRunner.execute(Lorg/gradle/internal/operations/BuildOperation;Lorg/gradle/internal/operations/BuildOperationWorker;Lorg/gradle/internal/operations/BuildOperationState;)V+18
j  org.gradle.internal.operations.DefaultBuildOperationRunner.run(Lorg/gradle/internal/operations/RunnableBuildOperation;)V+9
j  org.gradle.configuration.project.LifecycleProjectEvaluator.evaluate(Lorg/gradle/api/internal/project/ProjectInternal;Lorg/gradle/api/internal/project/ProjectStateInternal;)V+42
j  org.gradle.api.internal.project.DefaultProject.evaluateUnchecked()Lorg/gradle/api/internal/project/ProjectInternal;+20
j  org.gradle.api.internal.project.ProjectLifecycleController.lambda$ensureSelfConfigured$2()V+4
j  org.gradle.api.internal.project.ProjectLifecycleController$$Lambda+0x00000248a16ed570.run()V+4
j  org.gradle.internal.model.StateTransitionController.lambda$doTransition$14(Ljava/lang/Runnable;)Lorg/gradle/internal/build/ExecutionResult;+1
j  org.gradle.internal.model.StateTransitionController$$Lambda+0x00000248a1414ee0.get()Ljava/lang/Object;+4
j  org.gradle.internal.model.StateTransitionController.doTransition(Lorg/gradle/internal/model/StateTransitionController$State;Lorg/gradle/internal/model/StateTransitionController$State;Ljava/util/function/Supplier;)Lorg/gradle/internal/build/ExecutionResult;+24
j  org.gradle.internal.model.StateTransitionController.doTransition(Lorg/gradle/internal/model/StateTransitionController$State;Lorg/gradle/internal/model/StateTransitionController$State;Ljava/lang/Runnable;)V+9
j  org.gradle.internal.model.StateTransitionController.lambda$maybeTransitionIfNotCurrentlyTransitioning$10(Lorg/gradle/internal/model/StateTransitionController$State;Lorg/gradle/internal/model/StateTransitionController$State;Ljava/lang/Runnable;)V+16
j  org.gradle.internal.model.StateTransitionController$$Lambda+0x00000248a16ed798.run()V+16
j  org.gradle.internal.work.DefaultSynchronizer.withLock(Ljava/lang/Runnable;)V+6
j  org.gradle.internal.model.StateTransitionController.maybeTransitionIfNotCurrentlyTransitioning(Lorg/gradle/internal/model/StateTransitionController$State;Lorg/gradle/internal/model/StateTransitionController$State;Ljava/lang/Runnable;)V+13
j  org.gradle.api.internal.project.ProjectLifecycleController.ensureSelfConfigured()V+16
j  org.gradle.api.internal.project.DefaultProjectStateRegistry$ProjectStateImpl.ensureConfigured()V+19
j  org.gradle.execution.TaskPathProjectEvaluator.configure(Lorg/gradle/api/internal/project/ProjectInternal;)V+6
j  org.gradle.execution.TaskPathProjectEvaluator.configureHierarchy(Lorg/gradle/api/internal/project/ProjectInternal;)V+2
j  org.gradle.configuration.DefaultProjectsPreparer.prepareProjects(Lorg/gradle/api/internal/GradleInternal;)V+52
j  org.gradle.configuration.BuildTreePreparingProjectsPreparer.prepareProjects(Lorg/gradle/api/internal/GradleInternal;)V+114
j  org.gradle.configuration.BuildOperationFiringProjectsPreparer$ConfigureBuild.run(Lorg/gradle/internal/operations/BuildOperationContext;)V+11
j  org.gradle.internal.operations.DefaultBuildOperationRunner$1.execute(Lorg/gradle/internal/operations/RunnableBuildOperation;Lorg/gradle/internal/operations/BuildOperationContext;)V+2
j  org.gradle.internal.operations.DefaultBuildOperationRunner$1.execute(Lorg/gradle/internal/operations/BuildOperation;Lorg/gradle/internal/operations/BuildOperationContext;)V+6
j  org.gradle.internal.operations.DefaultBuildOperationRunner$2.execute(Lorg/gradle/internal/operations/BuildOperationDescriptor;Lorg/gradle/internal/operations/BuildOperationState;Lorg/gradle/internal/operations/BuildOperationState;Lorg/gradle/internal/operations/DefaultBuildOperationRunner$ReadableBuildOperationContext;Lorg/gradle/internal/operations/DefaultBuildOperationRunner$BuildOperationExecutionListener;)Lorg/gradle/internal/operations/BuildOperation;+22
j  org.gradle.internal.operations.DefaultBuildOperationRunner$2.execute(Lorg/gradle/internal/operations/BuildOperationDescriptor;Lorg/gradle/internal/operations/BuildOperationState;Lorg/gradle/internal/operations/BuildOperationState;Lorg/gradle/internal/operations/DefaultBuildOperationRunner$ReadableBuildOperationContext;Lorg/gradle/internal/operations/DefaultBuildOperationRunner$BuildOperationExecutionListener;)Ljava/lang/Object;+8
j  org.gradle.internal.operations.DefaultBuildOperationRunner.execute(Lorg/gradle/internal/operations/BuildOperationDescriptor$Builder;Lorg/gradle/internal/operations/BuildOperationState;Lorg/gradle/internal/operations/DefaultBuildOperationRunner$BuildOperationExecution;)Ljava/lang/Object;+141
j  org.gradle.internal.operations.DefaultBuildOperationRunner.execute(Lorg/gradle/internal/operations/BuildOperation;Lorg/gradle/internal/operations/BuildOperationWorker;Lorg/gradle/internal/operations/BuildOperationState;)V+18
j  org.gradle.internal.operations.DefaultBuildOperationRunner.run(Lorg/gradle/internal/operations/RunnableBuildOperation;)V+9
j  org.gradle.configuration.BuildOperationFiringProjectsPreparer.prepareProjects(Lorg/gradle/api/internal/GradleInternal;)V+13
j  org.gradle.initialization.VintageBuildModelController.lambda$prepareProjects$2()V+8
j  org.gradle.initialization.VintageBuildModelController$$Lambda+0x00000248a16b9d10.run()V+4
j  org.gradle.internal.model.StateTransitionController.lambda$doTransition$14(Ljava/lang/Runnable;)Lorg/gradle/internal/build/ExecutionResult;+1
j  org.gradle.internal.model.StateTransitionController$$Lambda+0x00000248a1414ee0.get()Ljava/lang/Object;+4
j  org.gradle.internal.model.StateTransitionController.doTransition(Lorg/gradle/internal/model/StateTransitionController$State;Lorg/gradle/internal/model/StateTransitionController$State;Ljava/util/function/Supplier;)Lorg/gradle/internal/build/ExecutionResult;+24
j  org.gradle.internal.model.StateTransitionController.doTransition(Lorg/gradle/internal/model/StateTransitionController$State;Lorg/gradle/internal/model/StateTransitionController$State;Ljava/lang/Runnable;)V+9
j  org.gradle.internal.model.StateTransitionController.lambda$transitionIfNotPreviously$11(Lorg/gradle/internal/model/StateTransitionController$State;Lorg/gradle/internal/model/StateTransitionController$State;Ljava/lang/Runnable;)V+16
j  org.gradle.internal.model.StateTransitionController$$Lambda+0x00000248a1414cb8.run()V+16
j  org.gradle.internal.work.DefaultSynchronizer.withLock(Ljava/lang/Runnable;)V+6
j  org.gradle.internal.model.StateTransitionController.transitionIfNotPreviously(Lorg/gradle/internal/model/StateTransitionController$State;Lorg/gradle/internal/model/StateTransitionController$State;Ljava/lang/Runnable;)V+13
j  org.gradle.initialization.VintageBuildModelController.prepareProjects()V+16
j  org.gradle.initialization.VintageBuildModelController.getConfiguredModel()Lorg/gradle/api/internal/GradleInternal;+5
j  org.gradle.internal.build.DefaultBuildLifecycleController$$Lambda+0x00000248a16b9ae8.get()Ljava/lang/Object;+4
j  org.gradle.internal.model.StateTransitionController.lambda$notInState$3(Lorg/gradle/internal/model/StateTransitionController$State;Ljava/util/function/Supplier;)Ljava/lang/Object;+11
j  org.gradle.internal.model.StateTransitionController$$Lambda+0x00000248a1414868.create()Ljava/lang/Object;+12
j  org.gradle.internal.work.DefaultSynchronizer.withLock(Lorg/gradle/internal/Factory;)Ljava/lang/Object;+6
j  org.gradle.internal.model.StateTransitionController.notInState(Lorg/gradle/internal/model/StateTransitionController$State;Ljava/util/function/Supplier;)Ljava/lang/Object;+12
j  org.gradle.internal.build.DefaultBuildLifecycleController.configureProjects()V+21
j  org.gradle.internal.build.AbstractBuildState.ensureProjectsConfigured()V+4
j  org.gradle.internal.buildtree.BuildInclusionCoordinator$$Lambda+0x00000248a16b9238.run()V+4
j  org.gradle.internal.buildtree.BuildInclusionCoordinator$BuildSynchronizer.lambda$withLock$0(Ljava/lang/Runnable;)V+14
j  org.gradle.internal.buildtree.BuildInclusionCoordinator$BuildSynchronizer$$Lambda+0x00000248a16b98c0.run()V+8
j  org.gradle.internal.work.DefaultSynchronizer.withLock(Ljava/lang/Runnable;)V+6
j  org.gradle.internal.buildtree.BuildInclusionCoordinator$BuildSynchronizer.withLock(Ljava/lang/Runnable;)V+11
j  org.gradle.internal.buildtree.BuildInclusionCoordinator.withLockForBuild(Lorg/gradle/internal/build/BuildState;Ljava/lang/Runnable;)V+20
j  org.gradle.internal.buildtree.BuildInclusionCoordinator.prepareForPluginResolution(Lorg/gradle/internal/build/IncludedBuildState;)V+13
j  org.gradle.internal.composite.DefaultBuildIncluder.prepareForPluginResolution(Lorg/gradle/internal/build/IncludedBuildState;)V+5
j  org.gradle.composite.internal.plugins.CompositeBuildPluginResolverContributor$CompositeBuildPluginResolver.resolveFromIncludedPluginBuilds(Lorg/gradle/plugin/use/PluginId;)Lorg/gradle/plugin/use/resolve/internal/PluginResolution;+39
j  org.gradle.composite.internal.plugins.CompositeBuildPluginResolverContributor$CompositeBuildPluginResolver.doResolve(Lorg/gradle/plugin/use/PluginId;)Lorg/gradle/composite/internal/plugins/CompositeBuildPluginResolverContributor$PluginResult;+2
j  org.gradle.composite.internal.plugins.CompositeBuildPluginResolverContributor$CompositeBuildPluginResolver$$Lambda+0x00000248a16ad1e8.apply(Ljava/lang/Object;)Ljava/lang/Object;+8
J 4631 c2 java.util.concurrent.ConcurrentHashMap.computeIfAbsent(Ljava/lang/Object;Ljava/util/function/Function;)Ljava/lang/Object; java.base@21.0.12.1 (576 bytes) @ 0x0000024891eba1f8 [0x0000024891eb9b40+0x00000000000006b8]
j  org.gradle.composite.internal.plugins.CompositeBuildPluginResolverContributor$CompositeBuildPluginResolver.resolve(Lorg/gradle/plugin/management/internal/PluginRequestInternal;)Lorg/gradle/plugin/use/resolve/internal/PluginResolutionResult;+16
j  org.gradle.plugin.use.resolve.internal.CompositePluginResolver.resolve(Lorg/gradle/plugin/management/internal/PluginRequestInternal;)Lorg/gradle/plugin/use/resolve/internal/PluginResolutionResult;+37
j  org.gradle.plugin.use.resolve.internal.AlreadyOnClasspathPluginResolver.resolve(Lorg/gradle/plugin/management/internal/PluginRequestInternal;)Lorg/gradle/plugin/use/resolve/internal/PluginResolutionResult;+28
j  org.gradle.plugin.use.internal.DefaultPluginRequestApplicator.resolvePluginRequest(Lorg/gradle/plugin/use/resolve/internal/PluginResolver;Lorg/gradle/plugin/management/internal/PluginRequestInternal;)Lorg/gradle/plugin/use/resolve/internal/PluginResolution;+2
j  org.gradle.plugin.use.internal.DefaultPluginRequestApplicator.applyPlugins(Lorg/gradle/plugin/management/internal/PluginRequests;Lorg/gradle/api/internal/initialization/ScriptHandlerInternal;Lorg/gradle/api/internal/plugins/PluginManagerInternal;Lorg/gradle/api/internal/initialization/ClassLoaderScope;)V+136
j  org.gradle.kotlin.dsl.provider.PluginRequestsHandler.handle(Lorg/gradle/plugin/management/internal/PluginRequests;Lorg/gradle/api/internal/initialization/ScriptHandlerInternal;Lorg/gradle/api/internal/plugins/PluginAwareInternal;Lorg/gradle/api/internal/initialization/ClassLoaderScope;)V+65
j  org.gradle.kotlin.dsl.provider.StandardKotlinScriptEvaluator$InterpreterHost.applyPluginsTo(Lorg/gradle/kotlin/dsl/support/KotlinScriptHost;Lorg/gradle/plugin/management/internal/PluginRequests;)V+52
j  org.gradle.kotlin.dsl.execution.Interpreter$ProgramHost.applyPluginsTo(Lorg/gradle/kotlin/dsl/support/KotlinScriptHost;Lorg/gradle/plugin/management/internal/PluginRequests;)V+21
j  Program.execute(Lorg/gradle/kotlin/dsl/execution/ExecutableProgram$Host;Lorg/gradle/kotlin/dsl/support/KotlinScriptHost;)V+45
j  org.gradle.kotlin.dsl.execution.Interpreter$ProgramHost.eval(Lorg/gradle/kotlin/dsl/execution/CompiledScript;Lorg/gradle/kotlin/dsl/support/KotlinScriptHost;)V+88
j  org.gradle.kotlin.dsl.execution.Interpreter.eval(Ljava/lang/Object;Lorg/gradle/groovy/scripts/ScriptSource;Lorg/gradle/internal/hash/HashCode;Lorg/gradle/api/initialization/dsl/ScriptHandler;Lorg/gradle/api/internal/initialization/ClassLoaderScope;Lorg/gradle/api/internal/initialization/ClassLoaderScope;ZLjava/util/EnumSet;)V+213
j  org.gradle.kotlin.dsl.provider.StandardKotlinScriptEvaluator.evaluate(Ljava/lang/Object;Lorg/gradle/groovy/scripts/ScriptSource;Lorg/gradle/api/initialization/dsl/ScriptHandler;Lorg/gradle/api/internal/initialization/ClassLoaderScope;Lorg/gradle/api/internal/initialization/ClassLoaderScope;ZLjava/util/EnumSet;)V+163
j  org.gradle.kotlin.dsl.provider.KotlinScriptPluginFactory$create$1.invoke(Ljava/lang/Object;)V+253
j  org.gradle.kotlin.dsl.provider.KotlinScriptPluginFactory$create$1.invoke(Ljava/lang/Object;)Ljava/lang/Object;+2
j  org.gradle.kotlin.dsl.provider.KotlinScriptPlugin.apply(Ljava/lang/Object;)V+22
j  org.gradle.configuration.BuildOperationScriptPlugin$1.run(Lorg/gradle/internal/operations/BuildOperationContext;)V+11
j  org.gradle.internal.operations.DefaultBuildOperationRunner$1.execute(Lorg/gradle/internal/operations/RunnableBuildOperation;Lorg/gradle/internal/operations/BuildOperationContext;)V+2
j  org.gradle.internal.operations.DefaultBuildOperationRunner$1.execute(Lorg/gradle/internal/operations/BuildOperation;Lorg/gradle/internal/operations/BuildOperationContext;)V+6
j  org.gradle.internal.operations.DefaultBuildOperationRunner$2.execute(Lorg/gradle/internal/operations/BuildOperationDescriptor;Lorg/gradle/internal/operations/BuildOperationState;Lorg/gradle/internal/operations/BuildOperationState;Lorg/gradle/internal/operations/DefaultBuildOperationRunner$ReadableBuildOperationContext;Lorg/gradle/internal/operations/DefaultBuildOperationRunner$BuildOperationExecutionListener;)Lorg/gradle/internal/operations/BuildOperation;+22
j  org.gradle.internal.operations.DefaultBuildOperationRunner$2.execute(Lorg/gradle/internal/operations/BuildOperationDescriptor;Lorg/gradle/internal/operations/BuildOperationState;Lorg/gradle/internal/operations/BuildOperationState;Lorg/gradle/internal/operations/DefaultBuildOperationRunner$ReadableBuildOperationContext;Lorg/gradle/internal/operations/DefaultBuildOperationRunner$BuildOperationExecutionListener;)Ljava/lang/Object;+8
j  org.gradle.internal.operations.DefaultBuildOperationRunner.execute(Lorg/gradle/internal/operations/BuildOperationDescriptor$Builder;Lorg/gradle/internal/operations/BuildOperationState;Lorg/gradle/internal/operations/DefaultBuildOperationRunner$BuildOperationExecution;)Ljava/lang/Object;+141
j  org.gradle.internal.operations.DefaultBuildOperationRunner.execute(Lorg/gradle/internal/operations/BuildOperation;Lorg/gradle/internal/operations/BuildOperationWorker;Lorg/gradle/internal/operations/BuildOperationState;)V+18
j  org.gradle.internal.operations.DefaultBuildOperationRunner.run(Lorg/gradle/internal/operations/RunnableBuildOperation;)V+9
j  org.gradle.configuration.BuildOperationScriptPlugin.lambda$apply$0(Ljava/lang/Object;Lorg/gradle/internal/code/UserCodeApplicationId;)V+14
j  org.gradle.configuration.BuildOperationScriptPlugin$$Lambda+0x00000248a151ee78.execute(Ljava/lang/Object;)V+12
j  org.gradle.internal.code.DefaultUserCodeApplicationContext.apply(Lorg/gradle/internal/code/UserCodeSource;Lorg/gradle/api/Action;)V+37
j  org.gradle.configuration.BuildOperationScriptPlugin.apply(Ljava/lang/Object;)V+71
j  org.gradle.initialization.ScriptEvaluatingSettingsProcessor.applySettingsScript(Lorg/gradle/groovy/scripts/TextResourceScriptSource;Lorg/gradle/api/internal/SettingsInternal;)V+32
j  org.gradle.initialization.ScriptEvaluatingSettingsProcessor.process(Lorg/gradle/api/internal/GradleInternal;Lorg/gradle/initialization/SettingsLocation;Lorg/gradle/api/internal/initialization/ClassLoaderScope;Lorg/gradle/StartParameter;)Lorg/gradle/initialization/SettingsState;+90
j  org.gradle.initialization.SettingsEvaluatedCallbackFiringSettingsProcessor.process(Lorg/gradle/api/internal/GradleInternal;Lorg/gradle/initialization/SettingsLocation;Lorg/gradle/api/internal/initialization/ClassLoaderScope;Lorg/gradle/StartParameter;)Lorg/gradle/initialization/SettingsState;+9
j  org.gradle.initialization.RootBuildCacheControllerSettingsProcessor.process(Lorg/gradle/api/internal/GradleInternal;Lorg/gradle/initialization/SettingsLocation;Lorg/gradle/api/internal/initialization/ClassLoaderScope;Lorg/gradle/StartParameter;)Lorg/gradle/initialization/SettingsState;+9
j  org.gradle.initialization.BuildOperationSettingsProcessor$2.call(Lorg/gradle/internal/operations/BuildOperationContext;)Lorg/gradle/initialization/SettingsState;+23
j  org.gradle.initialization.BuildOperationSettingsProcessor$2.call(Lorg/gradle/internal/operations/BuildOperationContext;)Ljava/lang/Object;+2
j  org.gradle.internal.operations.DefaultBuildOperationRunner$CallableBuildOperationWorker.execute(Lorg/gradle/internal/operations/CallableBuildOperation;Lorg/gradle/internal/operations/BuildOperationContext;)V+3
j  org.gradle.internal.operations.DefaultBuildOperationRunner$CallableBuildOperationWorker.execute(Lorg/gradle/internal/operations/BuildOperation;Lorg/gradle/internal/operations/BuildOperationContext;)V+6
j  org.gradle.internal.operations.DefaultBuildOperationRunner$2.execute(Lorg/gradle/internal/operations/BuildOperationDescriptor;Lorg/gradle/internal/operations/BuildOperationState;Lorg/gradle/internal/operations/BuildOperationState;Lorg/gradle/internal/operations/DefaultBuildOperationRunner$ReadableBuildOperationContext;Lorg/gradle/internal/operations/DefaultBuildOperationRunner$BuildOperationExecutionListener;)Lorg/gradle/internal/operations/BuildOperation;+22
j  org.gradle.internal.operations.DefaultBuildOperationRunner$2.execute(Lorg/gradle/internal/operations/BuildOperationDescriptor;Lorg/gradle/internal/operations/BuildOperationState;Lorg/gradle/internal/operations/BuildOperationState;Lorg/gradle/internal/operations/DefaultBuildOperationRunner$ReadableBuildOperationContext;Lorg/gradle/internal/operations/DefaultBuildOperationRunner$BuildOperationExecutionListener;)Ljava/lang/Object;+8
j  org.gradle.internal.operations.DefaultBuildOperationRunner.execute(Lorg/gradle/internal/operations/BuildOperationDescriptor$Builder;Lorg/gradle/internal/operations/BuildOperationState;Lorg/gradle/internal/operations/DefaultBuildOperationRunner$BuildOperationExecution;)Ljava/lang/Object;+141
j  org.gradle.internal.operations.DefaultBuildOperationRunner.execute(Lorg/gradle/internal/operations/BuildOperation;Lorg/gradle/internal/operations/BuildOperationWorker;Lorg/gradle/internal/operations/BuildOperationState;)V+18
j  org.gradle.internal.operations.DefaultBuildOperationRunner.call(Lorg/gradle/internal/operations/CallableBuildOperation;)Ljava/lang/Object;+16
j  org.gradle.initialization.BuildOperationSettingsProcessor.process(Lorg/gradle/api/internal/GradleInternal;Lorg/gradle/initialization/SettingsLocation;Lorg/gradle/api/internal/initialization/ClassLoaderScope;Lorg/gradle/StartParameter;)Lorg/gradle/initialization/SettingsState;+17
j  org.gradle.initialization.DefaultSettingsLoader.findSettingsAndLoadIfAppropriate(Lorg/gradle/api/internal/GradleInternal;Lorg/gradle/StartParameter;Lorg/gradle/initialization/SettingsLocation;Lorg/gradle/api/internal/initialization/ClassLoaderScope;)Lorg/gradle/initialization/SettingsState;+9
j  org.gradle.initialization.DefaultSettingsLoader.findAndLoadSettings(Lorg/gradle/api/internal/GradleInternal;)Lorg/gradle/initialization/SettingsState;+103
j  org.gradle.initialization.SettingsAttachingSettingsLoader.findAndLoadSettings(Lorg/gradle/api/internal/GradleInternal;)Lorg/gradle/initialization/SettingsState;+5
j  org.gradle.internal.composite.CommandLineIncludedBuildSettingsLoader.findAndLoadSettings(Lorg/gradle/api/internal/GradleInternal;)Lorg/gradle/initialization/SettingsState;+5
j  org.gradle.internal.composite.ChildBuildRegisteringSettingsLoader.findAndLoadSettings(Lorg/gradle/api/internal/GradleInternal;)Lorg/gradle/initialization/SettingsState;+5
j  org.gradle.internal.composite.CompositeBuildSettingsLoader.findAndLoadSettings(Lorg/gradle/api/internal/GradleInternal;)Lorg/gradle/initialization/SettingsState;+5
j  org.gradle.initialization.InitScriptHandlingSettingsLoader.findAndLoadSettings(Lorg/gradle/api/internal/GradleInternal;)Lorg/gradle/initialization/SettingsState;+13
j  org.gradle.api.internal.initialization.CacheConfigurationsHandlingSettingsLoader.findAndLoadSettings(Lorg/gradle/api/internal/GradleInternal;)Lorg/gradle/initialization/SettingsState;+15
j  org.gradle.initialization.GradlePropertiesHandlingSettingsLoader.findAndLoadSettings(Lorg/gradle/api/internal/GradleInternal;)Lorg/gradle/initialization/SettingsState;+40
j  org.gradle.initialization.DefaultSettingsPreparer.prepareSettings(Lorg/gradle/api/internal/GradleInternal;)V+33
j  org.gradle.initialization.BuildOperationFiringSettingsPreparer$LoadBuild.doLoadBuild()V+11
j  org.gradle.initialization.BuildOperationFiringSettingsPreparer$LoadBuild.run(Lorg/gradle/internal/operations/BuildOperationContext;)V+1
j  org.gradle.internal.operations.DefaultBuildOperationRunner$1.execute(Lorg/gradle/internal/operations/RunnableBuildOperation;Lorg/gradle/internal/operations/BuildOperationContext;)V+2
j  org.gradle.internal.operations.DefaultBuildOperationRunner$1.execute(Lorg/gradle/internal/operations/BuildOperation;Lorg/gradle/internal/operations/BuildOperationContext;)V+6
j  org.gradle.internal.operations.DefaultBuildOperationRunner$2.execute(Lorg/gradle/internal/operations/BuildOperationDescriptor;Lorg/gradle/internal/operations/BuildOperationState;Lorg/gradle/internal/operations/BuildOperationState;Lorg/gradle/internal/operations/DefaultBuildOperationRunner$ReadableBuildOperationContext;Lorg/gradle/internal/operations/DefaultBuildOperationRunner$BuildOperationExecutionListener;)Lorg/gradle/internal/operations/BuildOperation;+22
j  org.gradle.internal.operations.DefaultBuildOperationRunner$2.execute(Lorg/gradle/internal/operations/BuildOperationDescriptor;Lorg/gradle/internal/operations/BuildOperationState;Lorg/gradle/internal/operations/BuildOperationState;Lorg/gradle/internal/operations/DefaultBuildOperationRunner$ReadableBuildOperationContext;Lorg/gradle/internal/operations/DefaultBuildOperationRunner$BuildOperationExecutionListener;)Ljava/lang/Object;+8
j  org.gradle.internal.operations.DefaultBuildOperationRunner.execute(Lorg/gradle/internal/operations/BuildOperationDescriptor$Builder;Lorg/gradle/internal/operations/BuildOperationState;Lorg/gradle/internal/operations/DefaultBuildOperationRunner$BuildOperationExecution;)Ljava/lang/Object;+141
j  org.gradle.internal.operations.DefaultBuildOperationRunner.execute(Lorg/gradle/internal/operations/BuildOperation;Lorg/gradle/internal/operations/BuildOperationWorker;Lorg/gradle/internal/operations/BuildOperationState;)V+18
j  org.gradle.internal.operations.DefaultBuildOperationRunner.run(Lorg/gradle/internal/operations/RunnableBuildOperation;)V+9
j  org.gradle.initialization.BuildOperationFiringSettingsPreparer.prepareSettings(Lorg/gradle/api/internal/GradleInternal;)V+31
j  org.gradle.initialization.VintageBuildModelController.lambda$prepareSettings$1()V+8
j  org.gradle.initialization.VintageBuildModelController$$Lambda+0x00000248a1414a90.run()V+4
j  org.gradle.internal.model.StateTransitionController.lambda$doTransition$14(Ljava/lang/Runnable;)Lorg/gradle/internal/build/ExecutionResult;+1
j  org.gradle.internal.model.StateTransitionController$$Lambda+0x00000248a1414ee0.get()Ljava/lang/Object;+4
j  org.gradle.internal.model.StateTransitionController.doTransition(Lorg/gradle/internal/model/StateTransitionController$State;Lorg/gradle/internal/model/StateTransitionController$State;Ljava/util/function/Supplier;)Lorg/gradle/internal/build/ExecutionResult;+24
j  org.gradle.internal.model.StateTransitionController.doTransition(Lorg/gradle/internal/model/StateTransitionController$State;Lorg/gradle/internal/model/StateTransitionController$State;Ljava/lang/Runnable;)V+9
j  org.gradle.internal.model.StateTransitionController.lambda$transitionIfNotPreviously$11(Lorg/gradle/internal/model/StateTransitionController$State;Lorg/gradle/internal/model/StateTransitionController$State;Ljava/lang/Runnable;)V+16
j  org.gradle.internal.model.StateTransitionController$$Lambda+0x00000248a1414cb8.run()V+16
j  org.gradle.internal.work.DefaultSynchronizer.withLock(Ljava/lang/Runnable;)V+6
j  org.gradle.internal.model.StateTransitionController.transitionIfNotPreviously(Lorg/gradle/internal/model/StateTransitionController$State;Lorg/gradle/internal/model/StateTransitionController$State;Ljava/lang/Runnable;)V+13
j  org.gradle.initialization.VintageBuildModelController.prepareSettings()V+16
j  org.gradle.initialization.VintageBuildModelController.getConfiguredModel()Lorg/gradle/api/internal/GradleInternal;+1
j  org.gradle.internal.build.DefaultBuildLifecycleController.lambda$withProjectsConfigured$1(Ljava/util/function/Function;)Ljava/lang/Object;+5
j  org.gradle.internal.build.DefaultBuildLifecycleController$$Lambda+0x00000248a1414640.get()Ljava/lang/Object;+8
j  org.gradle.internal.model.StateTransitionController.lambda$notInState$3(Lorg/gradle/internal/model/StateTransitionController$State;Ljava/util/function/Supplier;)Ljava/lang/Object;+11
j  org.gradle.internal.model.StateTransitionController$$Lambda+0x00000248a1414868.create()Ljava/lang/Object;+12
j  org.gradle.internal.work.DefaultSynchronizer.withLock(Lorg/gradle/internal/Factory;)Ljava/lang/Object;+6
j  org.gradle.internal.model.StateTransitionController.notInState(Lorg/gradle/internal/model/StateTransitionController$State;Ljava/util/function/Supplier;)Ljava/lang/Object;+12
j  org.gradle.internal.build.DefaultBuildLifecycleController.withProjectsConfigured(Ljava/util/function/Function;)Ljava/lang/Object;+14
j  org.gradle.internal.build.DefaultBuildToolingModelController.locateBuilderForTarget(Ljava/lang/String;Z)Lorg/gradle/tooling/provider/model/internal/ToolingModelScope;+38
j  org.gradle.internal.buildtree.DefaultBuildTreeModelCreator$DefaultBuildTreeModelController.lambda$locateBuilderForTarget$0(Ljava/lang/String;ZLorg/gradle/internal/build/BuildToolingModelController;)Lorg/gradle/tooling/provider/model/internal/ToolingModelScope;+3
j  org.gradle.internal.buildtree.DefaultBuildTreeModelCreator$DefaultBuildTreeModelController$$Lambda+0x00000248a13d6c00.apply(Ljava/lang/Object;)Ljava/lang/Object;+12
j  org.gradle.internal.build.DefaultBuildLifecycleController.withToolingModels(Ljava/util/function/Function;)Ljava/lang/Object;+15
j  org.gradle.internal.build.AbstractBuildState.withToolingModels(Ljava/util/function/Function;)Ljava/lang/Object;+5
j  org.gradle.internal.buildtree.DefaultBuildTreeModelCreator$DefaultBuildTreeModelController.locateBuilderForTarget(Lorg/gradle/internal/build/BuildState;Ljava/lang/String;Z)Lorg/gradle/tooling/provider/model/internal/ToolingModelScope;+8
j  org.gradle.internal.buildtree.DefaultBuildTreeModelCreator$DefaultBuildTreeModelController.locateBuilderForDefaultTarget(Ljava/lang/String;Z)Lorg/gradle/tooling/provider/model/internal/ToolingModelScope;+10
j  org.gradle.tooling.internal.provider.runner.BuildModelActionRunner$ModelCreateAction.fromBuildModel(Lorg/gradle/internal/buildtree/BuildTreeModelController;)Ljava/lang/Object;+11
j  org.gradle.internal.buildtree.DefaultBuildTreeModelCreator.fromBuildModel(Lorg/gradle/internal/buildtree/BuildTreeModelAction;)Ljava/lang/Object;+10
j  org.gradle.internal.buildtree.DefaultBuildTreeLifecycleController.lambda$fromBuildModel$2(Lorg/gradle/internal/buildtree/BuildTreeModelAction;Z)Lorg/gradle/internal/build/ExecutionResult;+57
j  org.gradle.internal.buildtree.DefaultBuildTreeLifecycleController$$Lambda+0x00000248a13d5ce0.get()Ljava/lang/Object;+12
j  org.gradle.internal.buildtree.DefaultBuildTreeLifecycleController.lambda$runBuild$4(Ljava/util/function/Supplier;)Ljava/lang/Object;+1
j  org.gradle.internal.buildtree.DefaultBuildTreeLifecycleController$$Lambda+0x00000248a13d5f08.get()Ljava/lang/Object;+8
j  org.gradle.internal.model.StateTransitionController.lambda$transition$6(Ljava/util/function/Supplier;)Lorg/gradle/internal/build/ExecutionResult;+1
j  org.gradle.internal.model.StateTransitionController$$Lambda+0x00000248a13d6358.get()Ljava/lang/Object;+4
j  org.gradle.internal.model.StateTransitionController.doTransition(Lorg/gradle/internal/model/StateTransitionController$State;Lorg/gradle/internal/model/StateTransitionController$State;Ljava/util/function/Supplier;)Lorg/gradle/internal/build/ExecutionResult;+24
j  org.gradle.internal.model.StateTransitionController.lambda$transition$7(Lorg/gradle/internal/model/StateTransitionController$State;Lorg/gradle/internal/model/StateTransitionController$State;Ljava/util/function/Supplier;)Ljava/lang/Object;+9
j  org.gradle.internal.model.StateTransitionController$$Lambda+0x00000248a13d6130.create()Ljava/lang/Object;+16
j  org.gradle.internal.work.DefaultSynchronizer.withLock(Lorg/gradle/internal/Factory;)Ljava/lang/Object;+6
j  org.gradle.internal.model.StateTransitionController.transition(Lorg/gradle/internal/model/StateTransitionController$State;Lorg/gradle/internal/model/StateTransitionController$State;Ljava/util/function/Supplier;)Ljava/lang/Object;+13
j  org.gradle.internal.buildtree.DefaultBuildTreeLifecycleController.runBuild(Ljava/util/function/Supplier;)Ljava/lang/Object;+17
j  org.gradle.internal.buildtree.DefaultBuildTreeLifecycleController.fromBuildModel(ZLorg/gradle/internal/buildtree/BuildTreeModelAction;)Ljava/lang/Object;+9
j  org.gradle.tooling.internal.provider.runner.BuildModelActionRunner.run(Lorg/gradle/internal/invocation/BuildAction;Lorg/gradle/internal/buildtree/BuildTreeLifecycleController;)Lorg/gradle/internal/buildtree/BuildActionRunner$Result;+40
j  org.gradle.launcher.exec.ChainingBuildActionRunner.run(Lorg/gradle/internal/invocation/BuildAction;Lorg/gradle/internal/buildtree/BuildTreeLifecycleController;)Lorg/gradle/internal/buildtree/BuildActionRunner$Result;+34
j  org.gradle.internal.buildtree.ProblemReportingBuildActionRunner.run(Lorg/gradle/internal/invocation/BuildAction;Lorg/gradle/internal/buildtree/BuildTreeLifecycleController;)Lorg/gradle/internal/buildtree/BuildActionRunner$Result;+12
j  org.gradle.launcher.exec.BuildOutcomeReportingBuildActionRunner.run(Lorg/gradle/internal/invocation/BuildAction;Lorg/gradle/internal/buildtree/BuildTreeLifecycleController;)Lorg/gradle/internal/buildtree/BuildActionRunner$Result;+69
j  org.gradle.tooling.internal.provider.FileSystemWatchingBuildActionRunner.run(Lorg/gradle/internal/invocation/BuildAction;Lorg/gradle/internal/buildtree/BuildTreeLifecycleController;)Lorg/gradle/internal/buildtree/BuildActionRunner$Result;+317
j  org.gradle.launcher.exec.BuildCompletionNotifyingBuildActionRunner.run(Lorg/gradle/internal/invocation/BuildAction;Lorg/gradle/internal/buildtree/BuildTreeLifecycleController;)Lorg/gradle/internal/buildtree/BuildActionRunner$Result;+6
j  org.gradle.launcher.exec.RootBuildLifecycleBuildActionExecutor.lambda$execute$0(Lorg/gradle/internal/invocation/BuildAction;Lorg/gradle/internal/buildtree/BuildTreeLifecycleController;)Lorg/gradle/internal/buildtree/BuildActionRunner$Result;+6
j  org.gradle.launcher.exec.RootBuildLifecycleBuildActionExecutor$$Lambda+0x00000248a13bb988.apply(Ljava/lang/Object;)Ljava/lang/Object;+12
j  org.gradle.composite.internal.DefaultRootBuildState.run(Ljava/util/function/Function;)Ljava/lang/Object;+87
j  org.gradle.launcher.exec.RootBuildLifecycleBuildActionExecutor.execute(Lorg/gradle/internal/invocation/BuildAction;Lorg/gradle/internal/buildtree/BuildTreeContext;)Lorg/gradle/internal/buildtree/BuildActionRunner$Result;+75
j  org.gradle.internal.buildtree.InitDeprecationLoggingActionExecutor.execute(Lorg/gradle/internal/invocation/BuildAction;Lorg/gradle/internal/buildtree/BuildTreeContext;)Lorg/gradle/internal/buildtree/BuildActionRunner$Result;+83
j  org.gradle.internal.buildtree.InitProblems.execute(Lorg/gradle/internal/invocation/BuildAction;Lorg/gradle/internal/buildtree/BuildTreeContext;)Lorg/gradle/internal/buildtree/BuildActionRunner$Result;+13
j  org.gradle.internal.buildtree.DefaultBuildTreeContext.execute(Lorg/gradle/internal/invocation/BuildAction;)Lorg/gradle/internal/buildtree/BuildActionRunner$Result;+64
j  org.gradle.launcher.exec.BuildTreeLifecycleBuildActionExecutor.lambda$execute$0(Lorg/gradle/internal/invocation/BuildAction;Lorg/gradle/internal/buildtree/BuildTreeContext;)Lorg/gradle/internal/buildtree/BuildActionRunner$Result;+2
j  org.gradle.launcher.exec.BuildTreeLifecycleBuildActionExecutor$$Lambda+0x00000248a12b57f8.apply(Ljava/lang/Object;)Ljava/lang/Object;+8
j  org.gradle.internal.buildtree.BuildTreeState.run(Ljava/util/function/Function;)Ljava/lang/Object;+47
j  org.gradle.launcher.exec.BuildTreeLifecycleBuildActionExecutor.execute(Lorg/gradle/internal/invocation/BuildAction;Lorg/gradle/internal/session/BuildSessionContext;)Lorg/gradle/internal/buildtree/BuildActionRunner$Result;+74
j  org.gradle.launcher.exec.RunAsBuildOperationBuildActionExecutor$2.call(Lorg/gradle/internal/operations/BuildOperationContext;)Lorg/gradle/internal/buildtree/BuildActionRunner$Result;+25
j  org.gradle.launcher.exec.RunAsBuildOperationBuildActionExecutor$2.call(Lorg/gradle/internal/operations/BuildOperationContext;)Ljava/lang/Object;+2
j  org.gradle.internal.operations.DefaultBuildOperationRunner$CallableBuildOperationWorker.execute(Lorg/gradle/internal/operations/CallableBuildOperation;Lorg/gradle/internal/operations/BuildOperationContext;)V+3
j  org.gradle.internal.operations.DefaultBuildOperationRunner$CallableBuildOperationWorker.execute(Lorg/gradle/internal/operations/BuildOperation;Lorg/gradle/internal/operations/BuildOperationContext;)V+6
j  org.gradle.internal.operations.DefaultBuildOperationRunner$2.execute(Lorg/gradle/internal/operations/BuildOperationDescriptor;Lorg/gradle/internal/operations/BuildOperationState;Lorg/gradle/internal/operations/BuildOperationState;Lorg/gradle/internal/operations/DefaultBuildOperationRunner$ReadableBuildOperationContext;Lorg/gradle/internal/operations/DefaultBuildOperationRunner$BuildOperationExecutionListener;)Lorg/gradle/internal/operations/BuildOperation;+22
j  org.gradle.internal.operations.DefaultBuildOperationRunner$2.execute(Lorg/gradle/internal/operations/BuildOperationDescriptor;Lorg/gradle/internal/operations/BuildOperationState;Lorg/gradle/internal/operations/BuildOperationState;Lorg/gradle/internal/operations/DefaultBuildOperationRunner$ReadableBuildOperationContext;Lorg/gradle/internal/operations/DefaultBuildOperationRunner$BuildOperationExecutionListener;)Ljava/lang/Object;+8
j  org.gradle.internal.operations.DefaultBuildOperationRunner.execute(Lorg/gradle/internal/operations/BuildOperationDescriptor$Builder;Lorg/gradle/internal/operations/BuildOperationState;Lorg/gradle/internal/operations/DefaultBuildOperationRunner$BuildOperationExecution;)Ljava/lang/Object;+141
j  org.gradle.internal.operations.DefaultBuildOperationRunner.execute(Lorg/gradle/internal/operations/BuildOperation;Lorg/gradle/internal/operations/BuildOperationWorker;Lorg/gradle/internal/operations/BuildOperationState;)V+18
j  org.gradle.internal.operations.DefaultBuildOperationRunner.call(Lorg/gradle/internal/operations/CallableBuildOperation;)Ljava/lang/Object;+16
j  org.gradle.launcher.exec.RunAsBuildOperationBuildActionExecutor.execute(Lorg/gradle/internal/invocation/BuildAction;Lorg/gradle/internal/session/BuildSessionContext;)Lorg/gradle/internal/buildtree/BuildActionRunner$Result;+23
j  org.gradle.launcher.exec.RunAsWorkerThreadBuildActionExecutor.lambda$execute$0(Lorg/gradle/internal/invocation/BuildAction;Lorg/gradle/internal/session/BuildSessionContext;)Lorg/gradle/internal/buildtree/BuildActionRunner$Result;+6
j  org.gradle.launcher.exec.RunAsWorkerThreadBuildActionExecutor$$Lambda+0x00000248a128c5a0.create()Ljava/lang/Object;+12
j  org.gradle.internal.work.DefaultWorkerLeaseService.withLocks(Ljava/util/Collection;Lorg/gradle/internal/Factory;)Ljava/lang/Object;+28
j  org.gradle.internal.work.DefaultWorkerLeaseService.runAsWorkerThread(Lorg/gradle/internal/Factory;)Ljava/lang/Object;+33
j  org.gradle.launcher.exec.RunAsWorkerThreadBuildActionExecutor.execute(Lorg/gradle/internal/invocation/BuildAction;Lorg/gradle/internal/session/BuildSessionContext;)Lorg/gradle/internal/buildtree/BuildActionRunner$Result;+12
j  org.gradle.tooling.internal.provider.continuous.ContinuousBuildActionExecutor.execute(Lorg/gradle/internal/invocation/BuildAction;Lorg/gradle/internal/session/BuildSessionContext;)Lorg/gradle/internal/buildtree/BuildActionRunner$Result;+58
j  org.gradle.tooling.internal.provider.SubscribableBuildActionExecutor.execute(Lorg/gradle/internal/invocation/BuildAction;Lorg/gradle/internal/session/BuildSessionContext;)Lorg/gradle/internal/buildtree/BuildActionRunner$Result;+30
j  org.gradle.internal.session.DefaultBuildSessionContext.execute(Lorg/gradle/internal/invocation/BuildAction;)Lorg/gradle/internal/buildtree/BuildActionRunner$Result;+64
j  org.gradle.internal.buildprocess.execution.BuildSessionLifecycleBuildActionExecutor$ActionImpl.apply(Lorg/gradle/internal/session/BuildSessionContext;)Lorg/gradle/launcher/exec/BuildActionResult;+6
j  org.gradle.internal.buildprocess.execution.BuildSessionLifecycleBuildActionExecutor$ActionImpl.apply(Ljava/lang/Object;)Ljava/lang/Object;+5
j  org.gradle.internal.session.BuildSessionState.run(Ljava/util/function/Function;)Ljava/lang/Object;+5
j  org.gradle.internal.buildprocess.execution.BuildSessionLifecycleBuildActionExecutor.execute(Lorg/gradle/internal/invocation/BuildAction;Lorg/gradle/launcher/exec/BuildActionParameters;Lorg/gradle/initialization/BuildRequestContext;)Lorg/gradle/launcher/exec/BuildActionResult;+95
j  org.gradle.internal.buildprocess.execution.BuildSessionLifecycleBuildActionExecutor.execute(Lorg/gradle/internal/invocation/BuildAction;Ljava/lang/Object;Ljava/lang/Object;)Lorg/gradle/launcher/exec/BuildActionResult;+10
j  org.gradle.internal.buildprocess.execution.StartParamsValidatingActionExecutor.execute(Lorg/gradle/internal/invocation/BuildAction;Lorg/gradle/launcher/exec/BuildActionParameters;Lorg/gradle/initialization/BuildRequestContext;)Lorg/gradle/launcher/exec/BuildActionResult;+203
j  org.gradle.internal.buildprocess.execution.StartParamsValidatingActionExecutor.execute(Lorg/gradle/internal/invocation/BuildAction;Ljava/lang/Object;Ljava/lang/Object;)Lorg/gradle/launcher/exec/BuildActionResult;+10
j  org.gradle.internal.buildprocess.execution.SessionFailureReportingActionExecutor.execute(Lorg/gradle/internal/invocation/BuildAction;Lorg/gradle/launcher/exec/BuildActionParameters;Lorg/gradle/initialization/BuildRequestContext;)Lorg/gradle/launcher/exec/BuildActionResult;+7
j  org.gradle.internal.buildprocess.execution.SessionFailureReportingActionExecutor.execute(Lorg/gradle/internal/invocation/BuildAction;Ljava/lang/Object;Ljava/lang/Object;)Lorg/gradle/launcher/exec/BuildActionResult;+10
j  org.gradle.internal.buildprocess.execution.SetupLoggingActionExecutor.execute(Lorg/gradle/internal/invocation/BuildAction;Lorg/gradle/launcher/exec/BuildActionParameters;Lorg/gradle/initialization/BuildRequestContext;)Lorg/gradle/launcher/exec/BuildActionResult;+50
j  org.gradle.internal.buildprocess.execution.SetupLoggingActionExecutor.execute(Lorg/gradle/internal/invocation/BuildAction;Ljava/lang/Object;Ljava/lang/Object;)Lorg/gradle/launcher/exec/BuildActionResult;+10
j  org.gradle.launcher.daemon.server.exec.ExecuteBuild.doBuild(Lorg/gradle/launcher/daemon/server/api/DaemonCommandExecution;Lorg/gradle/launcher/daemon/protocol/Build;)V+147
j  org.gradle.launcher.daemon.server.exec.BuildCommandOnly.execute(Lorg/gradle/launcher/daemon/server/api/DaemonCommandExecution;)V+49
j  org.gradle.launcher.daemon.server.api.DaemonCommandExecution.proceed()Z+23
j  org.gradle.launcher.daemon.server.exec.WatchForDisconnection.execute(Lorg/gradle/launcher/daemon/server/api/DaemonCommandExecution;)V+19
j  org.gradle.launcher.daemon.server.api.DaemonCommandExecution.proceed()Z+23
j  org.gradle.launcher.daemon.server.exec.ResetDeprecationLogger.execute(Lorg/gradle/launcher/daemon/server/api/DaemonCommandExecution;)V+7
j  org.gradle.launcher.daemon.server.api.DaemonCommandExecution.proceed()Z+23
j  org.gradle.launcher.daemon.server.exec.RequestStopIfSingleUsedDaemon.execute(Lorg/gradle/launcher/daemon/server/api/DaemonCommandExecution;)V+33
j  org.gradle.launcher.daemon.server.api.DaemonCommandExecution.proceed()Z+23
j  org.gradle.launcher.daemon.server.exec.ForwardClientInput.lambda$execute$0(Lorg/gradle/launcher/daemon/server/api/DaemonCommandExecution;Lorg/gradle/internal/daemon/clientinput/StdinHandler;)Ljava/lang/Object;+11
j  org.gradle.launcher.daemon.server.exec.ForwardClientInput$$Lambda+0x00000248a118d9e0.apply(Ljava/lang/Object;)Ljava/lang/Object;+8
j  org.gradle.internal.daemon.clientinput.ClientInputForwarder.forwardInput(Ljava/util/function/Function;)Ljava/lang/Object;+46
j  org.gradle.launcher.daemon.server.exec.ForwardClientInput.execute(Lorg/gradle/launcher/daemon/server/api/DaemonCommandExecution;)V+10
j  org.gradle.launcher.daemon.server.api.DaemonCommandExecution.proceed()Z+23
j  org.gradle.launcher.daemon.server.exec.LogAndCheckHealth.execute(Lorg/gradle/launcher/daemon/server/api/DaemonCommandExecution;)V+51
j  org.gradle.launcher.daemon.server.api.DaemonCommandExecution.proceed()Z+23
j  org.gradle.launcher.daemon.server.exec.LogToClient.doBuild(Lorg/gradle/launcher/daemon/server/api/DaemonCommandExecution;Lorg/gradle/launcher/daemon/protocol/Build;)V+87
j  org.gradle.launcher.daemon.server.exec.BuildCommandOnly.execute(Lorg/gradle/launcher/daemon/server/api/DaemonCommandExecution;)V+49
j  org.gradle.launcher.daemon.server.api.DaemonCommandExecution.proceed()Z+23
j  org.gradle.launcher.daemon.server.exec.EstablishBuildEnvironment.doBuild(Lorg/gradle/launcher/daemon/server/api/DaemonCommandExecution;Lorg/gradle/launcher/daemon/protocol/Build;)V+356
j  org.gradle.launcher.daemon.server.exec.BuildCommandOnly.execute(Lorg/gradle/launcher/daemon/server/api/DaemonCommandExecution;)V+49
j  org.gradle.launcher.daemon.server.api.DaemonCommandExecution.proceed()Z+23
j  org.gradle.launcher.daemon.server.exec.StartBuildOrRespondWithBusy$1.run()V+44
j  org.gradle.launcher.daemon.server.DaemonStateCoordinator.lambda$runCommand$0(Ljava/lang/Runnable;)V+1
j  org.gradle.launcher.daemon.server.DaemonStateCoordinator$$Lambda+0x00000248a118c368.run()V+8
j  org.gradle.internal.concurrent.ExecutorPolicy$CatchAndRecordFailures.onExecute(Ljava/lang/Runnable;)V+1
j  org.gradle.internal.concurrent.AbstractManagedExecutor$1.run()V+25
j  java.util.concurrent.ThreadPoolExecutor.runWorker(Ljava/util/concurrent/ThreadPoolExecutor$Worker;)V+92 java.base@21.0.12.1
j  java.util.concurrent.ThreadPoolExecutor$Worker.run()V+5 java.base@21.0.12.1
j  java.lang.Thread.runWith(Ljava/lang/Object;Ljava/lang/Runnable;)V+5 java.base@21.0.12.1
j  java.lang.Thread.run()V+19 java.base@21.0.12.1
v  ~StubRoutines::call_stub 0x000002489182100d

Compiled method (n/a) 89409  843     n 0       java.lang.Throwable::fillInStackTrace (native)
 total in heap  [0x0000024891e1ef10,0x0000024891e1f420] = 1296
 relocation     [0x0000024891e1f070,0x0000024891e1f0a8] = 56
 main code      [0x0000024891e1f0c0,0x0000024891e1f41f] = 863
 stub code      [0x0000024891e1f41f,0x0000024891e1f420] = 1

[Constant Pool (empty)]

[MachCode]
[Entry Point]
  # {method} {0x00000248a045e700} 'fillInStackTrace' '(I)Ljava/lang/Throwable;' in 'java/lang/Throwable'
  # this:     rdx:rdx   = 'java/lang/Throwable'
  # parm0:    r8        = int
  #           [sp+0x70]  (sp of caller)
  0x0000024891e1f0c0: 448b 5208 | 49bb 0000 | 00a0 4802 | 0000 4d03 | d349 3bc2 | 0f84 0600 

  0x0000024891e1f0d8: ;   {runtime_call ic_miss_stub}
  0x0000024891e1f0d8: 0000 e9a1 | f6a4 ff90 
[Verified Entry Point]
  0x0000024891e1f0e0: 8984 2400 | 80ff ff55 | 488b ec48 | 83ec 6090 | 4181 7f20 | 0700 0000 

  0x0000024891e1f0f8: ;   {runtime_call StubRoutines (final stubs)}
  0x0000024891e1f0f8: 7405 e8a1 | 73a3 ff48 | 8954 2420 | 4883 fa00 | 488d 5424 | 2048 0f44 | 5424 20c5 

  0x0000024891e1f114: ;   {internal_word}
  0x0000024891e1f114: f877 49ba | 13f1 e191 | 4802 0000 | 4d89 97a8 | 0300 0049 | 89a7 a003 

  0x0000024891e1f12c: ;   {external_word}
  0x0000024891e1f12c: 0000 49ba | 066d d895 | ff7f 0000 | 4180 3a00 | 0f84 4a00 | 0000 5241 

  0x0000024891e1f144: ;   {metadata({method} {0x00000248a045e700} 'fillInStackTrace' '(I)Ljava/lang/Throwable;' in 'java/lang/Throwable')}
  0x0000024891e1f144: 5048 baf8 | e645 a048 | 0200 0049 | 8bcf 4883 | ec20 40f6 | c40f 0f84 | 1900 0000 | 4883 ec08 
  0x0000024891e1f164: ;   {runtime_call}
  0x0000024891e1f164: 48b8 e0ea | 8195 ff7f | 0000 ffd0 | 4883 c408 | e90c 0000 

  0x0000024891e1f178: ;   {runtime_call}
  0x0000024891e1f178: 0048 b8e0 | ea81 95ff | 7f00 00ff | d048 83c4 | 2041 585a | 498d 8fc0 | 0300 0041 | c787 4c04 
  0x0000024891e1f198: 0000 0400 

  0x0000024891e1f19c: ;   {runtime_call}
  0x0000024891e1f19c: 0000 48b8 | cc6f b301 | f87f 0000 | ffd0 c5f8 | 7741 c787 | 4c04 0000 | 0500 0000 | f083 4424 
  0x0000024891e1f1bc: c000 493b | af50 0400 | 000f 870e | 0000 0041 | 83bf 4804 | 0000 000f | 842b 0000 | 00c5 f877 
  0x0000024891e1f1dc: 4889 45f8 | 498b cf4c | 8be4 4883 | ec20 4883 

  0x0000024891e1f1ec: ;   {runtime_call}
  0x0000024891e1f1ec: e4f0 48b8 | 0058 4d95 | ff7f 0000 | ffd0 498b | e44d 33e4 | 488b 45f8 | 41c7 874c | 0400 0008 
  0x0000024891e1f20c: 0000 0041 | 83bf c804 | 0000 020f | 84d5 0100 

  0x0000024891e1f21c: ;   {external_word}
  0x0000024891e1f21c: 0049 ba06 | 6dd8 95ff | 7f00 0041 | 803a 000f | 844c 0000 | 0048 8945 

  0x0000024891e1f234: ;   {metadata({method} {0x00000248a045e700} 'fillInStackTrace' '(I)Ljava/lang/Throwable;' in 'java/lang/Throwable')}
  0x0000024891e1f234: f848 baf8 | e645 a048 | 0200 0049 | 8bcf 4883 | ec20 40f6 | c40f 0f84 | 1900 0000 | 4883 ec08 
  0x0000024891e1f254: ;   {runtime_call}
  0x0000024891e1f254: 48b8 e0ea | 8195 ff7f | 0000 ffd0 | 4883 c408 | e90c 0000 

  0x0000024891e1f268: ;   {runtime_call}
  0x0000024891e1f268: 0048 b8e0 | ea81 95ff | 7f00 00ff | d048 83c4 | 2048 8b45 | f849 c787 | a003 0000 | 0000 0000 
  0x0000024891e1f288: 49c7 87a8 | 0300 0000 | 0000 00c5 | f877 4885 | c00f 8430 | 0100 00a8 | 030f 8508 | 0000 0048 
  0x0000024891e1f2a8: 8b00 e920 | 0100 00a8 | 010f 8509 | 0000 0048 | 8b40 fee9 | 0f01 0000 | 488b 40ff | 4180 7f40 
  0x0000024891e1f2c8: 000f 8400 | 0100 0048 | 83f8 000f | 84f6 0000 | 0049 8b4f | 2848 83f9 | 000f 8414 | 0000 0048 
  0x0000024891e1f2e8: 83e9 0849 | 894f 2849 | 034f 3848 | 8901 e9d4 | 0000 0048 | 83ec 7048 | 8904 2448 | 894c 2408 
  0x0000024891e1f308: 4889 5424 | 104c 8944 | 2418 4c89 | 4c24 204c | 8954 2428 | 4c89 5c24 | 30c5 fb11 | 4424 40c5 
  0x0000024891e1f328: fb11 4c24 | 48c5 fb11 | 5424 50c5 | fb11 5c24 | 58c5 fb11 | 6424 60c5 | fb11 6c24 | 6849 8bd7 
  0x0000024891e1f348: 488b c848 | 83ec 2040 | f6c4 0f0f | 8419 0000 | 0048 83ec 

  0x0000024891e1f35c: ;   {runtime_call}
  0x0000024891e1f35c: 0848 b820 | a440 95ff | 7f00 00ff | d048 83c4 | 08e9 0c00 

  0x0000024891e1f370: ;   {runtime_call}
  0x0000024891e1f370: 0000 48b8 | 20a4 4095 | ff7f 0000 | ffd0 4883 | c420 c5fb | 106c 2468 | c5fb 1064 | 2460 c5fb 
  0x0000024891e1f390: 105c 2458 | c5fb 1054 | 2450 c5fb | 104c 2448 | c5fb 1044 | 2440 4c8b | 5c24 304c | 8b54 2428 
  0x0000024891e1f3b0: 4c8b 4c24 | 204c 8b44 | 2418 488b | 5424 1048 | 8b4c 2408 | 488b 0424 | 4883 c470 | c5f8 7749 
  0x0000024891e1f3d0: 8b8f 3004 | 0000 c781 | 0001 0000 | 0000 0000 | c949 837f | 0800 0f85 | 0100 0000 

  0x0000024891e1f3ec: ;   {runtime_call StubRoutines (initial stubs)}
  0x0000024891e1f3ec: c3e9 0e1b | a0ff c5f8 | 7748 8945 | f84c 8be4 | 4883 ec20 | 4883 e4f0 

  0x0000024891e1f404: ;   {runtime_call}
  0x0000024891e1f404: 48b8 3022 | 8295 ff7f | 0000 ffd0 | 498b e44d | 33e4 488b | 45f8 e9fe | fdff fff4 
[/MachCode]


Compiled method (c2) 89416 3210       4       java.lang.ClassNotFoundException::<init> (7 bytes)
 total in heap  [0x0000024891f75c90,0x0000024891f766d0] = 2624
 relocation     [0x0000024891f75df0,0x0000024891f75e48] = 88
 main code      [0x0000024891f75e60,0x0000024891f76598] = 1848
 stub code      [0x0000024891f76598,0x0000024891f765c0] = 40
 oops           [0x0000024891f765c0,0x0000024891f765d0] = 16
 metadata       [0x0000024891f765d0,0x0000024891f76608] = 56
 scopes data    [0x0000024891f76608,0x0000024891f76660] = 88
 scopes pcs     [0x0000024891f76660,0x0000024891f766b0] = 80
 dependencies   [0x0000024891f766b0,0x0000024891f766b8] = 8
 handler table  [0x0000024891f766b8,0x0000024891f766d0] = 24

[Constant Pool (empty)]

[MachCode]
[Entry Point]
  # {method} {0x00000248a00698f8} '<init>' '(Ljava/lang/String;)V' in 'java/lang/ClassNotFoundException'
  # this:     rdx:rdx   = 'java/lang/ClassNotFoundException'
  # parm0:    r8:r8     = 'java/lang/String'
  #           [sp+0x60]  (sp of caller)
  0x0000024891f75e60: 448b 5208 | 49bb 0000 | 00a0 4802 | 0000 4d03 | d349 3bc2 

  0x0000024891f75e74: ;   {runtime_call ic_miss_stub}
  0x0000024891f75e74: 0f85 0689 | 8fff 6690 | 0f1f 4000 
[Verified Entry Point]
  0x0000024891f75e80: 8984 2400 | 80ff ff55 | 4883 ec50 | 4181 7f20 | 0700 0000 | 0f85 f306 | 0000 4c89 | 4424 2041 
  0x0000024891f75ea0: 807f 4000 | 0f85 d602 | 0000 488b | fa41 807f | 4000 0f85 | 9502 0000 

  0x0000024891f75eb8: ;   {oop(a 'java/lang/StackTraceElement'[0] {0x000000008010c678})}
  0x0000024891f75eb8: c747 1c78 | c610 804c | 8bd7 4489 | 5718 4c8b 

  0x0000024891f75ec8: ;   {oop(a 'java/util/Collections$EmptyList'{0x00000000801cf340})}
  0x0000024891f75ec8: d748 bb40 | f31c 8000 

  0x0000024891f75ed0: ;   {oop(a 'java/lang/StackTraceElement'[0] {0x000000008010c678})}
  0x0000024891f75ed0: 0000 0048 | bd78 c610 | 8000 0000 | 004c 8bdd | 4d33 da49 | c1eb 144d | 85db 741a | 49c1 ea09 
  0x0000024891f75ef0: 48b9 0000 | 049a 4802 | 0000 4903 | ca80 3902 | 0f85 9c03 | 0000 4180 | 7f40 000f | 8509 0200 
  0x0000024891f75f10: ;   {oop(a 'java/util/Collections$EmptyList'{0x00000000801cf340})}
  0x0000024891f75f10: 00c7 4720 | 40f3 1c80 | 4c8b d34c | 8bdf 4d33 | d349 c1ea | 144d 85d2 | 741a 49c1 | eb09 48b9 
  0x0000024891f75f30: 0000 049a | 4802 0000 | 4903 cb80 | 3902 0f85 | 1003 0000 | 488d 5c24 | 4048 8b07 | a802 0f85 
  0x0000024891f75f50: 2300 0000 | 4883 c801 | 4889 03f0 | 480f b11f | 0f84 3700 | 0000 482b | c448 2507 | f0ff ff48 
  0x0000024891f75f70: 8903 e924 | 0000 004c | 8bd0 4833 | c0f0 4d0f | b17a 3e48 | c703 0300 | 0000 7411 | 4c3b f875 
  0x0000024891f75f90: 1549 ff82 | 8600 0000 | 4833 c075 | 0949 ff87 | 5005 0000 | 33c0 0f85 | e403 0000 | 448b 571c 
  0x0000024891f75fb0: 4585 d20f | 84d0 0400 | 0048 897c | 2428 4533 | c048 8bd7 

  0x0000024891f75fc4: ;   {optimized virtual_call}
  0x0000024891f75fc4: 6666 90e8 

  0x0000024891f75fc8: ; ImmutableOopMap {rbp=Oop [32]=Oop [40]=Oop }
                      ;*invokevirtual fillInStackTrace {reexecute=0 rethrow=0 return_oop=1}
                      ; - java.lang.Throwable::fillInStackTrace@16
                      ; - java.lang.Throwable::<init>@24
                      ; - java.lang.Exception::<init>@3
                      ; - java.lang.ReflectiveOperationException::<init>@3
                      ; - java.lang.ClassNotFoundException::<init>@3
  0x0000024891f75fc8: 1491 eaff 

  0x0000024891f75fcc: ;   {other}
  0x0000024891f75fcc: 0f1f 8400 | 3c03 0000 | 4180 7f40 | 000f 850a | 0200 0048 | 8b5c 2428 

  0x0000024891f75fe4: ;   {oop(a 'java/lang/StackTraceElement'[0] {0x000000008010c678})}
  0x0000024891f75fe4: c743 1c78 | c610 804c | 8bd5 4c8b | db4d 33d3 | 49c1 ea14 | 4d85 d274 | 1a49 c1eb | 0948 b900 
  0x0000024891f76004: 0004 9a48 | 0200 0049 | 03cb 8039 | 020f 85d9 | 0200 0048 | 8d44 2440 | 4883 3800 | 0f84 7900 
  0x0000024891f76024: 0000 4c8b | 1341 f6c2 | 020f 8462 | 0000 0049 | 83ba 8600 | 0000 0074 | 0949 ff8a | 8600 0000 
  0x0000024891f76044: eb4b 498b | 8296 0000 | 0049 0b82 | 8e00 0000 | 750a 49c7 | 423e 0000 | 0000 eb3d | 4983 ba9e 
  0x0000024891f76064: 0000 0000 | 7422 4833 | c049 c742 | 3e00 0000 | 00f0 8304 | 2400 4983 | ba9e 0000 | 0000 750d 
  0x0000024891f76084: f04d 0fb1 | 7a3e 7505 | 83c8 01eb | 0ca8 00eb | 084c 8b10 | f04c 0fb1 | 1375 0a49 | ff8f 5005 
  0x0000024891f760a4: 0000 4533 | d20f 8507 | 0300 0041 | 807f 4000 | 0f85 fc00 | 0000 4c8b | d34c 8b44 | 2420 4d8b 
  0x0000024891f760c4: d844 895b | 144d 8bd8 | 4d33 da49 | c1eb 144d | 85db 7420 | 4d85 c074 | 1b49 c1ea 

  0x0000024891f760e0: ;   {no_reloc}
  0x0000024891f760e0: 0949 b800 | 0004 9a48 | 0200 004d | 03c2 4180 | 3802 0f85 | 4602 0000 | 4180 7f40 | 000f 851e 
  0x0000024891f76100: 0100 0044 | 8963 1848 | 83c4 505d 

  0x0000024891f7610c: ;   {poll_return}
  0x0000024891f7610c: 493b a750 | 0400 000f | 875e 0400 | 00c3 448b | 5f20 4585 | db0f 84ea | fdff ff4d | 8b57 2849 
  0x0000024891f7612c: 8bcb 4d85 | d20f 84de | 0200 004d | 8b5f 384b | 894c 13f8 | 4983 c2f8 | 4d89 5728 | e9c4 fdff 
  0x0000024891f7614c: ff44 8b5f | 1c45 85db | 0f84 5efd | ffff 4d8b | 5728 498b | cb4d 85d2 | 0f84 7102 | 0000 4d8b 
  0x0000024891f7616c: 5f38 4b89 | 4c13 f849 | 83c2 f84d | 8957 28e9 | 38fd ffff | 488b fa44 | 8b5a 1845 | 85db 0f84 
  0x0000024891f7618c: 1dfd ffff | 4d8b 5728 | 498b cb4d | 85d2 0f84 | 5802 0000 | 4d8b 5f38 | 4b89 4c13 | f849 83c2 
  0x0000024891f761ac: f84d 8957 | 28e9 f7fc | ffff 448b | 5b14 4585 | db0f 84f7 | feff ff4d | 8b57 2849 | 8bcb 4d85 
  0x0000024891f761cc: d20f 8499 | 0200 004d | 8b5f 384b | 894c 13f8 | 4983 c2f8 | 4d89 5728 | e9d1 feff | ff48 8b5c 
  0x0000024891f761ec: 2428 448b | 531c 4585 | d20f 84e9 | fdff ff4d | 8b5f 2849 | 8bca 4d85 | db0f 8427 

  0x0000024891f76208: ;   {no_reloc}
  0x0000024891f76208: 0200 004d | 8b57 384b | 894c 1af8 | 4983 c3f8 | 4d89 5f28 | e9c3 fdff | ff44 8b53 | 1845 85d2 
  0x0000024891f76228: 0f84 d5fe | ffff 4d8b | 5f28 498b | ca4d 85db | 0f84 1102 | 0000 4d8b | 5738 4b89 | 4c1a f849 
  0x0000024891f76248: 83c3 f84d | 895f 28e9 | affe ffff | 4d8b 5748 | 4d8b 5f58 | f083 4424 | c000 8039 | 000f 84d9 
  0x0000024891f76268: fcff ff44 | 8821 4d85 | d275 1d49 | 8bd7 49ba | 00a4 4095 | ff7f 0000 

  0x0000024891f76280: ;   {other}
  0x0000024891f76280: 41ff d20f | 1f84 0000 | 0000 00e9 | b4fc ffff | 4b89 4c13 | f849 83c2 | f84d 8957 | 48e9 a2fc 
  0x0000024891f762a0: ffff 4d8b | 5748 4d8b | 5f58 f083 | 4424 c000 | 8039 000f | 844d fcff | ff44 8821 | 4d85 d275 
  0x0000024891f762c0: 1d49 8bd7 | 49ba 00a4 | 4095 ff7f | 0000 41ff 

  0x0000024891f762d0: ;   {other}
  0x0000024891f762d0: d20f 1f84 | 0000 0000 | 00e9 28fc | ffff 4b89 | 4c13 f849 | 83c2 f84d | 8957 48e9 | 16fc ffff 
  0x0000024891f762f0: 4d8b 5748 | 4d8b 5f58 | f083 4424 | c000 8039 | 000f 8410 | fdff ff44 | 8821 4d85 | d275 1d49 
  0x0000024891f76310: 8bd7 49ba | 00a4 4095 | ff7f 0000 

  0x0000024891f7631c: ;   {other}
  0x0000024891f7631c: 41ff d20f | 1f84 0000 | 0000 00e9 | ebfc ffff | 4b89 4c13 | f849 83c2 | f84d 8957 | 48e9 d9fc 
  0x0000024891f7633c: ffff 4d8b | 5748 4d8b | 5f58 f083 | 4424 c000 | 4180 3800 | 0f84 a2fd | ffff 4588 | 204d 85d2 
  0x0000024891f7635c: 7520 498b | c849 8bd7 | 49ba 00a4 | 4095 ff7f | 0000 41ff 

  0x0000024891f76370: ;   {other}
  0x0000024891f76370: d20f 1f84 | 0000 0000 | 00e9 7afd | ffff 4f89 | 4413 f849 | 83c2 f84d | 8957 48e9 | 68fd ffff 
  0x0000024891f76390: 4889 7c24 | 2848 8bd7 | 4c8d 4424 

  0x0000024891f7639c: ;   {runtime_call _complete_monitor_locking_Java}
  0x0000024891f7639c: 4066 90e8 

  0x0000024891f763a0: ; ImmutableOopMap {rbp=Oop [32]=Oop [40]=Oop }
                      ;*synchronization entry
                      ; - java.lang.Throwable::fillInStackTrace@-1
                      ; - java.lang.Throwable::<init>@24
                      ; - java.lang.Exception::<init>@3
                      ; - java.lang.ReflectiveOperationException::<init>@3
                      ; - java.lang.ClassNotFoundException::<init>@3
  0x0000024891f763a0: dc34 9cff 

  0x0000024891f763a4: ;   {other}
  0x0000024891f763a4: 0f1f 8400 | 1407 0001 | 488b 7c24 | 28e9 f6fb | ffff 488b | cb48 8d54 | 2440 4d8b | c749 ba40 
  0x0000024891f763c4: d981 95ff | 7f00 0041 

  0x0000024891f763cc: ;   {other}
  0x0000024891f763cc: ffd2 0f1f | 8400 0000 | 0000 e9d4 | fcff ff49 | 8bd7 49ba | 20a4 4095 | ff7f 0000 

  0x0000024891f763e8: ;   {other}
  0x0000024891f763e8: 41ff d20f | 1f84 0000 | 0000 00e9 | c0fa ffff | 498b d749 | ba20 a440 | 95ff 7f00 | 0041 ffd2 
  0x0000024891f76408: ;   {other}
  0x0000024891f76408: 0f1f 8400 | 0000 0000 | e998 faff | ff49 8bd7 | 49ba 20a4 | 4095 ff7f | 0000 41ff 

  0x0000024891f76424: ;   {other}
  0x0000024891f76424: d20f 1f84 | 0000 0000 | 00e9 dffa | ffff 498b | d749 ba20 | a440 95ff | 7f00 0041 

  0x0000024891f76440: ;   {other}
  0x0000024891f76440: ffd2 0f1f | 8400 0000 | 0000 e995 | fbff ff49 | 8bd7 49ba | 20a4 4095 | ff7f 0000 

  0x0000024891f7645c: ;   {other}
  0x0000024891f7645c: 41ff d20f | 1f84 0000 | 0000 00e9 | 97fc ffff | 498b d749 | ba20 a440 | 95ff 7f00 | 0041 ffd2 
  0x0000024891f7647c: ;   {other}
  0x0000024891f7647c: 0f1f 8400 | 0000 0000 | e931 fcff | ffba 45ff | ffff 4889 | 7c24 2844 | 8954 2430 | 4889 7c24 
  0x0000024891f7649c: ;   {runtime_call UncommonTrapBlob}
  0x0000024891f7649c: 3866 90e8 

  0x0000024891f764a0: ; ImmutableOopMap {[32]=Oop [40]=Oop [48]=NarrowOop [56]=Oop }
                      ;*ifnonnull {reexecute=1 rethrow=0 return_oop=0}
                      ; - (reexecute) java.lang.Throwable::fillInStackTrace@4
                      ; - java.lang.Throwable::<init>@24
                      ; - java.lang.Exception::<init>@3
                      ; - java.lang.ReflectiveOperationException::<init>@3
                      ; - java.lang.ClassNotFoundException::<init>@3
  0x0000024891f764a0: dcde 8fff 

  0x0000024891f764a4: ;   {other}
  0x0000024891f764a4: 0f1f 8400 | 1408 0002 | 488b d84c | 8b5c 2428 | 488d 4424 | 4048 8338 | 000f 8479 | 0000 004d 
  0x0000024891f764c4: 8b13 41f6 | c202 0f84 | 6200 0000 | 4983 ba86 | 0000 0000 | 7409 49ff | 8a86 0000 | 00eb 4b49 
  0x0000024891f764e4: 8b82 9600 | 0000 490b | 828e 0000 | 0075 0a49 | c742 3e00 | 0000 00eb | 3d49 83ba | 9e00 0000 
  0x0000024891f76504: 0074 2248 | 33c0 49c7 | 423e 0000 | 0000 f083 | 0424 0049 | 83ba 9e00 | 0000 0075 | 0df0 4d0f 
  0x0000024891f76524: b17a 3e75 | 0583 c801 | eb0c a800 | eb08 4c8b | 10f0 4d0f | b113 750a | 49ff 8f50 | 0500 0045 
  0x0000024891f76544: 33d2 750d | 488b d348 | 83c4 505d 

  0x0000024891f76550: ;   {runtime_call _rethrow_Java}
  0x0000024891f76550: e92b 3c9c | ff49 8bcb | 488d 5424 | 404d 8bc7 | 49ba 40d9 | 8195 ff7f | 0000 41ff 

  0x0000024891f7656c: ;   {other}
  0x0000024891f7656c: d20f 1f84 | 0000 0000 

  0x0000024891f76574: ;   {internal_word}
  0x0000024891f76574: 00eb d149 | ba0c 61f7 | 9148 0200 | 004d 8997 | 6804 0000 

  0x0000024891f76588: ;   {runtime_call SafepointBlob}
  0x0000024891f76588: e9f3 ee8f 

  0x0000024891f7658c: ;   {runtime_call StubRoutines (final stubs)}
  0x0000024891f7658c: ffe8 0eff | 8dff e903 | f9ff fff4 
[Stub Code]
  0x0000024891f76598: ;   {no_reloc}
  0x0000024891f76598: 48bb 0000 | 0000 0000 

  0x0000024891f765a0: ;   {runtime_call nmethod}
  0x0000024891f765a0: 0000 e9fb 

  0x0000024891f765a4: ;   {runtime_call ExceptionBlob}
  0x0000024891f765a4: ffff ffe9 | d4de 9bff 
[Deopt Handler Code]
  0x0000024891f765ac: e800 0000 | 0048 832c 

  0x0000024891f765b4: ;   {runtime_call DeoptimizationBlob}
  0x0000024891f765b4: 2405 e965 | e18f fff4 | f4f4 f4f4 
[/MachCode]


Compiled method (c1) 89429 7206   !   3       org.gradle.internal.classloader.FilteringClassLoader::loadClass (62 bytes)
 total in heap  [0x000002488a728390,0x000002488a729638] = 4776
 relocation     [0x000002488a7284f0,0x000002488a728638] = 328
 main code      [0x000002488a728640,0x000002488a729138] = 2808
 stub code      [0x000002488a729138,0x000002488a7291f8] = 192
 oops           [0x000002488a7291f8,0x000002488a729210] = 24
 metadata       [0x000002488a729210,0x000002488a729258] = 72
 scopes data    [0x000002488a729258,0x000002488a729410] = 440
 scopes pcs     [0x000002488a729410,0x000002488a7295d0] = 448
 dependencies   [0x000002488a7295d0,0x000002488a7295d8] = 8
 handler table  [0x000002488a7295d8,0x000002488a729638] = 96

[Constant Pool (empty)]

[MachCode]
[Entry Point]
  # {method} {0x00000248bb589f78} 'loadClass' '(Ljava/lang/String;Z)Ljava/lang/Class;' in 'org/gradle/internal/classloader/FilteringClassLoader'
  # this:     rdx:rdx   = 'org/gradle/internal/classloader/FilteringClassLoader'
  # parm0:    r8:r8     = 'java/lang/String'
  # parm1:    r9        = boolean
  #           [sp+0xd0]  (sp of caller)
  0x000002488a728640: 448b 5208 | 49bb 0000 | 00a0 4802 | 0000 4d03 | d34c 3bd0 

  0x000002488a728654: ;   {runtime_call ic_miss_stub}
  0x000002488a728654: 0f85 2661 | 1407 660f | 1f44 0000 
[Verified Entry Point]
  0x000002488a728660: 8984 2400 | 80ff ff55 | 4881 ecc0 | 0000 0090 | 4181 7f20 | 0700 0000 

  0x000002488a728678: ;   {runtime_call StubRoutines (final stubs)}
  0x000002488a728678: 7405 e821 | de12 074c | 8944 2468 | 4489 4c24 

  0x000002488a728688: ;   {metadata(method data for {method} {0x00000248bb589f78} 'loadClass' '(Ljava/lang/String;Z)Ljava/lang/Class;' in 'org/gradle/internal/classloader/FilteringClassLoader')}
  0x000002488a728688: 7848 be98 | e212 be48 | 0200 008b | becc 0000 | 0083 c702 | 89be cc00 | 0000 81e7 | fe07 0000 
  0x000002488a7286a8: 85ff 0f84 | a908 0000 | 4889 5424 

  0x000002488a7286b4: ;   {oop(a 'jdk/internal/loader/ClassLoaders$PlatformClassLoader'{0x00000000801550a8})}
  0x000002488a7286b4: 7048 bea8 | 5015 8000 | 0000 0048 

  0x000002488a7286c0: ;   {metadata(method data for {method} {0x00000248bb589f78} 'loadClass' '(Ljava/lang/String;Z)Ljava/lang/Class;' in 'org/gradle/internal/classloader/FilteringClassLoader')}
  0x000002488a7286c0: 8bfe 48bb | 98e2 12be | 4802 0000 | 8b7f 0849 | ba00 0000 | a048 0200 | 0049 03fa | 483b bb20 
  0x000002488a7286e0: 0100 0075 | 0d48 8383 | 2801 0000 | 01e9 6000 | 0000 483b | bb30 0100 | 0075 0d48 | 8383 3801 
  0x000002488a728700: 0000 01e9 | 4a00 0000 | 4883 bb20 | 0100 0000 | 7517 4889 | bb20 0100 | 0048 c783 | 2801 0000 
  0x000002488a728720: 0100 0000 | e929 0000 | 0048 83bb | 3001 0000 | 0075 1748 | 89bb 3001 | 0000 48c7 | 8338 0100 
  0x000002488a728740: 0001 0000 | 00e9 0800 | 0000 4883 | 8310 0100 

  0x000002488a728750: ;   {metadata(method data for {method} {0x00000248a00143f0} 'loadClass' '(Ljava/lang/String;)Ljava/lang/Class;' in 'java/lang/ClassLoader')}
  0x000002488a728750: 0001 48bf | 3030 11bb | 4802 0000 | 8b9f cc00 | 0000 83c3 | 0289 9fcc | 0000 0081 | e3fe ff1f 
  0x000002488a728770: 0085 db0f | 8401 0800 | 0048 8bfe 

  0x000002488a72877c: ;   {metadata(method data for {method} {0x00000248a00143f0} 'loadClass' '(Ljava/lang/String;)Ljava/lang/Class;' in 'java/lang/ClassLoader')}
  0x000002488a72877c: 48bb 3030 | 11bb 4802 | 0000 8b7f | 0849 ba00 | 0000 a048 | 0200 0049 | 03fa 483b | bb20 0100 
  0x000002488a72879c: 0075 0d48 | 8383 2801 | 0000 01e9 | 6000 0000 | 483b bb30 | 0100 0075 | 0d48 8383 | 3801 0000 
  0x000002488a7287bc: 01e9 4a00 | 0000 4883 | bb20 0100 | 0000 7517 | 4889 bb20 | 0100 0048 | c783 2801 | 0000 0100 
  0x000002488a7287dc: 0000 e929 | 0000 0048 | 83bb 3001 | 0000 0075 | 1748 89bb | 3001 0000 | 48c7 8338 | 0100 0001 
  0x000002488a7287fc: 0000 00e9 | 0800 0000 | 4883 8310 | 0100 0001 

  0x000002488a72880c: ;   {metadata(method data for {method} {0x00000248a00656a8} 'loadClass' '(Ljava/lang/String;Z)Ljava/lang/Class;' in 'jdk/internal/loader/BuiltinClassLoader')}
  0x000002488a72880c: 48bf c031 | 11bb 4802 | 0000 8b9f | cc00 0000 | 83c3 0289 | 9fcc 0000 | 0081 e3fe | ff1f 0085 
  0x000002488a72882c: db0f 8468 | 0700 0048 

  0x000002488a728834: ;   {metadata(method data for {method} {0x00000248a00656a8} 'loadClass' '(Ljava/lang/String;Z)Ljava/lang/Class;' in 'jdk/internal/loader/BuiltinClassLoader')}
  0x000002488a728834: 8bfe 48bb | c031 11bb | 4802 0000 | 8b7f 0849 | ba00 0000 | a048 0200 | 0049 03fa | 483b bb20 
  0x000002488a728854: 0100 0075 | 0d48 8383 | 2801 0000 | 01e9 6000 | 0000 483b | bb30 0100 | 0075 0d48 | 8383 3801 
  0x000002488a728874: 0000 01e9 | 4a00 0000 | 4883 bb20 | 0100 0000 | 7517 4889 | bb20 0100 | 0048 c783 | 2801 0000 
  0x000002488a728894: 0100 0000 | e929 0000 | 0048 83bb | 3001 0000 | 0075 1748 | 89bb 3001 | 0000 48c7 | 8338 0100 
  0x000002488a7288b4: 0001 0000 | 00e9 0800 | 0000 4883 | 8310 0100 | 0001 498b | f84c 8bc7 | 41b9 0000 | 0000 488b 
  0x000002488a7288d4: ;   {optimized virtual_call}
  0x000002488a7288d4: d666 90e8 

  0x000002488a7288d8: ; ImmutableOopMap {[104]=Oop [112]=Oop }
                      ;*invokevirtual loadClassOrNull {reexecute=0 rethrow=0 return_oop=0}
                      ; - jdk.internal.loader.BuiltinClassLoader::loadClass@3
                      ; - java.lang.ClassLoader::loadClass@3
                      ; - org.gradle.internal.classloader.FilteringClassLoader::loadClass@4 (line 92)
  0x000002488a7288d8: e434 9907 

  0x000002488a7288dc: ;   {other}
  0x000002488a7288dc: 0f1f 8400 | 4c05 0000 

  0x000002488a7288e4: ;   {metadata(method data for {method} {0x00000248a00656a8} 'loadClass' '(Ljava/lang/String;Z)Ljava/lang/Class;' in 'jdk/internal/loader/BuiltinClassLoader')}
  0x000002488a7288e4: 4885 c048 | bac0 3111 | bb48 0200 | 0048 c7c6 | 5801 0000 | 7407 48c7 | c648 0100 | 0048 8b3c 
  0x000002488a728904: 3248 8d7f | 0148 893c | 320f 8416 | 0000 0048 | 81c4 c000 

  0x000002488a728918: ;   {poll_return}
  0x000002488a728918: 0000 5d49 | 3ba7 5004 | 0000 0f87 | 9406 0000 

  0x000002488a728928: ;   {metadata('java/lang/ClassNotFoundException')}
  0x000002488a728928: c348 ba88 | 9306 a048 | 0200 0049 | 8b87 b801 | 0000 488d | 7828 493b | bfc8 0100 | 000f 8787 
  0x000002488a728948: 0600 0049 | 89bf b801 | 0000 48c7 | 0001 0000 | 0048 8bca | 49ba 0000 | 00a0 4802 | 0000 492b 
  0x000002488a728968: ca89 4808 | 4833 c989 | 480c 4833 | c948 8948 | 1048 8948 | 1848 8948 | 204c 8bc0 

  0x000002488a728984: ;   {metadata(method data for {method} {0x00000248a00656a8} 'loadClass' '(Ljava/lang/String;Z)Ljava/lang/Class;' in 'jdk/internal/loader/BuiltinClassLoader')}
  0x000002488a728984: 48ba c031 | 11bb 4802 | 0000 4883 | 8268 0100 | 0001 4c8b | 4424 6848 | 8bd0 4889 | 8424 8000 
  0x000002488a7289a4: ;   {optimized virtual_call}
  0x000002488a7289a4: 0000 90e8 

  0x000002488a7289a8: ; ImmutableOopMap {[104]=Oop [112]=Oop [128]=Oop }
                      ;*invokespecial <init> {reexecute=0 rethrow=0 return_oop=0}
                      ; - jdk.internal.loader.BuiltinClassLoader::loadClass@16
                      ; - java.lang.ClassLoader::loadClass@3
                      ; - org.gradle.internal.classloader.FilteringClassLoader::loadClass@4 (line 92)
  0x000002488a7289a8: d4d4 8407 

  0x000002488a7289ac: ;   {other}
  0x000002488a7289ac: 0f1f 8400 | 1c06 0001 | 488b 8424 

  0x000002488a7289b8: ; ImmutableOopMap {rax=Oop [104]=Oop [112]=Oop }
                      ;*athrow {reexecute=1 rethrow=0 return_oop=0}
                      ; - (reexecute) jdk.internal.loader.BuiltinClassLoader::loadClass@19
                      ; - java.lang.ClassLoader::loadClass@3
                      ; - org.gradle.internal.classloader.FilteringClassLoader::loadClass@4 (line 92)
  0x000002488a7289b8: 8000 0000 

  0x000002488a7289bc: ;   {section_word}
  0x000002488a7289bc: 48ba bc89 | 728a 4802 

  0x000002488a7289c4: ;   {runtime_call handle_exception_nofpu Runtime1 stub}
  0x000002488a7289c4: 0000 e835 | 6c20 0790 | 498b 8700 | 0500 004d | 33d2 4d89 | 9700 0500 | 004d 33d2 | 4d89 9708 
  0x000002488a7289e4: 0500 0048 | 8b54 2470 

  0x000002488a7289ec: ;   {metadata(method data for {method} {0x00000248bb589f78} 'loadClass' '(Ljava/lang/String;Z)Ljava/lang/Class;' in 'org/gradle/internal/classloader/FilteringClassLoader')}
  0x000002488a7289ec: 49b8 98e2 | 12be 4802 | 0000 4983 | 8048 0100 | 0001 4c8b | 4424 6848 | 8b54 2470 | 0f1f 8000 
  0x000002488a728a0c: ;   {optimized virtual_call}
  0x000002488a728a0c: 0000 00e8 

  0x000002488a728a10: ; ImmutableOopMap {[104]=Oop [112]=Oop }
                      ;*invokespecial classAllowed {reexecute=0 rethrow=0 return_oop=0}
                      ; - org.gradle.internal.classloader.FilteringClassLoader::loadClass@11 (line 97)
  0x000002488a728a10: 0cdf 82ff 

  0x000002488a728a14: ;   {other}
  0x000002488a728a14: 0f1f 8400 | 8406 0003 

  0x000002488a728a1c: ;   {metadata(method data for {method} {0x00000248bb589f78} 'loadClass' '(Ljava/lang/String;Z)Ljava/lang/Class;' in 'org/gradle/internal/classloader/FilteringClassLoader')}
  0x000002488a728a1c: 85c0 49b8 | 98e2 12be | 4802 0000 | 49c7 c168 | 0100 0074 | 0749 c7c1 | 5801 0000 | 4b8b 1408 
  0x000002488a728a3c: 488d 5201 | 4b89 1408 | 0f84 9701 | 0000 488b 

  0x000002488a728a4c: ;   {metadata(method data for {method} {0x00000248bb589f78} 'loadClass' '(Ljava/lang/String;Z)Ljava/lang/Class;' in 'org/gradle/internal/classloader/FilteringClassLoader')}
  0x000002488a728a4c: 5424 7049 | b898 e212 | be48 0200 | 0049 8380 | 4002 0000 | 014c 8b44 | 2468 41b9 | 0000 0000 
  0x000002488a728a6c: 488b 5424 | 7066 0f1f 

  0x000002488a728a74: ;   {optimized virtual_call}
  0x000002488a728a74: 4400 00e8 

  0x000002488a728a78: ; ImmutableOopMap {[112]=Oop }
                      ;*invokespecial loadClass {reexecute=0 rethrow=0 return_oop=0}
                      ; - org.gradle.internal.classloader.FilteringClassLoader::loadClass@47 (line 101)
  0x000002488a728a78: 24e5 9407 

  0x000002488a728a7c: ;   {other}
  0x000002488a728a7c: 0f1f 8400 | ec06 0004 | 448b 4c24 | 7845 85c9 

  0x000002488a728a8c: ;   {metadata(method data for {method} {0x00000248bb589f78} 'loadClass' '(Ljava/lang/String;Z)Ljava/lang/Class;' in 'org/gradle/internal/classloader/FilteringClassLoader')}
  0x000002488a728a8c: 48ba 98e2 | 12be 4802 | 0000 48c7 | c650 0200 | 0074 0748 | c7c6 6002 | 0000 488b | 3c32 488d 
  0x000002488a728aac: 7f01 4889 | 3c32 0f84 | 6d00 0000 | 488b 5424 

  0x000002488a728abc: ;   {metadata(method data for {method} {0x00000248bb589f78} 'loadClass' '(Ljava/lang/String;Z)Ljava/lang/Class;' in 'org/gradle/internal/classloader/FilteringClassLoader')}
  0x000002488a728abc: 7048 be98 | e212 be48 | 0200 0048 | 8386 7002 

  0x000002488a728acc: ;   {metadata(method data for {method} {0x00000248a0435010} 'resolveClass' '(Ljava/lang/Class;)V' in 'java/lang/ClassLoader')}
  0x000002488a728acc: 0000 0148 | baf8 cd0e | bb48 0200 | 008b b2cc | 0000 0083 | c602 89b2 | cc00 0000 | 81e6 feff 
  0x000002488a728aec: 1f00 85f6 | 0f84 e904 | 0000 4885 

  0x000002488a728af8: ;   {metadata(method data for {method} {0x00000248a0435010} 'resolveClass' '(Ljava/lang/Class;)V' in 'java/lang/ClassLoader')}
  0x000002488a728af8: c048 baf8 | cd0e bb48 | 0200 0048 | c7c6 2001 | 0000 7407 | 48c7 c610 | 0100 0048 | 8b3c 3248 
  0x000002488a728b18: 8d7f 0148 | 893c 320f | 8416 0000 | 0048 81c4 | c000 0000 

  0x000002488a728b2c: ;   {poll_return}
  0x000002488a728b2c: 5d49 3ba7 | 5004 0000 | 0f87 c604 | 0000 c348 | 8984 2490 | 0000 000f | 1f44 0000 

  0x000002488a728b48: ;   {no_reloc}
  0x000002488a728b48: e9d8 0400 | 0000 0000 | 0000 498b | 87b8 0100 | 0048 8d78 | 3049 3bbf | c801 0000 | 0f87 c504 
  0x000002488a728b68: 0000 4989 | bfb8 0100 | 0048 c700 | 0100 0000 | 488b ca49 | ba00 0000 | a048 0200 | 0049 2bca 
  0x000002488a728b88: 8948 0848 | 33c9 8948 | 0c48 33c9 | 4889 4810 | 4889 4818 | 4889 4820 | 4889 4828 

  0x000002488a728ba4: ;   {metadata(method data for {method} {0x00000248a0435010} 'resolveClass' '(Ljava/lang/Class;)V' in 'java/lang/ClassLoader')}
  0x000002488a728ba4: 488b d048 | bef8 cd0e | bb48 0200 | 0048 8386 | 3001 0000 | 0148 8bd0 | 4889 8424 | 8800 0000 
  0x000002488a728bc4: ;   {optimized virtual_call}
  0x000002488a728bc4: 6666 90e8 

  0x000002488a728bc8: ; ImmutableOopMap {[136]=Oop [144]=Oop }
                      ;*invokespecial <init> {reexecute=0 rethrow=0 return_oop=0}
                      ; - java.lang.ClassLoader::resolveClass@8
                      ; - org.gradle.internal.classloader.FilteringClassLoader::loadClass@57 (line 103)
  0x000002488a728bc8: b45e 1407 

  0x000002488a728bcc: ;   {other}
  0x000002488a728bcc: 0f1f 8400 | 3c08 0005 | 488b 8424 | 8800 0000 | e944 0500 

  0x000002488a728be0: ;   {metadata('java/lang/ClassNotFoundException')}
  0x000002488a728be0: 0048 ba88 | 9306 a048 | 0200 0049 | 8b87 b801 | 0000 488d | 7828 493b | bfc8 0100 | 000f 8739 
  0x000002488a728c00: 0400 0049 | 89bf b801 | 0000 48c7 | 0001 0000 | 0048 8bca | 49ba 0000 | 00a0 4802 | 0000 492b 
  0x000002488a728c20: ca89 4808 | 4833 c989 | 480c 4833 | c948 8948 | 1048 8948 | 1848 8948 

  0x000002488a728c38: ;   {metadata('java/lang/StringBuilder')}
  0x000002488a728c38: 2048 ba40 | 8000 a048 | 0200 0048 | 8984 24a0 | 0000 0049 | 8b87 b801 | 0000 488d | 7818 493b 
  0x000002488a728c58: bfc8 0100 | 000f 87e6 | 0300 0049 | 89bf b801 | 0000 48c7 | 0001 0000 | 0048 8bca | 49ba 0000 
  0x000002488a728c78: 00a0 4802 | 0000 492b | ca89 4808 | 4833 c989 | 480c 4833 | c948 8948 | 1048 8bd0 

  0x000002488a728c94: ;   {metadata(method data for {method} {0x00000248bb589f78} 'loadClass' '(Ljava/lang/String;Z)Ljava/lang/Class;' in 'org/gradle/internal/classloader/FilteringClassLoader')}
  0x000002488a728c94: 48be 98e2 | 12be 4802 | 0000 4883 | 8678 0100 

  0x000002488a728ca4: ;   {metadata(method data for {method} {0x00000248a04619d8} '<init>' '()V' in 'java/lang/StringBuilder')}
  0x000002488a728ca4: 0001 48ba | 10af 00bb | 4802 0000 | 8bb2 cc00 | 0000 83c6 | 0289 b2cc | 0000 0081 | e6fe ff1f 
  0x000002488a728cc4: 0085 f60f | 8489 0300 | 0048 8bd0 

  0x000002488a728cd0: ;   {metadata(method data for {method} {0x00000248a04619d8} '<init>' '()V' in 'java/lang/StringBuilder')}
  0x000002488a728cd0: 48be 10af | 00bb 4802 | 0000 4883 | 8610 0100 | 0001 41b8 | 1000 0000 | 488b d048 | 8984 2498 
  0x000002488a728cf0: 0000 000f 

  0x000002488a728cf4: ;   {optimized virtual_call}
  0x000002488a728cf4: 1f40 00e8 

  0x000002488a728cf8: ; ImmutableOopMap {[104]=Oop [152]=Oop [160]=Oop }
                      ;*invokespecial <init> {reexecute=0 rethrow=0 return_oop=0}
                      ; - java.lang.StringBuilder::<init>@3
                      ; - org.gradle.internal.classloader.FilteringClassLoader::loadClass@25 (line 98)
  0x000002488a728cf8: c490 7007 

  0x000002488a728cfc: ;   {other}
  0x000002488a728cfc: 0f1f 8400 | 6c09 0006 | 488b 8424 | 9800 0000 

  0x000002488a728d0c: ;   {metadata(method data for {method} {0x00000248bb589f78} 'loadClass' '(Ljava/lang/String;Z)Ljava/lang/Class;' in 'org/gradle/internal/classloader/FilteringClassLoader')}
  0x000002488a728d0c: 49b8 98e2 | 12be 4802 | 0000 4983 | 8088 0100 

  0x000002488a728d1c: ;   {metadata(method data for {method} {0x00000248a04617c8} 'append' '(Ljava/lang/String;)Ljava/lang/StringBuilder;' in 'java/lang/StringBuilder')}
  0x000002488a728d1c: 0001 49b8 | 00b2 00bb | 4802 0000 | 418b 90cc | 0000 0083 | c202 4189 | 90cc 0000 | 0081 e2fe 
  0x000002488a728d3c: ff1f 0085 | d20f 8430 | 0300 0048 | 8b84 2498 

  0x000002488a728d4c: ;   {metadata(method data for {method} {0x00000248a04617c8} 'append' '(Ljava/lang/String;)Ljava/lang/StringBuilder;' in 'java/lang/StringBuilder')}
  0x000002488a728d4c: 0000 0049 | b800 b200 | bb48 0200 | 0049 8380 | 1001 0000 | 014c 8b44 | 2468 488b | 9424 9800 
  0x000002488a728d6c: ;   {optimized virtual_call}
  0x000002488a728d6c: 0000 90e8 

  0x000002488a728d70: ; ImmutableOopMap {[152]=Oop [160]=Oop }
                      ;*invokespecial append {reexecute=0 rethrow=0 return_oop=0}
                      ; - java.lang.StringBuilder::append@2
                      ; - org.gradle.internal.classloader.FilteringClassLoader::loadClass@29 (line 98)
  0x000002488a728d70: 0c11 6f07 

  0x000002488a728d74: ;   {other}
  0x000002488a728d74: 0f1f 8400 | e409 0007 | 488b 8424 | 9800 0000 

  0x000002488a728d84: ;   {metadata(method data for {method} {0x00000248bb589f78} 'loadClass' '(Ljava/lang/String;Z)Ljava/lang/Class;' in 'org/gradle/internal/classloader/FilteringClassLoader')}
  0x000002488a728d84: 49b8 98e2 | 12be 4802 | 0000 4983 | 80c0 0100 

  0x000002488a728d94: ;   {metadata(method data for {method} {0x00000248a04617c8} 'append' '(Ljava/lang/String;)Ljava/lang/StringBuilder;' in 'java/lang/StringBuilder')}
  0x000002488a728d94: 0001 49b8 | 00b2 00bb | 4802 0000 | 418b 90cc | 0000 0083 | c202 4189 | 90cc 0000 | 0081 e2fe 
  0x000002488a728db4: ff1f 0085 | d20f 84d9 | 0200 0048 | 8b84 2498 

  0x000002488a728dc4: ;   {metadata(method data for {method} {0x00000248a04617c8} 'append' '(Ljava/lang/String;)Ljava/lang/StringBuilder;' in 'java/lang/StringBuilder')}
  0x000002488a728dc4: 0000 0049 | b800 b200 | bb48 0200 | 0049 8380 | 1001 0000 

  0x000002488a728dd8: ;   {oop(" not found."{0x00000000818b7d70})}
  0x000002488a728dd8: 0149 b870 | 7d8b 8100 | 0000 0048 | 8b94 2498 | 0000 000f 

  0x000002488a728dec: ;   {optimized virtual_call}
  0x000002488a728dec: 1f40 00e8 

  0x000002488a728df0: ; ImmutableOopMap {[152]=Oop [160]=Oop }
                      ;*invokespecial append {reexecute=0 rethrow=0 return_oop=0}
                      ; - java.lang.StringBuilder::append@2
                      ; - org.gradle.internal.classloader.FilteringClassLoader::loadClass@34 (line 98)
  0x000002488a728df0: 8c10 6f07 

  0x000002488a728df4: ;   {other}
  0x000002488a728df4: 0f1f 8400 | 640a 0008 | 488b 8424 | 9800 0000 

  0x000002488a728e04: ;   {metadata(method data for {method} {0x00000248bb589f78} 'loadClass' '(Ljava/lang/String;Z)Ljava/lang/Class;' in 'org/gradle/internal/classloader/FilteringClassLoader')}
  0x000002488a728e04: 48ba 98e2 | 12be 4802 | 0000 4883 | 82f8 0100 

  0x000002488a728e14: ;   {metadata(method data for {method} {0x00000248a0008958} 'toString' '()Ljava/lang/String;' in 'java/lang/StringBuilder')}
  0x000002488a728e14: 0001 48ba | 28b9 00bb | 4802 0000 | 8bb2 cc00 | 0000 83c6 | 0289 b2cc | 0000 0081 | e6fe ff1f 
  0x000002488a728e34: 0085 f60f | 847c 0200 

  0x000002488a728e3c: ;   {metadata('java/lang/String')}
  0x000002488a728e3c: 0048 ba78 | e800 a048 | 0200 0049 | 8b87 b801 | 0000 488d | 7818 493b | bfc8 0100 | 000f 877b 
  0x000002488a728e5c: 0200 0049 | 89bf b801 | 0000 48c7 | 0001 0000 | 0048 8bca | 49ba 0000 | 00a0 4802 | 0000 492b 
  0x000002488a728e7c: ca89 4808 | 4833 c989 | 480c 4833 | c948 8948 | 104c 8bc0 

  0x000002488a728e90: ;   {metadata(method data for {method} {0x00000248a0008958} 'toString' '()Ljava/lang/String;' in 'java/lang/StringBuilder')}
  0x000002488a728e90: 49b9 28b9 | 00bb 4802 | 0000 4983 | 8110 0100 

  0x000002488a728ea0: ;   {metadata(method data for {method} {0x00000248a0455ab8} '<init>' '(Ljava/lang/StringBuilder;)V' in 'java/lang/String')}
  0x000002488a728ea0: 0001 49b8 | a0ba 00bb | 4802 0000 | 458b 88cc | 0000 0041 | 83c1 0245 | 8988 cc00 | 0000 4181 
  0x000002488a728ec0: e1fe ff1f | 0045 85c9 | 0f84 1902 | 0000 4c8b 

  0x000002488a728ed0: ;   {metadata(method data for {method} {0x00000248a0455ab8} '<init>' '(Ljava/lang/StringBuilder;)V' in 'java/lang/String')}
  0x000002488a728ed0: c049 b9a0 | ba00 bb48 | 0200 0049 | 8381 1001 | 0000 014c | 8b84 2498 

  0x000002488a728ee8: ;   {oop(nullptr)}
  0x000002488a728ee8: 0000 0049 | b900 0000 | 0000 0000 | 0048 8bd0 | 4889 8424 | a800 0000 | 0f1f 8000 

  0x000002488a728f04: ;   {optimized virtual_call}
  0x000002488a728f04: 0000 00e8 

  0x000002488a728f08: ; ImmutableOopMap {[160]=Oop [168]=Oop }
                      ;*invokespecial <init> {reexecute=0 rethrow=0 return_oop=0}
                      ; - java.lang.String::<init>@3
                      ; - java.lang.StringBuilder::toString@5
                      ; - org.gradle.internal.classloader.FilteringClassLoader::loadClass@37 (line 98)
  0x000002488a728f08: d419 7707 

  0x000002488a728f0c: ;   {other}
  0x000002488a728f0c: 0f1f 8400 | 7c0b 0009 | 488b 8424 | a000 0000 

  0x000002488a728f1c: ;   {metadata(method data for {method} {0x00000248bb589f78} 'loadClass' '(Ljava/lang/String;Z)Ljava/lang/Class;' in 'org/gradle/internal/classloader/FilteringClassLoader')}
  0x000002488a728f1c: 49b8 98e2 | 12be 4802 | 0000 4983 | 8030 0200 | 0001 4c8b | 8424 a800 | 0000 488b | 9424 a000 
  0x000002488a728f3c: ;   {optimized virtual_call}
  0x000002488a728f3c: 0000 90e8 

  0x000002488a728f40: ; ImmutableOopMap {[160]=Oop }
                      ;*invokespecial <init> {reexecute=0 rethrow=0 return_oop=0}
                      ; - org.gradle.internal.classloader.FilteringClassLoader::loadClass@40 (line 98)
  0x000002488a728f40: 3ccf 8407 

  0x000002488a728f44: ;   {other}
  0x000002488a728f44: 0f1f 8400 | b40b 000a | 488b 8424 | a000 0000 | e9cc 0100 

  0x000002488a728f58: ;   {metadata({method} {0x00000248bb589f78} 'loadClass' '(Ljava/lang/String;Z)Ljava/lang/Class;' in 'org/gradle/internal/classloader/FilteringClassLoader')}
  0x000002488a728f58: 0049 ba70 | 9f58 bb48 | 0200 004c | 8954 2408 | 48c7 0424 | ffff ffff 

  0x000002488a728f70: ;   {runtime_call counter_overflow Runtime1 stub}
  0x000002488a728f70: e88b 9f20 

  0x000002488a728f74: ; ImmutableOopMap {rdx=Oop r8=Oop [104]=Oop }
                      ;*synchronization entry
                      ; - org.gradle.internal.classloader.FilteringClassLoader::loadClass@-1 (line 92)
  0x000002488a728f74: 07e9 36f7 

  0x000002488a728f78: ;   {metadata({method} {0x00000248a00143f0} 'loadClass' '(Ljava/lang/String;)Ljava/lang/Class;' in 'java/lang/ClassLoader')}
  0x000002488a728f78: ffff 49ba | e843 01a0 | 4802 0000 | 4c89 5424 | 0848 c704 | 24ff ffff 

  0x000002488a728f90: ;   {runtime_call counter_overflow Runtime1 stub}
  0x000002488a728f90: ffe8 6a9f 

  0x000002488a728f94: ; ImmutableOopMap {r8=Oop rsi=Oop [104]=Oop [112]=Oop }
                      ;*synchronization entry
                      ; - java.lang.ClassLoader::loadClass@-1
                      ; - org.gradle.internal.classloader.FilteringClassLoader::loadClass@4 (line 92)
  0x000002488a728f94: 2007 e9de 

  0x000002488a728f98: ;   {metadata({method} {0x00000248a00656a8} 'loadClass' '(Ljava/lang/String;Z)Ljava/lang/Class;' in 'jdk/internal/loader/BuiltinClassLoader')}
  0x000002488a728f98: f7ff ff49 | baa0 5606 | a048 0200 | 004c 8954 | 2408 48c7 | 0424 ffff 

  0x000002488a728fb0: ;   {runtime_call counter_overflow Runtime1 stub}
  0x000002488a728fb0: ffff e849 

  0x000002488a728fb4: ; ImmutableOopMap {r8=Oop rsi=Oop [104]=Oop [112]=Oop }
                      ;*synchronization entry
                      ; - jdk.internal.loader.BuiltinClassLoader::loadClass@-1
                      ; - java.lang.ClassLoader::loadClass@3
                      ; - org.gradle.internal.classloader.FilteringClassLoader::loadClass@4 (line 92)
  0x000002488a728fb4: 9f20 07e9 | 77f8 ffff 

  0x000002488a728fbc: ;   {internal_word}
  0x000002488a728fbc: 49ba 1b89 | 728a 4802 | 0000 4d89 | 9768 0400 

  0x000002488a728fcc: ;   {runtime_call SafepointBlob}
  0x000002488a728fcc: 00e9 aec4 | 1407 488b 

  0x000002488a728fd4: ;   {runtime_call fast_new_instance Runtime1 stub}
  0x000002488a728fd4: d2e8 2657 

  0x000002488a728fd8: ; ImmutableOopMap {[104]=Oop [112]=Oop }
                      ;*new {reexecute=0 rethrow=0 return_oop=0}
                      ; - jdk.internal.loader.BuiltinClassLoader::loadClass@11
                      ; - java.lang.ClassLoader::loadClass@3
                      ; - org.gradle.internal.classloader.FilteringClassLoader::loadClass@4 (line 92)
  0x000002488a728fd8: 2007 e9a2 

  0x000002488a728fdc: ;   {metadata({method} {0x00000248a0435010} 'resolveClass' '(Ljava/lang/Class;)V' in 'java/lang/ClassLoader')}
  0x000002488a728fdc: f9ff ff49 | ba08 5043 | a048 0200 | 004c 8954 | 2408 48c7 | 0424 ffff 

  0x000002488a728ff4: ;   {runtime_call counter_overflow Runtime1 stub}
  0x000002488a728ff4: ffff e805 

  0x000002488a728ff8: ; ImmutableOopMap {rax=Oop }
                      ;*synchronization entry
                      ; - java.lang.ClassLoader::resolveClass@-1
                      ; - org.gradle.internal.classloader.FilteringClassLoader::loadClass@57 (line 103)
  0x000002488a728ff8: 9f20 07e9 | f6fa ffff 

  0x000002488a729000: ;   {internal_word}
  0x000002488a729000: 49ba 2d8b | 728a 4802 | 0000 4d89 | 9768 0400 

  0x000002488a729010: ;   {runtime_call SafepointBlob}
  0x000002488a729010: 00e9 6ac4 

  0x000002488a729014: ;   {metadata(nullptr)}
  0x000002488a729014: 1407 48ba | 0000 0000 | 0000 0000 | b800 0f05 

  0x000002488a729024: ;   {runtime_call load_klass_patching Runtime1 stub}
  0x000002488a729024: 0ae8 568e 

  0x000002488a729028: ; ImmutableOopMap {[144]=Oop }
                      ;*new {reexecute=1 rethrow=0 return_oop=0}
                      ; - (reexecute) java.lang.ClassLoader::resolveClass@4
                      ; - org.gradle.internal.classloader.FilteringClassLoader::loadClass@57 (line 103)
  0x000002488a729028: 2007 e919 | fbff ff48 

  0x000002488a729030: ;   {runtime_call fast_new_instance Runtime1 stub}
  0x000002488a729030: 8bd2 e8c9 

  0x000002488a729034: ; ImmutableOopMap {[144]=Oop }
                      ;*new {reexecute=0 rethrow=0 return_oop=0}
                      ; - java.lang.ClassLoader::resolveClass@4
                      ; - org.gradle.internal.classloader.FilteringClassLoader::loadClass@57 (line 103)
  0x000002488a729034: 5620 07e9 | 68fb ffff 

  0x000002488a72903c: ;   {runtime_call fast_new_instance Runtime1 stub}
  0x000002488a72903c: 488b d2e8 

  0x000002488a729040: ; ImmutableOopMap {[104]=Oop }
                      ;*new {reexecute=0 rethrow=0 return_oop=0}
                      ; - org.gradle.internal.classloader.FilteringClassLoader::loadClass@17 (line 98)
  0x000002488a729040: bc56 2007 | e9f0 fbff | ff48 8bd2 

  0x000002488a72904c: ;   {runtime_call fast_new_instance Runtime1 stub}
  0x000002488a72904c: e8af 5620 

  0x000002488a729050: ; ImmutableOopMap {[104]=Oop [160]=Oop }
                      ;*new {reexecute=0 rethrow=0 return_oop=0}
                      ; - org.gradle.internal.classloader.FilteringClassLoader::loadClass@21 (line 98)
  0x000002488a729050: 07e9 3bfc 

  0x000002488a729054: ;   {metadata({method} {0x00000248a04619d8} '<init>' '()V' in 'java/lang/StringBuilder')}
  0x000002488a729054: ffff 49ba | d019 46a0 | 4802 0000 | 4c89 5424 | 0848 c704 | 24ff ffff 

  0x000002488a72906c: ;   {runtime_call counter_overflow Runtime1 stub}
  0x000002488a72906c: ffe8 8e9e 

  0x000002488a729070: ; ImmutableOopMap {rax=Oop [104]=Oop [160]=Oop }
                      ;*synchronization entry
                      ; - java.lang.StringBuilder::<init>@-1
                      ; - org.gradle.internal.classloader.FilteringClassLoader::loadClass@25 (line 98)
  0x000002488a729070: 2007 e956 

  0x000002488a729074: ;   {metadata({method} {0x00000248a04617c8} 'append' '(Ljava/lang/String;)Ljava/lang/StringBuilder;' in 'java/lang/StringBuilder')}
  0x000002488a729074: fcff ff49 | bac0 1746 | a048 0200 | 004c 8954 | 2408 48c7 | 0424 ffff 

  0x000002488a72908c: ;   {runtime_call counter_overflow Runtime1 stub}
  0x000002488a72908c: ffff e86d 

  0x000002488a729090: ; ImmutableOopMap {[104]=Oop [152]=Oop [160]=Oop }
                      ;*synchronization entry
                      ; - java.lang.StringBuilder::append@-1
                      ; - org.gradle.internal.classloader.FilteringClassLoader::loadClass@29 (line 98)
  0x000002488a729090: 9e20 07e9 | affc ffff 

  0x000002488a729098: ;   {metadata({method} {0x00000248a04617c8} 'append' '(Ljava/lang/String;)Ljava/lang/StringBuilder;' in 'java/lang/StringBuilder')}
  0x000002488a729098: 49ba c017 | 46a0 4802 | 0000 4c89 | 5424 0848 | c704 24ff 

  0x000002488a7290ac: ;   {runtime_call counter_overflow Runtime1 stub}
  0x000002488a7290ac: ffff ffe8 

  0x000002488a7290b0: ; ImmutableOopMap {[152]=Oop [160]=Oop }
                      ;*synchronization entry
                      ; - java.lang.StringBuilder::append@-1
                      ; - org.gradle.internal.classloader.FilteringClassLoader::loadClass@34 (line 98)
  0x000002488a7290b0: 4c9e 2007 | e906 fdff 

  0x000002488a7290b8: ;   {metadata({method} {0x00000248a0008958} 'toString' '()Ljava/lang/String;' in 'java/lang/StringBuilder')}
  0x000002488a7290b8: ff49 ba50 | 8900 a048 | 0200 004c | 8954 2408 | 48c7 0424 | ffff ffff 

  0x000002488a7290d0: ;   {runtime_call counter_overflow Runtime1 stub}
  0x000002488a7290d0: e82b 9e20 

  0x000002488a7290d4: ; ImmutableOopMap {[152]=Oop [160]=Oop }
                      ;*synchronization entry
                      ; - java.lang.StringBuilder::toString@-1
                      ; - org.gradle.internal.classloader.FilteringClassLoader::loadClass@37 (line 98)
  0x000002488a7290d4: 07e9 63fd | ffff 488b 

  0x000002488a7290dc: ;   {runtime_call fast_new_instance Runtime1 stub}
  0x000002488a7290dc: d2e8 1e56 

  0x000002488a7290e0: ; ImmutableOopMap {[152]=Oop [160]=Oop }
                      ;*new {reexecute=0 rethrow=0 return_oop=0}
                      ; - java.lang.StringBuilder::toString@0
                      ; - org.gradle.internal.classloader.FilteringClassLoader::loadClass@37 (line 98)
  0x000002488a7290e0: 2007 e9a6 

  0x000002488a7290e4: ;   {metadata({method} {0x00000248a0455ab8} '<init>' '(Ljava/lang/StringBuilder;)V' in 'java/lang/String')}
  0x000002488a7290e4: fdff ff49 | bab0 5a45 | a048 0200 | 004c 8954 | 2408 48c7 | 0424 ffff 

  0x000002488a7290fc: ;   {runtime_call counter_overflow Runtime1 stub}
  0x000002488a7290fc: ffff e8fd 

  0x000002488a729100: ; ImmutableOopMap {rax=Oop [152]=Oop [160]=Oop }
                      ;*synchronization entry
                      ; - java.lang.String::<init>@-1
                      ; - java.lang.StringBuilder::toString@5
                      ; - org.gradle.internal.classloader.FilteringClassLoader::loadClass@37 (line 98)
  0x000002488a729100: 9d20 07e9 | c6fd ffff | 498b 8700 | 0500 0049 | c787 0005 | 0000 0000 | 0000 49c7 | 8708 0500 
  0x000002488a729120: 0000 0000 | 0048 81c4 | c000 0000 

  0x000002488a72912c: ;   {runtime_call unwind_exception Runtime1 stub}
  0x000002488a72912c: 5de9 ce3d | 2007 f4f4 | f4f4 f4f4 
[Stub Code]
  0x000002488a729138: ;   {no_reloc}
  0x000002488a729138: 0f1f 4400 

  0x000002488a72913c: ;   {static_stub}
  0x000002488a72913c: 0048 bb00 | 0000 0000 

  0x000002488a729144: ;   {runtime_call nmethod}
  0x000002488a729144: 0000 00e9 | fbff ffff 

  0x000002488a72914c: ;   {static_stub}
  0x000002488a72914c: 9048 bb00 | 0000 0000 

  0x000002488a729154: ;   {runtime_call nmethod}
  0x000002488a729154: 0000 00e9 | fbff ffff 

  0x000002488a72915c: ;   {static_stub}
  0x000002488a72915c: 9048 bb00 | 0000 0000 

  0x000002488a729164: ;   {runtime_call nmethod}
  0x000002488a729164: 0000 00e9 | fbff ffff 

  0x000002488a72916c: ;   {static_stub}
  0x000002488a72916c: 9048 bb00 | 0000 0000 

  0x000002488a729174: ;   {runtime_call nmethod}
  0x000002488a729174: 0000 00e9 | fbff ffff 

  0x000002488a72917c: ;   {static_stub}
  0x000002488a72917c: 48bb 0000 | 0000 0000 

  0x000002488a729184: ;   {runtime_call nmethod}
  0x000002488a729184: 0000 e9fb 

  0x000002488a729188: ;   {static_stub}
  0x000002488a729188: ffff ff48 | bb30 a758 | bb48 0200 

  0x000002488a729194: ;   {runtime_call I2C/C2I adapters}
  0x000002488a729194: 00e9 4dae 

  0x000002488a729198: ;   {static_stub}
  0x000002488a729198: 1407 48bb | 0000 0000 | 0000 0000 

  0x000002488a7291a4: ;   {runtime_call nmethod}
  0x000002488a7291a4: e9fb ffff 

  0x000002488a7291a8: ;   {static_stub}
  0x000002488a7291a8: ff48 bb00 | 0000 0000 

  0x000002488a7291b0: ;   {runtime_call nmethod}
  0x000002488a7291b0: 0000 00e9 | fbff ffff 

  0x000002488a7291b8: ;   {static_stub}
  0x000002488a7291b8: 48bb 0000 | 0000 0000 

  0x000002488a7291c0: ;   {runtime_call nmethod}
  0x000002488a7291c0: 0000 e9fb 

  0x000002488a7291c4: ;   {runtime_call handle_exception_from_callee Runtime1 stub}
  0x000002488a7291c4: ffff ffe8 | 346a 2007 

  0x000002488a7291cc: ;   {external_word}
  0x000002488a7291cc: 48b9 5063 | ae95 ff7f | 0000 4883 

  0x000002488a7291d8: ;   {runtime_call}
  0x000002488a7291d8: e4f0 48b8 | c0c9 7095 | ff7f 0000 

  0x000002488a7291e4: ;   {section_word}
  0x000002488a7291e4: ffd0 f449 | bae7 9172 | 8a48 0200 

  0x000002488a7291f0: ;   {runtime_call DeoptimizationBlob}
  0x000002488a7291f0: 0041 52e9 | 28b5 1407 
[/MachCode]


---------------  P R O C E S S  ---------------

Threads class SMR info:
_java_thread_list=0x00000248c13209c0, length=69, elements={
0x00000248868f09b0, 0x000002489f4a7850, 0x000002489f4a8f20, 0x000002489f4b0a30,
0x000002489f4b1490, 0x000002489f4b1ef0, 0x000002489f4b2950, 0x000002489f4b36e0,
0x000002489f4ba700, 0x000002489f6de290, 0x000002489f7446e0, 0x00000248c00053e0,
0x00000248c0371450, 0x00000248bff9fd30, 0x00000248bf61e1c0, 0x00000248bf2119d0,
0x00000248c0520de0, 0x00000248c051f3a0, 0x00000248c0522190, 0x00000248c051ed10,
0x00000248c05200c0, 0x00000248c0521470, 0x00000248c0521b00, 0x00000248c051fa30,
0x00000248c0520750, 0x00000248c0286110, 0x00000248c02846d0, 0x00000248c0284d60,
0x00000248c02867a0, 0x00000248c0285a80, 0x00000248c028afd0, 0x00000248c0289590,
0x00000248c0287b50, 0x00000248c02881e0, 0x00000248c028a2b0, 0x00000248c0fca0f0,
0x00000248c0fcc1c0, 0x00000248c0fca780, 0x00000248c0fcae10, 0x00000248c0fc9a60,
0x00000248c0fcc850, 0x00000248c0fcb4a0, 0x00000248c0fc93d0, 0x00000248c0fce920,
0x00000248c0fccee0, 0x00000248c0fcd570, 0x00000248c0fcefb0, 0x00000248c0fce290,
0x00000248c0fcbb30, 0x00000248c0fcfcd0, 0x00000248c0fcf640, 0x00000248c0fd09f0,
0x00000248c0fd0360, 0x00000248c0fcdc00, 0x00000248c0e557c0, 0x00000248c0e53d80,
0x00000248c0e55e50, 0x00000248c0e57200, 0x00000248c0e564e0, 0x00000248c0e56b70,
0x00000248c0e57890, 0x00000248c0e54410, 0x00000248c0e57f20, 0x00000248c0e54aa0,
0x00000248c0e585b0, 0x00000248c0e55130, 0x00000248c0e592d0, 0x00000248c0e5a680,
0x00000248c0e59960
}

Java Threads: ( => current thread )
  0x00000248868f09b0 JavaThread "main"                              [_thread_blocked, id=22540, stack(0x000000e39b600000,0x000000e39b700000) (1024K)]
  0x000002489f4a7850 JavaThread "Reference Handler"          daemon [_thread_blocked, id=6776, stack(0x000000e39be00000,0x000000e39bf00000) (1024K)]
  0x000002489f4a8f20 JavaThread "Finalizer"                  daemon [_thread_blocked, id=25208, stack(0x000000e39bf00000,0x000000e39c000000) (1024K)]
  0x000002489f4b0a30 JavaThread "Signal Dispatcher"          daemon [_thread_blocked, id=18064, stack(0x000000e39c000000,0x000000e39c100000) (1024K)]
  0x000002489f4b1490 JavaThread "Attach Listener"            daemon [_thread_blocked, id=384, stack(0x000000e39c100000,0x000000e39c200000) (1024K)]
  0x000002489f4b1ef0 JavaThread "Service Thread"             daemon [_thread_blocked, id=33708, stack(0x000000e39c200000,0x000000e39c300000) (1024K)]
  0x000002489f4b2950 JavaThread "Monitor Deflation Thread"   daemon [_thread_blocked, id=31860, stack(0x000000e39c300000,0x000000e39c400000) (1024K)]
  0x000002489f4b36e0 JavaThread "C2 CompilerThread0"         daemon [_thread_in_native, id=25680, stack(0x000000e39c400000,0x000000e39c500000) (1024K)]
  0x000002489f4ba700 JavaThread "C1 CompilerThread0"         daemon [_thread_blocked, id=35124, stack(0x000000e39c500000,0x000000e39c600000) (1024K)]
  0x000002489f6de290 JavaThread "Common-Cleaner"             daemon [_thread_blocked, id=28116, stack(0x000000e39c600000,0x000000e39c700000) (1024K)]
  0x000002489f7446e0 JavaThread "Notification Thread"        daemon [_thread_blocked, id=24812, stack(0x000000e39c700000,0x000000e39c800000) (1024K)]
  0x00000248c00053e0 JavaThread "Daemon health stats"               [_thread_blocked, id=31780, stack(0x000000e39cd00000,0x000000e39ce00000) (1024K)]
  0x00000248c0371450 JavaThread "Incoming local TCP Connector on port 53056"        [_thread_in_native, id=21816, stack(0x000000e39ce00000,0x000000e39cf00000) (1024K)]
  0x00000248bff9fd30 JavaThread "Daemon periodic checks"            [_thread_blocked, id=19912, stack(0x000000e39cf00000,0x000000e39d000000) (1024K)]
  0x00000248bf61e1c0 JavaThread "Daemon"                            [_thread_blocked, id=22152, stack(0x000000e39d000000,0x000000e39d100000) (1024K)]
  0x00000248bf2119d0 JavaThread "Handler for socket connection from /127.0.0.1:53056 to /127.0.0.1:53059"        [_thread_in_native, id=24728, stack(0x000000e39d100000,0x000000e39d200000) (1024K)]
  0x00000248c0520de0 JavaThread "Cancel handler"                    [_thread_blocked, id=29656, stack(0x000000e39d200000,0x000000e39d300000) (1024K)]
=>0x00000248c051f3a0 JavaThread "Daemon worker"                     [_thread_in_vm, id=36080, stack(0x000000e39d300000,0x000000e39d400000) (1024K)]
  0x00000248c0522190 JavaThread "Asynchronous log dispatcher for DefaultDaemonConnection: socket connection from /127.0.0.1:53056 to /127.0.0.1:53059"        [_thread_blocked, id=29448, stack(0x000000e39d400000,0x000000e39d500000) (1024K)]
  0x00000248c051ed10 JavaThread "Stdin handler"                     [_thread_blocked, id=30820, stack(0x000000e39d500000,0x000000e39d600000) (1024K)]
  0x00000248c05200c0 JavaThread "Daemon client event forwarder"        [_thread_blocked, id=3644, stack(0x000000e39d600000,0x000000e39d700000) (1024K)]
  0x00000248c0521470 JavaThread "Cache worker for journal cache (D:\gradle_cache\caches\journal-1)"        [_thread_blocked, id=23012, stack(0x000000e39d700000,0x000000e39d800000) (1024K)]
  0x00000248c0521b00 JavaThread "File lock request listener"        [_thread_in_native, id=31004, stack(0x000000e39d800000,0x000000e39d900000) (1024K)]
  0x00000248c051fa30 JavaThread "File lock release action executor"        [_thread_blocked, id=19656, stack(0x000000e39d900000,0x000000e39da00000) (1024K)]
  0x00000248c0520750 JavaThread "Cache worker for file hash cache (D:\gradle_cache\caches\8.12\fileHashes)"        [_thread_blocked, id=31244, stack(0x000000e39da00000,0x000000e39db00000) (1024K)]
  0x00000248c0286110 JavaThread "Cache worker for file hash cache (D:\pranjal\electricity_billing\mobile\android\.gradle\8.12\fileHashes)"        [_thread_blocked, id=34736, stack(0x000000e39e100000,0x000000e39e200000) (1024K)]
  0x00000248c02846d0 JavaThread "Cache worker for Build Output Cleanup Cache (D:\pranjal\electricity_billing\mobile\android\.gradle\buildOutputCleanup)"        [_thread_blocked, id=12572, stack(0x000000e39e200000,0x000000e39e300000) (1024K)]
  0x00000248c0284d60 JavaThread "File watcher server"        daemon [_thread_in_native, id=18068, stack(0x000000e39e300000,0x000000e39e400000) (1024K)]
  0x00000248c02867a0 JavaThread "File watcher consumer"      daemon [_thread_blocked, id=22348, stack(0x000000e39e400000,0x000000e39e500000) (1024K)]
  0x00000248c0285a80 JavaThread "Cache worker for checksums cache (D:\pranjal\electricity_billing\mobile\android\.gradle\8.12\checksums)"        [_thread_blocked, id=17476, stack(0x000000e39e500000,0x000000e39e600000) (1024K)]
  0x00000248c028afd0 JavaThread "Cache worker for file content cache (D:\gradle_cache\caches\8.12\fileContent)"        [_thread_blocked, id=27628, stack(0x000000e39e600000,0x000000e39e700000) (1024K)]
  0x00000248c0289590 JavaThread "Cache worker for cache directory md-rule (D:\gradle_cache\caches\8.12\md-rule)"        [_thread_blocked, id=31468, stack(0x000000e39e700000,0x000000e39e800000) (1024K)]
  0x00000248c0287b50 JavaThread "Cache worker for cache directory md-supplier (D:\gradle_cache\caches\8.12\md-supplier)"        [_thread_blocked, id=31496, stack(0x000000e39b500000,0x000000e39b600000) (1024K)]
  0x00000248c02881e0 JavaThread "Cache worker for Build Output Cleanup Cache (C:\src\flutter\packages\flutter_tools\gradle\.gradle\buildOutputCleanup)"        [_thread_blocked, id=28332, stack(0x000000e39e800000,0x000000e39e900000) (1024K)]
  0x00000248c028a2b0 JavaThread "Unconstrained build operations"        [_thread_blocked, id=24572, stack(0x000000e39e900000,0x000000e39ea00000) (1024K)]
  0x00000248c0fca0f0 JavaThread "Unconstrained build operations Thread 2"        [_thread_blocked, id=1848, stack(0x000000e39ea00000,0x000000e39eb00000) (1024K)]
  0x00000248c0fcc1c0 JavaThread "Unconstrained build operations Thread 3"        [_thread_blocked, id=15460, stack(0x000000e39eb00000,0x000000e39ec00000) (1024K)]
  0x00000248c0fca780 JavaThread "Unconstrained build operations Thread 4"        [_thread_blocked, id=20588, stack(0x000000e39ec00000,0x000000e39ed00000) (1024K)]
  0x00000248c0fcae10 JavaThread "Unconstrained build operations Thread 5"        [_thread_blocked, id=16508, stack(0x000000e39ed00000,0x000000e39ee00000) (1024K)]
  0x00000248c0fc9a60 JavaThread "Unconstrained build operations Thread 6"        [_thread_blocked, id=37528, stack(0x000000e39ee00000,0x000000e39ef00000) (1024K)]
  0x00000248c0fcc850 JavaThread "Unconstrained build operations Thread 7"        [_thread_blocked, id=36148, stack(0x000000e39ef00000,0x000000e39f000000) (1024K)]
  0x00000248c0fcb4a0 JavaThread "Unconstrained build operations Thread 8"        [_thread_blocked, id=32516, stack(0x000000e39f000000,0x000000e39f100000) (1024K)]
  0x00000248c0fc93d0 JavaThread "Unconstrained build operations Thread 9"        [_thread_blocked, id=4240, stack(0x000000e39f100000,0x000000e39f200000) (1024K)]
  0x00000248c0fce920 JavaThread "Unconstrained build operations Thread 10"        [_thread_blocked, id=13144, stack(0x000000e39f200000,0x000000e39f300000) (1024K)]
  0x00000248c0fccee0 JavaThread "Unconstrained build operations Thread 11"        [_thread_blocked, id=27496, stack(0x000000e39f300000,0x000000e39f400000) (1024K)]
  0x00000248c0fcd570 JavaThread "Unconstrained build operations Thread 12"        [_thread_blocked, id=32524, stack(0x000000e39f400000,0x000000e39f500000) (1024K)]
  0x00000248c0fcefb0 JavaThread "Unconstrained build operations Thread 13"        [_thread_blocked, id=23352, stack(0x000000e39f500000,0x000000e39f600000) (1024K)]
  0x00000248c0fce290 JavaThread "Unconstrained build operations Thread 14"        [_thread_blocked, id=11604, stack(0x000000e39f600000,0x000000e39f700000) (1024K)]
  0x00000248c0fcbb30 JavaThread "Unconstrained build operations Thread 15"        [_thread_blocked, id=34564, stack(0x000000e39f700000,0x000000e39f800000) (1024K)]
  0x00000248c0fcfcd0 JavaThread "Unconstrained build operations Thread 16"        [_thread_blocked, id=29460, stack(0x000000e39f800000,0x000000e39f900000) (1024K)]
  0x00000248c0fcf640 JavaThread "Unconstrained build operations Thread 17"        [_thread_blocked, id=392, stack(0x000000e39f900000,0x000000e39fa00000) (1024K)]
  0x00000248c0fd09f0 JavaThread "Unconstrained build operations Thread 18"        [_thread_blocked, id=21636, stack(0x000000e39fa00000,0x000000e39fb00000) (1024K)]
  0x00000248c0fd0360 JavaThread "Unconstrained build operations Thread 19"        [_thread_blocked, id=28928, stack(0x000000e39fb00000,0x000000e39fc00000) (1024K)]
  0x00000248c0fcdc00 JavaThread "Unconstrained build operations Thread 20"        [_thread_blocked, id=10524, stack(0x000000e39fc00000,0x000000e39fd00000) (1024K)]
  0x00000248c0e557c0 JavaThread "Unconstrained build operations Thread 21"        [_thread_blocked, id=16660, stack(0x000000e39fd00000,0x000000e39fe00000) (1024K)]
  0x00000248c0e53d80 JavaThread "Unconstrained build operations Thread 22"        [_thread_blocked, id=9424, stack(0x000000e39fe00000,0x000000e39ff00000) (1024K)]
  0x00000248c0e55e50 JavaThread "Unconstrained build operations Thread 23"        [_thread_blocked, id=17128, stack(0x000000e39ff00000,0x000000e3a0000000) (1024K)]
  0x00000248c0e57200 JavaThread "Unconstrained build operations Thread 24"        [_thread_blocked, id=17016, stack(0x000000e3a0000000,0x000000e3a0100000) (1024K)]
  0x00000248c0e564e0 JavaThread "Unconstrained build operations Thread 25"        [_thread_blocked, id=27852, stack(0x000000e3a0100000,0x000000e3a0200000) (1024K)]
  0x00000248c0e56b70 JavaThread "Unconstrained build operations Thread 26"        [_thread_blocked, id=2476, stack(0x000000e3a0200000,0x000000e3a0300000) (1024K)]
  0x00000248c0e57890 JavaThread "Unconstrained build operations Thread 27"        [_thread_blocked, id=11532, stack(0x000000e3a0300000,0x000000e3a0400000) (1024K)]
  0x00000248c0e54410 JavaThread "Unconstrained build operations Thread 28"        [_thread_blocked, id=36380, stack(0x000000e3a0400000,0x000000e3a0500000) (1024K)]
  0x00000248c0e57f20 JavaThread "Unconstrained build operations Thread 29"        [_thread_blocked, id=23164, stack(0x000000e3a0500000,0x000000e3a0600000) (1024K)]
  0x00000248c0e54aa0 JavaThread "Unconstrained build operations Thread 30"        [_thread_blocked, id=30744, stack(0x000000e3a0600000,0x000000e3a0700000) (1024K)]
  0x00000248c0e585b0 JavaThread "Unconstrained build operations Thread 31"        [_thread_blocked, id=14768, stack(0x000000e3a0700000,0x000000e3a0800000) (1024K)]
  0x00000248c0e55130 JavaThread "Unconstrained build operations Thread 32"        [_thread_blocked, id=18540, stack(0x000000e3a0800000,0x000000e3a0900000) (1024K)]
  0x00000248c0e592d0 JavaThread "Unconstrained build operations Thread 33"        [_thread_blocked, id=24776, stack(0x000000e3a0900000,0x000000e3a0a00000) (1024K)]
  0x00000248c0e5a680 JavaThread "Memory manager"                    [_thread_blocked, id=30636, stack(0x000000e3a0a00000,0x000000e3a0b00000) (1024K)]
  0x00000248c0e59960 JavaThread "build event listener"              [_thread_blocked, id=27392, stack(0x000000e3a0b00000,0x000000e3a0c00000) (1024K)]
Total: 69

Other Threads:
  0x000002489f4887a0 VMThread "VM Thread"                           [id=23180, stack(0x000000e39bd00000,0x000000e39be00000) (1024K)] _threads_hazard_ptr=0x00000248c13209c0
  0x000002489f477480 WatcherThread "VM Periodic Task Thread"        [id=21896, stack(0x000000e39bc00000,0x000000e39bd00000) (1024K)]
  0x0000024886949530 WorkerThread "GC Thread#0"                     [id=30356, stack(0x000000e39b700000,0x000000e39b800000) (1024K)]
  0x00000248bf0da0e0 WorkerThread "GC Thread#1"                     [id=33408, stack(0x000000e39c800000,0x000000e39c900000) (1024K)]
  0x00000248bf1368f0 WorkerThread "GC Thread#2"                     [id=37456, stack(0x000000e39c900000,0x000000e39ca00000) (1024K)]
  0x00000248bf81f0c0 WorkerThread "GC Thread#3"                     [id=29424, stack(0x000000e39ca00000,0x000000e39cb00000) (1024K)]
  0x00000248bf81f470 WorkerThread "GC Thread#4"                     [id=37180, stack(0x000000e39cb00000,0x000000e39cc00000) (1024K)]
  0x000002489f5b6c90 WorkerThread "GC Thread#5"                     [id=24844, stack(0x000000e39cc00000,0x000000e39cd00000) (1024K)]
  0x00000248c02e1ad0 WorkerThread "GC Thread#6"                     [id=30828, stack(0x000000e39db00000,0x000000e39dc00000) (1024K)]
  0x00000248c02e2d40 WorkerThread "GC Thread#7"                     [id=5712, stack(0x000000e39dc00000,0x000000e39dd00000) (1024K)]
  0x00000248c02e30f0 WorkerThread "GC Thread#8"                     [id=13080, stack(0x000000e39dd00000,0x000000e39de00000) (1024K)]
  0x00000248c02e1e80 WorkerThread "GC Thread#9"                     [id=26420, stack(0x000000e39de00000,0x000000e39df00000) (1024K)]
  0x000002488695ac40 ConcurrentGCThread "G1 Main Marker"            [id=33104, stack(0x000000e39b800000,0x000000e39b900000) (1024K)]
  0x000002488695b660 WorkerThread "G1 Conc#0"                       [id=6500, stack(0x000000e39b900000,0x000000e39ba00000) (1024K)]
  0x00000248c2277870 WorkerThread "G1 Conc#1"                       [id=4140, stack(0x000000e39df00000,0x000000e39e000000) (1024K)]
  0x00000248c2278e90 WorkerThread "G1 Conc#2"                       [id=14500, stack(0x000000e39e000000,0x000000e39e100000) (1024K)]
  0x000002489f3481c0 ConcurrentGCThread "G1 Refine#0"               [id=21856, stack(0x000000e39ba00000,0x000000e39bb00000) (1024K)]
  0x000002489f349a00 ConcurrentGCThread "G1 Service"                [id=29672, stack(0x000000e39bb00000,0x000000e39bc00000) (1024K)]
Total: 18

Threads with active compile tasks:
C2 CompilerThread0  89461 7588 %     4       org.gradle.internal.instantiation.generator.AbstractClassGenerator::inspectType @ 250 (560 bytes)
Total: 1

VM state: synchronizing (normal execution)

VM Mutex/Monitor currently owned by a thread:  ([mutex/lock_event])
[0x00007fff95d9f5b0] Threads_lock - owner thread: 0x000002489f4887a0

Heap address: 0x0000000080000000, size: 2048 MB, Compressed Oops mode: 32-bit

CDS archive(s) mapped at: [0x00000248a0000000-0x00000248a0ba0000-0x00000248a0ba0000), size 12189696, SharedBaseAddress: 0x00000248a0000000, ArchiveRelocationMode: 1.
Compressed class space mapped at: 0x00000248a1000000-0x00000248bb000000, reserved size: 436207616
Narrow klass base: 0x00000248a0000000, Narrow klass shift: 0, Narrow klass range: 0x100000000

GC Precious Log:
 CardTable entry size: 512
 Card Set container configuration: InlinePtr #cards 5 size 8 Array Of Cards #cards 12 size 40 Howl #buckets 4 coarsen threshold 1843 Howl Bitmap #cards 512 size 80 coarsen threshold 460 Card regions per heap region 1 cards per card region 2048
 CPUs: 12 total, 12 available
 Memory: 7832M
 Large Page Support: Disabled
 NUMA Support: Disabled
 Compressed Oops: Enabled (32-bit)
 Heap Region Size: 1M
 Heap Min Capacity: 8M
 Heap Initial Capacity: 124M
 Heap Max Capacity: 2G
 Pre-touch: Disabled
 Parallel Workers: 10
 Concurrent Workers: 3
 Concurrent Refinement Workers: 10
 Periodic GC: Disabled

Heap:
 garbage-first heap   total 100352K, used 68054K [0x0000000080000000, 0x0000000100000000)
  region size 1024K, 24 young (24576K), 5 survivors (5120K)
 Metaspace       used 62969K, committed 64832K, reserved 491520K
  class space    used 9273K, committed 10176K, reserved 425984K

Heap Regions: E=young(eden), S=young(survivor), O=old, HS=humongous(starts), HC=humongous(continues), CS=collection set, F=free, TAMS=top-at-mark-start, PB=parsable bottom
|   0|0x0000000080000000, 0x0000000080100000, 0x0000000080100000|100%| O|  |TAMS 0x0000000080000000| PB 0x0000000080000000| Untracked 
|   1|0x0000000080100000, 0x0000000080200000, 0x0000000080200000|100%| O|  |TAMS 0x0000000080100000| PB 0x0000000080100000| Untracked 
|   2|0x0000000080200000, 0x0000000080300000, 0x0000000080300000|100%|HS|  |TAMS 0x0000000080200000| PB 0x0000000080200000| Complete 
|   3|0x0000000080300000, 0x0000000080400000, 0x0000000080400000|100%|HC|  |TAMS 0x0000000080300000| PB 0x0000000080300000| Complete 
|   4|0x0000000080400000, 0x0000000080500000, 0x0000000080500000|100%|HC|  |TAMS 0x0000000080400000| PB 0x0000000080400000| Complete 
|   5|0x0000000080500000, 0x0000000080600000, 0x0000000080600000|100%| O|  |TAMS 0x0000000080500000| PB 0x0000000080500000| Untracked 
|   6|0x0000000080600000, 0x0000000080700000, 0x0000000080700000|100%| O|  |TAMS 0x0000000080600000| PB 0x0000000080600000| Untracked 
|   7|0x0000000080700000, 0x0000000080800000, 0x0000000080800000|100%| O|  |TAMS 0x0000000080700000| PB 0x0000000080700000| Untracked 
|   8|0x0000000080800000, 0x0000000080900000, 0x0000000080900000|100%|HS|  |TAMS 0x0000000080800000| PB 0x0000000080800000| Complete 
|   9|0x0000000080900000, 0x0000000080a00000, 0x0000000080a00000|100%| O|  |TAMS 0x0000000080900000| PB 0x0000000080900000| Untracked 
|  10|0x0000000080a00000, 0x0000000080b00000, 0x0000000080b00000|100%| O|  |TAMS 0x0000000080a00000| PB 0x0000000080a00000| Untracked 
|  11|0x0000000080b00000, 0x0000000080c00000, 0x0000000080c00000|100%| O|  |TAMS 0x0000000080b00000| PB 0x0000000080b00000| Untracked 
|  12|0x0000000080c00000, 0x0000000080d00000, 0x0000000080d00000|100%| O|  |TAMS 0x0000000080c00000| PB 0x0000000080c00000| Untracked 
|  13|0x0000000080d00000, 0x0000000080e00000, 0x0000000080e00000|100%| O|  |TAMS 0x0000000080d00000| PB 0x0000000080d00000| Untracked 
|  14|0x0000000080e00000, 0x0000000080f00000, 0x0000000080f00000|100%| O|  |TAMS 0x0000000080e00000| PB 0x0000000080e00000| Untracked 
|  15|0x0000000080f00000, 0x0000000081000000, 0x0000000081000000|100%| O|  |TAMS 0x0000000080f00000| PB 0x0000000080f00000| Untracked 
|  16|0x0000000081000000, 0x0000000081100000, 0x0000000081100000|100%| O|  |TAMS 0x0000000081000000| PB 0x0000000081000000| Untracked 
|  17|0x0000000081100000, 0x0000000081200000, 0x0000000081200000|100%| O|  |TAMS 0x0000000081100000| PB 0x0000000081100000| Untracked 
|  18|0x0000000081200000, 0x0000000081300000, 0x0000000081300000|100%| O|  |TAMS 0x0000000081200000| PB 0x0000000081200000| Untracked 
|  19|0x0000000081300000, 0x0000000081400000, 0x0000000081400000|100%| O|  |TAMS 0x0000000081300000| PB 0x0000000081300000| Untracked 
|  20|0x0000000081400000, 0x0000000081500000, 0x0000000081500000|100%| O|  |TAMS 0x0000000081400000| PB 0x0000000081400000| Untracked 
|  21|0x0000000081500000, 0x0000000081600000, 0x0000000081600000|100%| O|  |TAMS 0x0000000081500000| PB 0x0000000081500000| Untracked 
|  22|0x0000000081600000, 0x0000000081700000, 0x0000000081700000|100%| O|  |TAMS 0x0000000081600000| PB 0x0000000081600000| Untracked 
|  23|0x0000000081700000, 0x0000000081800000, 0x0000000081800000|100%| O|  |TAMS 0x0000000081700000| PB 0x0000000081700000| Untracked 
|  24|0x0000000081800000, 0x0000000081900000, 0x0000000081900000|100%| O|  |TAMS 0x0000000081800000| PB 0x0000000081800000| Untracked 
|  25|0x0000000081900000, 0x0000000081a00000, 0x0000000081a00000|100%| O|  |TAMS 0x0000000081900000| PB 0x0000000081900000| Untracked 
|  26|0x0000000081a00000, 0x0000000081b00000, 0x0000000081b00000|100%| O|  |TAMS 0x0000000081a00000| PB 0x0000000081a00000| Untracked 
|  27|0x0000000081b00000, 0x0000000081c00000, 0x0000000081c00000|100%| O|  |TAMS 0x0000000081b00000| PB 0x0000000081b00000| Untracked 
|  28|0x0000000081c00000, 0x0000000081d00000, 0x0000000081d00000|100%| O|  |TAMS 0x0000000081c00000| PB 0x0000000081c00000| Untracked 
|  29|0x0000000081d00000, 0x0000000081e00000, 0x0000000081e00000|100%| O|  |TAMS 0x0000000081d00000| PB 0x0000000081d00000| Untracked 
|  30|0x0000000081e00000, 0x0000000081f00000, 0x0000000081f00000|100%| O|  |TAMS 0x0000000081e00000| PB 0x0000000081e00000| Untracked 
|  31|0x0000000081f00000, 0x0000000082000000, 0x0000000082000000|100%| O|  |TAMS 0x0000000081f00000| PB 0x0000000081f00000| Untracked 
|  32|0x0000000082000000, 0x0000000082100000, 0x0000000082100000|100%| O|Cm|TAMS 0x0000000082000000| PB 0x0000000082000000| Complete 
|  33|0x0000000082100000, 0x0000000082200000, 0x0000000082200000|100%| O|  |TAMS 0x0000000082100000| PB 0x0000000082100000| Untracked 
|  34|0x0000000082200000, 0x0000000082300000, 0x0000000082300000|100%|HS|  |TAMS 0x0000000082200000| PB 0x0000000082200000| Complete 
|  35|0x0000000082300000, 0x0000000082400000, 0x0000000082400000|100%|HC|  |TAMS 0x0000000082300000| PB 0x0000000082300000| Complete 
|  36|0x0000000082400000, 0x0000000082500000, 0x0000000082500000|100%|HS|  |TAMS 0x0000000082400000| PB 0x0000000082400000| Complete 
|  37|0x0000000082500000, 0x0000000082600000, 0x0000000082600000|100%|HC|  |TAMS 0x0000000082500000| PB 0x0000000082500000| Complete 
|  38|0x0000000082600000, 0x0000000082700000, 0x0000000082700000|100%| O|  |TAMS 0x0000000082600000| PB 0x0000000082600000| Untracked 
|  39|0x0000000082700000, 0x0000000082700000, 0x0000000082800000|  0%| F|  |TAMS 0x0000000082700000| PB 0x0000000082700000| Untracked 
|  40|0x0000000082800000, 0x0000000082900000, 0x0000000082900000|100%| O|  |TAMS 0x0000000082800000| PB 0x0000000082800000| Untracked 
|  41|0x0000000082900000, 0x0000000082900000, 0x0000000082a00000|  0%| F|  |TAMS 0x0000000082900000| PB 0x0000000082900000| Untracked 
|  42|0x0000000082a00000, 0x0000000082ac2268, 0x0000000082b00000| 75%| S|CS|TAMS 0x0000000082a00000| PB 0x0000000082a00000| Complete 
|  43|0x0000000082b00000, 0x0000000082c00000, 0x0000000082c00000|100%| O|  |TAMS 0x0000000082b00000| PB 0x0000000082b00000| Untracked 
|  44|0x0000000082c00000, 0x0000000082cb3790, 0x0000000082d00000| 70%| O|  |TAMS 0x0000000082c00000| PB 0x0000000082c00000| Untracked 
|  45|0x0000000082d00000, 0x0000000082e00000, 0x0000000082e00000|100%| S|CS|TAMS 0x0000000082d00000| PB 0x0000000082d00000| Complete 
|  46|0x0000000082e00000, 0x0000000082f00000, 0x0000000082f00000|100%| S|CS|TAMS 0x0000000082e00000| PB 0x0000000082e00000| Complete 
|  47|0x0000000082f00000, 0x0000000083000000, 0x0000000083000000|100%| S|CS|TAMS 0x0000000082f00000| PB 0x0000000082f00000| Complete 
|  48|0x0000000083000000, 0x0000000083100000, 0x0000000083100000|100%| S|CS|TAMS 0x0000000083000000| PB 0x0000000083000000| Complete 
|  49|0x0000000083100000, 0x0000000083100000, 0x0000000083200000|  0%| F|  |TAMS 0x0000000083100000| PB 0x0000000083100000| Untracked 
|  50|0x0000000083200000, 0x0000000083200000, 0x0000000083300000|  0%| F|  |TAMS 0x0000000083200000| PB 0x0000000083200000| Untracked 
|  51|0x0000000083300000, 0x0000000083300000, 0x0000000083400000|  0%| F|  |TAMS 0x0000000083300000| PB 0x0000000083300000| Untracked 
|  52|0x0000000083400000, 0x0000000083400000, 0x0000000083500000|  0%| F|  |TAMS 0x0000000083400000| PB 0x0000000083400000| Untracked 
|  53|0x0000000083500000, 0x0000000083500000, 0x0000000083600000|  0%| F|  |TAMS 0x0000000083500000| PB 0x0000000083500000| Untracked 
|  54|0x0000000083600000, 0x0000000083600000, 0x0000000083700000|  0%| F|  |TAMS 0x0000000083600000| PB 0x0000000083600000| Untracked 
|  55|0x0000000083700000, 0x0000000083700000, 0x0000000083800000|  0%| F|  |TAMS 0x0000000083700000| PB 0x0000000083700000| Untracked 
|  56|0x0000000083800000, 0x0000000083800000, 0x0000000083900000|  0%| F|  |TAMS 0x0000000083800000| PB 0x0000000083800000| Untracked 
|  57|0x0000000083900000, 0x0000000083900000, 0x0000000083a00000|  0%| F|  |TAMS 0x0000000083900000| PB 0x0000000083900000| Untracked 
|  58|0x0000000083a00000, 0x0000000083a00000, 0x0000000083b00000|  0%| F|  |TAMS 0x0000000083a00000| PB 0x0000000083a00000| Untracked 
|  59|0x0000000083b00000, 0x0000000083b00000, 0x0000000083c00000|  0%| F|  |TAMS 0x0000000083b00000| PB 0x0000000083b00000| Untracked 
|  60|0x0000000083c00000, 0x0000000083c00000, 0x0000000083d00000|  0%| F|  |TAMS 0x0000000083c00000| PB 0x0000000083c00000| Untracked 
|  61|0x0000000083d00000, 0x0000000083d00000, 0x0000000083e00000|  0%| F|  |TAMS 0x0000000083d00000| PB 0x0000000083d00000| Untracked 
|  62|0x0000000083e00000, 0x0000000083e00000, 0x0000000083f00000|  0%| F|  |TAMS 0x0000000083e00000| PB 0x0000000083e00000| Untracked 
|  63|0x0000000083f00000, 0x0000000083f00000, 0x0000000084000000|  0%| F|  |TAMS 0x0000000083f00000| PB 0x0000000083f00000| Untracked 
|  64|0x0000000084000000, 0x0000000084000000, 0x0000000084100000|  0%| F|  |TAMS 0x0000000084000000| PB 0x0000000084000000| Untracked 
|  65|0x0000000084100000, 0x0000000084100000, 0x0000000084200000|  0%| F|  |TAMS 0x0000000084100000| PB 0x0000000084100000| Untracked 
|  66|0x0000000084200000, 0x0000000084200000, 0x0000000084300000|  0%| F|  |TAMS 0x0000000084200000| PB 0x0000000084200000| Untracked 
|  67|0x0000000084300000, 0x0000000084300000, 0x0000000084400000|  0%| F|  |TAMS 0x0000000084300000| PB 0x0000000084300000| Untracked 
|  68|0x0000000084400000, 0x0000000084400000, 0x0000000084500000|  0%| F|  |TAMS 0x0000000084400000| PB 0x0000000084400000| Untracked 
|  69|0x0000000084500000, 0x0000000084500000, 0x0000000084600000|  0%| F|  |TAMS 0x0000000084500000| PB 0x0000000084500000| Untracked 
|  70|0x0000000084600000, 0x0000000084600000, 0x0000000084700000|  0%| F|  |TAMS 0x0000000084600000| PB 0x0000000084600000| Untracked 
|  71|0x0000000084700000, 0x0000000084700000, 0x0000000084800000|  0%| F|  |TAMS 0x0000000084700000| PB 0x0000000084700000| Untracked 
|  72|0x0000000084800000, 0x0000000084800000, 0x0000000084900000|  0%| F|  |TAMS 0x0000000084800000| PB 0x0000000084800000| Untracked 
|  73|0x0000000084900000, 0x0000000084900000, 0x0000000084a00000|  0%| F|  |TAMS 0x0000000084900000| PB 0x0000000084900000| Untracked 
|  74|0x0000000084a00000, 0x0000000084a00000, 0x0000000084b00000|  0%| F|  |TAMS 0x0000000084a00000| PB 0x0000000084a00000| Untracked 
|  75|0x0000000084b00000, 0x0000000084b00000, 0x0000000084c00000|  0%| F|  |TAMS 0x0000000084b00000| PB 0x0000000084b00000| Untracked 
|  76|0x0000000084c00000, 0x0000000084c00000, 0x0000000084d00000|  0%| F|  |TAMS 0x0000000084c00000| PB 0x0000000084c00000| Untracked 
|  77|0x0000000084d00000, 0x0000000084e00000, 0x0000000084e00000|100%| E|  |TAMS 0x0000000084d00000| PB 0x0000000084d00000| Complete 
|  78|0x0000000084e00000, 0x0000000084f00000, 0x0000000084f00000|100%| E|CS|TAMS 0x0000000084e00000| PB 0x0000000084e00000| Complete 
|  79|0x0000000084f00000, 0x0000000085000000, 0x0000000085000000|100%| E|CS|TAMS 0x0000000084f00000| PB 0x0000000084f00000| Complete 
|  80|0x0000000085000000, 0x0000000085100000, 0x0000000085100000|100%| E|CS|TAMS 0x0000000085000000| PB 0x0000000085000000| Complete 
|  81|0x0000000085100000, 0x0000000085200000, 0x0000000085200000|100%| E|CS|TAMS 0x0000000085100000| PB 0x0000000085100000| Complete 
|  82|0x0000000085200000, 0x0000000085300000, 0x0000000085300000|100%| E|CS|TAMS 0x0000000085200000| PB 0x0000000085200000| Complete 
|  83|0x0000000085300000, 0x0000000085400000, 0x0000000085400000|100%| E|CS|TAMS 0x0000000085300000| PB 0x0000000085300000| Complete 
|  84|0x0000000085400000, 0x0000000085500000, 0x0000000085500000|100%| E|CS|TAMS 0x0000000085400000| PB 0x0000000085400000| Complete 
|  85|0x0000000085500000, 0x0000000085600000, 0x0000000085600000|100%| E|CS|TAMS 0x0000000085500000| PB 0x0000000085500000| Complete 
|  86|0x0000000085600000, 0x0000000085700000, 0x0000000085700000|100%| E|CS|TAMS 0x0000000085600000| PB 0x0000000085600000| Complete 
|  87|0x0000000085700000, 0x0000000085800000, 0x0000000085800000|100%| E|CS|TAMS 0x0000000085700000| PB 0x0000000085700000| Complete 
|  88|0x0000000085800000, 0x0000000085900000, 0x0000000085900000|100%| E|CS|TAMS 0x0000000085800000| PB 0x0000000085800000| Complete 
|  89|0x0000000085900000, 0x0000000085a00000, 0x0000000085a00000|100%| E|CS|TAMS 0x0000000085900000| PB 0x0000000085900000| Complete 
|  90|0x0000000085a00000, 0x0000000085b00000, 0x0000000085b00000|100%| E|CS|TAMS 0x0000000085a00000| PB 0x0000000085a00000| Complete 
|  91|0x0000000085b00000, 0x0000000085c00000, 0x0000000085c00000|100%| E|CS|TAMS 0x0000000085b00000| PB 0x0000000085b00000| Complete 
|  99|0x0000000086300000, 0x0000000086400000, 0x0000000086400000|100%| E|CS|TAMS 0x0000000086300000| PB 0x0000000086300000| Complete 
| 100|0x0000000086400000, 0x0000000086500000, 0x0000000086500000|100%| E|CS|TAMS 0x0000000086400000| PB 0x0000000086400000| Complete 
| 101|0x0000000086500000, 0x0000000086600000, 0x0000000086600000|100%| E|CS|TAMS 0x0000000086500000| PB 0x0000000086500000| Complete 
| 123|0x0000000087b00000, 0x0000000087c00000, 0x0000000087c00000|100%| E|CS|TAMS 0x0000000087b00000| PB 0x0000000087b00000| Complete 
|2046|0x00000000ffe00000, 0x00000000fff00000, 0x00000000fff00000|100%| O|  |TAMS 0x00000000ffe00000| PB 0x00000000ffe00000| Untracked 
|2047|0x00000000fff00000, 0x0000000100000000, 0x0000000100000000|100%| O|  |TAMS 0x00000000fff00000| PB 0x00000000fff00000| Untracked 

Card table byte_map: [0x000002489a440000,0x000002489a840000] _byte_map_base: 0x000002489a040000

Marking Bits: (CMBitMap*) 0x000002488694a360
 Bits: [0x000002489a840000, 0x000002489c840000)

Polling page: 0x0000024884760000

Metaspace:

Usage:
  Non-class:     52.44 MB used.
      Class:      9.06 MB used.
       Both:     61.49 MB used.

Virtual space:
  Non-class space:       64.00 MB reserved,      53.38 MB ( 83%) committed,  1 nodes.
      Class space:      416.00 MB reserved,       9.94 MB (  2%) committed,  1 nodes.
             Both:      480.00 MB reserved,      63.31 MB ( 13%) committed. 

Chunk freelists:
   Non-Class:  9.81 MB
       Class:  6.00 MB
        Both:  15.81 MB

MaxMetaspaceSize: 512.00 MB
CompressedClassSpaceSize: 416.00 MB
Initial GC threshold: 21.00 MB
Current GC threshold: 97.94 MB
CDS: on
 - commit_granule_bytes: 65536.
 - commit_granule_words: 8192.
 - virtual_space_node_default_size: 8388608.
 - enlarge_chunks_in_place: 1.
 - use_allocation_guard: 0.


Internal statistics:

num_allocs_failed_limit: 9.
num_arena_births: 3474.
num_arena_deaths: 2.
num_vsnodes_births: 2.
num_vsnodes_deaths: 0.
num_space_committed: 1013.
num_space_uncommitted: 0.
num_chunks_returned_to_freelist: 12.
num_chunks_taken_from_freelist: 6531.
num_chunk_merges: 6.
num_chunk_splits: 4212.
num_chunks_enlarged: 2530.
num_inconsistent_stats: 0.

CodeHeap 'non-profiled nmethods': size=128192Kb used=3721Kb max_used=3768Kb free=124470Kb
 bounds [0x0000024891dc0000, 0x0000024892170000, 0x0000024899af0000]
CodeHeap 'profiled nmethods': size=128192Kb used=12751Kb max_used=12751Kb free=115440Kb
 bounds [0x0000024889af0000, 0x000002488a770000, 0x0000024891820000]
CodeHeap 'non-nmethods': size=5760Kb used=1928Kb max_used=1946Kb free=3831Kb
 bounds [0x0000024891820000, 0x0000024891a90000, 0x0000024891dc0000]
CodeCache: size=262144Kb, used=18400Kb, max_used=18465Kb, free=243741Kb
 total_blobs=7623, nmethods=6830, adapters=697, full_count=0
Compilation: enabled, stopped_count=0, restarted_count=0

Compilation events (20 events):
Event: 89.246 Thread 0x000002489f4ba700 7604       3       org.gradle.api.internal.artifacts.configurations.DefaultUnlockedConfiguration_Decorated::getName (40 bytes)
Event: 89.246 Thread 0x000002489f4ba700 nmethod 7604 0x000002488a75f690 code [0x000002488a75f860, 0x000002488a75fbd8]
Event: 89.248 Thread 0x000002489f4ba700 7605       3       org.gradle.api.internal.artifacts.ivyservice.moduleconverter.DefaultRootComponentMetadataBuilder$MetadataHolder::currentValue (23 bytes)
Event: 89.248 Thread 0x000002489f4ba700 nmethod 7605 0x000002488a75fd10 code [0x000002488a75fee0, 0x000002488a760218]
Event: 89.248 Thread 0x000002489f4ba700 7606       3       org.gradle.api.internal.artifacts.ivyservice.moduleconverter.DefaultRootComponentMetadataBuilder$MetadataHolder::validateMutation (23 bytes)
Event: 89.249 Thread 0x000002489f4ba700 nmethod 7606 0x000002488a760310 code [0x000002488a760540, 0x000002488a760ce0]
Event: 89.249 Thread 0x000002489f4ba700 7607       3       java.util.regex.Pattern$$Lambda/0x800000030::is (9 bytes)
Event: 89.250 Thread 0x000002489f4ba700 nmethod 7607 0x000002488a761010 code [0x000002488a7611c0, 0x000002488a761440]
Event: 89.250 Thread 0x000002489f4ba700 7608       3       java.util.regex.Pattern::lambda$negate$7 (16 bytes)
Event: 89.250 Thread 0x000002489f4ba700 nmethod 7608 0x000002488a761510 code [0x000002488a7616c0, 0x000002488a7618c8]
Event: 89.250 Thread 0x000002489f4ba700 7609       3       org.gradle.internal.instantiation.generator.ManagedObjectFactory$ManagedPropertyName::<init> (15 bytes)
Event: 89.251 Thread 0x000002489f4ba700 nmethod 7609 0x000002488a761990 code [0x000002488a761b40, 0x000002488a761d60]
Event: 89.251 Thread 0x000002489f4ba700 7610       3       org.gradle.internal.serialization.Cached::of (9 bytes)
Event: 89.251 Thread 0x000002489f4ba700 nmethod 7610 0x000002488a761e10 code [0x000002488a761fc0, 0x000002488a762288]
Event: 89.251 Thread 0x000002489f4ba700 7611       3       org.gradle.api.reflect.TypeOf::equals (33 bytes)
Event: 89.251 Thread 0x000002489f4ba700 nmethod 7611 0x000002488a762390 code [0x000002488a762580, 0x000002488a762c60]
Event: 89.295 Thread 0x000002489f4ba700 7612       3       com.google.common.collect.Maps::capacity (36 bytes)
Event: 89.295 Thread 0x000002489f4ba700 nmethod 7612 0x000002488a762e10 code [0x000002488a763000, 0x000002488a7632a0]
Event: 89.302 Thread 0x000002489f4ba700 7613       3       kotlin.reflect.jvm.internal.ClassValueCache::get (71 bytes)
Event: 89.303 Thread 0x000002489f4ba700 nmethod 7613 0x000002488a763390 code [0x000002488a763660, 0x000002488a764498]

GC Heap History (20 events):
Event: 55.566 GC heap before
{Heap before GC invocations=6 (full 0):
 garbage-first heap   total 89088K, used 86828K [0x0000000080000000, 0x0000000100000000)
  region size 1024K, 64 young (65536K), 3 survivors (3072K)
 Metaspace       used 31248K, committed 32192K, reserved 491520K
  class space    used 4488K, committed 4928K, reserved 425984K
}
Event: 55.576 GC heap after
{Heap after GC invocations=7 (full 0):
 garbage-first heap   total 96256K, used 29542K [0x0000000080000000, 0x0000000100000000)
  region size 1024K, 7 young (7168K), 7 survivors (7168K)
 Metaspace       used 31248K, committed 32192K, reserved 491520K
  class space    used 4488K, committed 4928K, reserved 425984K
}
Event: 57.452 GC heap before
{Heap before GC invocations=7 (full 0):
 garbage-first heap   total 96256K, used 81766K [0x0000000080000000, 0x0000000100000000)
  region size 1024K, 56 young (57344K), 7 survivors (7168K)
 Metaspace       used 33988K, committed 35008K, reserved 491520K
  class space    used 4754K, committed 5248K, reserved 425984K
}
Event: 57.463 GC heap after
{Heap after GC invocations=8 (full 0):
 garbage-first heap   total 96256K, used 31775K [0x0000000080000000, 0x0000000100000000)
  region size 1024K, 3 young (3072K), 3 survivors (3072K)
 Metaspace       used 33988K, committed 35008K, reserved 491520K
  class space    used 4754K, committed 5248K, reserved 425984K
}
Event: 58.550 GC heap before
{Heap before GC invocations=8 (full 0):
 garbage-first heap   total 96256K, used 44063K [0x0000000080000000, 0x0000000100000000)
  region size 1024K, 16 young (16384K), 3 survivors (3072K)
 Metaspace       used 34910K, committed 35968K, reserved 491520K
  class space    used 4917K, committed 5440K, reserved 425984K
}
Event: 58.556 GC heap after
{Heap after GC invocations=9 (full 0):
 garbage-first heap   total 96256K, used 32346K [0x0000000080000000, 0x0000000100000000)
  region size 1024K, 4 young (4096K), 4 survivors (4096K)
 Metaspace       used 34910K, committed 35968K, reserved 491520K
  class space    used 4917K, committed 5440K, reserved 425984K
}
Event: 62.397 GC heap before
{Heap before GC invocations=10 (full 0):
 garbage-first heap   total 96256K, used 83546K [0x0000000080000000, 0x0000000100000000)
  region size 1024K, 54 young (55296K), 4 survivors (4096K)
 Metaspace       used 40661K, committed 42240K, reserved 491520K
  class space    used 5898K, committed 6656K, reserved 425984K
}
Event: 62.508 GC heap after
{Heap after GC invocations=11 (full 0):
 garbage-first heap   total 96256K, used 34322K [0x0000000080000000, 0x0000000100000000)
  region size 1024K, 6 young (6144K), 6 survivors (6144K)
 Metaspace       used 40661K, committed 42240K, reserved 491520K
  class space    used 5898K, committed 6656K, reserved 425984K
}
Event: 71.194 GC heap before
{Heap before GC invocations=11 (full 0):
 garbage-first heap   total 96256K, used 84498K [0x0000000080000000, 0x0000000100000000)
  region size 1024K, 55 young (56320K), 6 survivors (6144K)
 Metaspace       used 43971K, committed 45568K, reserved 491520K
  class space    used 6466K, committed 7232K, reserved 425984K
}
Event: 71.203 GC heap after
{Heap after GC invocations=12 (full 0):
 garbage-first heap   total 96256K, used 35675K [0x0000000080000000, 0x0000000100000000)
  region size 1024K, 6 young (6144K), 6 survivors (6144K)
 Metaspace       used 43971K, committed 45568K, reserved 491520K
  class space    used 6466K, committed 7232K, reserved 425984K
}
Event: 77.964 GC heap before
{Heap before GC invocations=12 (full 0):
 garbage-first heap   total 96256K, used 85851K [0x0000000080000000, 0x0000000100000000)
  region size 1024K, 55 young (56320K), 6 survivors (6144K)
 Metaspace       used 48365K, committed 50112K, reserved 491520K
  class space    used 7139K, committed 8000K, reserved 425984K
}
Event: 77.975 GC heap after
{Heap after GC invocations=13 (full 0):
 garbage-first heap   total 96256K, used 39704K [0x0000000080000000, 0x0000000100000000)
  region size 1024K, 6 young (6144K), 6 survivors (6144K)
 Metaspace       used 48365K, committed 50112K, reserved 491520K
  class space    used 7139K, committed 8000K, reserved 425984K
}
Event: 79.872 GC heap before
{Heap before GC invocations=13 (full 0):
 garbage-first heap   total 96256K, used 85784K [0x0000000080000000, 0x0000000100000000)
  region size 1024K, 52 young (53248K), 6 survivors (6144K)
 Metaspace       used 51628K, committed 53440K, reserved 491520K
  class space    used 7682K, committed 8576K, reserved 425984K
}
Event: 79.880 GC heap after
{Heap after GC invocations=14 (full 0):
 garbage-first heap   total 96256K, used 40753K [0x0000000080000000, 0x0000000100000000)
  region size 1024K, 5 young (5120K), 5 survivors (5120K)
 Metaspace       used 51628K, committed 53440K, reserved 491520K
  class space    used 7682K, committed 8576K, reserved 425984K
}
Event: 86.007 GC heap before
{Heap before GC invocations=14 (full 0):
 garbage-first heap   total 96256K, used 91953K [0x0000000080000000, 0x0000000100000000)
  region size 1024K, 51 young (52224K), 5 survivors (5120K)
 Metaspace       used 56317K, committed 58176K, reserved 491520K
  class space    used 8359K, committed 9280K, reserved 425984K
}
Event: 86.016 GC heap after
{Heap after GC invocations=15 (full 0):
 garbage-first heap   total 100352K, used 47305K [0x0000000080000000, 0x0000000100000000)
  region size 1024K, 5 young (5120K), 5 survivors (5120K)
 Metaspace       used 56317K, committed 58176K, reserved 491520K
  class space    used 8359K, committed 9280K, reserved 425984K
}
Event: 86.614 GC heap before
{Heap before GC invocations=15 (full 0):
 garbage-first heap   total 100352K, used 60617K [0x0000000080000000, 0x0000000100000000)
  region size 1024K, 19 young (19456K), 5 survivors (5120K)
 Metaspace       used 58230K, committed 60096K, reserved 491520K
  class space    used 8591K, committed 9536K, reserved 425984K
}
Event: 86.622 GC heap after
{Heap after GC invocations=16 (full 0):
 garbage-first heap   total 100352K, used 48040K [0x0000000080000000, 0x0000000100000000)
  region size 1024K, 4 young (4096K), 4 survivors (4096K)
 Metaspace       used 58230K, committed 60096K, reserved 491520K
  class space    used 8591K, committed 9536K, reserved 425984K
}
Event: 88.415 GC heap before
{Heap before GC invocations=17 (full 0):
 garbage-first heap   total 100352K, used 92072K [0x0000000080000000, 0x0000000100000000)
  region size 1024K, 47 young (48128K), 4 survivors (4096K)
 Metaspace       used 61682K, committed 63616K, reserved 491520K
  class space    used 9104K, committed 10048K, reserved 425984K
}
Event: 88.421 GC heap after
{Heap after GC invocations=18 (full 0):
 garbage-first heap   total 100352K, used 49622K [0x0000000080000000, 0x0000000100000000)
  region size 1024K, 5 young (5120K), 5 survivors (5120K)
 Metaspace       used 61682K, committed 63616K, reserved 491520K
  class space    used 9104K, committed 10048K, reserved 425984K
}

Dll operation events (20 events):
Event: 2.105 Attempting to load shared library C:\Users\user5\.vscode\extensions\redhat.java-1.56.0-win32-x64\jre\21.0.12.1-win32-x86_64\bin\zip.dll
Event: 2.105 Loaded shared library C:\Users\user5\.vscode\extensions\redhat.java-1.56.0-win32-x64\jre\21.0.12.1-win32-x86_64\bin\zip.dll
Event: 6.736 Attempting to load shared library C:\Users\user5\.vscode\extensions\redhat.java-1.56.0-win32-x64\jre\21.0.12.1-win32-x86_64\bin\jimage.dll
Event: 6.737 Loaded shared library C:\Users\user5\.vscode\extensions\redhat.java-1.56.0-win32-x64\jre\21.0.12.1-win32-x86_64\bin\jimage.dll
Event: 11.491 Attempting to load shared library C:\Users\user5\.vscode\extensions\redhat.java-1.56.0-win32-x64\jre\21.0.12.1-win32-x86_64\bin\verify.dll
Event: 11.508 Loaded shared library C:\Users\user5\.vscode\extensions\redhat.java-1.56.0-win32-x64\jre\21.0.12.1-win32-x86_64\bin\verify.dll
Event: 16.954 Attempting to load shared library D:\gradle_cache\native\1def1411415f61bf3af743bc5b6707747c0891f09f0c88961ee8f79bc544acac\windows-amd64\native-platform.dll
Event: 17.417 Loaded shared library D:\gradle_cache\native\1def1411415f61bf3af743bc5b6707747c0891f09f0c88961ee8f79bc544acac\windows-amd64\native-platform.dll
Event: 17.585 Attempting to load shared library D:\gradle_cache\native\0.2.5\x86_64-windows-gnu\gradle-fileevents.dll
Event: 17.790 Loaded shared library D:\gradle_cache\native\0.2.5\x86_64-windows-gnu\gradle-fileevents.dll
Event: 27.246 Attempting to load shared library C:\Users\user5\.vscode\extensions\redhat.java-1.56.0-win32-x64\jre\21.0.12.1-win32-x86_64\bin\management.dll
Event: 27.249 Loaded shared library C:\Users\user5\.vscode\extensions\redhat.java-1.56.0-win32-x64\jre\21.0.12.1-win32-x86_64\bin\management.dll
Event: 27.257 Attempting to load shared library C:\Users\user5\.vscode\extensions\redhat.java-1.56.0-win32-x64\jre\21.0.12.1-win32-x86_64\bin\management_ext.dll
Event: 27.263 Loaded shared library C:\Users\user5\.vscode\extensions\redhat.java-1.56.0-win32-x64\jre\21.0.12.1-win32-x86_64\bin\management_ext.dll
Event: 29.480 Attempting to load shared library C:\Users\user5\.vscode\extensions\redhat.java-1.56.0-win32-x64\jre\21.0.12.1-win32-x86_64\bin\extnet.dll
Event: 29.495 Loaded shared library C:\Users\user5\.vscode\extensions\redhat.java-1.56.0-win32-x64\jre\21.0.12.1-win32-x86_64\bin\extnet.dll
Event: 30.773 Attempting to load shared library C:\Users\user5\.vscode\extensions\redhat.java-1.56.0-win32-x64\jre\21.0.12.1-win32-x86_64\bin\sunmscapi.dll
Event: 30.838 Loaded shared library C:\Users\user5\.vscode\extensions\redhat.java-1.56.0-win32-x64\jre\21.0.12.1-win32-x86_64\bin\sunmscapi.dll
Event: 36.673 Attempting to load shared library D:\temp\native-platform10470928122429015159dir\gradle-fileevents.dll
Event: 45.467 Loaded shared library D:\temp\native-platform10470928122429015159dir\gradle-fileevents.dll

Deoptimization events (20 events):
Event: 86.899 Thread 0x00000248c051f3a0 Uncommon trap: trap_request=0xffffff45 fr.pc=0x0000024891fed758 relative=0x00000000000000b8
Event: 86.899 Thread 0x00000248c051f3a0 Uncommon trap: reason=unstable_if action=reinterpret pc=0x0000024891fed758 method=jdk.internal.util.xml.impl.Parser.bappend(CC)V @ 1 c2
Event: 86.899 Thread 0x00000248c051f3a0 DEOPT PACKING pc=0x0000024891fed758 sp=0x000000e39d3f1fe0
Event: 86.899 Thread 0x00000248c051f3a0 DEOPT UNPACKING pc=0x0000024891874422 sp=0x000000e39d3f1f68 mode 2
Event: 86.899 Thread 0x00000248c051f3a0 Uncommon trap: trap_request=0xffffff45 fr.pc=0x0000024891fedb14 relative=0x0000000000000074
Event: 86.899 Thread 0x00000248c051f3a0 Uncommon trap: reason=unstable_if action=reinterpret pc=0x0000024891fedb14 method=jdk.internal.util.xml.impl.Parser.ensureCapacity(I)V @ 40 c2
Event: 86.899 Thread 0x00000248c051f3a0 DEOPT PACKING pc=0x0000024891fedb14 sp=0x000000e39d3f1fe0
Event: 86.899 Thread 0x00000248c051f3a0 DEOPT UNPACKING pc=0x0000024891874422 sp=0x000000e39d3f1f58 mode 2
Event: 87.036 Thread 0x00000248c051f3a0 Uncommon trap: trap_request=0xffffff45 fr.pc=0x0000024891f5607c relative=0x00000000000000bc
Event: 87.036 Thread 0x00000248c051f3a0 Uncommon trap: reason=unstable_if action=reinterpret pc=0x0000024891f5607c method=java.lang.invoke.LambdaForm$BasicType.basicType(C)Ljava/lang/invoke/LambdaForm$BasicType; @ 1 c2
Event: 87.036 Thread 0x00000248c051f3a0 DEOPT PACKING pc=0x0000024891f5607c sp=0x000000e39d3f2710
Event: 87.036 Thread 0x00000248c051f3a0 DEOPT UNPACKING pc=0x0000024891874422 sp=0x000000e39d3f2640 mode 2
Event: 87.352 Thread 0x00000248c051f3a0 Uncommon trap: trap_request=0xfffffff4 fr.pc=0x000002489209e178 relative=0x0000000000000558
Event: 87.352 Thread 0x00000248c051f3a0 Uncommon trap: reason=null_check action=make_not_entrant pc=0x000002489209e178 method=org.gradle.util.internal.SimpleMapInterner.intern(Ljava/lang/Object;)Ljava/lang/Object; @ 2 c2
Event: 87.352 Thread 0x00000248c051f3a0 DEOPT PACKING pc=0x000002489209e178 sp=0x000000e39d3f3860
Event: 87.352 Thread 0x00000248c051f3a0 DEOPT UNPACKING pc=0x0000024891874422 sp=0x000000e39d3f3818 mode 2
Event: 87.352 Thread 0x00000248c051f3a0 Uncommon trap: trap_request=0xffffff45 fr.pc=0x000002489209eee0 relative=0x0000000000000540
Event: 87.352 Thread 0x00000248c051f3a0 Uncommon trap: reason=unstable_if action=reinterpret pc=0x000002489209eee0 method=org.gradle.util.internal.SimpleMapInterner.intern(Ljava/lang/String;)Ljava/lang/String; @ 1 c2
Event: 87.352 Thread 0x00000248c051f3a0 DEOPT PACKING pc=0x000002489209eee0 sp=0x000000e39d3f37f0
Event: 87.352 Thread 0x00000248c051f3a0 DEOPT UNPACKING pc=0x0000024891874422 sp=0x000000e39d3f37a8 mode 2

Classes loaded (20 events):
Event: 86.956 Loading class jdk/jfr/FlightRecorder
Event: 86.957 Loading class jdk/jfr/FlightRecorder done
Event: 86.957 Loading class jdk/management/jfr/FlightRecorderMXBeanImpl$MXBeanListener
Event: 86.957 Loading class jdk/jfr/FlightRecorderListener
Event: 86.957 Loading class jdk/jfr/FlightRecorderListener done
Event: 86.957 Loading class jdk/management/jfr/FlightRecorderMXBeanImpl$MXBeanListener done
Event: 87.035 Loading class com/sun/jmx/mbeanserver/StandardMBeanSupport
Event: 87.035 Loading class com/sun/jmx/mbeanserver/StandardMBeanSupport done
Event: 87.035 Loading class com/sun/jmx/mbeanserver/StandardMBeanIntrospector
Event: 87.035 Loading class com/sun/jmx/mbeanserver/StandardMBeanIntrospector done
Event: 87.145 Loading class jdk/internal/reflect/MethodHandleLongFieldAccessorImpl
Event: 87.145 Loading class jdk/internal/reflect/MethodHandleLongFieldAccessorImpl done
Event: 87.150 Loading class java/io/SerialCallbackContext
Event: 87.151 Loading class java/io/SerialCallbackContext done
Event: 87.190 Loading class java/io/ObjectStreamClass$ExceptionInfo
Event: 87.191 Loading class java/io/ObjectStreamClass$ExceptionInfo done
Event: 87.200 Loading class java/util/HashMap$UnsafeHolder
Event: 87.200 Loading class java/util/HashMap$UnsafeHolder done
Event: 87.594 Loading class java/lang/foreign/MemorySegment
Event: 87.595 Loading class java/lang/foreign/MemorySegment done

Classes unloaded (1 events):
Event: 86.663 Thread 0x000002489f4887a0 Unloading class 0x00000248a17b8400 'java/lang/invoke/LambdaForm$DMH+0x00000248a17b8400'

Classes redefined (0 events):
No events

Internal exceptions (20 events):
Event: 78.864 Thread 0x00000248c051f3a0 Exception <a 'java/lang/NoSuchMethodError'{0x0000000083d00198}: 'java.lang.Object java.lang.invoke.DirectMethodHandle$Holder.newInvokeSpecial(java.lang.Object, java.lang.Object, java.lang.Object, java.lang.Object, java.lang.Object, java.lang.Object, java.lang.Object, java.lang.Object, java.lang.Object, java.lang.Object, java.lang.Object, java.lang.Object, java.lang.Object, java.lang.Object, java.lang.Object, java.lang.Object)'> (0x0000000083d00198) 
thrown [s\src\hotspot\share\interpreter\linkResolver.cpp,
Event: 78.865 Thread 0x00000248c051f3a0 Exception <a 'java/lang/NoSuchMethodError'{0x0000000083d076b0}: 'java.lang.Object java.lang.invoke.DirectMethodHandle$Holder.invokeSpecial(java.lang.Object, java.lang.Object, java.lang.Object, java.lang.Object, java.lang.Object, java.lang.Object, java.lang.Object, java.lang.Object, java.lang.Object, java.lang.Object, java.lang.Object, java.lang.Object, java.lang.Object, java.lang.Object, java.lang.Object, java.lang.Object, java.lang.Object)'> (0x0000000083d076b0) 
thrown [s\src\hotspot\share\interpreter\li
Event: 78.865 Thread 0x00000248c051f3a0 Exception <a 'java/lang/NoSuchMethodError'{0x0000000083d0dab0}: 'java.lang.Object java.lang.invoke.DelegatingMethodHandle$Holder.reinvoke_L(java.lang.Object, java.lang.Object, java.lang.Object, java.lang.Object, java.lang.Object, java.lang.Object, java.lang.Object, java.lang.Object, java.lang.Object, java.lang.Object, java.lang.Object, java.lang.Object, java.lang.Object, java.lang.Object, java.lang.Object, java.lang.Object)'> (0x0000000083d0dab0) 
thrown [s\src\hotspot\share\interpreter\linkResolver.cpp, l
Event: 79.967 Thread 0x00000248c051f3a0 Exception <a 'java/lang/NoSuchMethodError'{0x00000000864b67b0}: 'java.lang.Object java.lang.invoke.DirectMethodHandle$Holder.newInvokeSpecial(java.lang.Object, java.lang.Object, java.lang.Object, java.lang.Object, java.lang.Object, java.lang.Object, java.lang.Object, java.lang.Object, java.lang.Object, java.lang.Object, java.lang.Object, java.lang.Object, java.lang.Object, java.lang.Object, java.lang.Object, java.lang.Object, java.lang.Object, java.lang.Object, java.lang.Object, java.lang.Object, java.lang
Event: 86.172 Thread 0x00000248c051f3a0 Exception <a 'java/lang/ClassNotFoundException'{0x00000000863a6458}: sun/misc/SharedSecrets> (0x00000000863a6458) 
thrown [s\src\hotspot\share\classfile\systemDictionary.cpp, line 313]
Event: 86.172 Thread 0x00000248c051f3a0 Exception <a 'java/lang/NoClassDefFoundError'{0x00000000863a8500}: com/android/Version> (0x00000000863a8500) 
thrown [s\src\hotspot\share\classfile\systemDictionary.cpp, line 302]
Event: 86.413 Thread 0x00000248c051f3a0 Exception <a 'java/lang/NoSuchMethodError'{0x0000000085387b98}: static Lorg/jetbrains/kotlin/gradle/plugin/internal/DefaultProjectIsolationStartParameterAccessor$Factory;.<clinit>()V> (0x0000000085387b98) 
thrown [s\src\hotspot\share\prims\jni.cpp, line 1111]
Event: 86.423 Thread 0x00000248c051f3a0 Exception <a 'java/lang/NoSuchMethodError'{0x00000000853d40f0}: static Lorg/jetbrains/kotlin/gradle/plugin/internal/DefaultJavaExecTaskParametersCompatibility$Factory;.<clinit>()V> (0x00000000853d40f0) 
thrown [s\src\hotspot\share\prims\jni.cpp, line 1111]
Event: 86.429 Thread 0x00000248c051f3a0 Exception <a 'java/lang/NoSuchMethodError'{0x0000000085207d90}: static Lorg/jetbrains/kotlin/gradle/plugin/internal/DefaultMavenPublicationComponentAccessorFactory;.<clinit>()V> (0x0000000085207d90) 
thrown [s\src\hotspot\share\prims\jni.cpp, line 1111]
Event: 86.439 Thread 0x00000248c051f3a0 Exception <a 'java/lang/NoSuchMethodError'{0x000000008522f6d0}: static Lorg/jetbrains/kotlin/gradle/plugin/diagnostics/ProblemsReporterG811$Factory;.<clinit>()V> (0x000000008522f6d0) 
thrown [s\src\hotspot\share\prims\jni.cpp, line 1111]
Event: 86.442 Thread 0x00000248c051f3a0 Exception <a 'java/lang/NoSuchMethodError'{0x000000008525eed0}: static Lorg/jetbrains/kotlin/gradle/plugin/internal/DefaultCompatibilityConventionRegistrar$Factory;.<clinit>()V> (0x000000008525eed0) 
thrown [s\src\hotspot\share\prims\jni.cpp, line 1111]
Event: 86.446 Thread 0x00000248c051f3a0 Exception <a 'java/lang/NoSuchMethodError'{0x0000000085283f60}: static Lorg/jetbrains/kotlin/gradle/plugin/internal/DefaultConfigurationCacheStartParameterAccessorVariantFactory;.<clinit>()V> (0x0000000085283f60) 
thrown [s\src\hotspot\share\prims\jni.cpp, line 1111]
Event: 86.450 Thread 0x00000248c051f3a0 Exception <a 'java/lang/NoSuchMethodError'{0x000000008528e5a8}: 'void java.lang.invoke.DirectMethodHandle$Holder.invokeSpecial(java.lang.Object, java.lang.Object, java.lang.Object, int)'> (0x000000008528e5a8) 
thrown [s\src\hotspot\share\interpreter\linkResolver.cpp, line 773]
Event: 86.579 Thread 0x00000248c051f3a0 Exception <a 'java/lang/IncompatibleClassChangeError'{0x000000008502f160}: Found class java.lang.Object, but interface was expected> (0x000000008502f160) 
thrown [s\src\hotspot\share\interpreter\linkResolver.cpp, line 840]
Event: 87.143 Thread 0x00000248c051f3a0 Exception <a 'java/lang/NoSuchMethodError'{0x00000000855478e8}: static Ljava/lang/Object;.<clinit>()V> (0x00000000855478e8) 
thrown [s\src\hotspot\share\prims\jni.cpp, line 1111]
Event: 87.147 Thread 0x00000248c051f3a0 Exception <a 'java/lang/NoSuchMethodError'{0x000000008554d5f8}: 'long java.lang.invoke.DirectMethodHandle$Holder.invokeSpecial(java.lang.Object, java.lang.Object)'> (0x000000008554d5f8) 
thrown [s\src\hotspot\share\interpreter\linkResolver.cpp, line 773]
Event: 87.148 Thread 0x00000248c051f3a0 Exception <a 'java/lang/NoSuchMethodError'{0x00000000855527f0}: 'long java.lang.invoke.Invokers$Holder.invokeExact_MT(java.lang.Object, java.lang.Object)'> (0x00000000855527f0) 
thrown [s\src\hotspot\share\interpreter\linkResolver.cpp, line 773]
Event: 87.186 Thread 0x00000248c051f3a0 Exception <a 'java/lang/NoSuchMethodError'{0x0000000085474970}: static Lorg/jetbrains/kotlin/gradle/plugin/statistics/MetricContainer;.<clinit>()V> (0x0000000085474970) 
thrown [s\src\hotspot\share\prims\jni.cpp, line 1111]
Event: 87.352 Thread 0x00000248c051f3a0 Implicit null exception at 0x000002489209dc5d to 0x000002489209e168
Event: 87.352 Thread 0x00000248c051f3a0 Implicit null exception at 0x000002489209e9df to 0x000002489209eecc

ZGC Phase Switch (0 events):
No events

VM Operations (20 events):
Event: 81.891 Executing safepoint VM operation: Cleanup
Event: 81.891 Executing safepoint VM operation: Cleanup done
Event: 84.913 Executing safepoint VM operation: Cleanup
Event: 84.913 Executing safepoint VM operation: Cleanup done
Event: 85.919 Executing safepoint VM operation: Cleanup
Event: 85.919 Executing safepoint VM operation: Cleanup done
Event: 86.006 Executing safepoint VM operation: G1CollectForAllocation (G1 Evacuation Pause)
Event: 86.016 Executing safepoint VM operation: G1CollectForAllocation (G1 Evacuation Pause) done
Event: 86.089 Executing non-safepoint VM operation: HandshakeAllThreads (Deoptimize)
Event: 86.090 Executing non-safepoint VM operation: HandshakeAllThreads (Deoptimize) done
Event: 86.614 Executing safepoint VM operation: CollectForMetadataAllocation (Metadata GC Threshold)
Event: 86.622 Executing safepoint VM operation: CollectForMetadataAllocation (Metadata GC Threshold) done
Event: 86.663 Executing safepoint VM operation: G1PauseRemark
Event: 86.717 Executing safepoint VM operation: G1PauseRemark done
Event: 86.736 Executing safepoint VM operation: G1PauseCleanup
Event: 86.736 Executing safepoint VM operation: G1PauseCleanup done
Event: 87.737 Executing safepoint VM operation: Cleanup
Event: 87.737 Executing safepoint VM operation: Cleanup done
Event: 88.415 Executing safepoint VM operation: G1CollectForAllocation (G1 Evacuation Pause)
Event: 88.421 Executing safepoint VM operation: G1CollectForAllocation (G1 Evacuation Pause) done

Memory protections (0 events):
No events

Nmethod flushes (20 events):
Event: 86.714 Thread 0x000002489f4887a0 flushing  nmethod 0x0000024889d4fb90
Event: 86.714 Thread 0x000002489f4887a0 flushing  nmethod 0x0000024889e9e690
Event: 86.714 Thread 0x000002489f4887a0 flushing  nmethod 0x0000024889e9fd10
Event: 86.714 Thread 0x000002489f4887a0 flushing  nmethod 0x0000024889ea8290
Event: 86.714 Thread 0x000002489f4887a0 flushing  nmethod 0x0000024889ee1610
Event: 86.714 Thread 0x000002489f4887a0 flushing  nmethod 0x0000024889f2bf10
Event: 86.714 Thread 0x000002489f4887a0 flushing  nmethod 0x000002488a07ee10
Event: 86.714 Thread 0x000002489f4887a0 flushing  nmethod 0x000002488a184190
Event: 86.714 Thread 0x000002489f4887a0 flushing  nmethod 0x000002488a1d5590
Event: 86.714 Thread 0x000002489f4887a0 flushing  nmethod 0x000002488a1f1d90
Event: 86.714 Thread 0x000002489f4887a0 flushing  nmethod 0x000002488a263290
Event: 86.714 Thread 0x000002489f4887a0 flushing  nmethod 0x000002488a263790
Event: 86.714 Thread 0x000002489f4887a0 flushing  nmethod 0x000002488a264290
Event: 86.714 Thread 0x000002489f4887a0 flushing  nmethod 0x000002488a264710
Event: 86.714 Thread 0x000002489f4887a0 flushing  nmethod 0x000002488a2d7110
Event: 86.714 Thread 0x000002489f4887a0 flushing  nmethod 0x000002488a2d7410
Event: 86.714 Thread 0x000002489f4887a0 flushing  nmethod 0x000002488a2d8f90
Event: 86.714 Thread 0x000002489f4887a0 flushing  nmethod 0x000002488a2d9710
Event: 86.714 Thread 0x000002489f4887a0 flushing  nmethod 0x000002488a31f310
Event: 86.714 Thread 0x000002489f4887a0 flushing  nmethod 0x000002488a323590

Events (20 events):
Event: 77.670 Thread 0x00000248c051f3a0 Thread added: 0x00000248c0fcfcd0
Event: 77.676 Thread 0x00000248c051f3a0 Thread added: 0x00000248c0fcf640
Event: 77.681 Thread 0x00000248c051f3a0 Thread added: 0x00000248c0fd09f0
Event: 77.685 Thread 0x00000248c051f3a0 Thread added: 0x00000248c0fd0360
Event: 77.690 Thread 0x00000248c051f3a0 Thread added: 0x00000248c0fcdc00
Event: 77.691 Thread 0x00000248c051f3a0 Thread added: 0x00000248c0e557c0
Event: 77.692 Thread 0x00000248c051f3a0 Thread added: 0x00000248c0e53d80
Event: 78.270 Thread 0x00000248c051f3a0 Thread added: 0x00000248c0e55e50
Event: 78.272 Thread 0x00000248c051f3a0 Thread added: 0x00000248c0e57200
Event: 78.273 Thread 0x00000248c051f3a0 Thread added: 0x00000248c0e564e0
Event: 78.274 Thread 0x00000248c051f3a0 Thread added: 0x00000248c0e56b70
Event: 78.276 Thread 0x00000248c051f3a0 Thread added: 0x00000248c0e57890
Event: 78.277 Thread 0x00000248c051f3a0 Thread added: 0x00000248c0e54410
Event: 78.278 Thread 0x00000248c051f3a0 Thread added: 0x00000248c0e57f20
Event: 78.279 Thread 0x00000248c051f3a0 Thread added: 0x00000248c0e54aa0
Event: 78.280 Thread 0x00000248c051f3a0 Thread added: 0x00000248c0e585b0
Event: 78.281 Thread 0x00000248c051f3a0 Thread added: 0x00000248c0e55130
Event: 78.282 Thread 0x00000248c051f3a0 Thread added: 0x00000248c0e592d0
Event: 79.221 Thread 0x00000248c051f3a0 Thread added: 0x00000248c0e5a680
Event: 87.258 Thread 0x00000248c051f3a0 Thread added: 0x00000248c0e59960


Dynamic libraries:
0x00007ff7a95b0000 - 0x00007ff7a95be000 	C:\Users\user5\.vscode\extensions\redhat.java-1.56.0-win32-x64\jre\21.0.12.1-win32-x86_64\bin\java.exe
0x00007ff8236e0000 - 0x00007ff823947000 	C:\WINDOWS\SYSTEM32\ntdll.dll
0x00007ff822840000 - 0x00007ff82290b000 	C:\WINDOWS\System32\KERNEL32.DLL
0x00007ff820b10000 - 0x00007ff820f12000 	C:\WINDOWS\System32\KERNELBASE.dll
0x00007ff8212a0000 - 0x00007ff8213ec000 	C:\WINDOWS\System32\ucrtbase.dll
0x00007ff813580000 - 0x00007ff81359e000 	C:\Users\user5\.vscode\extensions\redhat.java-1.56.0-win32-x64\jre\21.0.12.1-win32-x86_64\bin\VCRUNTIME140.dll
0x00007ff810520000 - 0x00007ff810538000 	C:\Users\user5\.vscode\extensions\redhat.java-1.56.0-win32-x64\jre\21.0.12.1-win32-x86_64\bin\jli.dll
0x00007ff822450000 - 0x00007ff82261f000 	C:\WINDOWS\System32\USER32.dll
0x00007ff800850000 - 0x00007ff800ae0000 	C:\WINDOWS\WinSxS\amd64_microsoft.windows.common-controls_6595b64144ccf1df_6.0.26100.9278_none_3e0d1ba8e3303201\COMCTL32.dll
0x00007ff820f20000 - 0x00007ff820f47000 	C:\WINDOWS\System32\win32u.dll
0x00007ff822760000 - 0x00007ff82278b000 	C:\WINDOWS\System32\GDI32.dll
0x00007ff820f50000 - 0x00007ff821079000 	C:\WINDOWS\System32\gdi32full.dll
0x00007ff822910000 - 0x00007ff8229b9000 	C:\WINDOWS\System32\msvcrt.dll
0x00007ff820a60000 - 0x00007ff820b03000 	C:\WINDOWS\System32\msvcp_win.dll
0x00007ff821400000 - 0x00007ff821431000 	C:\WINDOWS\System32\IMM32.DLL
0x00007ff818840000 - 0x00007ff81884c000 	C:\Users\user5\.vscode\extensions\redhat.java-1.56.0-win32-x64\jre\21.0.12.1-win32-x86_64\bin\vcruntime140_1.dll
0x00007fffefad0000 - 0x00007fffefb5d000 	C:\Users\user5\.vscode\extensions\redhat.java-1.56.0-win32-x64\jre\21.0.12.1-win32-x86_64\bin\msvcp140.dll
0x00007fff950e0000 - 0x00007fff95e82000 	C:\Users\user5\.vscode\extensions\redhat.java-1.56.0-win32-x64\jre\21.0.12.1-win32-x86_64\bin\server\jvm.dll
0x00007ff822680000 - 0x00007ff82273c000 	C:\WINDOWS\System32\ADVAPI32.dll
0x00007ff8234d0000 - 0x00007ff823579000 	C:\WINDOWS\System32\sechost.dll
0x00007ff823580000 - 0x00007ff823698000 	C:\WINDOWS\System32\RPCRT4.dll
0x00007ff8227b0000 - 0x00007ff822830000 	C:\WINDOWS\System32\WS2_32.dll
0x00007ff81ffb0000 - 0x00007ff82000e000 	C:\WINDOWS\SYSTEM32\POWRPROF.dll
0x00007ff80c220000 - 0x00007ff80c256000 	C:\WINDOWS\SYSTEM32\WINMM.dll
0x00007ff8142c0000 - 0x00007ff8142cb000 	C:\WINDOWS\SYSTEM32\VERSION.dll
0x00007ff81ff70000 - 0x00007ff81ff85000 	C:\WINDOWS\SYSTEM32\UMPDC.dll
0x00007ff81f5b0000 - 0x00007ff81f5cb000 	C:\WINDOWS\SYSTEM32\kernel.appcore.dll
0x00007ff816440000 - 0x00007ff81644a000 	C:\Users\user5\.vscode\extensions\redhat.java-1.56.0-win32-x64\jre\21.0.12.1-win32-x86_64\bin\jimage.dll
0x00007ff81de40000 - 0x00007ff81e08c000 	C:\WINDOWS\SYSTEM32\DBGHELP.DLL
0x00007ff8215c0000 - 0x00007ff821945000 	C:\WINDOWS\System32\combase.dll
0x00007ff821950000 - 0x00007ff821a29000 	C:\WINDOWS\System32\OLEAUT32.dll
0x00007ffff9420000 - 0x00007ffff945b000 	C:\WINDOWS\SYSTEM32\dbgcore.DLL
0x00007ff8208e0000 - 0x00007ff82098c000 	C:\WINDOWS\System32\bcryptPrimitives.dll
0x00007ff804240000 - 0x00007ff80424f000 	C:\Users\user5\.vscode\extensions\redhat.java-1.56.0-win32-x64\jre\21.0.12.1-win32-x86_64\bin\instrument.dll
0x00007ff801b30000 - 0x00007ff801b50000 	C:\Users\user5\.vscode\extensions\redhat.java-1.56.0-win32-x64\jre\21.0.12.1-win32-x86_64\bin\java.dll
0x00007ff822d30000 - 0x00007ff8234c8000 	C:\WINDOWS\System32\SHELL32.dll
0x00007ff81e340000 - 0x00007ff81ebee000 	C:\WINDOWS\SYSTEM32\windows.storage.dll
0x00007ff822b30000 - 0x00007ff822c2b000 	C:\WINDOWS\System32\SHCORE.dll
0x00007ff822ac0000 - 0x00007ff822b26000 	C:\WINDOWS\System32\shlwapi.dll
0x00007ff820800000 - 0x00007ff820829000 	C:\WINDOWS\SYSTEM32\profapi.dll
0x00007ffffca20000 - 0x00007ffffca38000 	C:\Users\user5\.vscode\extensions\redhat.java-1.56.0-win32-x64\jre\21.0.12.1-win32-x86_64\bin\zip.dll
0x00007ff8047d0000 - 0x00007ff8047e0000 	C:\Users\user5\.vscode\extensions\redhat.java-1.56.0-win32-x64\jre\21.0.12.1-win32-x86_64\bin\net.dll
0x00007ff816de0000 - 0x00007ff816f0a000 	C:\WINDOWS\SYSTEM32\WINHTTP.dll
0x00007ff81fbe0000 - 0x00007ff81fc4c000 	C:\WINDOWS\system32\mswsock.dll
0x00007ffffc410000 - 0x00007ffffc426000 	C:\Users\user5\.vscode\extensions\redhat.java-1.56.0-win32-x64\jre\21.0.12.1-win32-x86_64\bin\nio.dll
0x00007ff8039a0000 - 0x00007ff8039b0000 	C:\Users\user5\.vscode\extensions\redhat.java-1.56.0-win32-x64\jre\21.0.12.1-win32-x86_64\bin\verify.dll
0x00007ffffbfd0000 - 0x00007ffffbff7000 	D:\gradle_cache\native\1def1411415f61bf3af743bc5b6707747c0891f09f0c88961ee8f79bc544acac\windows-amd64\native-platform.dll
0x000000006bd40000 - 0x000000006bdb3000 	D:\gradle_cache\native\0.2.5\x86_64-windows-gnu\gradle-fileevents.dll
0x00007ff8163f0000 - 0x00007ff8163fa000 	C:\Users\user5\.vscode\extensions\redhat.java-1.56.0-win32-x64\jre\21.0.12.1-win32-x86_64\bin\management.dll
0x00007ff8163e0000 - 0x00007ff8163ec000 	C:\Users\user5\.vscode\extensions\redhat.java-1.56.0-win32-x64\jre\21.0.12.1-win32-x86_64\bin\management_ext.dll
0x00007ff822440000 - 0x00007ff822448000 	C:\WINDOWS\System32\PSAPI.DLL
0x00007ff81fef0000 - 0x00007ff81ff0b000 	C:\WINDOWS\SYSTEM32\CRYPTSP.dll
0x00007ff81f510000 - 0x00007ff81f549000 	C:\WINDOWS\system32\rsaenh.dll
0x00007ff81fc90000 - 0x00007ff81fcc4000 	C:\WINDOWS\SYSTEM32\USERENV.dll
0x00007ff8207d0000 - 0x00007ff8207fa000 	C:\WINDOWS\SYSTEM32\bcrypt.dll
0x00007ff81ff10000 - 0x00007ff81ff1c000 	C:\WINDOWS\SYSTEM32\CRYPTBASE.dll
0x00007ff81efb0000 - 0x00007ff81efe3000 	C:\WINDOWS\SYSTEM32\IPHLPAPI.DLL
0x00007ff822750000 - 0x00007ff82275a000 	C:\WINDOWS\System32\NSI.dll
0x00007ffffce70000 - 0x00007ffffce79000 	C:\Users\user5\.vscode\extensions\redhat.java-1.56.0-win32-x64\jre\21.0.12.1-win32-x86_64\bin\extnet.dll
0x00007ffffa2f0000 - 0x00007ffffa2fe000 	C:\Users\user5\.vscode\extensions\redhat.java-1.56.0-win32-x64\jre\21.0.12.1-win32-x86_64\bin\sunmscapi.dll
0x00007ff821080000 - 0x00007ff8211fe000 	C:\WINDOWS\System32\CRYPT32.dll
0x00007ff8201c0000 - 0x00007ff8201f0000 	C:\WINDOWS\SYSTEM32\ncrypt.dll
0x00007ff820170000 - 0x00007ff8201af000 	C:\WINDOWS\SYSTEM32\NTASN1.dll
0x00007ff813c90000 - 0x00007ff813c98000 	C:\WINDOWS\system32\wshunix.dll
0x000000006b310000 - 0x000000006b383000 	D:\temp\native-platform10470928122429015159dir\gradle-fileevents.dll

JVMTI agents:
D:\gradle_cache\wrapper\dists\gradle-8.12-all\ejduaidbjup3bmmkhw3rie4zb\gradle-8.12\lib\agents\gradle-instrumentation-agent-8.12.jar path:C:\Users\user5\.vscode\extensions\redhat.java-1.56.0-win32-x64\jre\21.0.12.1-win32-x86_64\bin\instrument.dll, loaded, initialized, instrumentlib options:none

dbghelp: loaded successfully - version: 4.0.5 - missing functions: none
symbol engine: initialized successfully - sym options: 0x614 - pdb path: .;C:\Users\user5\.vscode\extensions\redhat.java-1.56.0-win32-x64\jre\21.0.12.1-win32-x86_64\bin;C:\WINDOWS\SYSTEM32;C:\WINDOWS\WinSxS\amd64_microsoft.windows.common-controls_6595b64144ccf1df_6.0.26100.9278_none_3e0d1ba8e3303201;C:\Users\user5\.vscode\extensions\redhat.java-1.56.0-win32-x64\jre\21.0.12.1-win32-x86_64\bin\server;D:\gradle_cache\native\1def1411415f61bf3af743bc5b6707747c0891f09f0c88961ee8f79bc544acac\windows-amd64;D:\gradle_cache\native\0.2.5\x86_64-windows-gnu;D:\temp\native-platform10470928122429015159dir

VM Arguments:
jvm_args: --add-opens=java.base/java.lang=ALL-UNNAMED --add-opens=java.base/java.lang.invoke=ALL-UNNAMED --add-opens=java.base/java.util=ALL-UNNAMED --add-opens=java.prefs/java.util.prefs=ALL-UNNAMED --add-exports=jdk.compiler/com.sun.tools.javac.api=ALL-UNNAMED --add-exports=jdk.compiler/com.sun.tools.javac.util=ALL-UNNAMED --add-opens=java.base/java.util=ALL-UNNAMED --add-opens=java.prefs/java.util.prefs=ALL-UNNAMED --add-opens=java.base/java.nio.charset=ALL-UNNAMED --add-opens=java.base/java.net=ALL-UNNAMED --add-opens=java.base/java.util.concurrent.atomic=ALL-UNNAMED --add-opens=java.xml/javax.xml.namespace=ALL-UNNAMED -XX:MaxMetaspaceSize=512m -XX:ReservedCodeCacheSize=256m -XX:+HeapDumpOnOutOfMemoryError -Xmx2G -Dfile.encoding=UTF-8 -Duser.country=IN -Duser.language=en -Duser.variant -javaagent:D:\gradle_cache\wrapper\dists\gradle-8.12-all\ejduaidbjup3bmmkhw3rie4zb\gradle-8.12\lib\agents\gradle-instrumentation-agent-8.12.jar 
java_command: org.gradle.launcher.daemon.bootstrap.GradleDaemon 8.12
java_class_path (initial): D:\gradle_cache\wrapper\dists\gradle-8.12-all\ejduaidbjup3bmmkhw3rie4zb\gradle-8.12\lib\gradle-daemon-main-8.12.jar
Launcher Type: SUN_STANDARD

[Global flags]
     intx CICompilerCount                          = 4                                         {product} {ergonomic}
   size_t CompressedClassSpaceSize                 = 436207616                                 {product} {ergonomic}
     uint ConcGCThreads                            = 3                                         {product} {ergonomic}
     uint G1ConcRefinementThreads                  = 10                                        {product} {ergonomic}
   size_t G1HeapRegionSize                         = 1048576                                   {product} {ergonomic}
    uintx GCDrainStackTargetSize                   = 64                                        {product} {ergonomic}
     bool HeapDumpOnOutOfMemoryError               = true                                   {manageable} {command line}
   size_t InitialHeapSize                          = 130023424                                 {product} {ergonomic}
   size_t MarkStackSize                            = 4194304                                   {product} {ergonomic}
   size_t MaxHeapSize                              = 2147483648                                {product} {command line}
   size_t MaxMetaspaceSize                         = 536870912                                 {product} {command line}
   size_t MaxNewSize                               = 1287651328                                {product} {ergonomic}
   size_t MinHeapDeltaBytes                        = 1048576                                   {product} {ergonomic}
   size_t MinHeapSize                              = 8388608                                   {product} {ergonomic}
    uintx NonNMethodCodeHeapSize                   = 5839372                                {pd product} {ergonomic}
    uintx NonProfiledCodeHeapSize                  = 131298042                              {pd product} {ergonomic}
    uintx ProfiledCodeHeapSize                     = 131298042                              {pd product} {ergonomic}
    uintx ReservedCodeCacheSize                    = 268435456                              {pd product} {command line}
     bool SegmentedCodeCache                       = true                                      {product} {ergonomic}
   size_t SoftMaxHeapSize                          = 2147483648                             {manageable} {ergonomic}
     bool UseCompressedOops                        = true                           {product lp64_product} {ergonomic}
     bool UseG1GC                                  = true                                      {product} {ergonomic}
     bool UseLargePagesIndividualAllocation        = false                                  {pd product} {ergonomic}

Logging:
Log output configuration:
 #0: stdout all=warning uptime,level,tags foldmultilines=false
 #1: stderr all=off uptime,level,tags foldmultilines=false

Release file:
JAVA_VERSION="21.0.12.1" 
MODULES="java.base java.compiler java.datatransfer java.xml java.prefs java.desktop java.instrument java.logging java.management java.security.sasl java.naming java.rmi java.management.rmi java.net.http java.scripting java.security.jgss java.transaction.xa java.sql java.sql.rowset java.xml.crypto java.se java.smartcardio jdk.accessibility jdk.internal.jvmstat jdk.attach jdk.charsets jdk.internal.opt jdk.zipfs jdk.compiler jdk.crypto.ec jdk.crypto.cryptoki jdk.crypto.mscapi jdk.dynalink jdk.internal.ed jdk.editpad jdk.hotspot.agent jdk.httpserver jdk.internal.le jdk.internal.vm.ci jdk.internal.vm.compiler jdk.internal.vm.compiler.management jdk.jartool jdk.javadoc jdk.jcmd jdk.management jdk.management.agent jdk.jconsole jdk.jdeps jdk.jdwp.agent jdk.jdi jdk.jfr jdk.jshell jdk.jsobject jdk.jstatd jdk.localedata jdk.management.jfr jdk.naming.dns jdk.naming.rmi jdk.net jdk.nio.mapmode jdk.random jdk.sctp jdk.security.auth jdk.security.jgss jdk.unsupported jdk.unsupported.desktop jdk.xml.dom" 

Environment Variables:
PATH=C:\Program Files\Common Files\Oracle\Java\javapath;C:\windows\system32;C:\windows;C:\windows\System32\Wbem;C:\windows\System32\WindowsPowerShell\v1.0\;C:\windows\System32\OpenSSH\;C:\Program Files (x86)\NVIDIA Corporation\PhysX\Common;C:\Program Files\NVIDIA Corporation\NVIDIA NvDLISR;C:\Users\Administrator\AppData\Local\Microsoft\WindowsApps;C:\Program Files\HP\OMEN-Broadcast\Common;C:\WINDOWS\system32;C:\WINDOWS;C:\WINDOWS\System32\Wbem;C:\WINDOWS\System32\WindowsPowerShell\v1.0\;C:\WINDOWS\System32\OpenSSH\;C:\src\flutter\bin;C:\Users\user5\AppData\Local\Android\Sdk\platform-tools;C:\Program Files\MySQL\MySQL Server 8.0\bin;C:\Program Files\Git\cmd;C:\Program Files\Git\mingw64\bin;C:\src\flutter\bin;C:\Program Files\Git\usr\bin;C:\Program Files\nodejs\;C:\Program Files\MySQL\MySQL Shell 8.0\bin\;C:\Users\user5\AppData\Local\Microsoft\WindowsApps;C:\Users\user5\AppData\Local\Programs\Microsoft VS Code\bin;C:\MinGW\bin;C:\Program Files\JetBrains\IntelliJ IDEA Community Edition 2025.1.1.1\bin;C:\Program Files\Git\cmd;;C:\Users\user5\AppData\Local\Programs\Antigravity IDE\bin;C:\Users\user5\AppData\Roaming\npm
USERNAME=User
OS=Windows_NT
PROCESSOR_IDENTIFIER=Intel64 Family 6 Model 154 Stepping 3, GenuineIntel
TMP=D:\temp
TEMP=D:\temp




Periodic native trim disabled

---------------  S Y S T E M  ---------------

OS:
 Windows 11 , 64 bit Build 26100 (10.0.26100.9444)
OS uptime: 0 days 4:05 hours
Hyper-V role detected

CPU: total 12 (initial active 12) (6 cores per cpu, 2 threads per core) family 6 model 154 stepping 3 microcode 0x435, cx8, cmov, fxsr, ht, mmx, 3dnowpref, sse, sse2, sse3, ssse3, sse4.1, sse4.2, popcnt, lzcnt, tsc, tscinvbit, avx, avx2, aes, erms, clmul, bmi1, bmi2, adx, sha, fma, vzeroupper, clflush, clflushopt, clwb, hv, serialize, rdtscp, rdpid, fsrm, f16c, cet_ibt, cet_ss
Processor Information for processor 0
  Max Mhz: 2000, Current Mhz: 2000, Mhz Limit: 2000
Processor Information for processor 1
  Max Mhz: 2000, Current Mhz: 2000, Mhz Limit: 2000
Processor Information for processor 2
  Max Mhz: 2000, Current Mhz: 2000, Mhz Limit: 2000
Processor Information for processor 3
  Max Mhz: 2000, Current Mhz: 2000, Mhz Limit: 2000
Processor Information for processor 4
  Max Mhz: 2000, Current Mhz: 2000, Mhz Limit: 2000
Processor Information for processor 5
  Max Mhz: 2000, Current Mhz: 2000, Mhz Limit: 2000
Processor Information for processor 6
  Max Mhz: 2000, Current Mhz: 1520, Mhz Limit: 2000
Processor Information for processor 7
  Max Mhz: 2000, Current Mhz: 1520, Mhz Limit: 2000
Processor Information for processor 8
  Max Mhz: 2000, Current Mhz: 1466, Mhz Limit: 2000
Processor Information for processor 9
  Max Mhz: 2000, Current Mhz: 1466, Mhz Limit: 2000
Processor Information for processor 10
  Max Mhz: 2000, Current Mhz: 2000, Mhz Limit: 2000
Processor Information for processor 11
  Max Mhz: 2000, Current Mhz: 1466, Mhz Limit: 2000

Memory: 4k page, system-wide physical 7832M (203M free)
TotalPageFile size 28210M (AvailPageFile size 0M)
current process WorkingSet (physical memory assigned to process): 241M, peak: 241M
current process commit charge ("private bytes"): 327M, peak: 328M

vm_info: OpenJDK 64-Bit Server VM (21.0.12.1+1-LTS) for windows-amd64 JRE (21.0.12.1+1-LTS), built on 2026-08-18T00:00:00Z by "admin" with MS VC++ 17.12 (VS2022)

END.
